sim_time,wall_time,state,joint,desired_position,actual_position,position_error,desired_velocity,actual_velocity,velocity_error,command_age,base_velocity,base_yaw_rate,base_acceleration,base_yaw_acceleration,drive_effort,estimated_saturated,panel_bottom,panel_width_world_x,panel_length_world_z,base_tilt_degrees,panel_penetration_m,overlap_buffer_full,base_x,base_z,physics_ticks,accepted_commands,rejected_commands,robot_min_x,robot_max_x,robot_min_z,robot_max_z
39.979985834750565,31616.4742493,HOLD,shoulder_pan_joint,1.5707963267948966,1.572137713432312,-0.0013413866374154537,0,-0.0035018296912312508,0.0035018296912312508,0.03199049999966519,0.00076882814755663276,0.00055970204994082451,0,0,-0.3936215341091156,0,0.71387028694152832,0.15870285034179688,1.2014312744140625,0,0,0,10.603620529174805,14.60487174987793,2000,1029,0,10.205455780029297,11.001781463623047,14.066289901733398,15.267721176147461
39.979985834750565,31616.4742893,HOLD,shoulder_lift_joint,0,0.005562562495470047,-0.005562562495470047,0,-0.011495978571474552,0.011495978571474552,0.0320242000016151,0.00076882814755663276,0.00055970204994082451,0,0,-10.051270484924316,0,0.71387028694152832,0.15870285034179688,1.2014312744140625,0,0,0,10.603620529174805,14.60487174987793,2000,1029,0,10.205455780029297,11.001781463623047,14.066289901733398,15.267721176147461
39.979985834750565,31616.4743226,HOLD,elbow_joint,0,0.0018307383870705962,-0.0018307383870705962,0,0.0073030814528465271,-0.0073030814528465271,0.032055700001365039,0.00076882814755663276,0.00055970204994082451,0,0,-9.74692153930664,0,0.71387028694152832,0.15870285034179688,1.2014312744140625,0,0,0,10.603620529174805,14.60487174987793,2000,1029,0,10.205455780029297,11.001781463623047,14.066289901733398,15.267721176147461
39.979985834750565,31616.4743504,HOLD,wrist_1_joint,0,-0.00028456645668484271,0.00028456645668484271,0,0.0011646593920886517,-0.0011646593920886517,0.032083699999930104,0.00076882814755663276,0.00055970204994082451,0,0,0.092827640473842621,0,0.71387028694152832,0.15870285034179688,1.2014312744140625,0,0,0,10.603620529174805,14.60487174987793,2000,1029,0,10.205455780029297,11.001781463623047,14.066289901733398,15.267721176147461
39.979985834750565,31616.4743772,HOLD,wrist_2_joint,1.5707963267948966,1.5856122970581055,-0.014815970263208911,0,0.0013901625061407685,-0.0013901625061407685,0.032111799999256618,0.00076882814755663276,0.00055970204994082451,0,0,-9.6359472274780273,0,0.71387028694152832,0.15870285034179688,1.2014312744140625,0,0,0,10.603620529174805,14.60487174987793,2000,1029,0,10.205455780029297,11.001781463623047,14.066289901733398,15.267721176147461
39.979985834750565,31616.4744042,HOLD,wrist_3_joint,0,-0.00010253099026158452,0.00010253099026158452,0,1.6773265087977052E-05,-1.6773265087977052E-05,0.03213790000154404,0.00076882814755663276,0.00055970204994082451,0,0,0.028135370463132858,0,0.71387028694152832,0.15870285034179688,1.2014312744140625,0,0,0,10.603620529174805,14.60487174987793,2000,1029,0,10.205455780029297,11.001781463623047,14.066289901733398,15.267721176147461
39.999985827664396,31616.49225,HOLD,shoulder_pan_joint,1.5707963267948966,1.572137713432312,-0.0013413866374154537,0,-0.0035018296912312508,0.0035018296912312508,0.00392199999987497,0.00076882814755663276,0.00055970204994082451,0,0,-0.3936215341091156,0,0.71387028694152832,0.15870285034179688,1.2014312744140625,0,0,0,10.603620529174805,14.60487174987793,2001,1030,0,10.205455780029297,11.001781463623047,14.066289901733398,15.267721176147461
39.999985827664396,31616.4922925,HOLD,shoulder_lift_joint,0,0.005562562495470047,-0.005562562495470047,0,-0.011495978571474552,0.011495978571474552,0.0039579000003868714,0.00076882814755663276,0.00055970204994082451,0,0,-10.051270484924316,0,0.71387028694152832,0.15870285034179688,1.2014312744140625,0,0,0,10.603620529174805,14.60487174987793,2001,1030,0,10.205455780029297,11.001781463623047,14.066289901733398,15.267721176147461
39.999985827664396,31616.4923252,HOLD,elbow_joint,0,0.0018307383870705962,-0.0018307383870705962,0,0.0073030814528465271,-0.0073030814528465271,0.0039920999988680705,0.00076882814755663276,0.00055970204994082451,0,0,-9.74692153930664,0,0.71387028694152832,0.15870285034179688,1.2014312744140625,0,0,0,10.603620529174805,14.60487174987793,2001,1030,0,10.205455780029297,11.001781463623047,14.066289901733398,15.267721176147461
39.999985827664396,31616.4923567,HOLD,wrist_1_joint,0,-0.00028456645668484271,0.00028456645668484271,0,0.0011646593920886517,-0.0011646593920886517,0.0040220000009867363,0.00076882814755663276,0.00055970204994082451,0,0,0.092827640473842621,0,0.71387028694152832,0.15870285034179688,1.2014312744140625,0,0,0,10.603620529174805,14.60487174987793,2001,1030,0,10.205455780029297,11.001781463623047,14.066289901733398,15.267721176147461
39.999985827664396,31616.4923867,HOLD,wrist_2_joint,1.5707963267948966,1.5856122970581055,-0.014815970263208911,0,0.0013901625061407685,-0.0013901625061407685,0.0040530000005674083,0.00076882814755663276,0.00055970204994082451,0,0,-9.6359472274780273,0,0.71387028694152832,0.15870285034179688,1.2014312744140625,0,0,0,10.603620529174805,14.60487174987793,2001,1030,0,10.205455780029297,11.001781463623047,14.066289901733398,15.267721176147461
39.999985827664396,31616.4924602,HOLD,wrist_3_joint,0,-0.00010253099026158452,0.00010253099026158452,0,1.6773265087977052E-05,-1.6773265087977052E-05,0.0041264999999839347,0.00076882814755663276,0.00055970204994082451,0,0,0.028135370463132858,0,0.71387028694152832,0.15870285034179688,1.2014312744140625,0,0,0,10.603620529174805,14.60487174987793,2001,1030,0,10.205455780029297,11.001781463623047,14.066289901733398,15.267721176147461
40.019985820578228,31616.5118602,HOLD,shoulder_pan_joint,1.5707963267948966,1.572137713432312,-0.0013413866374154537,0,-0.0035018296912312508,0.0035018296912312508,0.014789000000746455,0.00076882814755663276,0.00055970204994082451,0,0,-0.3936215341091156,0,0.71387028694152832,0.15870285034179688,1.2014312744140625,0,0,0,10.603620529174805,14.60487174987793,2002,1031,0,10.205455780029297,11.001781463623047,14.066289901733398,15.267721176147461
40.019985820578228,31616.5119002,HOLD,shoulder_lift_joint,0,0.005562562495470047,-0.005562562495470047,0,-0.011495978571474552,0.011495978571474552,0.014823400000750553,0.00076882814755663276,0.00055970204994082451,0,0,-10.051270484924316,0,0.71387028694152832,0.15870285034179688,1.2014312744140625,0,0,0,10.603620529174805,14.60487174987793,2002,1031,0,10.205455780029297,11.001781463623047,14.066289901733398,15.267721176147461
40.019985820578228,31616.51193,HOLD,elbow_joint,0,0.0018307383870705962,-0.0018307383870705962,0,0.0073030814528465271,-0.0073030814528465271,0.014852000000246335,0.00076882814755663276,0.00055970204994082451,0,0,-9.74692153930664,0,0.71387028694152832,0.15870285034179688,1.2014312744140625,0,0,0,10.603620529174805,14.60487174987793,2002,1031,0,10.205455780029297,11.001781463623047,14.066289901733398,15.267721176147461
40.019985820578228,31616.511958,HOLD,wrist_1_joint,0,-0.00028456645668484271,0.00028456645668484271,0,0.0011646593920886517,-0.0011646593920886517,0.014880599999742117,0.00076882814755663276,0.00055970204994082451,0,0,0.092827640473842621,0,0.71387028694152832,0.15870285034179688,1.2014312744140625,0,0,0,10.603620529174805,14.60487174987793,2002,1031,0,10.205455780029297,11.001781463623047,14.066289901733398,15.267721176147461
40.019985820578228,31616.5119842,HOLD,wrist_2_joint,1.5707963267948966,1.5856122970581055,-0.014815970263208911,0,0.0013901625061407685,-0.0013901625061407685,0.014908699999068631,0.00076882814755663276,0.00055970204994082451,0,0,-9.6359472274780273,0,0.71387028694152832,0.15870285034179688,1.2014312744140625,0,0,0,10.603620529174805,14.60487174987793,2002,1031,0,10.205455780029297,11.001781463623047,14.066289901733398,15.267721176147461
40.019985820578228,31616.5120123,HOLD,wrist_3_joint,0,-0.00010253099026158452,0.00010253099026158452,0,1.6773265087977052E-05,-1.6773265087977052E-05,0.014934999999240972,0.00076882814755663276,0.00055970204994082451,0,0,0.028135370463132858,0,0.71387028694152832,0.15870285034179688,1.2014312744140625,0,0,0,10.603620529174805,14.60487174987793,2002,1031,0,10.205455780029297,11.001781463623047,14.066289901733398,15.267721176147461
40.039985813492059,31616.5330924,HOLD,shoulder_pan_joint,1.5707963267948966,1.572137713432312,-0.0013413866374154537,0,-0.0035018296912312508,0.0035018296912312508,0.0075094999992870726,0.00076882814755663276,0.00055970204994082451,0,0,-0.3936215341091156,0,0.71387028694152832,0.15870285034179688,1.2014312744140625,0,0,0,10.603620529174805,14.60487174987793,2003,1032,0,10.205455780029297,11.001781463623047,14.066289901733398,15.267721176147461
40.039985813492059,31616.5331338,HOLD,shoulder_lift_joint,0,0.005562562495470047,-0.005562562495470047,0,-0.011495978571474552,0.011495978571474552,0.007541700000729179,0.00076882814755663276,0.00055970204994082451,0,0,-10.051270484924316,0,0.71387028694152832,0.15870285034179688,1.2014312744140625,0,0,0,10.603620529174805,14.60487174987793,2003,1032,0,10.205455780029297,11.001781463623047,14.066289901733398,15.267721176147461
40.039985813492059,31616.5331631,HOLD,elbow_joint,0,0.0018307383870705962,-0.0018307383870705962,0,0.0073030814528465271,-0.0073030814528465271,0.0075706999996327795,0.00076882814755663276,0.00055970204994082451,0,0,-9.74692153930664,0,0.71387028694152832,0.15870285034179688,1.2014312744140625,0,0,0,10.603620529174805,14.60487174987793,2003,1032,0,10.205455780029297,11.001781463623047,14.066289901733398,15.267721176147461
40.039985813492059,31616.5332425,HOLD,wrist_1_joint,0,-0.00028456645668484271,0.00028456645668484271,0,0.0011646593920886517,-0.0011646593920886517,0.0076509999998961575,0.00076882814755663276,0.00055970204994082451,0,0,0.092827640473842621,0,0.71387028694152832,0.15870285034179688,1.2014312744140625,0,0,0,10.603620529174805,14.60487174987793,2003,1032,0,10.205455780029297,11.001781463623047,14.066289901733398,15.267721176147461
40.039985813492059,31616.5332729,HOLD,wrist_2_joint,1.5707963267948966,1.5856122970581055,-0.014815970263208911,0,0.0013901625061407685,-0.0013901625061407685,0.0076827000011689961,0.00076882814755663276,0.00055970204994082451,0,0,-9.6359472274780273,0,0.71387028694152832,0.15870285034179688,1.2014312744140625,0,0,0,10.603620529174805,14.60487174987793,2003,1032,0,10.205455780029297,11.001781463623047,14.066289901733398,15.267721176147461
40.039985813492059,31616.5333028,HOLD,wrist_3_joint,0,-0.00010253099026158452,0.00010253099026158452,0,1.6773265087977052E-05,-1.6773265087977052E-05,0.0077133000013418496,0.00076882814755663276,0.00055970204994082451,0,0,0.028135370463132858,0,0.71387028694152832,0.15870285034179688,1.2014312744140625,0,0,0,10.603620529174805,14.60487174987793,2003,1032,0,10.205455780029297,11.001781463623047,14.066289901733398,15.267721176147461
40.059985806405891,31616.551528,HOLD,shoulder_pan_joint,1.5707963267948966,1.572137713432312,-0.0013413866374154537,0,-0.0035018296912312508,0.0035018296912312508,0.0075164000008953735,0.00076882814755663276,0.00055970204994082451,0,0,-0.3936215341091156,0,0.71387028694152832,0.15870285034179688,1.2014312744140625,0,0,0,10.603620529174805,14.60487174987793,2004,1033,0,10.205455780029297,11.001781463623047,14.066289901733398,15.267721176147461
40.059985806405891,31616.5515661,HOLD,shoulder_lift_joint,0,0.005562562495470047,-0.005562562495470047,0,-0.011495978571474552,0.011495978571474552,0.0075479000006453134,0.00076882814755663276,0.00055970204994082451,0,0,-10.051270484924316,0,0.71387028694152832,0.15870285034179688,1.2014312744140625,0,0,0,10.603620529174805,14.60487174987793,2004,1033,0,10.205455780029297,11.001781463623047,14.066289901733398,15.267721176147461
40.059985806405891,31616.5515987,HOLD,elbow_joint,0,0.0018307383870705962,-0.0018307383870705962,0,0.0073030814528465271,-0.0073030814528465271,0.0075799999976879917,0.00076882814755663276,0.00055970204994082451,0,0,-9.74692153930664,0,0.71387028694152832,0.15870285034179688,1.2014312744140625,0,0,0,10.603620529174805,14.60487174987793,2004,1033,0,10.205455780029297,11.001781463623047,14.066289901733398,15.267721176147461
40.059985806405891,31616.5516317,HOLD,wrist_1_joint,0,-0.00028456645668484271,0.00028456645668484271,0,0.0011646593920886517,-0.0011646593920886517,0.0076138000003993511,0.00076882814755663276,0.00055970204994082451,0,0,0.092827640473842621,0,0.71387028694152832,0.15870285034179688,1.2014312744140625,0,0,0,10.603620529174805,14.60487174987793,2004,1033,0,10.205455780029297,11.001781463623047,14.066289901733398,15.267721176147461
40.059985806405891,31616.5516606,HOLD,wrist_2_joint,1.5707963267948966,1.5856122970581055,-0.014815970263208911,0,0.0013901625061407685,-0.0013901625061407685,0.0076439999975264072,0.00076882814755663276,0.00055970204994082451,0,0,-9.6359472274780273,0,0.71387028694152832,0.15870285034179688,1.2014312744140625,0,0,0,10.603620529174805,14.60487174987793,2004,1033,0,10.205455780029297,11.001781463623047,14.066289901733398,15.267721176147461
40.059985806405891,31616.5516882,HOLD,wrist_3_joint,0,-0.00010253099026158452,0.00010253099026158452,0,1.6773265087977052E-05,-1.6773265087977052E-05,0.0076707000007445458,0.00076882814755663276,0.00055970204994082451,0,0,0.028135370463132858,0,0.71387028694152832,0.15870285034179688,1.2014312744140625,0,0,0,10.603620529174805,14.60487174987793,2004,1033,0,10.205455780029297,11.001781463623047,14.066289901733398,15.267721176147461
40.079985799319729,31616.572651,HOLD,shoulder_pan_joint,1.5707963267948966,1.572137713432312,-0.0013413866374154537,0,-0.0035018296912312508,0.0035018296912312508,0.028641500000958331,0.00076882814755663276,0.00055970204994082451,0,0,-0.3936215341091156,0,0.71387028694152832,0.15870285034179688,1.2014312744140625,0,0,0,10.603620529174805,14.60487174987793,2005,1033,0,10.205455780029297,11.001781463623047,14.066289901733398,15.267721176147461
40.079985799319729,31616.5727037,HOLD,shoulder_lift_joint,0,0.005562562495470047,-0.005562562495470047,0,-0.011495978571474552,0.011495978571474552,0.028689499999018153,0.00076882814755663276,0.00055970204994082451,0,0,-10.051270484924316,0,0.71387028694152832,0.15870285034179688,1.2014312744140625,0,0,0,10.603620529174805,14.60487174987793,2005,1033,0,10.205455780029297,11.001781463623047,14.066289901733398,15.267721176147461
40.079985799319729,31616.5727484,HOLD,elbow_joint,0,0.0018307383870705962,-0.0018307383870705962,0,0.0073030814528465271,-0.0073030814528465271,0.02873379999800818,0.00076882814755663276,0.00055970204994082451,0,0,-9.74692153930664,0,0.71387028694152832,0.15870285034179688,1.2014312744140625,0,0,0,10.603620529174805,14.60487174987793,2005,1033,0,10.205455780029297,11.001781463623047,14.066289901733398,15.267721176147461
40.079985799319729,31616.5727919,HOLD,wrist_1_joint,0,-0.00028456645668484271,0.00028456645668484271,0,0.0011646593920886517,-0.0011646593920886517,0.028775700000551296,0.00076882814755663276,0.00055970204994082451,0,0,0.092827640473842621,0,0.71387028694152832,0.15870285034179688,1.2014312744140625,0,0,0,10.603620529174805,14.60487174987793,2005,1033,0,10.205455780029297,11.001781463623047,14.066289901733398,15.267721176147461
40.079985799319729,31616.5728263,HOLD,wrist_2_joint,1.5707963267948966,1.5856122970581055,-0.014815970263208911,0,0.0013901625061407685,-0.0013901625061407685,0.02881110000089393,0.00076882814755663276,0.00055970204994082451,0,0,-9.6359472274780273,0,0.71387028694152832,0.15870285034179688,1.2014312744140625,0,0,0,10.603620529174805,14.60487174987793,2005,1033,0,10.205455780029297,11.001781463623047,14.066289901733398,15.267721176147461
40.079985799319729,31616.5728613,HOLD,wrist_3_joint,0,-0.00010253099026158452,0.00010253099026158452,0,1.6773265087977052E-05,-1.6773265087977052E-05,0.0288455999980215,0.00076882814755663276,0.00055970204994082451,0,0,0.028135370463132858,0,0.71387028694152832,0.15870285034179688,1.2014312744140625,0,0,0,10.603620529174805,14.60487174987793,2005,1033,0,10.205455780029297,11.001781463623047,14.066289901733398,15.267721176147461
40.099985792233561,31616.5924426,HOLD,shoulder_pan_joint,1.5707963267948966,1.572137713432312,-0.0013413866374154537,0,-0.0035018296912312508,0.0035018296912312508,0.0039282000034290832,0.00076882814755663276,0.00055970204994082451,0,0,-0.3936215341091156,0,0.71387028694152832,0.15870285034179688,1.2014312744140625,0,0,0,10.603620529174805,14.60487174987793,2006,1034,0,10.205455780029297,11.001781463623047,14.066289901733398,15.267721176147461
40.099985792233561,31616.5924881,HOLD,shoulder_lift_joint,0,0.005562562495470047,-0.005562562495470047,0,-0.011495978571474552,0.011495978571474552,0.0039641000003030058,0.00076882814755663276,0.00055970204994082451,0,0,-10.051270484924316,0,0.71387028694152832,0.15870285034179688,1.2014312744140625,0,0,0,10.603620529174805,14.60487174987793,2006,1034,0,10.205455780029297,11.001781463623047,14.066289901733398,15.267721176147461
40.099985792233561,31616.5925167,HOLD,elbow_joint,0,0.0018307383870705962,-0.0018307383870705962,0,0.0073030814528465271,-0.0073030814528465271,0.0039923000003909692,0.00076882814755663276,0.00055970204994082451,0,0,-9.74692153930664,0,0.71387028694152832,0.15870285034179688,1.2014312744140625,0,0,0,10.603620529174805,14.60487174987793,2006,1034,0,10.205455780029297,11.001781463623047,14.066289901733398,15.267721176147461
40.099985792233561,31616.5925865,HOLD,wrist_1_joint,0,-0.00028456645668484271,0.00028456645668484271,0,0.0011646593920886517,-0.0011646593920886517,0.0040635000004840549,0.00076882814755663276,0.00055970204994082451,0,0,0.092827640473842621,0,0.71387028694152832,0.15870285034179688,1.2014312744140625,0,0,0,10.603620529174805,14.60487174987793,2006,1034,0,10.205455780029297,11.001781463623047,14.066289901733398,15.267721176147461
40.099985792233561,31616.5926165,HOLD,wrist_2_joint,1.5707963267948966,1.5856122970581055,-0.014815970263208911,0,0.0013901625061407685,-0.0013901625061407685,0.0040939000027719885,0.00076882814755663276,0.00055970204994082451,0,0,-9.6359472274780273,0,0.71387028694152832,0.15870285034179688,1.2014312744140625,0,0,0,10.603620529174805,14.60487174987793,2006,1034,0,10.205455780029297,11.001781463623047,14.066289901733398,15.267721176147461
40.099985792233561,31616.5926517,HOLD,wrist_3_joint,0,-0.00010253099026158452,0.00010253099026158452,0,1.6773265087977052E-05,-1.6773265087977052E-05,0.0041287000021839049,0.00076882814755663276,0.00055970204994082451,0,0,0.028135370463132858,0,0.71387028694152832,0.15870285034179688,1.2014312744140625,0,0,0,10.603620529174805,14.60487174987793,2006,1034,0,10.205455780029297,11.001781463623047,14.066289901733398,15.267721176147461
40.119985785147392,31616.6128048,HOLD,shoulder_pan_joint,1.5707963267948966,1.572137713432312,-0.0013413866374154537,0,-0.0035018296912312508,0.0035018296912312508,0.024289800003316486,0.00076882814755663276,0.00055970204994082451,0,0,-0.3936215341091156,0,0.71387028694152832,0.15870285034179688,1.2014312744140625,0,0,0,10.603620529174805,14.60487174987793,2007,1034,0,10.205455780029297,11.001781463623047,14.066289901733398,15.267721176147461
40.119985785147392,31616.6128591,HOLD,shoulder_lift_joint,0,0.005562562495470047,-0.005562562495470047,0,-0.011495978571474552,0.011495978571474552,0.024495500001648907,0.00076882814755663276,0.00055970204994082451,0,0,-10.051270484924316,0,0.71387028694152832,0.15870285034179688,1.2014312744140625,0,0,0,10.603620529174805,14.60487174987793,2007,1034,0,10.205455780029297,11.001781463623047,14.066289901733398,15.267721176147461
40.119985785147392,31616.6130718,HOLD,elbow_joint,0,0.0018307383870705962,-0.0018307383870705962,0,0.0073030814528465271,-0.0073030814528465271,0.024553100000048289,0.00076882814755663276,0.00055970204994082451,0,0,-9.74692153930664,0,0.71387028694152832,0.15870285034179688,1.2014312744140625,0,0,0,10.603620529174805,14.60487174987793,2007,1034,0,10.205455780029297,11.001781463623047,14.066289901733398,15.267721176147461
40.119985785147392,31616.6131153,HOLD,wrist_1_joint,0,-0.00028456645668484271,0.00028456645668484271,0,0.0011646593920886517,-0.0011646593920886517,0.024594200000137789,0.00076882814755663276,0.00055970204994082451,0,0,0.092827640473842621,0,0.71387028694152832,0.15870285034179688,1.2014312744140625,0,0,0,10.603620529174805,14.60487174987793,2007,1034,0,10.205455780029297,11.001781463623047,14.066289901733398,15.267721176147461
40.119985785147392,31616.6131534,HOLD,wrist_2_joint,1.5707963267948966,1.5856122970581055,-0.014815970263208911,0,0.0013901625061407685,-0.0013901625061407685,0.024634900000819471,0.00076882814755663276,0.00055970204994082451,0,0,-9.6359472274780273,0,0.71387028694152832,0.15870285034179688,1.2014312744140625,0,0,0,10.603620529174805,14.60487174987793,2007,1034,0,10.205455780029297,11.001781463623047,14.066289901733398,15.267721176147461
40.119985785147392,31616.6131967,HOLD,wrist_3_joint,0,-0.00010253099026158452,0.00010253099026158452,0,1.6773265087977052E-05,-1.6773265087977052E-05,0.024675800003024051,0.00076882814755663276,0.00055970204994082451,0,0,0.028135370463132858,0,0.71387028694152832,0.15870285034179688,1.2014312744140625,0,0,0,10.603620529174805,14.60487174987793,2007,1034,0,10.205455780029297,11.001781463623047,14.066289901733398,15.267721176147461
40.139985778061224,31616.6328514,HOLD,shoulder_pan_joint,1.5707963267948966,1.572137713432312,-0.0013413866374154537,0,-0.0035018296912312508,0.0035018296912312508,0.0047272999981942121,0.00076882814755663276,0.00055970204994082451,0,0,-0.3936215341091156,0,0.71387028694152832,0.15870285034179688,1.2014312744140625,0,0,0,10.603620529174805,14.60487174987793,2008,1035,0,10.205455780029297,11.001781463623047,14.066289901733398,15.267721176147461
40.139985778061224,31616.6329407,HOLD,shoulder_lift_joint,0,0.005562562495470047,-0.005562562495470047,0,-0.011495978571474552,0.011495978571474552,0.0048081999993883073,0.00076882814755663276,0.00055970204994082451,0,0,-10.051270484924316,0,0.71387028694152832,0.15870285034179688,1.2014312744140625,0,0,0,10.603620529174805,14.60487174987793,2008,1035,0,10.205455780029297,11.001781463623047,14.066289901733398,15.267721176147461
40.139985778061224,31616.6329707,HOLD,elbow_joint,0,0.0018307383870705962,-0.0018307383870705962,0,0.0073030814528465271,-0.0073030814528465271,0.0048368999996455386,0.00076882814755663276,0.00055970204994082451,0,0,-9.74692153930664,0,0.71387028694152832,0.15870285034179688,1.2014312744140625,0,0,0,10.603620529174805,14.60487174987793,2008,1035,0,10.205455780029297,11.001781463623047,14.066289901733398,15.267721176147461
40.139985778061224,31616.6329999,HOLD,wrist_1_joint,0,-0.00028456645668484271,0.00028456645668484271,0,0.0011646593920886517,-0.0011646593920886517,0.004866700001002755,0.00076882814755663276,0.00055970204994082451,0,0,0.092827640473842621,0,0.71387028694152832,0.15870285034179688,1.2014312744140625,0,0,0,10.603620529174805,14.60487174987793,2008,1035,0,10.205455780029297,11.001781463623047,14.066289901733398,15.267721176147461
40.139985778061224,31616.6330297,HOLD,wrist_2_joint,1.5707963267948966,1.5856122970581055,-0.014815970263208911,0,0.0013901625061407685,-0.0013901625061407685,0.0048988000016834121,0.00076882814755663276,0.00055970204994082451,0,0,-9.6359472274780273,0,0.71387028694152832,0.15870285034179688,1.2014312744140625,0,0,0,10.603620529174805,14.60487174987793,2008,1035,0,10.205455780029297,11.001781463623047,14.066289901733398,15.267721176147461
40.139985778061224,31616.6330597,HOLD,wrist_3_joint,0,-0.00010253099026158452,0.00010253099026158452,0,1.6773265087977052E-05,-1.6773265087977052E-05,0.0049266999994870275,0.00076882814755663276,0.00055970204994082451,0,0,0.028135370463132858,0,0.71387028694152832,0.15870285034179688,1.2014312744140625,0,0,0,10.603620529174805,14.60487174987793,2008,1035,0,10.205455780029297,11.001781463623047,14.066289901733398,15.267721176147461
40.159985770975055,31616.6521272,HOLD,shoulder_pan_joint,1.5707963267948966,1.572137713432312,-0.0013413866374154537,0,-0.0035018296912312508,0.0035018296912312508,0.0070090000008349307,0.00076882814755663276,0.00055970204994082451,0,0,-0.3936215341091156,0,0.71387028694152832,0.15870285034179688,1.2014312744140625,0,0,0,10.603620529174805,14.60487174987793,2009,1036,0,10.205455780029297,11.001781463623047,14.066289901733398,15.267721176147461
40.159985770975055,31616.6521783,HOLD,shoulder_lift_joint,0,0.005562562495470047,-0.005562562495470047,0,-0.011495978571474552,0.011495978571474552,0.0070446999998239335,0.00076882814755663276,0.00055970204994082451,0,0,-10.051270484924316,0,0.71387028694152832,0.15870285034179688,1.2014312744140625,0,0,0,10.603620529174805,14.60487174987793,2009,1036,0,10.205455780029297,11.001781463623047,14.066289901733398,15.267721176147461
40.159985770975055,31616.652212,HOLD,elbow_joint,0,0.0018307383870705962,-0.0018307383870705962,0,0.0073030814528465271,-0.0073030814528465271,0.0070779999987280462,0.00076882814755663276,0.00055970204994082451,0,0,-9.74692153930664,0,0.71387028694152832,0.15870285034179688,1.2014312744140625,0,0,0,10.603620529174805,14.60487174987793,2009,1036,0,10.205455780029297,11.001781463623047,14.066289901733398,15.267721176147461
40.159985770975055,31616.6522419,HOLD,wrist_1_joint,0,-0.00028456645668484271,0.00028456645668484271,0,0.0011646593920886517,-0.0011646593920886517,0.0071079000008467119,0.00076882814755663276,0.00055970204994082451,0,0,0.092827640473842621,0,0.71387028694152832,0.15870285034179688,1.2014312744140625,0,0,0,10.603620529174805,14.60487174987793,2009,1036,0,10.205455780029297,11.001781463623047,14.066289901733398,15.267721176147461
40.159985770975055,31616.6523161,HOLD,wrist_2_joint,1.5707963267948966,1.5856122970581055,-0.014815970263208911,0,0.0013901625061407685,-0.0013901625061407685,0.0071839999982330482,0.00076882814755663276,0.00055970204994082451,0,0,-9.6359472274780273,0,0.71387028694152832,0.15870285034179688,1.2014312744140625,0,0,0,10.603620529174805,14.60487174987793,2009,1036,0,10.205455780029297,11.001781463623047,14.066289901733398,15.267721176147461
40.159985770975055,31616.6523474,HOLD,wrist_3_joint,0,-0.00010253099026158452,0.00010253099026158452,0,1.6773265087977052E-05,-1.6773265087977052E-05,0.0072161999996751547,0.00076882814755663276,0.00055970204994082451,0,0,0.028135370463132858,0,0.71387028694152832,0.15870285034179688,1.2014312744140625,0,0,0,10.603620529174805,14.60487174987793,2009,1036,0,10.205455780029297,11.001781463623047,14.066289901733398,15.267721176147461
40.179985763888887,31616.6720459,HOLD,shoulder_pan_joint,1.5707963267948966,1.572137713432312,-0.0013413866374154537,0,-0.0035018296912312508,0.0035018296912312508,0.0269189999999071,0.00076882814755663276,0.00055970204994082451,0,0,-0.3936215341091156,0,0.71387028694152832,0.15870285034179688,1.2014312744140625,0,0,0,10.603620529174805,14.60487174987793,2010,1036,0,10.205455780029297,11.001781463623047,14.066289901733398,15.267721176147461
40.179985763888887,31616.6720867,HOLD,shoulder_lift_joint,0,0.005562562495470047,-0.005562562495470047,0,-0.011495978571474552,0.011495978571474552,0.026952699998219032,0.00076882814755663276,0.00055970204994082451,0,0,-10.051270484924316,0,0.71387028694152832,0.15870285034179688,1.2014312744140625,0,0,0,10.603620529174805,14.60487174987793,2010,1036,0,10.205455780029297,11.001781463623047,14.066289901733398,15.267721176147461
40.179985763888887,31616.6721151,HOLD,elbow_joint,0,0.0018307383870705962,-0.0018307383870705962,0,0.0073030814528465271,-0.0073030814528465271,0.026980999999068445,0.00076882814755663276,0.00055970204994082451,0,0,-9.74692153930664,0,0.71387028694152832,0.15870285034179688,1.2014312744140625,0,0,0,10.603620529174805,14.60487174987793,2010,1036,0,10.205455780029297,11.001781463623047,14.066289901733398,15.267721176147461
40.179985763888887,31616.6721453,HOLD,wrist_1_joint,0,-0.00028456645668484271,0.00028456645668484271,0,0.0011646593920886517,-0.0011646593920886517,0.027012599999579834,0.00076882814755663276,0.00055970204994082451,0,0,0.092827640473842621,0,0.71387028694152832,0.15870285034179688,1.2014312744140625,0,0,0,10.603620529174805,14.60487174987793,2010,1036,0,10.205455780029297,11.001781463623047,14.066289901733398,15.267721176147461
40.179985763888887,31616.6721743,HOLD,wrist_2_joint,1.5707963267948966,1.5856122970581055,-0.014815970263208911,0,0.0013901625061407685,-0.0013901625061407685,0.027041699999244884,0.00076882814755663276,0.00055970204994082451,0,0,-9.6359472274780273,0,0.71387028694152832,0.15870285034179688,1.2014312744140625,0,0,0,10.603620529174805,14.60487174987793,2010,1036,0,10.205455780029297,11.001781463623047,14.066289901733398,15.267721176147461
40.179985763888887,31616.6722031,HOLD,wrist_3_joint,0,-0.00010253099026158452,0.00010253099026158452,0,1.6773265087977052E-05,-1.6773265087977052E-05,0.027069399999163579,0.00076882814755663276,0.00055970204994082451,0,0,0.028135370463132858,0,0.71387028694152832,0.15870285034179688,1.2014312744140625,0,0,0,10.603620529174805,14.60487174987793,2010,1036,0,10.205455780029297,11.001781463623047,14.066289901733398,15.267721176147461
40.199985756802718,31616.6943423,HOLD,shoulder_pan_joint,1.5707963267948966,1.572137713432312,-0.0013413866374154537,0,-0.0035018296912312508,0.0035018296912312508,0.014154599997709738,0.00076882814755663276,0.00055970204994082451,0,0,-0.3936215341091156,0,0.71387028694152832,0.15870285034179688,1.2014312744140625,0,0,0,10.603620529174805,14.60487174987793,2011,1037,0,10.205455780029297,11.001781463623047,14.066289901733398,15.267721176147461
40.199985756802718,31616.6943874,HOLD,shoulder_lift_joint,0,0.005562562495470047,-0.005562562495470047,0,-0.011495978571474552,0.011495978571474552,0.014193899998645065,0.00076882814755663276,0.00055970204994082451,0,0,-10.051270484924316,0,0.71387028694152832,0.15870285034179688,1.2014312744140625,0,0,0,10.603620529174805,14.60487174987793,2011,1037,0,10.205455780029297,11.001781463623047,14.066289901733398,15.267721176147461
40.199985756802718,31616.6944646,HOLD,elbow_joint,0,0.0018307383870705962,-0.0018307383870705962,0,0.0073030814528465271,-0.0073030814528465271,0.014271399999415735,0.00076882814755663276,0.00055970204994082451,0,0,-9.74692153930664,0,0.71387028694152832,0.15870285034179688,1.2014312744140625,0,0,0,10.603620529174805,14.60487174987793,2011,1037,0,10.205455780029297,11.001781463623047,14.066289901733398,15.267721176147461
40.199985756802718,31616.6944989,HOLD,wrist_1_joint,0,-0.00028456645668484271,0.00028456645668484271,0,0.0011646593920886517,-0.0011646593920886517,0.014305299999250565,0.00076882814755663276,0.00055970204994082451,0,0,0.092827640473842621,0,0.71387028694152832,0.15870285034179688,1.2014312744140625,0,0,0,10.603620529174805,14.60487174987793,2011,1037,0,10.205455780029297,11.001781463623047,14.066289901733398,15.267721176147461
40.199985756802718,31616.6945274,HOLD,wrist_2_joint,1.5707963267948966,1.5856122970581055,-0.014815970263208911,0,0.0013901625061407685,-0.0013901625061407685,0.01433569999790052,0.00076882814755663276,0.00055970204994082451,0,0,-9.6359472274780273,0,0.71387028694152832,0.15870285034179688,1.2014312744140625,0,0,0,10.603620529174805,14.60487174987793,2011,1037,0,10.205455780029297,11.001781463623047,14.066289901733398,15.267721176147461
40.199985756802718,31616.6945573,HOLD,wrist_3_joint,0,-0.00010253099026158452,0.00010253099026158452,0,1.6773265087977052E-05,-1.6773265087977052E-05,0.014363799997227034,0.00076882814755663276,0.00055970204994082451,0,0,0.028135370463132858,0,0.71387028694152832,0.15870285034179688,1.2014312744140625,0,0,0,10.603620529174805,14.60487174987793,2011,1037,0,10.205455780029297,11.001781463623047,14.066289901733398,15.267721176147461
40.21998574971655,31616.713304,HOLD,shoulder_pan_joint,1.5707963267948966,1.572137713432312,-0.0013413866374154537,0,-0.0035018296912312508,0.0035018296912312508,0.033118999999715015,0.00076882814755663276,0.00055970204994082451,0,0,-0.3936215341091156,0,0.71387028694152832,0.15870285034179688,1.2014312744140625,0,0,0,10.603620529174805,14.60487174987793,2012,1037,0,10.205455780029297,11.001781463623047,14.066289901733398,15.267721176147461
40.21998574971655,31616.713351,HOLD,shoulder_lift_joint,0,0.005562562495470047,-0.005562562495470047,0,-0.011495978571474552,0.011495978571474552,0.033162399999127956,0.00076882814755663276,0.00055970204994082451,0,0,-10.051270484924316,0,0.71387028694152832,0.15870285034179688,1.2014312744140625,0,0,0,10.603620529174805,14.60487174987793,2012,1037,0,10.205455780029297,11.001781463623047,14.066289901733398,15.267721176147461
40.21998574971655,31616.7133928,HOLD,elbow_joint,0,0.0018307383870705962,-0.0018307383870705962,0,0.0073030814528465271,-0.0073030814528465271,0.033201700000063283,0.00076882814755663276,0.00055970204994082451,0,0,-9.74692153930664,0,0.71387028694152832,0.15870285034179688,1.2014312744140625,0,0,0,10.603620529174805,14.60487174987793,2012,1037,0,10.205455780029297,11.001781463623047,14.066289901733398,15.267721176147461
40.21998574971655,31616.7134324,HOLD,wrist_1_joint,0,-0.00028456645668484271,0.00028456645668484271,0,0.0011646593920886517,-0.0011646593920886517,0.033240599997952813,0.00076882814755663276,0.00055970204994082451,0,0,0.092827640473842621,0,0.71387028694152832,0.15870285034179688,1.2014312744140625,0,0,0,10.603620529174805,14.60487174987793,2012,1037,0,10.205455780029297,11.001781463623047,14.066289901733398,15.267721176147461
40.21998574971655,31616.7134668,HOLD,wrist_2_joint,1.5707963267948966,1.5856122970581055,-0.014815970263208911,0,0.0013901625061407685,-0.0013901625061407685,0.033277700000326149,0.00076882814755663276,0.00055970204994082451,0,0,-9.6359472274780273,0,0.71387028694152832,0.15870285034179688,1.2014312744140625,0,0,0,10.603620529174805,14.60487174987793,2012,1037,0,10.205455780029297,11.001781463623047,14.066289901733398,15.267721176147461
40.21998574971655,31616.713552,HOLD,wrist_3_joint,0,-0.00010253099026158452,0.00010253099026158452,0,1.6773265087977052E-05,-1.6773265087977052E-05,0.033361599998897873,0.00076882814755663276,0.00055970204994082451,0,0,0.028135370463132858,0,0.71387028694152832,0.15870285034179688,1.2014312744140625,0,0,0,10.603620529174805,14.60487174987793,2012,1037,0,10.205455780029297,11.001781463623047,14.066289901733398,15.267721176147461
40.239985742630381,31616.732492,HOLD,shoulder_pan_joint,1.5707963267948966,1.572137713432312,-0.0013413866374154537,0,-0.0035018296912312508,0.0035018296912312508,0.052316699999209959,0.00076882814755663276,0.00055970204994082451,0,0,-0.3936215341091156,0,0.71387028694152832,0.15870285034179688,1.2014312744140625,0,0,0,10.603620529174805,14.60487174987793,2013,1037,0,10.205455780029297,11.001781463623047,14.066289901733398,15.267721176147461
40.239985742630381,31616.7325667,HOLD,shoulder_lift_joint,0,0.005562562495470047,-0.005562562495470047,0,-0.011495978571474552,0.011495978571474552,0.052374099999724422,0.00076882814755663276,0.00055970204994082451,0,0,-10.051270484924316,0,0.71387028694152832,0.15870285034179688,1.2014312744140625,0,0,0,10.603620529174805,14.60487174987793,2013,1037,0,10.205455780029297,11.001781463623047,14.066289901733398,15.267721176147461
40.239985742630381,31616.7326031,HOLD,elbow_joint,0,0.0018307383870705962,-0.0018307383870705962,0,0.0073030814528465271,-0.0073030814528465271,0.052410099997359794,0.00076882814755663276,0.00055970204994082451,0,0,-9.74692153930664,0,0.71387028694152832,0.15870285034179688,1.2014312744140625,0,0,0,10.603620529174805,14.60487174987793,2013,1037,0,10.205455780029297,11.001781463623047,14.066289901733398,15.267721176147461
40.239985742630381,31616.7326365,HOLD,wrist_1_joint,0,-0.00028456645668484271,0.00028456645668484271,0,0.0011646593920886517,-0.0011646593920886517,0.052443699998548254,0.00076882814755663276,0.00055970204994082451,0,0,0.092827640473842621,0,0.71387028694152832,0.15870285034179688,1.2014312744140625,0,0,0,10.603620529174805,14.60487174987793,2013,1037,0,10.205455780029297,11.001781463623047,14.066289901733398,15.267721176147461
40.239985742630381,31616.7326685,HOLD,wrist_2_joint,1.5707963267948966,1.5856122970581055,-0.014815970263208911,0,0.0013901625061407685,-0.0013901625061407685,0.0524769000003289,0.00076882814755663276,0.00055970204994082451,0,0,-9.6359472274780273,0,0.71387028694152832,0.15870285034179688,1.2014312744140625,0,0,0,10.603620529174805,14.60487174987793,2013,1037,0,10.205455780029297,11.001781463623047,14.066289901733398,15.267721176147461
40.239985742630381,31616.732703,HOLD,wrist_3_joint,0,-0.00010253099026158452,0.00010253099026158452,0,1.6773265087977052E-05,-1.6773265087977052E-05,0.05251249999855645,0.00076882814755663276,0.00055970204994082451,0,0,0.028135370463132858,0,0.71387028694152832,0.15870285034179688,1.2014312744140625,0,0,0,10.603620529174805,14.60487174987793,2013,1037,0,10.205455780029297,11.001781463623047,14.066289901733398,15.267721176147461
40.259985735544213,31616.7527955,HOLD,shoulder_pan_joint,1.5707963267948966,1.572137713432312,-0.0013413866374154537,0,-0.0035018296912312508,0.0035018296912312508,0.0726141999984975,0.00076882814755663276,0.00055970204994082451,0,0,-0.3936215341091156,0,0.71387028694152832,0.15870285034179688,1.2014312744140625,0,0,0,10.603620529174805,14.60487174987793,2014,1037,0,10.205455780029297,11.001781463623047,14.066289901733398,15.267721176147461
40.259985735544213,31616.7528427,HOLD,shoulder_lift_joint,0,0.005562562495470047,-0.005562562495470047,0,-0.011495978571474552,0.011495978571474552,0.072650899997825036,0.00076882814755663276,0.00055970204994082451,0,0,-10.051270484924316,0,0.71387028694152832,0.15870285034179688,1.2014312744140625,0,0,0,10.603620529174805,14.60487174987793,2014,1037,0,10.205455780029297,11.001781463623047,14.066289901733398,15.267721176147461
40.259985735544213,31616.7529592,HOLD,elbow_joint,0,0.0018307383870705962,-0.0018307383870705962,0,0.0073030814528465271,-0.0073030814528465271,0.07276830000046175,0.00076882814755663276,0.00055970204994082451,0,0,-9.74692153930664,0,0.71387028694152832,0.15870285034179688,1.2014312744140625,0,0,0,10.603620529174805,14.60487174987793,2014,1037,0,10.205455780029297,11.001781463623047,14.066289901733398,15.267721176147461
40.259985735544213,31616.7530167,HOLD,wrist_1_joint,0,-0.00028456645668484271,0.00028456645668484271,0,0.0011646593920886517,-0.0011646593920886517,0.072847100000217324,0.00076882814755663276,0.00055970204994082451,0,0,0.092827640473842621,0,0.71387028694152832,0.15870285034179688,1.2014312744140625,0,0,0,10.603620529174805,14.60487174987793,2014,1037,0,10.205455780029297,11.001781463623047,14.066289901733398,15.267721176147461
40.259985735544213,31616.7530793,HOLD,wrist_2_joint,1.5707963267948966,1.5856122970581055,-0.014815970263208911,0,0.0013901625061407685,-0.0013901625061407685,0.072888999999122461,0.00076882814755663276,0.00055970204994082451,0,0,-9.6359472274780273,0,0.71387028694152832,0.15870285034179688,1.2014312744140625,0,0,0,10.603620529174805,14.60487174987793,2014,1037,0,10.205455780029297,11.001781463623047,14.066289901733398,15.267721176147461
40.259985735544213,31616.7531147,HOLD,wrist_3_joint,0,-0.00010253099026158452,0.00010253099026158452,0,1.6773265087977052E-05,-1.6773265087977052E-05,0.0729243999994651,0.00076882814755663276,0.00055970204994082451,0,0,0.028135370463132858,0,0.71387028694152832,0.15870285034179688,1.2014312744140625,0,0,0,10.603620529174805,14.60487174987793,2014,1037,0,10.205455780029297,11.001781463623047,14.066289901733398,15.267721176147461
40.279985728458051,31616.772763,HOLD,shoulder_pan_joint,1.5707963267948966,1.572137713432312,-0.0013413866374154537,0,-0.0035018296912312508,0.0035018296912312508,0.0072548999996797647,0.00076882814755663276,0.00055970204994082451,0,0,-0.3936215341091156,0,0.71387028694152832,0.15870285034179688,1.2014312744140625,0,0,0,10.603620529174805,14.60487174987793,2015,1038,0,10.205455780029297,11.001781463623047,14.066289901733398,15.267721176147461
40.279985728458051,31616.7728091,HOLD,shoulder_lift_joint,0,0.005562562495470047,-0.005562562495470047,0,-0.011495978571474552,0.011495978571474552,0.0072951000001921784,0.00076882814755663276,0.00055970204994082451,0,0,-10.051270484924316,0,0.71387028694152832,0.15870285034179688,1.2014312744140625,0,0,0,10.603620529174805,14.60487174987793,2015,1038,0,10.205455780029297,11.001781463623047,14.066289901733398,15.267721176147461
40.279985728458051,31616.7728435,HOLD,elbow_joint,0,0.0018307383870705962,-0.0018307383870705962,0,0.0073030814528465271,-0.0073030814528465271,0.0073272000008728355,0.00076882814755663276,0.00055970204994082451,0,0,-9.74692153930664,0,0.71387028694152832,0.15870285034179688,1.2014312744140625,0,0,0,10.603620529174805,14.60487174987793,2015,1038,0,10.205455780029297,11.001781463623047,14.066289901733398,15.267721176147461
40.279985728458051,31616.772878,HOLD,wrist_1_joint,0,-0.00028456645668484271,0.00028456645668484271,0,0.0011646593920886517,-0.0011646593920886517,0.0073620000002847519,0.00076882814755663276,0.00055970204994082451,0,0,0.092827640473842621,0,0.71387028694152832,0.15870285034179688,1.2014312744140625,0,0,0,10.603620529174805,14.60487174987793,2015,1038,0,10.205455780029297,11.001781463623047,14.066289901733398,15.267721176147461
40.279985728458051,31616.7729069,HOLD,wrist_2_joint,1.5707963267948966,1.5856122970581055,-0.014815970263208911,0,0.0013901625061407685,-0.0013901625061407685,0.0073922000010497868,0.00076882814755663276,0.00055970204994082451,0,0,-9.6359472274780273,0,0.71387028694152832,0.15870285034179688,1.2014312744140625,0,0,0,10.603620529174805,14.60487174987793,2015,1038,0,10.205455780029297,11.001781463623047,14.066289901733398,15.267721176147461
40.279985728458051,31616.772935,HOLD,wrist_3_joint,0,-0.00010253099026158452,0.00010253099026158452,0,1.6773265087977052E-05,-1.6773265087977052E-05,0.0074194000007992145,0.00076882814755663276,0.00055970204994082451,0,0,0.028135370463132858,0,0.71387028694152832,0.15870285034179688,1.2014312744140625,0,0,0,10.603620529174805,14.60487174987793,2015,1038,0,10.205455780029297,11.001781463623047,14.066289901733398,15.267721176147461
40.299985721371883,31616.7915882,HOLD,shoulder_pan_joint,1.5707963267948966,1.572137713432312,-0.0013413866374154537,0,-0.0035018296912312508,0.0035018296912312508,0.0069976000013411976,0.00076882814755663276,0.00055970204994082451,0,0,-0.3936215341091156,0,0.71387028694152832,0.15870285034179688,1.2014312744140625,0,0,0,10.603620529174805,14.60487174987793,2016,1039,0,10.205455780029297,11.001781463623047,14.066289901733398,15.267721176147461
40.299985721371883,31616.7916296,HOLD,shoulder_lift_joint,0,0.005562562495470047,-0.005562562495470047,0,-0.011495978571474552,0.011495978571474552,0.007030799999483861,0.00076882814755663276,0.00055970204994082451,0,0,-10.051270484924316,0,0.71387028694152832,0.15870285034179688,1.2014312744140625,0,0,0,10.603620529174805,14.60487174987793,2016,1039,0,10.205455780029297,11.001781463623047,14.066289901733398,15.267721176147461
40.299985721371883,31616.7916594,HOLD,elbow_joint,0,0.0018307383870705962,-0.0018307383870705962,0,0.0073030814528465271,-0.0073030814528465271,0.0070602000014332589,0.00076882814755663276,0.00055970204994082451,0,0,-9.74692153930664,0,0.71387028694152832,0.15870285034179688,1.2014312744140625,0,0,0,10.603620529174805,14.60487174987793,2016,1039,0,10.205455780029297,11.001781463623047,14.066289901733398,15.267721176147461
40.299985721371883,31616.7916872,HOLD,wrist_1_joint,0,-0.00028456645668484271,0.00028456645668484271,0,0.0011646593920886517,-0.0011646593920886517,0.0070888000009290408,0.00076882814755663276,0.00055970204994082451,0,0,0.092827640473842621,0,0.71387028694152832,0.15870285034179688,1.2014312744140625,0,0,0,10.603620529174805,14.60487174987793,2016,1039,0,10.205455780029297,11.001781463623047,14.066289901733398,15.267721176147461
40.299985721371883,31616.791714,HOLD,wrist_2_joint,1.5707963267948966,1.5856122970581055,-0.014815970263208911,0,0.0013901625061407685,-0.0013901625061407685,0.0071165000008477364,0.00076882814755663276,0.00055970204994082451,0,0,-9.6359472274780273,0,0.71387028694152832,0.15870285034179688,1.2014312744140625,0,0,0,10.603620529174805,14.60487174987793,2016,1039,0,10.205455780029297,11.001781463623047,14.066289901733398,15.267721176147461
40.299985721371883,31616.7917443,HOLD,wrist_3_joint,0,-0.00010253099026158452,0.00010253099026158452,0,1.6773265087977052E-05,-1.6773265087977052E-05,0.0071458999991591554,0.00076882814755663276,0.00055970204994082451,0,0,0.028135370463132858,0,0.71387028694152832,0.15870285034179688,1.2014312744140625,0,0,0,10.603620529174805,14.60487174987793,2016,1039,0,10.205455780029297,11.001781463623047,14.066289901733398,15.267721176147461
40.319985714285714,31616.8146635,HOLD,shoulder_pan_joint,1.5707963267948966,1.572137713432312,-0.0013413866374154537,0,-0.0035018296912312508,0.0035018296912312508,0.03007419999994454,0.00076882814755663276,0.00055970204994082451,0,0,-0.3936215341091156,0,0.71387028694152832,0.15870285034179688,1.2014312744140625,0,0,0,10.603620529174805,14.60487174987793,2017,1039,0,10.205455780029297,11.001781463623047,14.066289901733398,15.267721176147461
40.319985714285714,31616.8147063,HOLD,shoulder_lift_joint,0,0.005562562495470047,-0.005562562495470047,0,-0.011495978571474552,0.011495978571474552,0.030108800001471536,0.00076882814755663276,0.00055970204994082451,0,0,-10.051270484924316,0,0.71387028694152832,0.15870285034179688,1.2014312744140625,0,0,0,10.603620529174805,14.60487174987793,2017,1039,0,10.205455780029297,11.001781463623047,14.066289901733398,15.267721176147461
40.319985714285714,31616.8147351,HOLD,elbow_joint,0,0.0018307383870705962,-0.0018307383870705962,0,0.0073030814528465271,-0.0073030814528465271,0.030136500001390232,0.00076882814755663276,0.00055970204994082451,0,0,-9.74692153930664,0,0.71387028694152832,0.15870285034179688,1.2014312744140625,0,0,0,10.603620529174805,14.60487174987793,2017,1039,0,10.205455780029297,11.001781463623047,14.066289901733398,15.267721176147461
40.319985714285714,31616.8148153,HOLD,wrist_1_joint,0,-0.00028456645668484271,0.00028456645668484271,0,0.0011646593920886517,-0.0011646593920886517,0.030217799998354167,0.00076882814755663276,0.00055970204994082451,0,0,0.092827640473842621,0,0.71387028694152832,0.15870285034179688,1.2014312744140625,0,0,0,10.603620529174805,14.60487174987793,2017,1039,0,10.205455780029297,11.001781463623047,14.066289901733398,15.267721176147461
40.319985714285714,31616.8148486,HOLD,wrist_2_joint,1.5707963267948966,1.5856122970581055,-0.014815970263208911,0,0.0013901625061407685,-0.0013901625061407685,0.030251699998188997,0.00076882814755663276,0.00055970204994082451,0,0,-9.6359472274780273,0,0.71387028694152832,0.15870285034179688,1.2014312744140625,0,0,0,10.603620529174805,14.60487174987793,2017,1039,0,10.205455780029297,11.001781463623047,14.066289901733398,15.267721176147461
40.319985714285714,31616.8148778,HOLD,wrist_3_joint,0,-0.00010253099026158452,0.00010253099026158452,0,1.6773265087977052E-05,-1.6773265087977052E-05,0.030279599999630591,0.00076882814755663276,0.00055970204994082451,0,0,0.028135370463132858,0,0.71387028694152832,0.15870285034179688,1.2014312744140625,0,0,0,10.603620529174805,14.60487174987793,2017,1039,0,10.205455780029297,11.001781463623047,14.066289901733398,15.267721176147461
40.339985707199546,31616.8321183,HOLD,shoulder_pan_joint,1.5707963267948966,1.572137713432312,-0.0013413866374154537,0,-0.0035018296912312508,0.0035018296912312508,0.00408640000023297,0.00076882814755663276,0.00055970204994082451,0,0,-0.3936215341091156,0,0.71387028694152832,0.15870285034179688,1.2014312744140625,0,0,0,10.603620529174805,14.60487174987793,2018,1040,0,10.205455780029297,11.001781463623047,14.066289901733398,15.267721176147461
40.339985707199546,31616.8321547,HOLD,shoulder_lift_joint,0,0.005562562495470047,-0.005562562495470047,0,-0.011495978571474552,0.011495978571474552,0.0041160000000672881,0.00076882814755663276,0.00055970204994082451,0,0,-10.051270484924316,0,0.71387028694152832,0.15870285034179688,1.2014312744140625,0,0,0,10.603620529174805,14.60487174987793,2018,1040,0,10.205455780029297,11.001781463623047,14.066289901733398,15.267721176147461
40.339985707199546,31616.8321867,HOLD,elbow_joint,0,0.0018307383870705962,-0.0018307383870705962,0,0.0073030814528465271,-0.0073030814528465271,0.0041476000005786773,0.00076882814755663276,0.00055970204994082451,0,0,-9.74692153930664,0,0.71387028694152832,0.15870285034179688,1.2014312744140625,0,0,0,10.603620529174805,14.60487174987793,2018,1040,0,10.205455780029297,11.001781463623047,14.066289901733398,15.267721176147461
40.339985707199546,31616.832215,HOLD,wrist_1_joint,0,-0.00028456645668484271,0.00028456645668484271,0,0.0011646593920886517,-0.0011646593920886517,0.0041762000000744592,0.00076882814755663276,0.00055970204994082451,0,0,0.092827640473842621,0,0.71387028694152832,0.15870285034179688,1.2014312744140625,0,0,0,10.603620529174805,14.60487174987793,2018,1040,0,10.205455780029297,11.001781463623047,14.066289901733398,15.267721176147461
40.339985707199546,31616.8322425,HOLD,wrist_2_joint,1.5707963267948966,1.5856122970581055,-0.014815970263208911,0,0.0013901625061407685,-0.0013901625061407685,0.0042049000003316905,0.00076882814755663276,0.00055970204994082451,0,0,-9.6359472274780273,0,0.71387028694152832,0.15870285034179688,1.2014312744140625,0,0,0,10.603620529174805,14.60487174987793,2018,1040,0,10.205455780029297,11.001781463623047,14.066289901733398,15.267721176147461
40.339985707199546,31616.8322701,HOLD,wrist_3_joint,0,-0.00010253099026158452,0.00010253099026158452,0,1.6773265087977052E-05,-1.6773265087977052E-05,0.0042322000008425675,0.00076882814755663276,0.00055970204994082451,0,0,0.028135370463132858,0,0.71387028694152832,0.15870285034179688,1.2014312744140625,0,0,0,10.603620529174805,14.60487174987793,2018,1040,0,10.205455780029297,11.001781463623047,14.066289901733398,15.267721176147461
40.359985700113377,31616.8542835,HOLD,shoulder_pan_joint,1.5707963267948966,1.572137713432312,-0.0013413866374154537,0,-0.0035018296912312508,0.0035018296912312508,0.0070558999977947678,0.00076882814755663276,0.00055970204994082451,0,0,-0.3936215341091156,0,0.71387028694152832,0.15870285034179688,1.2014312744140625,0,0,0,10.603620529174805,14.60487174987793,2019,1041,0,10.205455780029297,11.001781463623047,14.066289901733398,15.267721176147461
40.359985700113377,31616.8543795,HOLD,shoulder_lift_joint,0,0.005562562495470047,-0.005562562495470047,0,-0.011495978571474552,0.011495978571474552,0.0071509999979753047,0.00076882814755663276,0.00055970204994082451,0,0,-10.051270484924316,0,0.71387028694152832,0.15870285034179688,1.2014312744140625,0,0,0,10.603620529174805,14.60487174987793,2019,1041,0,10.205455780029297,11.001781463623047,14.066289901733398,15.267721176147461
40.359985700113377,31616.8544205,HOLD,elbow_joint,0,0.0018307383870705962,-0.0018307383870705962,0,0.0073030814528465271,-0.0073030814528465271,0.0071839999982330482,0.00076882814755663276,0.00055970204994082451,0,0,-9.74692153930664,0,0.71387028694152832,0.15870285034179688,1.2014312744140625,0,0,0,10.603620529174805,14.60487174987793,2019,1041,0,10.205455780029297,11.001781463623047,14.066289901733398,15.267721176147461
40.359985700113377,31616.854454,HOLD,wrist_1_joint,0,-0.00028456645668484271,0.00028456645668484271,0,0.0011646593920886517,-0.0011646593920886517,0.0072197999979835,0.00076882814755663276,0.00055970204994082451,0,0,0.092827640473842621,0,0.71387028694152832,0.15870285034179688,1.2014312744140625,0,0,0,10.603620529174805,14.60487174987793,2019,1041,0,10.205455780029297,11.001781463623047,14.066289901733398,15.267721176147461
40.359985700113377,31616.8544873,HOLD,wrist_2_joint,1.5707963267948966,1.5856122970581055,-0.014815970263208911,0,0.0013901625061407685,-0.0013901625061407685,0.0072523999988334253,0.00076882814755663276,0.00055970204994082451,0,0,-9.6359472274780273,0,0.71387028694152832,0.15870285034179688,1.2014312744140625,0,0,0,10.603620529174805,14.60487174987793,2019,1041,0,10.205455780029297,11.001781463623047,14.066289901733398,15.267721176147461
40.359985700113377,31616.8545219,HOLD,wrist_3_joint,0,-0.00010253099026158452,0.00010253099026158452,0,1.6773265087977052E-05,-1.6773265087977052E-05,0.0072856999977375381,0.00076882814755663276,0.00055970204994082451,0,0,0.028135370463132858,0,0.71387028694152832,0.15870285034179688,1.2014312744140625,0,0,0,10.603620529174805,14.60487174987793,2019,1041,0,10.205455780029297,11.001781463623047,14.066289901733398,15.267721176147461
40.379985693027209,31616.8733347,HOLD,shoulder_pan_joint,1.5707963267948966,1.572137713432312,-0.0013413866374154537,0,-0.0035018296912312508,0.0035018296912312508,0.02613750000091386,0.00076882814755663276,0.00055970204994082451,0,0,-0.3936215341091156,0,0.71387028694152832,0.15870285034179688,1.2014312744140625,0,0,0,10.603620529174805,14.60487174987793,2020,1041,0,10.205455780029297,11.001781463623047,14.066289901733398,15.267721176147461
40.379985693027209,31616.8734354,HOLD,shoulder_lift_joint,0,0.005562562495470047,-0.005562562495470047,0,-0.011495978571474552,0.011495978571474552,0.026201900000160094,0.00076882814755663276,0.00055970204994082451,0,0,-10.051270484924316,0,0.71387028694152832,0.15870285034179688,1.2014312744140625,0,0,0,10.603620529174805,14.60487174987793,2020,1041,0,10.205455780029297,11.001781463623047,14.066289901733398,15.267721176147461
40.379985693027209,31616.8734765,HOLD,elbow_joint,0,0.0018307383870705962,-0.0018307383870705962,0,0.0073030814528465271,-0.0073030814528465271,0.026240499999403255,0.00076882814755663276,0.00055970204994082451,0,0,-9.74692153930664,0,0.71387028694152832,0.15870285034179688,1.2014312744140625,0,0,0,10.603620529174805,14.60487174987793,2020,1041,0,10.205455780029297,11.001781463623047,14.066289901733398,15.267721176147461
40.379985693027209,31616.8735102,HOLD,wrist_1_joint,0,-0.00028456645668484271,0.00028456645668484271,0,0.0011646593920886517,-0.0011646593920886517,0.026276599997800076,0.00076882814755663276,0.00055970204994082451,0,0,0.092827640473842621,0,0.71387028694152832,0.15870285034179688,1.2014312744140625,0,0,0,10.603620529174805,14.60487174987793,2020,1041,0,10.205455780029297,11.001781463623047,14.066289901733398,15.267721176147461
40.379985693027209,31616.8735911,HOLD,wrist_2_joint,1.5707963267948966,1.5856122970581055,-0.014815970263208911,0,0.0013901625061407685,-0.0013901625061407685,0.026357799997640541,0.00076882814755663276,0.00055970204994082451,0,0,-9.6359472274780273,0,0.71387028694152832,0.15870285034179688,1.2014312744140625,0,0,0,10.603620529174805,14.60487174987793,2020,1041,0,10.205455780029297,11.001781463623047,14.066289901733398,15.267721176147461
40.379985693027209,31616.8736277,HOLD,wrist_3_joint,0,-0.00010253099026158452,0.00010253099026158452,0,1.6773265087977052E-05,-1.6773265087977052E-05,0.026392100000521168,0.00076882814755663276,0.00055970204994082451,0,0,0.028135370463132858,0,0.71387028694152832,0.15870285034179688,1.2014312744140625,0,0,0,10.603620529174805,14.60487174987793,2020,1041,0,10.205455780029297,11.001781463623047,14.066289901733398,15.267721176147461
40.39998568594104,31616.8927548,HOLD,shoulder_pan_joint,1.5707963267948966,1.572137713432312,-0.0013413866374154537,0,-0.0035018296912312508,0.0035018296912312508,0.045525400000769878,0.00076882814755663276,0.00055970204994082451,0,0,-0.3936215341091156,0,0.71387028694152832,0.15870285034179688,1.2014312744140625,0,0,0,10.603620529174805,14.60487174987793,2021,1041,0,10.205455780029297,11.001781463623047,14.066289901733398,15.267721176147461
40.39998568594104,31616.8928034,HOLD,shoulder_lift_joint,0,0.005562562495470047,-0.005562562495470047,0,-0.011495978571474552,0.011495978571474552,0.045569999998406274,0.00076882814755663276,0.00055970204994082451,0,0,-10.051270484924316,0,0.71387028694152832,0.15870285034179688,1.2014312744140625,0,0,0,10.603620529174805,14.60487174987793,2021,1041,0,10.205455780029297,11.001781463623047,14.066289901733398,15.267721176147461
40.39998568594104,31616.8928375,HOLD,elbow_joint,0,0.0018307383870705962,-0.0018307383870705962,0,0.0073030814528465271,-0.0073030814528465271,0.045601499998156214,0.00076882814755663276,0.00055970204994082451,0,0,-9.74692153930664,0,0.71387028694152832,0.15870285034179688,1.2014312744140625,0,0,0,10.603620529174805,14.60487174987793,2021,1041,0,10.205455780029297,11.001781463623047,14.066289901733398,15.267721176147461
40.39998568594104,31616.8928722,HOLD,wrist_1_joint,0,-0.00028456645668484271,0.00028456645668484271,0,0.0011646593920886517,-0.0011646593920886517,0.045635399997991044,0.00076882814755663276,0.00055970204994082451,0,0,0.092827640473842621,0,0.71387028694152832,0.15870285034179688,1.2014312744140625,0,0,0,10.603620529174805,14.60487174987793,2021,1041,0,10.205455780029297,11.001781463623047,14.066289901733398,15.267721176147461
40.39998568594104,31616.8929022,HOLD,wrist_2_joint,1.5707963267948966,1.5856122970581055,-0.014815970263208911,0,0.0013901625061407685,-0.0013901625061407685,0.045666999998502433,0.00076882814755663276,0.00055970204994082451,0,0,-9.6359472274780273,0,0.71387028694152832,0.15870285034179688,1.2014312744140625,0,0,0,10.603620529174805,14.60487174987793,2021,1041,0,10.205455780029297,11.001781463623047,14.066289901733398,15.267721176147461
40.39998568594104,31616.8929349,HOLD,wrist_3_joint,0,-0.00010253099026158452,0.00010253099026158452,0,1.6773265087977052E-05,-1.6773265087977052E-05,0.045698199999606004,0.00076882814755663276,0.00055970204994082451,0,0,0.028135370463132858,0,0.71387028694152832,0.15870285034179688,1.2014312744140625,0,0,0,10.603620529174805,14.60487174987793,2021,1041,0,10.205455780029297,11.001781463623047,14.066289901733398,15.267721176147461
40.419985678854871,31616.9115035,HOLD,shoulder_pan_joint,1.5707963267948966,1.572137713432312,-0.0013413866374154537,0,-0.0035018296912312508,0.0035018296912312508,0.010528999999223743,0.00076882814755663276,0.00055970204994082451,0,0,-0.3936215341091156,0,0.71387028694152832,0.15870285034179688,1.2014312744140625,0,0,0,10.603620529174805,14.60487174987793,2022,1042,0,10.205455780029297,11.001781463623047,14.066289901733398,15.267721176147461
40.419985678854871,31616.9115544,HOLD,shoulder_lift_joint,0,0.005562562495470047,-0.005562562495470047,0,-0.011495978571474552,0.011495978571474552,0.010572099999990314,0.00076882814755663276,0.00055970204994082451,0,0,-10.051270484924316,0,0.71387028694152832,0.15870285034179688,1.2014312744140625,0,0,0,10.603620529174805,14.60487174987793,2022,1042,0,10.205455780029297,11.001781463623047,14.066289901733398,15.267721176147461
40.419985678854871,31616.9116418,HOLD,elbow_joint,0,0.0018307383870705962,-0.0018307383870705962,0,0.0073030814528465271,-0.0073030814528465271,0.01066020000143908,0.00076882814755663276,0.00055970204994082451,0,0,-9.74692153930664,0,0.71387028694152832,0.15870285034179688,1.2014312744140625,0,0,0,10.603620529174805,14.60487174987793,2022,1042,0,10.205455780029297,11.001781463623047,14.066289901733398,15.267721176147461
40.419985678854871,31616.9116807,HOLD,wrist_1_joint,0,-0.00028456645668484271,0.00028456645668484271,0,0.0011646593920886517,-0.0011646593920886517,0.010698499998397892,0.00076882814755663276,0.00055970204994082451,0,0,0.092827640473842621,0,0.71387028694152832,0.15870285034179688,1.2014312744140625,0,0,0,10.603620529174805,14.60487174987793,2022,1042,0,10.205455780029297,11.001781463623047,14.066289901733398,15.267721176147461
40.419985678854871,31616.9117212,HOLD,wrist_2_joint,1.5707963267948966,1.5856122970581055,-0.014815970263208911,0,0.0013901625061407685,-0.0013901625061407685,0.010741999998572282,0.00076882814755663276,0.00055970204994082451,0,0,-9.6359472274780273,0,0.71387028694152832,0.15870285034179688,1.2014312744140625,0,0,0,10.603620529174805,14.60487174987793,2022,1042,0,10.205455780029297,11.001781463623047,14.066289901733398,15.267721176147461
40.419985678854871,31616.9117599,HOLD,wrist_3_joint,0,-0.00010253099026158452,0.00010253099026158452,0,1.6773265087977052E-05,-1.6773265087977052E-05,0.010777700001199264,0.00076882814755663276,0.00055970204994082451,0,0,0.028135370463132858,0,0.71387028694152832,0.15870285034179688,1.2014312744140625,0,0,0,10.603620529174805,14.60487174987793,2022,1042,0,10.205455780029297,11.001781463623047,14.066289901733398,15.267721176147461
40.4399856717687,31616.9322123,HOLD,shoulder_pan_joint,1.5707963267948966,1.572137713432312,-0.0013413866374154537,0,-0.0035018296912312508,0.0035018296912312508,0.031237700000929181,0.00076882814755663276,0.00055970204994082451,0,0,-0.3936215341091156,0,0.71387028694152832,0.15870285034179688,1.2014312744140625,0,0,0,10.603620529174805,14.60487174987793,2023,1042,0,10.205455780029297,11.001781463623047,14.066289901733398,15.267721176147461
40.4399856717687,31616.9322566,HOLD,shoulder_lift_joint,0,0.005562562495470047,-0.005562562495470047,0,-0.011495978571474552,0.011495978571474552,0.031272699998226017,0.00076882814755663276,0.00055970204994082451,0,0,-10.051270484924316,0,0.71387028694152832,0.15870285034179688,1.2014312744140625,0,0,0,10.603620529174805,14.60487174987793,2023,1042,0,10.205455780029297,11.001781463623047,14.066289901733398,15.267721176147461
40.4399856717687,31616.9322883,HOLD,elbow_joint,0,0.0018307383870705962,-0.0018307383870705962,0,0.0073030814528465271,-0.0073030814528465271,0.031304100000852486,0.00076882814755663276,0.00055970204994082451,0,0,-9.74692153930664,0,0.71387028694152832,0.15870285034179688,1.2014312744140625,0,0,0,10.603620529174805,14.60487174987793,2023,1042,0,10.205455780029297,11.001781463623047,14.066289901733398,15.267721176147461
40.4399856717687,31616.9323277,HOLD,wrist_1_joint,0,-0.00028456645668484271,0.00028456645668484271,0,0.0011646593920886517,-0.0011646593920886517,0.03134449999924982,0.00076882814755663276,0.00055970204994082451,0,0,0.092827640473842621,0,0.71387028694152832,0.15870285034179688,1.2014312744140625,0,0,0,10.603620529174805,14.60487174987793,2023,1042,0,10.205455780029297,11.001781463623047,14.066289901733398,15.267721176147461
40.4399856717687,31616.9323589,HOLD,wrist_2_joint,1.5707963267948966,1.5856122970581055,-0.014815970263208911,0,0.0013901625061407685,-0.0013901625061407685,0.03137839999908465,0.00076882814755663276,0.00055970204994082451,0,0,-9.6359472274780273,0,0.71387028694152832,0.15870285034179688,1.2014312744140625,0,0,0,10.603620529174805,14.60487174987793,2023,1042,0,10.205455780029297,11.001781463623047,14.066289901733398,15.267721176147461
40.4399856717687,31616.9324383,HOLD,wrist_3_joint,0,-0.00010253099026158452,0.00010253099026158452,0,1.6773265087977052E-05,-1.6773265087977052E-05,0.0314552999989246,0.00076882814755663276,0.00055970204994082451,0,0,0.028135370463132858,0,0.71387028694152832,0.15870285034179688,1.2014312744140625,0,0,0,10.603620529174805,14.60487174987793,2023,1042,0,10.205455780029297,11.001781463623047,14.066289901733398,15.267721176147461
40.459985664682542,31616.9530144,HOLD,shoulder_pan_joint,1.5707963267948966,1.572137713432312,-0.0013413866374154537,0,-0.0035018296912312508,0.0035018296912312508,0.052041800001461525,0.00076882814755663276,0.00055970204994082451,0,0,-0.3936215341091156,0,0.71387028694152832,0.15870285034179688,1.2014312744140625,0,0,0,10.603620529174805,14.60487174987793,2024,1042,0,10.205455780029297,11.001781463623047,14.066289901733398,15.267721176147461
40.459985664682542,31616.9530689,HOLD,shoulder_lift_joint,0,0.005562562495470047,-0.005562562495470047,0,-0.011495978571474552,0.011495978571474552,0.052084300001297379,0.00076882814755663276,0.00055970204994082451,0,0,-10.051270484924316,0,0.71387028694152832,0.15870285034179688,1.2014312744140625,0,0,0,10.603620529174805,14.60487174987793,2024,1042,0,10.205455780029297,11.001781463623047,14.066289901733398,15.267721176147461
40.459985664682542,31616.9530989,HOLD,elbow_joint,0,0.0018307383870705962,-0.0018307383870705962,0,0.0073030814528465271,-0.0073030814528465271,0.052114499998424435,0.00076882814755663276,0.00055970204994082451,0,0,-9.74692153930664,0,0.71387028694152832,0.15870285034179688,1.2014312744140625,0,0,0,10.603620529174805,14.60487174987793,2024,1042,0,10.205455780029297,11.001781463623047,14.066289901733398,15.267721176147461
40.459985664682542,31616.9531265,HOLD,wrist_1_joint,0,-0.00028456645668484271,0.00028456645668484271,0,0.0011646593920886517,-0.0011646593920886517,0.052144099998258753,0.00076882814755663276,0.00055970204994082451,0,0,0.092827640473842621,0,0.71387028694152832,0.15870285034179688,1.2014312744140625,0,0,0,10.603620529174805,14.60487174987793,2024,1042,0,10.205455780029297,11.001781463623047,14.066289901733398,15.267721176147461
40.459985664682542,31616.9531566,HOLD,wrist_2_joint,1.5707963267948966,1.5856122970581055,-0.014815970263208911,0,0.0013901625061407685,-0.0013901625061407685,0.0521733999994467,0.00076882814755663276,0.00055970204994082451,0,0,-9.6359472274780273,0,0.71387028694152832,0.15870285034179688,1.2014312744140625,0,0,0,10.603620529174805,14.60487174987793,2024,1042,0,10.205455780029297,11.001781463623047,14.066289901733398,15.267721176147461
40.459985664682542,31616.9531844,HOLD,wrist_3_joint,0,-0.00010253099026158452,0.00010253099026158452,0,1.6773265087977052E-05,-1.6773265087977052E-05,0.052199999998265412,0.00076882814755663276,0.00055970204994082451,0,0,0.028135370463132858,0,0.71387028694152832,0.15870285034179688,1.2014312744140625,0,0,0,10.603620529174805,14.60487174987793,2024,1042,0,10.205455780029297,11.001781463623047,14.066289901733398,15.267721176147461
40.479985657596373,31616.974219,HOLD,shoulder_pan_joint,1.5707963267948966,1.572137713432312,-0.0013413866374154537,0,-0.0035018296912312508,0.0035018296912312508,0.016311100000166334,0.00076882814755663276,0.00055970204994082451,0,0,-0.3936215341091156,0,0.71387028694152832,0.15870285034179688,1.2014312744140625,0,0,0,10.603620529174805,14.60487174987793,2025,1043,0,10.205455780029297,11.001781463623047,14.066289901733398,15.267721176147461
40.479985657596373,31616.9742773,HOLD,shoulder_lift_joint,0,0.005562562495470047,-0.005562562495470047,0,-0.011495978571474552,0.011495978571474552,0.016360900001018308,0.00076882814755663276,0.00055970204994082451,0,0,-10.051270484924316,0,0.71387028694152832,0.15870285034179688,1.2014312744140625,0,0,0,10.603620529174805,14.60487174987793,2025,1043,0,10.205455780029297,11.001781463623047,14.066289901733398,15.267721176147461
40.479985657596373,31616.9743662,HOLD,elbow_joint,0,0.0018307383870705962,-0.0018307383870705962,0,0.0073030814528465271,-0.0073030814528465271,0.01644750000195927,0.00076882814755663276,0.00055970204994082451,0,0,-9.74692153930664,0,0.71387028694152832,0.15870285034179688,1.2014312744140625,0,0,0,10.603620529174805,14.60487174987793,2025,1043,0,10.205455780029297,11.001781463623047,14.066289901733398,15.267721176147461
40.479985657596373,31616.9744032,HOLD,wrist_1_joint,0,-0.00028456645668484271,0.00028456645668484271,0,0.0011646593920886517,-0.0011646593920886517,0.016488500001287321,0.00076882814755663276,0.00055970204994082451,0,0,0.092827640473842621,0,0.71387028694152832,0.15870285034179688,1.2014312744140625,0,0,0,10.603620529174805,14.60487174987793,2025,1043,0,10.205455780029297,11.001781463623047,14.066289901733398,15.267721176147461
40.479985657596373,31616.9744417,HOLD,wrist_2_joint,1.5707963267948966,1.5856122970581055,-0.014815970263208911,0,0.0013901625061407685,-0.0013901625061407685,0.016524499998922693,0.00076882814755663276,0.00055970204994082451,0,0,-9.6359472274780273,0,0.71387028694152832,0.15870285034179688,1.2014312744140625,0,0,0,10.603620529174805,14.60487174987793,2025,1043,0,10.205455780029297,11.001781463623047,14.066289901733398,15.267721176147461
40.479985657596373,31616.9744772,HOLD,wrist_3_joint,0,-0.00010253099026158452,0.00010253099026158452,0,1.6773265087977052E-05,-1.6773265087977052E-05,0.016559499999857508,0.00076882814755663276,0.00055970204994082451,0,0,0.028135370463132858,0,0.71387028694152832,0.15870285034179688,1.2014312744140625,0,0,0,10.603620529174805,14.60487174987793,2025,1043,0,10.205455780029297,11.001781463623047,14.066289901733398,15.267721176147461
40.499985650510204,31616.9947755,HOLD,shoulder_pan_joint,1.5707963267948966,1.572137713432312,-0.0013413866374154537,0,-0.0035018296912312508,0.0035018296912312508,0.011674800000037067,0.00076882814755663276,0.00055970204994082451,0,0,-0.3936215341091156,0,0.71387028694152832,0.15870285034179688,1.2014312744140625,0,0,0,10.603620529174805,14.60487174987793,2026,1044,0,10.205455780029297,11.001781463623047,14.066289901733398,15.267721176147461
40.499985650510204,31616.9948232,HOLD,shoulder_lift_joint,0,0.005562562495470047,-0.005562562495470047,0,-0.011495978571474552,0.011495978571474552,0.011713099996995879,0.00076882814755663276,0.00055970204994082451,0,0,-10.051270484924316,0,0.71387028694152832,0.15870285034179688,1.2014312744140625,0,0,0,10.603620529174805,14.60487174987793,2026,1044,0,10.205455780029297,11.001781463623047,14.066289901733398,15.267721176147461
40.499985650510204,31616.9948556,HOLD,elbow_joint,0,0.0018307383870705962,-0.0018307383870705962,0,0.0073030814528465271,-0.0073030814528465271,0.01174909999826923,0.00076882814755663276,0.00055970204994082451,0,0,-9.74692153930664,0,0.71387028694152832,0.15870285034179688,1.2014312744140625,0,0,0,10.603620529174805,14.60487174987793,2026,1044,0,10.205455780029297,11.001781463623047,14.066289901733398,15.267721176147461
40.499985650510204,31616.994891,HOLD,wrist_1_joint,0,-0.00028456645668484271,0.00028456645668484271,0,0.0011646593920886517,-0.0011646593920886517,0.011781499997596256,0.00076882814755663276,0.00055970204994082451,0,0,0.092827640473842621,0,0.71387028694152832,0.15870285034179688,1.2014312744140625,0,0,0,10.603620529174805,14.60487174987793,2026,1044,0,10.205455780029297,11.001781463623047,14.066289901733398,15.267721176147461
40.499985650510204,31616.9949744,HOLD,wrist_2_joint,1.5707963267948966,1.5856122970581055,-0.014815970263208911,0,0.0013901625061407685,-0.0013901625061407685,0.011872299997776281,0.00076882814755663276,0.00055970204994082451,0,0,-9.6359472274780273,0,0.71387028694152832,0.15870285034179688,1.2014312744140625,0,0,0,10.603620529174805,14.60487174987793,2026,1044,0,10.205455780029297,11.001781463623047,14.066289901733398,15.267721176147461
40.499985650510204,31616.9950135,HOLD,wrist_3_joint,0,-0.00010253099026158452,0.00010253099026158452,0,1.6773265087977052E-05,-1.6773265087977052E-05,0.011904299997695489,0.00076882814755663276,0.00055970204994082451,0,0,0.028135370463132858,0,0.71387028694152832,0.15870285034179688,1.2014312744140625,0,0,0,10.603620529174805,14.60487174987793,2026,1044,0,10.205455780029297,11.001781463623047,14.066289901733398,15.267721176147461
40.519985643424036,31617.0141859,HOLD,shoulder_pan_joint,1.5707963267948966,1.572137713432312,-0.0013413866374154537,0,-0.0035018296912312508,0.0035018296912312508,0.018998499999725027,0.00076882814755663276,0.00055970204994082451,0,0,-0.3936215341091156,0,0.71387028694152832,0.15870285034179688,1.2014312744140625,0,0,0,10.603620529174805,14.60487174987793,2027,1045,0,10.205455780029297,11.001781463623047,14.066289901733398,15.267721176147461
40.519985643424036,31617.0142275,HOLD,shoulder_lift_joint,0,0.005562562495470047,-0.005562562495470047,0,-0.011495978571474552,0.011495978571474552,0.019031700001505669,0.00076882814755663276,0.00055970204994082451,0,0,-10.051270484924316,0,0.71387028694152832,0.15870285034179688,1.2014312744140625,0,0,0,10.603620529174805,14.60487174987793,2027,1045,0,10.205455780029297,11.001781463623047,14.066289901733398,15.267721176147461
40.519985643424036,31617.0142628,HOLD,elbow_joint,0,0.0018307383870705962,-0.0018307383870705962,0,0.0073030814528465271,-0.0073030814528465271,0.019068200002948288,0.00076882814755663276,0.00055970204994082451,0,0,-9.74692153930664,0,0.71387028694152832,0.15870285034179688,1.2014312744140625,0,0,0,10.603620529174805,14.60487174987793,2027,1045,0,10.205455780029297,11.001781463623047,14.066289901733398,15.267721176147461
40.519985643424036,31617.0142962,HOLD,wrist_1_joint,0,-0.00028456645668484271,0.00028456645668484271,0,0.0011646593920886517,-0.0011646593920886517,0.019100700003036764,0.00076882814755663276,0.00055970204994082451,0,0,0.092827640473842621,0,0.71387028694152832,0.15870285034179688,1.2014312744140625,0,0,0,10.603620529174805,14.60487174987793,2027,1045,0,10.205455780029297,11.001781463623047,14.066289901733398,15.267721176147461
40.519985643424036,31617.0143278,HOLD,wrist_2_joint,1.5707963267948966,1.5856122970581055,-0.014815970263208911,0,0.0013901625061407685,-0.0013901625061407685,0.019133699999656528,0.00076882814755663276,0.00055970204994082451,0,0,-9.6359472274780273,0,0.71387028694152832,0.15870285034179688,1.2014312744140625,0,0,0,10.603620529174805,14.60487174987793,2027,1045,0,10.205455780029297,11.001781463623047,14.066289901733398,15.267721176147461
40.519985643424036,31617.014362,HOLD,wrist_3_joint,0,-0.00010253099026158452,0.00010253099026158452,0,1.6773265087977052E-05,-1.6773265087977052E-05,0.019166800000675721,0.00076882814755663276,0.00055970204994082451,0,0,0.028135370463132858,0,0.71387028694152832,0.15870285034179688,1.2014312744140625,0,0,0,10.603620529174805,14.60487174987793,2027,1045,0,10.205455780029297,11.001781463623047,14.066289901733398,15.267721176147461
40.539985636337867,31617.031808,HOLD,shoulder_pan_joint,1.5707963267948966,1.572137713432312,-0.0013413866374154537,0,-0.0035018296912312508,0.0035018296912312508,0.017310300001554424,0.00076882814755663276,0.00055970204994082451,0,0,-0.3936215341091156,0,0.71387028694152832,0.15870285034179688,1.2014312744140625,0,0,0,10.603620529174805,14.60487174987793,2028,1046,0,10.205455780029297,11.001781463623047,14.066289901733398,15.267721176147461
40.539985636337867,31617.0318514,HOLD,shoulder_lift_joint,0,0.005562562495470047,-0.005562562495470047,0,-0.011495978571474552,0.011495978571474552,0.017377100000885548,0.00076882814755663276,0.00055970204994082451,0,0,-10.051270484924316,0,0.71387028694152832,0.15870285034179688,1.2014312744140625,0,0,0,10.603620529174805,14.60487174987793,2028,1046,0,10.205455780029297,11.001781463623047,14.066289901733398,15.267721176147461
40.539985636337867,31617.0319492,HOLD,elbow_joint,0,0.0018307383870705962,-0.0018307383870705962,0,0.0073030814528465271,-0.0073030814528465271,0.017468400001234841,0.00076882814755663276,0.00055970204994082451,0,0,-9.74692153930664,0,0.71387028694152832,0.15870285034179688,1.2014312744140625,0,0,0,10.603620529174805,14.60487174987793,2028,1046,0,10.205455780029297,11.001781463623047,14.066289901733398,15.267721176147461
40.539985636337867,31617.032051,HOLD,wrist_1_joint,0,-0.00028456645668484271,0.00028456645668484271,0,0.0011646593920886517,-0.0011646593920886517,0.017546700000821147,0.00076882814755663276,0.00055970204994082451,0,0,0.092827640473842621,0,0.71387028694152832,0.15870285034179688,1.2014312744140625,0,0,0,10.603620529174805,14.60487174987793,2028,1046,0,10.205455780029297,11.001781463623047,14.066289901733398,15.267721176147461
40.539985636337867,31617.0320829,HOLD,wrist_2_joint,1.5707963267948966,1.5856122970581055,-0.014815970263208911,0,0.0013901625061407685,-0.0013901625061407685,0.01757999999972526,0.00076882814755663276,0.00055970204994082451,0,0,-9.6359472274780273,0,0.71387028694152832,0.15870285034179688,1.2014312744140625,0,0,0,10.603620529174805,14.60487174987793,2028,1046,0,10.205455780029297,11.001781463623047,14.066289901733398,15.267721176147461
40.539985636337867,31617.0321137,HOLD,wrist_3_joint,0,-0.00010253099026158452,0.00010253099026158452,0,1.6773265087977052E-05,-1.6773265087977052E-05,0.017609200000151759,0.00076882814755663276,0.00055970204994082451,0,0,0.028135370463132858,0,0.71387028694152832,0.15870285034179688,1.2014312744140625,0,0,0,10.603620529174805,14.60487174987793,2028,1046,0,10.205455780029297,11.001781463623047,14.066289901733398,15.267721176147461
40.5599856292517,31617.0525012,HOLD,shoulder_pan_joint,1.5707963267948966,1.572137713432312,-0.0013413866374154537,0,-0.0035018296912312508,0.0035018296912312508,0.0040012999997998122,0.00076882814755663276,0.00055970204994082451,0,0,-0.3936215341091156,0,0.71387028694152832,0.15870285034179688,1.2014312744140625,0,0,0,10.603620529174805,14.60487174987793,2029,1047,0,10.205455780029297,11.001781463623047,14.066289901733398,15.267721176147461
40.5599856292517,31617.0525422,HOLD,shoulder_lift_joint,0,0.005562562495470047,-0.005562562495470047,0,-0.011495978571474552,0.011495978571474552,0.0040350000017497223,0.00076882814755663276,0.00055970204994082451,0,0,-10.051270484924316,0,0.71387028694152832,0.15870285034179688,1.2014312744140625,0,0,0,10.603620529174805,14.60487174987793,2029,1047,0,10.205455780029297,11.001781463623047,14.066289901733398,15.267721176147461
40.5599856292517,31617.0525782,HOLD,elbow_joint,0,0.0018307383870705962,-0.0018307383870705962,0,0.0073030814528465271,-0.0073030814528465271,0.0040909000017563812,0.00076882814755663276,0.00055970204994082451,0,0,-9.74692153930664,0,0.71387028694152832,0.15870285034179688,1.2014312744140625,0,0,0,10.603620529174805,14.60487174987793,2029,1047,0,10.205455780029297,11.001781463623047,14.066289901733398,15.267721176147461
40.5599856292517,31617.0526294,HOLD,wrist_1_joint,0,-0.00028456645668484271,0.00028456645668484271,0,0.0011646593920886517,-0.0011646593920886517,0.004121300000406336,0.00076882814755663276,0.00055970204994082451,0,0,0.092827640473842621,0,0.71387028694152832,0.15870285034179688,1.2014312744140625,0,0,0,10.603620529174805,14.60487174987793,2029,1047,0,10.205455780029297,11.001781463623047,14.066289901733398,15.267721176147461
40.5599856292517,31617.0526602,HOLD,wrist_2_joint,1.5707963267948966,1.5856122970581055,-0.014815970263208911,0,0.0013901625061407685,-0.0013901625061407685,0.0041536000026098918,0.00076882814755663276,0.00055970204994082451,0,0,-9.6359472274780273,0,0.71387028694152832,0.15870285034179688,1.2014312744140625,0,0,0,10.603620529174805,14.60487174987793,2029,1047,0,10.205455780029297,11.001781463623047,14.066289901733398,15.267721176147461
40.5599856292517,31617.0526895,HOLD,wrist_3_joint,0,-0.00010253099026158452,0.00010253099026158452,0,1.6773265087977052E-05,-1.6773265087977052E-05,0.004181200001767138,0.00076882814755663276,0.00055970204994082451,0,0,0.028135370463132858,0,0.71387028694152832,0.15870285034179688,1.2014312744140625,0,0,0,10.603620529174805,14.60487174987793,2029,1047,0,10.205455780029297,11.001781463623047,14.066289901733398,15.267721176147461
40.57998562216553,31617.0734068,HOLD,shoulder_pan_joint,1.5707963267948966,1.572137713432312,-0.0013413866374154537,0,-0.0035018296912312508,0.0035018296912312508,0.012562400002934737,0.00076882814755663276,0.00055970204994082451,0,0,-0.3936215341091156,0,0.71387028694152832,0.15870285034179688,1.2014312744140625,0,0,0,10.603620529174805,14.60487174987793,2030,1048,0,10.205455780029297,11.001781463623047,14.066289901733398,15.267721176147461
40.57998562216553,31617.0735,HOLD,shoulder_lift_joint,0,0.005562562495470047,-0.005562562495470047,0,-0.011495978571474552,0.011495978571474552,0.012648300002183532,0.00076882814755663276,0.00055970204994082451,0,0,-10.051270484924316,0,0.71387028694152832,0.15870285034179688,1.2014312744140625,0,0,0,10.603620529174805,14.60487174987793,2030,1048,0,10.205455780029297,11.001781463623047,14.066289901733398,15.267721176147461
40.57998562216553,31617.073552,HOLD,elbow_joint,0,0.0018307383870705962,-0.0018307383870705962,0,0.0073030814528465271,-0.0073030814528465271,0.012702600000920938,0.00076882814755663276,0.00055970204994082451,0,0,-9.74692153930664,0,0.71387028694152832,0.15870285034179688,1.2014312744140625,0,0,0,10.603620529174805,14.60487174987793,2030,1048,0,10.205455780029297,11.001781463623047,14.066289901733398,15.267721176147461
40.57998562216553,31617.0735916,HOLD,wrist_1_joint,0,-0.00028456645668484271,0.00028456645668484271,0,0.0011646593920886517,-0.0011646593920886517,0.012741000002279179,0.00076882814755663276,0.00055970204994082451,0,0,0.092827640473842621,0,0.71387028694152832,0.15870285034179688,1.2014312744140625,0,0,0,10.603620529174805,14.60487174987793,2030,1048,0,10.205455780029297,11.001781463623047,14.066289901733398,15.267721176147461
40.57998562216553,31617.0736292,HOLD,wrist_2_joint,1.5707963267948966,1.5856122970581055,-0.014815970263208911,0,0.0013901625061407685,-0.0013901625061407685,0.012778899999830173,0.00076882814755663276,0.00055970204994082451,0,0,-9.6359472274780273,0,0.71387028694152832,0.15870285034179688,1.2014312744140625,0,0,0,10.603620529174805,14.60487174987793,2030,1048,0,10.205455780029297,11.001781463623047,14.066289901733398,15.267721176147461
40.57998562216553,31617.0736629,HOLD,wrist_3_joint,0,-0.00010253099026158452,0.00010253099026158452,0,1.6773265087977052E-05,-1.6773265087977052E-05,0.012811300002795178,0.00076882814755663276,0.00055970204994082451,0,0,0.028135370463132858,0,0.71387028694152832,0.15870285034179688,1.2014312744140625,0,0,0,10.603620529174805,14.60487174987793,2030,1048,0,10.205455780029297,11.001781463623047,14.066289901733398,15.267721176147461
40.599985615079362,31617.0932066,HOLD,shoulder_pan_joint,1.5707963267948966,1.572137713432312,-0.0013413866374154537,0,-0.0035018296912312508,0.0035018296912312508,0.032360200002585771,0.00076882814755663276,0.00055970204994082451,0,0,-0.3936215341091156,0,0.71387028694152832,0.15870285034179688,1.2014312744140625,0,0,0,10.603620529174805,14.60487174987793,2031,1048,0,10.205455780029297,11.001781463623047,14.066289901733398,15.267721176147461
40.599985615079362,31617.0932485,HOLD,shoulder_lift_joint,0,0.005562562495470047,-0.005562562495470047,0,-0.011495978571474552,0.011495978571474552,0.032396300000982592,0.00076882814755663276,0.00055970204994082451,0,0,-10.051270484924316,0,0.71387028694152832,0.15870285034179688,1.2014312744140625,0,0,0,10.603620529174805,14.60487174987793,2031,1048,0,10.205455780029297,11.001781463623047,14.066289901733398,15.267721176147461
40.599985615079362,31617.0932842,HOLD,elbow_joint,0,0.0018307383870705962,-0.0018307383870705962,0,0.0073030814528465271,-0.0073030814528465271,0.032431700001325225,0.00076882814755663276,0.00055970204994082451,0,0,-9.74692153930664,0,0.71387028694152832,0.15870285034179688,1.2014312744140625,0,0,0,10.603620529174805,14.60487174987793,2031,1048,0,10.205455780029297,11.001781463623047,14.066289901733398,15.267721176147461
40.599985615079362,31617.0933191,HOLD,wrist_1_joint,0,-0.00028456645668484271,0.00028456645668484271,0,0.0011646593920886517,-0.0011646593920886517,0.032467400000314228,0.00076882814755663276,0.00055970204994082451,0,0,0.092827640473842621,0,0.71387028694152832,0.15870285034179688,1.2014312744140625,0,0,0,10.603620529174805,14.60487174987793,2031,1048,0,10.205455780029297,11.001781463623047,14.066289901733398,15.267721176147461
40.599985615079362,31617.0933905,HOLD,wrist_2_joint,1.5707963267948966,1.5856122970581055,-0.014815970263208911,0,0.0013901625061407685,-0.0013901625061407685,0.032540500000322936,0.00076882814755663276,0.00055970204994082451,0,0,-9.6359472274780273,0,0.71387028694152832,0.15870285034179688,1.2014312744140625,0,0,0,10.603620529174805,14.60487174987793,2031,1048,0,10.205455780029297,11.001781463623047,14.066289901733398,15.267721176147461
40.599985615079362,31617.0934249,HOLD,wrist_3_joint,0,-0.00010253099026158452,0.00010253099026158452,0,1.6773265087977052E-05,-1.6773265087977052E-05,0.032573100001172861,0.00076882814755663276,0.00055970204994082451,0,0,0.028135370463132858,0,0.71387028694152832,0.15870285034179688,1.2014312744140625,0,0,0,10.603620529174805,14.60487174987793,2031,1048,0,10.205455780029297,11.001781463623047,14.066289901733398,15.267721176147461
40.619985607993193,31617.1130748,HOLD,shoulder_pan_joint,1.5707963267948966,1.572137713432312,-0.0013413866374154537,0,-0.0035018296912312508,0.0035018296912312508,0.052230299999791896,0.00076882814755663276,0.00055970204994082451,0,0,-0.3936215341091156,0,0.71387028694152832,0.15870285034179688,1.2014312744140625,0,0,0,10.603620529174805,14.60487174987793,2032,1048,0,10.205455780029297,11.001781463623047,14.066289901733398,15.267721176147461
40.619985607993193,31617.1131184,HOLD,shoulder_lift_joint,0,0.005562562495470047,-0.005562562495470047,0,-0.011495978571474552,0.011495978571474552,0.052265800000895979,0.00076882814755663276,0.00055970204994082451,0,0,-10.051270484924316,0,0.71387028694152832,0.15870285034179688,1.2014312744140625,0,0,0,10.603620529174805,14.60487174987793,2032,1048,0,10.205455780029297,11.001781463623047,14.066289901733398,15.267721176147461
40.619985607993193,31617.1131489,HOLD,elbow_joint,0,0.0018307383870705962,-0.0018307383870705962,0,0.0073030814528465271,-0.0073030814528465271,0.052295800000138115,0.00076882814755663276,0.00055970204994082451,0,0,-9.74692153930664,0,0.71387028694152832,0.15870285034179688,1.2014312744140625,0,0,0,10.603620529174805,14.60487174987793,2032,1048,0,10.205455780029297,11.001781463623047,14.066289901733398,15.267721176147461
40.619985607993193,31617.1131841,HOLD,wrist_1_joint,0,-0.00028456645668484271,0.00028456645668484271,0,0.0011646593920886517,-0.0011646593920886517,0.052334100000734907,0.00076882814755663276,0.00055970204994082451,0,0,0.092827640473842621,0,0.71387028694152832,0.15870285034179688,1.2014312744140625,0,0,0,10.603620529174805,14.60487174987793,2032,1048,0,10.205455780029297,11.001781463623047,14.066289901733398,15.267721176147461
40.619985607993193,31617.1132157,HOLD,wrist_2_joint,1.5707963267948966,1.5856122970581055,-0.014815970263208911,0,0.0013901625061407685,-0.0013901625061407685,0.05236450000302284,0.00076882814755663276,0.00055970204994082451,0,0,-9.6359472274780273,0,0.71387028694152832,0.15870285034179688,1.2014312744140625,0,0,0,10.603620529174805,14.60487174987793,2032,1048,0,10.205455780029297,11.001781463623047,14.066289901733398,15.267721176147461
40.619985607993193,31617.1132505,HOLD,wrist_3_joint,0,-0.00010253099026158452,0.00010253099026158452,0,1.6773265087977052E-05,-1.6773265087977052E-05,0.052398499999981141,0.00076882814755663276,0.00055970204994082451,0,0,0.028135370463132858,0,0.71387028694152832,0.15870285034179688,1.2014312744140625,0,0,0,10.603620529174805,14.60487174987793,2032,1048,0,10.205455780029297,11.001781463623047,14.066289901733398,15.267721176147461
40.639985600907025,31617.1343672,HOLD,shoulder_pan_joint,1.5707963267948966,1.572137713432312,-0.0013413866374154537,0,-0.0035018296912312508,0.0035018296912312508,0.073522700000467012,0.00076882814755663276,0.00055970204994082451,0,0,-0.3936215341091156,0,0.71387028694152832,0.15870285034179688,1.2014312744140625,0,0,0,10.603620529174805,14.60487174987793,2033,1048,0,10.205455780029297,11.001781463623047,14.066289901733398,15.267721176147461
40.639985600907025,31617.1344081,HOLD,shoulder_lift_joint,0,0.005562562495470047,-0.005562562495470047,0,-0.011495978571474552,0.011495978571474552,0.073555400002078386,0.00076882814755663276,0.00055970204994082451,0,0,-10.051270484924316,0,0.71387028694152832,0.15870285034179688,1.2014312744140625,0,0,0,10.603620529174805,14.60487174987793,2033,1048,0,10.205455780029297,11.001781463623047,14.066289901733398,15.267721176147461
40.639985600907025,31617.1344875,HOLD,elbow_joint,0,0.0018307383870705962,-0.0018307383870705962,0,0.0073030814528465271,-0.0073030814528465271,0.073636200002511032,0.00076882814755663276,0.00055970204994082451,0,0,-9.74692153930664,0,0.71387028694152832,0.15870285034179688,1.2014312744140625,0,0,0,10.603620529174805,14.60487174987793,2033,1048,0,10.205455780029297,11.001781463623047,14.066289901733398,15.267721176147461
40.639985600907025,31617.1345184,HOLD,wrist_1_joint,0,-0.00028456645668484271,0.00028456645668484271,0,0.0011646593920886517,-0.0011646593920886517,0.07366600000023027,0.00076882814755663276,0.00055970204994082451,0,0,0.092827640473842621,0,0.71387028694152832,0.15870285034179688,1.2014312744140625,0,0,0,10.603620529174805,14.60487174987793,2033,1048,0,10.205455780029297,11.001781463623047,14.066289901733398,15.267721176147461
40.639985600907025,31617.1345484,HOLD,wrist_2_joint,1.5707963267948966,1.5856122970581055,-0.014815970263208911,0,0.0013901625061407685,-0.0013901625061407685,0.07369720000133384,0.00076882814755663276,0.00055970204994082451,0,0,-9.6359472274780273,0,0.71387028694152832,0.15870285034179688,1.2014312744140625,0,0,0,10.603620529174805,14.60487174987793,2033,1048,0,10.205455780029297,11.001781463623047,14.066289901733398,15.267721176147461
40.639985600907025,31617.134578,HOLD,wrist_3_joint,0,-0.00010253099026158452,0.00010253099026158452,0,1.6773265087977052E-05,-1.6773265087977052E-05,0.073725500002183253,0.00076882814755663276,0.00055970204994082451,0,0,0.028135370463132858,0,0.71387028694152832,0.15870285034179688,1.2014312744140625,0,0,0,10.603620529174805,14.60487174987793,2033,1048,0,10.205455780029297,11.001781463623047,14.066289901733398,15.267721176147461
40.659985593820863,31617.1545311,HOLD,shoulder_pan_joint,1.5707963267948966,1.572137713432312,-0.0013413866374154537,0,-0.0035018296912312508,0.0035018296912312508,0.093687300002784468,0.00076882814755663276,0.00055970204994082451,0,0,-0.3936215341091156,0,0.71387028694152832,0.15870285034179688,1.2014312744140625,0,0,0,10.603620529174805,14.60487174987793,2034,1048,0,10.205455780029297,11.001781463623047,14.066289901733398,15.267721176147461
40.659985593820863,31617.1545764,HOLD,shoulder_lift_joint,0,0.005562562495470047,-0.005562562495470047,0,-0.011495978571474552,0.011495978571474552,0.093724400001519825,0.00076882814755663276,0.00055970204994082451,0,0,-10.051270484924316,0,0.71387028694152832,0.15870285034179688,1.2014312744140625,0,0,0,10.603620529174805,14.60487174987793,2034,1048,0,10.205455780029297,11.001781463623047,14.066289901733398,15.267721176147461
40.659985593820863,31617.1546122,HOLD,elbow_joint,0,0.0018307383870705962,-0.0018307383870705962,0,0.0073030814528465271,-0.0073030814528465271,0.093759900002623908,0.00076882814755663276,0.00055970204994082451,0,0,-9.74692153930664,0,0.71387028694152832,0.15870285034179688,1.2014312744140625,0,0,0,10.603620529174805,14.60487174987793,2034,1048,0,10.205455780029297,11.001781463623047,14.066289901733398,15.267721176147461
40.659985593820863,31617.1546466,HOLD,wrist_1_joint,0,-0.00028456645668484271,0.00028456645668484271,0,0.0011646593920886517,-0.0011646593920886517,0.093794500000512926,0.00076882814755663276,0.00055970204994082451,0,0,0.092827640473842621,0,0.71387028694152832,0.15870285034179688,1.2014312744140625,0,0,0,10.603620529174805,14.60487174987793,2034,1048,0,10.205455780029297,11.001781463623047,14.066289901733398,15.267721176147461
40.659985593820863,31617.154679,HOLD,wrist_2_joint,1.5707963267948966,1.5856122970581055,-0.014815970263208911,0,0.0013901625061407685,-0.0013901625061407685,0.093828400000347756,0.00076882814755663276,0.00055970204994082451,0,0,-9.6359472274780273,0,0.71387028694152832,0.15870285034179688,1.2014312744140625,0,0,0,10.603620529174805,14.60487174987793,2034,1048,0,10.205455780029297,11.001781463623047,14.066289901733398,15.267721176147461
40.659985593820863,31617.1547604,HOLD,wrist_3_joint,0,-0.00010253099026158452,0.00010253099026158452,0,1.6773265087977052E-05,-1.6773265087977052E-05,0.0939092000007804,0.00076882814755663276,0.00055970204994082451,0,0,0.028135370463132858,0,0.71387028694152832,0.15870285034179688,1.2014312744140625,0,0,0,10.603620529174805,14.60487174987793,2034,1048,0,10.205455780029297,11.001781463623047,14.066289901733398,15.267721176147461
40.679985586734695,31617.1718015,HOLD,shoulder_pan_joint,1.5707963267948966,1.572137713432312,-0.0013413866374154537,0,-0.0035018296912312508,0.0035018296912312508,0.0043051000029663555,0.00076882814755663276,0.00055970204994082451,0,0,-0.3936215341091156,0,0.71387028694152832,0.15870285034179688,1.2014312744140625,0,0,0,10.603620529174805,14.60487174987793,2035,1049,0,10.205455780029297,11.001781463623047,14.066289901733398,15.267721176147461
40.679985586734695,31617.1718426,HOLD,shoulder_lift_joint,0,0.005562562495470047,-0.005562562495470047,0,-0.011495978571474552,0.011495978571474552,0.0043398000016168226,0.00076882814755663276,0.00055970204994082451,0,0,-10.051270484924316,0,0.71387028694152832,0.15870285034179688,1.2014312744140625,0,0,0,10.603620529174805,14.60487174987793,2035,1049,0,10.205455780029297,11.001781463623047,14.066289901733398,15.267721176147461
40.679985586734695,31617.171872,HOLD,elbow_joint,0,0.0018307383870705962,-0.0018307383870705962,0,0.0073030814528465271,-0.0073030814528465271,0.0043688000005204231,0.00076882814755663276,0.00055970204994082451,0,0,-9.74692153930664,0,0.71387028694152832,0.15870285034179688,1.2014312744140625,0,0,0,10.603620529174805,14.60487174987793,2035,1049,0,10.205455780029297,11.001781463623047,14.066289901733398,15.267721176147461
40.679985586734695,31617.1719025,HOLD,wrist_1_joint,0,-0.00028456645668484271,0.00028456645668484271,0,0.0011646593920886517,-0.0011646593920886517,0.004400600002554711,0.00076882814755663276,0.00055970204994082451,0,0,0.092827640473842621,0,0.71387028694152832,0.15870285034179688,1.2014312744140625,0,0,0,10.603620529174805,14.60487174987793,2035,1049,0,10.205455780029297,11.001781463623047,14.066289901733398,15.267721176147461
40.679985586734695,31617.1719322,HOLD,wrist_2_joint,1.5707963267948966,1.5856122970581055,-0.014815970263208911,0,0.0013901625061407685,-0.0013901625061407685,0.0044307999996817671,0.00076882814755663276,0.00055970204994082451,0,0,-9.6359472274780273,0,0.71387028694152832,0.15870285034179688,1.2014312744140625,0,0,0,10.603620529174805,14.60487174987793,2035,1049,0,10.205455780029297,11.001781463623047,14.066289901733398,15.267721176147461
40.679985586734695,31617.171961,HOLD,wrist_3_joint,0,-0.00010253099026158452,0.00010253099026158452,0,1.6773265087977052E-05,-1.6773265087977052E-05,0.0044583000017155427,0.00076882814755663276,0.00055970204994082451,0,0,0.028135370463132858,0,0.71387028694152832,0.15870285034179688,1.2014312744140625,0,0,0,10.603620529174805,14.60487174987793,2035,1049,0,10.205455780029297,11.001781463623047,14.066289901733398,15.267721176147461
40.699985579648526,31617.1917826,HOLD,shoulder_pan_joint,1.5707963267948966,1.572137713432312,-0.0013413866374154537,0,-0.0035018296912312508,0.0035018296912312508,0.02428880000297795,0.00076882814755663276,0.00055970204994082451,0,0,-0.3936215341091156,0,0.71387028694152832,0.15870285034179688,1.2014312744140625,0,0,0,10.603620529174805,14.60487174987793,2036,1049,0,10.205455780029297,11.001781463623047,14.066289901733398,15.267721176147461
40.699985579648526,31617.1918273,HOLD,shoulder_lift_joint,0,0.005562562495470047,-0.005562562495470047,0,-0.011495978571474552,0.011495978571474552,0.024325200000021141,0.00076882814755663276,0.00055970204994082451,0,0,-10.051270484924316,0,0.71387028694152832,0.15870285034179688,1.2014312744140625,0,0,0,10.603620529174805,14.60487174987793,2036,1049,0,10.205455780029297,11.001781463623047,14.066289901733398,15.267721176147461
40.699985579648526,31617.1919062,HOLD,elbow_joint,0,0.0018307383870705962,-0.0018307383870705962,0,0.0073030814528465271,-0.0073030814528465271,0.024403999999776715,0.00076882814755663276,0.00055970204994082451,0,0,-9.74692153930664,0,0.71387028694152832,0.15870285034179688,1.2014312744140625,0,0,0,10.603620529174805,14.60487174987793,2036,1049,0,10.205455780029297,11.001781463623047,14.066289901733398,15.267721176147461
40.699985579648526,31617.1919414,HOLD,wrist_1_joint,0,-0.00028456645668484271,0.00028456645668484271,0,0.0011646593920886517,-0.0011646593920886517,0.024439600001642248,0.00076882814755663276,0.00055970204994082451,0,0,0.092827640473842621,0,0.71387028694152832,0.15870285034179688,1.2014312744140625,0,0,0,10.603620529174805,14.60487174987793,2036,1049,0,10.205455780029297,11.001781463623047,14.066289901733398,15.267721176147461
40.699985579648526,31617.1919726,HOLD,wrist_2_joint,1.5707963267948966,1.5856122970581055,-0.014815970263208911,0,0.0013901625061407685,-0.0013901625061407685,0.024472100001730723,0.00076882814755663276,0.00055970204994082451,0,0,-9.6359472274780273,0,0.71387028694152832,0.15870285034179688,1.2014312744140625,0,0,0,10.603620529174805,14.60487174987793,2036,1049,0,10.205455780029297,11.001781463623047,14.066289901733398,15.267721176147461
40.699985579648526,31617.192005,HOLD,wrist_3_joint,0,-0.00010253099026158452,0.00010253099026158452,0,1.6773265087977052E-05,-1.6773265087977052E-05,0.024510600000212435,0.00076882814755663276,0.00055970204994082451,0,0,0.028135370463132858,0,0.71387028694152832,0.15870285034179688,1.2014312744140625,0,0,0,10.603620529174805,14.60487174987793,2036,1049,0,10.205455780029297,11.001781463623047,14.066289901733398,15.267721176147461
40.719985572562358,31617.2111123,HOLD,shoulder_pan_joint,1.5707963267948966,1.572137713432312,-0.0013413866374154537,0,-0.0035018296912312508,0.0035018296912312508,0.014639100001659244,0.00076882814755663276,0.00055970204994082451,0,0,-0.3936215341091156,0,0.71387028694152832,0.15870285034179688,1.2014312744140625,0,0,0,10.603620529174805,14.60487174987793,2037,1050,0,10.205455780029297,11.001781463623047,14.066289901733398,15.267721176147461
40.719985572562358,31617.2111558,HOLD,shoulder_lift_joint,0,0.005562562495470047,-0.005562562495470047,0,-0.011495978571474552,0.011495978571474552,0.014677700000902405,0.00076882814755663276,0.00055970204994082451,0,0,-10.051270484924316,0,0.71387028694152832,0.15870285034179688,1.2014312744140625,0,0,0,10.603620529174805,14.60487174987793,2037,1050,0,10.205455780029297,11.001781463623047,14.066289901733398,15.267721176147461
40.719985572562358,31617.2111881,HOLD,elbow_joint,0,0.0018307383870705962,-0.0018307383870705962,0,0.0073030814528465271,-0.0073030814528465271,0.014709200000652345,0.00076882814755663276,0.00055970204994082451,0,0,-9.74692153930664,0,0.71387028694152832,0.15870285034179688,1.2014312744140625,0,0,0,10.603620529174805,14.60487174987793,2037,1050,0,10.205455780029297,11.001781463623047,14.066289901733398,15.267721176147461
40.719985572562358,31617.2112195,HOLD,wrist_1_joint,0,-0.00028456645668484271,0.00028456645668484271,0,0.0011646593920886517,-0.0011646593920886517,0.014740899998287205,0.00076882814755663276,0.00055970204994082451,0,0,0.092827640473842621,0,0.71387028694152832,0.15870285034179688,1.2014312744140625,0,0,0,10.603620529174805,14.60487174987793,2037,1050,0,10.205455780029297,11.001781463623047,14.066289901733398,15.267721176147461
40.719985572562358,31617.2112502,HOLD,wrist_2_joint,1.5707963267948966,1.5856122970581055,-0.014815970263208911,0,0.0013901625061407685,-0.0013901625061407685,0.01477320000049076,0.00076882814755663276,0.00055970204994082451,0,0,-9.6359472274780273,0,0.71387028694152832,0.15870285034179688,1.2014312744140625,0,0,0,10.603620529174805,14.60487174987793,2037,1050,0,10.205455780029297,11.001781463623047,14.066289901733398,15.267721176147461
40.719985572562358,31617.2112818,HOLD,wrist_3_joint,0,-0.00010253099026158452,0.00010253099026158452,0,1.6773265087977052E-05,-1.6773265087977052E-05,0.014803499998379266,0.00076882814755663276,0.00055970204994082451,0,0,0.028135370463132858,0,0.71387028694152832,0.15870285034179688,1.2014312744140625,0,0,0,10.603620529174805,14.60487174987793,2037,1050,0,10.205455780029297,11.001781463623047,14.066289901733398,15.267721176147461
40.739985565476189,31617.2328389,HOLD,shoulder_pan_joint,1.5707963267948966,1.572137713432312,-0.0013413866374154537,0,-0.0035018296912312508,0.0035018296912312508,0.0081251000010524876,0.00076882814755663276,0.00055970204994082451,0,0,-0.3936215341091156,0,0.71387028694152832,0.15870285034179688,1.2014312744140625,0,0,0,10.603620529174805,14.60487174987793,2038,1051,0,10.205455780029297,11.001781463623047,14.066289901733398,15.267721176147461
40.739985565476189,31617.232882,HOLD,shoulder_lift_joint,0,0.005562562495470047,-0.005562562495470047,0,-0.011495978571474552,0.011495978571474552,0.0081581000013102312,0.00076882814755663276,0.00055970204994082451,0,0,-10.051270484924316,0,0.71387028694152832,0.15870285034179688,1.2014312744140625,0,0,0,10.603620529174805,14.60487174987793,2038,1051,0,10.205455780029297,11.001781463623047,14.066289901733398,15.267721176147461
40.739985565476189,31617.232913,HOLD,elbow_joint,0,0.0018307383870705962,-0.0018307383870705962,0,0.0073030814528465271,-0.0073030814528465271,0.0081979000024148263,0.00076882814755663276,0.00055970204994082451,0,0,-9.74692153930664,0,0.71387028694152832,0.15870285034179688,1.2014312744140625,0,0,0,10.603620529174805,14.60487174987793,2038,1051,0,10.205455780029297,11.001781463623047,14.066289901733398,15.267721176147461
40.739985565476189,31617.2329516,HOLD,wrist_1_joint,0,-0.00028456645668484271,0.00028456645668484271,0,0.0011646593920886517,-0.0011646593920886517,0.0082282000003033318,0.00076882814755663276,0.00055970204994082451,0,0,0.092827640473842621,0,0.71387028694152832,0.15870285034179688,1.2014312744140625,0,0,0,10.603620529174805,14.60487174987793,2038,1051,0,10.205455780029297,11.001781463623047,14.066289901733398,15.267721176147461
40.739985565476189,31617.2329817,HOLD,wrist_2_joint,1.5707963267948966,1.5856122970581055,-0.014815970263208911,0,0.0013901625061407685,-0.0013901625061407685,0.0082591999998840038,0.00076882814755663276,0.00055970204994082451,0,0,-9.6359472274780273,0,0.71387028694152832,0.15870285034179688,1.2014312744140625,0,0,0,10.603620529174805,14.60487174987793,2038,1051,0,10.205455780029297,11.001781463623047,14.066289901733398,15.267721176147461
40.739985565476189,31617.2330123,HOLD,wrist_3_joint,0,-0.00010253099026158452,0.00010253099026158452,0,1.6773265087977052E-05,-1.6773265087977052E-05,0.0082888000033563,0.00076882814755663276,0.00055970204994082451,0,0,0.028135370463132858,0,0.71387028694152832,0.15870285034179688,1.2014312744140625,0,0,0,10.603620529174805,14.60487174987793,2038,1051,0,10.205455780029297,11.001781463623047,14.066289901733398,15.267721176147461
40.759985558390021,31617.2511398,HOLD,shoulder_pan_joint,1.5707963267948966,1.572137713432312,-0.0013413866374154537,0,-0.0035018296912312508,0.0035018296912312508,0.02642550000018673,0.00076882814755663276,0.00055970204994082451,0,0,-0.3936215341091156,0,0.71387028694152832,0.15870285034179688,1.2014312744140625,0,0,0,10.603620529174805,14.60487174987793,2039,1051,0,10.205455780029297,11.001781463623047,14.066289901733398,15.267721176147461
40.759985558390021,31617.2511847,HOLD,shoulder_lift_joint,0,0.005562562495470047,-0.005562562495470047,0,-0.011495978571474552,0.011495978571474552,0.026462300000275718,0.00076882814755663276,0.00055970204994082451,0,0,-10.051270484924316,0,0.71387028694152832,0.15870285034179688,1.2014312744140625,0,0,0,10.603620529174805,14.60487174987793,2039,1051,0,10.205455780029297,11.001781463623047,14.066289901733398,15.267721176147461
40.759985558390021,31617.2512197,HOLD,elbow_joint,0,0.0018307383870705962,-0.0018307383870705962,0,0.0073030814528465271,-0.0073030814528465271,0.026496100002987077,0.00076882814755663276,0.00055970204994082451,0,0,-9.74692153930664,0,0.71387028694152832,0.15870285034179688,1.2014312744140625,0,0,0,10.603620529174805,14.60487174987793,2039,1051,0,10.205455780029297,11.001781463623047,14.066289901733398,15.267721176147461
40.759985558390021,31617.2512954,HOLD,wrist_1_joint,0,-0.00028456645668484271,0.00028456645668484271,0,0.0011646593920886517,-0.0011646593920886517,0.026572400001896312,0.00076882814755663276,0.00055970204994082451,0,0,0.092827640473842621,0,0.71387028694152832,0.15870285034179688,1.2014312744140625,0,0,0,10.603620529174805,14.60487174987793,2039,1051,0,10.205455780029297,11.001781463623047,14.066289901733398,15.267721176147461
40.759985558390021,31617.2513259,HOLD,wrist_2_joint,1.5707963267948966,1.5856122970581055,-0.014815970263208911,0,0.0013901625061407685,-0.0013901625061407685,0.026603800000884803,0.00076882814755663276,0.00055970204994082451,0,0,-9.6359472274780273,0,0.71387028694152832,0.15870285034179688,1.2014312744140625,0,0,0,10.603620529174805,14.60487174987793,2039,1051,0,10.205455780029297,11.001781463623047,14.066289901733398,15.267721176147461
40.759985558390021,31617.2513571,HOLD,wrist_3_joint,0,-0.00010253099026158452,0.00010253099026158452,0,1.6773265087977052E-05,-1.6773265087977052E-05,0.026634400001057656,0.00076882814755663276,0.00055970204994082451,0,0,0.028135370463132858,0,0.71387028694152832,0.15870285034179688,1.2014312744140625,0,0,0,10.603620529174805,14.60487174987793,2039,1051,0,10.205455780029297,11.001781463623047,14.066289901733398,15.267721176147461
40.779985551303852,31617.2730297,HOLD,shoulder_pan_joint,1.5707963267948966,1.572137713432312,-0.0013413866374154537,0,-0.0035018296912312508,0.0035018296912312508,0.021549099998082966,0.00076882814755663276,0.00055970204994082451,0,0,-0.3936215341091156,0,0.71387028694152832,0.15870285034179688,1.2014312744140625,0,0,0,10.603620529174805,14.60487174987793,2040,1052,0,10.205455780029297,11.001781463623047,14.066289901733398,15.267721176147461
40.779985551303852,31617.2730711,HOLD,shoulder_lift_joint,0,0.005562562495470047,-0.005562562495470047,0,-0.011495978571474552,0.011495978571474552,0.021582099998340709,0.00076882814755663276,0.00055970204994082451,0,0,-10.051270484924316,0,0.71387028694152832,0.15870285034179688,1.2014312744140625,0,0,0,10.603620529174805,14.60487174987793,2040,1052,0,10.205455780029297,11.001781463623047,14.066289901733398,15.267721176147461
40.779985551303852,31617.2731068,HOLD,elbow_joint,0,0.0018307383870705962,-0.0018307383870705962,0,0.0073030814528465271,-0.0073030814528465271,0.021617799997329712,0.00076882814755663276,0.00055970204994082451,0,0,-9.74692153930664,0,0.71387028694152832,0.15870285034179688,1.2014312744140625,0,0,0,10.603620529174805,14.60487174987793,2040,1052,0,10.205455780029297,11.001781463623047,14.066289901733398,15.267721176147461
40.779985551303852,31617.2731387,HOLD,wrist_1_joint,0,-0.00028456645668484271,0.00028456645668484271,0,0.0011646593920886517,-0.0011646593920886517,0.021650099999533268,0.00076882814755663276,0.00055970204994082451,0,0,0.092827640473842621,0,0.71387028694152832,0.15870285034179688,1.2014312744140625,0,0,0,10.603620529174805,14.60487174987793,2040,1052,0,10.205455780029297,11.001781463623047,14.066289901733398,15.267721176147461
40.779985551303852,31617.2731758,HOLD,wrist_2_joint,1.5707963267948966,1.5856122970581055,-0.014815970263208911,0,0.0013901625061407685,-0.0013901625061407685,0.021688199998607161,0.00076882814755663276,0.00055970204994082451,0,0,-9.6359472274780273,0,0.71387028694152832,0.15870285034179688,1.2014312744140625,0,0,0,10.603620529174805,14.60487174987793,2040,1052,0,10.205455780029297,11.001781463623047,14.066289901733398,15.267721176147461
40.779985551303852,31617.2732043,HOLD,wrist_3_joint,0,-0.00010253099026158452,0.00010253099026158452,0,1.6773265087977052E-05,-1.6773265087977052E-05,0.021715799997764407,0.00076882814755663276,0.00055970204994082451,0,0,0.028135370463132858,0,0.71387028694152832,0.15870285034179688,1.2014312744140625,0,0,0,10.603620529174805,14.60487174987793,2040,1052,0,10.205455780029297,11.001781463623047,14.066289901733398,15.267721176147461
40.799985544217684,31617.2937048,HOLD,shoulder_pan_joint,1.5707963267948966,1.572137713432312,-0.0013413866374154537,0,-0.0035018296912312508,0.0035018296912312508,0.0035565999969549011,0.00076882814755663276,0.00055970204994082451,0,0,-0.3936215341091156,0,0.71387028694152832,0.15870285034179688,1.2014312744140625,0,0,0,10.603620529174805,14.60487174987793,2041,1053,0,10.205455780029297,11.001781463623047,14.066289901733398,15.267721176147461
40.799985544217684,31617.2938592,HOLD,shoulder_lift_joint,0,0.005562562495470047,-0.005562562495470047,0,-0.011495978571474552,0.011495978571474552,0.0036999999974796083,0.00076882814755663276,0.00055970204994082451,0,0,-10.051270484924316,0,0.71387028694152832,0.15870285034179688,1.2014312744140625,0,0,0,10.603620529174805,14.60487174987793,2041,1053,0,10.205455780029297,11.001781463623047,14.066289901733398,15.267721176147461
40.799985544217684,31617.2938936,HOLD,elbow_joint,0,0.0018307383870705962,-0.0018307383870705962,0,0.0073030814528465271,-0.0073030814528465271,0.0037305999976524618,0.00076882814755663276,0.00055970204994082451,0,0,-9.74692153930664,0,0.71387028694152832,0.15870285034179688,1.2014312744140625,0,0,0,10.603620529174805,14.60487174987793,2041,1053,0,10.205455780029297,11.001781463623047,14.066289901733398,15.267721176147461
40.799985544217684,31617.2939232,HOLD,wrist_1_joint,0,-0.00028456645668484271,0.00028456645668484271,0,0.0011646593920886517,-0.0011646593920886517,0.0037604999997711275,0.00076882814755663276,0.00055970204994082451,0,0,0.092827640473842621,0,0.71387028694152832,0.15870285034179688,1.2014312744140625,0,0,0,10.603620529174805,14.60487174987793,2041,1053,0,10.205455780029297,11.001781463623047,14.066289901733398,15.267721176147461
40.799985544217684,31617.2939501,HOLD,wrist_2_joint,1.5707963267948966,1.5856122970581055,-0.014815970263208911,0,0.0013901625061407685,-0.0013901625061407685,0.0037882999968132935,0.00076882814755663276,0.00055970204994082451,0,0,-9.6359472274780273,0,0.71387028694152832,0.15870285034179688,1.2014312744140625,0,0,0,10.603620529174805,14.60487174987793,2041,1053,0,10.205455780029297,11.001781463623047,14.066289901733398,15.267721176147461
40.799985544217684,31617.2939782,HOLD,wrist_3_joint,0,-0.00010253099026158452,0.00010253099026158452,0,1.6773265087977052E-05,-1.6773265087977052E-05,0.0038233999985095579,0.00076882814755663276,0.00055970204994082451,0,0,0.028135370463132858,0,0.71387028694152832,0.15870285034179688,1.2014312744140625,0,0,0,10.603620529174805,14.60487174987793,2041,1053,0,10.205455780029297,11.001781463623047,14.066289901733398,15.267721176147461
40.819985537131515,31617.3125412,HOLD,shoulder_pan_joint,1.5707963267948966,1.572137713432312,-0.0013413866374154537,0,-0.0035018296912312508,0.0035018296912312508,0.022385799999028677,0.00076882814755663276,0.00055970204994082451,0,0,-0.3936215341091156,0,0.71387028694152832,0.15870285034179688,1.2014312744140625,0,0,0,10.603620529174805,14.60487174987793,2042,1053,0,10.205455780029297,11.001781463623047,14.066289901733398,15.267721176147461
40.819985537131515,31617.3125891,HOLD,shoulder_lift_joint,0,0.005562562495470047,-0.005562562495470047,0,-0.011495978571474552,0.011495978571474552,0.022487399997771718,0.00076882814755663276,0.00055970204994082451,0,0,-10.051270484924316,0,0.71387028694152832,0.15870285034179688,1.2014312744140625,0,0,0,10.603620529174805,14.60487174987793,2042,1053,0,10.205455780029297,11.001781463623047,14.066289901733398,15.267721176147461
40.819985537131515,31617.312691,HOLD,elbow_joint,0,0.0018307383870705962,-0.0018307383870705962,0,0.0073030814528465271,-0.0073030814528465271,0.022529499998199753,0.00076882814755663276,0.00055970204994082451,0,0,-9.74692153930664,0,0.71387028694152832,0.15870285034179688,1.2014312744140625,0,0,0,10.603620529174805,14.60487174987793,2042,1053,0,10.205455780029297,11.001781463623047,14.066289901733398,15.267721176147461
40.819985537131515,31617.3127272,HOLD,wrist_1_joint,0,-0.00028456645668484271,0.00028456645668484271,0,0.0011646593920886517,-0.0011646593920886517,0.022565799998119473,0.00076882814755663276,0.00055970204994082451,0,0,0.092827640473842621,0,0.71387028694152832,0.15870285034179688,1.2014312744140625,0,0,0,10.603620529174805,14.60487174987793,2042,1053,0,10.205455780029297,11.001781463623047,14.066289901733398,15.267721176147461
40.819985537131515,31617.3128051,HOLD,wrist_2_joint,1.5707963267948966,1.5856122970581055,-0.014815970263208911,0,0.0013901625061407685,-0.0013901625061407685,0.022645499997452134,0.00076882814755663276,0.00055970204994082451,0,0,-9.6359472274780273,0,0.71387028694152832,0.15870285034179688,1.2014312744140625,0,0,0,10.603620529174805,14.60487174987793,2042,1053,0,10.205455780029297,11.001781463623047,14.066289901733398,15.267721176147461
40.819985537131515,31617.31284,HOLD,wrist_3_joint,0,-0.00010253099026158452,0.00010253099026158452,0,1.6773265087977052E-05,-1.6773265087977052E-05,0.022678799999994226,0.00076882814755663276,0.00055970204994082451,0,0,0.028135370463132858,0,0.71387028694152832,0.15870285034179688,1.2014312744140625,0,0,0,10.603620529174805,14.60487174987793,2042,1053,0,10.205455780029297,11.001781463623047,14.066289901733398,15.267721176147461
40.839985530045347,31617.3337192,HOLD,shoulder_pan_joint,1.5707963267948966,1.572137713432312,-0.0013413866374154537,0,-0.0035018296912312508,0.0035018296912312508,0.016512899997906061,0.00076882814755663276,0.00055970204994082451,0,0,-0.3936215341091156,0,0.71387028694152832,0.15870285034179688,1.2014312744140625,0,0,0,10.603620529174805,14.60487174987793,2043,1054,0,10.205455780029297,11.001781463623047,14.066289901733398,15.267721176147461
40.839985530045347,31617.3337608,HOLD,shoulder_lift_joint,0,0.005562562495470047,-0.005562562495470047,0,-0.011495978571474552,0.011495978571474552,0.016548699997656513,0.00076882814755663276,0.00055970204994082451,0,0,-10.051270484924316,0,0.71387028694152832,0.15870285034179688,1.2014312744140625,0,0,0,10.603620529174805,14.60487174987793,2043,1054,0,10.205455780029297,11.001781463623047,14.066289901733398,15.267721176147461
40.839985530045347,31617.3337952,HOLD,elbow_joint,0,0.0018307383870705962,-0.0018307383870705962,0,0.0073030814528465271,-0.0073030814528465271,0.016583999997237697,0.00076882814755663276,0.00055970204994082451,0,0,-9.74692153930664,0,0.71387028694152832,0.15870285034179688,1.2014312744140625,0,0,0,10.603620529174805,14.60487174987793,2043,1054,0,10.205455780029297,11.001781463623047,14.066289901733398,15.267721176147461
40.839985530045347,31617.3338293,HOLD,wrist_1_joint,0,-0.00028456645668484271,0.00028456645668484271,0,0.0011646593920886517,-0.0011646593920886517,0.016617199999018339,0.00076882814755663276,0.00055970204994082451,0,0,0.092827640473842621,0,0.71387028694152832,0.15870285034179688,1.2014312744140625,0,0,0,10.603620529174805,14.60487174987793,2043,1054,0,10.205455780029297,11.001781463623047,14.066289901733398,15.267721176147461
40.839985530045347,31617.3338631,HOLD,wrist_2_joint,1.5707963267948966,1.5856122970581055,-0.014815970263208911,0,0.0013901625061407685,-0.0013901625061407685,0.016652199999953154,0.00076882814755663276,0.00055970204994082451,0,0,-9.6359472274780273,0,0.71387028694152832,0.15870285034179688,1.2014312744140625,0,0,0,10.603620529174805,14.60487174987793,2043,1054,0,10.205455780029297,11.001781463623047,14.066289901733398,15.267721176147461
40.839985530045347,31617.3338953,HOLD,wrist_3_joint,0,-0.00010253099026158452,0.00010253099026158452,0,1.6773265087977052E-05,-1.6773265087977052E-05,0.016683399997418746,0.00076882814755663276,0.00055970204994082451,0,0,0.028135370463132858,0,0.71387028694152832,0.15870285034179688,1.2014312744140625,0,0,0,10.603620529174805,14.60487174987793,2043,1054,0,10.205455780029297,11.001781463623047,14.066289901733398,15.267721176147461
40.859985522959185,31617.3535527,HOLD,shoulder_pan_joint,1.5707963267948966,1.572137713432312,-0.0013413866374154537,0,-0.0035018296912312508,0.0035018296912312508,0.036350099999253871,0.00076882814755663276,0.00055970204994082451,0,0,-0.3936215341091156,0,0.71387028694152832,0.15870285034179688,1.2014312744140625,0,0,0,10.603620529174805,14.60487174987793,2044,1054,0,10.205455780029297,11.001781463623047,14.066289901733398,15.267721176147461
40.859985522959185,31617.353638,HOLD,shoulder_lift_joint,0,0.005562562495470047,-0.005562562495470047,0,-0.011495978571474552,0.011495978571474552,0.036426399998163106,0.00076882814755663276,0.00055970204994082451,0,0,-10.051270484924316,0,0.71387028694152832,0.15870285034179688,1.2014312744140625,0,0,0,10.603620529174805,14.60487174987793,2044,1054,0,10.205455780029297,11.001781463623047,14.066289901733398,15.267721176147461
40.859985522959185,31617.3536726,HOLD,elbow_joint,0,0.0018307383870705962,-0.0018307383870705962,0,0.0073030814528465271,-0.0073030814528465271,0.036460199997236487,0.00076882814755663276,0.00055970204994082451,0,0,-9.74692153930664,0,0.71387028694152832,0.15870285034179688,1.2014312744140625,0,0,0,10.603620529174805,14.60487174987793,2044,1054,0,10.205455780029297,11.001781463623047,14.066289901733398,15.267721176147461
40.859985522959185,31617.3537051,HOLD,wrist_1_joint,0,-0.00028456645668484271,0.00028456645668484271,0,0.0011646593920886517,-0.0011646593920886517,0.03649319999749423,0.00076882814755663276,0.00055970204994082451,0,0,0.092827640473842621,0,0.71387028694152832,0.15870285034179688,1.2014312744140625,0,0,0,10.603620529174805,14.60487174987793,2044,1054,0,10.205455780029297,11.001781463623047,14.066289901733398,15.267721176147461
40.859985522959185,31617.3537385,HOLD,wrist_2_joint,1.5707963267948966,1.5856122970581055,-0.014815970263208911,0,0.0013901625061407685,-0.0013901625061407685,0.036527999996906146,0.00076882814755663276,0.00055970204994082451,0,0,-9.6359472274780273,0,0.71387028694152832,0.15870285034179688,1.2014312744140625,0,0,0,10.603620529174805,14.60487174987793,2044,1054,0,10.205455780029297,11.001781463623047,14.066289901733398,15.267721176147461
40.859985522959185,31617.3537709,HOLD,wrist_3_joint,0,-0.00010253099026158452,0.00010253099026158452,0,1.6773265087977052E-05,-1.6773265087977052E-05,0.036562099998263875,0.00076882814755663276,0.00055970204994082451,0,0,0.028135370463132858,0,0.71387028694152832,0.15870285034179688,1.2014312744140625,0,0,0,10.603620529174805,14.60487174987793,2044,1054,0,10.205455780029297,11.001781463623047,14.066289901733398,15.267721176147461
40.879985515873017,31617.3745533,HOLD,shoulder_pan_joint,1.5707963267948966,1.572137713432312,-0.0013413866374154537,0,-0.0035018296912312508,0.0035018296912312508,0.0038882000008015893,0.00076882814755663276,0.00055970204994082451,0,0,-0.3936215341091156,0,0.71387028694152832,0.15870285034179688,1.2014312744140625,0,0,0,10.603620529174805,14.60487174987793,2045,1055,0,10.205455780029297,11.001781463623047,14.066289901733398,15.267721176147461
40.879985515873017,31617.3746282,HOLD,shoulder_lift_joint,0,0.005562562495470047,-0.005562562495470047,0,-0.011495978571474552,0.011495978571474552,0.0039548000022477936,0.00076882814755663276,0.00055970204994082451,0,0,-10.051270484924316,0,0.71387028694152832,0.15870285034179688,1.2014312744140625,0,0,0,10.603620529174805,14.60487174987793,2045,1055,0,10.205455780029297,11.001781463623047,14.066289901733398,15.267721176147461
40.879985515873017,31617.374661,HOLD,elbow_joint,0,0.0018307383870705962,-0.0018307383870705962,0,0.0073030814528465271,-0.0073030814528465271,0.0039857000010670163,0.00076882814755663276,0.00055970204994082451,0,0,-9.74692153930664,0,0.71387028694152832,0.15870285034179688,1.2014312744140625,0,0,0,10.603620529174805,14.60487174987793,2045,1055,0,10.205455780029297,11.001781463623047,14.066289901733398,15.267721176147461
40.879985515873017,31617.3746985,HOLD,wrist_1_joint,0,-0.00028456645668484271,0.00028456645668484271,0,0.0011646593920886517,-0.0011646593920886517,0.00402590000157943,0.00076882814755663276,0.00055970204994082451,0,0,0.092827640473842621,0,0.71387028694152832,0.15870285034179688,1.2014312744140625,0,0,0,10.603620529174805,14.60487174987793,2045,1055,0,10.205455780029297,11.001781463623047,14.066289901733398,15.267721176147461
40.879985515873017,31617.3747362,HOLD,wrist_2_joint,1.5707963267948966,1.5856122970581055,-0.014815970263208911,0,0.0013901625061407685,-0.0013901625061407685,0.0040651000017533079,0.00076882814755663276,0.00055970204994082451,0,0,-9.6359472274780273,0,0.71387028694152832,0.15870285034179688,1.2014312744140625,0,0,0,10.603620529174805,14.60487174987793,2045,1055,0,10.205455780029297,11.001781463623047,14.066289901733398,15.267721176147461
40.879985515873017,31617.3748196,HOLD,wrist_3_joint,0,-0.00010253099026158452,0.00010253099026158452,0,1.6773265087977052E-05,-1.6773265087977052E-05,0.0041483999993943144,0.00076882814755663276,0.00055970204994082451,0,0,0.028135370463132858,0,0.71387028694152832,0.15870285034179688,1.2014312744140625,0,0,0,10.603620529174805,14.60487174987793,2045,1055,0,10.205455780029297,11.001781463623047,14.066289901733398,15.267721176147461
40.899985508786848,31617.3938692,HOLD,shoulder_pan_joint,1.5707963267948966,1.572137713432312,-0.0013413866374154537,0,-0.0035018296912312508,0.0035018296912312508,0.00436719999925117,0.00076882814755663276,0.00055970204994082451,0,0,-0.3936215341091156,0,0.71387028694152832,0.15870285034179688,1.2014312744140625,0,0,0,10.603620529174805,14.60487174987793,2046,1056,0,10.205455780029297,11.001781463623047,14.066289901733398,15.267721176147461
40.899985508786848,31617.3939169,HOLD,shoulder_lift_joint,0,0.005562562495470047,-0.005562562495470047,0,-0.011495978571474552,0.011495978571474552,0.0044014999984938186,0.00076882814755663276,0.00055970204994082451,0,0,-10.051270484924316,0,0.71387028694152832,0.15870285034179688,1.2014312744140625,0,0,0,10.603620529174805,14.60487174987793,2046,1056,0,10.205455780029297,11.001781463623047,14.066289901733398,15.267721176147461
40.899985508786848,31617.3939552,HOLD,elbow_joint,0,0.0018307383870705962,-0.0018307383870705962,0,0.0073030814528465271,-0.0073030814528465271,0.0044407999994291458,0.00076882814755663276,0.00055970204994082451,0,0,-9.74692153930664,0,0.71387028694152832,0.15870285034179688,1.2014312744140625,0,0,0,10.603620529174805,14.60487174987793,2046,1056,0,10.205455780029297,11.001781463623047,14.066289901733398,15.267721176147461
40.899985508786848,31617.3939845,HOLD,wrist_1_joint,0,-0.00028456645668484271,0.00028456645668484271,0,0.0011646593920886517,-0.0011646593920886517,0.0044691999974020291,0.00076882814755663276,0.00055970204994082451,0,0,0.092827640473842621,0,0.71387028694152832,0.15870285034179688,1.2014312744140625,0,0,0,10.603620529174805,14.60487174987793,2046,1056,0,10.205455780029297,11.001781463623047,14.066289901733398,15.267721176147461
40.899985508786848,31617.394013,HOLD,wrist_2_joint,1.5707963267948966,1.5856122970581055,-0.014815970263208911,0,0.0013901625061407685,-0.0013901625061407685,0.0044988999979977962,0.00076882814755663276,0.00055970204994082451,0,0,-9.6359472274780273,0,0.71387028694152832,0.15870285034179688,1.2014312744140625,0,0,0,10.603620529174805,14.60487174987793,2046,1056,0,10.205455780029297,11.001781463623047,14.066289901733398,15.267721176147461
40.899985508786848,31617.3940417,HOLD,wrist_3_joint,0,-0.00010253099026158452,0.00010253099026158452,0,1.6773265087977052E-05,-1.6773265087977052E-05,0.004526699998677941,0.00076882814755663276,0.00055970204994082451,0,0,0.028135370463132858,0,0.71387028694152832,0.15870285034179688,1.2014312744140625,0,0,0,10.603620529174805,14.60487174987793,2046,1056,0,10.205455780029297,11.001781463623047,14.066289901733398,15.267721176147461
40.91998550170068,31617.4123023,HOLD,shoulder_pan_joint,1.5707963267948966,1.572137713432312,-0.0013413866374154537,0,-0.0035018296912312508,0.0035018296912312508,0.00426789999983157,0.00076882814755663276,0.00055970204994082451,0,0,-0.3936215341091156,0,0.71387028694152832,0.15870285034179688,1.2014312744140625,0,0,0,10.603620529174805,14.60487174987793,2047,1057,0,10.205455780029297,11.001781463623047,14.066289901733398,15.267721176147461
40.91998550170068,31617.4123465,HOLD,shoulder_lift_joint,0,0.005562562495470047,-0.005562562495470047,0,-0.011495978571474552,0.011495978571474552,0.0043035999988205731,0.00076882814755663276,0.00055970204994082451,0,0,-10.051270484924316,0,0.71387028694152832,0.15870285034179688,1.2014312744140625,0,0,0,10.603620529174805,14.60487174987793,2047,1057,0,10.205455780029297,11.001781463623047,14.066289901733398,15.267721176147461
40.91998550170068,31617.4124198,HOLD,elbow_joint,0,0.0018307383870705962,-0.0018307383870705962,0,0.0073030814528465271,-0.0073030814528465271,0.0043770999982370995,0.00076882814755663276,0.00055970204994082451,0,0,-9.74692153930664,0,0.71387028694152832,0.15870285034179688,1.2014312744140625,0,0,0,10.603620529174805,14.60487174987793,2047,1057,0,10.205455780029297,11.001781463623047,14.066289901733398,15.267721176147461
40.91998550170068,31617.4124512,HOLD,wrist_1_joint,0,-0.00028456645668484271,0.00028456645668484271,0,0.0011646593920886517,-0.0011646593920886517,0.0044097999998484738,0.00076882814755663276,0.00055970204994082451,0,0,0.092827640473842621,0,0.71387028694152832,0.15870285034179688,1.2014312744140625,0,0,0,10.603620529174805,14.60487174987793,2047,1057,0,10.205455780029297,11.001781463623047,14.066289901733398,15.267721176147461
40.91998550170068,31617.4124835,HOLD,wrist_2_joint,1.5707963267948966,1.5856122970581055,-0.014815970263208911,0,0.0013901625061407685,-0.0013901625061407685,0.0044417999997676816,0.00076882814755663276,0.00055970204994082451,0,0,-9.6359472274780273,0,0.71387028694152832,0.15870285034179688,1.2014312744140625,0,0,0,10.603620529174805,14.60487174987793,2047,1057,0,10.205455780029297,11.001781463623047,14.066289901733398,15.267721176147461
40.91998550170068,31617.4125174,HOLD,wrist_3_joint,0,-0.00010253099026158452,0.00010253099026158452,0,1.6773265087977052E-05,-1.6773265087977052E-05,0.0044748999971488956,0.00076882814755663276,0.00055970204994082451,0,0,0.028135370463132858,0,0.71387028694152832,0.15870285034179688,1.2014312744140625,0,0,0,10.603620529174805,14.60487174987793,2047,1057,0,10.205455780029297,11.001781463623047,14.066289901733398,15.267721176147461
40.939985494614511,31617.4318242,HOLD,shoulder_pan_joint,1.5707963267948966,1.572137713432312,-0.0013413866374154537,0,-0.0035018296912312508,0.0035018296912312508,0.023790299997926923,0.00076882814755663276,0.00055970204994082451,0,0,-0.3936215341091156,0,0.71387028694152832,0.15870285034179688,1.2014312744140625,0,0,0,10.603620529174805,14.60487174987793,2048,1057,0,10.205455780029297,11.001781463623047,14.066289901733398,15.267721176147461
40.939985494614511,31617.431877,HOLD,shoulder_lift_joint,0,0.005562562495470047,-0.005562562495470047,0,-0.011495978571474552,0.011495978571474552,0.023834999999962747,0.00076882814755663276,0.00055970204994082451,0,0,-10.051270484924316,0,0.71387028694152832,0.15870285034179688,1.2014312744140625,0,0,0,10.603620529174805,14.60487174987793,2048,1057,0,10.205455780029297,11.001781463623047,14.066289901733398,15.267721176147461
40.939985494614511,31617.4319072,HOLD,elbow_joint,0,0.0018307383870705962,-0.0018307383870705962,0,0.0073030814528465271,-0.0073030814528465271,0.023864099999627797,0.00076882814755663276,0.00055970204994082451,0,0,-9.74692153930664,0,0.71387028694152832,0.15870285034179688,1.2014312744140625,0,0,0,10.603620529174805,14.60487174987793,2048,1057,0,10.205455780029297,11.001781463623047,14.066289901733398,15.267721176147461
40.939985494614511,31617.4319397,HOLD,wrist_1_joint,0,-0.00028456645668484271,0.00028456645668484271,0,0.0011646593920886517,-0.0011646593920886517,0.023896799997601192,0.00076882814755663276,0.00055970204994082451,0,0,0.092827640473842621,0,0.71387028694152832,0.15870285034179688,1.2014312744140625,0,0,0,10.603620529174805,14.60487174987793,2048,1057,0,10.205455780029297,11.001781463623047,14.066289901733398,15.267721176147461
40.939985494614511,31617.4319686,HOLD,wrist_2_joint,1.5707963267948966,1.5856122970581055,-0.014815970263208911,0,0.0013901625061407685,-0.0013901625061407685,0.023926499998196959,0.00076882814755663276,0.00055970204994082451,0,0,-9.6359472274780273,0,0.71387028694152832,0.15870285034179688,1.2014312744140625,0,0,0,10.603620529174805,14.60487174987793,2048,1057,0,10.205455780029297,11.001781463623047,14.066289901733398,15.267721176147461
40.939985494614511,31617.4319995,HOLD,wrist_3_joint,0,-0.00010253099026158452,0.00010253099026158452,0,1.6773265087977052E-05,-1.6773265087977052E-05,0.023956699998961994,0.00076882814755663276,0.00055970204994082451,0,0,0.028135370463132858,0,0.71387028694152832,0.15870285034179688,1.2014312744140625,0,0,0,10.603620529174805,14.60487174987793,2048,1057,0,10.205455780029297,11.001781463623047,14.066289901733398,15.267721176147461
40.959985487528343,31617.4543219,HOLD,shoulder_pan_joint,1.5707963267948966,1.572137713432312,-0.0013413866374154537,0,-0.0035018296912312508,0.0035018296912312508,0.0082727000008162577,0.00076882814755663276,0.00055970204994082451,0,0,-0.3936215341091156,0,0.71387028694152832,0.15870285034179688,1.2014312744140625,0,0,0,10.603620529174805,14.60487174987793,2049,1058,0,10.205455780029297,11.001781463623047,14.066289901733398,15.267721176147461
40.959985487528343,31617.4543889,HOLD,shoulder_lift_joint,0,0.005562562495470047,-0.005562562495470047,0,-0.011495978571474552,0.011495978571474552,0.0083386000005702954,0.00076882814755663276,0.00055970204994082451,0,0,-10.051270484924316,0,0.71387028694152832,0.15870285034179688,1.2014312744140625,0,0,0,10.603620529174805,14.60487174987793,2049,1058,0,10.205455780029297,11.001781463623047,14.066289901733398,15.267721176147461
40.959985487528343,31617.4544335,HOLD,elbow_joint,0,0.0018307383870705962,-0.0018307383870705962,0,0.0073030814528465271,-0.0073030814528465271,0.00837379999939003,0.00076882814755663276,0.00055970204994082451,0,0,-9.74692153930664,0,0.71387028694152832,0.15870285034179688,1.2014312744140625,0,0,0,10.603620529174805,14.60487174987793,2049,1058,0,10.205455780029297,11.001781463623047,14.066289901733398,15.267721176147461
40.959985487528343,31617.4544609,HOLD,wrist_1_joint,0,-0.00028456645668484271,0.00028456645668484271,0,0.0011646593920886517,-0.0011646593920886517,0.0084013999985472765,0.00076882814755663276,0.00055970204994082451,0,0,0.092827640473842621,0,0.71387028694152832,0.15870285034179688,1.2014312744140625,0,0,0,10.603620529174805,14.60487174987793,2049,1058,0,10.205455780029297,11.001781463623047,14.066289901733398,15.267721176147461
40.959985487528343,31617.4544907,HOLD,wrist_2_joint,1.5707963267948966,1.5856122970581055,-0.014815970263208911,0,0.0013901625061407685,-0.0013901625061407685,0.0084322000002430286,0.00076882814755663276,0.00055970204994082451,0,0,-9.6359472274780273,0,0.71387028694152832,0.15870285034179688,1.2014312744140625,0,0,0,10.603620529174805,14.60487174987793,2049,1058,0,10.205455780029297,11.001781463623047,14.066289901733398,15.267721176147461
40.959985487528343,31617.454519,HOLD,wrist_3_joint,0,-0.00010253099026158452,0.00010253099026158452,0,1.6773265087977052E-05,-1.6773265087977052E-05,0.0084596999986388255,0.00076882814755663276,0.00055970204994082451,0,0,0.028135370463132858,0,0.71387028694152832,0.15870285034179688,1.2014312744140625,0,0,0,10.603620529174805,14.60487174987793,2049,1058,0,10.205455780029297,11.001781463623047,14.066289901733398,15.267721176147461
40.979985480442174,31617.4739281,HOLD,shoulder_pan_joint,1.5707963267948966,1.572137713432312,-0.0013413866374154537,0,-0.0035018296912312508,0.0035018296912312508,0.011754600000131177,0.00076882814755663276,0.00055970204994082451,0,0,-0.3936215341091156,0,0.71387028694152832,0.15870285034179688,1.2014312744140625,0,0,0,10.603620529174805,14.60487174987793,2050,1059,0,10.205455780029297,11.001781463623047,14.066289901733398,15.267721176147461
40.979985480442174,31617.4739707,HOLD,shoulder_lift_joint,0,0.005562562495470047,-0.005562562495470047,0,-0.011495978571474552,0.011495978571474552,0.011790799999289447,0.00076882814755663276,0.00055970204994082451,0,0,-10.051270484924316,0,0.71387028694152832,0.15870285034179688,1.2014312744140625,0,0,0,10.603620529174805,14.60487174987793,2050,1059,0,10.205455780029297,11.001781463623047,14.066289901733398,15.267721176147461
40.979985480442174,31617.4739991,HOLD,elbow_joint,0,0.0018307383870705962,-0.0018307383870705962,0,0.0073030814528465271,-0.0073030814528465271,0.011818700000731042,0.00076882814755663276,0.00055970204994082451,0,0,-9.74692153930664,0,0.71387028694152832,0.15870285034179688,1.2014312744140625,0,0,0,10.603620529174805,14.60487174987793,2050,1059,0,10.205455780029297,11.001781463623047,14.066289901733398,15.267721176147461
40.979985480442174,31617.4740696,HOLD,wrist_1_joint,0,-0.00028456645668484271,0.00028456645668484271,0,0.0011646593920886517,-0.0011646593920886517,0.011890099998709047,0.00076882814755663276,0.00055970204994082451,0,0,0.092827640473842621,0,0.71387028694152832,0.15870285034179688,1.2014312744140625,0,0,0,10.603620529174805,14.60487174987793,2050,1059,0,10.205455780029297,11.001781463623047,14.066289901733398,15.267721176147461
40.979985480442174,31617.4740975,HOLD,wrist_2_joint,1.5707963267948966,1.5856122970581055,-0.014815970263208911,0,0.0013901625061407685,-0.0013901625061407685,0.011921299999812618,0.00076882814755663276,0.00055970204994082451,0,0,-9.6359472274780273,0,0.71387028694152832,0.15870285034179688,1.2014312744140625,0,0,0,10.603620529174805,14.60487174987793,2050,1059,0,10.205455780029297,11.001781463623047,14.066289901733398,15.267721176147461
40.979985480442174,31617.4741309,HOLD,wrist_3_joint,0,-0.00010253099026158452,0.00010253099026158452,0,1.6773265087977052E-05,-1.6773265087977052E-05,0.011951100001169834,0.00076882814755663276,0.00055970204994082451,0,0,0.028135370463132858,0,0.71387028694152832,0.15870285034179688,1.2014312744140625,0,0,0,10.603620529174805,14.60487174987793,2050,1059,0,10.205455780029297,11.001781463623047,14.066289901733398,15.267721176147461
40.999985473356006,31617.4928492,HOLD,shoulder_pan_joint,1.5707963267948966,1.572137713432312,-0.0013413866374154537,0,-0.0035018296912312508,0.0035018296912312508,0.01094089999969583,0.00076882814755663276,0.00055970204994082451,0,0,-0.3936215341091156,0,0.71387028694152832,0.15870285034179688,1.2014312744140625,0,0,0,10.603620529174805,14.60487174987793,2051,1060,0,10.205455780029297,11.001781463623047,14.066289901733398,15.267721176147461
40.999985473356006,31617.4928898,HOLD,shoulder_lift_joint,0,0.005562562495470047,-0.005562562495470047,0,-0.011495978571474552,0.011495978571474552,0.010975399996823398,0.00076882814755663276,0.00055970204994082451,0,0,-10.051270484924316,0,0.71387028694152832,0.15870285034179688,1.2014312744140625,0,0,0,10.603620529174805,14.60487174987793,2051,1060,0,10.205455780029297,11.001781463623047,14.066289901733398,15.267721176147461
40.999985473356006,31617.4929204,HOLD,elbow_joint,0,0.0018307383870705962,-0.0018307383870705962,0,0.0073030814528465271,-0.0073030814528465271,0.011004199997842079,0.00076882814755663276,0.00055970204994082451,0,0,-9.74692153930664,0,0.71387028694152832,0.15870285034179688,1.2014312744140625,0,0,0,10.603620529174805,14.60487174987793,2051,1060,0,10.205455780029297,11.001781463623047,14.066289901733398,15.267721176147461
40.999985473356006,31617.492947,HOLD,wrist_1_joint,0,-0.00028456645668484271,0.00028456645668484271,0,0.0011646593920886517,-0.0011646593920886517,0.011031099998945137,0.00076882814755663276,0.00055970204994082451,0,0,0.092827640473842621,0,0.71387028694152832,0.15870285034179688,1.2014312744140625,0,0,0,10.603620529174805,14.60487174987793,2051,1060,0,10.205455780029297,11.001781463623047,14.066289901733398,15.267721176147461
40.999985473356006,31617.4929807,HOLD,wrist_2_joint,1.5707963267948966,1.5856122970581055,-0.014815970263208911,0,0.0013901625061407685,-0.0013901625061407685,0.011066099999879953,0.00076882814755663276,0.00055970204994082451,0,0,-9.6359472274780273,0,0.71387028694152832,0.15870285034179688,1.2014312744140625,0,0,0,10.603620529174805,14.60487174987793,2051,1060,0,10.205455780029297,11.001781463623047,14.066289901733398,15.267721176147461
40.999985473356006,31617.4930085,HOLD,wrist_3_joint,0,-0.00010253099026158452,0.00010253099026158452,0,1.6773265087977052E-05,-1.6773265087977052E-05,0.011092599997937214,0.00076882814755663276,0.00055970204994082451,0,0,0.028135370463132858,0,0.71387028694152832,0.15870285034179688,1.2014312744140625,0,0,0,10.603620529174805,14.60487174987793,2051,1060,0,10.205455780029297,11.001781463623047,14.066289901733398,15.267721176147461
41.019985466269837,31617.5140954,HOLD,shoulder_pan_joint,1.5707963267948966,1.572137713432312,-0.0013413866374154537,0,-0.0035018296912312508,0.0035018296912312508,0.032189099998504389,0.00076882814755663276,0.00055970204994082451,0,0,-0.3936215341091156,0,0.71387028694152832,0.15870285034179688,1.2014312744140625,0,0,0,10.603620529174805,14.60487174987793,2052,1060,0,10.205455780029297,11.001781463623047,14.066289901733398,15.267721176147461
41.019985466269837,31617.5142006,HOLD,shoulder_lift_joint,0,0.005562562495470047,-0.005562562495470047,0,-0.011495978571474552,0.011495978571474552,0.032285799999954179,0.00076882814755663276,0.00055970204994082451,0,0,-10.051270484924316,0,0.71387028694152832,0.15870285034179688,1.2014312744140625,0,0,0,10.603620529174805,14.60487174987793,2052,1060,0,10.205455780029297,11.001781463623047,14.066289901733398,15.267721176147461
41.019985466269837,31617.5142324,HOLD,elbow_joint,0,0.0018307383870705962,-0.0018307383870705962,0,0.0073030814528465271,-0.0073030814528465271,0.032316999997419771,0.00076882814755663276,0.00055970204994082451,0,0,-9.74692153930664,0,0.71387028694152832,0.15870285034179688,1.2014312744140625,0,0,0,10.603620529174805,14.60487174987793,2052,1060,0,10.205455780029297,11.001781463623047,14.066289901733398,15.267721176147461
41.019985466269837,31617.5142645,HOLD,wrist_1_joint,0,-0.00028456645668484271,0.00028456645668484271,0,0.0011646593920886517,-0.0011646593920886517,0.032350399997085333,0.00076882814755663276,0.00055970204994082451,0,0,0.092827640473842621,0,0.71387028694152832,0.15870285034179688,1.2014312744140625,0,0,0,10.603620529174805,14.60487174987793,2052,1060,0,10.205455780029297,11.001781463623047,14.066289901733398,15.267721176147461
41.019985466269837,31617.5142948,HOLD,wrist_2_joint,1.5707963267948966,1.5856122970581055,-0.014815970263208911,0,0.0013901625061407685,-0.0013901625061407685,0.032380699998611817,0.00076882814755663276,0.00055970204994082451,0,0,-9.6359472274780273,0,0.71387028694152832,0.15870285034179688,1.2014312744140625,0,0,0,10.603620529174805,14.60487174987793,2052,1060,0,10.205455780029297,11.001781463623047,14.066289901733398,15.267721176147461
41.019985466269837,31617.5143282,HOLD,wrist_3_joint,0,-0.00010253099026158452,0.00010253099026158452,0,1.6773265087977052E-05,-1.6773265087977052E-05,0.032413199998700293,0.00076882814755663276,0.00055970204994082451,0,0,0.028135370463132858,0,0.71387028694152832,0.15870285034179688,1.2014312744140625,0,0,0,10.603620529174805,14.60487174987793,2052,1060,0,10.205455780029297,11.001781463623047,14.066289901733398,15.267721176147461
41.039985459183669,31617.5339127,HOLD,shoulder_pan_joint,1.5707963267948966,1.572137713432312,-0.0013413866374154537,0,-0.0035018296912312508,0.0035018296912312508,0.052007199999934528,0.00076882814755663276,0.00055970204994082451,0,0,-0.3936215341091156,0,0.71387028694152832,0.15870285034179688,1.2014312744140625,0,0,0,10.603620529174805,14.60487174987793,2053,1060,0,10.205455780029297,11.001781463623047,14.066289901733398,15.267721176147461
41.039985459183669,31617.5339594,HOLD,shoulder_lift_joint,0,0.005562562495470047,-0.005562562495470047,0,-0.011495978571474552,0.011495978571474552,0.052044799998839153,0.00076882814755663276,0.00055970204994082451,0,0,-10.051270484924316,0,0.71387028694152832,0.15870285034179688,1.2014312744140625,0,0,0,10.603620529174805,14.60487174987793,2053,1060,0,10.205455780029297,11.001781463623047,14.066289901733398,15.267721176147461
41.039985459183669,31617.5339947,HOLD,elbow_joint,0,0.0018307383870705962,-0.0018307383870705962,0,0.0073030814528465271,-0.0073030814528465271,0.052079599998251069,0.00076882814755663276,0.00055970204994082451,0,0,-9.74692153930664,0,0.71387028694152832,0.15870285034179688,1.2014312744140625,0,0,0,10.603620529174805,14.60487174987793,2053,1060,0,10.205455780029297,11.001781463623047,14.066289901733398,15.267721176147461
41.039985459183669,31617.5340277,HOLD,wrist_1_joint,0,-0.00028456645668484271,0.00028456645668484271,0,0.0011646593920886517,-0.0011646593920886517,0.052112999997916631,0.00076882814755663276,0.00055970204994082451,0,0,0.092827640473842621,0,0.71387028694152832,0.15870285034179688,1.2014312744140625,0,0,0,10.603620529174805,14.60487174987793,2053,1060,0,10.205455780029297,11.001781463623047,14.066289901733398,15.267721176147461
41.039985459183669,31617.5340936,HOLD,wrist_2_joint,1.5707963267948966,1.5856122970581055,-0.014815970263208911,0,0.0013901625061407685,-0.0013901625061407685,0.052180699996824842,0.00076882814755663276,0.00055970204994082451,0,0,-9.6359472274780273,0,0.71387028694152832,0.15870285034179688,1.2014312744140625,0,0,0,10.603620529174805,14.60487174987793,2053,1060,0,10.205455780029297,11.001781463623047,14.066289901733398,15.267721176147461
41.039985459183669,31617.5341303,HOLD,wrist_3_joint,0,-0.00010253099026158452,0.00010253099026158452,0,1.6773265087977052E-05,-1.6773265087977052E-05,0.052216199997928925,0.00076882814755663276,0.00055970204994082451,0,0,0.028135370463132858,0,0.71387028694152832,0.15870285034179688,1.2014312744140625,0,0,0,10.603620529174805,14.60487174987793,2053,1060,0,10.205455780029297,11.001781463623047,14.066289901733398,15.267721176147461
41.059985452097507,31617.5533192,HOLD,shoulder_pan_joint,1.5707963267948966,1.572137713432312,-0.0013413866374154537,0,-0.0035018296912312508,0.0035018296912312508,0.0714096999981848,0.00076882814755663276,0.00055970204994082451,0,0,-0.3936215341091156,0,0.71387028694152832,0.15870285034179688,1.2014312744140625,0,0,0,10.603620529174805,14.60487174987793,2054,1060,0,10.205455780029297,11.001781463623047,14.066289901733398,15.267721176147461
41.059985452097507,31617.5533555,HOLD,shoulder_lift_joint,0,0.005562562495470047,-0.005562562495470047,0,-0.011495978571474552,0.011495978571474552,0.071439499999542022,0.00076882814755663276,0.00055970204994082451,0,0,-10.051270484924316,0,0.71387028694152832,0.15870285034179688,1.2014312744140625,0,0,0,10.603620529174805,14.60487174987793,2054,1060,0,10.205455780029297,11.001781463623047,14.066289901733398,15.267721176147461
41.059985452097507,31617.553383,HOLD,elbow_joint,0,0.0018307383870705962,-0.0018307383870705962,0,0.0073030814528465271,-0.0073030814528465271,0.071467099998699268,0.00076882814755663276,0.00055970204994082451,0,0,-9.74692153930664,0,0.71387028694152832,0.15870285034179688,1.2014312744140625,0,0,0,10.603620529174805,14.60487174987793,2054,1060,0,10.205455780029297,11.001781463623047,14.066289901733398,15.267721176147461
41.059985452097507,31617.5534182,HOLD,wrist_1_joint,0,-0.00028456645668484271,0.00028456645668484271,0,0.0011646593920886517,-0.0011646593920886517,0.071502599999803351,0.00076882814755663276,0.00055970204994082451,0,0,0.092827640473842621,0,0.71387028694152832,0.15870285034179688,1.2014312744140625,0,0,0,10.603620529174805,14.60487174987793,2054,1060,0,10.205455780029297,11.001781463623047,14.066289901733398,15.267721176147461
41.059985452097507,31617.5534464,HOLD,wrist_2_joint,1.5707963267948966,1.5856122970581055,-0.014815970263208911,0,0.0013901625061407685,-0.0013901625061407685,0.07153180000022985,0.00076882814755663276,0.00055970204994082451,0,0,-9.6359472274780273,0,0.71387028694152832,0.15870285034179688,1.2014312744140625,0,0,0,10.603620529174805,14.60487174987793,2054,1060,0,10.205455780029297,11.001781463623047,14.066289901733398,15.267721176147461
41.059985452097507,31617.5534764,HOLD,wrist_3_joint,0,-0.00010253099026158452,0.00010253099026158452,0,1.6773265087977052E-05,-1.6773265087977052E-05,0.0715608999998949,0.00076882814755663276,0.00055970204994082451,0,0,0.028135370463132858,0,0.71387028694152832,0.15870285034179688,1.2014312744140625,0,0,0,10.603620529174805,14.60487174987793,2054,1060,0,10.205455780029297,11.001781463623047,14.066289901733398,15.267721176147461
41.079985445011339,31617.5717119,HOLD,shoulder_pan_joint,1.5707963267948966,1.572137713432312,-0.0013413866374154537,0,-0.0035018296912312508,0.0035018296912312508,0.007312199999432778,0.00076882814755663276,0.00055970204994082451,0,0,-0.3936215341091156,0,0.71387028694152832,0.15870285034179688,1.2014312744140625,0,0,0,10.603620529174805,14.60487174987793,2055,1061,0,10.205455780029297,11.001781463623047,14.066289901733398,15.267721176147461
41.079985445011339,31617.57179,HOLD,shoulder_lift_joint,0,0.005562562495470047,-0.005562562495470047,0,-0.011495978571474552,0.011495978571474552,0.0073838999996951316,0.00076882814755663276,0.00055970204994082451,0,0,-10.051270484924316,0,0.71387028694152832,0.15870285034179688,1.2014312744140625,0,0,0,10.603620529174805,14.60487174987793,2055,1061,0,10.205455780029297,11.001781463623047,14.066289901733398,15.267721176147461
41.079985445011339,31617.5718242,HOLD,elbow_joint,0,0.0018307383870705962,-0.0018307383870705962,0,0.0073030814528465271,-0.0073030814528465271,0.0074161999982607085,0.00076882814755663276,0.00055970204994082451,0,0,-9.74692153930664,0,0.71387028694152832,0.15870285034179688,1.2014312744140625,0,0,0,10.603620529174805,14.60487174987793,2055,1061,0,10.205455780029297,11.001781463623047,14.066289901733398,15.267721176147461
41.079985445011339,31617.5718544,HOLD,wrist_1_joint,0,-0.00028456645668484271,0.00028456645668484271,0,0.0011646593920886517,-0.0011646593920886517,0.0074473999993642792,0.00076882814755663276,0.00055970204994082451,0,0,0.092827640473842621,0,0.71387028694152832,0.15870285034179688,1.2014312744140625,0,0,0,10.603620529174805,14.60487174987793,2055,1061,0,10.205455780029297,11.001781463623047,14.066289901733398,15.267721176147461
41.079985445011339,31617.5718845,HOLD,wrist_2_joint,1.5707963267948966,1.5856122970581055,-0.014815970263208911,0,0.0013901625061407685,-0.0013901625061407685,0.0074778999987756833,0.00076882814755663276,0.00055970204994082451,0,0,-9.6359472274780273,0,0.71387028694152832,0.15870285034179688,1.2014312744140625,0,0,0,10.603620529174805,14.60487174987793,2055,1061,0,10.205455780029297,11.001781463623047,14.066289901733398,15.267721176147461
41.079985445011339,31617.5719132,HOLD,wrist_3_joint,0,-0.00010253099026158452,0.00010253099026158452,0,1.6773265087977052E-05,-1.6773265087977052E-05,0.007505400000809459,0.00076882814755663276,0.00055970204994082451,0,0,0.028135370463132858,0,0.71387028694152832,0.15870285034179688,1.2014312744140625,0,0,0,10.603620529174805,14.60487174987793,2055,1061,0,10.205455780029297,11.001781463623047,14.066289901733398,15.267721176147461
41.09998543792517,31617.5938802,HOLD,shoulder_pan_joint,1.5707963267948966,1.572137713432312,-0.0013413866374154537,0,-0.0035018296912312508,0.0035018296912312508,0.0032212000005529262,0.00076882814755663276,0.00055970204994082451,0,0,-0.3936215341091156,0,0.71387028694152832,0.15870285034179688,1.2014312744140625,0,0,0,10.603620529174805,14.60487174987793,2056,1062,0,10.205455780029297,11.001781463623047,14.066289901733398,15.267721176147461
41.09998543792517,31617.5939192,HOLD,shoulder_lift_joint,0,0.005562562495470047,-0.005562562495470047,0,-0.011495978571474552,0.011495978571474552,0.0032538999985263217,0.00076882814755663276,0.00055970204994082451,0,0,-10.051270484924316,0,0.71387028694152832,0.15870285034179688,1.2014312744140625,0,0,0,10.603620529174805,14.60487174987793,2056,1062,0,10.205455780029297,11.001781463623047,14.066289901733398,15.267721176147461
41.09998543792517,31617.5939521,HOLD,elbow_joint,0,0.0018307383870705962,-0.0018307383870705962,0,0.0073030814528465271,-0.0073030814528465271,0.003286600000137696,0.00076882814755663276,0.00055970204994082451,0,0,-9.74692153930664,0,0.71387028694152832,0.15870285034179688,1.2014312744140625,0,0,0,10.603620529174805,14.60487174987793,2056,1062,0,10.205455780029297,11.001781463623047,14.066289901733398,15.267721176147461
41.09998543792517,31617.5939837,HOLD,wrist_1_joint,0,-0.00028456645668484271,0.00028456645668484271,0,0.0011646593920886517,-0.0011646593920886517,0.0033187000008183531,0.00076882814755663276,0.00055970204994082451,0,0,0.092827640473842621,0,0.71387028694152832,0.15870285034179688,1.2014312744140625,0,0,0,10.603620529174805,14.60487174987793,2056,1062,0,10.205455780029297,11.001781463623047,14.066289901733398,15.267721176147461
41.09998543792517,31617.5940345,HOLD,wrist_2_joint,1.5707963267948966,1.5856122970581055,-0.014815970263208911,0,0.0013901625061407685,-0.0013901625061407685,0.0033708999981172383,0.00076882814755663276,0.00055970204994082451,0,0,-9.6359472274780273,0,0.71387028694152832,0.15870285034179688,1.2014312744140625,0,0,0,10.603620529174805,14.60487174987793,2056,1062,0,10.205455780029297,11.001781463623047,14.066289901733398,15.267721176147461
41.09998543792517,31617.5940984,HOLD,wrist_3_joint,0,-0.00010253099026158452,0.00010253099026158452,0,1.6773265087977052E-05,-1.6773265087977052E-05,0.0034339999983785674,0.00076882814755663276,0.00055970204994082451,0,0,0.028135370463132858,0,0.71387028694152832,0.15870285034179688,1.2014312744140625,0,0,0,10.603620529174805,14.60487174987793,2056,1062,0,10.205455780029297,11.001781463623047,14.066289901733398,15.267721176147461
41.119985430839,31617.6149578,HOLD,shoulder_pan_joint,1.5707963267948966,1.572137713432312,-0.0013413866374154537,0,-0.0035018296912312508,0.0035018296912312508,0.024304499998834217,0.00076882814755663276,0.00055970204994082451,0,0,-0.3936215341091156,0,0.71387028694152832,0.15870285034179688,1.2014312744140625,0,0,0,10.603620529174805,14.60487174987793,2057,1062,0,10.205455780029297,11.001781463623047,14.066289901733398,15.267721176147461
41.119985430839,31617.6150125,HOLD,shoulder_lift_joint,0,0.005562562495470047,-0.005562562495470047,0,-0.011495978571474552,0.011495978571474552,0.024346399997739354,0.00076882814755663276,0.00055970204994082451,0,0,-10.051270484924316,0,0.71387028694152832,0.15870285034179688,1.2014312744140625,0,0,0,10.603620529174805,14.60487174987793,2057,1062,0,10.205455780029297,11.001781463623047,14.066289901733398,15.267721176147461
41.119985430839,31617.6150392,HOLD,elbow_joint,0,0.0018307383870705962,-0.0018307383870705962,0,0.0073030814528465271,-0.0073030814528465271,0.024377099998673657,0.00076882814755663276,0.00055970204994082451,0,0,-9.74692153930664,0,0.71387028694152832,0.15870285034179688,1.2014312744140625,0,0,0,10.603620529174805,14.60487174987793,2057,1062,0,10.205455780029297,11.001781463623047,14.066289901733398,15.267721176147461
41.119985430839,31617.6150693,HOLD,wrist_1_joint,0,-0.00028456645668484271,0.00028456645668484271,0,0.0011646593920886517,-0.0011646593920886517,0.024403399998845998,0.00076882814755663276,0.00055970204994082451,0,0,0.092827640473842621,0,0.71387028694152832,0.15870285034179688,1.2014312744140625,0,0,0,10.603620529174805,14.60487174987793,2057,1062,0,10.205455780029297,11.001781463623047,14.066289901733398,15.267721176147461
41.119985430839,31617.6150931,HOLD,wrist_2_joint,1.5707963267948966,1.5856122970581055,-0.014815970263208911,0,0.0013901625061407685,-0.0013901625061407685,0.024428199998510536,0.00076882814755663276,0.00055970204994082451,0,0,-9.6359472274780273,0,0.71387028694152832,0.15870285034179688,1.2014312744140625,0,0,0,10.603620529174805,14.60487174987793,2057,1062,0,10.205455780029297,11.001781463623047,14.066289901733398,15.267721176147461
41.119985430839,31617.6151178,HOLD,wrist_3_joint,0,-0.00010253099026158452,0.00010253099026158452,0,1.6773265087977052E-05,-1.6773265087977052E-05,0.024452199999359436,0.00076882814755663276,0.00055970204994082451,0,0,0.028135370463132858,0,0.71387028694152832,0.15870285034179688,1.2014312744140625,0,0,0,10.603620529174805,14.60487174987793,2057,1062,0,10.205455780029297,11.001781463623047,14.066289901733398,15.267721176147461
41.139985423752833,31617.6334218,HOLD,shoulder_pan_joint,1.5707963267948966,1.572137713432312,-0.0013413866374154537,0,-0.0035018296912312508,0.0035018296912312508,0.0035069000005023554,0.00076882814755663276,0.00055970204994082451,0,0,-0.3936215341091156,0,0.71387028694152832,0.15870285034179688,1.2014312744140625,0,0,0,10.603620529174805,14.60487174987793,2058,1063,0,10.205455780029297,11.001781463623047,14.066289901733398,15.267721176147461
41.139985423752833,31617.6334587,HOLD,shoulder_lift_joint,0,0.005562562495470047,-0.005562562495470047,0,-0.011495978571474552,0.011495978571474552,0.0035390000011830125,0.00076882814755663276,0.00055970204994082451,0,0,-10.051270484924316,0,0.71387028694152832,0.15870285034179688,1.2014312744140625,0,0,0,10.603620529174805,14.60487174987793,2058,1063,0,10.205455780029297,11.001781463623047,14.066289901733398,15.267721176147461
41.139985423752833,31617.6335313,HOLD,elbow_joint,0,0.0018307383870705962,-0.0018307383870705962,0,0.0073030814528465271,-0.0073030814528465271,0.0036115000002610032,0.00076882814755663276,0.00055970204994082451,0,0,-9.74692153930664,0,0.71387028694152832,0.15870285034179688,1.2014312744140625,0,0,0,10.603620529174805,14.60487174987793,2058,1063,0,10.205455780029297,11.001781463623047,14.066289901733398,15.267721176147461
41.139985423752833,31617.6335568,HOLD,wrist_1_joint,0,-0.00028456645668484271,0.00028456645668484271,0,0.0011646593920886517,-0.0011646593920886517,0.0036371999995026272,0.00076882814755663276,0.00055970204994082451,0,0,0.092827640473842621,0,0.71387028694152832,0.15870285034179688,1.2014312744140625,0,0,0,10.603620529174805,14.60487174987793,2058,1063,0,10.205455780029297,11.001781463623047,14.066289901733398,15.267721176147461
41.139985423752833,31617.6335817,HOLD,wrist_2_joint,1.5707963267948966,1.5856122970581055,-0.014815970263208911,0,0.0013901625061407685,-0.0013901625061407685,0.0036658999997598585,0.00076882814755663276,0.00055970204994082451,0,0,-9.6359472274780273,0,0.71387028694152832,0.15870285034179688,1.2014312744140625,0,0,0,10.603620529174805,14.60487174987793,2058,1063,0,10.205455780029297,11.001781463623047,14.066289901733398,15.267721176147461
41.139985423752833,31617.633612,HOLD,wrist_3_joint,0,-0.00010253099026158452,0.00010253099026158452,0,1.6773265087977052E-05,-1.6773265087977052E-05,0.0036921999999321997,0.00076882814755663276,0.00055970204994082451,0,0,0.028135370463132858,0,0.71387028694152832,0.15870285034179688,1.2014312744140625,0,0,0,10.603620529174805,14.60487174987793,2058,1063,0,10.205455780029297,11.001781463623047,14.066289901733398,15.267721176147461
41.159985416666665,31617.653526,HOLD,shoulder_pan_joint,1.5707963267948966,1.572137713432312,-0.0013413866374154537,0,-0.0035018296912312508,0.0035018296912312508,0.023618300001544412,0.00076882814755663276,0.00055970204994082451,0,0,-0.3936215341091156,0,0.71387028694152832,0.15870285034179688,1.2014312744140625,0,0,0,10.603620529174805,14.60487174987793,2059,1063,0,10.205455780029297,11.001781463623047,14.066289901733398,15.267721176147461
41.159985416666665,31617.6535831,HOLD,shoulder_lift_joint,0,0.005562562495470047,-0.005562562495470047,0,-0.011495978571474552,0.011495978571474552,0.023666799999773502,0.00076882814755663276,0.00055970204994082451,0,0,-10.051270484924316,0,0.71387028694152832,0.15870285034179688,1.2014312744140625,0,0,0,10.603620529174805,14.60487174987793,2059,1063,0,10.205455780029297,11.001781463623047,14.066289901733398,15.267721176147461
41.159985416666665,31617.6536222,HOLD,elbow_joint,0,0.0018307383870705962,-0.0018307383870705962,0,0.0073030814528465271,-0.0073030814528465271,0.023705399999016663,0.00076882814755663276,0.00055970204994082451,0,0,-9.74692153930664,0,0.71387028694152832,0.15870285034179688,1.2014312744140625,0,0,0,10.603620529174805,14.60487174987793,2059,1063,0,10.205455780029297,11.001781463623047,14.066289901733398,15.267721176147461
41.159985416666665,31617.6536599,HOLD,wrist_1_joint,0,-0.00028456645668484271,0.00028456645668484271,0,0.0011646593920886517,-0.0011646593920886517,0.023743500001728535,0.00076882814755663276,0.00055970204994082451,0,0,0.092827640473842621,0,0.71387028694152832,0.15870285034179688,1.2014312744140625,0,0,0,10.603620529174805,14.60487174987793,2059,1063,0,10.205455780029297,11.001781463623047,14.066289901733398,15.267721176147461
41.159985416666665,31617.6536973,HOLD,wrist_2_joint,1.5707963267948966,1.5856122970581055,-0.014815970263208911,0,0.0013901625061407685,-0.0013901625061407685,0.023782500000379514,0.00076882814755663276,0.00055970204994082451,0,0,-9.6359472274780273,0,0.71387028694152832,0.15870285034179688,1.2014312744140625,0,0,0,10.603620529174805,14.60487174987793,2059,1063,0,10.205455780029297,11.001781463623047,14.066289901733398,15.267721176147461
41.159985416666665,31617.6537387,HOLD,wrist_3_joint,0,-0.00010253099026158452,0.00010253099026158452,0,1.6773265087977052E-05,-1.6773265087977052E-05,0.023822999999538297,0.00076882814755663276,0.00055970204994082451,0,0,0.028135370463132858,0,0.71387028694152832,0.15870285034179688,1.2014312744140625,0,0,0,10.603620529174805,14.60487174987793,2059,1063,0,10.205455780029297,11.001781463623047,14.066289901733398,15.267721176147461
41.179985409580496,31617.674094,HOLD,shoulder_pan_joint,1.5707963267948966,1.572137713432312,-0.0013413866374154537,0,-0.0035018296912312508,0.0035018296912312508,0.016685800001141615,0.00076882814755663276,0.00055970204994082451,0,0,-0.3936215341091156,0,0.71387028694152832,0.15870285034179688,1.2014312744140625,0,0,0,10.603620529174805,14.60487174987793,2060,1064,0,10.205455780029297,11.001781463623047,14.066289901733398,15.267721176147461
41.179985409580496,31617.6741353,HOLD,shoulder_lift_joint,0,0.005562562495470047,-0.005562562495470047,0,-0.011495978571474552,0.011495978571474552,0.016721500000130618,0.00076882814755663276,0.00055970204994082451,0,0,-10.051270484924316,0,0.71387028694152832,0.15870285034179688,1.2014312744140625,0,0,0,10.603620529174805,14.60487174987793,2060,1064,0,10.205455780029297,11.001781463623047,14.066289901733398,15.267721176147461
41.179985409580496,31617.6741697,HOLD,elbow_joint,0,0.0018307383870705962,-0.0018307383870705962,0,0.0073030814528465271,-0.0073030814528465271,0.016753600000811275,0.00076882814755663276,0.00055970204994082451,0,0,-9.74692153930664,0,0.71387028694152832,0.15870285034179688,1.2014312744140625,0,0,0,10.603620529174805,14.60487174987793,2060,1064,0,10.205455780029297,11.001781463623047,14.066289901733398,15.267721176147461
41.179985409580496,31617.6742023,HOLD,wrist_1_joint,0,-0.00028456645668484271,0.00028456645668484271,0,0.0011646593920886517,-0.0011646593920886517,0.016788300003099721,0.00076882814755663276,0.00055970204994082451,0,0,0.092827640473842621,0,0.71387028694152832,0.15870285034179688,1.2014312744140625,0,0,0,10.603620529174805,14.60487174987793,2060,1064,0,10.205455780029297,11.001781463623047,14.066289901733398,15.267721176147461
41.179985409580496,31617.6742333,HOLD,wrist_2_joint,1.5707963267948966,1.5856122970581055,-0.014815970263208911,0,0.0013901625061407685,-0.0013901625061407685,0.016818900003272574,0.00076882814755663276,0.00055970204994082451,0,0,-9.6359472274780273,0,0.71387028694152832,0.15870285034179688,1.2014312744140625,0,0,0,10.603620529174805,14.60487174987793,2060,1064,0,10.205455780029297,11.001781463623047,14.066289901733398,15.267721176147461
41.179985409580496,31617.674263,HOLD,wrist_3_joint,0,-0.00010253099026158452,0.00010253099026158452,0,1.6773265087977052E-05,-1.6773265087977052E-05,0.016847500002768356,0.00076882814755663276,0.00055970204994082451,0,0,0.028135370463132858,0,0.71387028694152832,0.15870285034179688,1.2014312744140625,0,0,0,10.603620529174805,14.60487174987793,2060,1064,0,10.205455780029297,11.001781463623047,14.066289901733398,15.267721176147461
41.199985402494328,31617.6924934,HOLD,shoulder_pan_joint,1.5707963267948966,1.572137713432312,-0.0013413866374154537,0,-0.0035018296912312508,0.0035018296912312508,0.035081500001979293,0.00076882814755663276,0.00055970204994082451,0,0,-0.3936215341091156,0,0.71387028694152832,0.15870285034179688,1.2014312744140625,0,0,0,10.603620529174805,14.60487174987793,2061,1064,0,10.205455780029297,11.001781463623047,14.066289901733398,15.267721176147461
41.199985402494328,31617.6925311,HOLD,shoulder_lift_joint,0,0.005562562495470047,-0.005562562495470047,0,-0.011495978571474552,0.011495978571474552,0.035114500002237037,0.00076882814755663276,0.00055970204994082451,0,0,-10.051270484924316,0,0.71387028694152832,0.15870285034179688,1.2014312744140625,0,0,0,10.603620529174805,14.60487174987793,2061,1064,0,10.205455780029297,11.001781463623047,14.066289901733398,15.267721176147461
41.199985402494328,31617.6925585,HOLD,elbow_joint,0,0.0018307383870705962,-0.0018307383870705962,0,0.0073030814528465271,-0.0073030814528465271,0.035142700002325,0.00076882814755663276,0.00055970204994082451,0,0,-9.74692153930664,0,0.71387028694152832,0.15870285034179688,1.2014312744140625,0,0,0,10.603620529174805,14.60487174987793,2061,1064,0,10.205455780029297,11.001781463623047,14.066289901733398,15.267721176147461
41.199985402494328,31617.6926308,HOLD,wrist_1_joint,0,-0.00028456645668484271,0.00028456645668484271,0,0.0011646593920886517,-0.0011646593920886517,0.035214800001995172,0.00076882814755663276,0.00055970204994082451,0,0,0.092827640473842621,0,0.71387028694152832,0.15870285034179688,1.2014312744140625,0,0,0,10.603620529174805,14.60487174987793,2061,1064,0,10.205455780029297,11.001781463623047,14.066289901733398,15.267721176147461
41.199985402494328,31617.6926581,HOLD,wrist_2_joint,1.5707963267948966,1.5856122970581055,-0.014815970263208911,0,0.0013901625061407685,-0.0013901625061407685,0.035242800000560237,0.00076882814755663276,0.00055970204994082451,0,0,-9.6359472274780273,0,0.71387028694152832,0.15870285034179688,1.2014312744140625,0,0,0,10.603620529174805,14.60487174987793,2061,1064,0,10.205455780029297,11.001781463623047,14.066289901733398,15.267721176147461
41.199985402494328,31617.6926862,HOLD,wrist_3_joint,0,-0.00010253099026158452,0.00010253099026158452,0,1.6773265087977052E-05,-1.6773265087977052E-05,0.035271600001578918,0.00076882814755663276,0.00055970204994082451,0,0,0.028135370463132858,0,0.71387028694152832,0.15870285034179688,1.2014312744140625,0,0,0,10.603620529174805,14.60487174987793,2061,1064,0,10.205455780029297,11.001781463623047,14.066289901733398,15.267721176147461
41.219985395408159,31617.7116137,HOLD,shoulder_pan_joint,1.5707963267948966,1.572137713432312,-0.0013413866374154537,0,-0.0035018296912312508,0.0035018296912312508,0.054202100000111386,0.00076882814755663276,0.00055970204994082451,0,0,-0.3936215341091156,0,0.71387028694152832,0.15870285034179688,1.2014312744140625,0,0,0,10.603620529174805,14.60487174987793,2062,1064,0,10.205455780029297,11.001781463623047,14.066289901733398,15.267721176147461
41.219985395408159,31617.7116503,HOLD,shoulder_lift_joint,0,0.005562562495470047,-0.005562562495470047,0,-0.011495978571474552,0.011495978571474552,0.054233599999861326,0.00076882814755663276,0.00055970204994082451,0,0,-10.051270484924316,0,0.71387028694152832,0.15870285034179688,1.2014312744140625,0,0,0,10.603620529174805,14.60487174987793,2062,1064,0,10.205455780029297,11.001781463623047,14.066289901733398,15.267721176147461
41.219985395408159,31617.7116772,HOLD,elbow_joint,0,0.0018307383870705962,-0.0018307383870705962,0,0.0073030814528465271,-0.0073030814528465271,0.054260100001556566,0.00076882814755663276,0.00055970204994082451,0,0,-9.74692153930664,0,0.71387028694152832,0.15870285034179688,1.2014312744140625,0,0,0,10.603620529174805,14.60487174987793,2062,1064,0,10.205455780029297,11.001781463623047,14.066289901733398,15.267721176147461
41.219985395408159,31617.7117028,HOLD,wrist_1_joint,0,-0.00028456645668484271,0.00028456645668484271,0,0.0011646593920886517,-0.0011646593920886517,0.054286100003082538,0.00076882814755663276,0.00055970204994082451,0,0,0.092827640473842621,0,0.71387028694152832,0.15870285034179688,1.2014312744140625,0,0,0,10.603620529174805,14.60487174987793,2062,1064,0,10.205455780029297,11.001781463623047,14.066289901733398,15.267721176147461
41.219985395408159,31617.7117299,HOLD,wrist_2_joint,1.5707963267948966,1.5856122970581055,-0.014815970263208911,0,0.0013901625061407685,-0.0013901625061407685,0.054314500001055421,0.00076882814755663276,0.00055970204994082451,0,0,-9.6359472274780273,0,0.71387028694152832,0.15870285034179688,1.2014312744140625,0,0,0,10.603620529174805,14.60487174987793,2062,1064,0,10.205455780029297,11.001781463623047,14.066289901733398,15.267721176147461
41.219985395408159,31617.7117555,HOLD,wrist_3_joint,0,-0.00010253099026158452,0.00010253099026158452,0,1.6773265087977052E-05,-1.6773265087977052E-05,0.054339800000889227,0.00076882814755663276,0.00055970204994082451,0,0,0.028135370463132858,0,0.71387028694152832,0.15870285034179688,1.2014312744140625,0,0,0,10.603620529174805,14.60487174987793,2062,1064,0,10.205455780029297,11.001781463623047,14.066289901733398,15.267721176147461
41.23998538832199,31617.7321053,HOLD,shoulder_pan_joint,1.5707963267948966,1.572137713432312,-0.0013413866374154537,0,-0.0035018296912312508,0.0035018296912312508,0.074695000002975576,0.00076882814755663276,0.00055970204994082451,0,0,-0.3936215341091156,0,0.71387028694152832,0.15870285034179688,1.2014312744140625,0,0,0,10.603620529174805,14.60487174987793,2063,1064,0,10.205455780029297,11.001781463623047,14.066289901733398,15.267721176147461
41.23998538832199,31617.7321451,HOLD,shoulder_lift_joint,0,0.005562562495470047,-0.005562562495470047,0,-0.011495978571474552,0.011495978571474552,0.074729400002979673,0.00076882814755663276,0.00055970204994082451,0,0,-10.051270484924316,0,0.71387028694152832,0.15870285034179688,1.2014312744140625,0,0,0,10.603620529174805,14.60487174987793,2063,1064,0,10.205455780029297,11.001781463623047,14.066289901733398,15.267721176147461
41.23998538832199,31617.732175,HOLD,elbow_joint,0,0.0018307383870705962,-0.0018307383870705962,0,0.0073030814528465271,-0.0073030814528465271,0.07476200000019162,0.00076882814755663276,0.00055970204994082451,0,0,-9.74692153930664,0,0.71387028694152832,0.15870285034179688,1.2014312744140625,0,0,0,10.603620529174805,14.60487174987793,2063,1064,0,10.205455780029297,11.001781463623047,14.066289901733398,15.267721176147461
41.23998538832199,31617.7322114,HOLD,wrist_1_joint,0,-0.00028456645668484271,0.00028456645668484271,0,0.0011646593920886517,-0.0011646593920886517,0.0747960000007879,0.00076882814755663276,0.00055970204994082451,0,0,0.092827640473842621,0,0.71387028694152832,0.15870285034179688,1.2014312744140625,0,0,0,10.603620529174805,14.60487174987793,2063,1064,0,10.205455780029297,11.001781463623047,14.066289901733398,15.267721176147461
41.23998538832199,31617.732241,HOLD,wrist_2_joint,1.5707963267948966,1.5856122970581055,-0.014815970263208911,0,0.0013901625061407685,-0.0013901625061407685,0.074827000000368571,0.00076882814755663276,0.00055970204994082451,0,0,-9.6359472274780273,0,0.71387028694152832,0.15870285034179688,1.2014312744140625,0,0,0,10.603620529174805,14.60487174987793,2063,1064,0,10.205455780029297,11.001781463623047,14.066289901733398,15.267721176147461
41.23998538832199,31617.7322737,HOLD,wrist_3_joint,0,-0.00010253099026158452,0.00010253099026158452,0,1.6773265087977052E-05,-1.6773265087977052E-05,0.07485860000087996,0.00076882814755663276,0.00055970204994082451,0,0,0.028135370463132858,0,0.71387028694152832,0.15870285034179688,1.2014312744140625,0,0,0,10.603620529174805,14.60487174987793,2063,1064,0,10.205455780029297,11.001781463623047,14.066289901733398,15.267721176147461
41.259985381235829,31617.7522429,HOLD,shoulder_pan_joint,1.5707963267948966,1.572137713432312,-0.0013413866374154537,0,-0.0035018296912312508,0.0035018296912312508,0.094836800002667587,0.00076882814755663276,0.00055970204994082451,0,0,-0.3936215341091156,0,0.71387028694152832,0.15870285034179688,1.2014312744140625,0,0,0,10.603620529174805,14.60487174987793,2064,1064,0,10.205455780029297,11.001781463623047,14.066289901733398,15.267721176147461
41.259985381235829,31617.7522863,HOLD,shoulder_lift_joint,0,0.005562562495470047,-0.005562562495470047,0,-0.011495978571474552,0.011495978571474552,0.094870400000218069,0.00076882814755663276,0.00055970204994082451,0,0,-10.051270484924316,0,0.71387028694152832,0.15870285034179688,1.2014312744140625,0,0,0,10.603620529174805,14.60487174987793,2064,1064,0,10.205455780029297,11.001781463623047,14.066289901733398,15.267721176147461
41.259985381235829,31617.7523168,HOLD,elbow_joint,0,0.0018307383870705962,-0.0018307383870705962,0,0.0073030814528465271,-0.0073030814528465271,0.09490160000132164,0.00076882814755663276,0.00055970204994082451,0,0,-9.74692153930664,0,0.71387028694152832,0.15870285034179688,1.2014312744140625,0,0,0,10.603620529174805,14.60487174987793,2064,1064,0,10.205455780029297,11.001781463623047,14.066289901733398,15.267721176147461
41.259985381235829,31617.7523478,HOLD,wrist_1_joint,0,-0.00028456645668484271,0.00028456645668484271,0,0.0011646593920886517,-0.0011646593920886517,0.0949319999999716,0.00076882814755663276,0.00055970204994082451,0,0,0.092827640473842621,0,0.71387028694152832,0.15870285034179688,1.2014312744140625,0,0,0,10.603620529174805,14.60487174987793,2064,1064,0,10.205455780029297,11.001781463623047,14.066289901733398,15.267721176147461
41.259985381235829,31617.7524157,HOLD,wrist_2_joint,1.5707963267948966,1.5856122970581055,-0.014815970263208911,0,0.0013901625061407685,-0.0013901625061407685,0.095001500001671957,0.00076882814755663276,0.00055970204994082451,0,0,-9.6359472274780273,0,0.71387028694152832,0.15870285034179688,1.2014312744140625,0,0,0,10.603620529174805,14.60487174987793,2064,1064,0,10.205455780029297,11.001781463623047,14.066289901733398,15.267721176147461
41.259985381235829,31617.7524465,HOLD,wrist_3_joint,0,-0.00010253099026158452,0.00010253099026158452,0,1.6773265087977052E-05,-1.6773265087977052E-05,0.095031000000744825,0.00076882814755663276,0.00055970204994082451,0,0,0.028135370463132858,0,0.71387028694152832,0.15870285034179688,1.2014312744140625,0,0,0,10.603620529174805,14.60487174987793,2064,1064,0,10.205455780029297,11.001781463623047,14.066289901733398,15.267721176147461
41.279985374149661,31617.7731632,HOLD,shoulder_pan_joint,1.5707963267948966,1.572137713432312,-0.0013413866374154537,0,-0.0035018296912312508,0.0035018296912312508,0.016904299998714123,0.00076882814755663276,0.00055970204994082451,0,0,-0.3936215341091156,0,0.71387028694152832,0.15870285034179688,1.2014312744140625,0,0,0,10.603620529174805,14.60487174987793,2065,1065,0,10.205455780029297,11.001781463623047,14.066289901733398,15.267721176147461
41.279985374149661,31617.7732,HOLD,shoulder_lift_joint,0,0.005562562495470047,-0.005562562495470047,0,-0.011495978571474552,0.011495978571474552,0.01693639999939478,0.00076882814755663276,0.00055970204994082451,0,0,-10.051270484924316,0,0.71387028694152832,0.15870285034179688,1.2014312744140625,0,0,0,10.603620529174805,14.60487174987793,2065,1065,0,10.205455780029297,11.001781463623047,14.066289901733398,15.267721176147461
41.279985374149661,31617.7732344,HOLD,elbow_joint,0,0.0018307383870705962,-0.0018307383870705962,0,0.0073030814528465271,-0.0073030814528465271,0.016969199998129625,0.00076882814755663276,0.00055970204994082451,0,0,-9.74692153930664,0,0.71387028694152832,0.15870285034179688,1.2014312744140625,0,0,0,10.603620529174805,14.60487174987793,2065,1065,0,10.205455780029297,11.001781463623047,14.066289901733398,15.267721176147461
41.279985374149661,31617.7732653,HOLD,wrist_1_joint,0,-0.00028456645668484271,0.00028456645668484271,0,0.0011646593920886517,-0.0011646593920886517,0.017000499999994645,0.00076882814755663276,0.00055970204994082451,0,0,0.092827640473842621,0,0.71387028694152832,0.15870285034179688,1.2014312744140625,0,0,0,10.603620529174805,14.60487174987793,2065,1065,0,10.205455780029297,11.001781463623047,14.066289901733398,15.267721176147461
41.279985374149661,31617.7732925,HOLD,wrist_2_joint,1.5707963267948966,1.5856122970581055,-0.014815970263208911,0,0.0013901625061407685,-0.0013901625061407685,0.017028899997967528,0.00076882814755663276,0.00055970204994082451,0,0,-9.6359472274780273,0,0.71387028694152832,0.15870285034179688,1.2014312744140625,0,0,0,10.603620529174805,14.60487174987793,2065,1065,0,10.205455780029297,11.001781463623047,14.066289901733398,15.267721176147461
41.279985374149661,31617.7733212,HOLD,wrist_3_joint,0,-0.00010253099026158452,0.00010253099026158452,0,1.6773265087977052E-05,-1.6773265087977052E-05,0.017057899996871129,0.00076882814755663276,0.00055970204994082451,0,0,0.028135370463132858,0,0.71387028694152832,0.15870285034179688,1.2014312744140625,0,0,0,10.603620529174805,14.60487174987793,2065,1065,0,10.205455780029297,11.001781463623047,14.066289901733398,15.267721176147461
41.299985367063492,31617.7910025,HOLD,shoulder_pan_joint,1.5707963267948966,1.572137713432312,-0.0013413866374154537,0,-0.0035018296912312508,0.0035018296912312508,0.017575800000486197,0.00076882814755663276,0.00055970204994082451,0,0,-0.3936215341091156,0,0.71387028694152832,0.15870285034179688,1.2014312744140625,0,0,0,10.603620529174805,14.60487174987793,2066,1066,0,10.205455780029297,11.001781463623047,14.066289901733398,15.267721176147461
41.299985367063492,31617.7910857,HOLD,shoulder_lift_joint,0,0.005562562495470047,-0.005562562495470047,0,-0.011495978571474552,0.011495978571474552,0.017654499999480322,0.00076882814755663276,0.00055970204994082451,0,0,-10.051270484924316,0,0.71387028694152832,0.15870285034179688,1.2014312744140625,0,0,0,10.603620529174805,14.60487174987793,2066,1066,0,10.205455780029297,11.001781463623047,14.066289901733398,15.267721176147461
41.299985367063492,31617.7911167,HOLD,elbow_joint,0,0.0018307383870705962,-0.0018307383870705962,0,0.0073030814528465271,-0.0073030814528465271,0.017685300001176074,0.00076882814755663276,0.00055970204994082451,0,0,-9.74692153930664,0,0.71387028694152832,0.15870285034179688,1.2014312744140625,0,0,0,10.603620529174805,14.60487174987793,2066,1066,0,10.205455780029297,11.001781463623047,14.066289901733398,15.267721176147461
41.299985367063492,31617.7911475,HOLD,wrist_1_joint,0,-0.00028456645668484271,0.00028456645668484271,0,0.0011646593920886517,-0.0011646593920886517,0.017716599999403115,0.00076882814755663276,0.00055970204994082451,0,0,0.092827640473842621,0,0.71387028694152832,0.15870285034179688,1.2014312744140625,0,0,0,10.603620529174805,14.60487174987793,2066,1066,0,10.205455780029297,11.001781463623047,14.066289901733398,15.267721176147461
41.299985367063492,31617.791179,HOLD,wrist_2_joint,1.5707963267948966,1.5856122970581055,-0.014815970263208911,0,0.0013901625061407685,-0.0013901625061407685,0.01774949999889941,0.00076882814755663276,0.00055970204994082451,0,0,-9.6359472274780273,0,0.71387028694152832,0.15870285034179688,1.2014312744140625,0,0,0,10.603620529174805,14.60487174987793,2066,1066,0,10.205455780029297,11.001781463623047,14.066289901733398,15.267721176147461
41.299985367063492,31617.7912105,HOLD,wrist_3_joint,0,-0.00010253099026158452,0.00010253099026158452,0,1.6773265087977052E-05,-1.6773265087977052E-05,0.017779599998902995,0.00076882814755663276,0.00055970204994082451,0,0,0.028135370463132858,0,0.71387028694152832,0.15870285034179688,1.2014312744140625,0,0,0,10.603620529174805,14.60487174987793,2066,1066,0,10.205455780029297,11.001781463623047,14.066289901733398,15.267721176147461
41.319985359977323,31617.8118839,HOLD,shoulder_pan_joint,1.5707963267948966,1.572137713432312,-0.0013413866374154537,0,-0.0035018296912312508,0.0035018296912312508,0.020563699999911478,0.00076882814755663276,0.00055970204994082451,0,0,-0.3936215341091156,0,0.71387028694152832,0.15870285034179688,1.2014312744140625,0,0,0,10.603620529174805,14.60487174987793,2067,1067,0,10.205455780029297,11.001781463623047,14.066289901733398,15.267721176147461
41.319985359977323,31617.8119288,HOLD,shoulder_lift_joint,0,0.005562562495470047,-0.005562562495470047,0,-0.011495978571474552,0.011495978571474552,0.020607499998732237,0.00076882814755663276,0.00055970204994082451,0,0,-10.051270484924316,0,0.71387028694152832,0.15870285034179688,1.2014312744140625,0,0,0,10.603620529174805,14.60487174987793,2067,1067,0,10.205455780029297,11.001781463623047,14.066289901733398,15.267721176147461
41.319985359977323,31617.8119707,HOLD,elbow_joint,0,0.0018307383870705962,-0.0018307383870705962,0,0.0073030814528465271,-0.0073030814528465271,0.020656199998484226,0.00076882814755663276,0.00055970204994082451,0,0,-9.74692153930664,0,0.71387028694152832,0.15870285034179688,1.2014312744140625,0,0,0,10.603620529174805,14.60487174987793,2067,1067,0,10.205455780029297,11.001781463623047,14.066289901733398,15.267721176147461
41.319985359977323,31617.8120192,HOLD,wrist_1_joint,0,-0.00028456645668484271,0.00028456645668484271,0,0.0011646593920886517,-0.0011646593920886517,0.020693299997219583,0.00076882814755663276,0.00055970204994082451,0,0,0.092827640473842621,0,0.71387028694152832,0.15870285034179688,1.2014312744140625,0,0,0,10.603620529174805,14.60487174987793,2067,1067,0,10.205455780029297,11.001781463623047,14.066289901733398,15.267721176147461
41.319985359977323,31617.8120539,HOLD,wrist_2_joint,1.5707963267948966,1.5856122970581055,-0.014815970263208911,0,0.0013901625061407685,-0.0013901625061407685,0.020728899999085115,0.00076882814755663276,0.00055970204994082451,0,0,-9.6359472274780273,0,0.71387028694152832,0.15870285034179688,1.2014312744140625,0,0,0,10.603620529174805,14.60487174987793,2067,1067,0,10.205455780029297,11.001781463623047,14.066289901733398,15.267721176147461
41.319985359977323,31617.8121202,HOLD,wrist_3_joint,0,-0.00010253099026158452,0.00010253099026158452,0,1.6773265087977052E-05,-1.6773265087977052E-05,0.020794299998669885,0.00076882814755663276,0.00055970204994082451,0,0,0.028135370463132858,0,0.71387028694152832,0.15870285034179688,1.2014312744140625,0,0,0,10.603620529174805,14.60487174987793,2067,1067,0,10.205455780029297,11.001781463623047,14.066289901733398,15.267721176147461
41.339985352891155,31617.8340871,HOLD,shoulder_pan_joint,1.5707963267948966,1.572137713432312,-0.0013413866374154537,0,-0.0035018296912312508,0.0035018296912312508,0.04276689999824157,0.00076882814755663276,0.00055970204994082451,0,0,-0.3936215341091156,0,0.71387028694152832,0.15870285034179688,1.2014312744140625,0,0,0,10.603620529174805,14.60487174987793,2068,1067,0,10.205455780029297,11.001781463623047,14.066289901733398,15.267721176147461
41.339985352891155,31617.8341362,HOLD,shoulder_lift_joint,0,0.005562562495470047,-0.005562562495470047,0,-0.011495978571474552,0.011495978571474552,0.042808799997146707,0.00076882814755663276,0.00055970204994082451,0,0,-10.051270484924316,0,0.71387028694152832,0.15870285034179688,1.2014312744140625,0,0,0,10.603620529174805,14.60487174987793,2068,1067,0,10.205455780029297,11.001781463623047,14.066289901733398,15.267721176147461
41.339985352891155,31617.834171,HOLD,elbow_joint,0,0.0018307383870705962,-0.0018307383870705962,0,0.0073030814528465271,-0.0073030814528465271,0.042843699997320073,0.00076882814755663276,0.00055970204994082451,0,0,-9.74692153930664,0,0.71387028694152832,0.15870285034179688,1.2014312744140625,0,0,0,10.603620529174805,14.60487174987793,2068,1067,0,10.205455780029297,11.001781463623047,14.066289901733398,15.267721176147461
41.339985352891155,31617.8342081,HOLD,wrist_1_joint,0,-0.00028456645668484271,0.00028456645668484271,0,0.0011646593920886517,-0.0011646593920886517,0.042881099998339778,0.00076882814755663276,0.00055970204994082451,0,0,0.092827640473842621,0,0.71387028694152832,0.15870285034179688,1.2014312744140625,0,0,0,10.603620529174805,14.60487174987793,2068,1067,0,10.205455780029297,11.001781463623047,14.066289901733398,15.267721176147461
41.339985352891155,31617.8342387,HOLD,wrist_2_joint,1.5707963267948966,1.5856122970581055,-0.014815970263208911,0,0.0013901625061407685,-0.0013901625061407685,0.042915499998343876,0.00076882814755663276,0.00055970204994082451,0,0,-9.6359472274780273,0,0.71387028694152832,0.15870285034179688,1.2014312744140625,0,0,0,10.603620529174805,14.60487174987793,2068,1067,0,10.205455780029297,11.001781463623047,14.066289901733398,15.267721176147461
41.339985352891155,31617.8342751,HOLD,wrist_3_joint,0,-0.00010253099026158452,0.00010253099026158452,0,1.6773265087977052E-05,-1.6773265087977052E-05,0.04294839999784017,0.00076882814755663276,0.00055970204994082451,0,0,0.028135370463132858,0,0.71387028694152832,0.15870285034179688,1.2014312744140625,0,0,0,10.603620529174805,14.60487174987793,2068,1067,0,10.205455780029297,11.001781463623047,14.066289901733398,15.267721176147461
41.359985345804986,31617.8517113,HOLD,shoulder_pan_joint,1.5707963267948966,1.572137713432312,-0.0013413866374154537,0,-0.0035018296912312508,0.0035018296912312508,0.0031134000018937513,0.00076882814755663276,0.00055970204994082451,0,0,-0.3936215341091156,0,0.71387028694152832,0.15870285034179688,1.2014312744140625,0,0,0,10.603620529174805,14.60487174987793,2069,1068,0,10.205455780029297,11.001781463623047,14.066289901733398,15.267721176147461
41.359985345804986,31617.8517461,HOLD,shoulder_lift_joint,0,0.005562562495470047,-0.005562562495470047,0,-0.011495978571474552,0.011495978571474552,0.0031421999992744531,0.00076882814755663276,0.00055970204994082451,0,0,-10.051270484924316,0,0.71387028694152832,0.15870285034179688,1.2014312744140625,0,0,0,10.603620529174805,14.60487174987793,2069,1068,0,10.205455780029297,11.001781463623047,14.066289901733398,15.267721176147461
41.359985345804986,31617.8518029,HOLD,elbow_joint,0,0.0018307383870705962,-0.0018307383870705962,0,0.0073030814528465271,-0.0073030814528465271,0.0031992000003810972,0.00076882814755663276,0.00055970204994082451,0,0,-9.74692153930664,0,0.71387028694152832,0.15870285034179688,1.2014312744140625,0,0,0,10.603620529174805,14.60487174987793,2069,1068,0,10.205455780029297,11.001781463623047,14.066289901733398,15.267721176147461
41.359985345804986,31617.8518305,HOLD,wrist_1_joint,0,-0.00028456645668484271,0.00028456645668484271,0,0.0011646593920886517,-0.0011646593920886517,0.0032271000018226914,0.00076882814755663276,0.00055970204994082451,0,0,0.092827640473842621,0,0.71387028694152832,0.15870285034179688,1.2014312744140625,0,0,0,10.603620529174805,14.60487174987793,2069,1068,0,10.205455780029297,11.001781463623047,14.066289901733398,15.267721176147461
41.359985345804986,31617.8518574,HOLD,wrist_2_joint,1.5707963267948966,1.5856122970581055,-0.014815970263208911,0,0.0013901625061407685,-0.0013901625061407685,0.0032553000019106548,0.00076882814755663276,0.00055970204994082451,0,0,-9.6359472274780273,0,0.71387028694152832,0.15870285034179688,1.2014312744140625,0,0,0,10.603620529174805,14.60487174987793,2069,1068,0,10.205455780029297,11.001781463623047,14.066289901733398,15.267721176147461
41.359985345804986,31617.8518852,HOLD,wrist_3_joint,0,-0.00010253099026158452,0.00010253099026158452,0,1.6773265087977052E-05,-1.6773265087977052E-05,0.0032817999999679159,0.00076882814755663276,0.00055970204994082451,0,0,0.028135370463132858,0,0.71387028694152832,0.15870285034179688,1.2014312744140625,0,0,0,10.603620529174805,14.60487174987793,2069,1068,0,10.205455780029297,11.001781463623047,14.066289901733398,15.267721176147461
41.379985338718818,31617.872684,HOLD,shoulder_pan_joint,1.5707963267948966,1.572137713432312,-0.0013413866374154537,0,-0.0035018296912312508,0.0035018296912312508,0.017199800000526011,0.00076882814755663276,0.00055970204994082451,0,0,-0.3936215341091156,0,0.71387028694152832,0.15870285034179688,1.2014312744140625,0,0,0,10.603620529174805,14.60487174987793,2070,1069,0,10.205455780029297,11.001781463623047,14.066289901733398,15.267721176147461
41.379985338718818,31617.8727217,HOLD,shoulder_lift_joint,0,0.005562562495470047,-0.005562562495470047,0,-0.011495978571474552,0.011495978571474552,0.017232500002137385,0.00076882814755663276,0.00055970204994082451,0,0,-10.051270484924316,0,0.71387028694152832,0.15870285034179688,1.2014312744140625,0,0,0,10.603620529174805,14.60487174987793,2070,1069,0,10.205455780029297,11.001781463623047,14.066289901733398,15.267721176147461
41.379985338718818,31617.8727536,HOLD,elbow_joint,0,0.0018307383870705962,-0.0018307383870705962,0,0.0073030814528465271,-0.0073030814528465271,0.017264199999772245,0.00076882814755663276,0.00055970204994082451,0,0,-9.74692153930664,0,0.71387028694152832,0.15870285034179688,1.2014312744140625,0,0,0,10.603620529174805,14.60487174987793,2070,1069,0,10.205455780029297,11.001781463623047,14.066289901733398,15.267721176147461
41.379985338718818,31617.872781,HOLD,wrist_1_joint,0,-0.00028456645668484271,0.00028456645668484271,0,0.0011646593920886517,-0.0011646593920886517,0.017292299999098759,0.00076882814755663276,0.00055970204994082451,0,0,0.092827640473842621,0,0.71387028694152832,0.15870285034179688,1.2014312744140625,0,0,0,10.603620529174805,14.60487174987793,2070,1069,0,10.205455780029297,11.001781463623047,14.066289901733398,15.267721176147461
41.379985338718818,31617.87281,HOLD,wrist_2_joint,1.5707963267948966,1.5856122970581055,-0.014815970263208911,0,0.0013901625061407685,-0.0013901625061407685,0.017322399999102345,0.00076882814755663276,0.00055970204994082451,0,0,-9.6359472274780273,0,0.71387028694152832,0.15870285034179688,1.2014312744140625,0,0,0,10.603620529174805,14.60487174987793,2070,1069,0,10.205455780029297,11.001781463623047,14.066289901733398,15.267721176147461
41.379985338718818,31617.8728381,HOLD,wrist_3_joint,0,-0.00010253099026158452,0.00010253099026158452,0,1.6773265087977052E-05,-1.6773265087977052E-05,0.017349199999443954,0.00076882814755663276,0.00055970204994082451,0,0,0.028135370463132858,0,0.71387028694152832,0.15870285034179688,1.2014312744140625,0,0,0,10.603620529174805,14.60487174987793,2070,1069,0,10.205455780029297,11.001781463623047,14.066289901733398,15.267721176147461
41.399985331632649,31617.8936143,HOLD,shoulder_pan_joint,1.5707963267948966,1.572137713432312,-0.0013413866374154537,0,-0.0035018296912312508,0.0035018296912312508,0.038129600001411745,0.00076882814755663276,0.00055970204994082451,0,0,-0.3936215341091156,0,0.71387028694152832,0.15870285034179688,1.2014312744140625,0,0,0,10.603620529174805,14.60487174987793,2071,1069,0,10.205455780029297,11.001781463623047,14.066289901733398,15.267721176147461
41.399985331632649,31617.8936492,HOLD,shoulder_lift_joint,0,0.005562562495470047,-0.005562562495470047,0,-0.011495978571474552,0.011495978571474552,0.038160100000823149,0.00076882814755663276,0.00055970204994082451,0,0,-10.051270484924316,0,0.71387028694152832,0.15870285034179688,1.2014312744140625,0,0,0,10.603620529174805,14.60487174987793,2071,1069,0,10.205455780029297,11.001781463623047,14.066289901733398,15.267721176147461
41.399985331632649,31617.8936792,HOLD,elbow_joint,0,0.0018307383870705962,-0.0018307383870705962,0,0.0073030814528465271,-0.0073030814528465271,0.038190100000065286,0.00076882814755663276,0.00055970204994082451,0,0,-9.74692153930664,0,0.71387028694152832,0.15870285034179688,1.2014312744140625,0,0,0,10.603620529174805,14.60487174987793,2071,1069,0,10.205455780029297,11.001781463623047,14.066289901733398,15.267721176147461
41.399985331632649,31617.8937065,HOLD,wrist_1_joint,0,-0.00028456645668484271,0.00028456645668484271,0,0.0011646593920886517,-0.0011646593920886517,0.038219000001845416,0.00076882814755663276,0.00055970204994082451,0,0,0.092827640473842621,0,0.71387028694152832,0.15870285034179688,1.2014312744140625,0,0,0,10.603620529174805,14.60487174987793,2071,1069,0,10.205455780029297,11.001781463623047,14.066289901733398,15.267721176147461
41.399985331632649,31617.8937356,HOLD,wrist_2_joint,1.5707963267948966,1.5856122970581055,-0.014815970263208911,0,0.0013901625061407685,-0.0013901625061407685,0.038249000001087552,0.00076882814755663276,0.00055970204994082451,0,0,-9.6359472274780273,0,0.71387028694152832,0.15870285034179688,1.2014312744140625,0,0,0,10.603620529174805,14.60487174987793,2071,1069,0,10.205455780029297,11.001781463623047,14.066289901733398,15.267721176147461
41.399985331632649,31617.893766,HOLD,wrist_3_joint,0,-0.00010253099026158452,0.00010253099026158452,0,1.6773265087977052E-05,-1.6773265087977052E-05,0.038277300001936965,0.00076882814755663276,0.00055970204994082451,0,0,0.028135370463132858,0,0.71387028694152832,0.15870285034179688,1.2014312744140625,0,0,0,10.603620529174805,14.60487174987793,2071,1069,0,10.205455780029297,11.001781463623047,14.066289901733398,15.267721176147461
41.419985324546481,31617.9129244,HOLD,shoulder_pan_joint,1.5707963267948966,1.572137713432312,-0.0013413866374154537,0,-0.0035018296912312508,0.0035018296912312508,0.019046299999899929,0.00076882814755663276,0.00055970204994082451,0,0,-0.3936215341091156,0,0.71387028694152832,0.15870285034179688,1.2014312744140625,0,0,0,10.603620529174805,14.60487174987793,2072,1070,0,10.205455780029297,11.001781463623047,14.066289901733398,15.267721176147461
41.419985324546481,31617.912963,HOLD,shoulder_lift_joint,0,0.005562562495470047,-0.005562562495470047,0,-0.011495978571474552,0.011495978571474552,0.019079600002442021,0.00076882814755663276,0.00055970204994082451,0,0,-10.051270484924316,0,0.71387028694152832,0.15870285034179688,1.2014312744140625,0,0,0,10.603620529174805,14.60487174987793,2072,1070,0,10.205455780029297,11.001781463623047,14.066289901733398,15.267721176147461
41.419985324546481,31617.9129916,HOLD,elbow_joint,0,0.0018307383870705962,-0.0018307383870705962,0,0.0073030814528465271,-0.0073030814528465271,0.019107899999653455,0.00076882814755663276,0.00055970204994082451,0,0,-9.74692153930664,0,0.71387028694152832,0.15870285034179688,1.2014312744140625,0,0,0,10.603620529174805,14.60487174987793,2072,1070,0,10.205455780029297,11.001781463623047,14.066289901733398,15.267721176147461
41.419985324546481,31617.9130543,HOLD,wrist_1_joint,0,-0.00028456645668484271,0.00028456645668484271,0,0.0011646593920886517,-0.0011646593920886517,0.0191716000008455,0.00076882814755663276,0.00055970204994082451,0,0,0.092827640473842621,0,0.71387028694152832,0.15870285034179688,1.2014312744140625,0,0,0,10.603620529174805,14.60487174987793,2072,1070,0,10.205455780029297,11.001781463623047,14.066289901733398,15.267721176147461
41.419985324546481,31617.9130826,HOLD,wrist_2_joint,1.5707963267948966,1.5856122970581055,-0.014815970263208911,0,0.0013901625061407685,-0.0013901625061407685,0.0192005999997491,0.00076882814755663276,0.00055970204994082451,0,0,-9.6359472274780273,0,0.71387028694152832,0.15870285034179688,1.2014312744140625,0,0,0,10.603620529174805,14.60487174987793,2072,1070,0,10.205455780029297,11.001781463623047,14.066289901733398,15.267721176147461
41.419985324546481,31617.913111,HOLD,wrist_3_joint,0,-0.00010253099026158452,0.00010253099026158452,0,1.6773265087977052E-05,-1.6773265087977052E-05,0.019228100001782877,0.00076882814755663276,0.00055970204994082451,0,0,0.028135370463132858,0,0.71387028694152832,0.15870285034179688,1.2014312744140625,0,0,0,10.603620529174805,14.60487174987793,2072,1070,0,10.205455780029297,11.001781463623047,14.066289901733398,15.267721176147461
41.439985317460312,31617.9309677,HOLD,shoulder_pan_joint,1.5707963267948966,1.572137713432312,-0.0013413866374154537,0,-0.0035018296912312508,0.0035018296912312508,0.037091000001964858,0.00076882814755663276,0.00055970204994082451,0,0,-0.3936215341091156,0,0.71387028694152832,0.15870285034179688,1.2014312744140625,0,0,0,10.603620529174805,14.60487174987793,2073,1070,0,10.205455780029297,11.001781463623047,14.066289901733398,15.267721176147461
41.439985317460312,31617.9310033,HOLD,shoulder_lift_joint,0,0.005562562495470047,-0.005562562495470047,0,-0.011495978571474552,0.011495978571474552,0.03711950000069919,0.00076882814755663276,0.00055970204994082451,0,0,-10.051270484924316,0,0.71387028694152832,0.15870285034179688,1.2014312744140625,0,0,0,10.603620529174805,14.60487174987793,2073,1070,0,10.205455780029297,11.001781463623047,14.066289901733398,15.267721176147461
41.439985317460312,31617.9310343,HOLD,elbow_joint,0,0.0018307383870705962,-0.0018307383870705962,0,0.0073030814528465271,-0.0073030814528465271,0.037150500000279862,0.00076882814755663276,0.00055970204994082451,0,0,-9.74692153930664,0,0.71387028694152832,0.15870285034179688,1.2014312744140625,0,0,0,10.603620529174805,14.60487174987793,2073,1070,0,10.205455780029297,11.001781463623047,14.066289901733398,15.267721176147461
41.439985317460312,31617.9310605,HOLD,wrist_1_joint,0,-0.00028456645668484271,0.00028456645668484271,0,0.0011646593920886517,-0.0011646593920886517,0.037176699999690754,0.00076882814755663276,0.00055970204994082451,0,0,0.092827640473842621,0,0.71387028694152832,0.15870285034179688,1.2014312744140625,0,0,0,10.603620529174805,14.60487174987793,2073,1070,0,10.205455780029297,11.001781463623047,14.066289901733398,15.267721176147461
41.439985317460312,31617.9310867,HOLD,wrist_2_joint,1.5707963267948966,1.5856122970581055,-0.014815970263208911,0,0.0013901625061407685,-0.0013901625061407685,0.037204100000963081,0.00076882814755663276,0.00055970204994082451,0,0,-9.6359472274780273,0,0.71387028694152832,0.15870285034179688,1.2014312744140625,0,0,0,10.603620529174805,14.60487174987793,2073,1070,0,10.205455780029297,11.001781463623047,14.066289901733398,15.267721176147461
41.439985317460312,31617.9311137,HOLD,wrist_3_joint,0,-0.00010253099026158452,0.00010253099026158452,0,1.6773265087977052E-05,-1.6773265087977052E-05,0.037231100002827588,0.00076882814755663276,0.00055970204994082451,0,0,0.028135370463132858,0,0.71387028694152832,0.15870285034179688,1.2014312744140625,0,0,0,10.603620529174805,14.60487174987793,2073,1070,0,10.205455780029297,11.001781463623047,14.066289901733398,15.267721176147461
41.459985310374151,31617.9538771,HOLD,shoulder_pan_joint,1.5707963267948966,1.572137713432312,-0.0013413866374154537,0,-0.0035018296912312508,0.0035018296912312508,0.0226102999986324,0.00076882814755663276,0.00055970204994082451,0,0,-0.3936215341091156,0,0.71387028694152832,0.15870285034179688,1.2014312744140625,0,0,0,10.603620529174805,14.60487174987793,2074,1071,0,10.205455780029297,11.001781463623047,14.066289901733398,15.267721176147461
41.459985310374151,31617.953916,HOLD,shoulder_lift_joint,0,0.005562562495470047,-0.005562562495470047,0,-0.011495978571474552,0.011495978571474552,0.02264389999982086,0.00076882814755663276,0.00055970204994082451,0,0,-10.051270484924316,0,0.71387028694152832,0.15870285034179688,1.2014312744140625,0,0,0,10.603620529174805,14.60487174987793,2074,1071,0,10.205455780029297,11.001781463623047,14.066289901733398,15.267721176147461
41.459985310374151,31617.9539461,HOLD,elbow_joint,0,0.0018307383870705962,-0.0018307383870705962,0,0.0073030814528465271,-0.0073030814528465271,0.022675899999740068,0.00076882814755663276,0.00055970204994082451,0,0,-9.74692153930664,0,0.71387028694152832,0.15870285034179688,1.2014312744140625,0,0,0,10.603620529174805,14.60487174987793,2074,1071,0,10.205455780029297,11.001781463623047,14.066289901733398,15.267721176147461
41.459985310374151,31617.9539857,HOLD,wrist_1_joint,0,-0.00028456645668484271,0.00028456645668484271,0,0.0011646593920886517,-0.0011646593920886517,0.022715399998560315,0.00076882814755663276,0.00055970204994082451,0,0,0.092827640473842621,0,0.71387028694152832,0.15870285034179688,1.2014312744140625,0,0,0,10.603620529174805,14.60487174987793,2074,1071,0,10.205455780029297,11.001781463623047,14.066289901733398,15.267721176147461
41.459985310374151,31617.9540458,HOLD,wrist_2_joint,1.5707963267948966,1.5856122970581055,-0.014815970263208911,0,0.0013901625061407685,-0.0013901625061407685,0.022776699999667471,0.00076882814755663276,0.00055970204994082451,0,0,-9.6359472274780273,0,0.71387028694152832,0.15870285034179688,1.2014312744140625,0,0,0,10.603620529174805,14.60487174987793,2074,1071,0,10.205455780029297,11.001781463623047,14.066289901733398,15.267721176147461
41.459985310374151,31617.9540785,HOLD,wrist_3_joint,0,-0.00010253099026158452,0.00010253099026158452,0,1.6773265087977052E-05,-1.6773265087977052E-05,0.022806699998909608,0.00076882814755663276,0.00055970204994082451,0,0,0.028135370463132858,0,0.71387028694152832,0.15870285034179688,1.2014312744140625,0,0,0,10.603620529174805,14.60487174987793,2074,1071,0,10.205455780029297,11.001781463623047,14.066289901733398,15.267721176147461
41.479985303287982,31617.9734022,HOLD,shoulder_pan_joint,1.5707963267948966,1.572137713432312,-0.0013413866374154537,0,-0.0035018296912312508,0.0035018296912312508,0.042134999999689171,0.00076882814755663276,0.00055970204994082451,0,0,-0.3936215341091156,0,0.71387028694152832,0.15870285034179688,1.2014312744140625,0,0,0,10.603620529174805,14.60487174987793,2075,1071,0,10.205455780029297,11.001781463623047,14.066289901733398,15.267721176147461
41.479985303287982,31617.9734428,HOLD,shoulder_lift_joint,0,0.005562562495470047,-0.005562562495470047,0,-0.011495978571474552,0.011495978571474552,0.042170299999270355,0.00076882814755663276,0.00055970204994082451,0,0,-10.051270484924316,0,0.71387028694152832,0.15870285034179688,1.2014312744140625,0,0,0,10.603620529174805,14.60487174987793,2075,1071,0,10.205455780029297,11.001781463623047,14.066289901733398,15.267721176147461
41.479985303287982,31617.9734704,HOLD,elbow_joint,0,0.0018307383870705962,-0.0018307383870705962,0,0.0073030814528465271,-0.0073030814528465271,0.042197399998258334,0.00076882814755663276,0.00055970204994082451,0,0,-9.74692153930664,0,0.71387028694152832,0.15870285034179688,1.2014312744140625,0,0,0,10.603620529174805,14.60487174987793,2075,1071,0,10.205455780029297,11.001781463623047,14.066289901733398,15.267721176147461
41.479985303287982,31617.9734993,HOLD,wrist_1_joint,0,-0.00028456645668484271,0.00028456645668484271,0,0.0011646593920886517,-0.0011646593920886517,0.0422268999973312,0.00076882814755663276,0.00055970204994082451,0,0,0.092827640473842621,0,0.71387028694152832,0.15870285034179688,1.2014312744140625,0,0,0,10.603620529174805,14.60487174987793,2075,1071,0,10.205455780029297,11.001781463623047,14.066289901733398,15.267721176147461
41.479985303287982,31617.9735627,HOLD,wrist_2_joint,1.5707963267948966,1.5856122970581055,-0.014815970263208911,0,0.0013901625061407685,-0.0013901625061407685,0.042291800000384683,0.00076882814755663276,0.00055970204994082451,0,0,-9.6359472274780273,0,0.71387028694152832,0.15870285034179688,1.2014312744140625,0,0,0,10.603620529174805,14.60487174987793,2075,1071,0,10.205455780029297,11.001781463623047,14.066289901733398,15.267721176147461
41.479985303287982,31617.9735918,HOLD,wrist_3_joint,0,-0.00010253099026158452,0.00010253099026158452,0,1.6773265087977052E-05,-1.6773265087977052E-05,0.042319599997426849,0.00076882814755663276,0.00055970204994082451,0,0,0.028135370463132858,0,0.71387028694152832,0.15870285034179688,1.2014312744140625,0,0,0,10.603620529174805,14.60487174987793,2075,1071,0,10.205455780029297,11.001781463623047,14.066289901733398,15.267721176147461
41.499985296201814,31617.9910319,HOLD,shoulder_pan_joint,1.5707963267948966,1.572137713432312,-0.0013413866374154537,0,-0.0035018296912312508,0.0035018296912312508,0.059767200000351295,0.00076882814755663276,0.00055970204994082451,0,0,-0.3936215341091156,0,0.71387028694152832,0.15870285034179688,1.2014312744140625,0,0,0,10.603620529174805,14.60487174987793,2076,1071,0,10.205455780029297,11.001781463623047,14.066289901733398,15.267721176147461
41.499985296201814,31617.9910732,HOLD,shoulder_lift_joint,0,0.005562562495470047,-0.005562562495470047,0,-0.011495978571474552,0.011495978571474552,0.059800600000016857,0.00076882814755663276,0.00055970204994082451,0,0,-10.051270484924316,0,0.71387028694152832,0.15870285034179688,1.2014312744140625,0,0,0,10.603620529174805,14.60487174987793,2076,1071,0,10.205455780029297,11.001781463623047,14.066289901733398,15.267721176147461
41.499985296201814,31617.9911045,HOLD,elbow_joint,0,0.0018307383870705962,-0.0018307383870705962,0,0.0073030814528465271,-0.0073030814528465271,0.05983139999807463,0.00076882814755663276,0.00055970204994082451,0,0,-9.74692153930664,0,0.71387028694152832,0.15870285034179688,1.2014312744140625,0,0,0,10.603620529174805,14.60487174987793,2076,1071,0,10.205455780029297,11.001781463623047,14.066289901733398,15.267721176147461
41.499985296201814,31617.9911329,HOLD,wrist_1_joint,0,-0.00028456645668484271,0.00028456645668484271,0,0.0011646593920886517,-0.0011646593920886517,0.059860199999093311,0.00076882814755663276,0.00055970204994082451,0,0,0.092827640473842621,0,0.71387028694152832,0.15870285034179688,1.2014312744140625,0,0,0,10.603620529174805,14.60487174987793,2076,1071,0,10.205455780029297,11.001781463623047,14.066289901733398,15.267721176147461
41.499985296201814,31617.9911596,HOLD,wrist_2_joint,1.5707963267948966,1.5856122970581055,-0.014815970263208911,0,0.0013901625061407685,-0.0013901625061407685,0.059888099996896926,0.00076882814755663276,0.00055970204994082451,0,0,-9.6359472274780273,0,0.71387028694152832,0.15870285034179688,1.2014312744140625,0,0,0,10.603620529174805,14.60487174987793,2076,1071,0,10.205455780029297,11.001781463623047,14.066289901733398,15.267721176147461
41.499985296201814,31617.9911874,HOLD,wrist_3_joint,0,-0.00010253099026158452,0.00010253099026158452,0,1.6773265087977052E-05,-1.6773265087977052E-05,0.059914999997999985,0.00076882814755663276,0.00055970204994082451,0,0,0.028135370463132858,0,0.71387028694152832,0.15870285034179688,1.2014312744140625,0,0,0,10.603620529174805,14.60487174987793,2076,1071,0,10.205455780029297,11.001781463623047,14.066289901733398,15.267721176147461
41.519985289115645,31618.0118139,HOLD,shoulder_pan_joint,1.5707963267948966,1.572137713432312,-0.0013413866374154537,0,-0.0035018296912312508,0.0035018296912312508,0.010149000001547392,0.00076882814755663276,0.00055970204994082451,0,0,-0.3936215341091156,0,0.71387028694152832,0.15870285034179688,1.2014312744140625,0,0,0,10.603620529174805,14.60487174987793,2077,1072,0,10.205455780029297,11.001781463623047,14.066289901733398,15.267721176147461
41.519985289115645,31618.0118927,HOLD,shoulder_lift_joint,0,0.005562562495470047,-0.005562562495470047,0,-0.011495978571474552,0.011495978571474552,0.010221500000625383,0.00076882814755663276,0.00055970204994082451,0,0,-10.051270484924316,0,0.71387028694152832,0.15870285034179688,1.2014312744140625,0,0,0,10.603620529174805,14.60487174987793,2077,1072,0,10.205455780029297,11.001781463623047,14.066289901733398,15.267721176147461
41.519985289115645,31618.0119225,HOLD,elbow_joint,0,0.0018307383870705962,-0.0018307383870705962,0,0.0073030814528465271,-0.0073030814528465271,0.010251800002151867,0.00076882814755663276,0.00055970204994082451,0,0,-9.74692153930664,0,0.71387028694152832,0.15870285034179688,1.2014312744140625,0,0,0,10.603620529174805,14.60487174987793,2077,1072,0,10.205455780029297,11.001781463623047,14.066289901733398,15.267721176147461
41.519985289115645,31618.0119514,HOLD,wrist_1_joint,0,-0.00028456645668484271,0.00028456645668484271,0,0.0011646593920886517,-0.0011646593920886517,0.010279900001478381,0.00076882814755663276,0.00055970204994082451,0,0,0.092827640473842621,0,0.71387028694152832,0.15870285034179688,1.2014312744140625,0,0,0,10.603620529174805,14.60487174987793,2077,1072,0,10.205455780029297,11.001781463623047,14.066289901733398,15.267721176147461
41.519985289115645,31618.0119806,HOLD,wrist_2_joint,1.5707963267948966,1.5856122970581055,-0.014815970263208911,0,0.0013901625061407685,-0.0013901625061407685,0.010310300000128336,0.00076882814755663276,0.00055970204994082451,0,0,-9.6359472274780273,0,0.71387028694152832,0.15870285034179688,1.2014312744140625,0,0,0,10.603620529174805,14.60487174987793,2077,1072,0,10.205455780029297,11.001781463623047,14.066289901733398,15.267721176147461
41.519985289115645,31618.0120102,HOLD,wrist_3_joint,0,-0.00010253099026158452,0.00010253099026158452,0,1.6773265087977052E-05,-1.6773265087977052E-05,0.010338700001739198,0.00076882814755663276,0.00055970204994082451,0,0,0.028135370463132858,0,0.71387028694152832,0.15870285034179688,1.2014312744140625,0,0,0,10.603620529174805,14.60487174987793,2077,1072,0,10.205455780029297,11.001781463623047,14.066289901733398,15.267721176147461
41.539985282029477,31618.0310058,HOLD,shoulder_pan_joint,1.5707963267948966,1.572137713432312,-0.0013413866374154537,0,-0.0035018296912312508,0.0035018296912312508,0.018872399999963818,0.00076882814755663276,0.00055970204994082451,0,0,-0.3936215341091156,0,0.71387028694152832,0.15870285034179688,1.2014312744140625,0,0,0,10.603620529174805,14.60487174987793,2078,1073,0,10.205455780029297,11.001781463623047,14.066289901733398,15.267721176147461
41.539985282029477,31618.0310425,HOLD,shoulder_lift_joint,0,0.005562562495470047,-0.005562562495470047,0,-0.011495978571474552,0.011495978571474552,0.018902499999967404,0.00076882814755663276,0.00055970204994082451,0,0,-10.051270484924316,0,0.71387028694152832,0.15870285034179688,1.2014312744140625,0,0,0,10.603620529174805,14.60487174987793,2078,1073,0,10.205455780029297,11.001781463623047,14.066289901733398,15.267721176147461
41.539985282029477,31618.0310718,HOLD,elbow_joint,0,0.0018307383870705962,-0.0018307383870705962,0,0.0073030814528465271,-0.0073030814528465271,0.018932000002678251,0.00076882814755663276,0.00055970204994082451,0,0,-9.74692153930664,0,0.71387028694152832,0.15870285034179688,1.2014312744140625,0,0,0,10.603620529174805,14.60487174987793,2078,1073,0,10.205455780029297,11.001781463623047,14.066289901733398,15.267721176147461
41.539985282029477,31618.0310985,HOLD,wrist_1_joint,0,-0.00028456645668484271,0.00028456645668484271,0,0.0011646593920886517,-0.0011646593920886517,0.018958500000735512,0.00076882814755663276,0.00055970204994082451,0,0,0.092827640473842621,0,0.71387028694152832,0.15870285034179688,1.2014312744140625,0,0,0,10.603620529174805,14.60487174987793,2078,1073,0,10.205455780029297,11.001781463623047,14.066289901733398,15.267721176147461
41.539985282029477,31618.0311241,HOLD,wrist_2_joint,1.5707963267948966,1.5856122970581055,-0.014815970263208911,0,0.0013901625061407685,-0.0013901625061407685,0.01898540000183857,0.00076882814755663276,0.00055970204994082451,0,0,-9.6359472274780273,0,0.71387028694152832,0.15870285034179688,1.2014312744140625,0,0,0,10.603620529174805,14.60487174987793,2078,1073,0,10.205455780029297,11.001781463623047,14.066289901733398,15.267721176147461
41.539985282029477,31618.0311841,HOLD,wrist_3_joint,0,-0.00010253099026158452,0.00010253099026158452,0,1.6773265087977052E-05,-1.6773265087977052E-05,0.019057699999393662,0.00076882814755663276,0.00055970204994082451,0,0,0.028135370463132858,0,0.71387028694152832,0.15870285034179688,1.2014312744140625,0,0,0,10.603620529174805,14.60487174987793,2078,1073,0,10.205455780029297,11.001781463623047,14.066289901733398,15.267721176147461
41.559985274943308,31618.0513386,HOLD,shoulder_pan_joint,1.5707963267948966,1.572137713432312,-0.0013413866374154537,0,-0.0035018296912312508,0.0035018296912312508,0.012315500000113389,0.00076882814755663276,0.00055970204994082451,0,0,-0.3936215341091156,0,0.71387028694152832,0.15870285034179688,1.2014312744140625,0,0,0,10.603620529174805,14.60487174987793,2079,1074,0,10.205455780029297,11.001781463623047,14.066289901733398,15.267721176147461
41.559985274943308,31618.0513748,HOLD,shoulder_lift_joint,0,0.005562562495470047,-0.005562562495470047,0,-0.011495978571474552,0.011495978571474552,0.012345600000116974,0.00076882814755663276,0.00055970204994082451,0,0,-10.051270484924316,0,0.71387028694152832,0.15870285034179688,1.2014312744140625,0,0,0,10.603620529174805,14.60487174987793,2079,1074,0,10.205455780029297,11.001781463623047,14.066289901733398,15.267721176147461
41.559985274943308,31618.0513996,HOLD,elbow_joint,0,0.0018307383870705962,-0.0018307383870705962,0,0.0073030814528465271,-0.0073030814528465271,0.012370000000373693,0.00076882814755663276,0.00055970204994082451,0,0,-9.74692153930664,0,0.71387028694152832,0.15870285034179688,1.2014312744140625,0,0,0,10.603620529174805,14.60487174987793,2079,1074,0,10.205455780029297,11.001781463623047,14.066289901733398,15.267721176147461
41.559985274943308,31618.0514249,HOLD,wrist_1_joint,0,-0.00028456645668484271,0.00028456645668484271,0,0.0011646593920886517,-0.0011646593920886517,0.012395800000376767,0.00076882814755663276,0.00055970204994082451,0,0,0.092827640473842621,0,0.71387028694152832,0.15870285034179688,1.2014312744140625,0,0,0,10.603620529174805,14.60487174987793,2079,1074,0,10.205455780029297,11.001781463623047,14.066289901733398,15.267721176147461
41.559985274943308,31618.0514492,HOLD,wrist_2_joint,1.5707963267948966,1.5856122970581055,-0.014815970263208911,0,0.0013901625061407685,-0.0013901625061407685,0.012421199997334043,0.00076882814755663276,0.00055970204994082451,0,0,-9.6359472274780273,0,0.71387028694152832,0.15870285034179688,1.2014312744140625,0,0,0,10.603620529174805,14.60487174987793,2079,1074,0,10.205455780029297,11.001781463623047,14.066289901733398,15.267721176147461
41.559985274943308,31618.0514786,HOLD,wrist_3_joint,0,-0.00010253099026158452,0.00010253099026158452,0,1.6773265087977052E-05,-1.6773265087977052E-05,0.012451099999452708,0.00076882814755663276,0.00055970204994082451,0,0,0.028135370463132858,0,0.71387028694152832,0.15870285034179688,1.2014312744140625,0,0,0,10.603620529174805,14.60487174987793,2079,1074,0,10.205455780029297,11.001781463623047,14.066289901733398,15.267721176147461
41.57998526785714,31618.0739177,HOLD,shoulder_pan_joint,1.5707963267948966,1.572137713432312,-0.0013413866374154537,0,-0.0035018296912312508,0.0035018296912312508,0.034895799999503652,0.00076882814755663276,0.00055970204994082451,0,0,-0.3936215341091156,0,0.71387028694152832,0.15870285034179688,1.2014312744140625,0,0,0,10.603620529174805,14.60487174987793,2080,1074,0,10.205455780029297,11.001781463623047,14.066289901733398,15.267721176147461
41.57998526785714,31618.073955,HOLD,shoulder_lift_joint,0,0.005562562495470047,-0.005562562495470047,0,-0.011495978571474552,0.011495978571474552,0.034926099997392157,0.00076882814755663276,0.00055970204994082451,0,0,-10.051270484924316,0,0.71387028694152832,0.15870285034179688,1.2014312744140625,0,0,0,10.603620529174805,14.60487174987793,2080,1074,0,10.205455780029297,11.001781463623047,14.066289901733398,15.267721176147461
41.57998526785714,31618.0740276,HOLD,elbow_joint,0,0.0018307383870705962,-0.0018307383870705962,0,0.0073030814528465271,-0.0073030814528465271,0.034999199997400865,0.00076882814755663276,0.00055970204994082451,0,0,-9.74692153930664,0,0.71387028694152832,0.15870285034179688,1.2014312744140625,0,0,0,10.603620529174805,14.60487174987793,2080,1074,0,10.205455780029297,11.001781463623047,14.066289901733398,15.267721176147461
41.57998526785714,31618.0740785,HOLD,wrist_1_joint,0,-0.00028456645668484271,0.00028456645668484271,0,0.0011646593920886517,-0.0011646593920886517,0.035050200000114273,0.00076882814755663276,0.00055970204994082451,0,0,0.092827640473842621,0,0.71387028694152832,0.15870285034179688,1.2014312744140625,0,0,0,10.603620529174805,14.60487174987793,2080,1074,0,10.205455780029297,11.001781463623047,14.066289901733398,15.267721176147461
41.57998526785714,31618.074106,HOLD,wrist_2_joint,1.5707963267948966,1.5856122970581055,-0.014815970263208911,0,0.0013901625061407685,-0.0013901625061407685,0.035079699999187142,0.00076882814755663276,0.00055970204994082451,0,0,-9.6359472274780273,0,0.71387028694152832,0.15870285034179688,1.2014312744140625,0,0,0,10.603620529174805,14.60487174987793,2080,1074,0,10.205455780029297,11.001781463623047,14.066289901733398,15.267721176147461
41.57998526785714,31618.0741385,HOLD,wrist_3_joint,0,-0.00010253099026158452,0.00010253099026158452,0,1.6773265087977052E-05,-1.6773265087977052E-05,0.035110199998598546,0.00076882814755663276,0.00055970204994082451,0,0,0.028135370463132858,0,0.71387028694152832,0.15870285034179688,1.2014312744140625,0,0,0,10.603620529174805,14.60487174987793,2080,1074,0,10.205455780029297,11.001781463623047,14.066289901733398,15.267721176147461
41.599985260770971,31618.0930723,HOLD,shoulder_pan_joint,1.5707963267948966,1.572137713432312,-0.0013413866374154537,0,-0.0035018296912312508,0.0035018296912312508,0.00860839999950258,0.00076882814755663276,0.00055970204994082451,0,0,-0.3936215341091156,0,0.71387028694152832,0.15870285034179688,1.2014312744140625,0,0,0,10.603620529174805,14.60487174987793,2081,1075,0,10.205455780029297,11.001781463623047,14.066289901733398,15.267721176147461
41.599985260770971,31618.0931095,HOLD,shoulder_lift_joint,0,0.005562562495470047,-0.005562562495470047,0,-0.011495978571474552,0.011495978571474552,0.0086413999997603241,0.00076882814755663276,0.00055970204994082451,0,0,-10.051270484924316,0,0.71387028694152832,0.15870285034179688,1.2014312744140625,0,0,0,10.603620529174805,14.60487174987793,2081,1075,0,10.205455780029297,11.001781463623047,14.066289901733398,15.267721176147461
41.599985260770971,31618.0931342,HOLD,elbow_joint,0,0.0018307383870705962,-0.0018307383870705962,0,0.0073030814528465271,-0.0073030814528465271,0.0086660000015399419,0.00076882814755663276,0.00055970204994082451,0,0,-9.74692153930664,0,0.71387028694152832,0.15870285034179688,1.2014312744140625,0,0,0,10.603620529174805,14.60487174987793,2081,1075,0,10.205455780029297,11.001781463623047,14.066289901733398,15.267721176147461
41.599985260770971,31618.0931595,HOLD,wrist_1_joint,0,-0.00028456645668484271,0.00028456645668484271,0,0.0011646593920886517,-0.0011646593920886517,0.0086917000007815659,0.00076882814755663276,0.00055970204994082451,0,0,0.092827640473842621,0,0.71387028694152832,0.15870285034179688,1.2014312744140625,0,0,0,10.603620529174805,14.60487174987793,2081,1075,0,10.205455780029297,11.001781463623047,14.066289901733398,15.267721176147461
41.599985260770971,31618.0931832,HOLD,wrist_2_joint,1.5707963267948966,1.5856122970581055,-0.014815970263208911,0,0.0013901625061407685,-0.0013901625061407685,0.0087163999996846542,0.00076882814755663276,0.00055970204994082451,0,0,-9.6359472274780273,0,0.71387028694152832,0.15870285034179688,1.2014312744140625,0,0,0,10.603620529174805,14.60487174987793,2081,1075,0,10.205455780029297,11.001781463623047,14.066289901733398,15.267721176147461
41.599985260770971,31618.0932151,HOLD,wrist_3_joint,0,-0.00010253099026158452,0.00010253099026158452,0,1.6773265087977052E-05,-1.6773265087977052E-05,0.0087493999999423977,0.00076882814755663276,0.00055970204994082451,0,0,0.028135370463132858,0,0.71387028694152832,0.15870285034179688,1.2014312744140625,0,0,0,10.603620529174805,14.60487174987793,2081,1075,0,10.205455780029297,11.001781463623047,14.066289901733398,15.267721176147461
41.6199852536848,31618.1127907,HOLD,shoulder_pan_joint,1.5707963267948966,1.572137713432312,-0.0013413866374154537,0,-0.0035018296912312508,0.0035018296912312508,0.02836340000067139,0.00076882814755663276,0.00055970204994082451,0,0,-0.3936215341091156,0,0.71387028694152832,0.15870285034179688,1.2014312744140625,0,0,0,10.603620529174805,14.60487174987793,2082,1075,0,10.205455780029297,11.001781463623047,14.066289901733398,15.267721176147461
41.6199852536848,31618.1128766,HOLD,shoulder_lift_joint,0,0.005562562495470047,-0.005562562495470047,0,-0.011495978571474552,0.011495978571474552,0.028411399998731213,0.00076882814755663276,0.00055970204994082451,0,0,-10.051270484924316,0,0.71387028694152832,0.15870285034179688,1.2014312744140625,0,0,0,10.603620529174805,14.60487174987793,2082,1075,0,10.205455780029297,11.001781463623047,14.066289901733398,15.267721176147461
41.6199852536848,31618.1129057,HOLD,elbow_joint,0,0.0018307383870705962,-0.0018307383870705962,0,0.0073030814528465271,-0.0073030814528465271,0.028437900000426453,0.00076882814755663276,0.00055970204994082451,0,0,-9.74692153930664,0,0.71387028694152832,0.15870285034179688,1.2014312744140625,0,0,0,10.603620529174805,14.60487174987793,2082,1075,0,10.205455780029297,11.001781463623047,14.066289901733398,15.267721176147461
41.6199852536848,31618.1129334,HOLD,wrist_1_joint,0,-0.00028456645668484271,0.00028456645668484271,0,0.0011646593920886517,-0.0011646593920886517,0.028466799998568604,0.00076882814755663276,0.00055970204994082451,0,0,0.092827640473842621,0,0.71387028694152832,0.15870285034179688,1.2014312744140625,0,0,0,10.603620529174805,14.60487174987793,2082,1075,0,10.205455780029297,11.001781463623047,14.066289901733398,15.267721176147461
41.6199852536848,31618.11296,HOLD,wrist_2_joint,1.5707963267948966,1.5856122970581055,-0.014815970263208911,0,0.0013901625061407685,-0.0013901625061407685,0.028495800001110183,0.00076882814755663276,0.00055970204994082451,0,0,-9.6359472274780273,0,0.71387028694152832,0.15870285034179688,1.2014312744140625,0,0,0,10.603620529174805,14.60487174987793,2082,1075,0,10.205455780029297,11.001781463623047,14.066289901733398,15.267721176147461
41.6199852536848,31618.112988,HOLD,wrist_3_joint,0,-0.00010253099026158452,0.00010253099026158452,0,1.6773265087977052E-05,-1.6773265087977052E-05,0.02852070000153617,0.00076882814755663276,0.00055970204994082451,0,0,0.028135370463132858,0,0.71387028694152832,0.15870285034179688,1.2014312744140625,0,0,0,10.603620529174805,14.60487174987793,2082,1075,0,10.205455780029297,11.001781463623047,14.066289901733398,15.267721176147461
41.639985246598641,31618.131418,HOLD,shoulder_pan_joint,1.5707963267948966,1.572137713432312,-0.0013413866374154537,0,-0.0035018296912312508,0.0035018296912312508,0.010003000003052875,0.00076882814755663276,0.00055970204994082451,0,0,-0.3936215341091156,0,0.71387028694152832,0.15870285034179688,1.2014312744140625,0,0,0,10.603620529174805,14.60487174987793,2083,1076,0,10.205455780029297,11.001781463623047,14.066289901733398,15.267721176147461
41.639985246598641,31618.1315285,HOLD,shoulder_lift_joint,0,0.005562562495470047,-0.005562562495470047,0,-0.011495978571474552,0.011495978571474552,0.010045900002296548,0.00076882814755663276,0.00055970204994082451,0,0,-10.051270484924316,0,0.71387028694152832,0.15870285034179688,1.2014312744140625,0,0,0,10.603620529174805,14.60487174987793,2083,1076,0,10.205455780029297,11.001781463623047,14.066289901733398,15.267721176147461
41.639985246598641,31618.1315601,HOLD,elbow_joint,0,0.0018307383870705962,-0.0018307383870705962,0,0.0073030814528465271,-0.0073030814528465271,0.010086300000693882,0.00076882814755663276,0.00055970204994082451,0,0,-9.74692153930664,0,0.71387028694152832,0.15870285034179688,1.2014312744140625,0,0,0,10.603620529174805,14.60487174987793,2083,1076,0,10.205455780029297,11.001781463623047,14.066289901733398,15.267721176147461
41.639985246598641,31618.131638,HOLD,wrist_1_joint,0,-0.00028456645668484271,0.00028456645668484271,0,0.0011646593920886517,-0.0011646593920886517,0.010154800002055708,0.00076882814755663276,0.00055970204994082451,0,0,0.092827640473842621,0,0.71387028694152832,0.15870285034179688,1.2014312744140625,0,0,0,10.603620529174805,14.60487174987793,2083,1076,0,10.205455780029297,11.001781463623047,14.066289901733398,15.267721176147461
41.639985246598641,31618.131668,HOLD,wrist_2_joint,1.5707963267948966,1.5856122970581055,-0.014815970263208911,0,0.0013901625061407685,-0.0013901625061407685,0.010185500002990011,0.00076882814755663276,0.00055970204994082451,0,0,-9.6359472274780273,0,0.71387028694152832,0.15870285034179688,1.2014312744140625,0,0,0,10.603620529174805,14.60487174987793,2083,1076,0,10.205455780029297,11.001781463623047,14.066289901733398,15.267721176147461
41.639985246598641,31618.131699,HOLD,wrist_3_joint,0,-0.00010253099026158452,0.00010253099026158452,0,1.6773265087977052E-05,-1.6773265087977052E-05,0.010215700000117067,0.00076882814755663276,0.00055970204994082451,0,0,0.028135370463132858,0,0.71387028694152832,0.15870285034179688,1.2014312744140625,0,0,0,10.603620529174805,14.60487174987793,2083,1076,0,10.205455780029297,11.001781463623047,14.066289901733398,15.267721176147461
41.659985239512473,31618.1514988,HOLD,shoulder_pan_joint,1.5707963267948966,1.572137713432312,-0.0013413866374154537,0,-0.0035018296912312508,0.0035018296912312508,0.030020200003491482,0.00076882814755663276,0.00055970204994082451,0,0,-0.3936215341091156,0,0.71387028694152832,0.15870285034179688,1.2014312744140625,0,0,0,10.603620529174805,14.60487174987793,2084,1076,0,10.205455780029297,11.001781463623047,14.066289901733398,15.267721176147461
41.659985239512473,31618.151554,HOLD,shoulder_lift_joint,0,0.005562562495470047,-0.005562562495470047,0,-0.011495978571474552,0.011495978571474552,0.030071100001805462,0.00076882814755663276,0.00055970204994082451,0,0,-10.051270484924316,0,0.71387028694152832,0.15870285034179688,1.2014312744140625,0,0,0,10.603620529174805,14.60487174987793,2084,1076,0,10.205455780029297,11.001781463623047,14.066289901733398,15.267721176147461
41.659985239512473,31618.1515886,HOLD,elbow_joint,0,0.0018307383870705962,-0.0018307383870705962,0,0.0073030814528465271,-0.0073030814528465271,0.030103900000540307,0.00076882814755663276,0.00055970204994082451,0,0,-9.74692153930664,0,0.71387028694152832,0.15870285034179688,1.2014312744140625,0,0,0,10.603620529174805,14.60487174987793,2084,1076,0,10.205455780029297,11.001781463623047,14.066289901733398,15.267721176147461
41.659985239512473,31618.1516249,HOLD,wrist_1_joint,0,-0.00028456645668484271,0.00028456645668484271,0,0.0011646593920886517,-0.0011646593920886517,0.030141200000798563,0.00076882814755663276,0.00055970204994082451,0,0,0.092827640473842621,0,0.71387028694152832,0.15870285034179688,1.2014312744140625,0,0,0,10.603620529174805,14.60487174987793,2084,1076,0,10.205455780029297,11.001781463623047,14.066289901733398,15.267721176147461
41.659985239512473,31618.1516536,HOLD,wrist_2_joint,1.5707963267948966,1.5856122970581055,-0.014815970263208911,0,0.0013901625061407685,-0.0013901625061407685,0.030170100002578693,0.00076882814755663276,0.00055970204994082451,0,0,-9.6359472274780273,0,0.71387028694152832,0.15870285034179688,1.2014312744140625,0,0,0,10.603620529174805,14.60487174987793,2084,1076,0,10.205455780029297,11.001781463623047,14.066289901733398,15.267721176147461
41.659985239512473,31618.1516848,HOLD,wrist_3_joint,0,-0.00010253099026158452,0.00010253099026158452,0,1.6773265087977052E-05,-1.6773265087977052E-05,0.030200700002751546,0.00076882814755663276,0.00055970204994082451,0,0,0.028135370463132858,0,0.71387028694152832,0.15870285034179688,1.2014312744140625,0,0,0,10.603620529174805,14.60487174987793,2084,1076,0,10.205455780029297,11.001781463623047,14.066289901733398,15.267721176147461
41.679985232426304,31618.173385,HOLD,shoulder_pan_joint,1.5707963267948966,1.572137713432312,-0.0013413866374154537,0,-0.0035018296912312508,0.0035018296912312508,0.0059044999979960267,0.00076882814755663276,0.00055970204994082451,0,0,-0.3936215341091156,0,0.71387028694152832,0.15870285034179688,1.2014312744140625,0,0,0,10.603620529174805,14.60487174987793,2085,1077,0,10.205455780029297,11.001781463623047,14.066289901733398,15.267721176147461
41.679985232426304,31618.1734204,HOLD,shoulder_lift_joint,0,0.005562562495470047,-0.005562562495470047,0,-0.011495978571474552,0.011495978571474552,0.0059344999972381629,0.00076882814755663276,0.00055970204994082451,0,0,-10.051270484924316,0,0.71387028694152832,0.15870285034179688,1.2014312744140625,0,0,0,10.603620529174805,14.60487174987793,2085,1077,0,10.205455780029297,11.001781463623047,14.066289901733398,15.267721176147461
41.679985232426304,31618.1734459,HOLD,elbow_joint,0,0.0018307383870705962,-0.0018307383870705962,0,0.0073030814528465271,-0.0073030814528465271,0.0059701999998651445,0.00076882814755663276,0.00055970204994082451,0,0,-9.74692153930664,0,0.71387028694152832,0.15870285034179688,1.2014312744140625,0,0,0,10.603620529174805,14.60487174987793,2085,1077,0,10.205455780029297,11.001781463623047,14.066289901733398,15.267721176147461
41.679985232426304,31618.1734864,HOLD,wrist_1_joint,0,-0.00028456645668484271,0.00028456645668484271,0,0.0011646593920886517,-0.0011646593920886517,0.0060008999971614685,0.00076882814755663276,0.00055970204994082451,0,0,0.092827640473842621,0,0.71387028694152832,0.15870285034179688,1.2014312744140625,0,0,0,10.603620529174805,14.60487174987793,2085,1077,0,10.205455780029297,11.001781463623047,14.066289901733398,15.267721176147461
41.679985232426304,31618.173514,HOLD,wrist_2_joint,1.5707963267948966,1.5856122970581055,-0.014815970263208911,0,0.0013901625061407685,-0.0013901625061407685,0.0060297999989415985,0.00076882814755663276,0.00055970204994082451,0,0,-9.6359472274780273,0,0.71387028694152832,0.15870285034179688,1.2014312744140625,0,0,0,10.603620529174805,14.60487174987793,2085,1077,0,10.205455780029297,11.001781463623047,14.066289901733398,15.267721176147461
41.679985232426304,31618.1735408,HOLD,wrist_3_joint,0,-0.00010253099026158452,0.00010253099026158452,0,1.6773265087977052E-05,-1.6773265087977052E-05,0.0060553999974217732,0.00076882814755663276,0.00055970204994082451,0,0,0.028135370463132858,0,0.71387028694152832,0.15870285034179688,1.2014312744140625,0,0,0,10.603620529174805,14.60487174987793,2085,1077,0,10.205455780029297,11.001781463623047,14.066289901733398,15.267721176147461
41.699985225340136,31618.1924154,HOLD,shoulder_pan_joint,1.5707963267948966,1.572137713432312,-0.0013413866374154537,0,-0.0035018296912312508,0.0035018296912312508,0.024936099998740247,0.00076882814755663276,0.00055970204994082451,0,0,-0.3936215341091156,0,0.71387028694152832,0.15870285034179688,1.2014312744140625,0,0,0,10.603620529174805,14.60487174987793,2086,1077,0,10.205455780029297,11.001781463623047,14.066289901733398,15.267721176147461
41.699985225340136,31618.1924546,HOLD,shoulder_lift_joint,0,0.005562562495470047,-0.005562562495470047,0,-0.011495978571474552,0.011495978571474552,0.024969300000520889,0.00076882814755663276,0.00055970204994082451,0,0,-10.051270484924316,0,0.71387028694152832,0.15870285034179688,1.2014312744140625,0,0,0,10.603620529174805,14.60487174987793,2086,1077,0,10.205455780029297,11.001781463623047,14.066289901733398,15.267721176147461
41.699985225340136,31618.1924882,HOLD,elbow_joint,0,0.0018307383870705962,-0.0018307383870705962,0,0.0073030814528465271,-0.0073030814528465271,0.025003399998240639,0.00076882814755663276,0.00055970204994082451,0,0,-9.74692153930664,0,0.71387028694152832,0.15870285034179688,1.2014312744140625,0,0,0,10.603620529174805,14.60487174987793,2086,1077,0,10.205455780029297,11.001781463623047,14.066289901733398,15.267721176147461
41.699985225340136,31618.1925173,HOLD,wrist_1_joint,0,-0.00028456645668484271,0.00028456645668484271,0,0.0011646593920886517,-0.0011646593920886517,0.025035399998159846,0.00076882814755663276,0.00055970204994082451,0,0,0.092827640473842621,0,0.71387028694152832,0.15870285034179688,1.2014312744140625,0,0,0,10.603620529174805,14.60487174987793,2086,1077,0,10.205455780029297,11.001781463623047,14.066289901733398,15.267721176147461
41.699985225340136,31618.1925828,HOLD,wrist_2_joint,1.5707963267948966,1.5856122970581055,-0.014815970263208911,0,0.0013901625061407685,-0.0013901625061407685,0.02509970000028261,0.00076882814755663276,0.00055970204994082451,0,0,-9.6359472274780273,0,0.71387028694152832,0.15870285034179688,1.2014312744140625,0,0,0,10.603620529174805,14.60487174987793,2086,1077,0,10.205455780029297,11.001781463623047,14.066289901733398,15.267721176147461
41.699985225340136,31618.1926122,HOLD,wrist_3_joint,0,-0.00010253099026158452,0.00010253099026158452,0,1.6773265087977052E-05,-1.6773265087977052E-05,0.025127599998086225,0.00076882814755663276,0.00055970204994082451,0,0,0.028135370463132858,0,0.71387028694152832,0.15870285034179688,1.2014312744140625,0,0,0,10.603620529174805,14.60487174987793,2086,1077,0,10.205455780029297,11.001781463623047,14.066289901733398,15.267721176147461
41.719985218253967,31618.2126179,HOLD,shoulder_pan_joint,1.5707963267948966,1.572137713432312,-0.0013413866374154537,0,-0.0035018296912312508,0.0035018296912312508,0.045139800000470132,0.00076882814755663276,0.00055970204994082451,0,0,-0.3936215341091156,0,0.71387028694152832,0.15870285034179688,1.2014312744140625,0,0,0,10.603620529174805,14.60487174987793,2087,1077,0,10.205455780029297,11.001781463623047,14.066289901733398,15.267721176147461
41.719985218253967,31618.2126575,HOLD,shoulder_lift_joint,0,0.005562562495470047,-0.005562562495470047,0,-0.011495978571474552,0.011495978571474552,0.045172699999966426,0.00076882814755663276,0.00055970204994082451,0,0,-10.051270484924316,0,0.71387028694152832,0.15870285034179688,1.2014312744140625,0,0,0,10.603620529174805,14.60487174987793,2087,1077,0,10.205455780029297,11.001781463623047,14.066289901733398,15.267721176147461
41.719985218253967,31618.212696,HOLD,elbow_joint,0,0.0018307383870705962,-0.0018307383870705962,0,0.0073030814528465271,-0.0073030814528465271,0.045253599997522542,0.00076882814755663276,0.00055970204994082451,0,0,-9.74692153930664,0,0.71387028694152832,0.15870285034179688,1.2014312744140625,0,0,0,10.603620529174805,14.60487174987793,2087,1077,0,10.205455780029297,11.001781463623047,14.066289901733398,15.267721176147461
41.719985218253967,31618.2127746,HOLD,wrist_1_joint,0,-0.00028456645668484271,0.00028456645668484271,0,0.0011646593920886517,-0.0011646593920886517,0.045302899998205248,0.00076882814755663276,0.00055970204994082451,0,0,0.092827640473842621,0,0.71387028694152832,0.15870285034179688,1.2014312744140625,0,0,0,10.603620529174805,14.60487174987793,2087,1077,0,10.205455780029297,11.001781463623047,14.066289901733398,15.267721176147461
41.719985218253967,31618.2128182,HOLD,wrist_2_joint,1.5707963267948966,1.5856122970581055,-0.014815970263208911,0,0.0013901625061407685,-0.0013901625061407685,0.045334899998124456,0.00076882814755663276,0.00055970204994082451,0,0,-9.6359472274780273,0,0.71387028694152832,0.15870285034179688,1.2014312744140625,0,0,0,10.603620529174805,14.60487174987793,2087,1077,0,10.205455780029297,11.001781463623047,14.066289901733398,15.267721176147461
41.719985218253967,31618.2128489,HOLD,wrist_3_joint,0,-0.00010253099026158452,0.00010253099026158452,0,1.6773265087977052E-05,-1.6773265087977052E-05,0.045364099998550955,0.00076882814755663276,0.00055970204994082451,0,0,0.028135370463132858,0,0.71387028694152832,0.15870285034179688,1.2014312744140625,0,0,0,10.603620529174805,14.60487174987793,2087,1077,0,10.205455780029297,11.001781463623047,14.066289901733398,15.267721176147461
41.7399852111678,31618.2319178,HOLD,shoulder_pan_joint,1.5707963267948966,1.572137713432312,-0.0013413866374154537,0,-0.0035018296912312508,0.0035018296912312508,0.010664400000678143,0.00076882814755663276,0.00055970204994082451,0,0,-0.3936215341091156,0,0.71387028694152832,0.15870285034179688,1.2014312744140625,0,0,0,10.603620529174805,14.60487174987793,2088,1078,0,10.205455780029297,11.001781463623047,14.066289901733398,15.267721176147461
41.7399852111678,31618.2319935,HOLD,shoulder_lift_joint,0,0.005562562495470047,-0.005562562495470047,0,-0.011495978571474552,0.011495978571474552,0.010733800001617055,0.00076882814755663276,0.00055970204994082451,0,0,-10.051270484924316,0,0.71387028694152832,0.15870285034179688,1.2014312744140625,0,0,0,10.603620529174805,14.60487174987793,2088,1078,0,10.205455780029297,11.001781463623047,14.066289901733398,15.267721176147461
41.7399852111678,31618.2320224,HOLD,elbow_joint,0,0.0018307383870705962,-0.0018307383870705962,0,0.0073030814528465271,-0.0073030814528465271,0.010762300000351388,0.00076882814755663276,0.00055970204994082451,0,0,-9.74692153930664,0,0.71387028694152832,0.15870285034179688,1.2014312744140625,0,0,0,10.603620529174805,14.60487174987793,2088,1078,0,10.205455780029297,11.001781463623047,14.066289901733398,15.267721176147461
41.7399852111678,31618.2320524,HOLD,wrist_1_joint,0,-0.00028456645668484271,0.00028456645668484271,0,0.0011646593920886517,-0.0011646593920886517,0.010792500001116423,0.00076882814755663276,0.00055970204994082451,0,0,0.092827640473842621,0,0.71387028694152832,0.15870285034179688,1.2014312744140625,0,0,0,10.603620529174805,14.60487174987793,2088,1078,0,10.205455780029297,11.001781463623047,14.066289901733398,15.267721176147461
41.7399852111678,31618.2320806,HOLD,wrist_2_joint,1.5707963267948966,1.5856122970581055,-0.014815970263208911,0,0.0013901625061407685,-0.0013901625061407685,0.010821899999427842,0.00076882814755663276,0.00055970204994082451,0,0,-9.6359472274780273,0,0.71387028694152832,0.15870285034179688,1.2014312744140625,0,0,0,10.603620529174805,14.60487174987793,2088,1078,0,10.205455780029297,11.001781463623047,14.066289901733398,15.267721176147461
41.7399852111678,31618.2321095,HOLD,wrist_3_joint,0,-0.00010253099026158452,0.00010253099026158452,0,1.6773265087977052E-05,-1.6773265087977052E-05,0.010852300001715776,0.00076882814755663276,0.00055970204994082451,0,0,0.028135370463132858,0,0.71387028694152832,0.15870285034179688,1.2014312744140625,0,0,0,10.603620529174805,14.60487174987793,2088,1078,0,10.205455780029297,11.001781463623047,14.066289901733398,15.267721176147461
41.75998520408163,31618.2513849,HOLD,shoulder_pan_joint,1.5707963267948966,1.572137713432312,-0.0013413866374154537,0,-0.0035018296912312508,0.0035018296912312508,0.019137399998726323,0.00076882814755663276,0.00055970204994082451,0,0,-0.3936215341091156,0,0.71387028694152832,0.15870285034179688,1.2014312744140625,0,0,0,10.603620529174805,14.60487174987793,2089,1079,0,10.205455780029297,11.001781463623047,14.066289901733398,15.267721176147461
41.75998520408163,31618.2514377,HOLD,shoulder_lift_joint,0,0.005562562495470047,-0.005562562495470047,0,-0.011495978571474552,0.011495978571474552,0.019183500000508502,0.00076882814755663276,0.00055970204994082451,0,0,-10.051270484924316,0,0.71387028694152832,0.15870285034179688,1.2014312744140625,0,0,0,10.603620529174805,14.60487174987793,2089,1079,0,10.205455780029297,11.001781463623047,14.066289901733398,15.267721176147461
41.75998520408163,31618.251468,HOLD,elbow_joint,0,0.0018307383870705962,-0.0018307383870705962,0,0.0073030814528465271,-0.0073030814528465271,0.019213399998989189,0.00076882814755663276,0.00055970204994082451,0,0,-9.74692153930664,0,0.71387028694152832,0.15870285034179688,1.2014312744140625,0,0,0,10.603620529174805,14.60487174987793,2089,1079,0,10.205455780029297,11.001781463623047,14.066289901733398,15.267721176147461
41.75998520408163,31618.2514987,HOLD,wrist_1_joint,0,-0.00028456645668484271,0.00028456645668484271,0,0.0011646593920886517,-0.0011646593920886517,0.019244899998739129,0.00076882814755663276,0.00055970204994082451,0,0,0.092827640473842621,0,0.71387028694152832,0.15870285034179688,1.2014312744140625,0,0,0,10.603620529174805,14.60487174987793,2089,1079,0,10.205455780029297,11.001781463623047,14.066289901733398,15.267721176147461
41.75998520408163,31618.2515263,HOLD,wrist_2_joint,1.5707963267948966,1.5856122970581055,-0.014815970263208911,0,0.0013901625061407685,-0.0013901625061407685,0.01927340000111144,0.00076882814755663276,0.00055970204994082451,0,0,-9.6359472274780273,0,0.71387028694152832,0.15870285034179688,1.2014312744140625,0,0,0,10.603620529174805,14.60487174987793,2089,1079,0,10.205455780029297,11.001781463623047,14.066289901733398,15.267721176147461
41.75998520408163,31618.2515905,HOLD,wrist_3_joint,0,-0.00010253099026158452,0.00010253099026158452,0,1.6773265087977052E-05,-1.6773265087977052E-05,0.019336699999257689,0.00076882814755663276,0.00055970204994082451,0,0,0.028135370463132858,0,0.71387028694152832,0.15870285034179688,1.2014312744140625,0,0,0,10.603620529174805,14.60487174987793,2089,1079,0,10.205455780029297,11.001781463623047,14.066289901733398,15.267721176147461
41.779985196995462,31618.2717247,HOLD,shoulder_pan_joint,1.5707963267948966,1.572137713432312,-0.0013413866374154537,0,-0.0035018296912312508,0.0035018296912312508,0.039482399999542395,0.00076882814755663276,0.00055970204994082451,0,0,-0.3936215341091156,0,0.71387028694152832,0.15870285034179688,1.2014312744140625,0,0,0,10.603620529174805,14.60487174987793,2090,1079,0,10.205455780029297,11.001781463623047,14.066289901733398,15.267721176147461
41.779985196995462,31618.2717706,HOLD,shoulder_lift_joint,0,0.005562562495470047,-0.005562562495470047,0,-0.011495978571474552,0.011495978571474552,0.039515899999969406,0.00076882814755663276,0.00055970204994082451,0,0,-10.051270484924316,0,0.71387028694152832,0.15870285034179688,1.2014312744140625,0,0,0,10.603620529174805,14.60487174987793,2090,1079,0,10.205455780029297,11.001781463623047,14.066289901733398,15.267721176147461
41.779985196995462,31618.2718013,HOLD,elbow_joint,0,0.0018307383870705962,-0.0018307383870705962,0,0.0073030814528465271,-0.0073030814528465271,0.03954639999938081,0.00076882814755663276,0.00055970204994082451,0,0,-9.74692153930664,0,0.71387028694152832,0.15870285034179688,1.2014312744140625,0,0,0,10.603620529174805,14.60487174987793,2090,1079,0,10.205455780029297,11.001781463623047,14.066289901733398,15.267721176147461
41.779985196995462,31618.2718281,HOLD,wrist_1_joint,0,-0.00028456645668484271,0.00028456645668484271,0,0.0011646593920886517,-0.0011646593920886517,0.039573599999130238,0.00076882814755663276,0.00055970204994082451,0,0,0.092827640473842621,0,0.71387028694152832,0.15870285034179688,1.2014312744140625,0,0,0,10.603620529174805,14.60487174987793,2090,1079,0,10.205455780029297,11.001781463623047,14.066289901733398,15.267721176147461
41.779985196995462,31618.271854,HOLD,wrist_2_joint,1.5707963267948966,1.5856122970581055,-0.014815970263208911,0,0.0013901625061407685,-0.0013901625061407685,0.039600600000994746,0.00076882814755663276,0.00055970204994082451,0,0,-9.6359472274780273,0,0.71387028694152832,0.15870285034179688,1.2014312744140625,0,0,0,10.603620529174805,14.60487174987793,2090,1079,0,10.205455780029297,11.001781463623047,14.066289901733398,15.267721176147461
41.779985196995462,31618.2718815,HOLD,wrist_3_joint,0,-0.00010253099026158452,0.00010253099026158452,0,1.6773265087977052E-05,-1.6773265087977052E-05,0.039627199999813456,0.00076882814755663276,0.00055970204994082451,0,0,0.028135370463132858,0,0.71387028694152832,0.15870285034179688,1.2014312744140625,0,0,0,10.603620529174805,14.60487174987793,2090,1079,0,10.205455780029297,11.001781463623047,14.066289901733398,15.267721176147461
41.799985189909293,31618.2915665,HOLD,shoulder_pan_joint,1.5707963267948966,1.572137713432312,-0.0013413866374154537,0,-0.0035018296912312508,0.0035018296912312508,0.012879999998403946,0.00076882814755663276,0.00055970204994082451,0,0,-0.3936215341091156,0,0.71387028694152832,0.15870285034179688,1.2014312744140625,0,0,0,10.603620529174805,14.60487174987793,2091,1080,0,10.205455780029297,11.001781463623047,14.066289901733398,15.267721176147461
41.799985189909293,31618.291604,HOLD,shoulder_lift_joint,0,0.005562562495470047,-0.005562562495470047,0,-0.011495978571474552,0.011495978571474552,0.012909999997646082,0.00076882814755663276,0.00055970204994082451,0,0,-10.051270484924316,0,0.71387028694152832,0.15870285034179688,1.2014312744140625,0,0,0,10.603620529174805,14.60487174987793,2091,1080,0,10.205455780029297,11.001781463623047,14.066289901733398,15.267721176147461
41.799985189909293,31618.2916651,HOLD,elbow_joint,0,0.0018307383870705962,-0.0018307383870705962,0,0.0073030814528465271,-0.0073030814528465271,0.012971199997991789,0.00076882814755663276,0.00055970204994082451,0,0,-9.74692153930664,0,0.71387028694152832,0.15870285034179688,1.2014312744140625,0,0,0,10.603620529174805,14.60487174987793,2091,1080,0,10.205455780029297,11.001781463623047,14.066289901733398,15.267721176147461
41.799985189909293,31618.2916937,HOLD,wrist_1_joint,0,-0.00028456645668484271,0.00028456645668484271,0,0.0011646593920886517,-0.0011646593920886517,0.013000499999179738,0.00076882814755663276,0.00055970204994082451,0,0,0.092827640473842621,0,0.71387028694152832,0.15870285034179688,1.2014312744140625,0,0,0,10.603620529174805,14.60487174987793,2091,1080,0,10.205455780029297,11.001781463623047,14.066289901733398,15.267721176147461
41.799985189909293,31618.291722,HOLD,wrist_2_joint,1.5707963267948966,1.5856122970581055,-0.014815970263208911,0,0.0013901625061407685,-0.0013901625061407685,0.013029399997321889,0.00076882814755663276,0.00055970204994082451,0,0,-9.6359472274780273,0,0.71387028694152832,0.15870285034179688,1.2014312744140625,0,0,0,10.603620529174805,14.60487174987793,2091,1080,0,10.205455780029297,11.001781463623047,14.066289901733398,15.267721176147461
41.799985189909293,31618.2917514,HOLD,wrist_3_joint,0,-0.00010253099026158452,0.00010253099026158452,0,1.6773265087977052E-05,-1.6773265087977052E-05,0.013057699998171302,0.00076882814755663276,0.00055970204994082451,0,0,0.028135370463132858,0,0.71387028694152832,0.15870285034179688,1.2014312744140625,0,0,0,10.603620529174805,14.60487174987793,2091,1080,0,10.205455780029297,11.001781463623047,14.066289901733398,15.267721176147461
41.819985182823125,31618.3114664,HOLD,shoulder_pan_joint,1.5707963267948966,1.572137713432312,-0.0013413866374154537,0,-0.0035018296912312508,0.0035018296912312508,0.015517300002102274,0.00076882814755663276,0.00055970204994082451,0,0,-0.3936215341091156,0,0.71387028694152832,0.15870285034179688,1.2014312744140625,0,0,0,10.603620529174805,14.60487174987793,2092,1081,0,10.205455780029297,11.001781463623047,14.066289901733398,15.267721176147461
41.819985182823125,31618.3115102,HOLD,shoulder_lift_joint,0,0.005562562495470047,-0.005562562495470047,0,-0.011495978571474552,0.011495978571474552,0.015553500001260545,0.00076882814755663276,0.00055970204994082451,0,0,-10.051270484924316,0,0.71387028694152832,0.15870285034179688,1.2014312744140625,0,0,0,10.603620529174805,14.60487174987793,2092,1081,0,10.205455780029297,11.001781463623047,14.066289901733398,15.267721176147461
41.819985182823125,31618.3115555,HOLD,elbow_joint,0,0.0018307383870705962,-0.0018307383870705962,0,0.0073030814528465271,-0.0073030814528465271,0.015605900000082329,0.00076882814755663276,0.00055970204994082451,0,0,-9.74692153930664,0,0.71387028694152832,0.15870285034179688,1.2014312744140625,0,0,0,10.603620529174805,14.60487174987793,2092,1081,0,10.205455780029297,11.001781463623047,14.066289901733398,15.267721176147461
41.819985182823125,31618.3115979,HOLD,wrist_1_joint,0,-0.00028456645668484271,0.00028456645668484271,0,0.0011646593920886517,-0.0011646593920886517,0.015639900000678608,0.00076882814755663276,0.00055970204994082451,0,0,0.092827640473842621,0,0.71387028694152832,0.15870285034179688,1.2014312744140625,0,0,0,10.603620529174805,14.60487174987793,2092,1081,0,10.205455780029297,11.001781463623047,14.066289901733398,15.267721176147461
41.819985182823125,31618.3116252,HOLD,wrist_2_joint,1.5707963267948966,1.5856122970581055,-0.014815970263208911,0,0.0013901625061407685,-0.0013901625061407685,0.015667800002120202,0.00076882814755663276,0.00055970204994082451,0,0,-9.6359472274780273,0,0.71387028694152832,0.15870285034179688,1.2014312744140625,0,0,0,10.603620529174805,14.60487174987793,2092,1081,0,10.205455780029297,11.001781463623047,14.066289901733398,15.267721176147461
41.819985182823125,31618.3116835,HOLD,wrist_3_joint,0,-0.00010253099026158452,0.00010253099026158452,0,1.6773265087977052E-05,-1.6773265087977052E-05,0.015725799999927403,0.00076882814755663276,0.00055970204994082451,0,0,0.028135370463132858,0,0.71387028694152832,0.15870285034179688,1.2014312744140625,0,0,0,10.603620529174805,14.60487174987793,2092,1081,0,10.205455780029297,11.001781463623047,14.066289901733398,15.267721176147461
41.839985175736963,31618.3321653,HOLD,shoulder_pan_joint,1.5707963267948966,1.572137713432312,-0.0013413866374154537,0,-0.0035018296912312508,0.0035018296912312508,0.0071717999999236781,0.00076882814755663276,0.00055970204994082451,0,0,-0.3936215341091156,0,0.71387028694152832,0.15870285034179688,1.2014312744140625,0,0,0,10.603620529174805,14.60487174987793,2093,1082,0,10.205455780029297,11.001781463623047,14.066289901733398,15.267721176147461
41.839985175736963,31618.332202,HOLD,shoulder_lift_joint,0,0.005562562495470047,-0.005562562495470047,0,-0.011495978571474552,0.011495978571474552,0.0072043999971356243,0.00076882814755663276,0.00055970204994082451,0,0,-10.051270484924316,0,0.71387028694152832,0.15870285034179688,1.2014312744140625,0,0,0,10.603620529174805,14.60487174987793,2093,1082,0,10.205455780029297,11.001781463623047,14.066289901733398,15.267721176147461
41.839985175736963,31618.332233,HOLD,elbow_joint,0,0.0018307383870705962,-0.0018307383870705962,0,0.0073030814528465271,-0.0073030814528465271,0.007232699997985037,0.00076882814755663276,0.00055970204994082451,0,0,-9.74692153930664,0,0.71387028694152832,0.15870285034179688,1.2014312744140625,0,0,0,10.603620529174805,14.60487174987793,2093,1082,0,10.205455780029297,11.001781463623047,14.066289901733398,15.267721176147461
41.839985175736963,31618.33226,HOLD,wrist_1_joint,0,-0.00028456645668484271,0.00028456645668484271,0,0.0011646593920886517,-0.0011646593920886517,0.0072626999972271733,0.00076882814755663276,0.00055970204994082451,0,0,0.092827640473842621,0,0.71387028694152832,0.15870285034179688,1.2014312744140625,0,0,0,10.603620529174805,14.60487174987793,2093,1082,0,10.205455780029297,11.001781463623047,14.066289901733398,15.267721176147461
41.839985175736963,31618.3322886,HOLD,wrist_2_joint,1.5707963267948966,1.5856122970581055,-0.014815970263208911,0,0.0013901625061407685,-0.0013901625061407685,0.0072896999990916811,0.00076882814755663276,0.00055970204994082451,0,0,-9.6359472274780273,0,0.71387028694152832,0.15870285034179688,1.2014312744140625,0,0,0,10.603620529174805,14.60487174987793,2093,1082,0,10.205455780029297,11.001781463623047,14.066289901733398,15.267721176147461
41.839985175736963,31618.3323145,HOLD,wrist_3_joint,0,-0.00010253099026158452,0.00010253099026158452,0,1.6773265087977052E-05,-1.6773265087977052E-05,0.0073148999981640372,0.00076882814755663276,0.00055970204994082451,0,0,0.028135370463132858,0,0.71387028694152832,0.15870285034179688,1.2014312744140625,0,0,0,10.603620529174805,14.60487174987793,2093,1082,0,10.205455780029297,11.001781463623047,14.066289901733398,15.267721176147461
41.859985168650795,31618.3511873,HOLD,shoulder_pan_joint,1.5707963267948966,1.572137713432312,-0.0013413866374154537,0,-0.0035018296912312508,0.0035018296912312508,0.026192899997113273,0.00076882814755663276,0.00055970204994082451,0,0,-0.3936215341091156,0,0.71387028694152832,0.15870285034179688,1.2014312744140625,0,0,0,10.603620529174805,14.60487174987793,2094,1082,0,10.205455780029297,11.001781463623047,14.066289901733398,15.267721176147461
41.859985168650795,31618.3512309,HOLD,shoulder_lift_joint,0,0.005562562495470047,-0.005562562495470047,0,-0.011495978571474552,0.011495978571474552,0.026231599997117883,0.00076882814755663276,0.00055970204994082451,0,0,-10.051270484924316,0,0.71387028694152832,0.15870285034179688,1.2014312744140625,0,0,0,10.603620529174805,14.60487174987793,2094,1082,0,10.205455780029297,11.001781463623047,14.066289901733398,15.267721176147461
41.859985168650795,31618.3512606,HOLD,elbow_joint,0,0.0018307383870705962,-0.0018307383870705962,0,0.0073030814528465271,-0.0073030814528465271,0.0262611999969522,0.00076882814755663276,0.00055970204994082451,0,0,-9.74692153930664,0,0.71387028694152832,0.15870285034179688,1.2014312744140625,0,0,0,10.603620529174805,14.60487174987793,2094,1082,0,10.205455780029297,11.001781463623047,14.066289901733398,15.267721176147461
41.859985168650795,31618.3513373,HOLD,wrist_1_joint,0,-0.00028456645668484271,0.00028456645668484271,0,0.0011646593920886517,-0.0011646593920886517,0.026341400000092108,0.00076882814755663276,0.00055970204994082451,0,0,0.092827640473842621,0,0.71387028694152832,0.15870285034179688,1.2014312744140625,0,0,0,10.603620529174805,14.60487174987793,2094,1082,0,10.205455780029297,11.001781463623047,14.066289901733398,15.267721176147461
41.859985168650795,31618.3513779,HOLD,wrist_2_joint,1.5707963267948966,1.5856122970581055,-0.014815970263208911,0,0.0013901625061407685,-0.0013901625061407685,0.026381399999081623,0.00076882814755663276,0.00055970204994082451,0,0,-9.6359472274780273,0,0.71387028694152832,0.15870285034179688,1.2014312744140625,0,0,0,10.603620529174805,14.60487174987793,2094,1082,0,10.205455780029297,11.001781463623047,14.066289901733398,15.267721176147461
41.859985168650795,31618.3514113,HOLD,wrist_3_joint,0,-0.00010253099026158452,0.00010253099026158452,0,1.6773265087977052E-05,-1.6773265087977052E-05,0.026424699997733114,0.00076882814755663276,0.00055970204994082451,0,0,0.028135370463132858,0,0.71387028694152832,0.15870285034179688,1.2014312744140625,0,0,0,10.603620529174805,14.60487174987793,2094,1082,0,10.205455780029297,11.001781463623047,14.066289901733398,15.267721176147461
41.879985161564626,31618.3712992,HOLD,shoulder_pan_joint,1.5707963267948966,1.572137713432312,-0.0013413866374154537,0,-0.0035018296912312508,0.0035018296912312508,0.00330749999920954,0.00076882814755663276,0.00055970204994082451,0,0,-0.3936215341091156,0,0.71387028694152832,0.15870285034179688,1.2014312744140625,0,0,0,10.603620529174805,14.60487174987793,2095,1083,0,10.205455780029297,11.001781463623047,14.066289901733398,15.267721176147461
41.879985161564626,31618.371338,HOLD,shoulder_lift_joint,0,0.005562562495470047,-0.005562562495470047,0,-0.011495978571474552,0.011495978571474552,0.0033384000016667414,0.00076882814755663276,0.00055970204994082451,0,0,-10.051270484924316,0,0.71387028694152832,0.15870285034179688,1.2014312744140625,0,0,0,10.603620529174805,14.60487174987793,2095,1083,0,10.205455780029297,11.001781463623047,14.066289901733398,15.267721176147461
41.879985161564626,31618.3713675,HOLD,elbow_joint,0,0.0018307383870705962,-0.0018307383870705962,0,0.0073030814528465271,-0.0073030814528465271,0.00336790000073961,0.00076882814755663276,0.00055970204994082451,0,0,-9.74692153930664,0,0.71387028694152832,0.15870285034179688,1.2014312744140625,0,0,0,10.603620529174805,14.60487174987793,2095,1083,0,10.205455780029297,11.001781463623047,14.066289901733398,15.267721176147461
41.879985161564626,31618.3713981,HOLD,wrist_1_joint,0,-0.00028456645668484271,0.00028456645668484271,0,0.0011646593920886517,-0.0011646593920886517,0.0033986000016739126,0.00076882814755663276,0.00055970204994082451,0,0,0.092827640473842621,0,0.71387028694152832,0.15870285034179688,1.2014312744140625,0,0,0,10.603620529174805,14.60487174987793,2095,1083,0,10.205455780029297,11.001781463623047,14.066289901733398,15.267721176147461
41.879985161564626,31618.3714273,HOLD,wrist_2_joint,1.5707963267948966,1.5856122970581055,-0.014815970263208911,0,0.0013901625061407685,-0.0013901625061407685,0.0034288000024389476,0.00076882814755663276,0.00055970204994082451,0,0,-9.6359472274780273,0,0.71387028694152832,0.15870285034179688,1.2014312744140625,0,0,0,10.603620529174805,14.60487174987793,2095,1083,0,10.205455780029297,11.001781463623047,14.066289901733398,15.267721176147461
41.879985161564626,31618.371455,HOLD,wrist_3_joint,0,-0.00010253099026158452,0.00010253099026158452,0,1.6773265087977052E-05,-1.6773265087977052E-05,0.0034556999999040272,0.00076882814755663276,0.00055970204994082451,0,0,0.028135370463132858,0,0.71387028694152832,0.15870285034179688,1.2014312744140625,0,0,0,10.603620529174805,14.60487174987793,2095,1083,0,10.205455780029297,11.001781463623047,14.066289901733398,15.267721176147461
41.899985154478458,31618.3927752,HOLD,shoulder_pan_joint,1.5707963267948966,1.572137713432312,-0.0013413866374154537,0,-0.0035018296912312508,0.0035018296912312508,0.024781600001006154,0.00076882814755663276,0.00055970204994082451,0,0,-0.3936215341091156,0,0.71387028694152832,0.15870285034179688,1.2014312744140625,0,0,0,10.603620529174805,14.60487174987793,2096,1083,0,10.205455780029297,11.001781463623047,14.066289901733398,15.267721176147461
41.899985154478458,31618.392811,HOLD,shoulder_lift_joint,0,0.005562562495470047,-0.005562562495470047,0,-0.011495978571474552,0.011495978571474552,0.024811400002363371,0.00076882814755663276,0.00055970204994082451,0,0,-10.051270484924316,0,0.71387028694152832,0.15870285034179688,1.2014312744140625,0,0,0,10.603620529174805,14.60487174987793,2096,1083,0,10.205455780029297,11.001781463623047,14.066289901733398,15.267721176147461
41.899985154478458,31618.3928415,HOLD,elbow_joint,0,0.0018307383870705962,-0.0018307383870705962,0,0.0073030814528465271,-0.0073030814528465271,0.024841800001013326,0.00076882814755663276,0.00055970204994082451,0,0,-9.74692153930664,0,0.71387028694152832,0.15870285034179688,1.2014312744140625,0,0,0,10.603620529174805,14.60487174987793,2096,1083,0,10.205455780029297,11.001781463623047,14.066289901733398,15.267721176147461
41.899985154478458,31618.3928731,HOLD,wrist_1_joint,0,-0.00028456645668484271,0.00028456645668484271,0,0.0011646593920886517,-0.0011646593920886517,0.024874000002455432,0.00076882814755663276,0.00055970204994082451,0,0,0.092827640473842621,0,0.71387028694152832,0.15870285034179688,1.2014312744140625,0,0,0,10.603620529174805,14.60487174987793,2096,1083,0,10.205455780029297,11.001781463623047,14.066289901733398,15.267721176147461
41.899985154478458,31618.3929001,HOLD,wrist_2_joint,1.5707963267948966,1.5856122970581055,-0.014815970263208911,0,0.0013901625061407685,-0.0013901625061407685,0.024902000001020497,0.00076882814755663276,0.00055970204994082451,0,0,-9.6359472274780273,0,0.71387028694152832,0.15870285034179688,1.2014312744140625,0,0,0,10.603620529174805,14.60487174987793,2096,1083,0,10.205455780029297,11.001781463623047,14.066289901733398,15.267721176147461
41.899985154478458,31618.3929286,HOLD,wrist_3_joint,0,-0.00010253099026158452,0.00010253099026158452,0,1.6773265087977052E-05,-1.6773265087977052E-05,0.024941499999840744,0.00076882814755663276,0.00055970204994082451,0,0,0.028135370463132858,0,0.71387028694152832,0.15870285034179688,1.2014312744140625,0,0,0,10.603620529174805,14.60487174987793,2096,1083,0,10.205455780029297,11.001781463623047,14.066289901733398,15.267721176147461
41.919985147392289,31618.4115438,HOLD,shoulder_pan_joint,1.5707963267948966,1.572137713432312,-0.0013413866374154537,0,-0.0035018296912312508,0.0035018296912312508,0.0061654999990423676,0.00076882814755663276,0.00055970204994082451,0,0,-0.3936215341091156,0,0.71387028694152832,0.15870285034179688,1.2014312744140625,0,0,0,10.603620529174805,14.60487174987793,2097,1084,0,10.205455780029297,11.001781463623047,14.066289901733398,15.267721176147461
41.919985147392289,31618.4115873,HOLD,shoulder_lift_joint,0,0.005562562495470047,-0.005562562495470047,0,-0.011495978571474552,0.011495978571474552,0.0062000999969313852,0.00076882814755663276,0.00055970204994082451,0,0,-10.051270484924316,0,0.71387028694152832,0.15870285034179688,1.2014312744140625,0,0,0,10.603620529174805,14.60487174987793,2097,1084,0,10.205455780029297,11.001781463623047,14.066289901733398,15.267721176147461
41.919985147392289,31618.4116167,HOLD,elbow_joint,0,0.0018307383870705962,-0.0018307383870705962,0,0.0073030814528465271,-0.0073030814528465271,0.0062290999994729646,0.00076882814755663276,0.00055970204994082451,0,0,-9.74692153930664,0,0.71387028694152832,0.15870285034179688,1.2014312744140625,0,0,0,10.603620529174805,14.60487174987793,2097,1084,0,10.205455780029297,11.001781463623047,14.066289901733398,15.267721176147461
41.919985147392289,31618.4116465,HOLD,wrist_1_joint,0,-0.00028456645668484271,0.00028456645668484271,0,0.0011646593920886517,-0.0011646593920886517,0.0062594999981229194,0.00076882814755663276,0.00055970204994082451,0,0,0.092827640473842621,0,0.71387028694152832,0.15870285034179688,1.2014312744140625,0,0,0,10.603620529174805,14.60487174987793,2097,1084,0,10.205455780029297,11.001781463623047,14.066289901733398,15.267721176147461
41.919985147392289,31618.4117101,HOLD,wrist_2_joint,1.5707963267948966,1.5856122970581055,-0.014815970263208911,0,0.0013901625061407685,-0.0013901625061407685,0.0063289999998232815,0.00076882814755663276,0.00055970204994082451,0,0,-9.6359472274780273,0,0.71387028694152832,0.15870285034179688,1.2014312744140625,0,0,0,10.603620529174805,14.60487174987793,2097,1084,0,10.205455780029297,11.001781463623047,14.066289901733398,15.267721176147461
41.919985147392289,31618.4117482,HOLD,wrist_3_joint,0,-0.00010253099026158452,0.00010253099026158452,0,1.6773265087977052E-05,-1.6773265087977052E-05,0.0063614999999117572,0.00076882814755663276,0.00055970204994082451,0,0,0.028135370463132858,0,0.71387028694152832,0.15870285034179688,1.2014312744140625,0,0,0,10.603620529174805,14.60487174987793,2097,1084,0,10.205455780029297,11.001781463623047,14.066289901733398,15.267721176147461
41.939985140306121,31618.433088,HOLD,shoulder_pan_joint,1.5707963267948966,1.572137713432312,-0.0013413866374154537,0,-0.0035018296912312508,0.0035018296912312508,0.027704899999662302,0.00076882814755663276,0.00055970204994082451,0,0,-0.3936215341091156,0,0.71387028694152832,0.15870285034179688,1.2014312744140625,0,0,0,10.603620529174805,14.60487174987793,2098,1084,0,10.205455780029297,11.001781463623047,14.066289901733398,15.267721176147461
41.939985140306121,31618.4331217,HOLD,shoulder_lift_joint,0,0.005562562495470047,-0.005562562495470047,0,-0.011495978571474552,0.011495978571474552,0.027733599999919534,0.00076882814755663276,0.00055970204994082451,0,0,-10.051270484924316,0,0.71387028694152832,0.15870285034179688,1.2014312744140625,0,0,0,10.603620529174805,14.60487174987793,2098,1084,0,10.205455780029297,11.001781463623047,14.066289901733398,15.267721176147461
41.939985140306121,31618.4331494,HOLD,elbow_joint,0,0.0018307383870705962,-0.0018307383870705962,0,0.0073030814528465271,-0.0073030814528465271,0.02776119999907678,0.00076882814755663276,0.00055970204994082451,0,0,-9.74692153930664,0,0.71387028694152832,0.15870285034179688,1.2014312744140625,0,0,0,10.603620529174805,14.60487174987793,2098,1084,0,10.205455780029297,11.001781463623047,14.066289901733398,15.267721176147461
41.939985140306121,31618.4331774,HOLD,wrist_1_joint,0,-0.00028456645668484271,0.00028456645668484271,0,0.0011646593920886517,-0.0011646593920886517,0.027789699997811113,0.00076882814755663276,0.00055970204994082451,0,0,0.092827640473842621,0,0.71387028694152832,0.15870285034179688,1.2014312744140625,0,0,0,10.603620529174805,14.60487174987793,2098,1084,0,10.205455780029297,11.001781463623047,14.066289901733398,15.267721176147461
41.939985140306121,31618.4332037,HOLD,wrist_2_joint,1.5707963267948966,1.5856122970581055,-0.014815970263208911,0,0.0013901625061407685,-0.0013901625061407685,0.027829299997392809,0.00076882814755663276,0.00055970204994082451,0,0,-9.6359472274780273,0,0.71387028694152832,0.15870285034179688,1.2014312744140625,0,0,0,10.603620529174805,14.60487174987793,2098,1084,0,10.205455780029297,11.001781463623047,14.066289901733398,15.267721176147461
41.939985140306121,31618.4332443,HOLD,wrist_3_joint,0,-0.00010253099026158452,0.00010253099026158452,0,1.6773265087977052E-05,-1.6773265087977052E-05,0.027856900000188034,0.00076882814755663276,0.00055970204994082451,0,0,0.028135370463132858,0,0.71387028694152832,0.15870285034179688,1.2014312744140625,0,0,0,10.603620529174805,14.60487174987793,2098,1084,0,10.205455780029297,11.001781463623047,14.066289901733398,15.267721176147461
41.959985133219952,31618.4528009,HOLD,shoulder_pan_joint,1.5707963267948966,1.572137713432312,-0.0013413866374154537,0,-0.0035018296912312508,0.0035018296912312508,0.0089439000003039837,0.00076882814755663276,0.00055970204994082451,0,0,-0.3936215341091156,0,0.71387028694152832,0.15870285034179688,1.2014312744140625,0,0,0,10.603620529174805,14.60487174987793,2099,1085,0,10.205455780029297,11.001781463623047,14.066289901733398,15.267721176147461
41.959985133219952,31618.4528815,HOLD,shoulder_lift_joint,0,0.005562562495470047,-0.005562562495470047,0,-0.011495978571474552,0.011495978571474552,0.0090179999970132485,0.00076882814755663276,0.00055970204994082451,0,0,-10.051270484924316,0,0.71387028694152832,0.15870285034179688,1.2014312744140625,0,0,0,10.603620529174805,14.60487174987793,2099,1085,0,10.205455780029297,11.001781463623047,14.066289901733398,15.267721176147461
41.959985133219952,31618.4529116,HOLD,elbow_joint,0,0.0018307383870705962,-0.0018307383870705962,0,0.0073030814528465271,-0.0073030814528465271,0.0090478999991319142,0.00076882814755663276,0.00055970204994082451,0,0,-9.74692153930664,0,0.71387028694152832,0.15870285034179688,1.2014312744140625,0,0,0,10.603620529174805,14.60487174987793,2099,1085,0,10.205455780029297,11.001781463623047,14.066289901733398,15.267721176147461
41.959985133219952,31618.4529417,HOLD,wrist_1_joint,0,-0.00028456645668484271,0.00028456645668484271,0,0.0011646593920886517,-0.0011646593920886517,0.00907819999702042,0.00076882814755663276,0.00055970204994082451,0,0,0.092827640473842621,0,0.71387028694152832,0.15870285034179688,1.2014312744140625,0,0,0,10.603620529174805,14.60487174987793,2099,1085,0,10.205455780029297,11.001781463623047,14.066289901733398,15.267721176147461
41.959985133219952,31618.4529684,HOLD,wrist_2_joint,1.5707963267948966,1.5856122970581055,-0.014815970263208911,0,0.0013901625061407685,-0.0013901625061407685,0.00911669999914011,0.00076882814755663276,0.00055970204994082451,0,0,-9.6359472274780273,0,0.71387028694152832,0.15870285034179688,1.2014312744140625,0,0,0,10.603620529174805,14.60487174987793,2099,1085,0,10.205455780029297,11.001781463623047,14.066289901733398,15.267721176147461
41.959985133219952,31618.4530078,HOLD,wrist_3_joint,0,-0.00010253099026158452,0.00010253099026158452,0,1.6773265087977052E-05,-1.6773265087977052E-05,0.0091463999997358769,0.00076882814755663276,0.00055970204994082451,0,0,0.028135370463132858,0,0.71387028694152832,0.15870285034179688,1.2014312744140625,0,0,0,10.603620529174805,14.60487174987793,2099,1085,0,10.205455780029297,11.001781463623047,14.066289901733398,15.267721176147461
41.979985126133784,31618.4732947,HOLD,shoulder_pan_joint,1.5707963267948966,1.572137713432312,-0.0013413866374154537,0,-0.0035018296912312508,0.0035018296912312508,0.029438800000207266,0.00076882814755663276,0.00055970204994082451,0,0,-0.3936215341091156,0,0.71387028694152832,0.15870285034179688,1.2014312744140625,0,0,0,10.603620529174805,14.60487174987793,2100,1085,0,10.205455780029297,11.001781463623047,14.066289901733398,15.267721176147461
41.979985126133784,31618.4733345,HOLD,shoulder_lift_joint,0,0.005562562495470047,-0.005562562495470047,0,-0.011495978571474552,0.011495978571474552,0.029471399997419212,0.00076882814755663276,0.00055970204994082451,0,0,-10.051270484924316,0,0.71387028694152832,0.15870285034179688,1.2014312744140625,0,0,0,10.603620529174805,14.60487174987793,2100,1085,0,10.205455780029297,11.001781463623047,14.066289901733398,15.267721176147461
41.979985126133784,31618.4733626,HOLD,elbow_joint,0,0.0018307383870705962,-0.0018307383870705962,0,0.0073030814528465271,-0.0073030814528465271,0.029498799998691538,0.00076882814755663276,0.00055970204994082451,0,0,-9.74692153930664,0,0.71387028694152832,0.15870285034179688,1.2014312744140625,0,0,0,10.603620529174805,14.60487174987793,2100,1085,0,10.205455780029297,11.001781463623047,14.066289901733398,15.267721176147461
41.979985126133784,31618.4733883,HOLD,wrist_1_joint,0,-0.00028456645668484271,0.00028456645668484271,0,0.0011646593920886517,-0.0011646593920886517,0.02952480000021751,0.00076882814755663276,0.00055970204994082451,0,0,0.092827640473842621,0,0.71387028694152832,0.15870285034179688,1.2014312744140625,0,0,0,10.603620529174805,14.60487174987793,2100,1085,0,10.205455780029297,11.001781463623047,14.066289901733398,15.267721176147461
41.979985126133784,31618.4734128,HOLD,wrist_2_joint,1.5707963267948966,1.5856122970581055,-0.014815970263208911,0,0.0013901625061407685,-0.0013901625061407685,0.029550499999459134,0.00076882814755663276,0.00055970204994082451,0,0,-9.6359472274780273,0,0.71387028694152832,0.15870285034179688,1.2014312744140625,0,0,0,10.603620529174805,14.60487174987793,2100,1085,0,10.205455780029297,11.001781463623047,14.066289901733398,15.267721176147461
41.979985126133784,31618.4734732,HOLD,wrist_3_joint,0,-0.00010253099026158452,0.00010253099026158452,0,1.6773265087977052E-05,-1.6773265087977052E-05,0.029612499998620478,0.00076882814755663276,0.00055970204994082451,0,0,0.028135370463132858,0,0.71387028694152832,0.15870285034179688,1.2014312744140625,0,0,0,10.603620529174805,14.60487174987793,2100,1085,0,10.205455780029297,11.001781463623047,14.066289901733398,15.267721176147461
41.999985119047615,31618.4928064,HOLD,shoulder_pan_joint,1.5707963267948966,1.572137713432312,-0.0013413866374154537,0,-0.0035018296912312508,0.0035018296912312508,0.0059541000009630807,0.00076882814755663276,0.00055970204994082451,0,0,-0.3936215341091156,0,0.71387028694152832,0.15870285034179688,1.2014312744140625,0,0,0,10.603620529174805,14.60487174987793,2101,1086,0,10.205455780029297,11.001781463623047,14.066289901733398,15.267721176147461
41.999985119047615,31618.4928424,HOLD,shoulder_lift_joint,0,0.005562562495470047,-0.005562562495470047,0,-0.011495978571474552,0.011495978571474552,0.0059854999999515712,0.00076882814755663276,0.00055970204994082451,0,0,-10.051270484924316,0,0.71387028694152832,0.15870285034179688,1.2014312744140625,0,0,0,10.603620529174805,14.60487174987793,2101,1086,0,10.205455780029297,11.001781463623047,14.066289901733398,15.267721176147461
41.999985119047615,31618.492869,HOLD,elbow_joint,0,0.0018307383870705962,-0.0018307383870705962,0,0.0073030814528465271,-0.0073030814528465271,0.0060119000008853618,0.00076882814755663276,0.00055970204994082451,0,0,-9.74692153930664,0,0.71387028694152832,0.15870285034179688,1.2014312744140625,0,0,0,10.603620529174805,14.60487174987793,2101,1086,0,10.205455780029297,11.001781463623047,14.066289901733398,15.267721176147461
41.999985119047615,31618.4929078,HOLD,wrist_1_joint,0,-0.00028456645668484271,0.00028456645668484271,0,0.0011646593920886517,-0.0011646593920886517,0.0060513000025821384,0.00076882814755663276,0.00055970204994082451,0,0,0.092827640473842621,0,0.71387028694152832,0.15870285034179688,1.2014312744140625,0,0,0,10.603620529174805,14.60487174987793,2101,1086,0,10.205455780029297,11.001781463623047,14.066289901733398,15.267721176147461
41.999985119047615,31618.4929359,HOLD,wrist_2_joint,1.5707963267948966,1.5856122970581055,-0.014815970263208911,0,0.0013901625061407685,-0.0013901625061407685,0.00608020000072429,0.00076882814755663276,0.00055970204994082451,0,0,-9.6359472274780273,0,0.71387028694152832,0.15870285034179688,1.2014312744140625,0,0,0,10.603620529174805,14.60487174987793,2101,1086,0,10.205455780029297,11.001781463623047,14.066289901733398,15.267721176147461
41.999985119047615,31618.4929623,HOLD,wrist_3_joint,0,-0.00010253099026158452,0.00010253099026158452,0,1.6773265087977052E-05,-1.6773265087977052E-05,0.00610660000165808,0.00076882814755663276,0.00055970204994082451,0,0,0.028135370463132858,0,0.71387028694152832,0.15870285034179688,1.2014312744140625,0,0,0,10.603620529174805,14.60487174987793,2101,1086,0,10.205455780029297,11.001781463623047,14.066289901733398,15.267721176147461
42.019985111961446,31618.5113773,HOLD,shoulder_pan_joint,1.5707963267948966,1.572137713432312,-0.0013413866374154537,0,-0.0035018296912312508,0.0035018296912312508,0.02452869999979157,0.00076882814755663276,0.00055970204994082451,0,0,-0.3936215341091156,0,0.71387028694152832,0.15870285034179688,1.2014312744140625,0,0,0,10.603620529174805,14.60487174987793,2102,1086,0,10.205455780029297,11.001781463623047,14.066289901733398,15.267721176147461
42.019985111961446,31618.5114204,HOLD,shoulder_lift_joint,0,0.005562562495470047,-0.005562562495470047,0,-0.011495978571474552,0.011495978571474552,0.024563900002249284,0.00076882814755663276,0.00055970204994082451,0,0,-10.051270484924316,0,0.71387028694152832,0.15870285034179688,1.2014312744140625,0,0,0,10.603620529174805,14.60487174987793,2102,1086,0,10.205455780029297,11.001781463623047,14.066289901733398,15.267721176147461
42.019985111961446,31618.5114895,HOLD,elbow_joint,0,0.0018307383870705962,-0.0018307383870705962,0,0.0073030814528465271,-0.0073030814528465271,0.02465210000082152,0.00076882814755663276,0.00055970204994082451,0,0,-9.74692153930664,0,0.71387028694152832,0.15870285034179688,1.2014312744140625,0,0,0,10.603620529174805,14.60487174987793,2102,1086,0,10.205455780029297,11.001781463623047,14.066289901733398,15.267721176147461
42.019985111961446,31618.5115364,HOLD,wrist_1_joint,0,-0.00028456645668484271,0.00028456645668484271,0,0.0011646593920886517,-0.0011646593920886517,0.024679900001501665,0.00076882814755663276,0.00055970204994082451,0,0,0.092827640473842621,0,0.71387028694152832,0.15870285034179688,1.2014312744140625,0,0,0,10.603620529174805,14.60487174987793,2102,1086,0,10.205455780029297,11.001781463623047,14.066289901733398,15.267721176147461
42.019985111961446,31618.5115636,HOLD,wrist_2_joint,1.5707963267948966,1.5856122970581055,-0.014815970263208911,0,0.0013901625061407685,-0.0013901625061407685,0.024708100001589628,0.00076882814755663276,0.00055970204994082451,0,0,-9.6359472274780273,0,0.71387028694152832,0.15870285034179688,1.2014312744140625,0,0,0,10.603620529174805,14.60487174987793,2102,1086,0,10.205455780029297,11.001781463623047,14.066289901733398,15.267721176147461
42.019985111961446,31618.5115911,HOLD,wrist_3_joint,0,-0.00010253099026158452,0.00010253099026158452,0,1.6773265087977052E-05,-1.6773265087977052E-05,0.024734800001169788,0.00076882814755663276,0.00055970204994082451,0,0,0.028135370463132858,0,0.71387028694152832,0.15870285034179688,1.2014312744140625,0,0,0,10.603620529174805,14.60487174987793,2102,1086,0,10.205455780029297,11.001781463623047,14.066289901733398,15.267721176147461
42.039985104875285,31618.5327007,HOLD,shoulder_pan_joint,1.5707963267948966,1.572137713432312,-0.0013413866374154537,0,-0.0035018296912312508,0.0035018296912312508,0.017320199996902375,0.00076882814755663276,0.00055970204994082451,0,0,-0.3936215341091156,0,0.71387028694152832,0.15870285034179688,1.2014312744140625,0,0,0,10.603620529174805,14.60487174987793,2103,1087,0,10.205455780029297,11.001781463623047,14.066289901733398,15.267721176147461
42.039985104875285,31618.532744,HOLD,shoulder_lift_joint,0,0.005562562495470047,-0.005562562495470047,0,-0.011495978571474552,0.011495978571474552,0.017358199998852797,0.00076882814755663276,0.00055970204994082451,0,0,-10.051270484924316,0,0.71387028694152832,0.15870285034179688,1.2014312744140625,0,0,0,10.603620529174805,14.60487174987793,2103,1087,0,10.205455780029297,11.001781463623047,14.066289901733398,15.267721176147461
42.039985104875285,31618.5327704,HOLD,elbow_joint,0,0.0018307383870705962,-0.0018307383870705962,0,0.0073030814528465271,-0.0073030814528465271,0.017384200000378769,0.00076882814755663276,0.00055970204994082451,0,0,-9.74692153930664,0,0.71387028694152832,0.15870285034179688,1.2014312744140625,0,0,0,10.603620529174805,14.60487174987793,2103,1087,0,10.205455780029297,11.001781463623047,14.066289901733398,15.267721176147461
42.039985104875285,31618.5328016,HOLD,wrist_1_joint,0,-0.00028456645668484271,0.00028456645668484271,0,0.0011646593920886517,-0.0011646593920886517,0.017427399998268811,0.00076882814755663276,0.00055970204994082451,0,0,0.092827640473842621,0,0.71387028694152832,0.15870285034179688,1.2014312744140625,0,0,0,10.603620529174805,14.60487174987793,2103,1087,0,10.205455780029297,11.001781463623047,14.066289901733398,15.267721176147461
42.039985104875285,31618.53284,HOLD,wrist_2_joint,1.5707963267948966,1.5856122970581055,-0.014815970263208911,0,0.0013901625061407685,-0.0013901625061407685,0.017455499997595325,0.00076882814755663276,0.00055970204994082451,0,0,-9.6359472274780273,0,0.71387028694152832,0.15870285034179688,1.2014312744140625,0,0,0,10.603620529174805,14.60487174987793,2103,1087,0,10.205455780029297,11.001781463623047,14.066289901733398,15.267721176147461
42.039985104875285,31618.5329108,HOLD,wrist_3_joint,0,-0.00010253099026158452,0.00010253099026158452,0,1.6773265087977052E-05,-1.6773265087977052E-05,0.017526299998280592,0.00076882814755663276,0.00055970204994082451,0,0,0.028135370463132858,0,0.71387028694152832,0.15870285034179688,1.2014312744140625,0,0,0,10.603620529174805,14.60487174987793,2103,1087,0,10.205455780029297,11.001781463623047,14.066289901733398,15.267721176147461
42.059985097789117,31618.5537184,HOLD,shoulder_pan_joint,1.5707963267948966,1.572137713432312,-0.0013413866374154537,0,-0.0035018296912312508,0.0035018296912312508,0.0033899999980349094,0.00076882814755663276,0.00055970204994082451,0,0,-0.3936215341091156,0,0.71387028694152832,0.15870285034179688,1.2014312744140625,0,0,0,10.603620529174805,14.60487174987793,2104,1088,0,10.205455780029297,11.001781463623047,14.066289901733398,15.267721176147461
42.059985097789117,31618.5537992,HOLD,shoulder_lift_joint,0,0.005562562495470047,-0.005562562495470047,0,-0.011495978571474552,0.011495978571474552,0.0034306999987165909,0.00076882814755663276,0.00055970204994082451,0,0,-10.051270484924316,0,0.71387028694152832,0.15870285034179688,1.2014312744140625,0,0,0,10.603620529174805,14.60487174987793,2104,1088,0,10.205455780029297,11.001781463623047,14.066289901733398,15.267721176147461
42.059985097789117,31618.5538329,HOLD,elbow_joint,0,0.0018307383870705962,-0.0018307383870705962,0,0.0073030814528465271,-0.0073030814528465271,0.0034623999999894295,0.00076882814755663276,0.00055970204994082451,0,0,-9.74692153930664,0,0.71387028694152832,0.15870285034179688,1.2014312744140625,0,0,0,10.603620529174805,14.60487174987793,2104,1088,0,10.205455780029297,11.001781463623047,14.066289901733398,15.267721176147461
42.059985097789117,31618.5538708,HOLD,wrist_1_joint,0,-0.00028456645668484271,0.00028456645668484271,0,0.0011646593920886517,-0.0011646593920886517,0.0035008999984711409,0.00076882814755663276,0.00055970204994082451,0,0,0.092827640473842621,0,0.71387028694152832,0.15870285034179688,1.2014312744140625,0,0,0,10.603620529174805,14.60487174987793,2104,1088,0,10.205455780029297,11.001781463623047,14.066289901733398,15.267721176147461
42.059985097789117,31618.5538966,HOLD,wrist_2_joint,1.5707963267948966,1.5856122970581055,-0.014815970263208911,0,0.0013901625061407685,-0.0013901625061407685,0.0035317999972903635,0.00076882814755663276,0.00055970204994082451,0,0,-9.6359472274780273,0,0.71387028694152832,0.15870285034179688,1.2014312744140625,0,0,0,10.603620529174805,14.60487174987793,2104,1088,0,10.205455780029297,11.001781463623047,14.066289901733398,15.267721176147461
42.059985097789117,31618.5539273,HOLD,wrist_3_joint,0,-0.00010253099026158452,0.00010253099026158452,0,1.6773265087977052E-05,-1.6773265087977052E-05,0.003557399999408517,0.00076882814755663276,0.00055970204994082451,0,0,0.028135370463132858,0,0.71387028694152832,0.15870285034179688,1.2014312744140625,0,0,0,10.603620529174805,14.60487174987793,2104,1088,0,10.205455780029297,11.001781463623047,14.066289901733398,15.267721176147461
42.079985090702948,31618.5735046,HOLD,shoulder_pan_joint,1.5707963267948966,1.572137713432312,-0.0013413866374154537,0,-0.0035018296912312508,0.0035018296912312508,0.0029520999996748287,0.00076882814755663276,0.00055970204994082451,0,0,-0.3936215341091156,0,0.71387028694152832,0.15870285034179688,1.2014312744140625,0,0,0,10.603620529174805,14.60487174987793,2105,1089,0,10.205455780029297,11.001781463623047,14.066289901733398,15.267721176147461
42.079985090702948,31618.573539599998,HOLD,shoulder_lift_joint,0,0.005562562495470047,-0.005562562495470047,0,-0.011495978571474552,0.011495978571474552,0.0029829999984940514,0.00076882814755663276,0.00055970204994082451,0,0,-10.051270484924316,0,0.71387028694152832,0.15870285034179688,1.2014312744140625,0,0,0,10.603620529174805,14.60487174987793,2105,1089,0,10.205455780029297,11.001781463623047,14.066289901733398,15.267721176147461
42.079985090702948,31618.5735785,HOLD,elbow_joint,0,0.0018307383870705962,-0.0018307383870705962,0,0.0073030814528465271,-0.0073030814528465271,0.0030201999979908578,0.00076882814755663276,0.00055970204994082451,0,0,-9.74692153930664,0,0.71387028694152832,0.15870285034179688,1.2014312744140625,0,0,0,10.603620529174805,14.60487174987793,2105,1089,0,10.205455780029297,11.001781463623047,14.066289901733398,15.267721176147461
42.079985090702948,31618.5736457,HOLD,wrist_1_joint,0,-0.00028456645668484271,0.00028456645668484271,0,0.0011646593920886517,-0.0011646593920886517,0.003088099998421967,0.00076882814755663276,0.00055970204994082451,0,0,0.092827640473842621,0,0.71387028694152832,0.15870285034179688,1.2014312744140625,0,0,0,10.603620529174805,14.60487174987793,2105,1089,0,10.205455780029297,11.001781463623047,14.066289901733398,15.267721176147461
42.079985090702948,31618.5736762,HOLD,wrist_2_joint,1.5707963267948966,1.5856122970581055,-0.014815970263208911,0,0.0013901625061407685,-0.0013901625061407685,0.003119099998002639,0.00076882814755663276,0.00055970204994082451,0,0,-9.6359472274780273,0,0.71387028694152832,0.15870285034179688,1.2014312744140625,0,0,0,10.603620529174805,14.60487174987793,2105,1089,0,10.205455780029297,11.001781463623047,14.066289901733398,15.267721176147461
42.079985090702948,31618.5737048,HOLD,wrist_3_joint,0,-0.00010253099026158452,0.00010253099026158452,0,1.6773265087977052E-05,-1.6773265087977052E-05,0.0031512999994447455,0.00076882814755663276,0.00055970204994082451,0,0,0.028135370463132858,0,0.71387028694152832,0.15870285034179688,1.2014312744140625,0,0,0,10.603620529174805,14.60487174987793,2105,1089,0,10.205455780029297,11.001781463623047,14.066289901733398,15.267721176147461
42.099985083616779,31618.5932192,HOLD,shoulder_pan_joint,1.5707963267948966,1.572137713432312,-0.0013413866374154537,0,-0.0035018296912312508,0.0035018296912312508,0.0033972999990510289,0.00076882814755663276,0.00055970204994082451,0,0,-0.3936215341091156,0,0.71387028694152832,0.15870285034179688,1.2014312744140625,0,0,0,10.603620529174805,14.60487174987793,2106,1090,0,10.205455780029297,11.001781463623047,14.066289901733398,15.267721176147461
42.099985083616779,31618.5932622,HOLD,shoulder_lift_joint,0,0.005562562495470047,-0.005562562495470047,0,-0.011495978571474552,0.011495978571474552,0.0034340999991400167,0.00076882814755663276,0.00055970204994082451,0,0,-10.051270484924316,0,0.71387028694152832,0.15870285034179688,1.2014312744140625,0,0,0,10.603620529174805,14.60487174987793,2106,1090,0,10.205455780029297,11.001781463623047,14.066289901733398,15.267721176147461
42.099985083616779,31618.5932878,HOLD,elbow_joint,0,0.0018307383870705962,-0.0018307383870705962,0,0.0073030814528465271,-0.0073030814528465271,0.0034635000010894146,0.00076882814755663276,0.00055970204994082451,0,0,-9.74692153930664,0,0.71387028694152832,0.15870285034179688,1.2014312744140625,0,0,0,10.603620529174805,14.60487174987793,2106,1090,0,10.205455780029297,11.001781463623047,14.066289901733398,15.267721176147461
42.099985083616779,31618.5933193,HOLD,wrist_1_joint,0,-0.00028456645668484271,0.00028456645668484271,0,0.0011646593920886517,-0.0011646593920886517,0.00349120000100811,0.00076882814755663276,0.00055970204994082451,0,0,0.092827640473842621,0,0.71387028694152832,0.15870285034179688,1.2014312744140625,0,0,0,10.603620529174805,14.60487174987793,2106,1090,0,10.205455780029297,11.001781463623047,14.066289901733398,15.267721176147461
42.099985083616779,31618.5933445,HOLD,wrist_2_joint,1.5707963267948966,1.5856122970581055,-0.014815970263208911,0,0.0013901625061407685,-0.0013901625061407685,0.0035209000016038772,0.00076882814755663276,0.00055970204994082451,0,0,-9.6359472274780273,0,0.71387028694152832,0.15870285034179688,1.2014312744140625,0,0,0,10.603620529174805,14.60487174987793,2106,1090,0,10.205455780029297,11.001781463623047,14.066289901733398,15.267721176147461
42.099985083616779,31618.5933739,HOLD,wrist_3_joint,0,-0.00010253099026158452,0.00010253099026158452,0,1.6773265087977052E-05,-1.6773265087977052E-05,0.0035457000012684148,0.00076882814755663276,0.00055970204994082451,0,0,0.028135370463132858,0,0.71387028694152832,0.15870285034179688,1.2014312744140625,0,0,0,10.603620529174805,14.60487174987793,2106,1090,0,10.205455780029297,11.001781463623047,14.066289901733398,15.267721176147461
42.119985076530611,31618.6120038,HOLD,shoulder_pan_joint,1.5707963267948966,1.572137713432312,-0.0013413866374154537,0,-0.0035018296912312508,0.0035018296912312508,0.014754100000573089,0.00076882814755663276,0.00055970204994082451,0,0,-0.3936215341091156,0,0.71387028694152832,0.15870285034179688,1.2014312744140625,0,0,0,10.603620529174805,14.60487174987793,2107,1091,0,10.205455780029297,11.001781463623047,14.066289901733398,15.267721176147461
42.119985076530611,31618.6120363,HOLD,shoulder_lift_joint,0,0.005562562495470047,-0.005562562495470047,0,-0.011495978571474552,0.011495978571474552,0.014782300000661053,0.00076882814755663276,0.00055970204994082451,0,0,-10.051270484924316,0,0.71387028694152832,0.15870285034179688,1.2014312744140625,0,0,0,10.603620529174805,14.60487174987793,2107,1091,0,10.205455780029297,11.001781463623047,14.066289901733398,15.267721176147461
42.119985076530611,31618.612061,HOLD,elbow_joint,0,0.0018307383870705962,-0.0018307383870705962,0,0.0073030814528465271,-0.0073030814528465271,0.014806600000156322,0.00076882814755663276,0.00055970204994082451,0,0,-9.74692153930664,0,0.71387028694152832,0.15870285034179688,1.2014312744140625,0,0,0,10.603620529174805,14.60487174987793,2107,1091,0,10.205455780029297,11.001781463623047,14.066289901733398,15.267721176147461
42.119985076530611,31618.6120892,HOLD,wrist_1_joint,0,-0.00028456645668484271,0.00028456645668484271,0,0.0011646593920886517,-0.0011646593920886517,0.014835199999652104,0.00076882814755663276,0.00055970204994082451,0,0,0.092827640473842621,0,0.71387028694152832,0.15870285034179688,1.2014312744140625,0,0,0,10.603620529174805,14.60487174987793,2107,1091,0,10.205455780029297,11.001781463623047,14.066289901733398,15.267721176147461
42.119985076530611,31618.6121133,HOLD,wrist_2_joint,1.5707963267948966,1.5856122970581055,-0.014815970263208911,0,0.0013901625061407685,-0.0013901625061407685,0.014861899999232264,0.00076882814755663276,0.00055970204994082451,0,0,-9.6359472274780273,0,0.71387028694152832,0.15870285034179688,1.2014312744140625,0,0,0,10.603620529174805,14.60487174987793,2107,1091,0,10.205455780029297,11.001781463623047,14.066289901733398,15.267721176147461
42.119985076530611,31618.6121399,HOLD,wrist_3_joint,0,-0.00010253099026158452,0.00010253099026158452,0,1.6773265087977052E-05,-1.6773265087977052E-05,0.014888300000166055,0.00076882814755663276,0.00055970204994082451,0,0,0.028135370463132858,0,0.71387028694152832,0.15870285034179688,1.2014312744140625,0,0,0,10.603620529174805,14.60487174987793,2107,1091,0,10.205455780029297,11.001781463623047,14.066289901733398,15.267721176147461
42.139985069444442,31618.6313231,HOLD,shoulder_pan_joint,1.5707963267948966,1.572137713432312,-0.0013413866374154537,0,-0.0035018296912312508,0.0035018296912312508,0.034074299997882918,0.00076882814755663276,0.00055970204994082451,0,0,-0.3936215341091156,0,0.71387028694152832,0.15870285034179688,1.2014312744140625,0,0,0,10.603620529174805,14.60487174987793,2108,1091,0,10.205455780029297,11.001781463623047,14.066289901733398,15.267721176147461
42.139985069444442,31618.6313585,HOLD,shoulder_lift_joint,0,0.005562562495470047,-0.005562562495470047,0,-0.011495978571474552,0.011495978571474552,0.034105499998986488,0.00076882814755663276,0.00055970204994082451,0,0,-10.051270484924316,0,0.71387028694152832,0.15870285034179688,1.2014312744140625,0,0,0,10.603620529174805,14.60487174987793,2108,1091,0,10.205455780029297,11.001781463623047,14.066289901733398,15.267721176147461
42.139985069444442,31618.6313914,HOLD,elbow_joint,0,0.0018307383870705962,-0.0018307383870705962,0,0.0073030814528465271,-0.0073030814528465271,0.0341372999973828,0.00076882814755663276,0.00055970204994082451,0,0,-9.74692153930664,0,0.71387028694152832,0.15870285034179688,1.2014312744140625,0,0,0,10.603620529174805,14.60487174987793,2108,1091,0,10.205455780029297,11.001781463623047,14.066289901733398,15.267721176147461
42.139985069444442,31618.6314175,HOLD,wrist_1_joint,0,-0.00028456645668484271,0.00028456645668484271,0,0.0011646593920886517,-0.0011646593920886517,0.034164999997301493,0.00076882814755663276,0.00055970204994082451,0,0,0.092827640473842621,0,0.71387028694152832,0.15870285034179688,1.2014312744140625,0,0,0,10.603620529174805,14.60487174987793,2108,1091,0,10.205455780029297,11.001781463623047,14.066289901733398,15.267721176147461
42.139985069444442,31618.6314857,HOLD,wrist_2_joint,1.5707963267948966,1.5856122970581055,-0.014815970263208911,0,0.0013901625061407685,-0.0013901625061407685,0.034236299998156028,0.00076882814755663276,0.00055970204994082451,0,0,-9.6359472274780273,0,0.71387028694152832,0.15870285034179688,1.2014312744140625,0,0,0,10.603620529174805,14.60487174987793,2108,1091,0,10.205455780029297,11.001781463623047,14.066289901733398,15.267721176147461
42.139985069444442,31618.6315154,HOLD,wrist_3_joint,0,-0.00010253099026158452,0.00010253099026158452,0,1.6773265087977052E-05,-1.6773265087977052E-05,0.034261500000866363,0.00076882814755663276,0.00055970204994082451,0,0,0.028135370463132858,0,0.71387028694152832,0.15870285034179688,1.2014312744140625,0,0,0,10.603620529174805,14.60487174987793,2108,1091,0,10.205455780029297,11.001781463623047,14.066289901733398,15.267721176147461
42.159985062358274,31618.6510988,HOLD,shoulder_pan_joint,1.5707963267948966,1.572137713432312,-0.0013413866374154537,0,-0.0035018296912312508,0.0035018296912312508,0.015778799999679904,0.00076882814755663276,0.00055970204994082451,0,0,-0.3936215341091156,0,0.71387028694152832,0.15870285034179688,1.2014312744140625,0,0,0,10.603620529174805,14.60487174987793,2109,1092,0,10.205455780029297,11.001781463623047,14.066289901733398,15.267721176147461
42.159985062358274,31618.6511408,HOLD,shoulder_lift_joint,0,0.005562562495470047,-0.005562562495470047,0,-0.011495978571474552,0.011495978571474552,0.015812000001460547,0.00076882814755663276,0.00055970204994082451,0,0,-10.051270484924316,0,0.71387028694152832,0.15870285034179688,1.2014312744140625,0,0,0,10.603620529174805,14.60487174987793,2109,1092,0,10.205455780029297,11.001781463623047,14.066289901733398,15.267721176147461
42.159985062358274,31618.6511689,HOLD,elbow_joint,0,0.0018307383870705962,-0.0018307383870705962,0,0.0073030814528465271,-0.0073030814528465271,0.015839499999856343,0.00076882814755663276,0.00055970204994082451,0,0,-9.74692153930664,0,0.71387028694152832,0.15870285034179688,1.2014312744140625,0,0,0,10.603620529174805,14.60487174987793,2109,1092,0,10.205455780029297,11.001781463623047,14.066289901733398,15.267721176147461
42.159985062358274,31618.6511963,HOLD,wrist_1_joint,0,-0.00028456645668484271,0.00028456645668484271,0,0.0011646593920886517,-0.0011646593920886517,0.015867699999944307,0.00076882814755663276,0.00055970204994082451,0,0,0.092827640473842621,0,0.71387028694152832,0.15870285034179688,1.2014312744140625,0,0,0,10.603620529174805,14.60487174987793,2109,1092,0,10.205455780029297,11.001781463623047,14.066289901733398,15.267721176147461
42.159985062358274,31618.6512225,HOLD,wrist_2_joint,1.5707963267948966,1.5856122970581055,-0.014815970263208911,0,0.0013901625061407685,-0.0013901625061407685,0.015894600001047365,0.00076882814755663276,0.00055970204994082451,0,0,-9.6359472274780273,0,0.71387028694152832,0.15870285034179688,1.2014312744140625,0,0,0,10.603620529174805,14.60487174987793,2109,1092,0,10.205455780029297,11.001781463623047,14.066289901733398,15.267721176147461
42.159985062358274,31618.6512529,HOLD,wrist_3_joint,0,-0.00010253099026158452,0.00010253099026158452,0,1.6773265087977052E-05,-1.6773265087977052E-05,0.015924399998766603,0.00076882814755663276,0.00055970204994082451,0,0,0.028135370463132858,0,0.71387028694152832,0.15870285034179688,1.2014312744140625,0,0,0,10.603620529174805,14.60487174987793,2109,1092,0,10.205455780029297,11.001781463623047,14.066289901733398,15.267721176147461
42.179985055272105,31618.6709166,HOLD,shoulder_pan_joint,1.5707963267948966,1.572137713432312,-0.0013413866374154537,0,-0.0035018296912312508,0.0035018296912312508,0.0092815999996673781,0.00076882814755663276,0.00055970204994082451,0,0,-0.3936215341091156,0,0.71387028694152832,0.15870285034179688,1.2014312744140625,0,0,0,10.603620529174805,14.60487174987793,2110,1093,0,10.205455780029297,11.001781463623047,14.066289901733398,15.267721176147461
42.179985055272105,31618.6709906,HOLD,shoulder_lift_joint,0,0.005562562495470047,-0.005562562495470047,0,-0.011495978571474552,0.011495978571474552,0.0093507999990833923,0.00076882814755663276,0.00055970204994082451,0,0,-10.051270484924316,0,0.71387028694152832,0.15870285034179688,1.2014312744140625,0,0,0,10.603620529174805,14.60487174987793,2110,1093,0,10.205455780029297,11.001781463623047,14.066289901733398,15.267721176147461
42.179985055272105,31618.671018,HOLD,elbow_joint,0,0.0018307383870705962,-0.0018307383870705962,0,0.0073030814528465271,-0.0073030814528465271,0.0093773000007786322,0.00076882814755663276,0.00055970204994082451,0,0,-9.74692153930664,0,0.71387028694152832,0.15870285034179688,1.2014312744140625,0,0,0,10.603620529174805,14.60487174987793,2110,1093,0,10.205455780029297,11.001781463623047,14.066289901733398,15.267721176147461
42.179985055272105,31618.671049,HOLD,wrist_1_joint,0,-0.00028456645668484271,0.00028456645668484271,0,0.0011646593920886517,-0.0011646593920886517,0.0094088000005285721,0.00076882814755663276,0.00055970204994082451,0,0,0.092827640473842621,0,0.71387028694152832,0.15870285034179688,1.2014312744140625,0,0,0,10.603620529174805,14.60487174987793,2110,1093,0,10.205455780029297,11.001781463623047,14.066289901733398,15.267721176147461
42.179985055272105,31618.6710744,HOLD,wrist_2_joint,1.5707963267948966,1.5856122970581055,-0.014815970263208911,0,0.0013901625061407685,-0.0013901625061407685,0.0094352999985858332,0.00076882814755663276,0.00055970204994082451,0,0,-9.6359472274780273,0,0.71387028694152832,0.15870285034179688,1.2014312744140625,0,0,0,10.603620529174805,14.60487174987793,2110,1093,0,10.205455780029297,11.001781463623047,14.066289901733398,15.267721176147461
42.179985055272105,31618.6711022,HOLD,wrist_3_joint,0,-0.00010253099026158452,0.00010253099026158452,0,1.6773265087977052E-05,-1.6773265087977052E-05,0.00946259999909671,0.00076882814755663276,0.00055970204994082451,0,0,0.028135370463132858,0,0.71387028694152832,0.15870285034179688,1.2014312744140625,0,0,0,10.603620529174805,14.60487174987793,2110,1093,0,10.205455780029297,11.001781463623047,14.066289901733398,15.267721176147461
42.199985048185937,31618.6911663,HOLD,shoulder_pan_joint,1.5707963267948966,1.572137713432312,-0.0013413866374154537,0,-0.0035018296912312508,0.0035018296912312508,0.029531399999541463,0.00076882814755663276,0.00055970204994082451,0,0,-0.3936215341091156,0,0.71387028694152832,0.15870285034179688,1.2014312744140625,0,0,0,10.603620529174805,14.60487174987793,2111,1093,0,10.205455780029297,11.001781463623047,14.066289901733398,15.267721176147461
42.199985048185937,31618.691207,HOLD,shoulder_lift_joint,0,0.005562562495470047,-0.005562562495470047,0,-0.011495978571474552,0.011495978571474552,0.029566799999884097,0.00076882814755663276,0.00055970204994082451,0,0,-10.051270484924316,0,0.71387028694152832,0.15870285034179688,1.2014312744140625,0,0,0,10.603620529174805,14.60487174987793,2111,1093,0,10.205455780029297,11.001781463623047,14.066289901733398,15.267721176147461
42.199985048185937,31618.6912377,HOLD,elbow_joint,0,0.0018307383870705962,-0.0018307383870705962,0,0.0073030814528465271,-0.0073030814528465271,0.029600599998957478,0.00076882814755663276,0.00055970204994082451,0,0,-9.74692153930664,0,0.71387028694152832,0.15870285034179688,1.2014312744140625,0,0,0,10.603620529174805,14.60487174987793,2111,1093,0,10.205455780029297,11.001781463623047,14.066289901733398,15.267721176147461
42.199985048185937,31618.6912673,HOLD,wrist_1_joint,0,-0.00028456645668484271,0.00028456645668484271,0,0.0011646593920886517,-0.0011646593920886517,0.029627100000652717,0.00076882814755663276,0.00055970204994082451,0,0,0.092827640473842621,0,0.71387028694152832,0.15870285034179688,1.2014312744140625,0,0,0,10.603620529174805,14.60487174987793,2111,1093,0,10.205455780029297,11.001781463623047,14.066289901733398,15.267721176147461
42.199985048185937,31618.6913279,HOLD,wrist_2_joint,1.5707963267948966,1.5856122970581055,-0.014815970263208911,0,0.0013901625061407685,-0.0013901625061407685,0.029692600000998937,0.00076882814755663276,0.00055970204994082451,0,0,-9.6359472274780273,0,0.71387028694152832,0.15870285034179688,1.2014312744140625,0,0,0,10.603620529174805,14.60487174987793,2111,1093,0,10.205455780029297,11.001781463623047,14.066289901733398,15.267721176147461
42.199985048185937,31618.691367,HOLD,wrist_3_joint,0,-0.00010253099026158452,0.00010253099026158452,0,1.6773265087977052E-05,-1.6773265087977052E-05,0.029730099999142112,0.00076882814755663276,0.00055970204994082451,0,0,0.028135370463132858,0,0.71387028694152832,0.15870285034179688,1.2014312744140625,0,0,0,10.603620529174805,14.60487174987793,2111,1093,0,10.205455780029297,11.001781463623047,14.066289901733398,15.267721176147461
42.219985041099768,31618.7124505,HOLD,shoulder_pan_joint,1.5707963267948966,1.572137713432312,-0.0013413866374154537,0,-0.0035018296912312508,0.0035018296912312508,0.050818200001231162,0.00076882814755663276,0.00055970204994082451,0,0,-0.3936215341091156,0,0.71387028694152832,0.15870285034179688,1.2014312744140625,0,0,0,10.603620529174805,14.60487174987793,2112,1093,0,10.205455780029297,11.001781463623047,14.066289901733398,15.267721176147461
42.219985041099768,31618.7124991,HOLD,shoulder_lift_joint,0,0.005562562495470047,-0.005562562495470047,0,-0.011495978571474552,0.011495978571474552,0.0508603000016592,0.00076882814755663276,0.00055970204994082451,0,0,-10.051270484924316,0,0.71387028694152832,0.15870285034179688,1.2014312744140625,0,0,0,10.603620529174805,14.60487174987793,2112,1093,0,10.205455780029297,11.001781463623047,14.066289901733398,15.267721176147461
42.219985041099768,31618.7125313,HOLD,elbow_joint,0,0.0018307383870705962,-0.0018307383870705962,0,0.0073030814528465271,-0.0073030814528465271,0.050891999999294057,0.00076882814755663276,0.00055970204994082451,0,0,-9.74692153930664,0,0.71387028694152832,0.15870285034179688,1.2014312744140625,0,0,0,10.603620529174805,14.60487174987793,2112,1093,0,10.205455780029297,11.001781463623047,14.066289901733398,15.267721176147461
42.219985041099768,31618.7125658,HOLD,wrist_1_joint,0,-0.00028456645668484271,0.00028456645668484271,0,0.0011646593920886517,-0.0011646593920886517,0.050927100000990322,0.00076882814755663276,0.00055970204994082451,0,0,0.092827640473842621,0,0.71387028694152832,0.15870285034179688,1.2014312744140625,0,0,0,10.603620529174805,14.60487174987793,2112,1093,0,10.205455780029297,11.001781463623047,14.066289901733398,15.267721176147461
42.219985041099768,31618.7125967,HOLD,wrist_2_joint,1.5707963267948966,1.5856122970581055,-0.014815970263208911,0,0.0013901625061407685,-0.0013901625061407685,0.05095910000090953,0.00076882814755663276,0.00055970204994082451,0,0,-9.6359472274780273,0,0.71387028694152832,0.15870285034179688,1.2014312744140625,0,0,0,10.603620529174805,14.60487174987793,2112,1093,0,10.205455780029297,11.001781463623047,14.066289901733398,15.267721176147461
42.219985041099768,31618.7126291,HOLD,wrist_3_joint,0,-0.00010253099026158452,0.00010253099026158452,0,1.6773265087977052E-05,-1.6773265087977052E-05,0.050998599999729777,0.00076882814755663276,0.00055970204994082451,0,0,0.028135370463132858,0,0.71387028694152832,0.15870285034179688,1.2014312744140625,0,0,0,10.603620529174805,14.60487174987793,2112,1093,0,10.205455780029297,11.001781463623047,14.066289901733398,15.267721176147461
42.239985034013607,31618.7318853,EXTERNAL_CONTROL,shoulder_pan_joint,1.5720928900122642,1.572137713432312,-4.4823420047857E-05,-0.0011205855011940009,-0.0035018296912312508,0.00238124419003725,0.014989999999670545,0.00076882814755663276,0.00055970204994082451,0,0,-0.3936215341091156,0,0.71387028694152832,0.15870285034179688,1.2014312744140625,0,0,0,10.603620529174805,14.60487174987793,2113,1094,0,10.205455780029297,11.001781463623047,14.066289901733398,15.267721176147461
42.239985034013607,31618.7319289,EXTERNAL_CONTROL,shoulder_lift_joint,0.0054154139697551729,0.005562562495470047,-0.00014714852571487413,-0.0036787131428718581,-0.011495978571474552,0.0078172654286026936,0.015030700000352226,0.00076882814755663276,0.00055970204994082451,0,0,-10.051270484924316,0,0.71387028694152832,0.15870285034179688,1.2014312744140625,0,0,0,10.603620529174805,14.60487174987793,2113,1094,0,10.205455780029297,11.001781463623047,14.066289901733398,15.267721176147461
42.239985034013607,31618.7320024,EXTERNAL_CONTROL,elbow_joint,0.0019242178296670317,0.0018307383870705962,9.3479442596435458E-05,0.0023369860649108893,0.0073030814528465271,-0.0049660953879356378,0.015103999998245854,0.00076882814755663276,0.00055970204994082451,0,0,-9.74692153930664,0,0.71387028694152832,0.15870285034179688,1.2014312744140625,0,0,0,10.603620529174805,14.60487174987793,2113,1094,0,10.205455780029297,11.001781463623047,14.066289901733398,15.267721176147461
42.239985034013607,31618.732042,EXTERNAL_CONTROL,wrist_1_joint,-0.000269658816466108,-0.00028456645668484271,1.4907640218734728E-05,0.00037269100546836868,0.0011646593920886517,-0.000791968386620283,0.015142299998842645,0.00076882814755663276,0.00055970204994082451,0,0,0.092827640473842621,0,0.71387028694152832,0.15870285034179688,1.2014312744140625,0,0,0,10.603620529174805,14.60487174987793,2113,1094,0,10.205455780029297,11.001781463623047,14.066289901733398,15.267721176147461
42.239985034013607,31618.7320795,EXTERNAL_CONTROL,wrist_2_joint,1.5856300911381842,1.5856122970581055,1.779408007873684E-05,0.0004448520019650461,0.0013901625061407685,-0.00094531050417572243,0.015180799997324357,0.00076882814755663276,0.00055970204994082451,0,0,-9.6359472274780273,0,0.71387028694152832,0.15870285034179688,1.2014312744140625,0,0,0,10.603620529174805,14.60487174987793,2113,1094,0,10.205455780029297,11.001781463623047,14.066289901733398,15.267721176147461
42.239985034013607,31618.732116,EXTERNAL_CONTROL,wrist_3_joint,-0.00010231629246845842,-0.00010253099026158452,2.1469779312610518E-07,5.3674448281526582E-06,1.6773265087977052E-05,-1.1405820259824393E-05,0.015218199998344062,0.00076882814755663276,0.00055970204994082451,0,0,0.028135370463132858,0,0.71387028694152832,0.15870285034179688,1.2014312744140625,0,0,0,10.603620529174805,14.60487174987793,2113,1094,0,10.205455780029297,11.001781463623047,14.066289901733398,15.267721176147461
42.259985026927438,31618.7526923,EXTERNAL_CONTROL,shoulder_pan_joint,1.5720928900122642,1.5722503662109375,-0.00015747619867334528,-0.0011205855011940009,-0.0032937258947640657,0.002173140393570065,0.035802299997158116,-0.0023460783995687962,0.0081258369609713554,-0.15574538885713077,0.37830689493764513,-0.052918404340744019,0,0.713207483291626,0.16203498840332031,1.2016773223876953,0,0,0,10.603625297546387,14.604946136474609,2114,1094,0,10.205461502075195,11.001785278320313,14.066242218017578,15.267921447753906
42.259985026927438,31618.7527453,EXTERNAL_CONTROL,shoulder_lift_joint,0.0054154139697551729,0.0058161853812634945,-0.00040077141150832163,-0.0036787131428718581,-0.00046425126492977142,-0.0032144618779420867,0.035845700000209035,-0.0023460783995687962,0.0081258369609713554,-0.15574538885713077,0.37830689493764513,0.084588982164859772,0,0.713207483291626,0.16203498840332031,1.2016773223876953,0,0,0,10.603625297546387,14.604946136474609,2114,1094,0,10.205461502075195,11.001785278320313,14.066242218017578,15.267921447753906
42.259985026927438,31618.7527852,EXTERNAL_CONTROL,elbow_joint,0.0019242178296670317,0.0020318434108048677,-0.00010762558113783607,0.0023369860649108893,0.02284766361117363,-0.020510677546262741,0.035885299999790732,-0.0023460783995687962,0.0081258369609713554,-0.15574538885713077,0.37830689493764513,-2.9629805088043213,0,0.713207483291626,0.16203498840332031,1.2016773223876953,0,0,0,10.603625297546387,14.604946136474609,2114,1094,0,10.205461502075195,11.001785278320313,14.066242218017578,15.267921447753906
42.259985026927438,31618.7528269,EXTERNAL_CONTROL,wrist_1_joint,-0.000269658816466108,-0.00036751414882019162,9.7855332354083644E-05,0.00037269100546836868,-0.00404728390276432,0.0044199749082326888,0.035927299999457318,-0.0023460783995687962,0.0081258369609713554,-0.15574538885713077,0.37830689493764513,0.21082048118114471,0,0.713207483291626,0.16203498840332031,1.2016773223876953,0,0,0,10.603625297546387,14.604946136474609,2114,1094,0,10.205461502075195,11.001785278320313,14.066242218017578,15.267921447753906
42.259985026927438,31618.7529001,EXTERNAL_CONTROL,wrist_2_joint,1.5856300911381842,1.5879913568496704,-0.0023612657114862046,0.0004448520019650461,0.11681573837995529,-0.11637088637799024,0.036000199997943128,-0.0023460783995687962,0.0081258369609713554,-0.15574538885713077,0.37830689493764513,-5.6785545349121094,0,0.713207483291626,0.16203498840332031,1.2016773223876953,0,0,0,10.603625297546387,14.604946136474609,2114,1094,0,10.205461502075195,11.001785278320313,14.066242218017578,15.267921447753906
42.259985026927438,31618.7529368,EXTERNAL_CONTROL,wrist_3_joint,-0.00010231629246845842,-0.00010406586807221174,1.7495756037533272E-06,5.3674448281526582E-06,0.0005436103674583137,-0.000538242922630161,0.0360484999982873,-0.0023460783995687962,0.0081258369609713554,-0.15574538885713077,0.37830689493764513,4.0140501369023696E-05,0,0.713207483291626,0.16203498840332031,1.2016773223876953,0,0,0,10.603625297546387,14.604946136474609,2114,1094,0,10.205461502075195,11.001785278320313,14.066242218017578,15.267921447753906
42.27998501984127,31618.7718276,EXTERNAL_CONTROL,shoulder_pan_joint,1.5720928900122642,1.5725066661834717,-0.00041377617120752497,-0.0011205855011940009,0.00687105767428875,-0.0079916431754827513,0.054932499999267748,0.0057899900712072849,0.00083932338748127222,0.40680358417771728,-0.36432582253976609,-0.086182072758674622,0,0.7123405933380127,0.16618156433105469,1.2020435333251953,0,0,0,10.603617668151855,14.604841232299805,2115,1094,0,10.205461502075195,11.001771926879883,14.065969467163086,15.268013000488281
42.27998501984127,31618.771879,EXTERNAL_CONTROL,shoulder_lift_joint,0.0054154139697551729,0.0064471103250980377,-0.0010316963553428649,-0.0036787131428718581,0.024035092443227768,-0.027713805586099625,0.054990900000120746,0.0057899900712072849,0.00083932338748127222,0.40680358417771728,-0.36432582253976609,-3.526700496673584,0,0.7123405933380127,0.16618156433105469,1.2020435333251953,0,0,0,10.603617668151855,14.604841232299805,2115,1094,0,10.205461502075195,11.001771926879883,14.065969467163086,15.268013000488281
42.27998501984127,31618.771932,EXTERNAL_CONTROL,elbow_joint,0.0019242178296670317,0.0023362745996564627,-0.000412056769989431,0.0023369860649108893,0.020310590043663979,-0.01797360397875309,0.055035599998518592,0.0057899900712072849,0.00083932338748127222,0.40680358417771728,-0.36432582253976609,-6.06908655166626,0,0.7123405933380127,0.16618156433105469,1.2020435333251953,0,0,0,10.603617668151855,14.604841232299805,2115,1094,0,10.205461502075195,11.001771926879883,14.065969467163086,15.268013000488281
42.27998501984127,31618.771975,EXTERNAL_CONTROL,wrist_1_joint,-0.000269658816466108,-0.00034632001188583672,7.6661195419728742E-05,0.00037269100546836868,0.0034201685339212418,-0.0030474775284528733,0.055077699998946628,0.0057899900712072849,0.00083932338748127222,0.40680358417771728,-0.36432582253976609,-0.10045745223760605,0,0.7123405933380127,0.16618156433105469,1.2020435333251953,0,0,0,10.603617668151855,14.604841232299805,2115,1094,0,10.205461502075195,11.001771926879883,14.065969467163086,15.268013000488281
42.27998501984127,31618.772015,EXTERNAL_CONTROL,wrist_2_joint,1.5856300911381842,1.5908325910568237,-0.0052024999186395249,0.0004448520019650461,0.14288312196731567,-0.14243826996535064,0.055114799997681985,0.0057899900712072849,0.00083932338748127222,0.40680358417771728,-0.36432582253976609,-8.340174674987793,0,0.7123405933380127,0.16618156433105469,1.2020435333251953,0,0,0,10.603617668151855,14.604841232299805,2115,1094,0,10.205461502075195,11.001771926879883,14.065969467163086,15.268013000488281
42.27998501984127,31618.772052,EXTERNAL_CONTROL,wrist_3_joint,-0.00010231629246845842,-0.00010507698607398197,2.7606936055235554E-06,5.3674448281526582E-06,-3.5153650969732553E-05,4.0521095797885209E-05,0.055155899997771485,0.0057899900712072849,0.00083932338748127222,0.40680358417771728,-0.36432582253976609,0.0014022733084857464,0,0.7123405933380127,0.16618156433105469,1.2020435333251953,0,0,0,10.603617668151855,14.604841232299805,2115,1094,0,10.205461502075195,11.001771926879883,14.065969467163086,15.268013000488281
42.2999850127551,31618.791088,EXTERNAL_CONTROL,shoulder_pan_joint,1.5720872870847582,1.5726617574691772,-0.00057447038441904574,0.000420219562947749,0.0017995382659137249,-0.0013793187029659758,0.010952399999951012,0.0089378301054239273,0.00049733242485672235,0.15739206386193175,-0.017099554883512922,-0.16188935935497284,0,0.7114861011505127,0.17043495178222656,1.2024097442626953,0,0,0,10.603603363037109,14.604657173156738,2116,1095,0,10.205448150634766,11.001758575439453,14.065580368041992,15.26799201965332
42.2999850127551,31618.7911478,EXTERNAL_CONTROL,shoulder_lift_joint,0.0053970204040408136,0.0072630224749445915,-0.0018660020709037779,0.0013795174285769441,0.031462028622627258,-0.030082511194050313,0.011006799999449868,0.0089378301054239273,0.00049733242485672235,0.15739206386193175,-0.017099554883512922,-7.2639508247375488,0,0.7114861011505127,0.17043495178222656,1.2024097442626953,0,0,0,10.603603363037109,14.604657173156738,2116,1095,0,10.205448150634766,11.001758575439453,14.065580368041992,15.26799201965332
42.2999850127551,31618.7911893,EXTERNAL_CONTROL,elbow_joint,0.0019359027599915864,0.0026986883021891117,-0.00076278554219752536,-0.00087636977434158206,0.024405241012573242,-0.025281610786914824,0.011047799998777919,0.0089378301054239273,0.00049733242485672235,0.15739206386193175,-0.017099554883512922,-8.5392332077026367,0,0.7114861011505127,0.17043495178222656,1.2024097442626953,0,0,0,10.603603363037109,14.604657173156738,2116,1095,0,10.205448150634766,11.001758575439453,14.065580368041992,15.26799201965332
42.2999850127551,31618.7912351,EXTERNAL_CONTROL,wrist_1_joint,-0.0002677953614387661,-0.00027966787456534803,1.1872513126581926E-05,-0.00013975912705063793,0.0046624345704913139,-0.0048021936975419519,0.011094699999375734,0.0089378301054239273,0.00049733242485672235,0.15739206386193175,-0.017099554883512922,-0.18034440279006958,0,0.7114861011505127,0.17043495178222656,1.2024097442626953,0,0,0,10.603603363037109,14.604657173156738,2116,1095,0,10.205448150634766,11.001758575439453,14.065580368041992,15.26799201965332
42.2999850127551,31618.7912736,EXTERNAL_CONTROL,wrist_2_joint,1.5856323153981942,1.5934531688690186,-0.007820853470824396,-0.00016681950073689185,0.13181604444980621,-0.13198286395054309,0.01113210000039544,0.0089378301054239273,0.00049733242485672235,0.15739206386193175,-0.017099554883512922,-9.6390562057495117,0,0.7114861011505127,0.17043495178222656,1.2024097442626953,0,0,0,10.603603363037109,14.604657173156738,2116,1095,0,10.205448150634766,11.001758575439453,14.065580368041992,15.26799201965332
42.2999850127551,31618.7913103,EXTERNAL_CONTROL,wrist_3_joint,-0.00010228945524431765,-0.00011130661005154252,9.0171548072248719E-06,-2.0127918105572441E-06,-6.0505204601213336E-05,5.849241279065609E-05,0.011169199999130797,0.0089378301054239273,0.00049733242485672235,0.15739206386193175,-0.017099554883512922,0.00097766786348074675,0,0.7114861011505127,0.17043495178222656,1.2024097442626953,0,0,0,10.603603363037109,14.604657173156738,2116,1095,0,10.205448150634766,11.001758575439453,14.065580368041992,15.26799201965332
42.319985005668933,31618.8121212,EXTERNAL_CONTROL,shoulder_pan_joint,1.5721372706710719,1.572801947593689,-0.000664676922617069,-4.4119671293326484E-05,0.0010540436487644911,-0.0010981633200578176,0.012932300000102259,0.009176245890557766,0.000244657916482538,0.011920793963984253,-0.01263373040752643,-0.15480735898017883,0,0.71073055267333984,0.17432403564453125,1.202728271484375,0,0,0,10.60357666015625,14.604461669921875,2117,1096,0,10.205419540405273,11.001739501953125,14.065187454223633,15.267915725708008
42.319985005668933,31618.8121612,EXTERNAL_CONTROL,shoulder_lift_joint,0.0055607264200232265,0.0082357702776789665,-0.00267504385765574,-0.00018295875477154726,0.034275729209184647,-0.034458687963956194,0.012971100000868319,0.009176245890557766,0.000244657916482538,0.011920793963984253,-0.01263373040752643,-9.7648601531982422,0,0.71073055267333984,0.17432403564453125,1.202728271484375,0,0,0,10.60357666015625,14.604461669921875,2117,1096,0,10.205419540405273,11.001739501953125,14.065187454223633,15.267915725708008
42.319985005668933,31618.8122331,EXTERNAL_CONTROL,elbow_joint,0.0018301341019403546,0.0029964104760438204,-0.0011662763741034658,-6.0214984709597096E-05,0.023265836760401726,-0.023326051745111324,0.013040899997577071,0.009176245890557766,0.000244657916482538,0.011920793963984253,-0.01263373040752643,-10.067302703857422,0,0.71073055267333984,0.17432403564453125,1.202728271484375,0,0,0,10.60357666015625,14.604461669921875,2117,1096,0,10.205419540405273,11.001739501953125,14.065187454223633,15.267915725708008
42.319985005668933,31618.812267,EXTERNAL_CONTROL,wrist_1_joint,-0.00028447252776547626,-0.00029253010870888829,8.0575809434120364E-06,9.3597015057735124E-06,0.00075829494744539261,-0.00074893524593961909,0.013077199997496791,0.009176245890557766,0.000244657916482538,0.011920793963984253,-0.01263373040752643,-0.040135957300662994,0,0.71073055267333984,0.17432403564453125,1.202728271484375,0,0,0,10.60357666015625,14.604461669921875,2117,1096,0,10.205419540405273,11.001739501953125,14.065187454223633,15.267915725708008
42.319985005668933,31618.8123027,EXTERNAL_CONTROL,wrist_2_joint,1.5856074066430776,1.5955939292907715,-0.00998652264769384,-0.00048731344093598636,0.10845693200826645,-0.10894424544920243,0.01310889999876963,0.009176245890557766,0.000244657916482538,0.011920793963984253,-0.01263373040752643,-10.23695182800293,0,0.71073055267333984,0.17432403564453125,1.202728271484375,0,0,0,10.60357666015625,14.604461669921875,2117,1096,0,10.205419540405273,11.001739501953125,14.065187454223633,15.267915725708008
42.319985005668933,31618.8123339,EXTERNAL_CONTROL,wrist_3_joint,-0.00010249714711215279,-0.00011186071787960827,9.3635707674554868E-06,3.3723562331263261E-06,-6.296415813267231E-05,6.6336514365798635E-05,0.013142299998435192,0.009176245890557766,0.000244657916482538,0.011920793963984253,-0.01263373040752643,0.0026582954451441765,0,0.71073055267333984,0.17432403564453125,1.202728271484375,0,0,0,10.60357666015625,14.604461669921875,2117,1096,0,10.205419540405273,11.001739501953125,14.065187454223633,15.267915725708008
42.339984998582764,31618.8316088,EXTERNAL_CONTROL,shoulder_pan_joint,1.5721359549035698,1.5728415250778198,-0.000705570174249992,-8.730062617615667E-05,-0.0020026266574859619,0.0019153260313098052,0.0036094999995839316,0.0092138927429914474,0.0001909694547066465,0.0018823433649852749,-0.0026844241488220536,-0.19803182780742645,0,0.71011781692504883,0.177642822265625,1.2029781341552734,0,0,0,10.603553771972656,14.604256629943848,2118,1097,0,10.205394744873047,11.00172233581543,14.064821243286133,15.267799377441406
42.339984998582764,31618.8316574,EXTERNAL_CONTROL,shoulder_lift_joint,0.0055552700968756067,0.009119630791246891,-0.0035643606943712844,-0.00036202477007987011,0.028210457414388657,-0.028572482184468527,0.0036478999973041937,0.0092138927429914474,0.0001909694547066465,0.0018823433649852749,-0.0026844241488220536,-11.606409072875977,0,0.71011781692504883,0.177642822265625,1.2029781341552734,0,0,0,10.603553771972656,14.604256629943848,2118,1097,0,10.205394744873047,11.00172233581543,14.064821243286133,15.267799377441406
42.339984998582764,31618.8316902,EXTERNAL_CONTROL,elbow_joint,0.0018283383288147954,0.0032718169968575239,-0.0014434786680427285,-0.00011914879953175597,0.021746519953012466,-0.021865668752544223,0.0036801999995077495,0.0092138927429914474,0.0001909694547066465,0.0018823433649852749,-0.0026844241488220536,-11.09028434753418,0,0.71011781692504883,0.177642822265625,1.2029781341552734,0,0,0,10.603553771972656,14.604256629943848,2118,1097,0,10.205394744873047,11.00172233581543,14.064821243286133,15.267799377441406
42.339984998582764,31618.8317211,EXTERNAL_CONTROL,wrist_1_joint,-0.00028419339624184659,-0.0003132107958663255,2.9017399624478904E-05,1.85202604263178E-05,-3.1982199288904667E-06,2.1718480355208268E-05,0.0037109000004420523,0.0092138927429914474,0.0001909694547066465,0.0018823433649852749,-0.0026844241488220536,0.0084863351657986641,0,0.71011781692504883,0.177642822265625,1.2029781341552734,0,0,0,10.603553771972656,14.604256629943848,2118,1097,0,10.205394744873047,11.00172233581543,14.064821243286133,15.267799377441406
42.339984998582764,31618.8317778,EXTERNAL_CONTROL,wrist_2_joint,1.5855928736429421,1.5972428321838379,-0.011649958540895788,-0.0009642585107882284,0.083957791328430176,-0.0849220498392184,0.00376959999994142,0.0092138927429914474,0.0001909694547066465,0.0018823433649852749,-0.0026844241488220536,-10.475136756896973,0,0.71011781692504883,0.177642822265625,1.2029781341552734,0,0,0,10.603553771972656,14.604256629943848,2118,1097,0,10.205394744873047,11.00172233581543,14.064821243286133,15.267799377441406
42.339984998582764,31618.8318088,EXTERNAL_CONTROL,wrist_3_joint,-0.00010239657436066133,-0.00010454733273945749,2.1507583787961612E-06,6.6729602059733686E-06,-0.00031088391551747918,0.00031755687572345255,0.0038079000005382113,0.0092138927429914474,0.0001909694547066465,0.0018823433649852749,-0.0026844241488220536,0.0027743845712393522,0,0.71011781692504883,0.177642822265625,1.2029781341552734,0,0,0,10.603553771972656,14.604256629943848,2118,1097,0,10.205394744873047,11.00172233581543,14.064821243286133,15.267799377441406
42.359984991496596,31618.8514013,EXTERNAL_CONTROL,shoulder_pan_joint,1.5721359549035698,1.5729073286056519,-0.00077137370208202327,-8.730062617615667E-05,-0.00088184885680675507,0.00079454823063059834,0.02339659999779542,0.010875564999878407,-0.00014709317474626005,0.083083645652482066,-0.016903138147369563,-0.21176442503929138,0,0.70965754985809326,0.18017005920410156,1.2031688690185547,0,0,0,10.603533744812012,14.604010581970215,2119,1097,0,10.205375671386719,11.001701354980469,14.064453125,15.267621994018555
42.359984991496596,31618.8514451,EXTERNAL_CONTROL,shoulder_lift_joint,0.0055552700968756067,0.0098785459995269775,-0.0043232759026513709,-0.00036202477007987011,0.021260246634483337,-0.021622271404563208,0.023435399998561479,0.010875564999878407,-0.00014709317474626005,0.083083645652482066,-0.016903138147369563,-12.756200790405273,0,0.70965754985809326,0.18017005920410156,1.2031688690185547,0,0,0,10.603533744812012,14.604010581970215,2119,1097,0,10.205375671386719,11.001701354980469,14.064453125,15.267621994018555
42.359984991496596,31618.851478,EXTERNAL_CONTROL,elbow_joint,0.0018283383288147954,0.0034861131571233273,-0.0016577748283085319,-0.00011914879953175597,0.019426995888352394,-0.01954614468788415,0.023468100000172853,0.010875564999878407,-0.00014709317474626005,0.083083645652482066,-0.016903138147369563,-11.616520881652832,0,0.70965754985809326,0.18017005920410156,1.2031688690185547,0,0,0,10.603533744812012,14.604010581970215,2119,1097,0,10.205375671386719,11.001701354980469,14.064453125,15.267621994018555
42.359984991496596,31618.8515128,EXTERNAL_CONTROL,wrist_1_joint,-0.00028419339624184659,-0.00033560075098648667,5.140735474464008E-05,1.85202604263178E-05,-5.0367962103337049E-05,6.8888222529654854E-05,0.023503599997638958,0.010875564999878407,-0.00014709317474626005,0.083083645652482066,-0.016903138147369563,0.010302387177944183,0,0.70965754985809326,0.18017005920410156,1.2031688690185547,0,0,0,10.603533744812012,14.604010581970215,2119,1097,0,10.205375671386719,11.001701354980469,14.064453125,15.267621994018555
42.359984991496596,31618.8515455,EXTERNAL_CONTROL,wrist_2_joint,1.5855928736429421,1.5984382629394531,-0.012845389296511023,-0.0009642585107882284,0.06137421727180481,-0.062338475782593036,0.023541499998827931,0.010875564999878407,-0.00014709317474626005,0.083083645652482066,-0.016903138147369563,-10.484270095825195,0,0.70965754985809326,0.18017005920410156,1.2031688690185547,0,0,0,10.603533744812012,14.604010581970215,2119,1097,0,10.205375671386719,11.001701354980469,14.064453125,15.267621994018555
42.359984991496596,31618.851583,EXTERNAL_CONTROL,wrist_3_joint,-0.00010239657436066133,-0.00010312854283256456,7.3196847190323572E-07,6.6729602059733686E-06,0.00012232788139954209,-0.00011565492119356872,0.023574499999085674,0.010875564999878407,-0.00014709317474626005,0.083083645652482066,-0.016903138147369563,0.0010859520407393575,0,0.70965754985809326,0.18017005920410156,1.2031688690185547,0,0,0,10.603533744812012,14.604010581970215,2119,1097,0,10.205375671386719,11.001701354980469,14.064453125,15.267621994018555
42.379984984410427,31618.8712296,EXTERNAL_CONTROL,shoulder_pan_joint,1.5721337849041341,1.5730019807815552,-0.00086819587742104076,-0.00012954286464849054,-0.00078044668771326542,0.00065090382306477485,0.015952500001731096,0.014073443599045277,-0.00011394142347853631,0.15989399309740687,0.0016575882179359015,-0.23134107887744904,0,0.70933055877685547,0.18198966979980469,1.2033061981201172,0,0,0,10.603506088256836,14.603686332702637,2120,1098,0,10.205348968505859,11.001674652099609,14.064058303833008,15.267364501953125
42.379984984410427,31618.8712707,EXTERNAL_CONTROL,shoulder_lift_joint,0.0055462713808164523,0.010493322275578976,-0.0049470508947625233,-0.00053719804592496849,0.013427216559648514,-0.013964414605573482,0.015989999999874271,0.014073443599045277,-0.00011394142347853631,0.15989399309740687,0.0016575882179359015,-13.280035972595215,0,0.70933055877685547,0.18198966979980469,1.2033061981201172,0,0,0,10.603506088256836,14.603686332702637,2120,1098,0,10.205348968505859,11.001674652099609,14.064058303833008,15.267364501953125
42.379984984410427,31618.8713081,EXTERNAL_CONTROL,elbow_joint,0.0018253766910916673,0.0036506787873804569,-0.0018253020962887897,-0.00017680144446647657,0.017384793609380722,-0.0175615950538472,0.016027000001486158,0.014073443599045277,-0.00011394142347853631,0.15989399309740687,0.0016575882179359015,-11.800050735473633,0,0.70933055877685547,0.18198966979980469,1.2033061981201172,0,0,0,10.603506088256836,14.603686332702637,2120,1098,0,10.205348968505859,11.001674652099609,14.064058303833008,15.267364501953125
42.379984984410427,31618.8713428,EXTERNAL_CONTROL,wrist_1_joint,-0.00028373304496565841,-0.00034039036836475134,5.6657323399092929E-05,2.7481676761632865E-05,0.0012717985082417727,-0.0012443168314801398,0.016063399998529349,0.014073443599045277,-0.00011394142347853631,0.15989399309740687,0.0016575882179359015,-0.038823455572128296,0,0.70933055877685547,0.18198966979980469,1.2033061981201172,0,0,0,10.603506088256836,14.603686332702637,2120,1098,0,10.205348968505859,11.001674652099609,14.064058303833008,15.267364501953125
42.379984984410427,31618.8713814,EXTERNAL_CONTROL,wrist_2_joint,1.5855689054251199,1.5992813110351563,-0.013712405610036393,-0.0014308352095567258,0.0432303324341774,-0.044661167643734123,0.01610400000208756,0.014073443599045277,-0.00011394142347853631,0.15989399309740687,0.0016575882179359015,-10.392860412597656,0,0.70933055877685547,0.18198966979980469,1.2033061981201172,0,0,0,10.603506088256836,14.603686332702637,2120,1098,0,10.205348968505859,11.001674652099609,14.064058303833008,15.267364501953125
42.379984984410427,31618.8714166,EXTERNAL_CONTROL,wrist_3_joint,-0.00010223070705231572,-9.8483644251246E-05,-3.7470628010697135E-06,9.9018119185411262E-06,4.921318031847477E-05,-3.9311368399933643E-05,0.016138300001330208,0.014073443599045277,-0.00011394142347853631,0.15989399309740687,0.0016575882179359015,-0.00075610564090311527,0,0.70933055877685547,0.18198966979980469,1.2033061981201172,0,0,0,10.603506088256836,14.603686332702637,2120,1098,0,10.205348968505859,11.001674652099609,14.064058303833008,15.267364501953125
42.399984977324259,31618.8935724,EXTERNAL_CONTROL,shoulder_pan_joint,1.5721337849041341,1.5729775428771973,-0.00084375797306313061,-0.00012954286464849054,-0.013312996365129948,0.013183453500481458,0.038296300001093186,0.010773628950119019,0.0077469726093113422,-0.16499079759800636,0.39304585684574517,-0.26159399747848511,0,0.709105372428894,0.18324851989746094,1.2033920288085938,0,0,0,10.60352611541748,14.6034574508667,2121,1098,0,10.205390930175781,11.00166130065918,14.063728332519531,15.267120361328125
42.399984977324259,31618.8936127,EXTERNAL_CONTROL,shoulder_lift_joint,0.0055462713808164523,0.010878747329115868,-0.0053324759482994153,-0.00053719804592496849,-0.0050532100722193718,0.0045160120262944031,0.038332399999490008,0.010773628950119019,0.0077469726093113422,-0.16499079759800636,0.39304585684574517,-12.088824272155762,0,0.709105372428894,0.18324851989746094,1.2033920288085938,0,0,0,10.60352611541748,14.6034574508667,2121,1098,0,10.205390930175781,11.00166130065918,14.063728332519531,15.267120361328125
42.399984977324259,31618.893683,EXTERNAL_CONTROL,elbow_joint,0.0018253766910916673,0.0036436163354665041,-0.0018182396443748368,-0.00017680144446647657,0.020953670144081116,-0.021130471588547594,0.038402700000006007,0.010773628950119019,0.0077469726093113422,-0.16499079759800636,0.39304585684574517,-11.28128719329834,0,0.709105372428894,0.18324851989746094,1.2033920288085938,0,0,0,10.60352611541748,14.6034574508667,2121,1098,0,10.205390930175781,11.00166130065918,14.063728332519531,15.267120361328125
42.399984977324259,31618.893718,EXTERNAL_CONTROL,wrist_1_joint,-0.00028373304496565841,-0.00038163163117133081,9.78985862056724E-05,2.7481676761632865E-05,-0.0014029225567355752,0.001430404233497208,0.038437800001702271,0.010773628950119019,0.0077469726093113422,-0.16499079759800636,0.39304585684574517,0.12400205433368683,0,0.709105372428894,0.18324851989746094,1.2033920288085938,0,0,0,10.60352611541748,14.6034574508667,2121,1098,0,10.205390930175781,11.00166130065918,14.063728332519531,15.267120361328125
42.399984977324259,31618.893754,EXTERNAL_CONTROL,wrist_2_joint,1.5855689054251199,1.5998786687850952,-0.014309763359975358,-0.0014308352095567258,0.026727031916379929,-0.028157867125936653,0.038473000000522006,0.010773628950119019,0.0077469726093113422,-0.16499079759800636,0.39304585684574517,-10.29666805267334,0,0.709105372428894,0.18324851989746094,1.2033920288085938,0,0,0,10.60352611541748,14.6034574508667,2121,1098,0,10.205390930175781,11.00166130065918,14.063728332519531,15.267120361328125
42.399984977324259,31618.8937845,EXTERNAL_CONTROL,wrist_3_joint,-0.00010223070705231572,-0.00013683887664228678,3.4608169589971059E-05,9.9018119185411262E-06,-0.00094236532459035516,0.00095226713650889633,0.038504299998749048,0.010773628950119019,0.0077469726093113422,-0.16499079759800636,0.39304585684574517,-0.05078231543302536,0,0.709105372428894,0.18324851989746094,1.2033920288085938,0,0,0,10.60352611541748,14.6034574508667,2121,1098,0,10.205390930175781,11.00166130065918,14.063728332519531,15.267120361328125
42.41998497023809,31618.9134652,EXTERNAL_CONTROL,shoulder_pan_joint,1.5721337849041341,1.5724889039993286,-0.00035511909519447826,-0.00012954286464849054,-0.013316091150045395,0.013186548285396905,0.058189999999740394,0.0054109334014356136,0.010748989880084991,-0.26813488331547985,0.15010092281065068,-0.25442215800285339,0,0.709020733833313,0.18401527404785156,1.2035331726074219,0.034264020621776581,0,0,10.603568077087402,14.6033935546875,2122,1098,0,10.205604553222656,11.001445770263672,14.063388824462891,15.266921997070313
42.41998497023809,31618.913505,EXTERNAL_CONTROL,shoulder_lift_joint,0.0055462713808164523,0.010187410749495029,-0.0046411393686785771,-0.00053719804592496849,0.0079835355281829834,-0.0085207335741079512,0.058223399999405956,0.0054109334014356136,0.010748989880084991,-0.26813488331547985,0.15010092281065068,-10.953495979309082,0,0.709020733833313,0.18401527404785156,1.2035331726074219,0.034264020621776581,0,0,10.603568077087402,14.6033935546875,2122,1098,0,10.205604553222656,11.001445770263672,14.063388824462891,15.266921997070313
42.41998497023809,31618.9135392,EXTERNAL_CONTROL,elbow_joint,0.0018253766910916673,0.0040511521510779858,-0.0022257754599863183,-0.00017680144446647657,0.00069820508360862732,-0.00087500652807510383,0.0582581000016944,0.0054109334014356136,0.010748989880084991,-0.26813488331547985,0.15010092281065068,-10.645331382751465,0,0.709020733833313,0.18401527404785156,1.2035331726074219,0.034264020621776581,0,0,10.603568077087402,14.6033935546875,2122,1098,0,10.205604553222656,11.001445770263672,14.063388824462891,15.266921997070313
42.41998497023809,31618.9136197,EXTERNAL_CONTROL,wrist_1_joint,-0.00028373304496565841,-0.00042290452984161675,0.00013917148487595834,2.7481676761632865E-05,-0.0011807252885773778,0.0012082069653390106,0.058339999999589054,0.0054109334014356136,0.010748989880084991,-0.26813488331547985,0.15010092281065068,0.14388005435466766,0,0.709020733833313,0.18401527404785156,1.2035331726074219,0.034264020621776581,0,0,10.603568077087402,14.6033935546875,2122,1098,0,10.205604553222656,11.001445770263672,14.063388824462891,15.266921997070313
42.41998497023809,31618.9136533,EXTERNAL_CONTROL,wrist_2_joint,1.5855689054251199,1.6001874208450317,-0.014618515419911882,-0.0014308352095567258,0.018775727599859238,-0.020206562809415962,0.058371700000861892,0.0054109334014356136,0.010748989880084991,-0.26813488331547985,0.15010092281065068,-10.116178512573242,0,0.709020733833313,0.18401527404785156,1.2035331726074219,0.034264020621776581,0,0,10.603568077087402,14.6033935546875,2122,1098,0,10.205604553222656,11.001445770263672,14.063388824462891,15.266921997070313
42.41998497023809,31618.9136865,EXTERNAL_CONTROL,wrist_3_joint,-0.00010223070705231572,-0.00023142294958233833,0.00012919224253002263,9.9018119185411262E-06,-0.0031113831792026758,0.003121284991121217,0.058405799998581642,0.0054109334014356136,0.010748989880084991,-0.26813488331547985,0.15010092281065068,0.034782461822032928,0,0.709020733833313,0.18401527404785156,1.2035331726074219,0.034264020621776581,0,0,10.603568077087402,14.6033935546875,2122,1098,0,10.205604553222656,11.001445770263672,14.063388824462891,15.266921997070313
42.439984963151929,31618.9321198,EXTERNAL_CONTROL,shoulder_pan_joint,1.5721169380736204,1.5725445747375488,-0.00042763666392842126,-0.00028912465443286297,-0.010183747857809067,0.009894623203376203,0.0067703999993682373,-0.0061950222589075565,0.0018553711706772447,-0.58029801216568533,-0.44468111106640762,-0.10971133410930634,0,0.70883429050445557,0.18494987487792969,1.2035179138183594,0,0,0,10.603642463684082,14.603522300720215,2123,1099,0,10.205615997314453,11.001655578613281,14.063493728637695,15.267011642456055
42.439984963151929,31618.9321629,EXTERNAL_CONTROL,shoulder_lift_joint,0.0054764096832497847,0.010978399775922298,-0.0055019900926725138,-0.0011989637546731182,0.024816174060106277,-0.026015137814779397,0.0068127000013191719,-0.0061950222589075565,0.0018553711706772447,-0.58029801216568533,-0.44468111106640762,-16.709821701049805,0,0.70883429050445557,0.18494987487792969,1.2035179138183594,0,0,0,10.603642463684082,14.603522300720215,2123,1099,0,10.205615997314453,11.001655578613281,14.063493728637695,15.267011642456055
42.439984963151929,31618.9322025,EXTERNAL_CONTROL,elbow_joint,0.0018023839621784422,0.0041489787399768829,-0.0023465947777984407,-0.00039460032533097678,0.00390774616971612,-0.0043023464950470965,0.0068492999998852611,-0.0061950222589075565,0.0018553711706772447,-0.58029801216568533,-0.44468111106640762,-12.637998580932617,0,0.70883429050445557,0.18494987487792969,1.2035179138183594,0,0,0,10.603642463684082,14.603522300720215,2123,1099,0,10.205615997314453,11.001655578613281,14.063493728637695,15.267011642456055
42.439984963151929,31618.9322385,EXTERNAL_CONTROL,wrist_1_joint,-0.00028015909936941128,-0.00054002250544726849,0.0002598634060778572,6.13359162506009E-05,-0.0060912077315151691,0.00615254364776577,0.006884800000989344,-0.0061950222589075565,0.0018553711706772447,-0.58029801216568533,-0.44468111106640762,0.38049477338790894,0,0.70883429050445557,0.18494987487792969,1.2035179138183594,0,0,0,10.603642463684082,14.603522300720215,2123,1099,0,10.205615997314453,11.001655578613281,14.063493728637695,15.267011642456055
42.439984963151929,31618.9322713,EXTERNAL_CONTROL,wrist_2_joint,1.5853828277254038,1.6002892255783081,-0.014906397852904263,-0.0031934582937932724,0.0056339995935559273,-0.0088274578873492,0.0069175999997241888,-0.0061950222589075565,0.0018553711706772447,-0.58029801216568533,-0.44468111106640762,-9.7041349411010742,0,0.70883429050445557,0.18494987487792969,1.2035179138183594,0,0,0,10.603642463684082,14.603522300720215,2123,1099,0,10.205615997314453,11.001655578613281,14.063493728637695,15.267011642456055
42.439984963151929,31618.9323695,EXTERNAL_CONTROL,wrist_3_joint,-0.00010094299315450351,-0.000244301714701578,0.00014335872154707451,2.2099696166019332E-05,0.00039054406806826591,-0.00036844437190224657,0.0070173999993130565,-0.0061950222589075565,0.0018553711706772447,-0.58029801216568533,-0.44468111106640762,0.034719746559858322,0,0.70883429050445557,0.18494987487792969,1.2035179138183594,0,0,0,10.603642463684082,14.603522300720215,2123,1099,0,10.205615997314453,11.001655578613281,14.063493728637695,15.267011642456055
42.45998495606576,31618.9533945,EXTERNAL_CONTROL,shoulder_pan_joint,1.5721169380736204,1.5725946426391602,-0.00047770456553974938,-0.00028912465443286297,-0.0013045752421021461,0.0010154505876692832,0.028045900002325652,-0.010136957280337811,0.0010731721995398402,-0.1970968289012606,-0.039109964000642983,-0.13687263429164886,0,0.70876908302307129,0.18574714660644531,1.2034664154052734,0,0,0,10.603568077087402,14.603703498840332,2124,1099,0,10.205411911010742,11.001701354980469,14.06381893157959,15.267285346984863
42.45998495606576,31618.953448,EXTERNAL_CONTROL,shoulder_lift_joint,0.0054764096832497847,0.010875091888010502,-0.0053986822047607172,-0.0011989637546731182,-0.015012113377451897,0.013813149622778778,0.028095199999370379,-0.010136957280337811,0.0010731721995398402,-0.1970968289012606,-0.039109964000642983,-12.643628120422363,0,0.70876908302307129,0.18574714660644531,1.2034664154052734,0,0,0,10.603568077087402,14.603703498840332,2124,1099,0,10.205411911010742,11.001701354980469,14.06381893157959,15.267285346984863
42.45998495606576,31618.9534848,EXTERNAL_CONTROL,elbow_joint,0.0018023839621784422,0.0043760486878454685,-0.0025736647256670263,-0.00039460032533097678,0.0095298010855913162,-0.0099244014109222938,0.028131999999459367,-0.010136957280337811,0.0010731721995398402,-0.1970968289012606,-0.039109964000642983,-11.357537269592285,0,0.70876908302307129,0.18574714660644531,1.2034664154052734,0,0,0,10.603568077087402,14.603703498840332,2124,1099,0,10.205411911010742,11.001701354980469,14.06381893157959,15.267285346984863
42.45998495606576,31618.9535207,EXTERNAL_CONTROL,wrist_1_joint,-0.00028015909936941128,-0.00063997565302997828,0.000359816553660567,6.13359162506009E-05,-0.0040175160393118858,0.0040788519555624864,0.028167000000394182,-0.010136957280337811,0.0010731721995398402,-0.1970968289012606,-0.039109964000642983,0.3328821063041687,0,0.70876908302307129,0.18574714660644531,1.2034664154052734,0,0,0,10.603568077087402,14.603703498840332,2124,1099,0,10.205411911010742,11.001701354980469,14.06381893157959,15.267285346984863
42.45998495606576,31618.9535529,EXTERNAL_CONTROL,wrist_2_joint,1.5853828277254038,1.6004295349121094,-0.015046707186705532,-0.0031934582937932724,0.0095479534938931465,-0.012741411787686419,0.028200400000059744,-0.010136957280337811,0.0010731721995398402,-0.1970968289012606,-0.039109964000642983,-10.221646308898926,0,0.70876908302307129,0.18574714660644531,1.2034664154052734,0,0,0,10.603568077087402,14.603703498840332,2124,1099,0,10.205411911010742,11.001701354980469,14.06381893157959,15.267285346984863
42.45998495606576,31618.9535867,EXTERNAL_CONTROL,wrist_3_joint,-0.00010094299315450351,-0.00011961055861320347,1.8667565458699954E-05,2.2099696166019332E-05,0.00029098696541041136,-0.000268887269244392,0.028233799999725306,-0.010136957280337811,0.0010731721995398402,-0.1970968289012606,-0.039109964000642983,0.024817505851387978,0,0.70876908302307129,0.18574714660644531,1.2034664154052734,0,0,0,10.603568077087402,14.603703498840332,2124,1099,0,10.205411911010742,11.001701354980469,14.06381893157959,15.267285346984863
42.479984948979592,31618.9735692,EXTERNAL_CONTROL,shoulder_pan_joint,1.5721038773992957,1.5726065635681152,-0.00050268616881954387,-0.00036328325086207129,0.00993327982723713,-0.0102965630780992,0.0030731000006198883,-0.012887510471045971,0.000881344429217279,-0.13752771384245779,-0.0095913923035844569,-0.15170201659202576,0,0.70879554748535156,0.18560409545898438,1.2033748626708984,0,0,0,10.603653907775879,14.604035377502441,2125,1100,0,10.205551147460938,11.001724243164063,14.064266204833984,15.267642974853516
42.479984948979592,31618.9736609,EXTERNAL_CONTROL,shoulder_lift_joint,0.0054222487015181233,0.010826403275132179,-0.005404154573614056,-0.0015064901722678463,-0.008983769454061985,0.0074772792817941382,0.0031627000025764573,-0.012887510471045971,0.000881344429217279,-0.13752771384245779,-0.0095913923035844569,-10.365642547607422,0,0.70879554748535156,0.18560409545898438,1.2033748626708984,0,0,0,10.603653907775879,14.604035377502441,2125,1100,0,10.205551147460938,11.001724243164063,14.064266204833984,15.267642974853516
42.479984948979592,31618.973694,EXTERNAL_CONTROL,elbow_joint,0.0017845586184778851,0.0041839992627501488,-0.0023994406442722637,-0.00049581274643859744,-0.0051333745941519737,0.0046375618477133762,0.0031955000013113022,-0.012887510471045971,0.000881344429217279,-0.13752771384245779,-0.0095913923035844569,-10.192611694335938,0,0.70879554748535156,0.18560409545898438,1.2033748626708984,0,0,0,10.603653907775879,14.604035377502441,2125,1100,0,10.205551147460938,11.001724243164063,14.064266204833984,15.267642974853516
42.479984948979592,31618.9737237,EXTERNAL_CONTROL,wrist_1_joint,-0.00027738836220025535,-0.00075446022674441338,0.000477071864544158,7.7068180483709549E-05,-0.0053664203733205795,0.0054434885538042887,0.00322510000114562,-0.012887510471045971,0.000881344429217279,-0.13752771384245779,-0.0095913923035844569,0.448053240776062,0,0.70879554748535156,0.18560409545898438,1.2033748626708984,0,0,0,10.603653907775879,14.604035377502441,2125,1100,0,10.205551147460938,11.001724243164063,14.064266204833984,15.267642974853516
42.479984948979592,31618.9737516,EXTERNAL_CONTROL,wrist_2_joint,1.585238569122392,1.6005151271820068,-0.015276558059614809,-0.0040125596094090785,0.0033168722875416279,-0.0073294318969507064,0.0032524000016564969,-0.012887510471045971,0.000881344429217279,-0.13752771384245779,-0.0095913923035844569,-9.9770298004150391,0,0.70879554748535156,0.18560409545898438,1.2033748626708984,0,0,0,10.603653907775879,14.604035377502441,2125,1100,0,10.205551147460938,11.001724243164063,14.064266204833984,15.267642974853516
42.479984948979592,31618.9737794,EXTERNAL_CONTROL,wrist_3_joint,-9.9944680039817742E-05,-0.0001340435555903241,3.4098875550506362E-05,2.7768124728082723E-05,0.00078550883335992694,-0.0007577407086318442,0.0032852000003913417,-0.012887510471045971,0.000881344429217279,-0.13752771384245779,-0.0095913923035844569,-0.015883715823292732,0,0.70879554748535156,0.18560409545898438,1.2033748626708984,0,0,0,10.603653907775879,14.604035377502441,2125,1100,0,10.205551147460938,11.001724243164063,14.064266204833984,15.267642974853516
42.499984941893423,31618.9925599,EXTERNAL_CONTROL,shoulder_pan_joint,1.5720962534575149,1.5727835893630981,-0.00068733590558323066,-0.000398954474460931,0.00088911782950162888,-0.00128807230396256,0.012038599998049904,-0.014662336558103561,0.00058080133749172091,-0.0887413393951281,-0.015027160520214643,-0.16173794865608215,0,0.70890247821807861,0.18555641174316406,1.2033176422119141,0.019782340154051781,0,0,10.603668212890625,14.604366302490234,2126,1101,0,10.205486297607422,11.001811981201172,14.064653396606445,15.267971038818359
42.499984941893423,31618.9926064,EXTERNAL_CONTROL,shoulder_lift_joint,0.0053906331691776352,0.010775725357234478,-0.0053850921880568428,-0.001654414271870374,-0.0019183047115802765,0.00026389043970990252,0.012080299999070121,-0.014662336558103561,0.00058080133749172091,-0.0887413393951281,-0.015027160520214643,-10.703792572021484,0,0.70890247821807861,0.18555641174316406,1.2033176422119141,0.019782340154051781,0,0,10.603668212890625,14.604366302490234,2126,1101,0,10.205486297607422,11.001811981201172,14.064653396606445,15.267971038818359
42.499984941893423,31618.9926419,EXTERNAL_CONTROL,elbow_joint,0.0017741533837087409,0.0041963174007833,-0.0024221640170745597,-0.00054449720216125032,-0.0055818413384258747,0.0050373441362646246,0.012115300000004936,-0.014662336558103561,0.00058080133749172091,-0.0887413393951281,-0.015027160520214643,-10.169746398925781,0,0.70890247821807861,0.18555641174316406,1.2033176422119141,0.019782340154051781,0,0,10.603668212890625,14.604366302490234,2126,1101,0,10.205486297607422,11.001811981201172,14.064653396606445,15.267971038818359
42.499984941893423,31618.9927094,EXTERNAL_CONTROL,wrist_1_joint,-0.00027577099250388534,-0.00069584714947268367,0.00042007615696879833,8.4635598722420063E-05,0.0036482433788478374,-0.0035636077801254173,0.0121843999986595,-0.014662336558103561,0.00058080133749172091,-0.0887413393951281,-0.015027160520214643,0.058498460799455643,0,0.70890247821807861,0.18555641174316406,1.2033176422119141,0.019782340154051781,0,0,10.603668212890625,14.604366302490234,2126,1101,0,10.205486297607422,11.001811981201172,14.064653396606445,15.267971038818359
42.499984941893423,31618.9927475,EXTERNAL_CONTROL,wrist_2_joint,1.5851543606685734,1.6005010604858398,-0.01534669981726644,-0.0044065577105913654,-0.0029034474864602089,-0.0015031102241311566,0.012221299999509938,-0.014662336558103561,0.00058080133749172091,-0.0887413393951281,-0.015027160520214643,-9.8468027114868164,0,0.70890247821807861,0.18555641174316406,1.2033176422119141,0.019782340154051781,0,0,10.603668212890625,14.604366302490234,2126,1101,0,10.205486297607422,11.001811981201172,14.064653396606445,15.267971038818359
42.499984941893423,31618.9927832,EXTERNAL_CONTROL,wrist_3_joint,-9.9361932099249509E-05,-0.00016671876073814929,6.7356828638899776E-05,3.04947106186955E-05,-0.00032014242606237531,0.00035063713668107081,0.012257300000783289,-0.014662336558103561,0.00058080133749172091,-0.0887413393951281,-0.015027160520214643,0.015476275235414505,0,0.70890247821807861,0.18555641174316406,1.2033176422119141,0.019782340154051781,0,0,10.603668212890625,14.604366302490234,2126,1101,0,10.205486297607422,11.001811981201172,14.064653396606445,15.267971038818359
42.519984934807255,31619.0133436,EXTERNAL_CONTROL,shoulder_pan_joint,1.5720879254784266,1.5734647512435913,-0.0013768257651647353,-0.00043368698164929443,0.0048608994111418724,-0.0052945863927911672,0.0058647999976528808,-0.012514731846749783,-0.0021594124846160412,0.10738027797009597,-0.1370107452082969,-0.2177184671163559,0,0.70893597602844238,0.18448448181152344,1.2035675048828125,0.034264020621776581,0,0,10.603696823120117,14.604628562927246,2127,1102,0,10.205533981323242,11.001935958862305,14.064506530761719,15.268074035644531
42.519984934807255,31619.0133907,EXTERNAL_CONTROL,shoulder_lift_joint,0.00535609808223973,0.011470459401607513,-0.0061143613193677835,-0.0017984456320096771,0.011498528532683849,-0.013296974164693526,0.005906999998842366,-0.012514731846749783,-0.0021594124846160412,0.10738027797009597,-0.1370107452082969,-17.511001586914063,0,0.70893597602844238,0.18448448181152344,1.2035675048828125,0.034264020621776581,0,0,10.603696823120117,14.604628562927246,2127,1102,0,10.205533981323242,11.001935958862305,14.064506530761719,15.268074035644531
42.519984934807255,31619.0134235,EXTERNAL_CONTROL,elbow_joint,0.0017627872715240179,0.0044932058081030846,-0.0027304185365790669,-0.00059190048799646509,0.011220555752515793,-0.011812456240512258,0.0059401999969850294,-0.012514731846749783,-0.0021594124846160412,0.10738027797009597,-0.1370107452082969,-12.752937316894531,0,0.70893597602844238,0.18448448181152344,1.2035675048828125,0.034264020621776581,0,0,10.603696823120117,14.604628562927246,2127,1102,0,10.205533981323242,11.001935958862305,14.064506530761719,15.268074035644531
42.519984934807255,31619.013458,EXTERNAL_CONTROL,wrist_1_joint,-0.00027400426586859342,-0.00051306496607139707,0.00023906070020280365,9.2003874375901334E-05,0.01219192985445261,-0.012099925980076708,0.0059750999971583951,-0.012514731846749783,-0.0021594124846160412,0.10738027797009597,-0.1370107452082969,-0.4109250009059906,0,0.70893597602844238,0.18448448181152344,1.2035675048828125,0.034264020621776581,0,0,10.603696823120117,14.604628562927246,2127,1102,0,10.205533981323242,11.001935958862305,14.064506530761719,15.268074035644531
42.519984934807255,31619.013491,EXTERNAL_CONTROL,wrist_2_joint,1.5850623759364422,1.6001948118209839,-0.015132435884541717,-0.0047901874406899086,-0.012589285150170326,0.0077990977094804176,0.0060072999986005016,-0.012514731846749783,-0.0021594124846160412,0.10738027797009597,-0.1370107452082969,-9.4418458938598633,0,0.70893597602844238,0.18448448181152344,1.2035675048828125,0.034264020621776581,0,0,10.603696823120117,14.604628562927246,2127,1102,0,10.205533981323242,11.001935958862305,14.064506530761719,15.268074035644531
42.519984934807255,31619.0135623,EXTERNAL_CONTROL,wrist_3_joint,-9.8725369963471778E-05,-0.00039195956196635962,0.00029323419200288784,3.3149544249028993E-05,-0.0040782312862575054,0.0041113808305065346,0.0060795999997935724,-0.012514731846749783,-0.0021594124846160412,0.10738027797009597,-0.1370107452082969,0.2733059823513031,0,0.70893597602844238,0.18448448181152344,1.2035675048828125,0.034264020621776581,0,0,10.603696823120117,14.604628562927246,2127,1102,0,10.205533981323242,11.001935958862305,14.064506530761719,15.268074035644531
42.539984927721086,31619.0325196,EXTERNAL_CONTROL,shoulder_pan_joint,1.5720879254784266,1.5731953382492065,-0.0011074127707799697,-0.00043368698164929443,-0.010071830824017525,0.00963814384236823,0.025039699998160359,-0.0090068001300096512,0.021230915561318398,0.17539665509777308,1.1695168641164437,0.25475114583969116,0,0.70884490013122559,0.18461799621582031,1.2033290863037109,0,0,0,10.603522300720215,14.604795455932617,2128,1102,0,10.205326080322266,11.001693725585938,14.065275192260742,15.268604278564453
42.539984927721086,31619.0325614,EXTERNAL_CONTROL,shoulder_lift_joint,0.00535609808223973,0.010776623152196407,-0.0054205250699566774,-0.0017984456320096771,-0.035671055316925049,0.033872609684915372,0.025077099999180064,-0.0090068001300096512,0.021230915561318398,0.17539665509777308,1.1695168641164437,-4.7204856872558594,0,0.70884490013122559,0.18461799621582031,1.2033290863037109,0,0,0,10.603522300720215,14.604795455932617,2128,1102,0,10.205326080322266,11.001693725585938,14.065275192260742,15.268604278564453
42.539984927721086,31619.0325932,EXTERNAL_CONTROL,elbow_joint,0.0017627872715240179,0.0041133631020784378,-0.00235057583055442,-0.00059190048799646509,-0.019191933795809746,0.01860003330781328,0.025108799996814923,-0.0090068001300096512,0.021230915561318398,0.17539665509777308,1.1695168641164437,-7.7164559364318848,0,0.70884490013122559,0.18461799621582031,1.2033290863037109,0,0,0,10.603522300720215,14.604795455932617,2128,1102,0,10.205326080322266,11.001693725585938,14.065275192260742,15.268604278564453
42.539984927721086,31619.0326302,EXTERNAL_CONTROL,wrist_1_joint,-0.00027400426586859342,-0.0007577684591524303,0.00048376419328383688,9.2003874375901334E-05,-0.014876866713166237,0.014968870587542139,0.025147399999696063,-0.0090068001300096512,0.021230915561318398,0.17539665509777308,1.1695168641164437,0.86758816242218018,0,0.70884490013122559,0.18461799621582031,1.2033290863037109,0,0,0,10.603522300720215,14.604795455932617,2128,1102,0,10.205326080322266,11.001693725585938,14.065275192260742,15.268604278564453
42.539984927721086,31619.0326624,EXTERNAL_CONTROL,wrist_2_joint,1.5850623759364422,1.6002111434936523,-0.015148767557210174,-0.0047901874406899086,0.0025148689746856689,-0.0073050564153755776,0.025179399999615271,-0.0090068001300096512,0.021230915561318398,0.17539665509777308,1.1695168641164437,-9.9929609298706055,0,0.70884490013122559,0.18461799621582031,1.2033290863037109,0,0,0,10.603522300720215,14.604795455932617,2128,1102,0,10.205326080322266,11.001693725585938,14.065275192260742,15.268604278564453
42.539984927721086,31619.0326945,EXTERNAL_CONTROL,wrist_3_joint,-9.8725369963471778E-05,-1.5006604371592402E-05,-8.3718765591879376E-05,3.3149544249028993E-05,0.01317906565964222,-0.01314591611539319,0.025211399999534478,-0.0090068001300096512,0.021230915561318398,0.17539665509777308,1.1695168641164437,-0.4301324188709259,0,0.70884490013122559,0.18461799621582031,1.2033290863037109,0,0,0,10.603522300720215,14.604795455932617,2128,1102,0,10.205326080322266,11.001693725585938,14.065275192260742,15.268604278564453
42.559984920634918,31619.0519522,EXTERNAL_CONTROL,shoulder_pan_joint,1.5720692325056391,1.573433518409729,-0.0013642859040898792,-0.00050033584679453225,0.027419297024607658,-0.02791963287140219,0.0060914999994565733,-0.01040426641702652,-0.0011174397077411413,-0.069873341942482611,-1.11741820469994,-0.34330296516418457,0,0.70887184143066406,0.18354415893554688,1.2033119201660156,0.027976455166935921,0,0,10.603558540344238,14.605006217956543,2129,1103,0,10.205532073974609,11.001518249511719,14.06560230255127,15.268914222717285
42.559984920634918,31619.0521202,EXTERNAL_CONTROL,shoulder_lift_joint,0.005278580663728721,0.010091452859342098,-0.0048128721956133772,-0.0020748301338986102,-0.00678948312997818,0.0047146529960795693,0.0062527999980375171,-0.01040426641702652,-0.0011174397077411413,-0.069873341942482611,-1.11741820469994,-10.529190063476563,0,0.70887184143066406,0.18354415893554688,1.2033119201660156,0.027976455166935921,0,0,10.603558540344238,14.605006217956543,2129,1103,0,10.205532073974609,11.001518249511719,14.06560230255127,15.268914222717285
42.559984920634918,31619.052157,EXTERNAL_CONTROL,elbow_joint,0.0017372749084988311,0.0045679220929741859,-0.0028306471844753546,-0.00068286355000457988,-0.0030194558203220367,0.002336592270317457,0.0062889000000723172,-0.01040426641702652,-0.0011174397077411413,-0.069873341942482611,-1.11741820469994,-9.6506118774414063,0,0.70887184143066406,0.18354415893554688,1.2033119201660156,0.027976455166935921,0,0,10.603558540344238,14.605006217956543,2129,1103,0,10.205532073974609,11.001518249511719,14.06560230255127,15.268914222717285
42.559984920634918,31619.0521971,EXTERNAL_CONTROL,wrist_1_joint,-0.0002700386731880621,-0.0007398066227324307,0.00046976794954436859,0.0001061429979271762,0.00740093644708395,-0.0072947934491567742,0.0063289999998232815,-0.01040426641702652,-0.0011174397077411413,-0.069873341942482611,-1.11741820469994,-0.12205518037080765,0,0.70887184143066406,0.18354415893554688,1.2033119201660156,0.027976455166935921,0,0,10.603558540344238,14.605006217956543,2129,1103,0,10.205532073974609,11.001518249511719,14.06560230255127,15.268914222717285
42.559984920634918,31619.0522448,EXTERNAL_CONTROL,wrist_2_joint,1.5848559071069279,1.5999560356140137,-0.015100128507085753,-0.00552634178763576,-0.0048017408698797226,-0.00072460091775603756,0.0063759000004210975,-0.01040426641702652,-0.0011174397077411413,-0.069873341942482611,-1.11741820469994,-9.6628742218017578,0,0.70887184143066406,0.18354415893554688,1.2033119201660156,0.027976455166935921,0,0,10.603558540344238,14.605006217956543,2129,1103,0,10.205532073974609,11.001518249511719,14.06560230255127,15.268914222717285
42.559984920634918,31619.0522778,EXTERNAL_CONTROL,wrist_3_joint,-9.7296543287110312E-05,-6.8376175477169454E-05,-2.8920367809940858E-05,3.8243954728858125E-05,-0.0052269985899329185,0.0052652425446617765,0.0064096999994944781,-0.01040426641702652,-0.0011174397077411413,-0.069873341942482611,-1.11741820469994,0.15806750953197479,0,0.70887184143066406,0.18354415893554688,1.2033119201660156,0.027976455166935921,0,0,10.603558540344238,14.605006217956543,2129,1103,0,10.205532073974609,11.001518249511719,14.06560230255127,15.268914222717285
42.579984913548749,31619.0713512,EXTERNAL_CONTROL,shoulder_pan_joint,1.5720589050605962,1.5737442970275879,-0.0016853919669916895,-0.0005322522047514069,-0.006727561354637146,0.0061953091498857388,0.0089885000015783589,-0.005421109963208437,0.001681953202933073,0.24915792107857629,0.13996970080505416,-0.42162033915519714,0,0.70901608467102051,0.18251228332519531,1.2034568786621094,0.039564680308103561,0,0,10.603532791137695,14.605144500732422,2130,1104,0,10.205522537231445,11.001447677612305,14.065519332885742,15.268976211547852
42.579984913548749,31619.0713922,EXTERNAL_CONTROL,shoulder_lift_joint,0.005235754041734147,0.010133782401680946,-0.0048980283599467994,-0.00220718327564824,-0.0026949155144393444,0.00048773223879110435,0.0090254999995522667,-0.005421109963208437,0.001681953202933073,0.24915792107857629,0.13996970080505416,-9.1676673889160156,0,0.70901608467102051,0.18251228332519531,1.2034568786621094,0.039564680308103561,0,0,10.603532791137695,14.605144500732422,2130,1104,0,10.205522537231445,11.001447677612305,14.065519332885742,15.268976211547852
42.579984913548749,31619.0714701,EXTERNAL_CONTROL,elbow_joint,0.0017231799044538647,0.0041532316245138645,-0.00243005172006,-0.0007264233261774799,-0.0052447919733822346,0.0045183686472047551,0.009102200001507299,-0.005421109963208437,0.001681953202933073,0.24915792107857629,0.13996970080505416,-9.4762172698974609,0,0.70901608467102051,0.18251228332519531,1.2034568786621094,0.039564680308103561,0,0,10.603532791137695,14.605144500732422,2130,1104,0,10.205522537231445,11.001447677612305,14.065519332885742,15.268976211547852
42.579984913548749,31619.0715014,EXTERNAL_CONTROL,wrist_1_joint,-0.000267847772846232,-0.00045597099233418703,0.00018812321948795505,0.00011291384582496983,0.016976134851574898,-0.016863221005749929,0.00913340000261087,-0.005421109963208437,0.001681953202933073,0.24915792107857629,0.13996970080505416,-0.61565107107162476,0,0.70901608467102051,0.18251228332519531,1.2034568786621094,0.039564680308103561,0,0,10.603532791137695,14.605144500732422,2130,1104,0,10.205522537231445,11.001447677612305,14.065519332885742,15.268976211547852
42.579984913548749,31619.071531,EXTERNAL_CONTROL,wrist_2_joint,1.584741837744388,1.5999166965484619,-0.015174858804073876,-0.00587886640448307,-0.0064386716112494469,0.00055980520676637661,0.00916259999939939,-0.005421109963208437,0.001681953202933073,0.24915792107857629,0.13996970080505416,-9.71019172668457,0,0.70901608467102051,0.18251228332519531,1.2034568786621094,0.039564680308103561,0,0,10.603532791137695,14.605144500732422,2130,1104,0,10.205522537231445,11.001447677612305,14.065519332885742,15.268976211547852
42.579984913548749,31619.071563,EXTERNAL_CONTROL,wrist_3_joint,-9.6507148836937732E-05,-0.00020394565945025533,0.0001074385106133176,4.0683531578353767E-05,-0.00085670733824372292,0.00089739086982207664,0.0091993000023649074,-0.005421109963208437,0.001681953202933073,0.24915792107857629,0.13996970080505416,0.064186744391918182,0,0.70901608467102051,0.18251228332519531,1.2034568786621094,0.039564680308103561,0,0,10.603532791137695,14.605144500732422,2130,1104,0,10.205522537231445,11.001447677612305,14.065519332885742,15.268976211547852
42.599984906462581,31619.0926938,EXTERNAL_CONTROL,shoulder_pan_joint,1.5720589050605962,1.5738621950149536,-0.0018032899543574121,-0.0005322522047514069,-0.016856662929058075,0.016324410724306668,0.030334600000060163,-0.00051738315960392356,0.0086950082331895828,0.2451864369996351,0.35065288997890925,-0.51772391796112061,0,0.708976149559021,0.18244552612304688,1.2034034729003906,0,0,0,10.603586196899414,14.605175018310547,2131,1104,0,10.205455780029297,11.001699447631836,14.065643310546875,15.269046783447266
42.599984906462581,31619.0927395,EXTERNAL_CONTROL,shoulder_lift_joint,0.005235754041734147,0.010849827900528908,-0.0056140738587947608,-0.00220718327564824,0.01660425215959549,-0.018811435435243731,0.030372600002010586,-0.00051738315960392356,0.0086950082331895828,0.2451864369996351,0.35065288997890925,-15.569253921508789,0,0.708976149559021,0.18244552612304688,1.2034034729003906,0,0,0,10.603586196899414,14.605175018310547,2131,1104,0,10.205455780029297,11.001699447631836,14.065643310546875,15.269046783447266
42.599984906462581,31619.0927806,EXTERNAL_CONTROL,elbow_joint,0.0017231799044538647,0.0039082635194063187,-0.002185083614952454,-0.0007264233261774799,0.0037569901905953884,-0.0044834135167728679,0.030414000000746455,-0.00051738315960392356,0.0086950082331895828,0.2451864369996351,0.35065288997890925,-11.927226066589355,0,0.708976149559021,0.18244552612304688,1.2034034729003906,0,0,0,10.603586196899414,14.605175018310547,2131,1104,0,10.205455780029297,11.001699447631836,14.065643310546875,15.269046783447266
42.599984906462581,31619.0928147,EXTERNAL_CONTROL,wrist_1_joint,-0.000267847772846232,-0.0003346690209582448,6.6821248112012817E-05,0.00011291384582496983,0.0057862401008605957,-0.0056733262550356257,0.030450900001596892,-0.00051738315960392356,0.0086950082331895828,0.2451864369996351,0.35065288997890925,-0.19437830150127411,0,0.708976149559021,0.18244552612304688,1.2034034729003906,0,0,0,10.603586196899414,14.605175018310547,2131,1104,0,10.205455780029297,11.001699447631836,14.065643310546875,15.269046783447266
42.599984906462581,31619.0928829,EXTERNAL_CONTROL,wrist_2_joint,1.584741837744388,1.5998052358627319,-0.015063398118343896,-0.00587886640448307,-0.010896102525293827,0.0050172361208107568,0.030518999999912921,-0.00051738315960392356,0.0086950082331895828,0.2451864369996351,0.35065288997890925,-9.5018167495727539,0,0.708976149559021,0.18244552612304688,1.2034034729003906,0,0,0,10.603586196899414,14.605175018310547,2131,1104,0,10.205455780029297,11.001699447631836,14.065643310546875,15.269046783447266
42.599984906462581,31619.0929182,EXTERNAL_CONTROL,wrist_3_joint,-9.6507148836937732E-05,-0.00015125269419513643,5.4745545358198696E-05,4.0683531578353767E-05,0.0027868831530213356,-0.0027461996214429817,0.030552500000339933,-0.00051738315960392356,0.0086950082331895828,0.2451864369996351,0.35065288997890925,-0.054067324846982956,0,0.708976149559021,0.18244552612304688,1.2034034729003906,0,0,0,10.603586196899414,14.605175018310547,2131,1104,0,10.205455780029297,11.001699447631836,14.065643310546875,15.269046783447266
42.619984899376412,31619.1136871,EXTERNAL_CONTROL,shoulder_pan_joint,1.5720363821248535,1.5738470554351807,-0.0018106733103271377,-0.00059326877143366682,-0.0052115935832262039,0.0046183248117925369,0.00321319999784464,0.0035526927094906569,0.00011528463801369071,0.20350387381449575,-0.4289863491572552,-0.552829921245575,0,0.70904684066772461,0.18214225769042969,1.2033805847167969,0,0,0,10.603588104248047,14.605104446411133,2132,1105,0,10.205459594726563,11.001697540283203,14.06562614440918,15.269006729125977
42.619984899376412,31619.1137258,EXTERNAL_CONTROL,shoulder_lift_joint,0.0051423542462131827,0.010544215328991413,-0.0054018610827782304,-0.0024602113407578268,-0.020303197205066681,0.017842985864308852,0.0032467999990331009,0.0035526927094906569,0.00011528463801369071,0.20350387381449575,-0.4289863491572552,-10.618630409240723,0,0.70904684066772461,0.18214225769042969,1.2033805847167969,0,0,0,10.603588104248047,14.605104446411133,2132,1105,0,10.205459594726563,11.001697540283203,14.06562614440918,15.269006729125977
42.619984899376412,31619.1137587,EXTERNAL_CONTROL,elbow_joint,0.00169244036828793,0.0039705047383904457,-0.0022780643701025157,-0.0008096993688609652,0.0037146175745874643,-0.0045243169434484292,0.0032836999998835381,0.0035526927094906569,0.00011528463801369071,0.20350387381449575,-0.4289863491572552,-10.129335403442383,0,0.70904684066772461,0.18214225769042969,1.2033805847167969,0,0,0,10.603588104248047,14.605104446411133,2132,1105,0,10.205459594726563,11.001697540283203,14.06562614440918,15.269006729125977
42.619984899376412,31619.1138016,EXTERNAL_CONTROL,wrist_1_joint,-0.00026306967841796547,-0.00029219521093182266,2.9125532513857191E-05,0.00012585811386486934,0.0038504002150148153,-0.003724542101149946,0.0033297000009042677,0.0035526927094906569,0.00011528463801369071,0.20350387381449575,-0.4289863491572552,-0.15411490201950073,0,0.70904684066772461,0.18214225769042969,1.2033805847167969,0,0,0,10.603588104248047,14.605104446411133,2132,1105,0,10.205459594726563,11.001697540283203,14.06562614440918,15.269006729125977
42.619984899376412,31619.1138397,EXTERNAL_CONTROL,wrist_2_joint,1.584493065960852,1.599808931350708,-0.015315865389855965,-0.0065528105249264548,0.0011347653344273567,-0.0076875758593538115,0.0033702000000630505,0.0035526927094906569,0.00011528463801369071,0.20350387381449575,-0.4289863491572552,-10.000752449035645,0,0.70904684066772461,0.18214225769042969,1.2033805847167969,0,0,0,10.603588104248047,14.605104446411133,2132,1105,0,10.205459594726563,11.001697540283203,14.06562614440918,15.269006729125977
42.619984899376412,31619.1138857,EXTERNAL_CONTROL,wrist_3_joint,-9.47855729386368E-05,-0.00013839415623806417,4.3608583299427375E-05,4.5347428496507195E-05,0.00043467129580676556,-0.00038932386731025835,0.0034066999978676904,0.0035526927094906569,0.00011528463801369071,0.20350387381449575,-0.4289863491572552,0.00037417863495647907,0,0.70904684066772461,0.18214225769042969,1.2033805847167969,0,0,0,10.603588104248047,14.605104446411133,2132,1105,0,10.205459594726563,11.001697540283203,14.06562614440918,15.269006729125977
42.639984892290251,31619.132131,EXTERNAL_CONTROL,shoulder_pan_joint,1.5720363821248535,1.5736335515975952,-0.0015971694727416885,-0.00059326877143366682,0.0020183310844004154,-0.0026115998558340825,0.021655900000041584,0.0013605294516310096,0.0024793276097625494,-0.10960820617515539,0.11820219526321701,-0.55708593130111694,0,0.70912599563598633,0.18175506591796875,1.2033367156982422,0.019782340154051781,0,0,10.603516578674316,14.605074882507324,2133,1105,0,10.205482482910156,11.001499176025391,14.065653800964355,15.268990516662598
42.639984892290251,31619.1321705,EXTERNAL_CONTROL,shoulder_lift_joint,0.0051423542462131827,0.010115121491253376,-0.0049727672450401933,-0.0024602113407578268,-0.013729527592658997,0.01126931625190117,0.021691699999792036,0.0013605294516310096,0.0024793276097625494,-0.10960820617515539,0.11820219526321701,-10.535948753356934,0,0.70912599563598633,0.18175506591796875,1.2033367156982422,0.019782340154051781,0,0,10.603516578674316,14.605074882507324,2133,1105,0,10.205482482910156,11.001499176025391,14.065653800964355,15.268990516662598
42.639984892290251,31619.1322059,EXTERNAL_CONTROL,elbow_joint,0.00169244036828793,0.0040434696711599827,-0.0023510293028720527,-0.0008096993688609652,-0.0030017406679689884,0.0021920412991080231,0.021726499999203952,0.0013605294516310096,0.0024793276097625494,-0.10960820617515539,0.11820219526321701,-9.8042669296264648,0,0.70912599563598633,0.18175506591796875,1.2033367156982422,0.019782340154051781,0,0,10.603516578674316,14.605074882507324,2133,1105,0,10.205482482910156,11.001499176025391,14.065653800964355,15.268990516662598
42.639984892290251,31619.1322376,EXTERNAL_CONTROL,wrist_1_joint,-0.00026306967841796547,-0.00036541579174809158,0.00010234611333012611,0.00012585811386486934,-0.0029062102548778057,0.003032068368742675,0.021759200000815326,0.0013605294516310096,0.0024793276097625494,-0.10960820617515539,0.11820219526321701,0.16322337090969086,0,0.70912599563598633,0.18175506591796875,1.2033367156982422,0.019782340154051781,0,0,10.603516578674316,14.605074882507324,2133,1105,0,10.205482482910156,11.001499176025391,14.065653800964355,15.268990516662598
42.639984892290251,31619.1322697,EXTERNAL_CONTROL,wrist_2_joint,1.584493065960852,1.5995920896530151,-0.015099023692163094,-0.0065528105249264548,-0.0037676608189940453,-0.0027851497059324095,0.021790599999803817,0.0013605294516310096,0.0024793276097625494,-0.10960820617515539,0.11820219526321701,-9.8825435638427734,0,0.70912599563598633,0.18175506591796875,1.2033367156982422,0.019782340154051781,0,0,10.603516578674316,14.605074882507324,2133,1105,0,10.205482482910156,11.001499176025391,14.065653800964355,15.268990516662598
42.639984892290251,31619.1323007,EXTERNAL_CONTROL,wrist_3_joint,-9.47855729386368E-05,-0.00011438128422014415,1.9595711281507357E-05,4.5347428496507195E-05,-0.00064423010917380452,0.00068957753767031173,0.02182600000014645,0.0013605294516310096,0.0024793276097625494,-0.10960820617515539,0.11820219526321701,0.0096696037799119949,0,0.70912599563598633,0.18175506591796875,1.2033367156982422,0.019782340154051781,0,0,10.603516578674316,14.605074882507324,2133,1105,0,10.205482482910156,11.001499176025391,14.065653800964355,15.268990516662598
42.659984885204082,31619.1531471,EXTERNAL_CONTROL,shoulder_pan_joint,1.5720242241828104,1.5737655162811279,-0.0017412920983175262,-0.00062236898015905243,-0.0077553745359182358,0.007133005555759183,0.017051299997547176,0.0031221706885844469,0.0045356187038123608,0.08808209662959815,0.1028145953019973,-0.49375715851783752,0,0.70924639701843262,0.18113136291503906,1.2033882141113281,0.027976455166935921,0,0,10.603480339050293,14.605027198791504,2134,1106,0,10.205472946166992,11.001420974731445,14.065500259399414,15.268888473510742
42.659984885204082,31619.153254,EXTERNAL_CONTROL,shoulder_lift_joint,0.0050919367822653211,0.010062552988529205,-0.0049706162062638842,-0.0025808862641177833,-0.0096557941287755966,0.0070749078646578133,0.017152499996882398,0.0031221706885844469,0.0045356187038123608,0.08808209662959815,0.1028145953019973,-9.5002975463867188,0,0.70924639701843262,0.18113136291503906,1.2033882141113281,0.027976455166935921,0,0,10.603480339050293,14.605027198791504,2134,1106,0,10.205472946166992,11.001420974731445,14.065500259399414,15.268888473510742
42.659984885204082,31619.1533145,EXTERNAL_CONTROL,elbow_joint,0.0016758470829624592,0.0038190989289432764,-0.0021432518459808172,-0.00084941563537155058,0.0019200113601982594,-0.00276942699556981,0.01721229999748175,0.0031221706885844469,0.0045356187038123608,0.08808209662959815,0.1028145953019973,-9.3265581130981445,0,0.70924639701843262,0.18113136291503906,1.2033882141113281,0.027976455166935921,0,0,10.603480339050293,14.605027198791504,2134,1106,0,10.205472946166992,11.001420974731445,14.065500259399414,15.268888473510742
42.659984885204082,31619.1533489,EXTERNAL_CONTROL,wrist_1_joint,-0.00026049045003493829,-0.00035071111051365733,9.022066047871904E-05,0.00013203153400697529,0.0027811229228973389,-0.0026490913888903636,0.0172482999987551,0.0031221706885844469,0.0045356187038123608,0.08808209662959815,0.1028145953019973,-0.091165162622928619,0,0.70924639701843262,0.18113136291503906,1.2033882141113281,0.027976455166935921,0,0,10.603480339050293,14.605027198791504,2134,1106,0,10.205472946166992,11.001420974731445,14.065500259399414,15.268888473510742
42.659984885204082,31619.153386,EXTERNAL_CONTROL,wrist_2_joint,1.5843587782746993,1.5994728803634644,-0.015114102088765069,-0.006874230028522531,-0.0096059571951627731,0.0027317271666402422,0.017283799999859184,0.0031221706885844469,0.0045356187038123608,0.08808209662959815,0.1028145953019973,-9.6034994125366211,0,0.70924639701843262,0.18113136291503906,1.2033882141113281,0.027976455166935921,0,0,10.603480339050293,14.605027198791504,2134,1106,0,10.205472946166992,11.001420974731445,14.065500259399414,15.268888473510742
42.659984885204082,31619.1534177,EXTERNAL_CONTROL,wrist_3_joint,-9.38562615809196E-05,-0.00017177149129565805,7.7915229714738458E-05,4.7571748565164982E-05,0.0002657066797837615,-0.00021813493121859652,0.017315799999778392,0.0031221706885844469,0.0045356187038123608,0.08808209662959815,0.1028145953019973,0.034958813339471817,0,0.70924639701843262,0.18113136291503906,1.2033882141113281,0.027976455166935921,0,0,10.603480339050293,14.605027198791504,2134,1106,0,10.205472946166992,11.001420974731445,14.065500259399414,15.268888473510742
42.679984878117914,31619.1732082,EXTERNAL_CONTROL,shoulder_pan_joint,1.5720114936237568,1.5735980272293091,-0.0015865336055522761,-0.00065053047247394156,-0.012564654462039471,0.011914123989565529,0.01958569999987958,0.004319388885051012,0.0073693208396434784,0.059860933461259855,0.14168516274030227,-0.53742295503616333,0,0.70923376083374023,0.18132209777832031,1.2032299041748047,0,0,0,10.603593826293945,14.604910850524902,2135,1107,0,10.205539703369141,11.001644134521484,14.065683364868164,15.268911361694336
42.679984878117914,31619.1732531,EXTERNAL_CONTROL,shoulder_lift_joint,0.0050391447472448924,0.010265752673149109,-0.0052266079259042164,-0.0026976684480145155,0.01027233712375164,-0.012970005571766155,0.019626900000730529,0.004319388885051012,0.0073693208396434784,0.059860933461259855,0.14168516274030227,-13.561450958251953,0,0.70923376083374023,0.18132209777832031,1.2032299041748047,0,0,0,10.603593826293945,14.604910850524902,2135,1107,0,10.205539703369141,11.001644134521484,14.065683364868164,15.268911361694336
42.679984878117914,31619.173284,EXTERNAL_CONTROL,elbow_joint,0.0016584722840056511,0.0040263826958835125,-0.0023679104118778617,-0.00088785073199469764,-6.112363189458847E-05,-0.00082672710010010917,0.019657299999380484,0.004319388885051012,0.0073693208396434784,0.059860933461259855,0.14168516274030227,-11.18043327331543,0,0.70923376083374023,0.18132209777832031,1.2032299041748047,0,0,0,10.603593826293945,14.604910850524902,2135,1107,0,10.205539703369141,11.001644134521484,14.065683364868164,15.268911361694336
42.679984878117914,31619.1733511,EXTERNAL_CONTROL,wrist_1_joint,-0.00025778974467492125,-0.0003711670869961381,0.00011337734232121685,0.000138005811563852,-0.00086561078205704689,0.0010036165936208989,0.019724699999642326,0.004319388885051012,0.0073693208396434784,0.059860933461259855,0.14168516274030227,0.098490975797176361,0,0.70923376083374023,0.18132209777832031,1.2032299041748047,0,0,0,10.603593826293945,14.604910850524902,2135,1107,0,10.205539703369141,11.001644134521484,14.065683364868164,15.268911361694336
42.679984878117914,31619.1733849,EXTERNAL_CONTROL,wrist_2_joint,1.5842181658821852,1.5992984771728516,-0.015080311290666337,-0.0071852811610348616,-0.00807735975831747,0.00089207859728260893,0.019757099998969352,0.004319388885051012,0.0073693208396434784,0.059860933461259855,0.14168516274030227,-9.5809898376464844,0,0.70923376083374023,0.18132209777832031,1.2032299041748047,0,0,0,10.603593826293945,14.604910850524902,2135,1107,0,10.205539703369141,11.001644134521484,14.065683364868164,15.268911361694336
42.679984878117914,31619.1734155,EXTERNAL_CONTROL,wrist_3_joint,-9.288318134443205E-05,-2.5150773581117392E-05,-6.7732407763314658E-05,4.9724316373543479E-05,0.0034935183357447386,-0.0034437940193711952,0.01978880000024219,0.004319388885051012,0.0073693208396434784,0.059860933461259855,0.14168516274030227,-0.12042979896068573,0,0.70923376083374023,0.18132209777832031,1.2032299041748047,0,0,0,10.603593826293945,14.604910850524902,2135,1107,0,10.205539703369141,11.001644134521484,14.065683364868164,15.268911361694336
42.699984871031745,31619.1922533,EXTERNAL_CONTROL,shoulder_pan_joint,1.571984389751931,1.5735651254653931,-0.001580735713462067,-0.0007040373078722312,0.00069601740688085556,-0.0014000547147530868,0.00815609999699518,0.00089638150529935956,0.018053481355309486,-0.17115043657159909,0.53420823673186113,-0.3105064332485199,0,0.70926475524902344,0.18108367919921875,1.2030487060546875,0.019782340154051781,0,0,10.603614807128906,14.604878425598145,2136,1108,0,10.205696105957031,11.001560211181641,14.065954208374023,15.269002914428711
42.699984871031745,31619.1922943,EXTERNAL_CONTROL,shoulder_lift_joint,0.0049267483831433936,0.010417112149298191,-0.0054903637661547974,-0.0029195545974183071,-0.032788533717393875,0.029868979119975568,0.0081952999971690588,0.00089638150529935956,0.018053481355309486,-0.17115043657159909,0.53420823673186113,-10.50965404510498,0,0.70926475524902344,0.18108367919921875,1.2030487060546875,0.019782340154051781,0,0,10.603614807128906,14.604878425598145,2136,1108,0,10.205696105957031,11.001560211181641,14.065954208374023,15.269002914428711
42.699984871031745,31619.1923396,EXTERNAL_CONTROL,elbow_joint,0.0016214806387890176,0.0040163975208997726,-0.0023949168821107551,-0.00096087741557867711,0.013035433366894722,-0.0139963107824734,0.0082373999975970946,0.00089638150529935956,0.018053481355309486,-0.17115043657159909,0.53420823673186113,-10.112314224243164,0,0.70926475524902344,0.18108367919921875,1.2030487060546875,0.019782340154051781,0,0,10.603614807128906,14.604878425598145,2136,1108,0,10.205696105957031,11.001560211181641,14.065954208374023,15.269002914428711
42.699984871031745,31619.1923716,EXTERNAL_CONTROL,wrist_1_joint,-0.00025203983443073622,-0.00052534614223986864,0.00027330630780913242,0.00014935693892191774,-0.0071966126561164856,0.007345969595038403,0.0082700999992084689,0.00089638150529935956,0.018053481355309486,-0.17115043657159909,0.53420823673186113,0.39917019009590149,0,0.70926475524902344,0.18108367919921875,1.2030487060546875,0.019782340154051781,0,0,10.603614807128906,14.604878425598145,2136,1108,0,10.205696105957031,11.001560211181641,14.065954208374023,15.269002914428711
42.699984871031745,31619.1924034,EXTERNAL_CONTROL,wrist_2_joint,1.5839187964477606,1.5992919206619263,-0.015373124214165701,-0.0077762783128082925,-0.0078873373568058014,0.00011105904399750892,0.0083016999997198582,0.00089638150529935956,0.018053481355309486,-0.17115043657159909,0.53420823673186113,-9.8884963989257813,0,0.70926475524902344,0.18108367919921875,1.2030487060546875,0.019782340154051781,0,0,10.603614807128906,14.604878425598145,2136,1108,0,10.205696105957031,11.001560211181641,14.065954208374023,15.269002914428711
42.699984871031745,31619.192469,EXTERNAL_CONTROL,wrist_3_joint,-9.08114544159682E-05,-8.7925600382732227E-06,-8.2018894377694978E-05,5.3814195209462639E-05,0.00061235670000314713,-0.00055854250479368448,0.0083679999988817144,0.00089638150529935956,0.018053481355309486,-0.17115043657159909,0.53420823673186113,0.011847100220620632,0,0.70926475524902344,0.18108367919921875,1.2030487060546875,0.019782340154051781,0,0,10.603614807128906,14.604878425598145,2136,1108,0,10.205696105957031,11.001560211181641,14.065954208374023,15.269002914428711
42.719984863945577,31619.2124095,EXTERNAL_CONTROL,shoulder_pan_joint,1.571984389751931,1.5738582611083984,-0.0018738713564674381,-0.0007040373078722312,0.00030384492129087448,-0.0010078822291631057,0.028314899998804322,-0.0035575143992900848,0.0054042632691562176,-0.22269488316739952,-0.632461154054412,-0.49291566014289856,0,0.70946884155273438,0.17968177795410156,1.2033367156982422,0.019782340154051781,0,0,10.603602409362793,14.604981422424316,2137,1108,0,10.20579719543457,11.001466751098633,14.06550407409668,15.268840789794922
42.719984863945577,31619.2124555,EXTERNAL_CONTROL,shoulder_lift_joint,0.0049267483831433936,0.010415034368634224,-0.00548828598549083,-0.0029195545974183071,-0.031136550009250641,0.028216995411832334,0.028353799996693851,-0.0035575143992900848,0.0054042632691562176,-0.22269488316739952,-0.632461154054412,-12.049896240234375,0,0.70946884155273438,0.17968177795410156,1.2033367156982422,0.019782340154051781,0,0,10.603602409362793,14.604981422424316,2137,1108,0,10.20579719543457,11.001466751098633,14.06550407409668,15.268840789794922
42.719984863945577,31619.2124872,EXTERNAL_CONTROL,elbow_joint,0.0016214806387890176,0.0039973333477973938,-0.0023758527090083762,-0.00096087741557867711,0.012529278174042702,-0.01349015558962138,0.028385800000251038,-0.0035575143992900848,0.0054042632691562176,-0.22269488316739952,-0.632461154054412,-10.513912200927734,0,0.70946884155273438,0.17968177795410156,1.2033367156982422,0.019782340154051781,0,0,10.603602409362793,14.604981422424316,2137,1108,0,10.20579719543457,11.001466751098633,14.06550407409668,15.268840789794922
42.719984863945577,31619.2125237,EXTERNAL_CONTROL,wrist_1_joint,-0.00025203983443073622,-0.00030229182448238134,5.0251990051645122E-05,0.00014935693892191774,0.014835801906883717,-0.0146864449679618,0.028422599996702047,-0.0035575143992900848,0.0054042632691562176,-0.22269488316739952,-0.632461154054412,-0.595748245716095,0,0.70946884155273438,0.17968177795410156,1.2033367156982422,0.019782340154051781,0,0,10.603602409362793,14.604981422424316,2137,1108,0,10.20579719543457,11.001466751098633,14.06550407409668,15.268840789794922
42.719984863945577,31619.2125552,EXTERNAL_CONTROL,wrist_2_joint,1.5839187964477606,1.5990936756134033,-0.015174879165642752,-0.0077762783128082925,-0.0091143772006034851,0.0013380988877951926,0.028463399998145178,-0.0035575143992900848,0.0054042632691562176,-0.22269488316739952,-0.632461154054412,-9.822697639465332,0,0.70946884155273438,0.17968177795410156,1.2033367156982422,0.019782340154051781,0,0,10.603602409362793,14.604981422424316,2137,1108,0,10.20579719543457,11.001466751098633,14.06550407409668,15.268840789794922
42.719984863945577,31619.2125973,EXTERNAL_CONTROL,wrist_3_joint,-9.08114544159682E-05,-0.000286509603029117,0.00019569814861314879,5.3814195209462639E-05,-0.010352459736168385,0.010406273931377847,0.028495699996710755,-0.0035575143992900848,0.0054042632691562176,-0.22269488316739952,-0.632461154054412,0.33920148015022278,0,0.70946884155273438,0.17968177795410156,1.2033367156982422,0.019782340154051781,0,0,10.603602409362793,14.604981422424316,2137,1108,0,10.20579719543457,11.001466751098633,14.06550407409668,15.268840789794922
42.739984856859408,31619.2309768,EXTERNAL_CONTROL,shoulder_pan_joint,1.5719700539878152,1.5736141204833984,-0.0016440664955832407,-0.00072938265095563151,-0.016061842441558838,0.015332459790603206,0.0037244000013743062,0.0023351036943495274,0.0062301717698574066,0.29463102102610556,0.041295441341835194,-0.092625513672828674,0,0.70938658714294434,0.17985343933105469,1.2031040191650391,0,0,0,10.603458404541016,14.604927062988281,2138,1109,0,10.20557975769043,11.001335144042969,14.065942764282227,15.269046783447266
42.739984856859408,31619.2310692,EXTERNAL_CONTROL,shoulder_lift_joint,0.0048672997636408514,0.010001124814152718,-0.0051338250505118662,-0.003024658562925366,-0.06353190541267395,0.060507246849748585,0.0038070000009611249,0.0023351036943495274,0.0062301717698574066,0.29463102102610556,0.041295441341835194,-6.7844538688659668,0,0.70938658714294434,0.17985343933105469,1.2031040191650391,0,0,0,10.603458404541016,14.604927062988281,2138,1109,0,10.20557975769043,11.001335144042969,14.065942764282227,15.269046783447266
42.739984856859408,31619.231102,EXTERNAL_CONTROL,elbow_joint,0.00160191503932469,0.0038148625753819942,-0.0022129475360573043,-0.00099546900253950953,0.0098684662953019142,-0.010863935297841423,0.003839100001641782,0.0023351036943495274,0.0062301717698574066,0.29463102102610556,0.041295441341835194,-8.18814468383789,0,0.70938658714294434,0.17985343933105469,1.2031040191650391,0,0,0,10.603458404541016,14.604927062988281,2138,1109,0,10.20557975769043,11.001335144042969,14.065942764282227,15.269046783447266
42.739984856859408,31619.2311355,EXTERNAL_CONTROL,wrist_1_joint,-0.00024899859524997724,-0.00050337630091235042,0.00025437770566237317,0.00015473378872310676,-0.009375433437526226,0.0095301672262493326,0.00388550000207033,0.0023351036943495274,0.0062301717698574066,0.29463102102610556,0.041295441341835194,0.49781277775764465,0,0.70938658714294434,0.17985343933105469,1.2031040191650391,0,0,0,10.603458404541016,14.604927062988281,2138,1109,0,10.20557975769043,11.001335144042969,14.065942764282227,15.269046783447266
42.739984856859408,31619.231179,EXTERNAL_CONTROL,wrist_2_joint,1.5837604541406933,1.5988756418228149,-0.015115187682121611,-0.0080562243320693918,-0.0086816754192113876,0.00062545108714199583,0.0039162000030046329,0.0023351036943495274,0.0062301717698574066,0.29463102102610556,0.041295441341835194,-9.7810544967651367,0,0.70938658714294434,0.17985343933105469,1.2031040191650391,0,0,0,10.603458404541016,14.604927062988281,2138,1109,0,10.20557975769043,11.001335144042969,14.065942764282227,15.269046783447266
42.739984856859408,31619.2312125,EXTERNAL_CONTROL,wrist_3_joint,-8.9715677814403079E-05,1.6762816812843084E-05,-0.00010647849462724616,5.57515062370033E-05,0.013407991267740726,-0.013352239761503723,0.0039499000013165642,0.0023351036943495274,0.0062301717698574066,0.29463102102610556,0.041295441341835194,-0.39266610145568848,0,0.70938658714294434,0.17985343933105469,1.2031040191650391,0,0,0,10.603458404541016,14.604927062988281,2138,1109,0,10.20557975769043,11.001335144042969,14.065942764282227,15.269046783447266
42.75998484977324,31619.2539168,EXTERNAL_CONTROL,shoulder_pan_joint,1.5719700539878152,1.5734947919845581,-0.0015247379967429087,-0.00072938265095563151,0.0047319000586867332,-0.0054612827096423644,0.026658300001145108,0.0020393689628690481,0.0055419150739908218,-0.014786742413024216,-0.03441284838230136,-0.51241803169250488,0,0.70945596694946289,0.17910003662109375,1.2030773162841797,0,0,0,10.603582382202148,14.604881286621094,2139,1109,0,10.205879211425781,11.001287460327148,14.065944671630859,15.269021987915039
42.75998484977324,31619.2539611,EXTERNAL_CONTROL,shoulder_lift_joint,0.0048672997636408514,0.010005487129092216,-0.0051381873654513651,-0.003024658562925366,-0.0075044818222522736,0.004479823259326908,0.026699100002588239,0.0020393689628690481,0.0055419150739908218,-0.014786742413024216,-0.03441284838230136,-9.7946653366088867,0,0.70945596694946289,0.17910003662109375,1.2030773162841797,0,0,0,10.603582382202148,14.604881286621094,2139,1109,0,10.205879211425781,11.001287460327148,14.065944671630859,15.269021987915039
42.75998484977324,31619.2539938,EXTERNAL_CONTROL,elbow_joint,0.00160191503932469,0.0036885312292724848,-0.0020866161899477948,-0.00099546900253950953,-0.0013811355456709862,0.00038566654313147665,0.0267308000002231,0.0020393689628690481,0.0055419150739908218,-0.014786742413024216,-0.03441284838230136,-9.4990215301513672,0,0.70945596694946289,0.17910003662109375,1.2030773162841797,0,0,0,10.603582382202148,14.604881286621094,2139,1109,0,10.205879211425781,11.001287460327148,14.065944671630859,15.269021987915039
42.75998484977324,31619.25406,EXTERNAL_CONTROL,wrist_1_joint,-0.00024899859524997724,-0.00048910954501479864,0.0002401109497648214,0.00015473378872310676,0.0038645332679152489,-0.0037097994791921423,0.026808599999640137,0.0020393689628690481,0.0055419150739908218,-0.014786742413024216,-0.03441284838230136,-0.078506194055080414,0,0.70945596694946289,0.17910003662109375,1.2030773162841797,0,0,0,10.603582382202148,14.604881286621094,2139,1109,0,10.205879211425781,11.001287460327148,14.065944671630859,15.269021987915039
42.75998484977324,31619.2541035,EXTERNAL_CONTROL,wrist_2_joint,1.5837604541406933,1.5987104177474976,-0.014949963606804229,-0.0080562243320693918,-0.0076232738792896271,-0.00043295045277976472,0.026840700000320794,0.0020393689628690481,0.0055419150739908218,-0.014786742413024216,-0.03441284838230136,-9.6273918151855469,0,0.70945596694946289,0.17910003662109375,1.2030773162841797,0,0,0,10.603582382202148,14.604881286621094,2139,1109,0,10.205879211425781,11.001287460327148,14.065944671630859,15.269021987915039
42.75998484977324,31619.254135,EXTERNAL_CONTROL,wrist_3_joint,-8.9715677814403079E-05,-2.6380945200799033E-05,-6.3334732613604046E-05,5.57515062370033E-05,-0.0024087335914373398,0.0024644850976743432,0.026872800001001451,0.0020393689628690481,0.0055419150739908218,-0.014786742413024216,-0.03441284838230136,0.10944909602403641,0,0.70945596694946289,0.17910003662109375,1.2030773162841797,0,0,0,10.603582382202148,14.604881286621094,2139,1109,0,10.205879211425781,11.001287460327148,14.065944671630859,15.269021987915039
42.779984842687071,31619.2728017,EXTERNAL_CONTROL,shoulder_pan_joint,1.5719700539878152,1.5733590126037598,-0.0013889586159445688,-0.00072938265095563151,0.0039000865072011948,-0.0046294691581568259,0.045543500000349013,0.0021087885834276676,0.00030152933322824538,0.0034709823985551828,-0.26201939050454792,-0.47708573937416077,0,0.70949268341064453,0.17914390563964844,1.2029666900634766,0.019782340154051781,0,0,10.603572845458984,14.604813575744629,2140,1109,0,10.205883026123047,11.001270294189453,14.066109657287598,15.269076347351074
42.779984842687071,31619.2728482,EXTERNAL_CONTROL,shoulder_lift_joint,0.0048672997636408514,0.010156250558793545,-0.0052889507951526934,-0.003024658562925366,-0.0085465135052800179,0.0055218549423546523,0.045589100001961924,0.0021087885834276676,0.00030152933322824538,0.0034709823985551828,-0.26201939050454792,-10.65660572052002,0,0.70949268341064453,0.17914390563964844,1.2029666900634766,0.019782340154051781,0,0,10.603572845458984,14.604813575744629,2140,1109,0,10.205883026123047,11.001270294189453,14.066109657287598,15.269076347351074
42.779984842687071,31619.2728864,EXTERNAL_CONTROL,elbow_joint,0.00160191503932469,0.0036041198763996363,-0.0020022048370749463,-0.00099546900253950953,0.0020028064027428627,-0.0029982754052823722,0.045625099999597296,0.0021087885834276676,0.00030152933322824538,0.0034709823985551828,-0.26201939050454792,-9.9357290267944336,0,0.70949268341064453,0.17914390563964844,1.2029666900634766,0.019782340154051781,0,0,10.603572845458984,14.604813575744629,2140,1109,0,10.205883026123047,11.001270294189453,14.066109657287598,15.269076347351074
42.779984842687071,31619.272922,EXTERNAL_CONTROL,wrist_1_joint,-0.00024899859524997724,-0.000511844758875668,0.00026284616362569081,0.00015473378872310676,0.0007110291626304388,-0.000556295373907332,0.045659499999601394,0.0021087885834276676,0.00030152933322824538,0.0034709823985551828,-0.26201939050454792,0.093754738569259644,0,0.70949268341064453,0.17914390563964844,1.2029666900634766,0.019782340154051781,0,0,10.603572845458984,14.604813575744629,2140,1109,0,10.205883026123047,11.001270294189453,14.066109657287598,15.269076347351074
42.779984842687071,31619.2729876,EXTERNAL_CONTROL,wrist_2_joint,1.5837604541406933,1.5985819101333618,-0.014821455992668486,-0.0080562243320693918,-0.00603508111089468,-0.0020211432211747118,0.04572540000299341,0.0021087885834276676,0.00030152933322824538,0.0034709823985551828,-0.26201939050454792,-9.6441268920898438,0,0.70949268341064453,0.17914390563964844,1.2029666900634766,0.019782340154051781,0,0,10.603572845458984,14.604813575744629,2140,1109,0,10.205883026123047,11.001270294189453,14.066109657287598,15.269076347351074
42.779984842687071,31619.2730218,EXTERNAL_CONTROL,wrist_3_joint,-8.9715677814403079E-05,8.2534563262015581E-05,-0.00017225024107641866,5.57515062370033E-05,0.000674607465043664,-0.00061885595880666066,0.04576740000266,0.0021087885834276676,0.00030152933322824538,0.0034709823985551828,-0.26201939050454792,-0.037371456623077393,0,0.70949268341064453,0.17914390563964844,1.2029666900634766,0.019782340154051781,0,0,10.603572845458984,14.604813575744629,2140,1109,0,10.205883026123047,11.001270294189453,14.066109657287598,15.269076347351074
42.7999848356009,31619.2939115,EXTERNAL_CONTROL,shoulder_pan_joint,1.5719552207040022,1.5736513137817383,-0.001696093077736105,-0.00075378927762853555,2.552056685090065E-05,-0.0007793098444794362,0.01058270000066841,-0.00094320462085306644,0.00019754715322051197,-0.15259972047273207,-0.0051991110534156549,-0.4369373619556427,0,0.70959591865539551,0.17833137512207031,1.2032108306884766,0,0,0,10.603555679321289,14.60488224029541,2141,1110,0,10.205883026123047,11.001258850097656,14.065658569335938,15.268871307373047
42.7999848356009,31619.2939587,EXTERNAL_CONTROL,shoulder_lift_joint,0.0048057879922228,0.010441645979881287,-0.0056358579876584864,-0.0031258697889692006,-0.014431821182370186,0.011305951393400985,0.010625700000673532,-0.00094320462085306644,0.00019754715322051197,-0.15259972047273207,-0.0051991110534156549,-11.390458106994629,0,0.70959591865539551,0.17833137512207031,1.2032108306884766,0,0,0,10.603555679321289,14.60488224029541,2141,1110,0,10.205883026123047,11.001258850097656,14.065658569335938,15.268871307373047
42.7999848356009,31619.2939974,EXTERNAL_CONTROL,elbow_joint,0.0015816704198200202,0.0034446711651980877,-0.0018630007453780675,-0.0010287794196129037,0.0080238524824380875,-0.0090526319020509914,0.01066490000084741,-0.00094320462085306644,0.00019754715322051197,-0.15259972047273207,-0.0051991110534156549,-10.131333351135254,0,0.70959591865539551,0.17833137512207031,1.2032108306884766,0,0,0,10.603555679321289,14.60488224029541,2141,1110,0,10.205883026123047,11.001258850097656,14.065658569335938,15.268871307373047
42.7999848356009,31619.2940377,EXTERNAL_CONTROL,wrist_1_joint,-0.00024585181049904678,-0.0003024939214810729,5.6642110982026118E-05,0.00015991149593906661,0.0130262840539217,-0.012866372557982633,0.010705400000006193,-0.00094320462085306644,0.00019754715322051197,-0.15259972047273207,-0.0051991110534156549,-0.51221716403961182,0,0.70959591865539551,0.17833137512207031,1.2032108306884766,0,0,0,10.603555679321289,14.60488224029541,2141,1110,0,10.205883026123047,11.001258850097656,14.065658569335938,15.268871307373047
42.7999848356009,31619.2940743,EXTERNAL_CONTROL,wrist_2_joint,1.5835966165969517,1.5984467267990112,-0.014850110202059508,-0.0083258019802467456,-0.0068290522322058678,-0.0014967497480408778,0.010741900001448812,-0.00094320462085306644,0.00019754715322051197,-0.15259972047273207,-0.0051991110534156549,-9.54472541809082,0,0.70959591865539551,0.17833137512207031,1.2032108306884766,0,0,0,10.603555679321289,14.60488224029541,2141,1110,0,10.205883026123047,11.001258850097656,14.065658569335938,15.268871307373047
42.7999848356009,31619.2941094,EXTERNAL_CONTROL,wrist_3_joint,-8.8581872514889939E-05,-0.00017574732191860676,8.7165449403716819E-05,5.7617065004264674E-05,-0.0091672632843256,0.0092248803493298649,0.010779600001114886,-0.00094320462085306644,0.00019754715322051197,-0.15259972047273207,-0.0051991110534156549,0.26394003629684448,0,0.70959591865539551,0.17833137512207031,1.2032108306884766,0,0,0,10.603555679321289,14.60488224029541,2141,1110,0,10.205883026123047,11.001258850097656,14.065658569335938,15.268871307373047
42.819984828514734,31619.3109223,EXTERNAL_CONTROL,shoulder_pan_joint,1.5719552207040022,1.5736117362976074,-0.0016565155936052456,-0.00075378927762853555,-0.010030983947217464,0.0092771946695889285,0.027593300001171883,0.001617176691070199,0.00065093388548120856,0.12801911614845063,0.022669345564723498,-0.52874445915222168,0,0.70971226692199707,0.17850494384765625,1.2033004760742188,0.019782340154051781,0,0,10.60349178314209,14.604870796203613,2142,1110,0,10.205806732177734,11.001235961914063,14.065546035766602,15.26884651184082
42.819984828514734,31619.3109679,EXTERNAL_CONTROL,shoulder_lift_joint,0.0048057879922228,0.010799963027238846,-0.0059941750350160456,-0.0031258697889692006,-0.020710455253720284,0.017584585464751085,0.027634900001430651,0.001617176691070199,0.00065093388548120856,0.12801911614845063,0.022669345564723498,-12.822955131530762,0,0.70971226692199707,0.17850494384765625,1.2033004760742188,0.019782340154051781,0,0,10.60349178314209,14.604870796203613,2142,1110,0,10.205806732177734,11.001235961914063,14.065546035766602,15.26884651184082
42.819984828514734,31619.3110114,EXTERNAL_CONTROL,elbow_joint,0.0015816704198200202,0.0033011671621352434,-0.0017194967423152232,-0.0010287794196129037,0.013274124823510647,-0.014302904243123551,0.027679099999659229,0.001617176691070199,0.00065093388548120856,0.12801911614845063,0.022669345564723498,-10.75987720489502,0,0.70971226692199707,0.17850494384765625,1.2033004760742188,0.019782340154051781,0,0,10.60349178314209,14.604870796203613,2142,1110,0,10.205806732177734,11.001235961914063,14.065546035766602,15.26884651184082
42.819984828514734,31619.3110538,EXTERNAL_CONTROL,wrist_1_joint,-0.00024585181049904678,-0.00035861818469129503,0.00011276637419224824,0.00015991149593906661,-0.0026038577780127525,0.0027637692739518193,0.027722099999664351,0.001617176691070199,0.00065093388548120856,0.12801911614845063,0.022669345564723498,0.16608358919620514,0,0.70971226692199707,0.17850494384765625,1.2033004760742188,0.019782340154051781,0,0,10.60349178314209,14.604870796203613,2142,1110,0,10.205806732177734,11.001235961914063,14.065546035766602,15.26884651184082
42.819984828514734,31619.311093,EXTERNAL_CONTROL,wrist_2_joint,1.5835966165969517,1.5984361171722412,-0.014839500575289488,-0.0083258019802467456,-0.0013789436779916286,-0.006946858302255117,0.027760400000261143,0.001617176691070199,0.00065093388548120856,0.12801911614845063,0.022669345564723498,-9.8372106552124023,0,0.70971226692199707,0.17850494384765625,1.2033004760742188,0.019782340154051781,0,0,10.60349178314209,14.604870796203613,2142,1110,0,10.205806732177734,11.001235961914063,14.065546035766602,15.26884651184082
42.819984828514734,31619.3111325,EXTERNAL_CONTROL,wrist_3_joint,-8.8581872514889939E-05,-0.000120834622066468,3.2252749551578061E-05,5.7617065004264674E-05,0.00442642904818058,-0.0043688119831763158,0.02779989999908139,0.001617176691070199,0.00065093388548120856,0.12801911614845063,0.022669345564723498,-0.12369643896818161,0,0.70971226692199707,0.17850494384765625,1.2033004760742188,0.019782340154051781,0,0,10.60349178314209,14.604870796203613,2142,1110,0,10.205806732177734,11.001235961914063,14.065546035766602,15.26884651184082
42.839984821428573,31619.3328457,EXTERNAL_CONTROL,shoulder_pan_joint,1.5719552207040022,1.5734164714813232,-0.0014612507773210659,-0.00075378927762853555,-0.011668573133647442,0.010914783856018906,0.049521000000822823,0.0003681338275782764,-0.0012278062058612704,-0.062452167835756356,-0.093937041661055445,-0.51712298393249512,0,0.70965933799743652,0.17856788635253906,1.2032470703125,0,0,0,10.603535652160645,14.604878425598145,2143,1110,0,10.205789566040039,11.001293182373047,14.065643310546875,15.268890380859375
42.839984821428573,31619.3328989,EXTERNAL_CONTROL,shoulder_lift_joint,0.0048057879922228,0.010230126790702343,-0.0054243387984795428,-0.0031258697889692006,-0.037118278443813324,0.033992408654844125,0.049571399998967536,0.0003681338275782764,-0.0012278062058612704,-0.062452167835756356,-0.093937041661055445,-6.89487361907959,0,0.70965933799743652,0.17856788635253906,1.2032470703125,0,0,0,10.603535652160645,14.604878425598145,2143,1110,0,10.205789566040039,11.001293182373047,14.065643310546875,15.268890380859375
42.839984821428573,31619.3329889,EXTERNAL_CONTROL,elbow_joint,0.0015816704198200202,0.0033129467628896236,-0.0017312763430696035,-0.0010287794196129037,0.004770833533257246,-0.00579961295287015,0.049658700001600664,0.0003681338275782764,-0.0012278062058612704,-0.062452167835756356,-0.093937041661055445,-8.2372255325317383,0,0.70965933799743652,0.17856788635253906,1.2032470703125,0,0,0,10.603535652160645,14.604878425598145,2143,1110,0,10.205789566040039,11.001293182373047,14.065643310546875,15.268890380859375
42.839984821428573,31619.333035,EXTERNAL_CONTROL,wrist_1_joint,-0.00024585181049904678,-0.00042475550435483456,0.00017890369385578777,0.00015991149593906661,-0.0023616936523467302,0.0025216051482857969,0.0497055999985605,0.0003681338275782764,-0.0012278062058612704,-0.062452167835756356,-0.093937041661055445,0.18140819668769836,0,0.70965933799743652,0.17856788635253906,1.2032470703125,0,0,0,10.603535652160645,14.604878425598145,2143,1110,0,10.205789566040039,11.001293182373047,14.065643310546875,15.268890380859375
42.839984821428573,31619.3330811,EXTERNAL_CONTROL,wrist_2_joint,1.5835966165969517,1.5983449220657349,-0.014748305468783141,-0.0083258019802467456,-0.0034980629570782185,-0.0048277390231685272,0.049750599999242695,0.0003681338275782764,-0.0012278062058612704,-0.062452167835756356,-0.093937041661055445,-9.7296609878540039,0,0.70965933799743652,0.17856788635253906,1.2032470703125,0,0,0,10.603535652160645,14.604878425598145,2143,1110,0,10.205789566040039,11.001293182373047,14.065643310546875,15.268890380859375
42.839984821428573,31619.3331258,EXTERNAL_CONTROL,wrist_3_joint,-8.8581872514889939E-05,-9.9453391158021986E-06,-7.863653339908774E-05,5.7617065004264674E-05,0.0045100804418325424,-0.004452463376828278,0.049796399998740526,0.0003681338275782764,-0.0012278062058612704,-0.062452167835756356,-0.093937041661055445,-0.14720684289932251,0,0.70965933799743652,0.17856788635253906,1.2032470703125,0,0,0,10.603535652160645,14.604878425598145,2143,1110,0,10.205789566040039,11.001293182373047,14.065643310546875,15.268890380859375
42.859984814342404,31619.3532122,EXTERNAL_CONTROL,shoulder_pan_joint,1.5719552207040022,1.5732845067977905,-0.0013292860937883511,-0.00075378927762853555,0.0019484078511595726,-0.0027021971287881081,0.069887599998764927,0.00053655495867133141,0.00022920240007806569,0.0084210598799673731,0.0728504590642123,-0.459156334400177,0,0.70961546897888184,0.178619384765625,1.2031402587890625,0,0,0,10.603586196899414,14.604860305786133,2144,1110,0,10.205867767333984,11.001296997070313,14.06578254699707,15.268922805786133
42.859984814342404,31619.3532602,EXTERNAL_CONTROL,shoulder_lift_joint,0.0048057879922228,0.010151002556085587,-0.0053452145638627864,-0.0031258697889692006,-0.0060745775699615479,0.0029487077809923472,0.069929099998262245,0.00053655495867133141,0.00022920240007806569,0.0084210598799673731,0.0728504590642123,-10.172670364379883,0,0.70961546897888184,0.178619384765625,1.2031402587890625,0,0,0,10.603586196899414,14.604860305786133,2144,1110,0,10.205867767333984,11.001296997070313,14.06578254699707,15.268922805786133
42.859984814342404,31619.3533036,EXTERNAL_CONTROL,elbow_joint,0.0015816704198200202,0.0033121737651526928,-0.0017305033453326726,-0.0010287794196129037,0.00039833132177591324,-0.001427110741388817,0.06997380000029807,0.00053655495867133141,0.00022920240007806569,0.0084210598799673731,0.0728504590642123,-9.55434799194336,0,0.70961546897888184,0.178619384765625,1.2031402587890625,0,0,0,10.603586196899414,14.604860305786133,2144,1110,0,10.205867767333984,11.001296997070313,14.06578254699707,15.268922805786133
42.859984814342404,31619.3533465,EXTERNAL_CONTROL,wrist_1_joint,-0.00024585181049904678,-0.00047751062083989382,0.00023165881034084703,0.00015991149593906661,-0.0016775901895016432,0.00183750168544071,0.0700144000002183,0.00053655495867133141,0.00022920240007806569,0.0084210598799673731,0.0728504590642123,0.20282167196273804,0,0.70961546897888184,0.178619384765625,1.2031402587890625,0,0,0,10.603586196899414,14.604860305786133,2144,1110,0,10.205867767333984,11.001296997070313,14.06578254699707,15.268922805786133
42.859984814342404,31619.3534182,EXTERNAL_CONTROL,wrist_2_joint,1.5835966165969517,1.5982515811920166,-0.014654964595064879,-0.0083258019802467456,-0.0030424026772379875,-0.0052833993030087581,0.070096299998112954,0.00053655495867133141,0.00022920240007806569,0.0084210598799673731,0.0728504590642123,-9.6018848419189453,0,0.70961546897888184,0.178619384765625,1.2031402587890625,0,0,0,10.603586196899414,14.604860305786133,2144,1110,0,10.205867767333984,11.001296997070313,14.06578254699707,15.268922805786133
42.859984814342404,31619.3534645,EXTERNAL_CONTROL,wrist_3_joint,-8.8581872514889939E-05,2.5462410121690482E-05,-0.00011404428263658042,5.7617065004264674E-05,-0.0011970130726695061,0.0012546301376737707,0.0701349000009941,0.00053655495867133141,0.00022920240007806569,0.0084210598799673731,0.0728504590642123,-0.033463284373283386,0,0.70961546897888184,0.178619384765625,1.2031402587890625,0,0,0,10.603586196899414,14.604860305786133,2144,1110,0,10.205867767333984,11.001296997070313,14.06578254699707,15.268922805786133
42.879984807256236,31619.3717,EXTERNAL_CONTROL,shoulder_pan_joint,1.5719552207040022,1.5732641220092773,-0.0013089013052751675,-0.00075378927762853555,0.0019295040983706713,-0.0026832933759992068,0.088383900001645088,0.0011747800745069981,0.00034998386399820447,0.031911268392929619,0.0060390755807217637,-0.42008528113365173,0,0.709568977355957,0.17876243591308594,1.2030067443847656,0,0,0,10.603572845458984,14.604825019836426,2145,1110,0,10.205848693847656,11.001291275024414,14.065921783447266,15.268928527832031
42.879984807256236,31619.3717575,EXTERNAL_CONTROL,shoulder_lift_joint,0.0048057879922228,0.010375803336501122,-0.0055700153442783213,-0.0031258697889692006,-0.0085811596363782883,0.0054552898474090877,0.088426700000127312,0.0011747800745069981,0.00034998386399820447,0.031911268392929619,0.0060390755807217637,-11.639749526977539,0,0.709568977355957,0.17876243591308594,1.2030067443847656,0,0,0,10.603572845458984,14.604825019836426,2145,1110,0,10.205848693847656,11.001291275024414,14.065921783447266,15.268928527832031
42.879984807256236,31619.3717944,EXTERNAL_CONTROL,elbow_joint,0.0015816704198200202,0.0031871555838733912,-0.001605485164053371,-0.0010287794196129037,0.0086615737527608871,-0.0096903531723737911,0.088469199999963166,0.0011747800745069981,0.00034998386399820447,0.031911268392929619,0.0060390755807217637,-10.358457565307617,0,0.709568977355957,0.17876243591308594,1.2030067443847656,0,0,0,10.603572845458984,14.604825019836426,2145,1110,0,10.205848693847656,11.001291275024414,14.065921783447266,15.268928527832031
42.879984807256236,31619.3718384,EXTERNAL_CONTROL,wrist_1_joint,-0.00024585181049904678,-0.00048448488814756274,0.00023863307764851596,0.00015991149593906661,0.00065512559376657009,-0.00049521409782750348,0.088506399999459973,0.0011747800745069981,0.00034998386399820447,0.031911268392929619,0.0060390755807217637,0.087961450219154358,0,0.709568977355957,0.17876243591308594,1.2030067443847656,0,0,0,10.603572845458984,14.604825019836426,2145,1110,0,10.205848693847656,11.001291275024414,14.065921783447266,15.268928527832031
42.879984807256236,31619.3718722,EXTERNAL_CONTROL,wrist_2_joint,1.5835966165969517,1.5982484817504883,-0.014651865153536558,-0.0083258019802467456,-0.0018350612372159958,-0.00649074074303075,0.088537399999040645,0.0011747800745069981,0.00034998386399820447,0.031911268392929619,0.0060390755807217637,-9.66362190246582,0,0.709568977355957,0.17876243591308594,1.2030067443847656,0,0,0,10.603572845458984,14.604825019836426,2145,1110,0,10.205848693847656,11.001291275024414,14.065921783447266,15.268928527832031
42.879984807256236,31619.3719049,EXTERNAL_CONTROL,wrist_3_joint,-8.8581872514889939E-05,1.9609171431511641E-05,-0.00010819104394640158,5.7617065004264674E-05,-0.00096451252466067672,0.0010221295896649413,0.088571799999044742,0.0011747800745069981,0.00034998386399820447,0.031911268392929619,0.0060390755807217637,0.0056521291844546795,0,0.709568977355957,0.17876243591308594,1.2030067443847656,0,0,0,10.603572845458984,14.604825019836426,2145,1110,0,10.205848693847656,11.001291275024414,14.065921783447266,15.268928527832031
42.899984800170067,31619.3935728,EXTERNAL_CONTROL,shoulder_pan_joint,1.5719552207040022,1.5732252597808838,-0.0012700390768816128,-0.00075378927762853555,0.00046583777293562889,-0.0012196270505641644,0.1102433000014571,0.00065284676384180784,-0.00040961644845083356,-0.026096675838335002,-0.0379800306200357,-0.41409510374069214,0,0.70956587791442871,0.17848777770996094,1.2030963897705078,0,0,0,10.603618621826172,14.604820251464844,2146,1110,0,10.205953598022461,11.001279830932617,14.065717697143555,15.268814086914063
42.899984800170067,31619.3936186,EXTERNAL_CONTROL,shoulder_lift_joint,0.0048057879922228,0.010261759161949158,-0.0054559711697263575,-0.0031258697889692006,-0.010270224884152412,0.0071443550951832118,0.11028520000036224,0.00065284676384180784,-0.00040961644845083356,-0.026096675838335002,-0.0379800306200357,-10.955252647399902,0,0.70956587791442871,0.17848777770996094,1.2030963897705078,0,0,0,10.603618621826172,14.604820251464844,2146,1110,0,10.205953598022461,11.001279830932617,14.065717697143555,15.268814086914063
42.899984800170067,31619.3936556,EXTERNAL_CONTROL,elbow_joint,0.0015816704198200202,0.0033799759112298489,-0.0017983054914098287,-0.0010287794196129037,0.0097480630502104759,-0.01077684246982338,0.11032360000172048,0.00065284676384180784,-0.00040961644845083356,-0.026096675838335002,-0.0379800306200357,-10.1044340133667,0,0.70956587791442871,0.17848777770996094,1.2030963897705078,0,0,0,10.603618621826172,14.604820251464844,2146,1110,0,10.205953598022461,11.001279830932617,14.065717697143555,15.268814086914063
42.899984800170067,31619.3936932,EXTERNAL_CONTROL,wrist_1_joint,-0.00024585181049904678,-0.00036332759191282094,0.00011747578141377415,0.00015991149593906661,0.0080494480207562447,-0.0078895365248171784,0.11036080000121729,0.00065284676384180784,-0.00040961644845083356,-0.026096675838335002,-0.0379800306200357,-0.27558961510658264,0,0.70956587791442871,0.17848777770996094,1.2030963897705078,0,0,0,10.603618621826172,14.604820251464844,2146,1110,0,10.205953598022461,11.001279830932617,14.065717697143555,15.268814086914063
42.899984800170067,31619.3937334,EXTERNAL_CONTROL,wrist_2_joint,1.5835966165969517,1.5981606245040894,-0.014564007907137633,-0.0083258019802467456,-0.0020164006855338812,-0.0063094012947128644,0.11040040000079898,0.00065284676384180784,-0.00040961644845083356,-0.026096675838335002,-0.0379800306200357,-9.6503753662109375,0,0.70956587791442871,0.17848777770996094,1.2030963897705078,0,0,0,10.603618621826172,14.604820251464844,2146,1110,0,10.205953598022461,11.001279830932617,14.065717697143555,15.268814086914063
42.899984800170067,31619.3937676,EXTERNAL_CONTROL,wrist_3_joint,-8.8581872514889939E-05,-9.5107985544018447E-05,6.5261130291285083E-06,5.7617065004264674E-05,-0.0055546984076499939,0.0056123154726542583,0.11043549999885727,0.00065284676384180784,-0.00040961644845083356,-0.026096675838335002,-0.0379800306200357,0.15806646645069122,0,0.70956587791442871,0.17848777770996094,1.2030963897705078,0,0,0,10.603618621826172,14.604820251464844,2146,1110,0,10.205953598022461,11.001279830932617,14.065717697143555,15.268814086914063
42.9199847930839,31619.4113716,EXTERNAL_CONTROL,shoulder_pan_joint,1.5719552207040022,1.5730851888656616,-0.0011299681616594448,-0.00075378927762853555,-0.0058596921153366566,0.0051059028377081206,0.12804989999858662,0.0040401131846010685,0.0003116321749985218,0.16936338791630834,0.036062445412834043,-0.40259057283401489,0,0.709579348564148,0.17869377136230469,1.2031364440917969,0,0,0,10.603618621826172,14.604730606079102,2147,1110,0,10.205965042114258,11.00126838684082,14.065597534179688,15.268733978271484
42.9199847930839,31619.4114194,EXTERNAL_CONTROL,shoulder_lift_joint,0.0048057879922228,0.010205091908574104,-0.0053993039163513041,-0.0031258697889692006,-0.013240618631243706,0.010114748842274505,0.12808510000104434,0.0040401131846010685,0.0003116321749985218,0.16936338791630834,0.036062445412834043,-11.110508918762207,0,0.709579348564148,0.17869377136230469,1.2031364440917969,0,0,0,10.603618621826172,14.604730606079102,2147,1110,0,10.205965042114258,11.00126838684082,14.065597534179688,15.268733978271484
42.9199847930839,31619.4114834,EXTERNAL_CONTROL,elbow_joint,0.0015816704198200202,0.0035468481946736574,-0.0019651777748536372,-0.0010287794196129037,0.00945665780454874,-0.010485437224161644,0.12815129999944475,0.0040401131846010685,0.0003116321749985218,0.16936338791630834,0.036062445412834043,-10.226913452148438,0,0.709579348564148,0.17869377136230469,1.2031364440917969,0,0,0,10.603618621826172,14.604730606079102,2147,1110,0,10.205965042114258,11.00126838684082,14.065597534179688,15.268733978271484
42.9199847930839,31619.4115212,EXTERNAL_CONTROL,wrist_1_joint,-0.00024585181049904678,-0.00036499157431535423,0.00011913976381630744,0.00015991149593906661,0.00078067975118756294,-0.00062076825524849633,0.12818799999877228,0.0040401131846010685,0.0003116321749985218,0.16936338791630834,0.036062445412834043,0.026391707360744476,0,0.709579348564148,0.17869377136230469,1.2031364440917969,0,0,0,10.603618621826172,14.604730606079102,2147,1110,0,10.205965042114258,11.00126838684082,14.065597534179688,15.268733978271484
42.9199847930839,31619.4115567,EXTERNAL_CONTROL,wrist_2_joint,1.5835966165969517,1.59811532497406,-0.014518708377108336,-0.0083258019802467456,0.00050592259503901,-0.0088317245752857557,0.12822170000072219,0.0040401131846010685,0.0003116321749985218,0.16936338791630834,0.036062445412834043,-9.7267398834228516,0,0.709579348564148,0.17869377136230469,1.2031364440917969,0,0,0,10.603618621826172,14.604730606079102,2147,1110,0,10.205965042114258,11.00126838684082,14.065597534179688,15.268733978271484
42.9199847930839,31619.4115857,EXTERNAL_CONTROL,wrist_3_joint,-8.8581872514889939E-05,-4.971901944372803E-05,-3.8862853071161909E-05,5.7617065004264674E-05,0.00094580929726362228,-0.00088819223225935758,0.12825249999877997,0.0040401131846010685,0.0003116321749985218,0.16936338791630834,0.036062445412834043,-0.029608575627207756,0,0.709579348564148,0.17869377136230469,1.2031364440917969,0,0,0,10.603618621826172,14.604730606079102,2147,1110,0,10.205965042114258,11.00126838684082,14.065597534179688,15.268733978271484
42.93998478599773,31619.4312554,EXTERNAL_CONTROL,shoulder_pan_joint,1.5719552207040022,1.5730476379394531,-0.0010924172354509487,-0.00075378927762853555,-0.0029169409535825253,0.0021631516759539897,0.14792690000103903,0.0037786546163260937,-0.00028858130099251866,-0.013072933575998839,-0.03001068565019473,-0.36114376783370972,0,0.70956802368164063,0.17898178100585938,1.20306396484375,0,0,0,10.603568077087402,14.604636192321777,2148,1110,0,10.205852508544922,11.001277923583984,14.065597534179688,15.268661499023438
42.93998478599773,31619.4313052,EXTERNAL_CONTROL,shoulder_lift_joint,0.0048057879922228,0.010343495756387711,-0.00553770776416491,-0.0031258697889692006,-0.012194350361824036,0.009068480572854835,0.14797159999943688,0.0037786546163260937,-0.00028858130099251866,-0.013072933575998839,-0.03001068565019473,-10.833627700805664,0,0.70956802368164063,0.17898178100585938,1.20306396484375,0,0,0,10.603568077087402,14.604636192321777,2148,1110,0,10.205852508544922,11.001277923583984,14.065597534179688,15.268661499023438
42.93998478599773,31619.431345,EXTERNAL_CONTROL,elbow_joint,0.0015816704198200202,0.0033897538669407368,-0.0018080834471207166,-0.0010287794196129037,0.00480979960411787,-0.0058385790237307743,0.14801209999859566,0.0037786546163260937,-0.00028858130099251866,-0.013072933575998839,-0.03001068565019473,-10.086150169372559,0,0.70956802368164063,0.17898178100585938,1.20306396484375,0,0,0,10.603568077087402,14.604636192321777,2148,1110,0,10.205852508544922,11.001277923583984,14.065597534179688,15.268661499023438
42.93998478599773,31619.4313903,EXTERNAL_CONTROL,wrist_1_joint,-0.00024585181049904678,-0.00040158405317924917,0.00015573224268020238,0.00015991149593906661,-0.0019435111898928881,0.0021034226858319548,0.14806210000097053,0.0037786546163260937,-0.00028858130099251866,-0.013072933575998839,-0.03001068565019473,0.1563555896282196,0,0.70956802368164063,0.17898178100585938,1.20306396484375,0,0,0,10.603568077087402,14.604636192321777,2148,1110,0,10.205852508544922,11.001277923583984,14.065597534179688,15.268661499023438
42.93998478599773,31619.4314665,EXTERNAL_CONTROL,wrist_2_joint,1.5835966165969517,1.5981398820877075,-0.014543265490755797,-0.0083258019802467456,0.00097268703393638134,-0.009298489014183127,0.14813439999852562,0.0037786546163260937,-0.00028858130099251866,-0.013072933575998839,-0.03001068565019473,-9.7064228057861328,0,0.70956802368164063,0.17898178100585938,1.20306396484375,0,0,0,10.603568077087402,14.604636192321777,2148,1110,0,10.205852508544922,11.001277923583984,14.065597534179688,15.268661499023438
42.93998478599773,31619.4315034,EXTERNAL_CONTROL,wrist_3_joint,-8.8581872514889939E-05,-6.2320468714460731E-06,-8.2349825643443866E-05,5.7617065004264674E-05,0.00071174115873873234,-0.00065412409373446763,0.14817350000157603,0.0037786546163260937,-0.00028858130099251866,-0.013072933575998839,-0.03001068565019473,-0.031623821705579758,0,0.70956802368164063,0.17898178100585938,1.20306396484375,0,0,0,10.603568077087402,14.604636192321777,2148,1110,0,10.205852508544922,11.001277923583984,14.065597534179688,15.268661499023438
42.959984778911561,31619.4525625,EXTERNAL_CONTROL,shoulder_pan_joint,1.57187424859096,1.5729506015777588,-0.0010763529867987565,-0.0008617416648356109,0.00289992056787014,-0.0037616622327057512,0.0074743000004673377,0.0010227576131001115,-0.0015332166804000735,-0.13779490457385735,-0.0622317935445164,-0.35004374384880066,0,0.709571361541748,0.17905616760253906,1.2030353546142578,0,0,0,10.603567123413086,14.60460376739502,2149,1111,0,10.205848693847656,11.001274108886719,14.065601348876953,15.268636703491211
42.959984778911561,31619.4526071,EXTERNAL_CONTROL,shoulder_lift_joint,0.004470006774024168,0.010512026026844978,-0.00604201925282081,-0.0035735348272400076,-0.006453552283346653,0.0028800174561066454,0.0075141999986954033,0.0010227576131001115,-0.0015332166804000735,-0.13779490457385735,-0.0622317935445164,-10.105567932128906,0,0.709571361541748,0.17905616760253906,1.2030353546142578,0,0,0,10.603567123413086,14.60460376739502,2149,1111,0,10.205848693847656,11.001274108886719,14.065601348876953,15.268636703491211
42.959984778911561,31619.4526508,EXTERNAL_CONTROL,elbow_joint,0.0014711588406127437,0.0031317267566919327,-0.001660567916079189,-0.0011761139566683007,0.00035951705649495125,-0.0015356310131632519,0.0075615999994624872,0.0010227576131001115,-0.0015332166804000735,-0.13779490457385735,-0.0622317935445164,-9.7164602279663086,0,0.709571361541748,0.17905616760253906,1.2030353546142578,0,0,0,10.603567123413086,14.60460376739502,2149,1111,0,10.205848693847656,11.001274108886719,14.065601348876953,15.268636703491211
42.959984778911561,31619.4526939,EXTERNAL_CONTROL,wrist_1_joint,-0.00022867410300148264,-0.00045464324648492038,0.00022596914348343774,0.00018281289324042729,-0.0013430994004011154,0.0015259122936415427,0.0076050999996368773,0.0010227576131001115,-0.0015332166804000735,-0.13779490457385735,-0.0622317935445164,0.16991034150123596,0,0.709571361541748,0.17905616760253906,1.2030353546142578,0,0,0,10.603567123413086,14.60460376739502,2149,1111,0,10.205848693847656,11.001274108886719,14.065601348876953,15.268636703491211
42.959984778911561,31619.4527482,EXTERNAL_CONTROL,wrist_2_joint,1.5827022581878862,1.5981043577194214,-0.015402099531535152,-0.0095181646548773511,0.00087323691695928574,-0.010391401571836637,0.0076561999994737562,0.0010227576131001115,-0.0015332166804000735,-0.13779490457385735,-0.0622317935445164,-9.6715764999389648,0,0.709571361541748,0.17905616760253906,1.2030353546142578,0,0,0,10.603567123413086,14.60460376739502,2149,1111,0,10.205848693847656,11.001274108886719,14.065601348876953,15.268636703491211
42.959984778911561,31619.4527915,EXTERNAL_CONTROL,wrist_3_joint,-8.23926421302994E-05,3.3083342714235187E-05,-0.00011547598484453459,6.5868574936382289E-05,-0.0020571791101247072,0.0021230476850610893,0.0076991999994788785,0.0010227576131001115,-0.0015332166804000735,-0.13779490457385735,-0.0622317935445164,-0.0072644585743546486,0,0.709571361541748,0.17905616760253906,1.2030353546142578,0,0,0,10.603567123413086,14.60460376739502,2149,1111,0,10.205848693847656,11.001274108886719,14.065601348876953,15.268636703491211
42.979984771825393,31619.4735956,EXTERNAL_CONTROL,shoulder_pan_joint,1.5718390342093476,1.5729162693023682,-0.0010772350930206009,-0.000898351604844967,0.0026070622261613607,-0.0035054138310063277,0.0094371000013779849,7.8352713899221271E-05,-0.0023589292541146278,-0.047220263606418643,-0.041285644988635066,-0.34915703535079956,0,0.70959210395812988,0.17900657653808594,1.2029876708984375,0.019782340154051781,0,0,10.603580474853516,14.604583740234375,2150,1112,0,10.205835342407227,11.001296997070313,14.065614700317383,15.26860237121582
42.979984771825393,31619.4736477,EXTERNAL_CONTROL,shoulder_lift_joint,0.00432397714096041,0.010337923653423786,-0.0060139465124633765,-0.0037253516663057588,-0.0097881173714995384,0.00606276570519378,0.0094855000024836045,7.8352713899221271E-05,-0.0023589292541146278,-0.047220263606418643,-0.041285644988635066,-11.361993789672852,0,0.70959210395812988,0.17900657653808594,1.2029876708984375,0.019782340154051781,0,0,10.603580474853516,14.604583740234375,2150,1112,0,10.205835342407227,11.001296997070313,14.065614700317383,15.26860237121582
42.979984771825393,31619.473683,EXTERNAL_CONTROL,elbow_joint,0.0014230978875686439,0.0031883688643574715,-0.0017652709767888275,-0.0012260795822783919,0.0023706890642642975,-0.0035967686465426894,0.0095221000010496937,7.8352713899221271E-05,-0.0023589292541146278,-0.047220263606418643,-0.041285644988635066,-10.139235496520996,0,0.70959210395812988,0.17900657653808594,1.2029876708984375,0.019782340154051781,0,0,10.603580474853516,14.604583740234375,2150,1112,0,10.205835342407227,11.001296997070313,14.065614700317383,15.26860237121582
42.979984771825393,31619.4737241,EXTERNAL_CONTROL,wrist_1_joint,-0.00022120360082091706,-0.00048162025632336736,0.0002604166555024503,0.00019057945406436702,0.00036140542943030596,-0.00017082597536593894,0.00956399999995483,7.8352713899221271E-05,-0.0023589292541146278,-0.047220263606418643,-0.041285644988635066,0.1241622269153595,0,0.70959210395812988,0.17900657653808594,1.2029876708984375,0.019782340154051781,0,0,10.603580474853516,14.604583740234375,2150,1112,0,10.205835342407227,11.001296997070313,14.065614700317383,15.26860237121582
42.979984771825393,31619.4737619,EXTERNAL_CONTROL,wrist_2_joint,1.582313306027298,1.5979512929916382,-0.015637986964340156,-0.009922531127143381,-0.0061594927683472633,-0.0037630383587961176,0.0096008000000438187,7.8352713899221271E-05,-0.0023589292541146278,-0.047220263606418643,-0.041285644988635066,-9.91327953338623,0,0.70959210395812988,0.17900657653808594,1.2029876708984375,0.019782340154051781,0,0,10.603580474853516,14.604583740234375,2150,1112,0,10.205835342407227,11.001296997070313,14.065614700317383,15.26860237121582
42.979984771825393,31619.473797,EXTERNAL_CONTROL,wrist_3_joint,-7.9700975673022557E-05,3.8847778341732919E-05,-0.00011854875401475548,6.8666913087274338E-05,-0.0023418813943862915,0.0024105483074735659,0.00963670000055572,7.8352713899221271E-05,-0.0023589292541146278,-0.047220263606418643,-0.041285644988635066,-0.01868780329823494,0,0.70959210395812988,0.17900657653808594,1.2029876708984375,0.019782340154051781,0,0,10.603580474853516,14.604583740234375,2150,1112,0,10.205835342407227,11.001296997070313,14.065614700317383,15.26860237121582
42.999984764739224,31619.4915727,EXTERNAL_CONTROL,shoulder_pan_joint,1.5718390342093476,1.5729724168777466,-0.0011333826683990189,-0.000898351604844967,-0.00048286630772054195,-0.00041548529712442505,0.027414300002419623,-0.0015751197934150696,-0.0029342961497604847,-0.082673658011952408,-0.028768356142363515,-0.35063850879669189,0,0.709678053855896,0.17845344543457031,1.2031192779541016,0,0,0,10.603591918945313,14.60462474822998,2151,1112,0,10.205877304077148,11.001289367675781,14.065372467041016,15.268489837646484
42.999984764739224,31619.4916465,EXTERNAL_CONTROL,shoulder_lift_joint,0.00432397714096041,0.010388477705419064,-0.0060645005644586539,-0.0037253516663057588,-0.011629855260252953,0.0079045035939471937,0.027484599999297643,-0.0015751197934150696,-0.0029342961497604847,-0.082673658011952408,-0.028768356142363515,-12.310469627380371,0,0.709678053855896,0.17845344543457031,1.2031192779541016,0,0,0,10.603591918945313,14.60462474822998,2151,1112,0,10.205877304077148,11.001289367675781,14.065372467041016,15.268489837646484
42.999984764739224,31619.4916786,EXTERNAL_CONTROL,elbow_joint,0.0014230978875686439,0.0032057187054306269,-0.001782620817861983,-0.0012260795822783919,0.009833148680627346,-0.011059228262905738,0.027517099999386119,-0.0015751197934150696,-0.0029342961497604847,-0.082673658011952408,-0.028768356142363515,-10.736668586730957,0,0.709678053855896,0.17845344543457031,1.2031192779541016,0,0,0,10.603591918945313,14.60462474822998,2151,1112,0,10.205877304077148,11.001289367675781,14.065372467041016,15.268489837646484
42.999984764739224,31619.4917139,EXTERNAL_CONTROL,wrist_1_joint,-0.00022120360082091706,-0.00041714153485372663,0.00019593793403280957,0.00019057945406436702,0.0052011227235198021,-0.0050105432694554346,0.027552700001251651,-0.0015751197934150696,-0.0029342961497604847,-0.082673658011952408,-0.028768356142363515,-0.12269416451454163,0,0.709678053855896,0.17845344543457031,1.2031192779541016,0,0,0,10.603591918945313,14.60462474822998,2151,1112,0,10.205877304077148,11.001289367675781,14.065372467041016,15.268489837646484
42.999984764739224,31619.4917452,EXTERNAL_CONTROL,wrist_2_joint,1.582313306027298,1.5976711511611938,-0.01535784513389582,-0.009922531127143381,-0.013368860818445683,0.0034463296913023016,0.027583400002185954,-0.0015751197934150696,-0.0029342961497604847,-0.082673658011952408,-0.028768356142363515,-9.7976236343383789,0,0.709678053855896,0.17845344543457031,1.2031192779541016,0,0,0,10.603591918945313,14.60462474822998,2151,1112,0,10.205877304077148,11.001289367675781,14.065372467041016,15.268489837646484
42.999984764739224,31619.4917857,EXTERNAL_CONTROL,wrist_3_joint,-7.9700975673022557E-05,-7.1095761086326092E-05,-8.6052145866964648E-06,6.8666913087274338E-05,-0.0042853653430938721,0.0043540322561811465,0.027624800000921823,-0.0015751197934150696,-0.0029342961497604847,-0.082673658011952408,-0.028768356142363515,0.11861289292573929,0,0.709678053855896,0.17845344543457031,1.2031192779541016,0,0,0,10.603591918945313,14.60462474822998,2151,1112,0,10.205877304077148,11.001289367675781,14.065372467041016,15.268489837646484
43.019984757653063,31619.5117462,EXTERNAL_CONTROL,shoulder_pan_joint,1.5717256560412878,1.5730495452880859,-0.00132388924679816,-0.00098565223102112373,-0.0019725565798580647,0.000986904348836941,0.019725499998457963,9.7701042250264436E-05,-0.0016903567593544722,0.083641074811518862,0.062196994080697642,-0.36726605892181396,0,0.70976567268371582,0.17817115783691406,1.2031707763671875,0,0,0,10.603562355041504,14.604629516601563,2152,1113,0,10.205825805664063,11.001287460327148,14.065288543701172,15.268459320068359
43.019984757653063,31619.5117871,EXTERNAL_CONTROL,shoulder_lift_joint,0.0038538120685921657,0.010492138564586639,-0.0066383264959944737,-0.0040873764363856292,-0.01613602414727211,0.012048647710886481,0.019762500000069849,9.7701042250264436E-05,-0.0016903567593544722,0.083641074811518862,0.062196994080697642,-11.33543586730957,0,0.70976567268371582,0.17817115783691406,1.2031707763671875,0,0,0,10.603562355041504,14.604629516601563,2152,1113,0,10.205825805664063,11.001287460327148,14.065288543701172,15.268459320068359
43.019984757653063,31619.5118197,EXTERNAL_CONTROL,elbow_joint,0.0012683581885638538,0.0030863336287438869,-0.0018179754401800332,-0.0013452283818101477,0.0083069037646055222,-0.00965213214641567,0.019794399999227608,9.7701042250264436E-05,-0.0016903567593544722,0.083641074811518862,0.062196994080697642,-10.29365062713623,0,0.70976567268371582,0.17817115783691406,1.2031707763671875,0,0,0,10.603562355041504,14.604629516601563,2152,1113,0,10.205825805664063,11.001287460327148,14.065288543701172,15.268459320068359
43.019984757653063,31619.5118837,EXTERNAL_CONTROL,wrist_1_joint,-0.00019715115937693142,-0.00045044158468954265,0.00025329042531261123,0.0002090997144906848,-0.0015745172277092934,0.0017836169421999782,0.019861799999489449,9.7701042250264436E-05,-0.0016903567593544722,0.083641074811518862,0.062196994080697642,0.18389418721199036,0,0.70976567268371582,0.17817115783691406,1.2031707763671875,0,0,0,10.603562355041504,14.604629516601563,2152,1113,0,10.205825805664063,11.001287460327148,14.065288543701172,15.268459320068359
43.019984757653063,31619.5119177,EXTERNAL_CONTROL,wrist_2_joint,1.5810610141678034,1.5974820852279663,-0.016421071060162884,-0.010886789637931611,-0.0088369511067867279,-0.0020498385311448833,0.019905599998310208,9.7701042250264436E-05,-0.0016903567593544722,0.083641074811518862,0.062196994080697642,-9.8365936279296875,0,0.70976567268371582,0.17817115783691406,1.2031707763671875,0,0,0,10.603562355041504,14.604629516601563,2152,1113,0,10.205825805664063,11.001287460327148,14.065288543701172,15.268459320068359
43.019984757653063,31619.5119597,EXTERNAL_CONTROL,wrist_3_joint,-7.1034737676490691E-05,-6.3121544371824712E-05,-7.913193304665979E-06,7.53398732932477E-05,0.0014859940856695175,-0.00141065421237627,0.019934500000090338,9.7701042250264436E-05,-0.0016903567593544722,0.083641074811518862,0.062196994080697642,-0.045693006366491318,0,0.70976567268371582,0.17817115783691406,1.2031707763671875,0,0,0,10.603562355041504,14.604629516601563,2152,1113,0,10.205825805664063,11.001287460327148,14.065288543701172,15.268459320068359
43.039984750566894,31619.5327723,EXTERNAL_CONTROL,shoulder_pan_joint,1.5716857856262794,1.5729631185531616,-0.0012773329268822575,-0.0010072427084625386,-0.0022655259817838669,0.0012582832733213283,0.0033125999980256893,0.00063452939502894878,0.00048695839359425008,0.026841428238098111,0.10886580063644748,-0.42678841948509216,0,0.7098919153213501,0.17763519287109375,1.2031402587890625,0,0,0,10.603582382202148,14.604613304138184,2153,1114,0,10.205877304077148,11.001277923583984,14.065325736999512,15.268465995788574
43.039984750566894,31619.5328191,EXTERNAL_CONTROL,shoulder_lift_joint,0.0036884744477908146,0.010327478870749474,-0.006639004422958659,-0.0041769094440397905,-0.019864208996295929,0.015687299552256138,0.0033546999984537251,0.00063452939502894878,0.00048695839359425008,0.026841428238098111,0.10886580063644748,-12.773359298706055,0,0.7098919153213501,0.17763519287109375,1.2031402587890625,0,0,0,10.603582382202148,14.604613304138184,2153,1114,0,10.205877304077148,11.001277923583984,14.065325736999512,15.268465995788574
43.039984750566894,31619.5328507,EXTERNAL_CONTROL,elbow_joint,0.0012139426328780605,0.0031496617011725903,-0.0019357190682945298,-0.0013746952892212273,0.0098831132054328918,-0.011257808494654119,0.003386199998203665,0.00063452939502894878,0.00048695839359425008,0.026841428238098111,0.10886580063644748,-10.920989036560059,0,0.7098919153213501,0.17763519287109375,1.2031402587890625,0,0,0,10.603582382202148,14.604613304138184,2153,1114,0,10.205877304077148,11.001277923583984,14.065325736999512,15.268465995788574
43.039984750566894,31619.5328875,EXTERNAL_CONTROL,wrist_1_joint,-0.00018869290997362885,-0.000498917477671057,0.00031022456769742813,0.00021367999395095698,-0.0017362367361783981,0.0019499167301293551,0.0034243999980390072,0.00063452939502894878,0.00048695839359425008,0.026841428238098111,0.10886580063644748,0.22217446565628052,0,0.7098919153213501,0.17763519287109375,1.2031402587890625,0,0,0,10.603582382202148,14.604613304138184,2153,1114,0,10.205877304077148,11.001277923583984,14.065325736999512,15.268465995788574
43.039984750566894,31619.5329193,EXTERNAL_CONTROL,wrist_2_joint,1.5806206348866398,1.597095251083374,-0.016474616196734182,-0.011125262172857732,-0.018114699050784111,0.0069894368779263791,0.0034546999995654915,0.00063452939502894878,0.00048695839359425008,0.026841428238098111,0.10886580063644748,-10.117494583129883,0,0.7098919153213501,0.17763519287109375,1.2031402587890625,0,0,0,10.603582382202148,14.604613304138184,2153,1114,0,10.205877304077148,11.001277923583984,14.065325736999512,15.268465995788574
43.039984750566894,31619.5329842,EXTERNAL_CONTROL,wrist_3_joint,-6.798718000822859E-05,-1.0138923244085163E-05,-5.7848256764143427E-05,7.6990175279671236E-05,0.001552117639221251,-0.0014751274639415797,0.0035209999987273477,0.00063452939502894878,0.00048695839359425008,0.026841428238098111,0.10886580063644748,-0.052515473216772079,0,0.7098919153213501,0.17763519287109375,1.2031402587890625,0,0,0,10.603582382202148,14.604613304138184,2153,1114,0,10.205877304077148,11.001277923583984,14.065325736999512,15.268465995788574
43.059984743480726,31619.5524164,EXTERNAL_CONTROL,shoulder_pan_joint,1.5716857856262794,1.5730354785919189,-0.0013496929656395817,-0.0010072427084625386,-0.0031878564041107893,0.0021806136956482505,0.022956499997235369,0.00096168811433017254,0.00091622886247932911,0.016357942424498114,0.02146353191979,-0.41376405954360962,0,0.71004593372344971,0.17675399780273438,1.2030677795410156,0,0,0,10.603567123413086,14.604585647583008,2154,1114,0,10.205850601196289,11.001277923583984,14.065343856811523,15.268411636352539
43.059984743480726,31619.5524812,EXTERNAL_CONTROL,shoulder_lift_joint,0.0036884744477908146,0.010247169062495232,-0.006558694614704417,-0.0041769094440397905,-0.023038323968648911,0.01886141452460912,0.023017899999103975,0.00096168811433017254,0.00091622886247932911,0.016357942424498114,0.02146353191979,-12.191251754760742,0,0.71004593372344971,0.17675399780273438,1.2030677795410156,0,0,0,10.603567123413086,14.604585647583008,2154,1114,0,10.205850601196289,11.001277923583984,14.065343856811523,15.268411636352539
43.059984743480726,31619.5525167,EXTERNAL_CONTROL,elbow_joint,0.0012139426328780605,0.0029867966659367085,-0.001772854033058648,-0.0013746952892212273,0.0054657747969031334,-0.0068404700861243607,0.023053299999446608,0.00096168811433017254,0.00091622886247932911,0.016357942424498114,0.02146353191979,-10.552495956420898,0,0.71004593372344971,0.17675399780273438,1.2030677795410156,0,0,0,10.603567123413086,14.604585647583008,2154,1114,0,10.205850601196289,11.001277923583984,14.065343856811523,15.268411636352539
43.059984743480726,31619.552554,EXTERNAL_CONTROL,wrist_1_joint,-0.00018869290997362885,-0.00049248378491029143,0.00030379087493666258,0.00021367999395095698,0.0016811940586194396,-0.0014675140646684826,0.0230913999985205,0.00096168811433017254,0.00091622886247932911,0.016357942424498114,0.02146353191979,0.092344909906387329,0,0.71004593372344971,0.17675399780273438,1.2030677795410156,0,0,0,10.603567123413086,14.604585647583008,2154,1114,0,10.205850601196289,11.001277923583984,14.065343856811523,15.268411636352539
43.059984743480726,31619.5525878,EXTERNAL_CONTROL,wrist_2_joint,1.5806206348866398,1.5966684818267822,-0.016047846940142385,-0.011125262172857732,-0.021016456186771393,0.0098911940139136609,0.023124100000131875,0.00096168811433017254,0.00091622886247932911,0.016357942424498114,0.02146353191979,-9.99089241027832,0,0.71004593372344971,0.17675399780273438,1.2030677795410156,0,0,0,10.603567123413086,14.604585647583008,2154,1114,0,10.205850601196289,11.001277923583984,14.065343856811523,15.268411636352539
43.059984743480726,31619.5526243,EXTERNAL_CONTROL,wrist_3_joint,-6.798718000822859E-05,-2.7442743885330856E-05,-4.0544436122897734E-05,7.6990175279671236E-05,-0.00092261889949440956,0.00099960907477408085,0.023162199999205768,0.00096168811433017254,0.00091622886247932911,0.016357942424498114,0.02146353191979,-0.016556151211261749,0,0.71004593372344971,0.17675399780273438,1.2030677795410156,0,0,0,10.603567123413086,14.604585647583008,2154,1114,0,10.205850601196289,11.001277923583984,14.065343856811523,15.268411636352539
43.079984736394557,31619.5726198,EXTERNAL_CONTROL,shoulder_pan_joint,1.5716857856262794,1.5730987787246704,-0.0014129930983910466,-0.0010072427084625386,-0.0018470133654773235,0.00083977065701478491,0.043165699997189222,0.0022271338384598494,0.00013794907135888934,0.063272311191502909,-0.038914004922414279,-0.43513348698616028,0,0.71020424365997314,0.17581939697265625,1.2029991149902344,0,0,0,10.603569030761719,14.604545593261719,2155,1114,0,10.205848693847656,11.001277923583984,14.065347671508789,15.268346786499023
43.079984736394557,31619.572705,EXTERNAL_CONTROL,shoulder_lift_joint,0.0036884744477908146,0.010065613314509392,-0.0063771388667185772,-0.0041769094440397905,-0.023237522691488266,0.019060613247448475,0.043246900000667665,0.0022271338384598494,0.00013794907135888934,0.063272311191502909,-0.038914004922414279,-10.982375144958496,0,0.71020424365997314,0.17581939697265625,1.2029991149902344,0,0,0,10.603569030761719,14.604545593261719,2155,1114,0,10.205848693847656,11.001277923583984,14.065347671508789,15.268346786499023
43.079984736394557,31619.5727504,EXTERNAL_CONTROL,elbow_joint,0.0012139426328780605,0.0028264105785638094,-0.0016124679456857489,-0.0013746952892212273,0.0048936847597360611,-0.0062683800489572884,0.043287899999995716,0.0022271338384598494,0.00013794907135888934,0.063272311191502909,-0.038914004922414279,-9.8142490386962891,0,0.71020424365997314,0.17581939697265625,1.2029991149902344,0,0,0,10.603569030761719,14.604545593261719,2155,1114,0,10.205848693847656,11.001277923583984,14.065347671508789,15.268346786499023
43.079984736394557,31619.572795,EXTERNAL_CONTROL,wrist_1_joint,-0.00018869290997362885,-0.0004792523686774075,0.00029055945870377865,0.00021367999395095698,0.0017462923424318433,-0.0015326123484808863,0.0433333999972092,0.0022271338384598494,0.00013794907135888934,0.063272311191502909,-0.038914004922414279,0.063701115548610687,0,0.71020424365997314,0.17581939697265625,1.2029991149902344,0,0,0,10.603569030761719,14.604545593261719,2155,1114,0,10.205848693847656,11.001277923583984,14.065347671508789,15.268346786499023
43.079984736394557,31619.572834,EXTERNAL_CONTROL,wrist_2_joint,1.5806206348866398,1.5962593555450439,-0.015638720658404104,-0.011125262172857732,-0.020941592752933502,0.00981633058007577,0.043372699998144526,0.0022271338384598494,0.00013794907135888934,0.063272311191502909,-0.038914004922414279,-9.7338314056396484,0,0.71020424365997314,0.17581939697265625,1.2029991149902344,0,0,0,10.603569030761719,14.604545593261719,2155,1114,0,10.205848693847656,11.001277923583984,14.065347671508789,15.268346786499023
43.079984736394557,31619.5728759,EXTERNAL_CONTROL,wrist_3_joint,-6.798718000822859E-05,-4.9351612688042223E-05,-1.8635567320186367E-05,7.6990175279671236E-05,9.6108298748731613E-05,-1.9118123469060377E-05,0.043416399999841815,0.0022271338384598494,0.00013794907135888934,0.063272311191502909,-0.038914004922414279,-0.0026097074151039124,0,0.71020424365997314,0.17581939697265625,1.2029991149902344,0,0,0,10.603569030761719,14.604545593261719,2155,1114,0,10.205848693847656,11.001277923583984,14.065347671508789,15.268346786499023
43.099984729308389,31619.5917475,EXTERNAL_CONTROL,shoulder_pan_joint,1.5716451266894862,1.5728453397750854,-0.0012002130855992554,-0.0010250783202619687,-0.003206025343388319,0.0021809470231263506,0.014452700001129415,0.0013457104796543717,-0.00068730756174772978,-0.044071185343137559,-0.041262847949236195,-0.45379060506820679,0,0.71033215522766113,0.17516899108886719,1.2029323577880859,0,0,0,10.603605270385742,14.604514122009277,2156,1115,0,10.205968856811523,11.001237869262695,14.065380096435547,15.268312454223633
43.099984729308389,31619.5917957,EXTERNAL_CONTROL,shoulder_lift_joint,0.003519866925840354,0.010149489156901836,-0.0066296222310614824,-0.0042508714938410547,-0.021680204197764397,0.017429332703923342,0.014496200001303805,0.0013457104796543717,-0.00068730756174772978,-0.044071185343137559,-0.041262847949236195,-10.641907691955566,0,0.71033215522766113,0.17516899108886719,1.2029323577880859,0,0,0,10.603605270385742,14.604514122009277,2156,1115,0,10.205968856811523,11.001237869262695,14.065380096435547,15.268312454223633
43.099984729308389,31619.5918366,EXTERNAL_CONTROL,elbow_joint,0.0011584508944868189,0.002540570916607976,-0.001382120022121157,-0.0013990375170825538,0.00764104537665844,-0.009040082893740994,0.014556900001480244,0.0013457104796543717,-0.00068730756174772978,-0.044071185343137559,-0.041262847949236195,-9.52454662322998,0,0.71033215522766113,0.17516899108886719,1.2029323577880859,0,0,0,10.603605270385742,14.604514122009277,2156,1115,0,10.205968856811523,11.001237869262695,14.065380096435547,15.268312454223633
43.099984729308389,31619.5919385,EXTERNAL_CONTROL,wrist_1_joint,-0.00018006738079873375,-0.00047970161540433764,0.00029963423460560389,0.00021746370307031219,0.0012727186549454927,-0.0010552549518751805,0.014641300000221236,0.0013457104796543717,-0.00068730756174772978,-0.044071185343137559,-0.041262847949236195,0.091475553810596466,0,0.71033215522766113,0.17516899108886719,1.2029323577880859,0,0,0,10.603605270385742,14.604514122009277,2156,1115,0,10.205968856811523,11.001237869262695,14.065380096435547,15.268312454223633
43.099984729308389,31619.5919787,EXTERNAL_CONTROL,wrist_2_joint,1.580171546173766,1.5959175825119019,-0.015746036338135871,-0.011322261223448874,-0.019199727103114128,0.007877465879665254,0.014679100000648759,0.0013457104796543717,-0.00068730756174772978,-0.044071185343137559,-0.041262847949236195,-9.567378044128418,0,0.71033215522766113,0.17516899108886719,1.2029323577880859,0,0,0,10.603605270385742,14.604514122009277,2156,1115,0,10.205968856811523,11.001237869262695,14.065380096435547,15.268312454223633
43.099984729308389,31619.5920322,EXTERNAL_CONTROL,wrist_3_joint,-6.4879350441331878E-05,-3.0816248909104615E-05,-3.4063101532227262E-05,7.83534682249776E-05,9.96262242551893E-05,-2.1272756030211697E-05,0.014733500000147615,0.0013457104796543717,-0.00068730756174772978,-0.044071185343137559,-0.041262847949236195,-0.0031417575664818287,0,0.71033215522766113,0.17516899108886719,1.2029323577880859,0,0,0,10.603605270385742,14.604514122009277,2156,1115,0,10.205968856811523,11.001237869262695,14.065380096435547,15.268312454223633
43.11998472222222,31619.6133946,EXTERNAL_CONTROL,shoulder_pan_joint,1.5716245484612408,1.5727022886276245,-0.0010777401663837338,-0.001032588051545939,-0.0060988920740783215,0.0050663040225323829,0.021150699998543132,0.0023388615809381008,-0.00057685468345880508,0.049657574673007861,0.0055226460952329864,-0.39145445823669434,0,0.71044278144836426,0.17470550537109375,1.202850341796875,0,0,0,10.603597640991211,14.60445499420166,2157,1116,0,10.205959320068359,11.001232147216797,14.065402984619141,15.268253326416016
43.11998472222222,31619.6134394,EXTERNAL_CONTROL,shoulder_lift_joint,0.0034345315889073697,0.010046994313597679,-0.006612462724690309,-0.00428201340954685,-0.02551831491291523,0.021236301503368381,0.021188299997447757,0.0023388615809381008,-0.00057685468345880508,0.049657574673007861,0.0055226460952329864,-11.205348014831543,0,0.71044278144836426,0.17470550537109375,1.202850341796875,0,0,0,10.603597640991211,14.60445499420166,2157,1116,0,10.205959320068359,11.001232147216797,14.065402984619141,15.268253326416016
43.11998472222222,31619.613472,EXTERNAL_CONTROL,elbow_joint,0.0011303655152710269,0.0025206594727933407,-0.0013902939575223137,-0.0014092868761820595,0.012908095493912697,-0.014317382370094757,0.0212214999992284,0.0023388615809381008,-0.00057685468345880508,0.049657574673007861,0.0055226460952329864,-9.84596061706543,0,0.71044278144836426,0.17470550537109375,1.202850341796875,0,0,0,10.603597640991211,14.60445499420166,2157,1116,0,10.205959320068359,11.001232147216797,14.065402984619141,15.268253326416016
43.11998472222222,31619.6135087,EXTERNAL_CONTROL,wrist_1_joint,-0.00017570184342620041,-0.00044771411921828985,0.00027201227579208944,0.00021905684375214603,0.0024133466649800539,-0.002194289821227908,0.021258799999486655,0.0023388615809381008,-0.00057685468345880508,0.049657574673007861,0.0055226460952329864,0.038444355130195618,0,0.71044278144836426,0.17470550537109375,1.202850341796875,0,0,0,10.603597640991211,14.60445499420166,2157,1116,0,10.205959320068359,11.001232147216797,14.065402984619141,15.268253326416016
43.11998472222222,31619.6135452,EXTERNAL_CONTROL,wrist_2_joint,1.5799442541989919,1.5955405235290527,-0.015596269330060863,-0.011405208192118828,-0.018613435328006744,0.0072082271358879166,0.021297699997376185,0.0023388615809381008,-0.00057685468345880508,0.049657574673007861,0.0055226460952329864,-9.676365852355957,0,0.71044278144836426,0.17470550537109375,1.202850341796875,0,0,0,10.603597640991211,14.60445499420166,2157,1116,0,10.205959320068359,11.001232147216797,14.065402984619141,15.268253326416016
43.11998472222222,31619.6136213,EXTERNAL_CONTROL,wrist_3_joint,-6.3306421308909519E-05,-2.7656387828756124E-06,-6.0540782526033907E-05,7.8927486307211865E-05,4.1733874240890145E-05,3.719361206632172E-05,0.021372899998823414,0.0023388615809381008,-0.00057685468345880508,0.049657574673007861,0.0055226460952329864,-0.01117611862719059,0,0.71044278144836426,0.17470550537109375,1.202850341796875,0,0,0,10.603597640991211,14.60445499420166,2157,1116,0,10.205959320068359,11.001232147216797,14.065402984619141,15.268253326416016
43.139984715136052,31619.6338845,EXTERNAL_CONTROL,shoulder_pan_joint,1.5716245484612408,1.5725556612014771,-0.00093111274023627288,-0.001032588051545939,-0.002844217699021101,0.001811629647475162,0.041637700000137556,0.0017715166322886944,-0.0002662676852196455,-0.0283672586341553,0.015529356044202077,-0.35544341802597046,0,0.71052885055541992,0.17440223693847656,1.2027072906494141,0,0,0,10.603611946105957,14.604397773742676,2158,1116,0,10.205951690673828,11.001255035400391,14.06550121307373,15.268208503723145
43.139984715136052,31619.6339282,EXTERNAL_CONTROL,shoulder_lift_joint,0.0034345315889073697,0.009621000848710537,-0.0061864692598031668,-0.00428201340954685,-0.021711902692914009,0.01742988928336716,0.0416771999989578,0.0017715166322886944,-0.0002662676852196455,-0.0283672586341553,0.015529356044202077,-11.03514289855957,0,0.71052885055541992,0.17440223693847656,1.2027072906494141,0,0,0,10.603611946105957,14.604397773742676,2158,1116,0,10.205951690673828,11.001255035400391,14.06550121307373,15.268208503723145
43.139984715136052,31619.6339617,EXTERNAL_CONTROL,elbow_joint,0.0011303655152710269,0.0027457957621663809,-0.0016154302468953539,-0.0014092868761820595,0.010003138333559036,-0.011412425209741096,0.041710699999384815,0.0017715166322886944,-0.0002662676852196455,-0.0283672586341553,0.015529356044202077,-9.79384994506836,0,0.71052885055541992,0.17440223693847656,1.2027072906494141,0,0,0,10.603611946105957,14.604397773742676,2158,1116,0,10.205951690673828,11.001255035400391,14.06550121307373,15.268208503723145
43.139984715136052,31619.6339984,EXTERNAL_CONTROL,wrist_1_joint,-0.00017570184342620041,-0.00045202535693533719,0.00027632351350913677,0.00021905684375214603,0.00022998964414000511,-1.0932800387859082E-05,0.041748699997697258,0.0017715166322886944,-0.0002662676852196455,-0.0283672586341553,0.015529356044202077,0.13507241010665894,0,0.71052885055541992,0.17440223693847656,1.2027072906494141,0,0,0,10.603611946105957,14.604397773742676,2158,1116,0,10.205951690673828,11.001255035400391,14.06550121307373,15.268208503723145
43.139984715136052,31619.6340335,EXTERNAL_CONTROL,wrist_2_joint,1.5799442541989919,1.59519362449646,-0.01524937029746809,-0.011405208192118828,-0.016271358355879784,0.0048661501637609558,0.041783999997278443,0.0017715166322886944,-0.0002662676852196455,-0.0283672586341553,0.015529356044202077,-9.6830120086669922,0,0.71052885055541992,0.17440223693847656,1.2027072906494141,0,0,0,10.603611946105957,14.604397773742676,2158,1116,0,10.205951690673828,11.001255035400391,14.06550121307373,15.268208503723145
43.139984715136052,31619.6340665,EXTERNAL_CONTROL,wrist_3_joint,-6.3306421308909519E-05,2.1804764401167631E-05,-8.511118571007715E-05,7.8927486307211865E-05,-0.00010515857138670981,0.00018408605769392166,0.041816299999482,0.0017715166322886944,-0.0002662676852196455,-0.0283672586341553,0.015529356044202077,-0.019005116075277328,0,0.71052885055541992,0.17440223693847656,1.2027072906494141,0,0,0,10.603611946105957,14.604397773742676,2158,1116,0,10.205951690673828,11.001255035400391,14.06550121307373,15.268208503723145
43.159984708049883,31619.6539934,EXTERNAL_CONTROL,shoulder_pan_joint,1.5716038294255337,1.5723040103912354,-0.00070018096570168,-0.0010391590664194132,0.0017143937293440104,-0.0027535527957634233,0.006415800002287142,-0.0015262684319168329,-0.00021901050058659166,-0.16488931832189763,0.002362860164700737,-0.31201165914535522,0,0.71057248115539551,0.17435455322265625,1.2025184631347656,0.019782340154051781,0,0,10.603609085083008,14.604393005371094,2159,1117,0,10.20594596862793,11.001253128051758,14.065790176391602,15.268308639526367
43.159984708049883,31619.6540785,EXTERNAL_CONTROL,shoulder_lift_joint,0.0033486123410549021,0.0093653146177530289,-0.0060167022766981267,-0.0043092625857894208,-0.021436434239149094,0.017127171653359672,0.0064954000008583535,-0.0015262684319168329,-0.00021901050058659166,-0.16488931832189763,0.002362860164700737,-11.801179885864258,0,0.71057248115539551,0.17435455322265625,1.2025184631347656,0.019782340154051781,0,0,10.603609085083008,14.604393005371094,2159,1117,0,10.20594596862793,11.001253128051758,14.065790176391602,15.268308639526367
43.159984708049883,31619.6541182,EXTERNAL_CONTROL,elbow_joint,0.0011020879605721198,0.0029549833852797747,-0.0018528954247076549,-0.0014182550653941274,0.00998317077755928,-0.011401425842953408,0.0065341000008629635,-0.0015262684319168329,-0.00021901050058659166,-0.16488931832189763,0.002362860164700737,-10.126523971557617,0,0.71057248115539551,0.17435455322265625,1.2025184631347656,0.019782340154051781,0,0,10.603609085083008,14.604393005371094,2159,1117,0,10.20594596862793,11.001253128051758,14.065790176391602,15.268308639526367
43.159984708049883,31619.6541562,EXTERNAL_CONTROL,wrist_1_joint,-0.00017130643466588277,-0.00050198502140119672,0.00033067858673531392,0.00022045084184875056,-0.001815256429836154,0.0020357072716849045,0.00658330000078422,-0.0015262684319168329,-0.00021901050058659166,-0.16488931832189763,0.002362860164700737,0.24274671077728271,0,0.71057248115539551,0.17435455322265625,1.2025184631347656,0.019782340154051781,0,0,10.603609085083008,14.604393005371094,2159,1117,0,10.20594596862793,11.001253128051758,14.065790176391602,15.268308639526367
43.159984708049883,31619.6542052,EXTERNAL_CONTROL,wrist_2_joint,1.5797154069685551,1.5948961973190308,-0.015180790350475704,-0.011477786789705039,-0.012553589418530464,0.0010758026288254247,0.0066215000006195623,-0.0015262684319168329,-0.00021901050058659166,-0.16488931832189763,0.002362860164700737,-9.6443643569946289,0,0.71057248115539551,0.17435455322265625,1.2025184631347656,0.019782340154051781,0,0,10.603609085083008,14.604393005371094,2159,1117,0,10.20594596862793,11.001253128051758,14.065790176391602,15.268308639526367
43.159984708049883,31619.6542405,EXTERNAL_CONTROL,wrist_3_joint,-6.1722729337445286E-05,0.00012866682664025575,-0.00019038955597770103,7.9429752129166851E-05,0.00020491675240918994,-0.0001254870002800231,0.00665810000282363,-0.0015262684319168329,-0.00021901050058659166,-0.16488931832189763,0.002362860164700737,-0.039702001959085464,0,0.71057248115539551,0.17435455322265625,1.2025184631347656,0.019782340154051781,0,0,10.603609085083008,14.604393005371094,2159,1117,0,10.20594596862793,11.001253128051758,14.065790176391602,15.268308639526367
43.179984700963715,31619.6718196,EXTERNAL_CONTROL,shoulder_pan_joint,1.5716038294255337,1.5726368427276611,-0.0010330133021274612,-0.0010391590664194132,0.00011093029752373695,-0.0011500893639431501,0.024239700000180164,-0.0041076121851801872,0.00075128307798877358,-0.1290672386293385,0.048514698086289679,-0.24397017061710358,0,0.71068882942199707,0.17340278625488281,1.2026576995849609,0,0,0,10.603551864624023,14.60448169708252,2160,1117,0,10.205810546875,11.00128173828125,14.065513610839844,15.268171310424805
43.179984700963715,31619.6718615,EXTERNAL_CONTROL,shoulder_lift_joint,0.0033486123410549021,0.0094016613438725471,-0.006053049002817645,-0.0043092625857894208,-0.018581109121441841,0.014271846535652419,0.024277500000607688,-0.0041076121851801872,0.00075128307798877358,-0.1290672386293385,0.048514698086289679,-11.053824424743652,0,0.71068882942199707,0.17340278625488281,1.2026576995849609,0,0,0,10.603551864624023,14.60448169708252,2160,1117,0,10.205810546875,11.00128173828125,14.065513610839844,15.268171310424805
43.179984700963715,31619.6719257,EXTERNAL_CONTROL,elbow_joint,0.0011020879605721198,0.0027199557516723871,-0.0016178677911002674,-0.0014182550653941274,0.0040203537791967392,-0.005438608844590867,0.02434220000213827,-0.0041076121851801872,0.00075128307798877358,-0.1290672386293385,0.048514698086289679,-9.8729162216186523,0,0.71068882942199707,0.17340278625488281,1.2026576995849609,0,0,0,10.603551864624023,14.60448169708252,2160,1117,0,10.205810546875,11.00128173828125,14.065513610839844,15.268171310424805
43.179984700963715,31619.6719653,EXTERNAL_CONTROL,wrist_1_joint,-0.00017130643466588277,-0.00030539746512658894,0.00013409103046070617,0.00022045084184875056,0.01194370724260807,-0.011723256400759319,0.024383100000704871,-0.0041076121851801872,0.00075128307798877358,-0.1290672386293385,0.048514698086289679,-0.39483287930488586,0,0.71068882942199707,0.17340278625488281,1.2026576995849609,0,0,0,10.603551864624023,14.60448169708252,2160,1117,0,10.205810546875,11.00128173828125,14.065513610839844,15.268171310424805
43.179984700963715,31619.6720058,EXTERNAL_CONTROL,wrist_2_joint,1.5797154069685551,1.594658374786377,-0.014942967817821895,-0.011477786789705039,-0.011493237689137459,1.5450899432419354E-05,0.024421800000709482,-0.0041076121851801872,0.00075128307798877358,-0.1290672386293385,0.048514698086289679,-9.6154232025146484,0,0.71068882942199707,0.17340278625488281,1.2026576995849609,0,0,0,10.603551864624023,14.60448169708252,2160,1117,0,10.205810546875,11.00128173828125,14.065513610839844,15.268171310424805
43.179984700963715,31619.6720388,EXTERNAL_CONTROL,wrist_3_joint,-6.1722729337445286E-05,-6.4433959778398275E-05,2.71123044095299E-06,7.9429752129166851E-05,-0.010127037763595581,0.010206467515724748,0.024454500002320856,-0.0041076121851801872,0.00075128307798877358,-0.1290672386293385,0.048514698086289679,0.23774193227291107,0,0.71068882942199707,0.17340278625488281,1.2026576995849609,0,0,0,10.603551864624023,14.60448169708252,2160,1117,0,10.205810546875,11.00128173828125,14.065513610839844,15.268171310424805
43.199984693877546,31619.6917905,EXTERNAL_CONTROL,shoulder_pan_joint,1.5716038294255337,1.5724577903747559,-0.00085396094922218779,-0.0010391590664194132,0.004603976383805275,-0.0056431354502246879,0.044209600000613136,-0.00044274656102061272,0.00053081853548064828,0.18324335356725557,-0.011023231478268418,-0.34238061308860779,0,0.710780143737793,0.17324066162109375,1.2026271820068359,0,0,0,10.603588104248047,14.60448169708252,2161,1117,0,10.205905914306641,11.001258850097656,14.065629959106445,15.268255233764648
43.199984693877546,31619.691831,EXTERNAL_CONTROL,shoulder_lift_joint,0.0033486123410549021,0.0092115337029099464,-0.0058629213618550443,-0.0043092625857894208,-0.018710937350988388,0.014401674765198966,0.044251100000110455,-0.00044274656102061272,0.00053081853548064828,0.18324335356725557,-0.011023231478268418,-10.398313522338867,0,0.710780143737793,0.17324066162109375,1.2026271820068359,0,0,0,10.603588104248047,14.60448169708252,2161,1117,0,10.205905914306641,11.001258850097656,14.065629959106445,15.268255233764648
43.199984693877546,31619.6918695,EXTERNAL_CONTROL,elbow_joint,0.0011020879605721198,0.0028190072625875473,-0.0017169193020154276,-0.0014182550653941274,0.0053369081579148769,-0.0067551632233090048,0.0442858000023989,-0.00044274656102061272,0.00053081853548064828,0.18324335356725557,-0.011023231478268418,-9.5377082824707031,0,0.710780143737793,0.17324066162109375,1.2026271820068359,0,0,0,10.603588104248047,14.60448169708252,2161,1117,0,10.205905914306641,11.001258850097656,14.065629959106445,15.268255233764648
43.199984693877546,31619.6919035,EXTERNAL_CONTROL,wrist_1_joint,-0.00017130643466588277,-0.00041309563675895333,0.00024178920209307056,0.00022045084184875056,-0.0048642344772815704,0.0050846853191303214,0.044320400000287918,-0.00044274656102061272,0.00053081853548064828,0.18324335356725557,-0.011023231478268418,0.30948051810264587,0,0.710780143737793,0.17324066162109375,1.2026271820068359,0,0,0,10.603588104248047,14.60448169708252,2161,1117,0,10.205905914306641,11.001258850097656,14.065629959106445,15.268255233764648
43.199984693877546,31619.6919709,EXTERNAL_CONTROL,wrist_2_joint,1.5797154069685551,1.5944726467132568,-0.014757239744701778,-0.011477786789705039,-0.00634098332375288,-0.0051368034659521594,0.044386000001395587,-0.00044274656102061272,0.00053081853548064828,0.18324335356725557,-0.011023231478268418,-9.7266311645507813,0,0.710780143737793,0.17324066162109375,1.2026271820068359,0,0,0,10.603588104248047,14.60448169708252,2161,1117,0,10.205905914306641,11.001258850097656,14.065629959106445,15.268255233764648
43.199984693877546,31619.6920019,EXTERNAL_CONTROL,wrist_3_joint,-6.1722729337445286E-05,4.6958695747889578E-05,-0.00010868142508533486,7.9429752129166851E-05,0.0030996706336736679,-0.003020240881544501,0.044418200002837693,-0.00044274656102061272,0.00053081853548064828,0.18324335356725557,-0.011023231478268418,-0.087330259382724762,0,0.710780143737793,0.17324066162109375,1.2026271820068359,0,0,0,10.603588104248047,14.60448169708252,2161,1117,0,10.205905914306641,11.001258850097656,14.065629959106445,15.268255233764648
43.219984686791385,31619.7119217,EXTERNAL_CONTROL,shoulder_pan_joint,1.5716038294255337,1.5725321769714355,-0.00092834754590187529,-0.0010391590664194132,0.005198274739086628,-0.0062374338055060409,0.064343199999711942,0.00045448515447787941,0.0024574946146458387,0.04486160348990921,0.096333841998641381,-0.28941008448600769,0,0.71084439754486084,0.17279052734375,1.2025966644287109,0,0,0,10.603593826293945,14.604463577270508,2162,1117,0,10.205934524536133,11.001249313354492,14.065652847290039,15.268251419067383
43.219984686791385,31619.7119671,EXTERNAL_CONTROL,shoulder_lift_joint,0.0033486123410549021,0.0092338444665074348,-0.0058852321254525327,-0.0043092625857894208,-0.020624363794922829,0.016315101209133407,0.064385500001662876,0.00045448515447787941,0.0024574946146458387,0.04486160348990921,0.096333841998641381,-10.803924560546875,0,0.71084439754486084,0.17279052734375,1.2025966644287109,0,0,0,10.603593826293945,14.604463577270508,2162,1117,0,10.205934524536133,11.001249313354492,14.065652847290039,15.268251419067383
43.219984686791385,31619.7120058,EXTERNAL_CONTROL,elbow_joint,0.0011020879605721198,0.002722754143178463,-0.0016206661826063432,-0.0014182550653941274,0.0083153694868087769,-0.0097336245522029047,0.064421700000821147,0.00045448515447787941,0.0024574946146458387,0.04486160348990921,0.096333841998641381,-9.6973018646240234,0,0.71084439754486084,0.17279052734375,1.2025966644287109,0,0,0,10.603593826293945,14.604463577270508,2162,1117,0,10.205934524536133,11.001249313354492,14.065652847290039,15.268251419067383
43.219984686791385,31619.7120406,EXTERNAL_CONTROL,wrist_1_joint,-0.00017130643466588277,-0.00040045878267847,0.00022915234801258724,0.00022045084184875056,0.0017011798918247223,-0.0014807290499759718,0.064456700001755962,0.00045448515447787941,0.0024574946146458387,0.04486160348990921,0.096333841998641381,0.04841744527220726,0,0.71084439754486084,0.17279052734375,1.2025966644287109,0,0,0,10.603593826293945,14.604463577270508,2162,1117,0,10.205934524536133,11.001249313354492,14.065652847290039,15.268251419067383
43.219984686791385,31619.7120771,EXTERNAL_CONTROL,wrist_2_joint,1.5797154069685551,1.5943472385406494,-0.014631831572094356,-0.011477786789705039,-0.005947489757090807,-0.0055302970326142325,0.064493000001675682,0.00045448515447787941,0.0024574946146458387,0.04486160348990921,0.096333841998641381,-9.656153678894043,0,0.71084439754486084,0.17279052734375,1.2025966644287109,0,0,0,10.603593826293945,14.604463577270508,2162,1117,0,10.205934524536133,11.001249313354492,14.065652847290039,15.268251419067383
43.219984686791385,31619.7121118,EXTERNAL_CONTROL,wrist_3_joint,-6.1722729337445286E-05,3.12039082928095E-05,-9.2926637630254787E-05,7.9429752129166851E-05,-0.00082105840556323528,0.00090048815769240217,0.064531100000749575,0.00045448515447787941,0.0024574946146458387,0.04486160348990921,0.096333841998641381,-0.0089587830007076263,0,0.71084439754486084,0.17279052734375,1.2025966644287109,0,0,0,10.603593826293945,14.604463577270508,2162,1117,0,10.205934524536133,11.001249313354492,14.065652847290039,15.268251419067383
43.239984679705216,31619.7318497,EXTERNAL_CONTROL,shoulder_pan_joint,1.5715829883566934,1.57249915599823,-0.00091616764153656938,-0.001044791364882391,-0.0101533904671669,0.00910859910228451,0.019524299998010974,-0.0021650176495313644,0.0039656637236475945,-0.13097519192004703,0.075408485227448627,-0.3114013671875,0,0.71086359024047852,0.17281532287597656,1.2025394439697266,0.019782340154051781,0,0,10.60356616973877,14.604497909545898,2163,1118,0,10.205825805664063,11.001283645629883,14.065771102905273,15.268310546875
43.239984679705216,31619.7318925,EXTERNAL_CONTROL,shoulder_lift_joint,0.0032621870370722152,0.0090247495099902153,-0.0057625624729180005,-0.0043326190225687674,-0.026365749537944794,0.022033130515376025,0.019563699999707751,-0.0021650176495313644,0.0039656637236475945,-0.13097519192004703,0.075408485227448627,-10.524803161621094,0,0.71086359024047852,0.17281532287597656,1.2025394439697266,0.019782340154051781,0,0,10.60356616973877,14.604497909545898,2163,1118,0,10.205825805664063,11.001283645629883,14.065771102905273,15.268310546875
43.239984679705216,31619.7319349,EXTERNAL_CONTROL,elbow_joint,0.0010736438537878451,0.0027482686564326286,-0.0016746248026447835,-0.0014259420847187569,0.016604766249656677,-0.018030708334375433,0.019605899997259257,-0.0021650176495313644,0.0039656637236475945,-0.13097519192004703,0.075408485227448627,-9.50400161743164,0,0.71086359024047852,0.17281532287597656,1.2025394439697266,0.019782340154051781,0,0,10.60356616973877,14.604497909545898,2163,1118,0,10.205825805664063,11.001283645629883,14.065771102905273,15.268310546875
43.239984679705216,31619.7319713,EXTERNAL_CONTROL,wrist_1_joint,-0.00016688513736948531,-0.00040345574961975217,0.00023657061225026686,0.00022164569736012594,0.00073403038550168276,-0.00051238468814155682,0.019643199997517513,-0.0021650176495313644,0.0039656637236475945,-0.13097519192004703,0.075408485227448627,0.0824178159236908,0,0.71086359024047852,0.17281532287597656,1.2025394439697266,0.019782340154051781,0,0,10.60356616973877,14.604497909545898,2163,1118,0,10.205825805664063,11.001283645629883,14.065771102905273,15.268310546875
43.239984679705216,31619.7320066,EXTERNAL_CONTROL,wrist_2_joint,1.5794852118498774,1.5942338705062866,-0.014748658656409175,-0.011539997016207509,-0.0072483066469430923,-0.0042916903692644167,0.019681599998875754,-0.0021650176495313644,0.0039656637236475945,-0.13097519192004703,0.075408485227448627,-9.6030673980712891,0,0.71086359024047852,0.17281532287597656,1.2025394439697266,0.019782340154051781,0,0,10.60356616973877,14.604497909545898,2163,1118,0,10.205825805664063,11.001283645629883,14.065771102905273,15.268310546875
43.239984679705216,31619.7320452,EXTERNAL_CONTROL,wrist_3_joint,-6.0129709572144721E-05,9.3711234512738883E-05,-0.0001538409440848836,7.9860265690842561E-05,0.0012278857175260782,-0.0011480254518352357,0.019725999998627231,-0.0021650176495313644,0.0039656637236475945,-0.13097519192004703,0.075408485227448627,-0.062709324061870575,0,0.71086359024047852,0.17281532287597656,1.2025394439697266,0.019782340154051781,0,0,10.60356616973877,14.604497909545898,2163,1118,0,10.205825805664063,11.001283645629883,14.065771102905273,15.268310546875
43.259984672619048,31619.752716,EXTERNAL_CONTROL,shoulder_pan_joint,1.5715410152169254,1.5724201202392578,-0.00087910502233246035,-0.0010532398125768579,0.012490265071392059,-0.013543504883968917,0.013034100000368198,-0.0021856536623090506,0.00023885720293037593,-0.0010318010463226993,-0.18634039961810173,-0.30793559551239014,0,0.71088516712188721,0.17271995544433594,1.2023963928222656,0.027976455166935921,0,0,10.603582382202148,14.604518890380859,2164,1119,0,10.205902099609375,11.001253128051758,14.066055297851563,15.268451690673828
43.259984672619048,31619.7527627,EXTERNAL_CONTROL,shoulder_lift_joint,0.0030881296798732408,0.0094192428514361382,-0.0063311131715628969,-0.0043676536777377869,-0.013880211859941483,0.0095125581822036957,0.013095399997837376,-0.0021856536623090506,0.00023885720293037593,-0.0010318010463226993,-0.18634039961810173,-10.374606132507324,0,0.71088516712188721,0.17271995544433594,1.2023963928222656,0.027976455166935921,0,0,10.603582382202148,14.604518890380859,2164,1119,0,10.205902099609375,11.001253128051758,14.066055297851563,15.268451690673828
43.259984672619048,31619.7528566,EXTERNAL_CONTROL,elbow_joint,0.00101635847755419,0.0022659720852971077,-0.0012496136077429177,-0.001437472613705701,0.0056579150259494781,-0.0070953876396551794,0.013175399999454385,-0.0021856536623090506,0.00023885720293037593,-0.0010318010463226993,-0.18634039961810173,-9.7874565124511719,0,0.71088516712188721,0.17271995544433594,1.2023963928222656,0.027976455166935921,0,0,10.603582382202148,14.604518890380859,2164,1119,0,10.205902099609375,11.001253128051758,14.066055297851563,15.268451690673828
43.259984672619048,31619.7529017,EXTERNAL_CONTROL,wrist_1_joint,-0.00015798080857526927,-0.00050861050840467215,0.00035062969982940285,0.00022343798062718896,-0.004507098812609911,0.0047305367932371,0.013217299998359522,-0.0021856536623090506,0.00023885720293037593,-0.0010318010463226993,-0.18634039961810173,0.34993934631347656,0,0.71088516712188721,0.17271995544433594,1.2023963928222656,0.027976455166935921,0,0,10.603582382202148,14.604518890380859,2164,1119,0,10.205902099609375,11.001253128051758,14.066055297851563,15.268451690673828
43.259984672619048,31619.7529407,EXTERNAL_CONTROL,wrist_2_joint,1.5790216074174865,1.5942730903625488,-0.015251482945062289,-0.011633312355961207,-0.0035442234948277473,-0.00808908886113346,0.013255199999548495,-0.0021856536623090506,0.00023885720293037593,-0.0010318010463226993,-0.18634039961810173,-9.7455472946167,0,0.71088516712188721,0.17271995544433594,1.2023963928222656,0.027976455166935921,0,0,10.603582382202148,14.604518890380859,2164,1119,0,10.205902099609375,11.001253128051758,14.066055297851563,15.268451690673828
43.259984672619048,31619.7529778,EXTERNAL_CONTROL,wrist_3_joint,-5.6921426840857018E-05,0.00016924063675105572,-0.00022616206359191274,8.0506036033356127E-05,0.00029363523935899138,-0.00021312920332563524,0.013293600000906736,-0.0021856536623090506,0.00023885720293037593,-0.0010318010463226993,-0.18634039961810173,-0.044376805424690247,0,0.71088516712188721,0.17271995544433594,1.2023963928222656,0.027976455166935921,0,0,10.603582382202148,14.604518890380859,2164,1119,0,10.205902099609375,11.001253128051758,14.066055297851563,15.268451690673828
43.279984665532879,31619.7733997,EXTERNAL_CONTROL,shoulder_pan_joint,1.5715410152169254,1.5727713108062744,-0.0012302955893490619,-0.0010532398125768579,0.0049424422904849052,-0.0059956821030617627,0.033716699999786215,-0.002855753293260932,0.0012954708654433489,-0.033504994778072263,0.052830703987477808,-0.2973024845123291,0,0.71097350120544434,0.17174530029296875,1.2025852203369141,0,0,0,10.603580474853516,14.60459041595459,2165,1119,0,10.205862045288086,11.001283645629883,14.065727233886719,15.268312454223633
43.279984665532879,31619.7734434,EXTERNAL_CONTROL,shoulder_lift_joint,0.0030881296798732408,0.0092722773551940918,-0.0061841476753208505,-0.0043676536777377869,-0.018375847488641739,0.014008193810903952,0.03375650000089081,-0.002855753293260932,0.0012954708654433489,-0.033504994778072263,0.052830703987477808,-11.203548431396484,0,0.71097350120544434,0.17174530029296875,1.2025852203369141,0,0,0,10.603580474853516,14.60459041595459,2165,1119,0,10.205862045288086,11.001283645629883,14.065727233886719,15.268312454223633
43.279984665532879,31619.773476,EXTERNAL_CONTROL,elbow_joint,0.00101635847755419,0.0022918893955647945,-0.0012755309180106046,-0.001437472613705701,0.010284677147865295,-0.011722149761570997,0.033789699999033473,-0.002855753293260932,0.0012954708654433489,-0.033504994778072263,0.052830703987477808,-9.8564729690551758,0,0.71097350120544434,0.17174530029296875,1.2025852203369141,0,0,0,10.603580474853516,14.60459041595459,2165,1119,0,10.205862045288086,11.001283645629883,14.065727233886719,15.268312454223633
43.279984665532879,31619.7735465,EXTERNAL_CONTROL,wrist_1_joint,-0.00015798080857526927,-0.00026393798179924488,0.00010595717322397561,0.00022343798062718896,0.015032453462481499,-0.01480901548185431,0.033860299998195842,-0.002855753293260932,0.0012954708654433489,-0.033504994778072263,0.052830703987477808,-0.53626513481140137,0,0.71097350120544434,0.17174530029296875,1.2025852203369141,0,0,0,10.603580474853516,14.60459041595459,2165,1119,0,10.205862045288086,11.001283645629883,14.065727233886719,15.268312454223633
43.279984665532879,31619.7735788,EXTERNAL_CONTROL,wrist_2_joint,1.5790216074174865,1.5940448045730591,-0.015023197155572543,-0.011633312355961207,-0.01064937561750412,-0.00098393673845708664,0.033892200000991579,-0.002855753293260932,0.0012954708654433489,-0.033504994778072263,0.052830703987477808,-9.6967315673828125,0,0.71097350120544434,0.17174530029296875,1.2025852203369141,0,0,0,10.603580474853516,14.60459041595459,2165,1119,0,10.205862045288086,11.001283645629883,14.065727233886719,15.268312454223633
43.279984665532879,31619.7736128,EXTERNAL_CONTROL,wrist_3_joint,-5.6921426840857018E-05,-4.253318184055388E-05,-1.4388245000303138E-05,8.0506036033356127E-05,-0.01062366459518671,0.010704170631220066,0.033926500000234228,-0.002855753293260932,0.0012954708654433489,-0.033504994778072263,0.052830703987477808,0.24706251919269562,0,0.71097350120544434,0.17174530029296875,1.2025852203369141,0,0,0,10.603580474853516,14.60459041595459,2165,1119,0,10.205862045288086,11.001283645629883,14.065727233886719,15.268312454223633
43.299984658446711,31619.7912258,EXTERNAL_CONTROL,shoulder_pan_joint,1.5714352609906461,1.5726712942123413,-0.0012360332216951875,-0.0010579333946293392,-0.00074857613071799278,-0.00030935726391134646,0.013733499999943888,-0.00095014425460249186,-7.29176972527057E-05,0.095280489557355241,-0.068419455152329972,-0.40111151337623596,0,0.711031436920166,0.17181396484375,1.2025871276855469,0,0,0,10.60357666015625,14.604598045349121,2166,1120,0,10.205844879150391,11.001289367675781,14.065807342529297,15.268394470214844
43.299984658446711,31619.7912765,EXTERNAL_CONTROL,shoulder_lift_joint,0.0026495801398454845,0.0091260671615600586,-0.0064764870217145741,-0.0043871173750539083,-0.016501545906066895,0.012114428531012987,0.01378149999800371,-0.00095014425460249186,-7.29176972527057E-05,0.095280489557355241,-0.068419455152329972,-11.488966941833496,0,0.711031436920166,0.17181396484375,1.2025871276855469,0,0,0,10.60357666015625,14.604598045349121,2166,1120,0,10.205844879150391,11.001289367675781,14.065807342529297,15.268394470214844
43.299984658446711,31619.7913161,EXTERNAL_CONTROL,elbow_joint,0.00087202401331854418,0.0024330350570380688,-0.0015610110437195247,-0.0014438784631428921,0.012036118656396866,-0.013479997119539757,0.013834400000632741,-0.00095014425460249186,-7.29176972527057E-05,0.095280489557355241,-0.068419455152329972,-10.011477470397949,0,0.711031436920166,0.17181396484375,1.2025871276855469,0,0,0,10.60357666015625,14.604598045349121,2166,1120,0,10.205844879150391,11.001289367675781,14.065807342529297,15.268394470214844
43.299984658446711,31619.791374,EXTERNAL_CONTROL,wrist_1_joint,-0.00013554573682765365,-0.00032486455165781081,0.00018931881483015716,0.00022443369355333505,-0.0030454685911536217,0.0032699022847069567,0.013881499999115476,-0.00095014425460249186,-7.29176972527057E-05,0.095280489557355241,-0.068419455152329972,0.21055090427398682,0,0.711031436920166,0.17181396484375,1.2025871276855469,0,0,0,10.60357666015625,14.604598045349121,2166,1120,0,10.205844879150391,11.001289367675781,14.065807342529297,15.268394470214844
43.299984658446711,31619.791415,EXTERNAL_CONTROL,wrist_2_joint,1.5778535240118101,1.5938897132873535,-0.0160361892755434,-0.011685154211379927,-0.0067188008688390255,-0.0049663533425409016,0.013921599998866441,-0.00095014425460249186,-7.29176972527057E-05,0.095280489557355241,-0.068419455152329972,-9.7710151672363281,0,0.711031436920166,0.17181396484375,1.2025871276855469,0,0,0,10.60357666015625,14.604598045349121,2166,1120,0,10.205844879150391,11.001289367675781,14.065807342529297,15.268394470214844
43.299984658446711,31619.7914974,EXTERNAL_CONTROL,wrist_3_joint,-4.8837936784893405E-05,7.65785516705364E-05,-0.0001254164884554298,8.0864797334752547E-05,0.004139079712331295,-0.0040582149149965422,0.014002699997945456,-0.00095014425460249186,-7.29176972527057E-05,0.095280489557355241,-0.068419455152329972,-0.13340403139591217,0,0.711031436920166,0.17181396484375,1.2025871276855469,0,0,0,10.60357666015625,14.604598045349121,2166,1120,0,10.205844879150391,11.001289367675781,14.065807342529297,15.268394470214844
43.319984651360542,31619.8142248,EXTERNAL_CONTROL,shoulder_pan_joint,1.5714352609906461,1.5727493762969971,-0.0013141153063509492,-0.0010579333946293392,-0.0089814374223351479,0.0079235040277058078,0.036734999997861451,-0.0017454734770581126,0.0066927489824593067,-0.039766476825798092,0.33828346756723732,-0.40295714139938354,0,0.71114039421081543,0.17114448547363281,1.2026634216308594,0,0,0,10.603578567504883,14.604642868041992,2167,1120,0,10.20585823059082,11.001287460327148,14.065696716308594,15.268360137939453
43.319984651360542,31619.8142715,EXTERNAL_CONTROL,shoulder_lift_joint,0.0026495801398454845,0.0091070309281349182,-0.0064574507882894337,-0.0043871173750539083,-0.024906441569328308,0.0205193241942744,0.036773100000573322,-0.0017454734770581126,0.0066927489824593067,-0.039766476825798092,0.33828346756723732,-12.474544525146484,0,0.71114039421081543,0.17114448547363281,1.2026634216308594,0,0,0,10.603578567504883,14.604642868041992,2167,1120,0,10.20585823059082,11.001287460327148,14.065696716308594,15.268360137939453
43.319984651360542,31619.8143032,EXTERNAL_CONTROL,elbow_joint,0.00087202401331854418,0.0024114679545164108,-0.0015394439411978668,-0.0014438784631428921,0.021337073296308517,-0.022780951759451409,0.036805499999900348,-0.0017454734770581126,0.0066927489824593067,-0.039766476825798092,0.33828346756723732,-10.789032936096191,0,0.71114039421081543,0.17114448547363281,1.2026634216308594,0,0,0,10.603578567504883,14.604642868041992,2167,1120,0,10.20585823059082,11.001287460327148,14.065696716308594,15.268360137939453
43.319984651360542,31619.8143368,EXTERNAL_CONTROL,wrist_1_joint,-0.00013554573682765365,-0.00028091116109862924,0.00014536542427097559,0.00022443369355333505,0.0035772535484284163,-0.0033528198548750813,0.036839899999904446,-0.0017454734770581126,0.0066927489824593067,-0.039766476825798092,0.33828346756723732,-0.081376500427722931,0,0.71114039421081543,0.17114448547363281,1.2026634216308594,0,0,0,10.603578567504883,14.604642868041992,2167,1120,0,10.20585823059082,11.001287460327148,14.065696716308594,15.268360137939453
43.319984651360542,31619.8143691,EXTERNAL_CONTROL,wrist_2_joint,1.5778535240118101,1.5935704708099365,-0.015716946798126408,-0.011685154211379927,-0.018277820199728012,0.006592665988348085,0.036871299998892937,-0.0017454734770581126,0.0066927489824593067,-0.039766476825798092,0.33828346756723732,-9.9760351181030273,0,0.71114039421081543,0.17114448547363281,1.2026634216308594,0,0,0,10.603578567504883,14.604642868041992,2167,1120,0,10.20585823059082,11.001287460327148,14.065696716308594,15.268360137939453
43.319984651360542,31619.8144,EXTERNAL_CONTROL,wrist_3_joint,-4.8837936784893405E-05,2.694795693969354E-05,-7.5785893724586938E-05,8.0864797334752547E-05,-0.0011698596645146608,0.0012507244618494135,0.036903199998050695,-0.0017454734770581126,0.0066927489824593067,-0.039766476825798092,0.33828346756723732,0.014519655145704746,0,0.71114039421081543,0.17114448547363281,1.2026634216308594,0,0,0,10.603578567504883,14.604642868041992,2167,1120,0,10.20585823059082,11.001287460327148,14.065696716308594,15.268360137939453
43.339984644274374,31619.8329017,EXTERNAL_CONTROL,shoulder_pan_joint,1.5713719961981609,1.572651743888855,-0.0012797476906940553,-0.0010494849469348724,-0.00093968119472265244,-0.00010980375221221993,0.009855999996943865,-0.00059234030777588487,0.00021965647465549409,0.057656681231626164,-0.32365475319522929,-0.42603442072868347,0,0.71125507354736328,0.17071151733398438,1.2026405334472656,0,0,0,10.603572845458984,14.604659080505371,2168,1121,0,10.205888748168945,11.001258850097656,14.065740585327148,15.268381118774414
43.339984644274374,31619.8330117,EXTERNAL_CONTROL,shoulder_lift_joint,0.0023872289637214745,0.0092798955738544464,-0.0068926666101329723,-0.004352082719884888,-0.021754534915089607,0.017402452195204719,0.0099437999997462612,-0.00059234030777588487,0.00021965647465549409,0.057656681231626164,-0.32365475319522929,-11.288699150085449,0,0.71125507354736328,0.17071151733398438,1.2026405334472656,0,0,0,10.603572845458984,14.604659080505371,2168,1121,0,10.205888748168945,11.001258850097656,14.065740585327148,15.268381118774414
43.339984644274374,31619.8330466,EXTERNAL_CONTROL,elbow_joint,0.000785679568754644,0.0021548245567828417,-0.0013691449880281975,-0.0014323479341559477,0.010276379063725471,-0.011708726997881419,0.0099776999995810911,-0.00059234030777588487,0.00021965647465549409,0.057656681231626164,-0.32365475319522929,-10.078092575073242,0,0.71125507354736328,0.17071151733398438,1.2026405334472656,0,0,0,10.603572845458984,14.604659080505371,2168,1121,0,10.205888748168945,11.001258850097656,14.065740585327148,15.268381118774414
43.339984644274374,31619.8330825,EXTERNAL_CONTROL,wrist_1_joint,-0.0001221245222961301,-0.00032638790435157716,0.00020426338205544706,0.00022264141028627198,-0.0021702595986425877,0.0023929010089288596,0.01001459999679355,-0.00059234030777588487,0.00021965647465549409,0.057656681231626164,-0.32365475319522929,0.18407848477363586,0,0.71125507354736328,0.17071151733398438,1.2026405334472656,0,0,0,10.603572845458984,14.604659080505371,2168,1121,0,10.205888748168945,11.001258850097656,14.065740585327148,15.268381118774414
43.339984644274374,31619.8331163,EXTERNAL_CONTROL,wrist_2_joint,1.5771547476426213,1.5933175086975098,-0.016162761054888453,-0.011591838871626226,-0.013874078169465065,0.0022822392978388388,0.010048599997389829,-0.00059234030777588487,0.00021965647465549409,0.057656681231626164,-0.32365475319522929,-9.88702392578125,0,0.71125507354736328,0.17071151733398438,1.2026405334472656,0,0,0,10.603572845458984,14.604659080505371,2168,1121,0,10.205888748168945,11.001258850097656,14.065740585327148,15.268381118774414
43.339984644274374,31619.8331499,EXTERNAL_CONTROL,wrist_3_joint,-4.4002193203371077E-05,6.4991771068889648E-05,-0.00010899396427226072,8.0219026992238982E-05,0.0018332714680582285,-0.0017530524410659895,0.010082499997224659,-0.00059234030777588487,0.00021965647465549409,0.057656681231626164,-0.32365475319522929,-0.067125506699085236,0,0.71125507354736328,0.17071151733398438,1.2026405334472656,0,0,0,10.603572845458984,14.604659080505371,2168,1121,0,10.205888748168945,11.001258850097656,14.065740585327148,15.268381118774414
43.359984637188205,31619.8527156,EXTERNAL_CONTROL,shoulder_pan_joint,1.5713719961981609,1.5727022886276245,-0.0013302924294635865,-0.0010494849469348724,-0.0023356650490313768,0.0012861801020965045,0.029663699999218807,-0.00095271959435194731,0.00068336911499500275,-0.01801897144414847,0.023185641172539309,-0.41559356451034546,0,0.71138656139373779,0.17011642456054688,1.2025642395019531,0,0,0,10.603562355041504,14.604674339294434,2169,1121,0,10.205839157104492,11.001283645629883,14.065804481506348,15.2683687210083
43.359984637188205,31619.8527721,EXTERNAL_CONTROL,shoulder_lift_joint,0.0023872289637214745,0.0091140531003475189,-0.0067268241366260449,-0.004352082719884888,-0.0227048359811306,0.018352753261245712,0.029705499997362494,-0.00095271959435194731,0.00068336911499500275,-0.01801897144414847,0.023185641172539309,-11.477335929870605,0,0.71138656139373779,0.17011642456054688,1.2025642395019531,0,0,0,10.603562355041504,14.604674339294434,2169,1121,0,10.205839157104492,11.001283645629883,14.065804481506348,15.2683687210083
43.359984637188205,31619.8528126,EXTERNAL_CONTROL,elbow_joint,0.000785679568754644,0.0021046767942607403,-0.0013189972255060961,-0.0014323479341559477,0.00884750485420227,-0.010279852788358218,0.029743099999905098,-0.00095271959435194731,0.00068336911499500275,-0.01801897144414847,0.023185641172539309,-10.125569343566895,0,0.71138656139373779,0.17011642456054688,1.2025642395019531,0,0,0,10.603562355041504,14.604674339294434,2169,1121,0,10.205839157104492,11.001283645629883,14.065804481506348,15.2683687210083
43.359984637188205,31619.8528798,EXTERNAL_CONTROL,wrist_1_joint,-0.0001221245222961301,-0.00032856958569027483,0.00020644506339414473,0.00022264141028627198,0.0011628044303506613,-0.00094016302006438932,0.029811999997036764,-0.00095271959435194731,0.00068336911499500275,-0.01801897144414847,0.023185641172539309,0.0895167738199234,0,0.71138656139373779,0.17011642456054688,1.2025642395019531,0,0,0,10.603562355041504,14.604674339294434,2169,1121,0,10.205839157104492,11.001283645629883,14.065804481506348,15.2683687210083
43.359984637188205,31619.8529133,EXTERNAL_CONTROL,wrist_2_joint,1.5771547476426213,1.5929545164108276,-0.015799768768206324,-0.011591838871626226,-0.018544772639870644,0.0069529337682444174,0.02984429999924032,-0.00095271959435194731,0.00068336911499500275,-0.01801897144414847,0.023185641172539309,-9.9083099365234375,0,0.71138656139373779,0.17011642456054688,1.2025642395019531,0,0,0,10.603562355041504,14.604674339294434,2169,1121,0,10.205839157104492,11.001283645629883,14.065804481506348,15.2683687210083
43.359984637188205,31619.8529457,EXTERNAL_CONTROL,wrist_3_joint,-4.4002193203371077E-05,5.7001852837856859E-05,-0.00010100404604122793,8.0219026992238982E-05,-0.0015037530101835728,0.0015839720371758118,0.02988319999712985,-0.00095271959435194731,0.00068336911499500275,-0.01801897144414847,0.023185641172539309,-0.034794069826602936,0,0.71138656139373779,0.17011642456054688,1.2025642395019531,0,0,0,10.603562355041504,14.604674339294434,2169,1121,0,10.205839157104492,11.001283645629883,14.065804481506348,15.2683687210083
43.379984630102037,31619.8731507,EXTERNAL_CONTROL,shoulder_pan_joint,1.5713719961981609,1.5724823474884033,-0.0011103512902423951,-0.0010494849469348724,0.0020718823652714491,-0.0031213673122063215,0.050088899999536807,-0.0020674122497439384,1.1868903129652608E-05,-0.055734654778143045,-0.033575023851398836,-0.43049240112304688,0,0.7114875316619873,0.16960906982421875,1.2024192810058594,0,0,0,10.6035795211792,14.604709625244141,2170,1121,0,10.2059326171875,11.001239776611328,14.066020965576172,15.268440246582031
43.379984630102037,31619.8731989,EXTERNAL_CONTROL,shoulder_lift_joint,0.0023872289637214745,0.00935178529471159,-0.0069645563309901157,-0.004352082719884888,-0.02376876212656498,0.019416679406680092,0.050130499999795575,-0.0020674122497439384,1.1868903129652608E-05,-0.055734654778143045,-0.033575023851398836,-11.597251892089844,0,0.7114875316619873,0.16960906982421875,1.2024192810058594,0,0,0,10.6035795211792,14.604709625244141,2170,1121,0,10.2059326171875,11.001239776611328,14.066020965576172,15.268440246582031
43.379984630102037,31619.8732348,EXTERNAL_CONTROL,elbow_joint,0.000785679568754644,0.0017773418221622705,-0.00099166225340762641,-0.0014323479341559477,0.013482777401804924,-0.014915125335960872,0.050165999997261679,-0.0020674122497439384,1.1868903129652608E-05,-0.055734654778143045,-0.033575023851398836,-9.9962949752807617,0,0.7114875316619873,0.16960906982421875,1.2024192810058594,0,0,0,10.6035795211792,14.604709625244141,2170,1121,0,10.2059326171875,11.001239776611328,14.066020965576172,15.268440246582031
43.379984630102037,31619.8732683,EXTERNAL_CONTROL,wrist_1_joint,-0.0001221245222961301,-0.00035783063503913581,0.00023570611274300571,0.00022264141028627198,-0.0017684202175587416,0.0019910616278450135,0.050202200000057928,-0.0020674122497439384,1.1868903129652608E-05,-0.055734654778143045,-0.033575023851398836,0.20361247658729553,0,0.7114875316619873,0.16960906982421875,1.2024192810058594,0,0,0,10.6035795211792,14.604709625244141,2170,1121,0,10.2059326171875,11.001239776611328,14.066020965576172,15.268440246582031
43.379984630102037,31619.8733031,EXTERNAL_CONTROL,wrist_2_joint,1.5771547476426213,1.592658519744873,-0.015503772102251734,-0.011591838871626226,-0.019139418378472328,0.007547579506846102,0.050234299997100607,-0.0020674122497439384,1.1868903129652608E-05,-0.055734654778143045,-0.033575023851398836,-9.6936073303222656,0,0.7114875316619873,0.16960906982421875,1.2024192810058594,0,0,0,10.6035795211792,14.604709625244141,2170,1121,0,10.2059326171875,11.001239776611328,14.066020965576172,15.268440246582031
43.379984630102037,31619.8733721,EXTERNAL_CONTROL,wrist_3_joint,-4.4002193203371077E-05,8.4832870925311E-05,-0.00012883506412868207,8.0219026992238982E-05,0.00015008822083473206,-6.9869193842493074E-05,0.050304999997024424,-0.0020674122497439384,1.1868903129652608E-05,-0.055734654778143045,-0.033575023851398836,-0.032563444226980209,0,0.7114875316619873,0.16960906982421875,1.2024192810058594,0,0,0,10.6035795211792,14.604709625244141,2170,1121,0,10.2059326171875,11.001239776611328,14.066020965576172,15.268440246582031
43.399984623015868,31619.8935974,EXTERNAL_CONTROL,shoulder_pan_joint,1.5713510518705152,1.5724104642868042,-0.0010594124162890406,-0.001044791364882391,0.0033741251099854708,-0.0044189164748678622,0.016328599998814752,-0.0042756828479468822,1.7333528376184404E-05,-0.1104135735103443,0.00027323137022040411,-0.36548492312431335,0,0.71158766746521,0.16932296752929688,1.2022647857666016,0.019782340154051781,0,0,10.603484153747559,14.604801177978516,2171,1122,0,10.205816268920898,11.001140594482422,14.066328048706055,15.268592834472656
43.399984623015868,31619.8936441,EXTERNAL_CONTROL,shoulder_lift_joint,0.002300375458397833,0.0088695278391242027,-0.00656915238072637,-0.0043326190225687665,-0.03177236020565033,0.027439741183081564,0.016369900000427151,-0.0042756828479468822,1.7333528376184404E-05,-0.1104135735103443,0.00027323137022040411,-11.971946716308594,0,0.71158766746521,0.16932296752929688,1.2022647857666016,0.019782340154051781,0,0,10.603484153747559,14.604801177978516,2171,1122,0,10.205816268920898,11.001140594482422,14.066328048706055,15.268592834472656
43.399984623015868,31619.8936785,EXTERNAL_CONTROL,elbow_joint,0.00075709453328275133,0.0020322662312537432,-0.0012751716979709918,-0.0014259420847187565,0.020961325615644455,-0.022387267700363211,0.016404499998316169,-0.0042756828479468822,1.7333528376184404E-05,-0.1104135735103443,0.00027323137022040411,-10.158390998840332,0,0.71158766746521,0.16932296752929688,1.2022647857666016,0.019782340154051781,0,0,10.603484153747559,14.604801177978516,2171,1122,0,10.205816268920898,11.001140594482422,14.066328048706055,15.268592834472656
43.399984623015868,31619.8937155,EXTERNAL_CONTROL,wrist_1_joint,-0.00011768131931535741,-0.00039592362008988857,0.00027824230077453115,0.00022164569736012586,-0.0010425341315567493,0.0012641798289168753,0.016442299998743692,-0.0042756828479468822,1.7333528376184404E-05,-0.1104135735103443,0.00027323137022040411,0.1849563866853714,0,0.71158766746521,0.16932296752929688,1.2022647857666016,0.019782340154051781,0,0,10.603484153747559,14.604801177978516,2171,1122,0,10.205816268920898,11.001140594482422,14.066328048706055,15.268592834472656
43.399984623015868,31619.8937504,EXTERNAL_CONTROL,wrist_2_joint,1.5769234120031244,1.59233820438385,-0.015414792380725739,-0.011539997016207507,-0.016045635566115379,0.004505638549907872,0.016476199998578522,-0.0042756828479468822,1.7333528376184404E-05,-0.1104135735103443,0.00027323137022040411,-9.6635217666625977,0,0.71158766746521,0.16932296752929688,1.2022647857666016,0.019782340154051781,0,0,10.603484153747559,14.604801177978516,2171,1122,0,10.205816268920898,11.001140594482422,14.066328048706055,15.268592834472656
43.399984623015868,31619.8937845,EXTERNAL_CONTROL,wrist_3_joint,-4.24012806894398E-05,0.00013388210209086537,-0.00017628338278030518,7.9860265690842561E-05,-0.0001037596957758069,0.00018361996146664945,0.016510800000105519,-0.0042756828479468822,1.7333528376184404E-05,-0.1104135735103443,0.00027323137022040411,-0.034278616309165955,0,0.71158766746521,0.16932296752929688,1.2022647857666016,0.019782340154051781,0,0,10.603484153747559,14.604801177978516,2171,1122,0,10.205816268920898,11.001140594482422,14.066328048706055,15.268592834472656
43.419984615929707,31619.9121185,EXTERNAL_CONTROL,shoulder_pan_joint,1.5713510518705152,1.5728014707565308,-0.0014504188860156031,-0.001044791364882391,-0.010272456333041191,0.0092276649681588,0.0348548000001756,-0.0028431164100766182,0.0071826241910457611,0.071628350178171388,0.35826467460531,-0.35021045804023743,0,0.711727499961853,0.16799736022949219,1.2023811340332031,0,0,0,10.603608131408691,14.604854583740234,2172,1122,0,10.20585823059082,11.001325607299805,14.066051483154297,15.2684326171875
43.419984615929707,31619.9122184,EXTERNAL_CONTROL,shoulder_lift_joint,0.002300375458397833,0.0081578399986028671,-0.0058574645402050341,-0.0043326190225687665,-0.021894920617341995,0.01756230159477323,0.034963799997058231,-0.0028431164100766182,0.0071826241910457611,0.071628350178171388,0.35826467460531,-9.0150547027587891,0,0.711727499961853,0.16799736022949219,1.2023811340332031,0,0,0,10.603608131408691,14.604854583740234,2172,1122,0,10.20585823059082,11.001325607299805,14.066051483154297,15.2684326171875
43.419984615929707,31619.9122872,EXTERNAL_CONTROL,elbow_joint,0.00075709453328275133,0.0022155279293656349,-0.0014584333960828836,-0.0014259420847187565,0.009467175230383873,-0.010893117315102629,0.035020100000110688,-0.0028431164100766182,0.0071826241910457611,0.071628350178171388,0.35826467460531,-8.955601692199707,0,0.711727499961853,0.16799736022949219,1.2023811340332031,0,0,0,10.603608131408691,14.604854583740234,2172,1122,0,10.20585823059082,11.001325607299805,14.066051483154297,15.2684326171875
43.419984615929707,31619.9123416,EXTERNAL_CONTROL,wrist_1_joint,-0.00011768131931535741,-0.00014668007497675717,2.8998755661399756E-05,0.00022164569736012586,0.013218255713582039,-0.012996610016221913,0.035085399998934008,-0.0028431164100766182,0.0071826241910457611,0.071628350178171388,0.35826467460531,-0.52769100666046143,0,0.711727499961853,0.16799736022949219,1.2023811340332031,0,0,0,10.603608131408691,14.604854583740234,2172,1122,0,10.20585823059082,11.001325607299805,14.066051483154297,15.2684326171875
43.419984615929707,31619.9124053,EXTERNAL_CONTROL,wrist_2_joint,1.5769234120031244,1.5920650959014893,-0.0151416838983649,-0.011539997016207507,-0.018162606284022331,0.0066226092678148239,0.035136999998940155,-0.0028431164100766182,0.0071826241910457611,0.071628350178171388,0.35826467460531,-9.5566492080688477,0,0.711727499961853,0.16799736022949219,1.2023811340332031,0,0,0,10.603608131408691,14.604854583740234,2172,1122,0,10.20585823059082,11.001325607299805,14.066051483154297,15.2684326171875
43.419984615929707,31619.9124566,EXTERNAL_CONTROL,wrist_3_joint,-4.24012806894398E-05,-8.6810177890583873E-05,4.4408897201144073E-05,7.9860265690842561E-05,-0.0069208033382892609,0.0070006636039801036,0.03519149999920046,-0.0028431164100766182,0.0071826241910457611,0.071628350178171388,0.35826467460531,0.2280174195766449,0,0.711727499961853,0.16799736022949219,1.2023811340332031,0,0,0,10.603608131408691,14.604854583740234,2172,1122,0,10.20585823059082,11.001325607299805,14.066051483154297,15.2684326171875
43.439984608843538,31619.9315785,EXTERNAL_CONTROL,shoulder_pan_joint,1.5713510518705152,1.5727379322052002,-0.0013868803346850367,-0.001044791364882391,-0.0034815738908946514,0.0024367825260122604,0.054308299997501308,-0.0015425236197188497,0.00078916101483628154,0.0650296651968528,-0.31967328504330744,-0.46563860774040222,0,0.71188735961914063,0.16778182983398438,1.2024154663085938,0.027976455166935921,0,0,10.603629112243652,14.604904174804688,2173,1122,0,10.20587158203125,11.001316070556641,14.066068649291992,15.268484115600586
43.439984608843538,31619.9316255,EXTERNAL_CONTROL,shoulder_lift_joint,0.002300375458397833,0.0076273088343441486,-0.0053269333759463156,-0.0043326190225687665,-0.010295708663761616,0.0059630896411928492,0.054351499999029329,-0.0015425236197188497,0.00078916101483628154,0.0650296651968528,-0.31967328504330744,-9.7787160873413086,0,0.71188735961914063,0.16778182983398438,1.2024154663085938,0.027976455166935921,0,0,10.603629112243652,14.604904174804688,2173,1122,0,10.20587158203125,11.001316070556641,14.066068649291992,15.268484115600586
43.439984608843538,31619.931659,EXTERNAL_CONTROL,elbow_joint,0.00075709453328275133,0.0023621111176908016,-0.0016050165844080503,-0.0014259420847187565,0.0023049334995448589,-0.0037308755842636156,0.054384699997171992,-0.0015425236197188497,0.00078916101483628154,0.0650296651968528,-0.31967328504330744,-9.2034215927124023,0,0.71188735961914063,0.16778182983398438,1.2024154663085938,0.027976455166935921,0,0,10.603629112243652,14.604904174804688,2173,1122,0,10.20587158203125,11.001316070556641,14.066068649291992,15.268484115600586
43.439984608843538,31619.9317274,EXTERNAL_CONTROL,wrist_1_joint,-0.00011768131931535741,-0.00022998807253316045,0.00011230675321780303,0.00022164569736012586,-0.0033082254230976105,0.0035298711204577362,0.054453799999464536,-0.0015425236197188497,0.00078916101483628154,0.0650296651968528,-0.31967328504330744,0.18248286843299866,0,0.71188735961914063,0.16778182983398438,1.2024154663085938,0.027976455166935921,0,0,10.603629112243652,14.604904174804688,2173,1122,0,10.20587158203125,11.001316070556641,14.066068649291992,15.268484115600586
43.439984608843538,31619.9317643,EXTERNAL_CONTROL,wrist_2_joint,1.5769234120031244,1.5918906927108765,-0.014967280707752106,-0.011539997016207507,-0.0095808394253253937,-0.0019591575908821136,0.054489799997099908,-0.0015425236197188497,0.00078916101483628154,0.0650296651968528,-0.31967328504330744,-9.68945598602295,0,0.71188735961914063,0.16778182983398438,1.2024154663085938,0.027976455166935921,0,0,10.603629112243652,14.604904174804688,2173,1122,0,10.20587158203125,11.001316070556641,14.066068649291992,15.268484115600586
43.439984608843538,31619.9317969,EXTERNAL_CONTROL,wrist_3_joint,-4.24012806894398E-05,-2.4711531295906752E-05,-1.7689749393533047E-05,7.9860265690842561E-05,0.0033248588442802429,-0.0032449985785894,0.054531399997358676,-0.0015425236197188497,0.00078916101483628154,0.0650296651968528,-0.31967328504330744,-0.083561189472675323,0,0.71188735961914063,0.16778182983398438,1.2024154663085938,0.027976455166935921,0,0,10.603629112243652,14.604904174804688,2173,1122,0,10.20587158203125,11.001316070556641,14.066068649291992,15.268484115600586
43.45998460175737,31619.9527219,EXTERNAL_CONTROL,shoulder_pan_joint,1.5713302108016749,1.5727543830871582,-0.001424172285483305,-0.0010391590664194132,-0.00036621023900806904,-0.00067294882741134412,0.0037975999985064846,-0.0027811115141958,-0.00087979697855189443,-0.061929419178584341,-0.083447932621392829,-0.4467693567276001,0,0.71184110641479492,0.16751480102539063,1.2023868560791016,0,0,0,10.603616714477539,14.60495662689209,2174,1123,0,10.205888748168945,11.001340866088867,14.066167831420898,15.2685546875
43.45998460175737,31619.9527661,EXTERNAL_CONTROL,shoulder_lift_joint,0.0022139501544151457,0.0082094138488173485,-0.0059954636944022028,-0.00430926258578942,0.0089195622131228447,-0.013228824798912265,0.0038413000002037734,-0.0027811115141958,-0.00087979697855189443,-0.061929419178584341,-0.083447932621392829,-14.149727821350098,0,0.71184110641479492,0.16751480102539063,1.2023868560791016,0,0,0,10.603616714477539,14.60495662689209,2174,1123,0,10.205888748168945,11.001340866088867,14.066167831420898,15.2685546875
43.45998460175737,31619.9528056,EXTERNAL_CONTROL,elbow_joint,0.00072865042649847668,0.0022682349663227797,-0.001539584539824303,-0.0014182550653941272,0.0098084565252065659,-0.011226711590600694,0.003876700000546407,-0.0027811115141958,-0.00087979697855189443,-0.061929419178584341,-0.083447932621392829,-11.184009552001953,0,0.71184110641479492,0.16751480102539063,1.2023868560791016,0,0,0,10.603616714477539,14.60495662689209,2174,1123,0,10.205888748168945,11.001340866088867,14.066167831420898,15.2685546875
43.45998460175737,31619.9528413,EXTERNAL_CONTROL,wrist_1_joint,-0.00011326002201895993,-0.00024336219939868897,0.00013010217737972904,0.00022045084184875053,-0.0017297109588980675,0.001950161800746818,0.0039132999991124962,-0.0027811115141958,-0.00087979697855189443,-0.061929419178584341,-0.083447932621392829,0.14514246582984924,0,0.71184110641479492,0.16751480102539063,1.2023868560791016,0,0,0,10.603616714477539,14.60495662689209,2174,1123,0,10.205888748168945,11.001340866088867,14.066167831420898,15.2685546875
43.45998460175737,31619.952878,EXTERNAL_CONTROL,wrist_2_joint,1.576693216884447,1.5916333198547363,-0.01494010297028936,-0.011477786789705041,-0.014057834632694721,0.00258004784298968,0.0039481999992858618,-0.0027811115141958,-0.00087979697855189443,-0.061929419178584341,-0.083447932621392829,-9.36087703704834,0,0.71184110641479492,0.16751480102539063,1.2023868560791016,0,0,0,10.603616714477539,14.60495662689209,2174,1123,0,10.205888748168945,11.001340866088867,14.066167831420898,15.2685546875
43.45998460175737,31619.9529435,EXTERNAL_CONTROL,wrist_3_joint,-4.0808260924139242E-05,-1.1598976016102824E-05,-2.9209284908036417E-05,7.9429752129166865E-05,0.0012627680553123355,-0.0011833383031831686,0.0040153999980248045,-0.0027811115141958,-0.00087979697855189443,-0.061929419178584341,-0.083447932621392829,-0.038548972457647324,0,0.71184110641479492,0.16751480102539063,1.2023868560791016,0,0,0,10.603616714477539,14.60495662689209,2174,1123,0,10.205888748168945,11.001340866088867,14.066167831420898,15.2685546875
43.4799845946712,31619.9724207,EXTERNAL_CONTROL,shoulder_pan_joint,1.5712282114410376,1.5727624893188477,-0.0015342778778100197,-0.00099691682794707942,-0.0045946566388010979,0.0035977398108540184,0.0030420999974012375,-0.0060141412541270256,-0.0019853468984365463,-0.16165155082965041,-0.055277517822261486,-0.45770770311355591,0,0.711883544921875,0.16743850708007813,1.2023372650146484,0,0,0,10.603565216064453,14.605116844177246,2175,1124,0,10.205764770507813,11.001346588134766,14.066317558288574,15.268654823303223
43.4799845946712,31619.9724607,EXTERNAL_CONTROL,shoulder_lift_joint,0.0017909715722402874,0.0078583769500255585,-0.0060674053777852715,-0.0041340893099443225,-0.023410780355334282,0.019276691045389961,0.003079099999013124,-0.0060141412541270256,-0.0019853468984365463,-0.16165155082965041,-0.055277517822261486,-9.70539379119873,0,0.711883544921875,0.16743850708007813,1.2023372650146484,0,0,0,10.603565216064453,14.605116844177246,2175,1124,0,10.205764770507813,11.001346588134766,14.066317558288574,15.268654823303223
43.4799845946712,31619.9724935,EXTERNAL_CONTROL,elbow_joint,0.000589440641812584,0.0023889115545898676,-0.0017994709127772835,-0.0013606024204594069,0.010011544451117516,-0.011372146871576923,0.0031111999996937811,-0.0060141412541270256,-0.0019853468984365463,-0.16165155082965041,-0.055277517822261486,-9.6002178192138672,0,0.711883544921875,0.16743850708007813,1.2023372650146484,0,0,0,10.603565216064453,14.605116844177246,2175,1124,0,10.205764770507813,11.001346588134766,14.066317558288574,15.268654823303223
43.4799845946712,31619.9725277,EXTERNAL_CONTROL,wrist_1_joint,-9.1621520612261237E-05,-0.00023564655566588044,0.0001440250350536192,0.00021148942551343553,-0.0021381541155278683,0.002349643541041304,0.0031469999994442333,-0.0060141412541270256,-0.0019853468984365463,-0.16165155082965041,-0.055277517822261486,0.12033341825008392,0,0.711883544921875,0.16743850708007813,1.2023372650146484,0,0,0,10.603565216064453,14.605116844177246,2175,1124,0,10.205764770507813,11.001346588134766,14.066317558288574,15.268654823303223
43.4799845946712,31619.9725603,EXTERNAL_CONTROL,wrist_2_joint,1.5755666069631058,1.5915626287460327,-0.015996021782926917,-0.011011210090936543,-0.00040406454354524612,-0.010607145547391297,0.0031782999976712745,-0.0060141412541270256,-0.0019853468984365463,-0.16165155082965041,-0.055277517822261486,-9.9863576889038086,0,0.711883544921875,0.16743850708007813,1.2023372650146484,0,0,0,10.603565216064453,14.605116844177246,2175,1124,0,10.205764770507813,11.001346588134766,14.066317558288574,15.268654823303223
43.4799845946712,31619.9725928,EXTERNAL_CONTROL,wrist_3_joint,-3.3011779909292766E-05,-4.2608520743669942E-05,9.5967408343771758E-06,7.62009004165991E-05,0.0020396308973431587,-0.0019634299969265596,0.00321079999775975,-0.0060141412541270256,-0.0019853468984365463,-0.16165155082965041,-0.055277517822261486,-0.010085920803248882,0,0.711883544921875,0.16743850708007813,1.2023372650146484,0,0,0,10.603565216064453,14.605116844177246,2175,1124,0,10.205764770507813,11.001346588134766,14.066317558288574,15.268654823303223
43.499984587585033,31619.9920582,EXTERNAL_CONTROL,shoulder_pan_joint,1.5712282114410376,1.5725109577178955,-0.0012827462768578712,-0.00099691682794707942,-0.0030538490973412991,0.0020569322693942196,0.022679899997456232,-0.0083127152174711227,-8.8761598817654885E-06,-0.11492874355035579,0.098823575951268963,-0.48869168758392334,0,0.71203982830047607,0.1670989990234375,1.2022666931152344,0,0,0,10.603645324707031,14.60529899597168,2176,1124,0,10.205892562866211,11.001363754272461,14.066568374633789,15.268835067749023
43.499984587585033,31619.9920997,EXTERNAL_CONTROL,shoulder_lift_joint,0.0017909715722402874,0.0075155631639063358,-0.0057245915916660488,-0.0041340893099443225,-0.012612326070666313,0.00847823676072199,0.022741499997209758,-0.0083127152174711227,-8.8761598817654885E-06,-0.11492874355035579,0.098823575951268963,-9.9558019638061523,0,0.71203982830047607,0.1670989990234375,1.2022666931152344,0,0,0,10.603645324707031,14.60529899597168,2176,1124,0,10.205892562866211,11.001363754272461,14.066568374633789,15.268835067749023
43.499984587585033,31619.992208,EXTERNAL_CONTROL,elbow_joint,0.000589440641812584,0.0024005223531275988,-0.0018110817113150147,-0.0013606024204594069,-0.00042442511767148972,-0.00093617730278791719,0.022829399997135624,-0.0083127152174711227,-8.8761598817654885E-06,-0.11492874355035579,0.098823575951268963,-9.5557022094726563,0,0.71203982830047607,0.1670989990234375,1.2022666931152344,0,0,0,10.603645324707031,14.60529899597168,2176,1124,0,10.205892562866211,11.001363754272461,14.066568374633789,15.268835067749023
43.499984587585033,31619.9922519,EXTERNAL_CONTROL,wrist_1_joint,-9.1621520612261237E-05,-0.00027555078850127757,0.00018392926788901633,0.00021148942551343553,-0.0018604400102049112,0.002071929435718347,0.022874299997056369,-0.0083127152174711227,-8.8761598817654885E-06,-0.11492874355035579,0.098823575951268963,0.18209151923656464,0,0.71203982830047607,0.1670989990234375,1.2022666931152344,0,0,0,10.603645324707031,14.60529899597168,2176,1124,0,10.205892562866211,11.001363754272461,14.066568374633789,15.268835067749023
43.499984587585033,31619.9922905,EXTERNAL_CONTROL,wrist_2_joint,1.5755666069631058,1.5913411378860474,-0.015774530922941565,-0.011011210090936543,-0.012149444781243801,0.0011382346903072577,0.022911399999429705,-0.0083127152174711227,-8.8761598817654885E-06,-0.11492874355035579,0.098823575951268963,-10.105068206787109,0,0.71203982830047607,0.1670989990234375,1.2022666931152344,0,0,0,10.603645324707031,14.60529899597168,2176,1124,0,10.205892562866211,11.001363754272461,14.066568374633789,15.268835067749023
43.499984587585033,31619.9923259,EXTERNAL_CONTROL,wrist_3_joint,-3.3011779909292766E-05,-1.0110405128216371E-05,-2.2901374781076395E-05,7.62009004165991E-05,0.00080365018220618367,-0.00072744928178958453,0.022944199998164549,-0.0083127152174711227,-8.8761598817654885E-06,-0.11492874355035579,0.098823575951268963,-0.026059277355670929,0,0.71203982830047607,0.1670989990234375,1.2022666931152344,0,0,0,10.603645324707031,14.60529899597168,2176,1124,0,10.205892562866211,11.001363754272461,14.066568374633789,15.268835067749023
43.519984580498864,31620.0133962,EXTERNAL_CONTROL,shoulder_pan_joint,1.5712083841859208,1.5725420713424683,-0.0013336871565474695,-0.00098565223102112351,-0.0038668811321258545,0.0028812289011047312,0.0096524000000499655,-0.0079259453341364861,0.0015080549055710435,0.019338501803134348,0.075846583222997754,-0.41431018710136414,0,0.71221065521240234,0.16660118103027344,1.2021656036376953,0.027976455166935921,0,0,10.603686332702637,14.605469703674316,2177,1125,0,10.205888748168945,11.00141716003418,14.066810607910156,15.268978118896484
43.519984580498864,31620.0134504,EXTERNAL_CONTROL,shoulder_lift_joint,0.0017087504268778824,0.0071695665828883648,-0.0054608161560104826,-0.0040873764363856284,-0.0045879185199737549,0.00050054208358812653,0.00969740000073216,-0.0079259453341364861,0.0015080549055710435,0.019338501803134348,0.075846583222997754,-9.1995630264282227,0,0.71221065521240234,0.16660118103027344,1.2021656036376953,0.027976455166935921,0,0,10.603686332702637,14.605469703674316,2177,1125,0,10.205888748168945,11.00141716003418,14.066810607910156,15.268978118896484
43.519984580498864,31620.0135312,EXTERNAL_CONTROL,elbow_joint,0.00056238019850674264,0.0023342114873230457,-0.0017718312888163031,-0.0013452283818101475,-0.0067571108229458332,0.0054118824411356859,0.0097815999979502521,-0.0079259453341364861,0.0015080549055710435,0.019338501803134348,0.075846583222997754,-9.0655059814453125,0,0.71221065521240234,0.16660118103027344,1.2021656036376953,0.027976455166935921,0,0,10.603686332702637,14.605469703674316,2177,1125,0,10.205888748168945,11.00141716003418,14.066810607910156,15.268978118896484
43.519984580498864,31620.0135828,EXTERNAL_CONTROL,wrist_1_joint,-8.7415297307911311E-05,-0.0002846595598384738,0.00019724426253056249,0.00020909971449068474,-4.9554044380784035E-05,0.00025865375887146878,0.0098331000008329283,-0.0079259453341364861,0.0015080549055710435,0.019338501803134348,0.075846583222997754,0.14870254695415497,0,0.71221065521240234,0.16660118103027344,1.2021656036376953,0.027976455166935921,0,0,10.603686332702637,14.605469703674316,2177,1125,0,10.205888748168945,11.00141716003418,14.066810607910156,15.268978118896484
43.519984580498864,31620.0136265,EXTERNAL_CONTROL,wrist_2_joint,1.5753476096851986,1.5910487174987793,-0.015701107813580695,-0.010886789637931608,-0.015083895996212959,0.0041971063582813516,0.0098730999998224434,-0.0079259453341364861,0.0015080549055710435,0.019338501803134348,0.075846583222997754,-9.7721738815307617,0,0.71221065521240234,0.16660118103027344,1.2021656036376953,0.027976455166935921,0,0,10.603686332702637,14.605469703674316,2177,1125,0,10.205888748168945,11.00141716003418,14.066810607910156,15.268978118896484
43.519984580498864,31620.0136656,EXTERNAL_CONTROL,wrist_3_joint,-3.1496252585093837E-05,-3.08279377350118E-05,-6.6831485008203546E-07,7.53398732932477E-05,-0.00066858140053227544,0.00074392127382552316,0.0099115999983041547,-0.0079259453341364861,0.0015080549055710435,0.019338501803134348,0.075846583222997754,-0.02508506178855896,0,0.71221065521240234,0.16660118103027344,1.2021656036376953,0.027976455166935921,0,0,10.603686332702637,14.605469703674316,2177,1125,0,10.205888748168945,11.00141716003418,14.066810607910156,15.268978118896484
43.539984573412696,31620.0337075,EXTERNAL_CONTROL,shoulder_pan_joint,1.5712083841859208,1.5724003314971924,-0.0011919473112715906,-0.00098565223102112351,-0.0040624868124723434,0.00307683458145122,0.02995780000128434,-0.0027720367070287466,0.00030505019822157919,0.25769553311439791,-0.060150259119653951,-0.42887815833091736,0,0.71224045753479,0.16599273681640625,1.2022151947021484,0,0,0,10.603650093078613,14.605586051940918,2178,1125,0,10.205894470214844,11.001380920410156,14.066840171813965,15.269055366516113
43.539984573412696,31620.0337545,EXTERNAL_CONTROL,shoulder_lift_joint,0.0017087504268778824,0.0075925728306174278,-0.0058838224037395456,-0.0040873764363856284,0.012269045226275921,-0.01635642166266155,0.030001099999935832,-0.0027720367070287466,0.00030505019822157919,0.25769553311439791,-0.060150259119653951,-14.93712043762207,0,0.71224045753479,0.16599273681640625,1.2022151947021484,0,0,0,10.603650093078613,14.605586051940918,2178,1125,0,10.205894470214844,11.001380920410156,14.066840171813965,15.269055366516113
43.539984573412696,31620.033794,EXTERNAL_CONTROL,elbow_joint,0.00056238019850674264,0.0021258671768009663,-0.0015634869782942236,-0.0013452283818101475,0.006841619499027729,-0.0081868478808378772,0.030040599998756079,-0.0027720367070287466,0.00030505019822157919,0.25769553311439791,-0.060150259119653951,-11.486177444458008,0,0.71224045753479,0.16599273681640625,1.2022151947021484,0,0,0,10.603650093078613,14.605586051940918,2178,1125,0,10.205894470214844,11.001380920410156,14.066840171813965,15.269055366516113
43.539984573412696,31620.0338319,EXTERNAL_CONTROL,wrist_1_joint,-8.7415297307911311E-05,-0.00023941288236528635,0.00015199758505737504,0.00020909971449068474,0.006336613092571497,-0.0061275133780808125,0.030079399999522138,-0.0027720367070287466,0.00030505019822157919,0.25769553311439791,-0.060150259119653951,-0.21283702552318573,0,0.71224045753479,0.16599273681640625,1.2022151947021484,0,0,0,10.603650093078613,14.605586051940918,2178,1125,0,10.205894470214844,11.001380920410156,14.066840171813965,15.269055366516113
43.539984573412696,31620.0339049,EXTERNAL_CONTROL,wrist_2_joint,1.5753476096851986,1.5905814170837402,-0.015233807398541632,-0.010886789637931608,-0.022996174171566963,0.012109384533635355,0.030151299997669412,-0.0027720367070287466,0.00030505019822157919,0.25769553311439791,-0.060150259119653951,-9.35637092590332,0,0.71224045753479,0.16599273681640625,1.2022151947021484,0,0,0,10.603650093078613,14.605586051940918,2178,1125,0,10.205894470214844,11.001380920410156,14.066840171813965,15.269055366516113
43.539984573412696,31620.0339432,EXTERNAL_CONTROL,wrist_3_joint,-3.1496252585093837E-05,-8.0971949500963092E-07,-3.0686533090084206E-05,7.53398732932477E-05,-0.0014149774797260761,0.0014903173530193237,0.030189699999027653,-0.0027720367070287466,0.00030505019822157919,0.25769553311439791,-0.060150259119653951,0.0690314993262291,0,0.71224045753479,0.16599273681640625,1.2022151947021484,0,0,0,10.603650093078613,14.605586051940918,2178,1125,0,10.205894470214844,11.001380920410156,14.066840171813965,15.269055366516113
43.559984566326527,31620.0543274,EXTERNAL_CONTROL,shoulder_pan_joint,1.5712083841859208,1.572386622428894,-0.0011782382429732507,-0.00098565223102112351,0.00039879465475678444,-0.001384446885777908,0.050578800000948831,0.009047836996614933,-8.6195483163464814E-05,0.5909939185543186,-0.019562291794025077,-0.3870653510093689,0,0.71232104301452637,0.16549301147460938,1.2021770477294922,0,0,0,10.60362434387207,14.6054048538208,2179,1125,0,10.205905914306641,11.001337051391602,14.066770553588867,15.268945693969727
43.559984566326527,31620.0543709,EXTERNAL_CONTROL,shoulder_lift_joint,0.0017087504268778824,0.0074312570504844189,-0.0057225066236065367,-0.0040873764363856284,-0.032827384769916534,0.028740008333530905,0.050616100001207087,0.009047836996614933,-8.6195483163464814E-05,0.5909939185543186,-0.019562291794025077,-10.815045356750488,0,0.71232104301452637,0.16549301147460938,1.2021770477294922,0,0,0,10.60362434387207,14.6054048538208,2179,1125,0,10.205905914306641,11.001337051391602,14.066770553588867,15.268945693969727
43.559984566326527,31620.0544057,EXTERNAL_CONTROL,elbow_joint,0.00056238019850674264,0.0023192698135972023,-0.0017568896150904597,-0.0013452283818101475,0.017196988686919212,-0.018542217068729359,0.050650799999857554,0.009047836996614933,-8.6195483163464814E-05,0.5909939185543186,-0.019562291794025077,-10.071280479431152,0,0.71232104301452637,0.16549301147460938,1.2021770477294922,0,0,0,10.60362434387207,14.6054048538208,2179,1125,0,10.205905914306641,11.001337051391602,14.066770553588867,15.268945693969727
43.559984566326527,31620.0544409,EXTERNAL_CONTROL,wrist_1_joint,-8.7415297307911311E-05,-0.00015439526760019362,6.6979970292282309E-05,0.00020909971449068474,0.0060761962085962296,-0.0058670964941055451,0.050686300000961637,0.009047836996614933,-8.6195483163464814E-05,0.5909939185543186,-0.019562291794025077,-0.21586298942565918,0,0.71232104301452637,0.16549301147460938,1.2021770477294922,0,0,0,10.60362434387207,14.6054048538208,2179,1125,0,10.205905914306641,11.001337051391602,14.066770553588867,15.268945693969727
43.559984566326527,31620.054474,EXTERNAL_CONTROL,wrist_2_joint,1.5753476096851986,1.5904191732406616,-0.015071563555463019,-0.010886789637931608,-0.0066517163068056107,-0.0042350733311259971,0.050718599999527214,0.009047836996614933,-8.6195483163464814E-05,0.5909939185543186,-0.019562291794025077,-9.9368915557861328,0,0.71232104301452637,0.16549301147460938,1.2021770477294922,0,0,0,10.60362434387207,14.6054048538208,2179,1125,0,10.205905914306641,11.001337051391602,14.066770553588867,15.268945693969727
43.559984566326527,31620.0545052,EXTERNAL_CONTROL,wrist_3_joint,-3.1496252585093837E-05,2.433360532450024E-05,-5.5829857909594077E-05,7.53398732932477E-05,0.00031639449298381805,-0.00024105461969057036,0.050750899998092791,0.009047836996614933,-8.6195483163464814E-05,0.5909939185543186,-0.019562291794025077,-0.020207280293107033,0,0.71232104301452637,0.16549301147460938,1.2021770477294922,0,0,0,10.60362434387207,14.6054048538208,2179,1125,0,10.205905914306641,11.001337051391602,14.066770553588867,15.268945693969727
43.579984559240359,31620.0737514,EXTERNAL_CONTROL,shoulder_pan_joint,1.5711887916099063,1.5721356868743896,-0.00094689526448332728,-0.000973448917684672,-0.00078677281271666288,-0.0001866761049680091,0.015818200001376681,0.011765122413635254,0.0013537887716665864,0.13586432450122535,0.071999241172618467,-0.383004754781723,0,0.71240115165710449,0.16515350341796875,1.2020816802978516,0,0,0,10.603620529174805,14.605152130126953,2180,1126,0,10.205997467041016,11.001266479492188,14.066680908203125,15.268760681152344
43.579984559240359,31620.0737988,EXTERNAL_CONTROL,shoulder_lift_joint,0.0016275024663812835,0.0073286113329231739,-0.00570110886654189,-0.0040367708233637117,-0.021835288032889366,0.017798517209525654,0.015861700001551071,0.011765122413635254,0.0013537887716665864,0.13586432450122535,0.071999241172618467,-11.357820510864258,0,0.71240115165710449,0.16515350341796875,1.2020816802978516,0,0,0,10.603620529174805,14.605152130126953,2180,1126,0,10.205997467041016,11.001266479492188,14.066680908203125,15.268760681152344
43.579984559240359,31620.0738408,EXTERNAL_CONTROL,elbow_joint,0.00053564004767276091,0.00250793993473053,-0.0019722998870577687,-0.0013285731732734507,0.0096483603119850159,-0.010976933485258467,0.015906699998595286,0.011765122413635254,0.0013537887716665864,0.13586432450122535,0.071999241172618467,-10.039730072021484,0,0.71240115165710449,0.16515350341796875,1.2020816802978516,0,0,0,10.603620529174805,14.605152130126953,2180,1126,0,10.205997467041016,11.001266479492188,14.066680908203125,15.268760681152344
43.579984559240359,31620.0738838,EXTERNAL_CONTROL,wrist_1_joint,-8.32588596498687E-05,-0.00012237152259331197,3.9112662943443266E-05,0.00020651086088270491,0.0032505658455193043,-0.0030440549846365993,0.015947500000038417,0.011765122413635254,0.0013537887716665864,0.13586432450122535,0.071999241172618467,-0.12374067306518555,0,0.71240115165710449,0.16515350341796875,1.2020816802978516,0,0,0,10.603620529174805,14.605152130126953,2180,1126,0,10.205997467041016,11.001266479492188,14.066680908203125,15.268760681152344
43.579984559240359,31620.0739221,EXTERNAL_CONTROL,wrist_2_joint,1.5751312045000623,1.5902260541915894,-0.015094849691527079,-0.010752000813842933,-0.0070558153092861176,-0.0036961855045568159,0.015985300000465941,0.011765122413635254,0.0013537887716665864,0.13586432450122535,0.071999241172618467,-9.7898139953613281,0,0.71240115165710449,0.16515350341796875,1.2020816802978516,0,0,0,10.603620529174805,14.605152130126953,2180,1126,0,10.205997467041016,11.001266479492188,14.066680908203125,15.268760681152344
43.579984559240359,31620.0739592,EXTERNAL_CONTROL,wrist_3_joint,-2.9998663325964719E-05,6.14060991210863E-05,-9.1404762447051019E-05,7.4407093909617029E-05,0.00013746440527029335,-6.3057311360676326E-05,0.016024199998355471,0.011765122413635254,0.0013537887716665864,0.13586432450122535,0.071999241172618467,-0.012657769955694675,0,0.71240115165710449,0.16515350341796875,1.2020816802978516,0,0,0,10.603620529174805,14.605152130126953,2180,1126,0,10.205997467041016,11.001266479492188,14.066680908203125,15.268760681152344
43.59998455215419,31620.0930665,EXTERNAL_CONTROL,shoulder_pan_joint,1.5711887916099063,1.5721137523651123,-0.00092496075520598353,-0.000973448917684672,-0.0069281519390642643,0.0059547030213795921,0.035139200001140125,0.013181334361433983,0.00093522528186440468,0.070810625351690831,-0.020928182754246041,-0.31422024965286255,0,0.71253883838653564,0.16489791870117188,1.2020301818847656,0.019782340154051781,0,0,10.603507995605469,14.604870796203613,2181,1126,0,10.205837249755859,11.00123405456543,14.066442489624023,15.268472671508789
43.59998455215419,31620.0931183,EXTERNAL_CONTROL,shoulder_lift_joint,0.0016275024663812835,0.0073924409225583076,-0.0057649384561770239,-0.0040367708233637117,-0.030079083517193794,0.026042312693830082,0.035181499999453081,0.013181334361433983,0.00093522528186440468,0.070810625351690831,-0.020928182754246041,-11.822982788085938,0,0.71253883838653564,0.16489791870117188,1.2020301818847656,0.019782340154051781,0,0,10.603507995605469,14.604870796203613,2181,1126,0,10.205837249755859,11.00123405456543,14.066442489624023,15.268472671508789
43.59998455215419,31620.0931862,EXTERNAL_CONTROL,elbow_joint,0.00053564004767276091,0.0025222266558557749,-0.0019865866081830138,-0.0013285731732734507,0.012156669050455093,-0.013485242223728544,0.035248699998192023,0.013181334361433983,0.00093522528186440468,0.070810625351690831,-0.020928182754246041,-10.284833908081055,0,0.71253883838653564,0.16489791870117188,1.2020301818847656,0.019782340154051781,0,0,10.603507995605469,14.604870796203613,2181,1126,0,10.205837249755859,11.00123405456543,14.066442489624023,15.268472671508789
43.59998455215419,31620.0932238,EXTERNAL_CONTROL,wrist_1_joint,-8.32588596498687E-05,-2.8722774004563689E-05,-5.453608564530501E-05,0.00020651086088270491,0.0054013100452721119,-0.0051947991843894073,0.035286300000734627,0.013181334361433983,0.00093522528186440468,0.070810625351690831,-0.020928182754246041,-0.23088169097900391,0,0.71253883838653564,0.16489791870117188,1.2020301818847656,0.019782340154051781,0,0,10.603507995605469,14.604870796203613,2181,1126,0,10.205837249755859,11.00123405456543,14.066442489624023,15.268472671508789
43.59998455215419,31620.0932607,EXTERNAL_CONTROL,wrist_2_joint,1.5751312045000623,1.5900704860687256,-0.01493928156866331,-0.010752000813842933,-0.0070553133264184,-0.0036966874874245336,0.035321700001077261,0.013181334361433983,0.00093522528186440468,0.070810625351690831,-0.020928182754246041,-9.8345499038696289,0,0.71253883838653564,0.16489791870117188,1.2020301818847656,0.019782340154051781,0,0,10.603507995605469,14.604870796203613,2181,1126,0,10.205837249755859,11.00123405456543,14.066442489624023,15.268472671508789
43.59998455215419,31620.0932936,EXTERNAL_CONTROL,wrist_3_joint,-2.9998663325964719E-05,6.5136176999658346E-05,-9.5134840325623065E-05,7.4407093909617029E-05,-0.0014276794390752912,0.0015020865329849081,0.03535570000167354,0.013181334361433983,0.00093522528186440468,0.070810625351690831,-0.020928182754246041,0.0037791919894516468,0,0.71253883838653564,0.16489791870117188,1.2020301818847656,0.019782340154051781,0,0,10.603507995605469,14.604870796203613,2181,1126,0,10.205837249755859,11.00123405456543,14.066442489624023,15.268472671508789
43.619984545068029,31620.112294,EXTERNAL_CONTROL,shoulder_pan_joint,1.5711694524873225,1.5720304250717163,-0.000860972584393771,-0.0009603068879377232,-0.0003389483317732811,-0.00062135855616444211,0.007456400002411101,0.01251391414552927,0.015477330423891544,-0.033371023972811331,0.72710554422135532,-0.30774757266044617,0,0.7125699520111084,0.16402435302734375,1.2020092010498047,0,0,0,10.603496551513672,14.604608535766602,2182,1127,0,10.205953598022461,11.001054763793945,14.066217422485352,15.268226623535156
43.619984545068029,31620.1123605,EXTERNAL_CONTROL,shoulder_lift_joint,0.001547305545539755,0.0068557495251297951,-0.0053084439795900405,-0.00398227247087857,-0.055868346244096756,0.051886073773218189,0.0075200999999651685,0.01251391414552927,0.015477330423891544,-0.033371023972811331,0.72710554422135532,-6.262969970703125,0,0.7125699520111084,0.16402435302734375,1.2020092010498047,0,0,0,10.603496551513672,14.604608535766602,2182,1127,0,10.205953598022461,11.001054763793945,14.066217422485352,15.268226623535156
43.619984545068029,31620.1124219,EXTERNAL_CONTROL,elbow_joint,0.00050924581270838743,0.0024260999634861946,-0.0019168541507778073,-0.0013106367948493155,0.0090022105723619461,-0.010312847367211261,0.0075849000022572,0.01251391414552927,0.015477330423891544,-0.033371023972811331,0.72710554422135532,-7.8652324676513672,0,0.7125699520111084,0.16402435302734375,1.2020092010498047,0,0,0,10.603496551513672,14.604608535766602,2182,1127,0,10.205953598022461,11.001054763793945,14.066217422485352,15.268226623535156
43.619984545068029,31620.1124801,EXTERNAL_CONTROL,wrist_1_joint,-7.915619048983796E-05,-0.00012563701602630317,4.6480825536465213E-05,0.00020372286468949572,-0.0048914412036538124,0.0050951640683433077,0.0076446000020951033,0.01251391414552927,0.015477330423891544,-0.033371023972811331,0.72710554422135532,0.18224909901618958,0,0.7125699520111084,0.16402435302734375,1.2020092010498047,0,0,0,10.603496551513672,14.604608535766602,2182,1127,0,10.205953598022461,11.001054763793945,14.066217422485352,15.268226623535156
43.619984545068029,31620.1125799,EXTERNAL_CONTROL,wrist_2_joint,1.5749175987751185,1.5898618698120117,-0.01494427103689322,-0.010606843618670512,-0.014478841796517372,0.0038719981778468603,0.0077393999999912921,0.01251391414552927,0.015477330423891544,-0.033371023972811331,0.72710554422135532,-9.6417045593261719,0,0.7125699520111084,0.16402435302734375,1.2020092010498047,0,0,0,10.603496551513672,14.604608535766602,2182,1127,0,10.205953598022461,11.001054763793945,14.066217422485352,15.268226623535156
43.619984545068029,31620.1126372,EXTERNAL_CONTROL,wrist_3_joint,-2.8520447177111005E-05,6.3888277509249747E-05,-9.2408724686360752E-05,7.3402562265707029E-05,-0.0012861781287938356,0.0013595806910595427,0.0077985999996599276,0.01251391414552927,0.015477330423891544,-0.033371023972811331,0.72710554422135532,0.058896847069263458,0,0.7125699520111084,0.16402435302734375,1.2020092010498047,0,0,0,10.603496551513672,14.604608535766602,2182,1127,0,10.205953598022461,11.001054763793945,14.066217422485352,15.268226623535156
43.63998453798186,31620.1313666,EXTERNAL_CONTROL,shoulder_pan_joint,1.5711694524873225,1.5718461275100708,-0.00067667502274826319,-0.0009603068879377232,0.010749997571110725,-0.011710304459048448,0.026525100001890678,0.00947610940784216,-0.00066324527142569423,-0.15189029686291317,-0.807029103446137,-0.28826248645782471,0,0.71268105506896973,0.16381454467773438,1.2019176483154297,0.019782340154051781,0,0,10.603540420532227,14.604376792907715,2183,1127,0,10.206098556518555,11.001005172729492,14.066192626953125,15.268110275268555
43.63998453798186,31620.1314097,EXTERNAL_CONTROL,shoulder_lift_joint,0.001547305545539755,0.0068070641718804836,-0.0052597586263407291,-0.00398227247087857,-0.016897190362215042,0.012914917891336471,0.026562200000626035,0.00947610940784216,-0.00066324527142569423,-0.15189029686291317,-0.807029103446137,-10.715676307678223,0,0.71268105506896973,0.16381454467773438,1.2019176483154297,0.019782340154051781,0,0,10.603540420532227,14.604376792907715,2183,1127,0,10.206098556518555,11.001005172729492,14.066192626953125,15.268110275268555
43.63998453798186,31620.1314415,EXTERNAL_CONTROL,elbow_joint,0.00050924581270838743,0.0024643726646900177,-0.0019551268519816304,-0.0013106367948493155,0.0036473022773861885,-0.0049579390722355038,0.026594599999953061,0.00947610940784216,-0.00066324527142569423,-0.15189029686291317,-0.807029103446137,-9.66221809387207,0,0.71268105506896973,0.16381454467773438,1.2019176483154297,0.019782340154051781,0,0,10.603540420532227,14.604376792907715,2183,1127,0,10.206098556518555,11.001005172729492,14.066192626953125,15.268110275268555
43.63998453798186,31620.1314781,EXTERNAL_CONTROL,wrist_1_joint,-7.915619048983796E-05,-0.00022060389164835215,0.00014144770115851417,0.00020372286468949572,-0.0041698310524225235,0.0043735539171120188,0.026632100001734216,0.00947610940784216,-0.00066324527142569423,-0.15189029686291317,-0.807029103446137,0.23618119955062866,0,0.71268105506896973,0.16381454467773438,1.2019176483154297,0.019782340154051781,0,0,10.603540420532227,14.604376792907715,2183,1127,0,10.206098556518555,11.001005172729492,14.066192626953125,15.268110275268555
43.63998453798186,31620.1315103,EXTERNAL_CONTROL,wrist_2_joint,1.5749175987751185,1.5897222757339478,-0.014804676958829255,-0.010606843618670512,-0.0074720513075590134,-0.0031347923111114985,0.026663000000553438,0.00947610940784216,-0.00066324527142569423,-0.15189029686291317,-0.807029103446137,-9.666661262512207,0,0.71268105506896973,0.16381454467773438,1.2019176483154297,0.019782340154051781,0,0,10.603540420532227,14.604376792907715,2183,1127,0,10.206098556518555,11.001005172729492,14.066192626953125,15.268110275268555
43.63998453798186,31620.1315707,EXTERNAL_CONTROL,wrist_3_joint,-2.8520447177111005E-05,0.00015347541193477809,-0.00018199585911188911,7.3402562265707029E-05,0.00040085904765874147,-0.00032745648539303442,0.026724800001829863,0.00947610940784216,-0.00066324527142569423,-0.15189029686291317,-0.807029103446137,-0.033448398113250732,0,0.71268105506896973,0.16381454467773438,1.2019176483154297,0.019782340154051781,0,0,10.603540420532227,14.604376792907715,2183,1127,0,10.206098556518555,11.001005172729492,14.066192626953125,15.268110275268555
43.659984530895692,31620.1526043,EXTERNAL_CONTROL,shoulder_pan_joint,1.571131609699761,1.5723863840103149,-0.0012547743105539855,-0.00093120667921233738,-0.014357942156493664,0.013426735477281326,0.0037217000026430469,0.00092056882567703724,0.0044848988763988018,-0.42777719802924613,0.25740730903642162,-0.2338344007730484,0,0.71282529830932617,0.16312408447265625,1.2022476196289063,0.019782340154051781,0,0,10.603570938110352,14.604352951049805,2184,1128,0,10.205995559692383,11.001199722290039,14.065532684326172,15.267780303955078
43.659984530895692,31620.1526533,EXTERNAL_CONTROL,shoulder_lift_joint,0.0013903762419789686,0.006939541082829237,-0.0055491648408502684,-0.0038615975475186125,-0.024910228326916695,0.021048630779398083,0.0037637999994331039,0.00092056882567703724,0.0044848988763988018,-0.42777719802924613,0.25740730903642162,-10.692617416381836,0,0.71282529830932617,0.16312408447265625,1.2022476196289063,0.019782340154051781,0,0,10.603570938110352,14.604352951049805,2184,1128,0,10.205995559692383,11.001199722290039,14.065532684326172,15.267780303955078
43.659984530895692,31620.1526898,EXTERNAL_CONTROL,elbow_joint,0.00045759758397946073,0.0023949607275426388,-0.0019373631435631779,-0.0012709205283387296,0.0009494805708527565,-0.0022204010991914861,0.0038001000029908027,0.00092056882567703724,0.0044848988763988018,-0.42777719802924613,0.25740730903642162,-9.7800846099853516,0,0.71282529830932617,0.16312408447265625,1.2022476196289063,0.019782340154051781,0,0,10.603570938110352,14.604352951049805,2184,1128,0,10.205995559692383,11.001199722290039,14.065532684326172,15.267780303955078
43.659984530895692,31620.15273,EXTERNAL_CONTROL,wrist_1_joint,-7.1128089070630538E-05,-3.8187528843991458E-05,-3.2940560226639079E-05,0.00019754944454738985,0.01203128881752491,-0.01183373937297752,0.0038411000023188535,0.00092056882567703724,0.0044848988763988018,-0.42777719802924613,0.25740730903642162,-0.54603230953216553,0,0.71282529830932617,0.16312408447265625,1.2022476196289063,0.019782340154051781,0,0,10.603570938110352,14.604352951049805,2184,1128,0,10.205995559692383,11.001199722290039,14.065532684326172,15.267780303955078
43.659984530895692,31620.1527697,EXTERNAL_CONTROL,wrist_2_joint,1.574499615175496,1.5896674394607544,-0.015167824285258424,-0.010285424115074434,-0.0040001082234084606,-0.0062853158916659733,0.0038802000017312821,0.00092056882567703724,0.0044848988763988018,-0.42777719802924613,0.25740730903642162,-9.6693534851074219,0,0.71282529830932617,0.16312408447265625,1.2022476196289063,0.019782340154051781,0,0,10.603570938110352,14.604352951049805,2184,1128,0,10.205995559692383,11.001199722290039,14.065532684326172,15.267780303955078
43.659984530895692,31620.1528052,EXTERNAL_CONTROL,wrist_3_joint,-2.5627874391052165E-05,-7.3900155257433653E-05,4.8272280866381491E-05,7.1178242197049256E-05,-0.0090707847848534584,0.0091419630270505071,0.0039162000030046329,0.00092056882567703724,0.0044848988763988018,-0.42777719802924613,0.25740730903642162,0.26613175868988037,0,0.71282529830932617,0.16312408447265625,1.2022476196289063,0.019782340154051781,0,0,10.603570938110352,14.604352951049805,2184,1128,0,10.205995559692383,11.001199722290039,14.065532684326172,15.267780303955078
43.679984523809523,31620.1709187,EXTERNAL_CONTROL,shoulder_pan_joint,1.5711131435834389,1.5721514225006104,-0.0010382789171714535,-0.00091524850023390043,-0.012456919997930527,0.011541671497696627,0.017915599997650133,-0.00096207775641232729,-0.0037610579747706652,-0.094132366275529664,-0.41229800536702788,-0.16751694679260254,0,0.71275842189788818,0.16299057006835938,1.2023105621337891,0.019782340154051781,0,0,10.603528022766113,14.604382514953613,2185,1129,0,10.205944061279297,11.001079559326172,14.065397262573242,15.267707824707031
43.679984523809523,31620.1709981,EXTERNAL_CONTROL,shoulder_lift_joint,0.0013137995688382391,0.0067859538830816746,-0.005472154314243435,-0.003795420976643797,-0.040159303694963455,0.036363882718319661,0.017988799998420291,-0.00096207775641232729,-0.0037610579747706652,-0.094132366275529664,-0.41229800536702788,-3.3624594211578369,0,0.71275842189788818,0.16299057006835938,1.2023105621337891,0.019782340154051781,0,0,10.603528022766113,14.604382514953613,2185,1129,0,10.205944061279297,11.001079559326172,14.065397262573242,15.267707824707031
43.679984523809523,31620.1710349,EXTERNAL_CONTROL,elbow_joint,0.00043239483701040484,0.0016068334225565195,-0.0011744385855461147,-0.0012491406402522795,-0.0031887413933873177,0.0019396007531350381,0.018025499997747829,-0.00096207775641232729,-0.0037610579747706652,-0.094132366275529664,-0.41229800536702788,-6.5775160789489746,0,0.71275842189788818,0.16299057006835938,1.2023105621337891,0.019782340154051781,0,0,10.603528022766113,14.604382514953613,2185,1129,0,10.205944061279297,11.001079559326172,14.065397262573242,15.267707824707031
43.679984523809523,31620.1710719,EXTERNAL_CONTROL,wrist_1_joint,-6.7210622514863E-05,-0.00018721965898294002,0.00012000903646807702,0.00019416402059849305,-0.0093629667535424232,0.0095571307741409168,0.018062299997836817,-0.00096207775641232729,-0.0037610579747706652,-0.094132366275529664,-0.41229800536702788,0.44347935914993286,0,0.71275842189788818,0.16299057006835938,1.2023105621337891,0.019782340154051781,0,0,10.603528022766113,14.604382514953613,2185,1129,0,10.205944061279297,11.001079559326172,14.065397262573242,15.267707824707031
43.679984523809523,31620.1711046,EXTERNAL_CONTROL,wrist_2_joint,1.5742956520356604,1.5895719528198242,-0.015276300784163865,-0.010109161806650778,-0.011533468961715698,0.0014243071550649206,0.018094600000040373,-0.00096207775641232729,-0.0037610579747706652,-0.094132366275529664,-0.41229800536702788,-9.6369142532348633,0,0.71275842189788818,0.16299057006835938,1.2023105621337891,0.019782340154051781,0,0,10.603528022766113,14.604382514953613,2185,1129,0,10.205944061279297,11.001079559326172,14.065397262573242,15.267707824707031
43.679984523809523,31620.171137,EXTERNAL_CONTROL,wrist_3_joint,-2.4216387844258188E-05,-2.4973331164801493E-05,7.5694332054330549E-07,6.9958453772301428E-05,0.0065774610266089439,-0.0065075025728366428,0.018127699997421587,-0.00096207775641232729,-0.0037610579747706652,-0.094132366275529664,-0.41229800536702788,-0.19593644142150879,0,0.71275842189788818,0.16299057006835938,1.2023105621337891,0.019782340154051781,0,0,10.603528022766113,14.604382514953613,2185,1129,0,10.205944061279297,11.001079559326172,14.065397262573242,15.267707824707031
43.699984516723354,31620.1920142,EXTERNAL_CONTROL,shoulder_pan_joint,1.5710597916362483,1.5720685720443726,-0.0010087804081242435,-0.0008617416648356109,-0.015434103086590767,0.014572361421755156,0.02068669999789563,-0.0047566522844135761,-0.00620517460629344,-0.18972880132031791,-0.12220587983289086,-0.33898440003395081,0,0.7127300500869751,0.16333961486816406,1.2023448944091797,0.044234659522771835,0,0,10.603601455688477,14.604473114013672,2186,1130,0,10.205896377563477,11.001199722290039,14.065376281738281,15.267719268798828
43.699984516723354,31620.1920581,EXTERNAL_CONTROL,shoulder_lift_joint,0.0010925557214458794,0.00614150520414114,-0.005048949482695261,-0.0035735348272400054,0.0023904480040073395,-0.0059639828312473449,0.020727499999338761,-0.0047566522844135761,-0.00620517460629344,-0.18972880132031791,-0.12220587983289086,-9.2496738433837891,0,0.7127300500869751,0.16333961486816406,1.2023448944091797,0.044234659522771835,0,0,10.603601455688477,14.604473114013672,2186,1130,0,10.205896377563477,11.001199722290039,14.065376281738281,15.267719268798828
43.699984516723354,31620.1920946,EXTERNAL_CONTROL,elbow_joint,0.00035957954645785255,0.0020109973847866058,-0.0016514178383287533,-0.0011761139566683005,-0.0044295880943536758,0.0032534741376853754,0.020763199998327764,-0.0047566522844135761,-0.00620517460629344,-0.18972880132031791,-0.12220587983289086,-8.5415191650390625,0,0.7127300500869751,0.16333961486816406,1.2023448944091797,0.044234659522771835,0,0,10.603601455688477,14.604473114013672,2186,1130,0,10.205896377563477,11.001199722290039,14.065376281738281,15.267719268798828
43.699984516723354,31620.1921737,EXTERNAL_CONTROL,wrist_1_joint,-5.5892353683360044E-05,-0.00030448139295913279,0.00024858903927577275,0.00018281289324042726,-0.003344348631799221,0.0035271615250396485,0.02084399999876041,-0.0047566522844135761,-0.00620517460629344,-0.18972880132031791,-0.12220587983289086,0.22531232237815857,0,0.7127300500869751,0.16333961486816406,1.2023448944091797,0.044234659522771835,0,0,10.603601455688477,14.604473114013672,2186,1130,0,10.205896377563477,11.001199722290039,14.065376281738281,15.267719268798828
43.699984516723354,31620.1922109,EXTERNAL_CONTROL,wrist_2_joint,1.5737063656651156,1.5891813039779663,-0.015474938312850739,-0.0095181646548773476,-0.015580121427774429,0.0060619567728970817,0.020879299998341594,-0.0047566522844135761,-0.00620517460629344,-0.18972880132031791,-0.12220587983289086,-9.431096076965332,0,0.7127300500869751,0.16333961486816406,1.2023448944091797,0.044234659522771835,0,0,10.603601455688477,14.604473114013672,2186,1130,0,10.205896377563477,11.001199722290039,14.065376281738281,15.267719268798828
43.699984516723354,31620.192244,EXTERNAL_CONTROL,wrist_3_joint,-2.01383481312851E-05,3.5830238630296662E-05,-5.5968586761581763E-05,6.5868574936382262E-05,0.0033218879252672195,-0.0032560193503308374,0.020912500000122236,-0.0047566522844135761,-0.00620517460629344,-0.18972880132031791,-0.12220587983289086,-0.10559845715761185,0,0.7127300500869751,0.16333961486816406,1.2023448944091797,0.044234659522771835,0,0,10.603601455688477,14.604473114013672,2186,1130,0,10.205896377563477,11.001199722290039,14.065376281738281,15.267719268798828
43.719984509637186,31620.2115095,EXTERNAL_CONTROL,shoulder_pan_joint,1.5710099035526126,1.5719999074935913,-0.000990003940978701,-0.00079978638174285459,0.0077621461823582649,-0.00856193256410112,0.0059174999987590127,-0.0065797264687716961,-0.019279297441244125,-0.091153745212767243,-0.65370639988362189,-0.32833936810493469,0,0.71267378330230713,0.1638946533203125,1.2022190093994141,0,0,0,10.603669166564941,14.604586601257324,2187,1131,0,10.205917358398438,11.001399993896484,14.065657615661621,15.267876625061035
43.719984509637186,31620.2115493,EXTERNAL_CONTROL,shoulder_lift_joint,0.00088567608267281852,0.0068101454526185989,-0.0059244693699457805,-0.0033166140226671952,0.017652368173003197,-0.020968982195670394,0.0059537999986787327,-0.0065797264687716961,-0.019279297441244125,-0.091153745212767243,-0.65370639988362189,-18.849403381347656,0,0.71267378330230713,0.1638946533203125,1.2022190093994141,0,0,0,10.603669166564941,14.604586601257324,2187,1131,0,10.205917358398438,11.001399993896484,14.065657615661621,15.267876625061035
43.719984509637186,31620.2115821,EXTERNAL_CONTROL,elbow_joint,0.00029149177278994771,0.0024329326115548611,-0.0021414408387649135,-0.0010915567440973771,0.023170223459601402,-0.02426178020369878,0.0059866999981750268,-0.0065797264687716961,-0.019279297441244125,-0.091153745212767243,-0.65370639988362189,-13.291860580444336,0,0.71267378330230713,0.1638946533203125,1.2022190093994141,0,0,0,10.603669166564941,14.604586601257324,2187,1131,0,10.205917358398438,11.001399993896484,14.065657615661621,15.267876625061035
43.719984509637186,31620.2116203,EXTERNAL_CONTROL,wrist_1_joint,-4.5308920991352952E-05,-0.0004053332086186856,0.00036002428762733267,0.00016966948261529856,-0.0036710784770548344,0.0038407479596701331,0.0060254999989410862,-0.0065797264687716961,-0.019279297441244125,-0.091153745212767243,-0.65370639988362189,0.32173505425453186,0,0.71267378330230713,0.1638946533203125,1.2022190093994141,0,0,0,10.603669166564941,14.604586601257324,2187,1131,0,10.205917358398438,11.001399993896484,14.065657615661621,15.267876625061035
43.719984509637186,31620.211688,EXTERNAL_CONTROL,wrist_2_joint,1.5731553385838701,1.5887720584869385,-0.015616719903068343,-0.0088338521633502184,-0.017643347382545471,0.0088094952191952527,0.00609229999827221,-0.0065797264687716961,-0.019279297441244125,-0.091153745212767243,-0.65370639988362189,-9.47591781616211,0,0.71267378330230713,0.1638946533203125,1.2022190093994141,0,0,0,10.603669166564941,14.604586601257324,2187,1131,0,10.205917358398438,11.001399993896484,14.065657615661621,15.267876625061035
43.719984509637186,31620.2117172,EXTERNAL_CONTROL,wrist_3_joint,-1.6325074258742591E-05,0.00010849232785403728,-0.00012481740211277986,6.113292575794953E-05,0.00074479321483522654,-0.000683660289077277,0.00612139999793726,-0.0065797264687716961,-0.019279297441244125,-0.091153745212767243,-0.65370639988362189,-0.044045388698577881,0,0.71267378330230713,0.1638946533203125,1.2022190093994141,0,0,0,10.603669166564941,14.604586601257324,2187,1131,0,10.205917358398438,11.001399993896484,14.065657615661621,15.267876625061035
43.739984502551017,31620.2317142,EXTERNAL_CONTROL,shoulder_pan_joint,1.570994131552389,1.572068452835083,-0.001074321282694024,-0.00077725718789094309,-0.004698263481259346,0.0039210062933684028,0.0073050999999395572,-0.010724830441176891,-0.011598978191614151,-0.20725528046138483,0.3840161141220782,-0.32069718837738037,0,0.71270287036895752,0.16394996643066406,1.2021675109863281,0,0,0,10.603640556335449,14.60477352142334,2188,1132,0,10.205772399902344,11.001483917236328,14.065866470336914,15.268033981323242
43.739984502551017,31620.2317563,EXTERNAL_CONTROL,shoulder_lift_joint,0.00082027157179154382,0.0066098971292376518,-0.005789625557446108,-0.0032231882755498088,-0.023303614929318428,0.020080426653768621,0.0073424000001978129,-0.010724830441176891,-0.011598978191614151,-0.20725528046138483,0.3840161141220782,-11.561526298522949,0,0.71270287036895752,0.16394996643066406,1.2021675109863281,0,0,0,10.603640556335449,14.60477352142334,2188,1132,0,10.205772399902344,11.001483917236328,14.065866470336914,15.268033981323242
43.739984502551017,31620.2317892,EXTERNAL_CONTROL,elbow_joint,0.00026996598339783966,0.0025470387190580368,-0.002277072735660197,-0.0010608086667988593,0.018140969797968864,-0.019201778464767724,0.0073753000033320859,-0.010724830441176891,-0.011598978191614151,-0.20725528046138483,0.3840161141220782,-10.855716705322266,0,0.71270287036895752,0.16394996643066406,1.2021675109863281,0,0,0,10.603640556335449,14.60477352142334,2188,1132,0,10.205772399902344,11.001483917236328,14.065866470336914,15.268033981323242
43.739984502551017,31620.2318219,EXTERNAL_CONTROL,wrist_1_joint,-4.1962993655193292E-05,-0.00045415235217660666,0.00041218935852141338,0.0001648900605697972,0.00076030101627111435,-0.00059541095570131712,0.0074114000017289072,-0.010724830441176891,-0.011598978191614151,-0.20725528046138483,0.3840161141220782,0.15641404688358307,0,0.71270287036895752,0.16394996643066406,1.2021675109863281,0,0,0,10.603640556335449,14.60477352142334,2188,1132,0,10.205772399902344,11.001483917236328,14.065866470336914,15.268033981323242
43.739984502551017,31620.2318565,EXTERNAL_CONTROL,wrist_2_joint,1.5729811326690448,1.5886201858520508,-0.015639053183005958,-0.0085850112573403522,-0.0025177896022796631,-0.0060672216550606891,0.0074420000019017607,-0.010724830441176891,-0.011598978191614151,-0.20725528046138483,0.3840161141220782,-10.25456714630127,0,0.71270287036895752,0.16394996643066406,1.2021675109863281,0,0,0,10.603640556335449,14.60477352142334,2188,1132,0,10.205772399902344,11.001483917236328,14.065866470336914,15.268033981323242
43.739984502551017,31620.231889,EXTERNAL_CONTROL,wrist_3_joint,-1.511951669895016E-05,0.0001339520385954529,-0.00014907155529440307,5.941087151124673E-05,-0.0012377193197607994,0.0012971301912720462,0.0074759000017365906,-0.010724830441176891,-0.011598978191614151,-0.20725528046138483,0.3840161141220782,0.011001534759998322,0,0.71270287036895752,0.16394996643066406,1.2021675109863281,0,0,0,10.603640556335449,14.60477352142334,2188,1132,0,10.205772399902344,11.001483917236328,14.065866470336914,15.268033981323242
43.759984495464849,31620.251225,EXTERNAL_CONTROL,shoulder_pan_joint,1.570994131552389,1.571989893913269,-0.00099576236088005921,-0.00077725718789094309,-0.006838472094386816,0.0060612149064958728,0.02681740000116406,-0.010935337282717228,-0.0011876542121171951,-0.010525346233273673,0.52056640453651126,-0.3448043167591095,0,0.71282434463500977,0.16362571716308594,1.2020854949951172,0,0,0,10.603616714477539,14.60501766204834,2189,1132,0,10.205747604370117,11.001470565795898,14.066122055053711,15.268207550048828
43.759984495464849,31620.2512727,EXTERNAL_CONTROL,shoulder_lift_joint,0.00082027157179154382,0.0066842217929661274,-0.0058639502211745836,-0.0032231882755498088,-0.021694270893931389,0.018471082618381582,0.026860400001169182,-0.010935337282717228,-0.0011876542121171951,-0.010525346233273673,0.52056640453651126,-11.226727485656738,0,0.71282434463500977,0.16362571716308594,1.2020854949951172,0,0,0,10.603616714477539,14.60501766204834,2189,1132,0,10.205747604370117,11.001470565795898,14.066122055053711,15.268207550048828
43.759984495464849,31620.2513105,EXTERNAL_CONTROL,elbow_joint,0.00026996598339783966,0.0023804572410881519,-0.0021104912576903122,-0.0010608086667988593,0.00923897884786129,-0.010299787514660149,0.026897400002781069,-0.010935337282717228,-0.0011876542121171951,-0.010525346233273673,0.52056640453651126,-10.410650253295898,0,0.71282434463500977,0.16362571716308594,1.2020854949951172,0,0,0,10.603616714477539,14.60501766204834,2189,1132,0,10.205747604370117,11.001470565795898,14.066122055053711,15.268207550048828
43.759984495464849,31620.2513472,EXTERNAL_CONTROL,wrist_1_joint,-4.1962993655193292E-05,-0.00041686531039886177,0.00037490231674366849,0.0001648900605697972,-0.00018466275651007891,0.00034955281707987613,0.02693810000346275,-0.010935337282717228,-0.0011876542121171951,-0.010525346233273673,0.52056640453651126,0.22767351567745209,0,0.71282434463500977,0.16362571716308594,1.2020854949951172,0,0,0,10.603616714477539,14.60501766204834,2189,1132,0,10.205747604370117,11.001470565795898,14.066122055053711,15.268207550048828
43.759984495464849,31620.2513882,EXTERNAL_CONTROL,wrist_2_joint,1.5729811326690448,1.5884414911270142,-0.015460358457969336,-0.0085850112573403522,-0.0084580117836594582,-0.00012699947368089402,0.026975400000083027,-0.010935337282717228,-0.0011876542121171951,-0.010525346233273673,0.52056640453651126,-10.041950225830078,0,0.71282434463500977,0.16362571716308594,1.2020854949951172,0,0,0,10.603616714477539,14.60501766204834,2189,1132,0,10.205747604370117,11.001470565795898,14.066122055053711,15.268207550048828
43.759984495464849,31620.2514222,EXTERNAL_CONTROL,wrist_3_joint,-1.511951669895016E-05,7.0022542786318809E-05,-8.5142059485268971E-05,5.941087151124673E-05,-0.00062720023561269045,0.00068661110712393717,0.027011800000764197,-0.010935337282717228,-0.0011876542121171951,-0.010525346233273673,0.52056640453651126,0.0001828870881581679,0,0.71282434463500977,0.16362571716308594,1.2020854949951172,0,0,0,10.603616714477539,14.60501766204834,2189,1132,0,10.205747604370117,11.001470565795898,14.066122055053711,15.268207550048828
43.77998448837868,31620.2729276,EXTERNAL_CONTROL,shoulder_pan_joint,1.570994131552389,1.5719811916351318,-0.00098706008274285217,-0.00077725718789094309,0.0027014813385903835,-0.0034787385264813267,0.048520800002734177,-0.0082049136981368065,-0.00060963665600866079,0.13652123313863096,0.028900889217832151,-0.32160410284996033,0,0.71295690536499023,0.16298294067382813,1.2020320892333984,0,0,0,10.603650093078613,14.605233192443848,2190,1132,0,10.205820083618164,11.001466751098633,14.066349983215332,15.26838207244873
43.77998448837868,31620.2729704,EXTERNAL_CONTROL,shoulder_lift_joint,0.00082027157179154382,0.0066565466113388538,-0.00583627503954731,-0.0032231882755498088,-0.017828004434704781,0.014604816159154972,0.04855640000096173,-0.0082049136981368065,-0.00060963665600866079,0.13652123313863096,0.028900889217832151,-10.2439603805542,0,0.71295690536499023,0.16298294067382813,1.2020320892333984,0,0,0,10.603650093078613,14.605233192443848,2190,1132,0,10.205820083618164,11.001466751098633,14.066349983215332,15.26838207244873
43.77998448837868,31620.273042,EXTERNAL_CONTROL,elbow_joint,0.00026996598339783966,0.0021790929604321718,-0.0019091269770343321,-0.0010608086667988593,0.0017885863780975342,-0.0028493950448963933,0.0486287000021548,-0.0082049136981368065,-0.00060963665600866079,0.13652123313863096,0.028900889217832151,-9.7083358764648438,0,0.71295690536499023,0.16298294067382813,1.2020320892333984,0,0,0,10.603650093078613,14.605233192443848,2190,1132,0,10.205820083618164,11.001466751098633,14.066349983215332,15.26838207244873
43.77998448837868,31620.2730762,EXTERNAL_CONTROL,wrist_1_joint,-4.1962993655193292E-05,-0.00039854558417573571,0.00035658259052054244,0.0001648900605697972,0.0007272098446264863,-0.00056231978405668907,0.048663400000805268,-0.0082049136981368065,-0.00060963665600866079,0.13652123313863096,0.028900889217832151,0.17050285637378693,0,0.71295690536499023,0.16298294067382813,1.2020320892333984,0,0,0,10.603650093078613,14.605233192443848,2190,1132,0,10.205820083618164,11.001466751098633,14.066349983215332,15.26838207244873
43.77998448837868,31620.273108,EXTERNAL_CONTROL,wrist_2_joint,1.5729811326690448,1.5882472991943359,-0.015266166525291114,-0.0085850112573403522,-0.0092278411611914635,0.00064282990385111129,0.048695500001485925,-0.0082049136981368065,-0.00060963665600866079,0.13652123313863096,0.028900889217832151,-9.8425540924072266,0,0.71295690536499023,0.16298294067382813,1.2020320892333984,0,0,0,10.603650093078613,14.605233192443848,2190,1132,0,10.205820083618164,11.001466751098633,14.066349983215332,15.26838207244873
43.77998448837868,31620.2731404,EXTERNAL_CONTROL,wrist_3_joint,-1.511951669895016E-05,1.5261579392245039E-05,-3.03810960911952E-05,5.941087151124673E-05,-0.0010490653803572059,0.0011084762518684527,0.048726600001828047,-0.0082049136981368065,-0.00060963665600866079,0.13652123313863096,0.028900889217832151,0.015088434331119061,0,0.71295690536499023,0.16298294067382813,1.2020320892333984,0,0,0,10.603650093078613,14.605233192443848,2190,1132,0,10.205820083618164,11.001466751098633,14.066349983215332,15.26838207244873
43.799984481292512,31620.2926091,EXTERNAL_CONTROL,shoulder_pan_joint,1.5709788195232066,1.5722266435623169,-0.0012478240391102791,-0.00075378927762853576,-0.0038072862662374973,0.0030534969886089613,0.0036115000002610032,-0.0092109860852360725,0.00016999471699818969,-0.050303639218903171,0.03898158404342051,-0.31901735067367554,0,0.71308958530426025,0.16243171691894531,1.2019519805908203,0,0,0,10.603604316711426,14.605449676513672,2191,1133,0,10.205680847167969,11.001510620117188,14.06658935546875,15.268543243408203
43.799984481292512,31620.2926645,EXTERNAL_CONTROL,shoulder_lift_joint,0.00075677450324724855,0.0067964005284011364,-0.0060396260251538878,-0.0031258697889692,-0.016833296045660973,0.013707426256691772,0.003662600000097882,-0.0092109860852360725,0.00016999471699818969,-0.050303639218903171,0.03898158404342051,-10.101409912109375,0,0.71308958530426025,0.16243171691894531,1.2019519805908203,0,0,0,10.603604316711426,14.605449676513672,2191,1133,0,10.205680847167969,11.001510620117188,14.06658935546875,15.268543243408203
43.799984481292512,31620.2927155,EXTERNAL_CONTROL,elbow_joint,0.00024906796725057641,0.0018002379219979048,-0.0015511699547473283,-0.0010287794196129035,0.0044198669493198395,-0.0054486463689327434,0.0037143000008654781,-0.0092109860852360725,0.00016999471699818969,-0.050303639218903171,0.03898158404342051,-9.47887897491455,0,0.71308958530426025,0.16243171691894531,1.2019519805908203,0,0,0,10.603604316711426,14.605449676513672,2191,1133,0,10.205680847167969,11.001510620117188,14.06658935546875,15.268543243408203
43.799984481292512,31620.2927657,EXTERNAL_CONTROL,wrist_1_joint,-3.8714646185795989E-05,-0.00034251698525622487,0.0003038023390704289,0.00015991149593906664,0.0018596187001094222,-0.0016997072041703555,0.0037689000018872321,-0.0092109860852360725,0.00016999471699818969,-0.050303639218903171,0.03898158404342051,0.10828063637018204,0,0.71308958530426025,0.16243171691894531,1.2019519805908203,0,0,0,10.603604316711426,14.605449676513672,2191,1133,0,10.205680847167969,11.001510620117188,14.06658935546875,15.268543243408203
43.799984481292512,31620.2928461,EXTERNAL_CONTROL,wrist_2_joint,1.5728120072560503,1.5880876779556274,-0.015275670699577137,-0.0083258019802467439,-0.0099466079846024513,0.0016208060043557074,0.0038521999995282385,-0.0092109860852360725,0.00016999471699818969,-0.050303639218903171,0.03898158404342051,-9.6886472702026367,0,0.71308958530426025,0.16243171691894531,1.2019519805908203,0,0,0,10.603604316711426,14.605449676513672,2191,1133,0,10.205680847167969,11.001510620117188,14.06658935546875,15.268543243408203
43.799984481292512,31620.2928983,EXTERNAL_CONTROL,wrist_3_joint,-1.3949117746694593E-05,-5.7379165809834376E-05,4.3430048063139781E-05,5.7617065004264681E-05,-0.00025795947294682264,0.00031557653795108735,0.0038979999990260694,-0.0092109860852360725,0.00016999471699818969,-0.050303639218903171,0.03898158404342051,-0.0087269609794020653,0,0.71308958530426025,0.16243171691894531,1.2019519805908203,0,0,0,10.603604316711426,14.605449676513672,2191,1133,0,10.205680847167969,11.001510620117188,14.06658935546875,15.268543243408203
43.81998447420635,31620.3130793,EXTERNAL_CONTROL,shoulder_pan_joint,1.5709788195232066,1.572290301322937,-0.0013114817997303962,-0.00075378927762853576,-0.0071859094314277172,0.0064321201537991812,0.02408099999956903,-0.010790492407977581,0.0014633438549935818,-0.07897534732292151,0.064667482435714962,-0.39519849419593811,0,0.71321499347686768,0.16217041015625,1.2019443511962891,0,0,0,10.603614807128906,14.60570240020752,2192,1133,0,10.205633163452148,11.001558303833008,14.066795349121094,15.268739700317383
43.81998447420635,31620.3131215,EXTERNAL_CONTROL,shoulder_lift_joint,0.00075677450324724855,0.0063938689418137074,-0.0056370944385664588,-0.0031258697889692,-0.017241187393665314,0.014115317604696113,0.024119500001688721,-0.010790492407977581,0.0014633438549935818,-0.07897534732292151,0.064667482435714962,-10.479290962219238,0,0.71321499347686768,0.16217041015625,1.2019443511962891,0,0,0,10.603614807128906,14.60570240020752,2192,1133,0,10.205633163452148,11.001558303833008,14.066795349121094,15.268739700317383
43.81998447420635,31620.31316,EXTERNAL_CONTROL,elbow_joint,0.00024906796725057641,0.0020046262070536613,-0.0017555582398030849,-0.0010287794196129035,0.0077960002236068249,-0.0088247796432197288,0.024155499999324093,-0.010790492407977581,0.0014633438549935818,-0.07897534732292151,0.064667482435714962,-9.4792776107788086,0,0.71321499347686768,0.16217041015625,1.2019443511962891,0,0,0,10.603614807128906,14.60570240020752,2192,1133,0,10.205633163452148,11.001558303833008,14.066795349121094,15.268739700317383
43.81998447420635,31620.3132105,EXTERNAL_CONTROL,wrist_1_joint,-3.8714646185795989E-05,-0.00032443032250739634,0.00028571567632160037,0.00015991149593906664,0.0027030555065721273,-0.0025431440106330606,0.024227000001701526,-0.010790492407977581,0.0014633438549935818,-0.07897534732292151,0.064667482435714962,0.034322027117013931,0,0.71321499347686768,0.16217041015625,1.2019443511962891,0,0,0,10.603614807128906,14.60570240020752,2192,1133,0,10.205633163452148,11.001558303833008,14.066795349121094,15.268739700317383
43.81998447420635,31620.3132961,EXTERNAL_CONTROL,wrist_2_joint,1.5728120072560503,1.5878905057907104,-0.015078498534660145,-0.0083258019802467439,-0.010247407481074333,0.0019216055008275893,0.02429150000170921,-0.010790492407977581,0.0014633438549935818,-0.07897534732292151,0.064667482435714962,-9.6619911193847656,0,0.71321499347686768,0.16217041015625,1.2019443511962891,0,0,0,10.603614807128906,14.60570240020752,2192,1133,0,10.205633163452148,11.001558303833008,14.066795349121094,15.268739700317383
43.81998447420635,31620.3133319,EXTERNAL_CONTROL,wrist_3_joint,-1.3949117746694593E-05,-8.5325038526207209E-05,7.1375920779512614E-05,5.7617065004264681E-05,-0.00060265965294092894,0.00066027671794519364,0.024329200001375284,-0.010790492407977581,0.0014633438549935818,-0.07897534732292151,0.064667482435714962,0.032404765486717224,0,0.71321499347686768,0.16217041015625,1.2019443511962891,0,0,0,10.603614807128906,14.60570240020752,2192,1133,0,10.205633163452148,11.001558303833008,14.066795349121094,15.268739700317383
43.839984467120182,31620.3353647,EXTERNAL_CONTROL,shoulder_pan_joint,1.5709358310051877,1.5721800327301025,-0.0012442017249147952,-0.00067775324837833452,0.0054902229458093643,-0.0061679761941876993,0.0095514000022376422,0.00051219243323430419,0.00712590804323554,0.56513446522132793,0.28312832121402787,-0.4139479398727417,0,0.71332705020904541,0.16165924072265625,1.201873779296875,0,0,0,10.603705406188965,14.60568904876709,2193,1134,0,10.205850601196289,11.001520156860352,14.066961288452148,15.268835067749023
43.839984467120182,31620.3354302,EXTERNAL_CONTROL,shoulder_lift_joint,0.00057850649952888647,0.0062140673398971558,-0.0056355608403682693,-0.0028105578924480217,0.0015022829174995422,-0.004312840809947564,0.00960530000156723,0.00051219243323430419,0.00712590804323554,0.56513446522132793,0.28312832121402787,-9.7619838714599609,0,0.71332705020904541,0.16165924072265625,1.201873779296875,0,0,0,10.603705406188965,14.60568904876709,2193,1134,0,10.205850601196289,11.001520156860352,14.066961288452148,15.268835067749023
43.839984467120182,31620.3356376,EXTERNAL_CONTROL,elbow_joint,0.00019039679225534237,0.0021051825024187565,-0.0019147857101634142,-0.0009250046587304054,-0.0013694609515368938,0.00044445629280648845,0.0098151999991387129,0.00051219243323430419,0.00712590804323554,0.56513446522132793,0.28312832121402787,-9.5787258148193359,0,0.71332705020904541,0.16165924072265625,1.201873779296875,0,0,0,10.603705406188965,14.60568904876709,2193,1134,0,10.205850601196289,11.001520156860352,14.066961288452148,15.268835067749023
43.839984467120182,31620.3356813,EXTERNAL_CONTROL,wrist_1_joint,-2.9594911495223688E-05,-0.0003246158012188971,0.00029502088972367343,0.0001437809465354994,0.0017286367947235703,-0.001584855848188071,0.00985690000015893,0.00051219243323430419,0.00712590804323554,0.56513446522132793,0.28312832121402787,0.042782306671142578,0,0.71332705020904541,0.16165924072265625,1.201873779296875,0,0,0,10.603705406188965,14.60568904876709,2193,1134,0,10.205850601196289,11.001520156860352,14.066961288452148,15.268835067749023
43.839984467120182,31620.3357178,EXTERNAL_CONTROL,wrist_2_joint,1.5723371877022703,1.5877249240875244,-0.015387736385254147,-0.007485963922463445,-0.0081299478188157082,0.00064398389635226313,0.0098920000018551946,0.00051219243323430419,0.00712590804323554,0.56513446522132793,0.28312832121402787,-9.5886764526367188,0,0.71332705020904541,0.16165924072265625,1.201873779296875,0,0,0,10.603705406188965,14.60568904876709,2193,1134,0,10.205850601196289,11.001520156860352,14.066961288452148,15.268835067749023
43.839984467120182,31620.3357562,EXTERNAL_CONTROL,wrist_3_joint,-1.0663222987204804E-05,-4.7639194235671312E-05,3.6975971248466504E-05,5.1805131921642687E-05,0.00084813637658953667,-0.000796331244667894,0.0099306000010983553,0.00051219243323430419,0.00712590804323554,0.56513446522132793,0.28312832121402787,0.020532606169581413,0,0.71332705020904541,0.16165924072265625,1.201873779296875,0,0,0,10.603705406188965,14.60568904876709,2193,1134,0,10.205850601196289,11.001520156860352,14.066961288452148,15.268835067749023
43.859984460034013,31620.3517907,EXTERNAL_CONTROL,shoulder_pan_joint,1.570922546603452,1.572253942489624,-0.0013313958861720376,-0.00065053047247394156,0.0084934178739786148,-0.0091439483464525566,0.007155600000260165,0.0080100605264306068,7.5449934229254723E-05,0.37489355269807051,-0.35252304465488615,-0.39135032892227173,0,0.71343183517456055,0.16100311279296875,1.2018585205078125,0,0,0,10.603766441345215,14.605541229248047,2194,1135,0,10.206019401550293,11.00147533416748,14.066965103149414,15.268823623657227
43.859984460034013,31620.3518413,EXTERNAL_CONTROL,shoulder_lift_joint,0.000523417748225156,0.0062348921783268452,-0.0057114744301016889,-0.0026976684480145142,-0.015892853960394859,0.013195185512380345,0.0071987999981502071,0.0080100605264306068,7.5449934229254723E-05,0.37489355269807051,-0.35252304465488615,-8.68047046661377,0,0.71343183517456055,0.16100311279296875,1.2018585205078125,0,0,0,10.603766441345215,14.605541229248047,2194,1135,0,10.206019401550293,11.00147533416748,14.066965103149414,15.268823623657227
43.859984460034013,31620.3519191,EXTERNAL_CONTROL,elbow_joint,0.0001722661030649457,0.0020844207610934973,-0.0019121546580285515,-0.00088785073199469774,0.0062241759151220322,-0.00711202664711673,0.0072763999996823259,0.0080100605264306068,7.5449934229254723E-05,0.37489355269807051,-0.35252304465488615,-9.280360221862793,0,0.71343183517456055,0.16100311279296875,1.2018585205078125,0,0,0,10.603766441345215,14.605541229248047,2194,1135,0,10.206019401550293,11.00147533416748,14.066965103149414,15.268823623657227
43.859984460034013,31620.3519605,EXTERNAL_CONTROL,wrist_1_joint,-2.6776712009921463E-05,-0.0002796411863528192,0.00025286447434289775,0.00013800581156385197,0.0035364420618861914,-0.0033984362503223396,0.0073185999972338323,0.0080100605264306068,7.5449934229254723E-05,0.37489355269807051,-0.35252304465488615,-0.1228509396314621,0,0.71343183517456055,0.16100311279296875,1.2018585205078125,0,0,0,10.603766441345215,14.605541229248047,2194,1135,0,10.206019401550293,11.00147533416748,14.066965103149414,15.268823623657227
43.859984460034013,31620.3519987,EXTERNAL_CONTROL,wrist_2_joint,1.5721904579708168,1.5875638723373413,-0.015373414366524507,-0.007185281161034866,-0.0083782458677887917,0.0011929647067539257,0.0073555999988457188,0.0080100605264306068,7.5449934229254723E-05,0.37489355269807051,-0.35252304465488615,-9.7832813262939453,0,0.71343183517456055,0.16100311279296875,1.2018585205078125,0,0,0,10.603766441345215,14.605541229248047,2194,1135,0,10.206019401550293,11.00147533416748,14.066965103149414,15.268823623657227
43.859984460034013,31620.3520338,EXTERNAL_CONTROL,wrist_3_joint,-9.64780891715247E-06,-3.0089904612395912E-06,-6.6388184559128792E-06,4.9724316373543506E-05,0.0039735767059028149,-0.0039238523895292711,0.0073907999976654537,0.0080100605264306068,7.5449934229254723E-05,0.37489355269807051,-0.35252304465488615,0.0017300094477832317,0,0.71343183517456055,0.16100311279296875,1.2018585205078125,0,0,0,10.603766441345215,14.605541229248047,2194,1135,0,10.206019401550293,11.00147533416748,14.066965103149414,15.268823623657227
43.879984452947845,31620.3713992,EXTERNAL_CONTROL,shoulder_pan_joint,1.570922546603452,1.5722320079803467,-0.0013094613768946939,-0.00065053047247394156,0.001958947628736496,-0.0026094781012104377,0.026762899997265777,0.0055960621684789658,0.0020433361642062664,-0.12069996555967759,0.098394350352887572,-0.41611519455909729,0,0.7133636474609375,0.16044807434082031,1.2017917633056641,0,0,0,10.603728294372559,14.605419158935547,2195,1135,0,10.206052780151367,11.001413345336914,14.066961288452148,15.268753051757813
43.879984452947845,31620.3714438,EXTERNAL_CONTROL,shoulder_lift_joint,0.000523417748225156,0.0067696631886065006,-0.0062462454403813443,-0.0026976684480145142,0.0089089740067720413,-0.011606642454786556,0.026801899999554735,0.0055960621684789658,0.0020433361642062664,-0.12069996555967759,0.098394350352887572,-14.013967514038086,0,0.7133636474609375,0.16044807434082031,1.2017917633056641,0,0,0,10.603728294372559,14.605419158935547,2195,1135,0,10.206052780151367,11.001413345336914,14.066961288452148,15.268753051757813
43.879984452947845,31620.3714821,EXTERNAL_CONTROL,elbow_joint,0.0001722661030649457,0.0019433519337326288,-0.001771085830667683,-0.00088785073199469774,0.004712534137070179,-0.0056003848690648764,0.026838399997359375,0.0055960621684789658,0.0020433361642062664,-0.12069996555967759,0.098394350352887572,-11.232517242431641,0,0.7133636474609375,0.16044807434082031,1.2017917633056641,0,0,0,10.603728294372559,14.605419158935547,2195,1135,0,10.206052780151367,11.001413345336914,14.066961288452148,15.268753051757813
43.879984452947845,31620.3715162,EXTERNAL_CONTROL,wrist_1_joint,-2.6776712009921463E-05,-0.0001965094415936619,0.00016973272958374045,0.00013800581156385197,0.0055508054792881012,-0.0054127996677242494,0.026873599999817088,0.0055960621684789658,0.0020433361642062664,-0.12069996555967759,0.098394350352887572,-0.10446904599666595,0,0.7133636474609375,0.16044807434082031,1.2017917633056641,0,0,0,10.603728294372559,14.605419158935547,2195,1135,0,10.206052780151367,11.001413345336914,14.066961288452148,15.268753051757813
43.879984452947845,31620.3715821,EXTERNAL_CONTROL,wrist_2_joint,1.5721904579708168,1.5872375965118408,-0.015047138541024019,-0.007185281161034866,-0.013752840459346771,0.0065675592983119053,0.026938299997709692,0.0055960621684789658,0.0020433361642062664,-0.12069996555967759,0.098394350352887572,-9.465327262878418,0,0.7133636474609375,0.16044807434082031,1.2017917633056641,0,0,0,10.603728294372559,14.605419158935547,2195,1135,0,10.206052780151367,11.001413345336914,14.066961288452148,15.268753051757813
43.879984452947845,31620.3716141,EXTERNAL_CONTROL,wrist_3_joint,-9.64780891715247E-06,-7.4150152613583487E-06,-2.2327936557941218E-06,4.9724316373543506E-05,-0.00078428070992231369,0.00083400502629585717,0.026970099999743979,0.0055960621684789658,0.0020433361642062664,-0.12069996555967759,0.098394350352887572,-0.004013407975435257,0,0.7133636474609375,0.16044807434082031,1.2017917633056641,0,0,0,10.603728294372559,14.605419158935547,2195,1135,0,10.206052780151367,11.001413345336914,14.066961288452148,15.268753051757813
43.899984445861676,31620.3923762,EXTERNAL_CONTROL,shoulder_pan_joint,1.5708860915516503,1.5722615718841553,-0.001375480332505008,-0.0005632298462977844,-0.011190271005034447,0.010627041158736663,0.0029169999979785644,0.0032541230320930481,0.0010047680698335171,-0.11709700305865081,-0.051928425224174089,-0.40971279144287109,0,0.71348810195922852,0.16029167175292969,1.2017898559570313,0.019782340154051781,0,0,10.603663444519043,14.605354309082031,2196,1136,0,10.205953598022461,11.001426696777344,14.066875457763672,15.268665313720703
43.899984445861676,31620.3924135,EXTERNAL_CONTROL,shoulder_lift_joint,0.00037224321117083496,0.00689019076526165,-0.0065179475540908154,-0.0023356436779346421,-0.032337132841348648,0.030001489163414007,0.0029504999984055758,0.0032541230320930481,0.0010047680698335171,-0.11709700305865081,-0.051928425224174089,-12.815495491027832,0,0.71348810195922852,0.16029167175292969,1.2017898559570313,0.019782340154051781,0,0,10.603663444519043,14.605354309082031,2196,1136,0,10.205953598022461,11.001426696777344,14.066875457763672,15.268665313720703
43.899984445861676,31620.3924488,EXTERNAL_CONTROL,elbow_joint,0.00012251187048628134,0.0019606684800237417,-0.0018381566095374603,-0.00076870193246294052,0.0162091925740242,-0.016977894506487141,0.00298560000010184,0.0032541230320930481,0.0010047680698335171,-0.11709700305865081,-0.051928425224174089,-11.005149841308594,0,0.71348810195922852,0.16029167175292969,1.2017898559570313,0.019782340154051781,0,0,10.603663444519043,14.605354309082031,2196,1136,0,10.205953598022461,11.001426696777344,14.066875457763672,15.268665313720703
43.899984445861676,31620.3924833,EXTERNAL_CONTROL,wrist_1_joint,-1.9043009712544503E-05,-0.00010528454004088417,8.6241530328339664E-05,0.00011948555113753413,0.004300268366932869,-0.004180782815795335,0.0030212999990908429,0.0032541230320930481,0.0010047680698335171,-0.11709700305865081,-0.051928425224174089,-0.13069324195384979,0,0.71348810195922852,0.16029167175292969,1.2017898559570313,0.019782340154051781,0,0,10.603663444519043,14.605354309082031,2196,1136,0,10.205953598022461,11.001426696777344,14.066875457763672,15.268665313720703
43.899984445861676,31620.392514,EXTERNAL_CONTROL,wrist_2_joint,1.5717878022797798,1.5872442722320557,-0.015456469952275897,-0.0062210226502466262,-0.00055163074284791946,-0.0056693919073987067,0.0030512000012095086,0.0032541230320930481,0.0010047680698335171,-0.11709700305865081,-0.051928425224174089,-9.9756908416748047,0,0.71348810195922852,0.16029167175292969,1.2017898559570313,0.019782340154051781,0,0,10.603663444519043,14.605354309082031,2196,1136,0,10.205953598022461,11.001426696777344,14.066875457763672,15.268665313720703
43.899984445861676,31620.3925715,EXTERNAL_CONTROL,wrist_3_joint,-6.8613098892064783E-06,-3.0814237106824294E-05,2.3952927217617814E-05,4.3051356167570045E-05,3.0904426239430904E-05,1.214692992813914E-05,0.0031099000007088762,0.0032541230320930481,0.0010047680698335171,-0.11709700305865081,-0.051928425224174089,0.0020623048767447472,0,0.71348810195922852,0.16029167175292969,1.2017898559570313,0.019782340154051781,0,0,10.603663444519043,14.605354309082031,2196,1136,0,10.205953598022461,11.001426696777344,14.066875457763672,15.268665313720703
43.919984438775508,31620.4121165,EXTERNAL_CONTROL,shoulder_pan_joint,1.5708751351666124,1.5717995166778564,-0.00092438151124407675,-0.00053225220475140646,-0.0016981130465865135,0.0011658608418351072,0.011924700000236044,0.004149286076426506,0.0079474188387393951,0.044758169890813562,0.34713267552131266,-0.12613028287887573,0,0.71342122554779053,0.16007232666015625,1.2014312744140625,0.027976455166935921,0,0,10.603604316711426,14.605249404907227,2197,1137,0,10.205949783325195,11.001205444335938,14.067338943481445,15.268770217895508
43.919984438775508,31620.4121609,EXTERNAL_CONTROL,shoulder_lift_joint,0.0003268084537359016,0.0055436687543988228,-0.005216860300662921,-0.0022071832756482357,-0.072015561163425446,0.0698083778877772,0.011964999997871928,0.004149286076426506,0.0079474188387393951,0.044758169890813562,0.34713267552131266,-6.5168943405151367,0,0.71342122554779053,0.16007232666015625,1.2014312744140625,0.027976455166935921,0,0,10.603604316711426,14.605249404907227,2197,1137,0,10.205949783325195,11.001205444335938,14.067338943481445,15.268770217895508
43.919984438775508,31620.4121919,EXTERNAL_CONTROL,elbow_joint,0.00010755848261673163,0.0021781292743980885,-0.0020705707917813569,-0.0007264233261774786,0.012947482988238335,-0.013673906314415812,0.011998499998298939,0.004149286076426506,0.0079474188387393951,0.044758169890813562,0.34713267552131266,-8.1715259552001953,0,0.71342122554779053,0.16007232666015625,1.2014312744140625,0.027976455166935921,0,0,10.603604316711426,14.605249404907227,2197,1137,0,10.205949783325195,11.001205444335938,14.067338943481445,15.268770217895508
43.919984438775508,31620.4122278,EXTERNAL_CONTROL,wrist_1_joint,-1.6718683838610753E-05,-0.00027460278943181038,0.0002578841055931996,0.00011291384582496974,-0.010381907224655151,0.010494821070480121,0.012032799997541588,0.004149286076426506,0.0079474188387393951,0.044758169890813562,0.34713267552131266,0.52820110321044922,0,0.71342122554779053,0.16007232666015625,1.2014312744140625,0.027976455166935921,0,0,10.603604316711426,14.605249404907227,2197,1137,0,10.205949783325195,11.001205444335938,14.067338943481445,15.268770217895508
43.919984438775508,31620.4122585,EXTERNAL_CONTROL,wrist_2_joint,1.5716667861086138,1.5870699882507324,-0.015403202142118655,-0.0058788664044830668,-0.0078966869041323662,0.0020178204996492994,0.012062699999660254,0.004149286076426506,0.0079474188387393951,0.044758169890813562,0.34713267552131266,-9.919072151184082,0,0.71342122554779053,0.16007232666015625,1.2014312744140625,0.027976455166935921,0,0,10.603604316711426,14.605249404907227,2197,1137,0,10.205949783325195,11.001205444335938,14.067338943481445,15.268770217895508
43.919984438775508,31620.4122877,EXTERNAL_CONTROL,wrist_3_joint,-6.0238414246467877E-06,0.00014600589929614216,-0.00015202974072078894,4.0683531578353706E-05,0.0058253072202205658,-0.0057846236886422119,0.012092199998733122,0.004149286076426506,0.0079474188387393951,0.044758169890813562,0.34713267552131266,-0.15131573379039764,0,0.71342122554779053,0.16007232666015625,1.2014312744140625,0.027976455166935921,0,0,10.603604316711426,14.605249404907227,2197,1137,0,10.205949783325195,11.001205444335938,14.067338943481445,15.268770217895508
43.939984431689339,31620.4310073,EXTERNAL_CONTROL,shoulder_pan_joint,1.5708648077215697,1.5721288919448853,-0.0012640842233155869,-0.00050033584679453214,0.0065813795663416386,-0.0070817154131361708,0.0038411000023188535,0.0041395085863769054,-0.00146444421261549,-0.000488874695527247,-0.47059333839600487,-0.29170125722885132,0,0.71354866027832031,0.15881156921386719,1.2015419006347656,0.019782340154051781,0,0,10.603572845458984,14.605154991149902,2198,1138,0,10.206010818481445,11.001089096069336,14.067000389099121,15.268542289733887
43.939984431689339,31620.4310867,EXTERNAL_CONTROL,shoulder_lift_joint,0.00028398183174132755,0.0055762887932360172,-0.0052923069614946895,-0.0020748301338986081,-0.0092408955097198486,0.0071660653758212406,0.0039156999991973862,0.0041395085863769054,-0.00146444421261549,-0.000488874695527247,-0.47059333839600487,-10.773564338684082,0,0.71354866027832031,0.15881156921386719,1.2015419006347656,0.019782340154051781,0,0,10.603572845458984,14.605154991149902,2198,1138,0,10.206010818481445,11.001089096069336,14.067000389099121,15.268542289733887
43.939984431689339,31620.4311247,EXTERNAL_CONTROL,elbow_joint,9.34634785717655E-05,0.0021255379542708397,-0.0020320744756990743,-0.00068286355000457956,0.0042318347841501236,-0.0049146983341547034,0.0039528000015707221,0.0041395085863769054,-0.00146444421261549,-0.000488874695527247,-0.47059333839600487,-9.68124771118164,0,0.71354866027832031,0.15881156921386719,1.2015419006347656,0.019782340154051781,0,0,10.603572845458984,14.605154991149902,2198,1138,0,10.206010818481445,11.001089096069336,14.067000389099121,15.268542289733887
43.939984431689339,31620.4311579,EXTERNAL_CONTROL,wrist_1_joint,-1.4527783496780592E-05,-9.3962007667869329E-05,7.9434224171088741E-05,0.00010614299792717618,0.008923754096031189,-0.0088176110981040123,0.003986700001405552,0.0041395085863769054,-0.00146444421261549,-0.000488874695527247,-0.47059333839600487,-0.52138078212738037,0,0.71354866027832031,0.15881156921386719,1.2015419006347656,0.019782340154051781,0,0,10.603572845458984,14.605154991149902,2198,1138,0,10.206010818481445,11.001089096069336,14.067000389099121,15.268542289733887
43.939984431689339,31620.4311915,EXTERNAL_CONTROL,wrist_2_joint,1.5715527167460741,1.5868064165115356,-0.015253699765461537,-0.0055263417876357575,-0.011284507811069489,0.005758166023433731,0.004019300002255477,0.0041395085863769054,-0.00146444421261549,-0.000488874695527247,-0.47059333839600487,-9.5085964202880859,0,0.71354866027832031,0.15881156921386719,1.2015419006347656,0.019782340154051781,0,0,10.603572845458984,14.605154991149902,2198,1138,0,10.206010818481445,11.001089096069336,14.067000389099121,15.268542289733887
43.939984431689339,31620.4312232,EXTERNAL_CONTROL,wrist_3_joint,-5.2344469744742171E-06,-7.6176336733624339E-05,7.0941889759150117E-05,3.82439547288581E-05,-0.0055271778255701065,0.0055654217802989644,0.0040513000021746848,0.0041395085863769054,-0.00146444421261549,-0.000488874695527247,-0.47059333839600487,0.29251018166542053,0,0.71354866027832031,0.15881156921386719,1.2015419006347656,0.019782340154051781,0,0,10.603572845458984,14.605154991149902,2198,1138,0,10.206010818481445,11.001089096069336,14.067000389099121,15.268542289733887
43.959984424603171,31620.4538735,EXTERNAL_CONTROL,shoulder_pan_joint,1.5708648077215697,1.5722333192825317,-0.0013685115609620713,-0.00050033584679453214,-0.013195730745792389,0.012695394898997858,0.026710199999797624,0.0034372671507298946,0.0054139853455126286,-0.035112085647438014,0.34392161371443813,-0.39081904292106628,0,0.713728666305542,0.15818977355957031,1.2017612457275391,0.019782340154051781,0,0,10.603625297546387,14.605112075805664,2199,1138,0,10.206052780151367,11.001157760620117,14.066568374633789,15.268327713012695
43.959984424603171,31620.453924,EXTERNAL_CONTROL,shoulder_lift_joint,0.00028398183174132755,0.0055089564993977547,-0.005224974667656427,-0.0020748301338986081,-0.003131417091935873,0.001056586958037265,0.026752699999633478,0.0034372671507298946,0.0054139853455126286,-0.035112085647438014,0.34392161371443813,-9.5283060073852539,0,0.713728666305542,0.15818977355957031,1.2017612457275391,0.019782340154051781,0,0,10.603625297546387,14.605112075805664,2199,1138,0,10.206052780151367,11.001157760620117,14.066568374633789,15.268327713012695
43.959984424603171,31620.4539582,EXTERNAL_CONTROL,elbow_joint,9.34634785717655E-05,0.0020805641543120146,-0.0019871006757402492,-0.00068286355000457956,-0.0012713354080915451,0.00058847185808696555,0.026786200000060489,0.0034372671507298946,0.0054139853455126286,-0.035112085647438014,0.34392161371443813,-9.3862895965576172,0,0.713728666305542,0.15818977355957031,1.2017612457275391,0.019782340154051781,0,0,10.603625297546387,14.605112075805664,2199,1138,0,10.206052780151367,11.001157760620117,14.066568374633789,15.268327713012695
43.959984424603171,31620.4540261,EXTERNAL_CONTROL,wrist_1_joint,-1.4527783496780592E-05,2.1963562176097184E-05,-3.6491345672877773E-05,0.00010614299792717618,0.0056215738877654076,-0.0055154308898382317,0.026855600000999402,0.0034372671507298946,0.0054139853455126286,-0.035112085647438014,0.34392161371443813,-0.27785453200340271,0,0.713728666305542,0.15818977355957031,1.2017612457275391,0.019782340154051781,0,0,10.603625297546387,14.605112075805664,2199,1138,0,10.206052780151367,11.001157760620117,14.066568374633789,15.268327713012695
43.959984424603171,31620.4540648,EXTERNAL_CONTROL,wrist_2_joint,1.5715527167460741,1.5866384506225586,-0.015085733876484486,-0.0055263417876357575,-0.0083885351195931435,0.0028621933319573859,0.026892699999734759,0.0034372671507298946,0.0054139853455126286,-0.035112085647438014,0.34392161371443813,-9.6328449249267578,0,0.713728666305542,0.15818977355957031,1.2017612457275391,0.019782340154051781,0,0,10.603625297546387,14.605112075805664,2199,1138,0,10.206052780151367,11.001157760620117,14.066568374633789,15.268327713012695
43.959984424603171,31620.454099,EXTERNAL_CONTROL,wrist_3_joint,-5.2344469744742171E-06,-0.00017352143186144531,0.0001682869848869711,3.82439547288581E-05,-0.0013861856423318386,0.0014244295970606967,0.026927300001261756,0.0034372671507298946,0.0054139853455126286,-0.035112085647438014,0.34392161371443813,0.09881892055273056,0,0.713728666305542,0.15818977355957031,1.2017612457275391,0.019782340154051781,0,0,10.603625297546387,14.605112075805664,2199,1138,0,10.206052780151367,11.001157760620117,14.066568374633789,15.268327713012695
43.979984417517,31620.4724945,EXTERNAL_CONTROL,shoulder_pan_joint,1.570846114748782,1.5719900131225586,-0.0011438983737765973,-0.0004336869816492947,-0.0063693607226014137,0.0059356737409521189,0.0087443999982497189,0.00038355961441993713,0.0034327723551541567,-0.15268543710804111,-0.099060688635084757,-0.19264858961105347,0,0.7136690616607666,0.15847206115722656,1.2017326354980469,0,0,0,10.603556632995605,14.60508918762207,2200,1139,0,10.205999374389648,11.001115798950195,14.066684722900391,15.268417358398438
43.979984417517,31620.4725405,EXTERNAL_CONTROL,shoulder_lift_joint,0.00020646441323031987,0.0061204819940030575,-0.0059140175807727378,-0.0017984456320096769,0.0032957452349364758,-0.0050941908669461522,0.0087860999992699362,0.00038355961441993713,0.0034327723551541567,-0.15268543710804111,-0.099060688635084757,-12.05228328704834,0,0.7136690616607666,0.15847206115722656,1.2017326354980469,0,0,0,10.603556632995605,14.60508918762207,2200,1139,0,10.205999374389648,11.001115798950195,14.066684722900391,15.268417358398438
43.979984417517,31620.4725739,EXTERNAL_CONTROL,elbow_joint,6.7951115546578884E-05,0.0017346646636724472,-0.0016667135481258683,-0.0005919004879964652,0.0027009230107069016,-0.0032928234987033666,0.0088195999996969476,0.00038355961441993713,0.0034327723551541567,-0.15268543710804111,-0.099060688635084757,-10.485969543457031,0,0.7136690616607666,0.15847206115722656,1.2017326354980469,0,0,0,10.603556632995605,14.60508918762207,2200,1139,0,10.205999374389648,11.001115798950195,14.066684722900391,15.268417358398438
43.979984417517,31620.4726088,EXTERNAL_CONTROL,wrist_1_joint,-1.0562190816249347E-05,-0.00021390579058788717,0.00020334359977163783,9.20038743759014E-05,-0.0074311820790171623,0.0075231859533930641,0.0088539999997010455,0.00038355961441993713,0.0034327723551541567,-0.15268543710804111,-0.099060688635084757,0.45038121938705444,0,0.7136690616607666,0.15847206115722656,1.2017326354980469,0,0,0,10.603556632995605,14.60508918762207,2200,1139,0,10.205999374389648,11.001115798950195,14.066684722900391,15.268417358398438
43.979984417517,31620.4726738,EXTERNAL_CONTROL,wrist_2_joint,1.5713462479165599,1.5864310264587402,-0.015084778542180377,-0.0047901874406899156,-0.0075756339356303215,0.0027854464949404059,0.0089192000014008954,0.00038355961441993713,0.0034327723551541567,-0.15268543710804111,-0.099060688635084757,-9.5368881225585938,0,0.7136690616607666,0.15847206115722656,1.2017326354980469,0,0,0,10.603556632995605,14.60508918762207,2200,1139,0,10.205999374389648,11.001115798950195,14.066684722900391,15.268417358398438
43.979984417517,31620.4727087,EXTERNAL_CONTROL,wrist_3_joint,-3.8056202981127492E-06,4.5335225877352059E-05,-4.9140846175464808E-05,3.3149544249028993E-05,0.0045334668830037117,-0.0045003173387546825,0.00895459999810555,0.00038355961441993713,0.0034327723551541567,-0.15268543710804111,-0.099060688635084757,-0.16548869013786316,0,0.7136690616607666,0.15847206115722656,1.2017326354980469,0,0,0,10.603556632995605,14.60508918762207,2200,1139,0,10.205999374389648,11.001115798950195,14.066684722900391,15.268417358398438
43.999984410430834,31620.4915216,EXTERNAL_CONTROL,shoulder_pan_joint,1.5708377867696937,1.5719825029373169,-0.0011447161676232387,-0.00039895447446093151,0.0030744643881917,-0.0034734188626526314,0.011441399998147972,-0.0027853266801685095,-0.0038306764326989651,-0.15844437729606031,-0.36317258280252585,-0.35302883386611938,0,0.713721752166748,0.1584320068359375,1.201690673828125,0,0,0,10.603554725646973,14.60515308380127,2201,1140,0,10.205972671508789,11.001136779785156,14.066790580749512,15.268481254577637
43.999984410430834,31620.4915603,EXTERNAL_CONTROL,shoulder_lift_joint,0.00017192932629241366,0.0059313429519534111,-0.0057594136256609975,-0.0016544142718703748,-0.018010152503848076,0.016355738231977703,0.011476499999844236,-0.0027853266801685095,-0.0038306764326989651,-0.15844437729606031,-0.36317258280252585,-9.409611701965332,0,0.713721752166748,0.1584320068359375,1.201690673828125,0,0,0,10.603554725646973,14.60515308380127,2201,1140,0,10.205972671508789,11.001136779785156,14.066790580749512,15.268481254577637
43.999984410430834,31620.4915938,EXTERNAL_CONTROL,elbow_joint,5.6585003361855859E-05,0.00176152097992599,-0.0017049359765641343,-0.00054449720216125043,0.0029379611369222403,-0.0034824583390834908,0.0115096999979869,-0.0027853266801685095,-0.0038306764326989651,-0.15844437729606031,-0.36317258280252585,-9.3450393676757813,0,0.713721752166748,0.1584320068359375,1.201690673828125,0,0,0,10.603554725646973,14.60515308380127,2201,1140,0,10.205972671508789,11.001136779785156,14.066790580749512,15.268481254577637
43.999984410430834,31620.4916259,EXTERNAL_CONTROL,wrist_1_joint,-8.7954641809574361E-06,-0.00027263603988103569,0.00026384057570007826,8.4635598722420131E-05,-0.00012807967141270638,0.00021271527013512649,0.011542199998075375,-0.0027853266801685095,-0.0038306764326989651,-0.15844437729606031,-0.36317258280252585,0.24354006350040436,0,0.713721752166748,0.1584320068359375,1.201690673828125,0,0,0,10.603554725646973,14.60515308380127,2201,1140,0,10.205972671508789,11.001136779785156,14.066790580749512,15.268481254577637
43.999984410430834,31620.491656,EXTERNAL_CONTROL,wrist_2_joint,1.5712542631844286,1.5864089727401733,-0.015154709555744716,-0.0044065577105913724,-0.00057142693549394608,-0.0038351307750974263,0.011571499999263324,-0.0027853266801685095,-0.0038306764326989651,-0.15844437729606031,-0.36317258280252585,-9.91450309753418,0,0.713721752166748,0.1584320068359375,1.201690673828125,0,0,0,10.603554725646973,14.60515308380127,2201,1140,0,10.205972671508789,11.001136779785156,14.066790580749512,15.268481254577637
43.999984410430834,31620.4916857,EXTERNAL_CONTROL,wrist_3_joint,-3.1690581623350277E-06,6.5522748627699912E-05,-6.8691806790034936E-05,3.0494710618695526E-05,-0.0020329435355961323,0.0020634382462148279,0.011601599999266909,-0.0027853266801685095,-0.0038306764326989651,-0.15844437729606031,-0.36317258280252585,-0.04298517107963562,0,0.713721752166748,0.1584320068359375,1.201690673828125,0,0,0,10.603554725646973,14.60515308380127,2201,1140,0,10.205972671508789,11.001136779785156,14.066790580749512,15.268481254577637
44.019984403344672,31620.5139345,EXTERNAL_CONTROL,shoulder_pan_joint,1.5708377867696937,1.5719466209411621,-0.0011088341714684535,-0.00039895447446093151,-0.0012174295261502266,0.00081847505168929514,0.033853099997941172,-0.0045974599197506905,-0.00079503224696964025,-0.090606697757951771,0.15178226922236585,-0.35205817222595215,0,0.71377658843994141,0.1582794189453125,1.2016830444335938,0,0,0,10.603556632995605,14.605259895324707,2202,1140,0,10.205987930297852,11.001132965087891,14.066860198974609,15.268543243408203
44.019984403344672,31620.5139705,EXTERNAL_CONTROL,shoulder_lift_joint,0.00017192932629241366,0.0059711025096476078,-0.0057991731833551942,-0.0016544142718703748,-0.018375523388385773,0.0167211091165154,0.033888800000568153,-0.0045974599197506905,-0.00079503224696964025,-0.090606697757951771,0.15178226922236585,-10.100925445556641,0,0.71377658843994141,0.1582794189453125,1.2016830444335938,0,0,0,10.603556632995605,14.605259895324707,2202,1140,0,10.205987930297852,11.001132965087891,14.066860198974609,15.268543243408203
44.019984403344672,31620.5140361,EXTERNAL_CONTROL,elbow_joint,5.6585003361855859E-05,0.00168926315382123,-0.0016326781504593742,-0.00054449720216125043,0.0083678634837269783,-0.00891236068588823,0.033954399998037843,-0.0045974599197506905,-0.00079503224696964025,-0.090606697757951771,0.15178226922236585,-9.5618343353271484,0,0.71377658843994141,0.1582794189453125,1.2016830444335938,0,0,0,10.603556632995605,14.605259895324707,2202,1140,0,10.205987930297852,11.001132965087891,14.066860198974609,15.268543243408203
44.019984403344672,31620.5140747,EXTERNAL_CONTROL,wrist_1_joint,-8.7954641809574361E-06,-0.00028555508470162749,0.00027675962052067007,8.4635598722420131E-05,-5.728265387006104E-05,0.00014191825259248116,0.033994099998380989,-0.0045974599197506905,-0.00079503224696964025,-0.090606697757951771,0.15178226922236585,0.14010488986968994,0,0.71377658843994141,0.1582794189453125,1.2016830444335938,0,0,0,10.603556632995605,14.605259895324707,2202,1140,0,10.205987930297852,11.001132965087891,14.066860198974609,15.268543243408203
44.019984403344672,31620.5141122,EXTERNAL_CONTROL,wrist_2_joint,1.5712542631844286,1.586344838142395,-0.015090574957966396,-0.0044065577105913724,-0.0038431878201663494,-0.000563369890425023,0.03402740000092308,-0.0045974599197506905,-0.00079503224696964025,-0.090606697757951771,0.15178226922236585,-9.7602615356445313,0,0.71377658843994141,0.1582794189453125,1.2016830444335938,0,0,0,10.603556632995605,14.605259895324707,2202,1140,0,10.205987930297852,11.001132965087891,14.066860198974609,15.268543243408203
44.019984403344672,31620.514144,EXTERNAL_CONTROL,wrist_3_joint,-3.1690581623350277E-06,3.1931289413478225E-05,-3.510034757581325E-05,3.0494710618695526E-05,-0.0010052807629108429,0.0010357754735295383,0.034060300000419375,-0.0045974599197506905,-0.00079503224696964025,-0.090606697757951771,0.15178226922236585,0.017093082889914513,0,0.71377658843994141,0.1582794189453125,1.2016830444335938,0,0,0,10.603556632995605,14.605259895324707,2202,1140,0,10.205987930297852,11.001132965087891,14.066860198974609,15.268543243408203
44.039984396258504,31620.5327922,EXTERNAL_CONTROL,shoulder_pan_joint,1.5708377867696937,1.5719130039215088,-0.0010752171518151332,-0.00039895447446093151,-0.0020639311987906694,0.001664976724329738,0.052716700000019046,-0.0060015385970473289,0.000748165650293231,-0.070203961587026451,0.077159925332114424,-0.34146639704704285,0,0.71384000778198242,0.15811538696289063,1.2017059326171875,0,0,0,10.6035737991333,14.605387687683105,2203,1140,0,10.20604133605957,11.001127243041992,14.066937446594238,15.268643379211426
44.039984396258504,31620.5328427,EXTERNAL_CONTROL,shoulder_lift_joint,0.00017192932629241366,0.0059782746247947216,-0.005806345298502308,-0.0016544142718703748,-0.020999206230044365,0.019344791958173992,0.052760899998247623,-0.0060015385970473289,0.000748165650293231,-0.070203961587026451,0.077159925332114424,-10.649560928344727,0,0.71384000778198242,0.15811538696289063,1.2017059326171875,0,0,0,10.6035737991333,14.605387687683105,2203,1140,0,10.20604133605957,11.001127243041992,14.066937446594238,15.268643379211426
44.039984396258504,31620.5329157,EXTERNAL_CONTROL,elbow_joint,5.6585003361855859E-05,0.0017394438618794084,-0.0016828588585175526,-0.00054449720216125043,0.011950204148888588,-0.012494701351049839,0.052834800000709947,-0.0060015385970473289,0.000748165650293231,-0.070203961587026451,0.077159925332114424,-9.7994232177734375,0,0.71384000778198242,0.15811538696289063,1.2017059326171875,0,0,0,10.6035737991333,14.605387687683105,2203,1140,0,10.20604133605957,11.001127243041992,14.066937446594238,15.268643379211426
44.039984396258504,31620.5329542,EXTERNAL_CONTROL,wrist_1_joint,-8.7954641809574361E-06,-0.00030741252703592181,0.00029861706285496439,8.4635598722420131E-05,-0.00078324275091290474,0.00086787834963532491,0.052872600001137471,-0.0060015385970473289,0.000748165650293231,-0.070203961587026451,0.077159925332114424,0.19856938719749451,0,0.71384000778198242,0.15811538696289063,1.2017059326171875,0,0,0,10.6035737991333,14.605387687683105,2203,1140,0,10.20604133605957,11.001127243041992,14.066937446594238,15.268643379211426
44.039984396258504,31620.5329948,EXTERNAL_CONTROL,wrist_2_joint,1.5712542631844286,1.5862581729888916,-0.015003909804462978,-0.0044065577105913724,-0.003705532755702734,-0.00070102495488863839,0.052912899998773355,-0.0060015385970473289,0.000748165650293231,-0.070203961587026451,0.077159925332114424,-9.7371292114257813,0,0.71384000778198242,0.15811538696289063,1.2017059326171875,0,0,0,10.6035737991333,14.605387687683105,2203,1140,0,10.20604133605957,11.001127243041992,14.066937446594238,15.268643379211426
44.039984396258504,31620.5330303,EXTERNAL_CONTROL,wrist_3_joint,-3.1690581623350277E-06,1.7174363165395334E-05,-2.0343421327730363E-05,3.0494710618695526E-05,-0.00030704215168952942,0.00033753686230822492,0.052948900000046706,-0.0060015385970473289,0.000748165650293231,-0.070203961587026451,0.077159925332114424,-0.007849506102502346,0,0.71384000778198242,0.15811538696289063,1.2017059326171875,0,0,0,10.6035737991333,14.605387687683105,2203,1140,0,10.20604133605957,11.001127243041992,14.066937446594238,15.268643379211426
44.059984389172335,31620.5530702,EXTERNAL_CONTROL,shoulder_pan_joint,1.5708377867696937,1.572008490562439,-0.001170703792745309,-0.00039895447446093151,-0.0071482718922197819,0.00674931741775885,0.072993199999473291,-0.00663702841848135,-0.0024099487345665693,-0.031774503618841557,-0.1579057815969469,-0.33154797554016113,0,0.71386337280273438,0.15775489807128906,1.2018413543701172,0.019782340154051781,0,0,10.603581428527832,14.605559349060059,2204,1140,0,10.206087112426758,11.001117706298828,14.066871643066406,15.268712997436523
44.059984389172335,31620.5531133,EXTERNAL_CONTROL,shoulder_lift_joint,0.00017192932629241366,0.0060279667377471924,-0.0058560374114547788,-0.0016544142718703748,-0.0440068282186985,0.042352413946828128,0.07302960000015446,-0.00663702841848135,-0.0024099487345665693,-0.031774503618841557,-0.1579057815969469,-11.298347473144531,0,0.71386337280273438,0.15775489807128906,1.2018413543701172,0.019782340154051781,0,0,10.603581428527832,14.605559349060059,2204,1140,0,10.206087112426758,11.001117706298828,14.066871643066406,15.268712997436523
44.059984389172335,31620.553152,EXTERNAL_CONTROL,elbow_joint,5.6585003361855859E-05,0.0017632176168262959,-0.00170663261346444,-0.00054449720216125043,0.029072890058159828,-0.029617387260321079,0.07307070000024396,-0.00663702841848135,-0.0024099487345665693,-0.031774503618841557,-0.1579057815969469,-10.134645462036133,0,0.71386337280273438,0.15775489807128906,1.2018413543701172,0.019782340154051781,0,0,10.603581428527832,14.605559349060059,2204,1140,0,10.206087112426758,11.001117706298828,14.066871643066406,15.268712997436523
44.059984389172335,31620.5531887,EXTERNAL_CONTROL,wrist_1_joint,-8.7954641809574361E-06,-0.00027427446912042797,0.00026547900493947054,8.4635598722420131E-05,0.0015988640952855349,-0.0015142284965631147,0.073106199997710064,-0.00663702841848135,-0.0024099487345665693,-0.031774503618841557,-0.1579057815969469,0.014722172170877457,0,0.71386337280273438,0.15775489807128906,1.2018413543701172,0.019782340154051781,0,0,10.603581428527832,14.605559349060059,2204,1140,0,10.206087112426758,11.001117706298828,14.066871643066406,15.268712997436523
44.059984389172335,31620.5532542,EXTERNAL_CONTROL,wrist_2_joint,1.5712542631844286,1.5862177610397339,-0.014963497855305263,-0.0044065577105913724,-0.0066748629324138165,0.0022683052218224441,0.0731707999984792,-0.00663702841848135,-0.0024099487345665693,-0.031774503618841557,-0.1579057815969469,-9.755589485168457,0,0.71386337280273438,0.15775489807128906,1.2018413543701172,0.019782340154051781,0,0,10.603581428527832,14.605559349060059,2204,1140,0,10.206087112426758,11.001117706298828,14.066871643066406,15.268712997436523
44.059984389172335,31620.5532864,EXTERNAL_CONTROL,wrist_3_joint,-3.1690581623350277E-06,-6.7941771703772247E-05,6.4772713541437222E-05,3.0494710618695526E-05,0.00098460109438747168,-0.00095410638376877612,0.073203299998567672,-0.00663702841848135,-0.0024099487345665693,-0.031774503618841557,-0.1579057815969469,0.012707916088402271,0,0.71386337280273438,0.15775489807128906,1.2018413543701172,0.019782340154051781,0,0,10.603581428527832,14.605559349060059,2204,1140,0,10.206087112426758,11.001117706298828,14.066871643066406,15.268712997436523
44.079984382086167,31620.5725096,EXTERNAL_CONTROL,shoulder_pan_joint,1.5708377867696937,1.5720374584197998,-0.0011996716501061488,-0.00039895447446093151,-0.012550389394164085,0.012151434919703153,0.09243140000035055,-0.005701923742890358,-0.00038536411011591554,0.046755252242299684,0.10122927119602541,-0.35974287986755371,0,0.7139352560043335,0.15773963928222656,1.2019290924072266,0.019782340154051781,0,0,10.603550910949707,14.605709075927734,2205,1140,0,10.205997467041016,11.001144409179688,14.066856384277344,15.268783569335938
44.079984382086167,31620.572572,EXTERNAL_CONTROL,shoulder_lift_joint,0.00017192932629241366,0.005953512154519558,-0.0057815828282271444,-0.0016544142718703748,-0.021603789180517197,0.019949374908646823,0.092492899999342626,-0.005701923742890358,-0.00038536411011591554,0.046755252242299684,0.10122927119602541,-9.6582260131835938,0,0.7139352560043335,0.15773963928222656,1.2019290924072266,0.019782340154051781,0,0,10.603550910949707,14.605709075927734,2205,1140,0,10.205997467041016,11.001144409179688,14.066856384277344,15.268783569335938
44.079984382086167,31620.572613,EXTERNAL_CONTROL,elbow_joint,5.6585003361855859E-05,0.0017807625699788332,-0.0017241775666169774,-0.00054449720216125043,0.0079236384481191635,-0.0084681356502804145,0.092536899999686284,-0.005701923742890358,-0.00038536411011591554,0.046755252242299684,0.10122927119602541,-9.4073581695556641,0,0.7139352560043335,0.15773963928222656,1.2019290924072266,0.019782340154051781,0,0,10.603550910949707,14.605709075927734,2205,1140,0,10.205997467041016,11.001144409179688,14.066856384277344,15.268783569335938
44.079984382086167,31620.5726579,EXTERNAL_CONTROL,wrist_1_joint,-8.7954641809574361E-06,-0.00022464428911916912,0.00021584882493821169,8.4635598722420131E-05,0.0018848821055144072,-0.001800246506791987,0.092577399998845067,-0.005701923742890358,-0.00038536411011591554,0.046755252242299684,0.10122927119602541,0.024137245491147041,0,0.7139352560043335,0.15773963928222656,1.2019290924072266,0.019782340154051781,0,0,10.603550910949707,14.605709075927734,2205,1140,0,10.205997467041016,11.001144409179688,14.066856384277344,15.268783569335938
44.079984382086167,31620.572696,EXTERNAL_CONTROL,wrist_2_joint,1.5712542631844286,1.5861929655075073,-0.0149387023230787,-0.0044065577105913724,-0.0017026602290570736,-0.0027038974815342988,0.092613699998764787,-0.005701923742890358,-0.00038536411011591554,0.046755252242299684,0.10122927119602541,-9.7462301254272461,0,0.7139352560043335,0.15773963928222656,1.2019290924072266,0.019782340154051781,0,0,10.603550910949707,14.605709075927734,2205,1140,0,10.205997467041016,11.001144409179688,14.066856384277344,15.268783569335938
44.079984382086167,31620.5727331,EXTERNAL_CONTROL,wrist_3_joint,-3.1690581623350277E-06,-8.7672349764034152E-05,8.4503291601699127E-05,3.0494710618695526E-05,0.001386584248393774,-0.0013560895377750786,0.092650099999445956,-0.005701923742890358,-0.00038536411011591554,0.046755252242299684,0.10122927119602541,-0.0057000615634024143,0,0.7139352560043335,0.15773963928222656,1.2019290924072266,0.019782340154051781,0,0,10.603550910949707,14.605709075927734,2205,1140,0,10.205997467041016,11.001144409179688,14.066856384277344,15.268783569335938
44.099984375,31620.5935771,EXTERNAL_CONTROL,shoulder_pan_joint,1.5708377867696937,1.5719908475875854,-0.0011530608178917934,-0.00039895447446093151,0.0018532825633883476,-0.0022522370378492791,0.11350189999939175,-0.004476240836083889,-0.00048352338490076363,0.061284169540263604,-0.0049079656773036787,-0.099328756332397461,0,0.71405792236328125,0.15772628784179688,1.2017154693603516,0,0,0,10.603601455688477,14.605813026428223,2206,1140,0,10.206026077270508,11.00117301940918,14.067340850830078,15.269054412841797
44.099984375,31620.5936287,EXTERNAL_CONTROL,shoulder_lift_joint,0.00017192932629241366,0.0061260382644832134,-0.0059541089381908,-0.0016544142718703748,-0.0163023229688406,0.014647908696970224,0.11354669999855105,-0.004476240836083889,-0.00048352338490076363,0.061284169540263604,-0.0049079656773036787,-4.860931396484375,0,0.71405792236328125,0.15772628784179688,1.2017154693603516,0,0,0,10.603601455688477,14.605813026428223,2206,1140,0,10.206026077270508,11.00117301940918,14.067340850830078,15.269054412841797
44.099984375,31620.5936702,EXTERNAL_CONTROL,elbow_joint,5.6585003361855859E-05,0.00094174250261858106,-0.00088515749925672518,-0.00054449720216125043,-0.012952634133398533,0.012408136931237282,0.11358990000007907,-0.004476240836083889,-0.00048352338490076363,0.061284169540263604,-0.0049079656773036787,-7.18177604675293,0,0.71405792236328125,0.15772628784179688,1.2017154693603516,0,0,0,10.603601455688477,14.605813026428223,2206,1140,0,10.206026077270508,11.00117301940918,14.067340850830078,15.269054412841797
44.099984375,31620.5937075,EXTERNAL_CONTROL,wrist_1_joint,-8.7954641809574361E-06,-0.0004260417481418699,0.00041724628396091248,8.4635598722420131E-05,-0.0084541812539100647,0.0085388168526324849,0.11362430000008317,-0.004476240836083889,-0.00048352338490076363,0.061284169540263604,-0.0049079656773036787,0.58814364671707153,0,0.71405792236328125,0.15772628784179688,1.2017154693603516,0,0,0,10.603601455688477,14.605813026428223,2206,1140,0,10.206026077270508,11.00117301940918,14.067340850830078,15.269054412841797
44.099984375,31620.5937396,EXTERNAL_CONTROL,wrist_2_joint,1.5712542631844286,1.5862951278686523,-0.01504086468422372,-0.0044065577105913724,-0.0018814296927303076,-0.0025251280178610648,0.11365579999983311,-0.004476240836083889,-0.00048352338490076363,0.061284169540263604,-0.0049079656773036787,-9.6067094802856445,0,0.71405792236328125,0.15772628784179688,1.2017154693603516,0,0,0,10.603601455688477,14.605813026428223,2206,1140,0,10.206026077270508,11.00117301940918,14.067340850830078,15.269054412841797
44.099984375,31620.5937709,EXTERNAL_CONTROL,wrist_3_joint,-3.1690581623350277E-06,6.6929802414961159E-05,-7.0098860577296184E-05,3.0494710618695526E-05,0.0062509775161743164,-0.0062204828055556207,0.11368769999899087,-0.004476240836083889,-0.00048352338490076363,0.061284169540263604,-0.0049079656773036787,-0.21563108265399933,0,0.71405792236328125,0.15772628784179688,1.2017154693603516,0,0,0,10.603601455688477,14.605813026428223,2206,1140,0,10.206026077270508,11.00117301940918,14.067340850830078,15.269054412841797
44.11998436791383,31620.613225,EXTERNAL_CONTROL,shoulder_pan_joint,1.5708377867696937,1.5725343227386475,-0.0016965359689538051,-0.00039895447446093151,0.0061505557969212532,-0.0065495102713821847,0.13314729999910924,0.0029842420481145382,-9.200676140608266E-05,0.37302429151004141,0.019575838904856421,-0.35449421405792236,0,0.71401536464691162,0.15761756896972656,1.2014865875244141,0.019782340154051781,0,0,10.603713035583496,14.605717658996582,2207,1140,0,10.20600700378418,11.001461029052734,14.067661285400391,15.269147872924805
44.11998436791383,31620.6132752,EXTERNAL_CONTROL,shoulder_lift_joint,0.00017192932629241366,0.0060034468770027161,-0.0058315175507103025,-0.0016544142718703748,-0.018479213118553162,0.016824798846682788,0.13319330000012997,0.0029842420481145382,-9.200676140608266E-05,0.37302429151004141,0.019575838904856421,-14.208477020263672,0,0.71401536464691162,0.15761756896972656,1.2014865875244141,0.019782340154051781,0,0,10.603713035583496,14.605717658996582,2207,1140,0,10.20600700378418,11.001461029052734,14.067661285400391,15.269147872924805
44.11998436791383,31620.6133569,EXTERNAL_CONTROL,elbow_joint,5.6585003361855859E-05,0.0018487301422283053,-0.0017921451388664496,-0.00054449720216125043,0.030580651015043259,-0.03112514821720451,0.13327539999954752,0.0029842420481145382,-9.200676140608266E-05,0.37302429151004141,0.019575838904856421,-10.988069534301758,0,0.71401536464691162,0.15761756896972656,1.2014865875244141,0.019782340154051781,0,0,10.603713035583496,14.605717658996582,2207,1140,0,10.20600700378418,11.001461029052734,14.067661285400391,15.269147872924805
44.11998436791383,31620.6133985,EXTERNAL_CONTROL,wrist_1_joint,-8.7954641809574361E-06,-0.000348802306689322,0.00034000684250836457,8.4635598722420131E-05,0.0064488356001675129,-0.0063642000014450927,0.13331670000115992,0.0029842420481145382,-9.200676140608266E-05,0.37302429151004141,0.019575838904856421,-0.1069893091917038,0,0.71401536464691162,0.15761756896972656,1.2014865875244141,0.019782340154051781,0,0,10.603713035583496,14.605717658996582,2207,1140,0,10.20600700378418,11.001461029052734,14.067661285400391,15.269147872924805
44.11998436791383,31620.6134365,EXTERNAL_CONTROL,wrist_2_joint,1.5712542631844286,1.5859829187393188,-0.014728655554890224,-0.0044065577105913724,-0.011394022963941097,0.0069874652533497249,0.133354400000826,0.0029842420481145382,-9.200676140608266E-05,0.37302429151004141,0.019575838904856421,-9.4359960556030273,0,0.71401536464691162,0.15761756896972656,1.2014865875244141,0.019782340154051781,0,0,10.603713035583496,14.605717658996582,2207,1140,0,10.20600700378418,11.001461029052734,14.067661285400391,15.269147872924805
44.11998436791383,31620.6134753,EXTERNAL_CONTROL,wrist_3_joint,-3.1690581623350277E-06,7.7616146882064641E-05,-8.0785205044399665E-05,3.0494710618695526E-05,-0.00018303049728274345,0.00021352520790143898,0.13339389999964624,0.0029842420481145382,-9.200676140608266E-05,0.37302429151004141,0.019575838904856421,-0.016201555728912354,0,0.71401536464691162,0.15761756896972656,1.2014865875244141,0.019782340154051781,0,0,10.603713035583496,14.605717658996582,2207,1140,0,10.20600700378418,11.001461029052734,14.067661285400391,15.269147872924805
44.139984360827661,31620.6329803,EXTERNAL_CONTROL,shoulder_pan_joint,1.5708377867696937,1.5730439424514771,-0.0022061556817833949,-0.00039895447446093151,-0.00033783819526433945,-6.1116279196592063E-05,0.1529138999976567,0.0052563501521945,0.002204810967668891,0.11360545006460587,0.11484093180222445,-0.51497960090637207,0,0.71401429176330566,0.15654563903808594,1.2017650604248047,0.027976455166935921,0,0,10.603667259216309,14.605634689331055,2208,1140,0,10.205959320068359,11.001443862915039,14.067047119140625,15.268810272216797
44.139984360827661,31620.6330642,EXTERNAL_CONTROL,shoulder_lift_joint,0.00017192932629241366,0.0060819489881396294,-0.0059100196618472158,-0.0016544142718703748,-0.029922652989625931,0.028268238717755557,0.15298400000028778,0.0052563501521945,0.002204810967668891,0.11360545006460587,0.11484093180222445,-12.541332244873047,0,0.71401429176330566,0.15654563903808594,1.2017650604248047,0.027976455166935921,0,0,10.603667259216309,14.605634689331055,2208,1140,0,10.205959320068359,11.001443862915039,14.067047119140625,15.268810272216797
44.139984360827661,31620.6331034,EXTERNAL_CONTROL,elbow_joint,5.6585003361855859E-05,0.0019548074342310429,-0.0018982224308691871,-0.00054449720216125043,0.018167022615671158,-0.018711519817832409,0.1530203000002075,0.0052563501521945,0.002204810967668891,0.11360545006460587,0.11484093180222445,-10.741787910461426,0,0.71401429176330566,0.15654563903808594,1.2017650604248047,0.027976455166935921,0,0,10.603667259216309,14.605634689331055,2208,1140,0,10.205959320068359,11.001443862915039,14.067047119140625,15.268810272216797
44.139984360827661,31620.6331747,EXTERNAL_CONTROL,wrist_1_joint,-8.7954641809574361E-06,7.2461669333279133E-05,-8.1257133514236571E-05,8.4635598722420131E-05,0.024569790810346603,-0.024485155211624185,0.1530918999997084,0.0052563501521945,0.002204810967668891,0.11360545006460587,0.11484093180222445,-1.0454668998718262,0,0.71401429176330566,0.15654563903808594,1.2017650604248047,0.027976455166935921,0,0,10.603667259216309,14.605634689331055,2208,1140,0,10.205959320068359,11.001443862915039,14.067047119140625,15.268810272216797
44.139984360827661,31620.6332083,EXTERNAL_CONTROL,wrist_2_joint,1.5712542631844286,1.5859707593917847,-0.014716496207356045,-0.0044065577105913724,0.00024436227977275848,-0.0046509199903641309,0.15312439999979688,0.0052563501521945,0.002204810967668891,0.11360545006460587,0.11484093180222445,-9.72674560546875,0,0.71401429176330566,0.15654563903808594,1.2017650604248047,0.027976455166935921,0,0,10.603667259216309,14.605634689331055,2208,1140,0,10.205959320068359,11.001443862915039,14.067047119140625,15.268810272216797
44.139984360827661,31620.6332404,EXTERNAL_CONTROL,wrist_3_joint,-3.1690581623350277E-06,-0.00025706074666231871,0.00025389168849998365,3.0494710618695526E-05,-0.013266980648040771,0.013297475358659466,0.15315719999853172,0.0052563501521945,0.002204810967668891,0.11360545006460587,0.11484093180222445,0.42688882350921631,0,0.71401429176330566,0.15654563903808594,1.2017650604248047,0.027976455166935921,0,0,10.603667259216309,14.605634689331055,2208,1140,0,10.205959320068359,11.001443862915039,14.067047119140625,15.268810272216797
44.159984353741493,31620.6519272,EXTERNAL_CONTROL,shoulder_pan_joint,1.5708301628279131,1.57258939743042,-0.0017592346025068206,-0.00036328325086207151,0.0057330462150275707,-0.0060963294658896421,0.00665590000062366,0.0092826997861266136,-0.0039482037536799908,0.20131756119303959,-0.3076508575528521,-0.038912393152713776,0,0.71395719051361084,0.15679168701171875,1.2015781402587891,0,0,0,10.603611946105957,14.605375289916992,2209,1141,0,10.206020355224609,11.001180648803711,14.067285537719727,15.268863677978516
44.159984353741493,31620.6519769,EXTERNAL_CONTROL,shoulder_lift_joint,0.00014031379395192592,0.005372658371925354,-0.0052323445779734277,-0.0015064901722678459,-0.037808876484632492,0.036302386312364647,0.0067004999982600566,0.0092826997861266136,-0.0039482037536799908,0.20131756119303959,-0.3076508575528521,-6.0085968971252441,0,0.71395719051361084,0.15679168701171875,1.2015781402587891,0,0,0,10.603611946105957,14.605375289916992,2209,1141,0,10.206020355224609,11.001180648803711,14.067285537719727,15.268863677978516
44.159984353741493,31620.6520162,EXTERNAL_CONTROL,elbow_joint,4.6179768592711691E-05,0.0018762962426990271,-0.0018301164741063153,-0.00049581274643859658,0.0058503793552517891,-0.0063461921016903858,0.0067404000001261011,0.0092826997861266136,-0.0039482037536799908,0.20131756119303959,-0.3076508575528521,-7.8366198539733887,0,0.71395719051361084,0.15679168701171875,1.2015781402587891,0,0,0,10.603611946105957,14.605375289916992,2209,1141,0,10.206020355224609,11.001180648803711,14.067285537719727,15.268863677978516
44.159984353741493,31620.6520576,EXTERNAL_CONTROL,wrist_1_joint,-7.1780944845874163E-06,-0.00021138801821507514,0.00020420992373048773,7.7068180483709508E-05,-0.013065258041024208,0.013142326221507917,0.0067835999980161432,0.0092826997861266136,-0.0039482037536799908,0.20131756119303959,-0.3076508575528521,0.58336573839187622,0,0.71395719051361084,0.15679168701171875,1.2015781402587891,0,0,0,10.603611946105957,14.605375289916992,2209,1141,0,10.206020355224609,11.001180648803711,14.067285537719727,15.268863677978516
44.159984353741493,31620.652106,EXTERNAL_CONTROL,wrist_2_joint,1.5711700547306102,1.5859824419021606,-0.014812387171550423,-0.0040125596094090776,0.00019929930567741394,-0.0042118589150864916,0.0068294000011519529,0.0092826997861266136,-0.0039482037536799908,0.20131756119303959,-0.3076508575528521,-9.7026748657226563,0,0.71395719051361084,0.15679168701171875,1.2015781402587891,0,0,0,10.603611946105957,14.605375289916992,2209,1141,0,10.206020355224609,11.001180648803711,14.067285537719727,15.268863677978516
44.159984353741493,31620.6521791,EXTERNAL_CONTROL,wrist_3_joint,-2.5863102217668005E-06,5.5370095651596785E-05,-5.7956405873363583E-05,2.7768124728082733E-05,0.011332581751048565,-0.011304813626320482,0.0069036999993841164,0.0092826997861266136,-0.0039482037536799908,0.20131756119303959,-0.3076508575528521,-0.3031151294708252,0,0.71395719051361084,0.15679168701171875,1.2015781402587891,0,0,0,10.603611946105957,14.605375289916992,2209,1141,0,10.206020355224609,11.001180648803711,14.067285537719727,15.268863677978516
44.179984346655324,31620.6712279,EXTERNAL_CONTROL,shoulder_pan_joint,1.5708232616977684,1.5726540088653564,-0.0018307471675880205,-0.00032667331085271481,-0.00072874221950769424,0.00040206890865497944,0.018842000001313863,0.012184982188045979,-0.00041839515324682,0.14511417739876659,0.17649049971436326,-0.53207403421401978,0,0.71395015716552734,0.15667152404785156,1.2014846801757813,0.027976455166935921,0,0,10.603653907775879,14.605108261108398,2210,1142,0,10.206031799316406,11.001209259033203,14.067184448242188,15.268669128417969
44.179984346655324,31620.6712738,EXTERNAL_CONTROL,shoulder_lift_joint,0.00011169567099812186,0.0049937539733946323,-0.0048820583023965105,-0.0013546733332020894,-0.0012318529188632965,-0.00012282041433879292,0.018883100001403363,0.012184982188045979,-0.00041839515324682,0.14511417739876659,0.17649049971436326,-9.3748416900634766,0,0.71395015716552734,0.15667152404785156,1.2014846801757813,0.027976455166935921,0,0,10.603653907775879,14.605108261108398,2210,1142,0,10.206031799316406,11.001209259033203,14.067184448242188,15.268669128417969
44.179984346655324,31620.6713095,EXTERNAL_CONTROL,elbow_joint,3.6761034636894985E-05,0.002030425239354372,-0.0019936642047174769,-0.00044584712082850554,-0.0023679453879594803,0.0019220982671309748,0.018919099999038735,0.012184982188045979,-0.00041839515324682,0.14511417739876659,0.17649049971436326,-9.1086149215698242,0,0.71395015716552734,0.15667152404785156,1.2014846801757813,0.027976455166935921,0,0,10.603653907775879,14.605108261108398,2210,1142,0,10.206031799316406,11.001209259033203,14.067184448242188,15.268669128417969
44.179984346655324,31620.6713448,EXTERNAL_CONTROL,wrist_1_joint,-5.7140645788439117E-06,-0.00012002778385067359,0.00011431371927182968,6.9301619659769683E-05,0.0074841463938355446,-0.007414844774175775,0.018954300001496449,0.012184982188045979,-0.00041839515324682,0.14511417739876659,0.17649049971436326,-0.24292318522930145,0,0.71395015716552734,0.15667152404785156,1.2014846801757813,0.027976455166935921,0,0,10.603653907775879,14.605108261108398,2210,1142,0,10.206031799316406,11.001209259033203,14.067184448242188,15.268669128417969
44.179984346655324,31620.6713817,EXTERNAL_CONTROL,wrist_2_joint,1.5710938299225261,1.585939884185791,-0.014846054263264907,-0.0036081931371430404,-0.00098808691836893559,-0.0026201062187741048,0.01899039999989327,0.012184982188045979,-0.00041839515324682,0.14511417739876659,0.17649049971436326,-9.6424875259399414,0,0.71395015716552734,0.15667152404785156,1.2014846801757813,0.027976455166935921,0,0,10.603653907775879,14.605108261108398,2210,1142,0,10.206031799316406,11.001209259033203,14.067184448242188,15.268669128417969
44.179984346655324,31620.6714137,EXTERNAL_CONTROL,wrist_3_joint,-2.0588115216135863E-06,5.922107447986491E-05,-6.127988600147849E-05,2.496978657719061E-05,-0.0011413432657718658,0.0011663130523490565,0.019032000000152038,0.012184982188045979,-0.00041839515324682,0.14511417739876659,0.17649049971436326,-0.014432181604206562,0,0.71395015716552734,0.15667152404785156,1.2014846801757813,0.027976455166935921,0,0,10.603653907775879,14.605108261108398,2210,1142,0,10.206031799316406,11.001209259033203,14.067184448242188,15.268669128417969
44.199984339569163,31620.692405,EXTERNAL_CONTROL,shoulder_pan_joint,1.5708002553230744,1.5725244283676147,-0.0017241730445403114,-0.0001295428646484903,-0.019595695659518242,0.01946615279486975,0.0093406999985745642,0.0066497125662863255,0.0044262083247303963,-0.27676359037660281,0.24223026955093657,-0.55183511972427368,0,0.7137916088104248,0.15688323974609375,1.2014541625976563,0,0,0,10.603681564331055,14.604940414428711,2211,1143,0,10.20599365234375,11.001348495483398,14.066938400268555,15.268392562866211
44.199984339569163,31620.6924761,EXTERNAL_CONTROL,shoulder_lift_joint,1.6291114653596788E-05,0.0053816661238670349,-0.0053653750092134385,-0.00053719804592496448,0.012611309997737408,-0.013148508043662372,0.0094088000005285721,0.0066497125662863255,0.0044262083247303963,-0.27676359037660281,0.24223026955093657,-13.976709365844727,0,0.7137916088104248,0.15688323974609375,1.2014541625976563,0,0,0,10.603681564331055,14.604940414428711,2211,1143,0,10.20599365234375,11.001348495483398,14.066938400268555,15.268392562866211
44.199984339569163,31620.692509,EXTERNAL_CONTROL,elbow_joint,5.3616959789296291E-06,0.0020913912449032068,-0.0020860295489242772,-0.00017680144446647548,0.009569668211042881,-0.0097464696555093558,0.0094409999983327,0.0066497125662863255,0.0044262083247303963,-0.27676359037660281,0.24223026955093657,-11.147579193115234,0,0.7137916088104248,0.15688323974609375,1.2014541625976563,0,0,0,10.603681564331055,14.604940414428711,2211,1143,0,10.20599365234375,11.001348495483398,14.066938400268555,15.268392562866211
44.199984339569163,31620.6925459,EXTERNAL_CONTROL,wrist_1_joint,-8.3341171918425909E-07,6.860426947241649E-05,-6.9437681191600746E-05,2.7481676761632818E-05,0.006692209281027317,-0.006664727604265684,0.0094783999993524048,0.0066497125662863255,0.0044262083247303963,-0.27676359037660281,0.24223026955093657,-0.298933744430542,0,0.7137916088104248,0.15688323974609375,1.2014541625976563,0,0,0,10.603681564331055,14.604940414428711,2211,1143,0,10.20599365234375,11.001348495483398,14.066938400268555,15.268392562866211
44.199984339569163,31620.6925777,EXTERNAL_CONTROL,wrist_2_joint,1.5708397184278819,1.5858138799667358,-0.014974161538853892,-0.0014308352095567256,-0.0069627524353563786,0.0055319172257996532,0.0095094999996945262,0.0066497125662863255,0.0044262083247303963,-0.27676359037660281,0.24223026955093657,-9.3921432495117188,0,0.7137916088104248,0.15688323974609375,1.2014541625976563,0,0,0,10.603681564331055,14.604940414428711,2211,1143,0,10.20599365234375,11.001348495483398,14.066938400268555,15.268392562866211
44.199984339569163,31620.6926105,EXTERNAL_CONTROL,wrist_3_joint,-3.0028320926879678E-07,-1.7989626940106973E-05,1.7689343730838175E-05,9.9018119185411262E-06,-0.0029539531096816063,0.0029638549216001475,0.0095431000008829869,0.0066497125662863255,0.0044262083247303963,-0.27676359037660281,0.24223026955093657,0.081401407718658447,0,0.7137916088104248,0.15688323974609375,1.2014541625976563,0,0,0,10.603681564331055,14.604940414428711,2211,1143,0,10.20599365234375,11.001348495483398,14.066938400268555,15.268392562866211
44.219984332482994,31620.7128293,HOLD,shoulder_pan_joint,1.5707963267948966,1.5724314451217651,-0.0016351183268685787,0,-0.0070006567984819412,0.0070006567984819412,0.0035351999977137893,0.0026661783922463655,0.00029440200887620449,-0.19917678735308147,-0.20659039737128512,-0.45568498969078064,0,0.71381020545959473,0.1573486328125,1.2013969421386719,0,0,0,10.603732109069824,14.604869842529297,2212,1144,0,10.206014633178711,11.001443862915039,14.066909790039063,15.268306732177734
44.219984332482994,31620.7128785,HOLD,shoulder_lift_joint,0,0.0055826320312917233,-0.0055826320312917233,0,-0.010926714166998863,0.010926714166998863,0.0035798999997496139,0.0026661783922463655,0.00029440200887620449,-0.19917678735308147,-0.20659039737128512,-9.2521066665649414,0,0.71381020545959473,0.1573486328125,1.2013969421386719,0,0,0,10.603732109069824,14.604869842529297,2212,1144,0,10.206014633178711,11.001443862915039,14.066909790039063,15.268306732177734
44.219984332482994,31620.7129127,HOLD,elbow_joint,0,0.00196200143545866,-0.00196200143545866,0,0.0012099575251340866,-0.0012099575251340866,0.0036126999984844588,0.0026661783922463655,0.00029440200887620449,-0.19917678735308147,-0.20659039737128512,-9.8381443023681641,0,0.71381020545959473,0.1573486328125,1.2013969421386719,0,0,0,10.603732109069824,14.604869842529297,2212,1144,0,10.206014633178711,11.001443862915039,14.066909790039063,15.268306732177734
44.219984332482994,31620.7129775,HOLD,wrist_1_joint,0,-3.3567019272595644E-05,3.3567019272595644E-05,0,-0.0049803764559328556,0.0049803764559328556,0.0036794999978155829,0.0026661783922463655,0.00029440200887620449,-0.19917678735308147,-0.20659039737128512,0.21984043717384338,0,0.71381020545959473,0.1573486328125,1.2013969421386719,0,0,0,10.603732109069824,14.604869842529297,2212,1144,0,10.206014633178711,11.001443862915039,14.066909790039063,15.268306732177734
44.219984332482994,31620.7130127,HOLD,wrist_2_joint,1.5707963267948966,1.5859576463699341,-0.015161319575037524,0,0.0069391448050737381,-0.0069391448050737381,0.003715299997566035,0.0026661783922463655,0.00029440200887620449,-0.19917678735308147,-0.20659039737128512,-10.045646667480469,0,0.71381020545959473,0.1573486328125,1.2013969421386719,0,0,0,10.603732109069824,14.604869842529297,2212,1144,0,10.206014633178711,11.001443862915039,14.066909790039063,15.268306732177734
44.219984332482994,31620.7130485,HOLD,wrist_3_joint,0,1.5116547729121521E-06,-1.5116547729121521E-06,0,6.0142716392874718E-05,-6.0142716392874718E-05,0.0037499999998544808,0.0026661783922463655,0.00029440200887620449,-0.19917678735308147,-0.20659039737128512,-0.0018189480761066079,0,0.71381020545959473,0.1573486328125,1.2013969421386719,0,0,0,10.603732109069824,14.604869842529297,2212,1144,0,10.206014633178711,11.001443862915039,14.066909790039063,15.268306732177734
44.239984325396826,31620.7320654,HOLD,shoulder_pan_joint,1.5707963267948966,1.5724800825119019,-0.0016837557170052975,0,-0.00073001254349946976,0.00073001254349946976,0.022772399999666959,-0.0018895607208833098,-0.0026002053637057543,-0.2277870456052081,-0.14473042578036016,-0.48262122273445129,0,0.71384930610656738,0.1572418212890625,1.2015285491943359,0,0,0,10.603633880615234,14.604925155639648,2213,1144,0,10.205940246582031,11.001325607299805,14.066621780395508,15.268148422241211
44.239984325396826,31620.732108,HOLD,shoulder_lift_joint,0,0.0061207632534205914,-0.0061207632534205914,0,-0.0074461186304688454,0.0074461186304688454,0.022808199999417411,-0.0018895607208833098,-0.0026002053637057543,-0.2277870456052081,-0.14473042578036016,-9.94363021850586,0,0.71384930610656738,0.1572418212890625,1.2015285491943359,0,0,0,10.603633880615234,14.604925155639648,2213,1144,0,10.205940246582031,11.001325607299805,14.066621780395508,15.268148422241211
44.239984325396826,31620.732138,HOLD,elbow_joint,0,0.0014431220479309559,-0.0014431220479309559,0,0.0049057365395128727,-0.0049057365395128727,0.022838900000351714,-0.0018895607208833098,-0.0026002053637057543,-0.2277870456052081,-0.14473042578036016,-9.6291694641113281,0,0.71384930610656738,0.1572418212890625,1.2015285491943359,0,0,0,10.603633880615234,14.604925155639648,2213,1144,0,10.205940246582031,11.001325607299805,14.066621780395508,15.268148422241211
44.239984325396826,31620.7321716,HOLD,wrist_1_joint,0,3.5534067137632519E-06,-3.5534067137632519E-06,0,-0.00047377357259392738,0.00047377357259392738,0.022872199999255827,-0.0018895607208833098,-0.0026002053637057543,-0.2277870456052081,-0.14473042578036016,0.000716476934030652,0,0.71384930610656738,0.1572418212890625,1.2015285491943359,0,0,0,10.603633880615234,14.604925155639648,2213,1144,0,10.205940246582031,11.001325607299805,14.066621780395508,15.268148422241211
44.239984325396826,31620.732201,HOLD,wrist_2_joint,1.5707963267948966,1.5860072374343872,-0.015210910639490649,0,-0.0013424502685666084,0.0013424502685666084,0.022902299999259412,-0.0018895607208833098,-0.0026002053637057543,-0.2277870456052081,-0.14473042578036016,-9.7117328643798828,0,0.71384930610656738,0.1572418212890625,1.2015285491943359,0,0,0,10.603633880615234,14.604925155639648,2213,1144,0,10.205940246582031,11.001325607299805,14.066621780395508,15.268148422241211
44.239984325396826,31620.7322314,HOLD,wrist_3_joint,0,-0.00016700816922821105,0.00016700816922821105,0,-0.004145483486354351,0.004145483486354351,0.022931399998924462,-0.0018895607208833098,-0.0026002053637057543,-0.2277870456052081,-0.14473042578036016,0.16926637291908264,0,0.71384930610656738,0.1572418212890625,1.2015285491943359,0,0,0,10.603633880615234,14.604925155639648,2213,1144,0,10.205940246582031,11.001325607299805,14.066621780395508,15.268148422241211
44.259984318310657,31620.7534893,HOLD,shoulder_pan_joint,1.5707963267948966,1.57253098487854,-0.0017346580836434811,0,-0.0059875240549445152,0.0059875240549445152,0.0060756999992008787,-0.00037664917181245983,0.00028148537967354059,0.075645607324538289,0.14408459406520044,-0.49702185392379761,0,0.71396470069885254,0.15738868713378906,1.2016048431396484,0,0,0,10.60371208190918,14.604923248291016,2214,1145,0,10.206014633178711,11.001432418823242,14.066516876220703,15.268123626708984
44.259984318310657,31620.753527,HOLD,shoulder_lift_joint,0,0.006647156085819006,-0.006647156085819006,0,-0.010339880362153053,0.010339880362153053,0.0061079000006429851,-0.00037664917181245983,0.00028148537967354059,0.075645607324538289,0.14408459406520044,-9.72617244720459,0,0.71396470069885254,0.15738868713378906,1.2016048431396484,0,0,0,10.60371208190918,14.604923248291016,2214,1145,0,10.206014633178711,11.001432418823242,14.066516876220703,15.268123626708984
44.259984318310657,31620.7535581,HOLD,elbow_joint,0,0.0010737654520198703,-0.0010737654520198703,0,0.00639899168163538,-0.00639899168163538,0.0061381999985314906,-0.00037664917181245983,0.00028148537967354059,0.075645607324538289,0.14408459406520044,-9.5877485275268555,0,0.71396470069885254,0.15738868713378906,1.2016048431396484,0,0,0,10.60371208190918,14.604923248291016,2214,1145,0,10.206014633178711,11.001432418823242,14.066516876220703,15.268123626708984
44.259984318310657,31620.7535847,HOLD,wrist_1_joint,0,-7.3117451393045485E-05,7.3117451393045485E-05,0,-0.0045732315629720688,0.0045732315629720688,0.0061658999984501861,-0.00037664917181245983,0.00028148537967354059,0.075645607324538289,0.14408459406520044,0.21762703359127045,0,0.71396470069885254,0.15738868713378906,1.2016048431396484,0,0,0,10.60371208190918,14.604923248291016,2214,1145,0,10.206014633178711,11.001432418823242,14.066516876220703,15.268123626708984
44.259984318310657,31620.7536121,HOLD,wrist_2_joint,1.5707963267948966,1.5861082077026367,-0.015311880907740161,0,0.00026056834030896425,-0.00026056834030896425,0.0061941999992995989,-0.00037664917181245983,0.00028148537967354059,0.075645607324538289,0.14408459406520044,-9.8086566925048828,0,0.71396470069885254,0.15738868713378906,1.2016048431396484,0,0,0,10.60371208190918,14.604923248291016,2214,1145,0,10.206014633178711,11.001432418823242,14.066516876220703,15.268123626708984
44.259984318310657,31620.7536406,HOLD,wrist_3_joint,0,-0.00014771449787076563,0.00014771449787076563,0,0.002763714175671339,-0.002763714175671339,0.0062222999986261129,-0.00037664917181245983,0.00028148537967354059,0.075645607324538289,0.14408459406520044,-0.040162179619073868,0,0.71396470069885254,0.15738868713378906,1.2016048431396484,0,0,0,10.60371208190918,14.604923248291016,2214,1145,0,10.206014633178711,11.001432418823242,14.066516876220703,15.268123626708984
44.279984311224489,31620.7729872,HOLD,shoulder_pan_joint,1.5707963267948966,1.5722084045410156,-0.001412077746119067,0,-0.0059885839000344276,0.0059885839000344276,0.0074577999985194765,-0.0048790476284921169,-0.0030452024657279253,-0.22512001172954679,-0.16633445795235241,-0.51210951805114746,0,0.71393477916717529,0.15749931335449219,1.2016811370849609,0.019782340154051781,0,0,10.6036376953125,14.605030059814453,2215,1146,0,10.206020355224609,11.001194000244141,14.066471099853516,15.268152236938477
44.279984311224489,31620.7730265,HOLD,shoulder_lift_joint,0,0.0060203997418284416,-0.0060203997418284416,0,-0.030660223215818405,0.030660223215818405,0.0074894999997923151,-0.0048790476284921169,-0.0030452024657279253,-0.22512001172954679,-0.16633445795235241,-8.084747314453125,0,0.71393477916717529,0.15749931335449219,1.2016811370849609,0.019782340154051781,0,0,10.6036376953125,14.605030059814453,2215,1146,0,10.206020355224609,11.001194000244141,14.066471099853516,15.268152236938477
44.279984311224489,31620.7730937,HOLD,elbow_joint,0,0.0012711290037259459,-0.0012711290037259459,0,0.016139835119247437,-0.016139835119247437,0.0075579000003926922,-0.0048790476284921169,-0.0030452024657279253,-0.22512001172954679,-0.16633445795235241,-8.48957347869873,0,0.71393477916717529,0.15749931335449219,1.2016811370849609,0.019782340154051781,0,0,10.6036376953125,14.605030059814453,2215,1146,0,10.206020355224609,11.001194000244141,14.066471099853516,15.268152236938477
44.279984311224489,31620.7731235,HOLD,wrist_1_joint,0,-0.00011993276712018996,0.00011993276712018996,0,-0.0020310778636485338,0.0020310778636485338,0.0075871999979426619,-0.0048790476284921169,-0.0030452024657279253,-0.22512001172954679,-0.16633445795235241,0.16265924274921417,0,0.71393477916717529,0.15749931335449219,1.2016811370849609,0.019782340154051781,0,0,10.6036376953125,14.605030059814453,2215,1146,0,10.206020355224609,11.001194000244141,14.066471099853516,15.268152236938477
44.279984311224489,31620.773154,HOLD,wrist_2_joint,1.5707963267948966,1.5859661102294922,-0.01516978343459563,0,-0.0059940959326922894,0.0059940959326922894,0.0076182999982847832,-0.0048790476284921169,-0.0030452024657279253,-0.22512001172954679,-0.16633445795235241,-9.5947542190551758,0,0.71393477916717529,0.15749931335449219,1.2016811370849609,0.019782340154051781,0,0,10.6036376953125,14.605030059814453,2215,1146,0,10.206020355224609,11.001194000244141,14.066471099853516,15.268152236938477
44.279984311224489,31620.7731821,HOLD,wrist_3_joint,0,-0.00015512695244979113,0.00015512695244979113,0,0.0018883664160966873,-0.0018883664160966873,0.00764540000091074,-0.0048790476284921169,-0.0030452024657279253,-0.22512001172954679,-0.16633445795235241,-0.039038985967636108,0,0.71393477916717529,0.15749931335449219,1.2016811370849609,0.019782340154051781,0,0,10.6036376953125,14.605030059814453,2215,1146,0,10.206020355224609,11.001194000244141,14.066471099853516,15.268152236938477
44.29998430413832,31620.7922094,HOLD,shoulder_pan_joint,1.5707963267948966,1.5722165107727051,-0.0014201839778085201,0,-0.018512090668082237,0.018512090668082237,0.026682200001232559,-0.0070447539910674095,0.01484800036996603,-0.10828536088857149,0.89466049506892442,-0.41679635643959045,0,0.71377265453338623,0.15798568725585938,1.2015972137451172,0,0,0,10.603665351867676,14.6051025390625,2216,1146,0,10.205972671508789,11.00135612487793,14.066699981689453,15.26829719543457
44.29998430413832,31620.7922541,HOLD,shoulder_lift_joint,0,0.0064018960110843182,-0.0064018960110843182,0,0.04179861769080162,-0.04179861769080162,0.026718599998275749,-0.0070447539910674095,0.01484800036996603,-0.10828536088857149,0.89466049506892442,-15.621658325195313,0,0.71377265453338623,0.15798568725585938,1.2015972137451172,0,0,0,10.603665351867676,14.6051025390625,2216,1146,0,10.205972671508789,11.00135612487793,14.066699981689453,15.26829719543457
44.29998430413832,31620.7922862,HOLD,elbow_joint,0,0.0015831089112907648,-0.0015831089112907648,0,-0.0047931969165802,0.0047931969165802,0.02674979999937932,-0.0070447539910674095,0.01484800036996603,-0.10828536088857149,0.89466049506892442,-11.743922233581543,0,0.71377265453338623,0.15798568725585938,1.2015972137451172,0,0,0,10.603665351867676,14.6051025390625,2216,1146,0,10.205972671508789,11.00135612487793,14.066699981689453,15.26829719543457
44.29998430413832,31620.7923216,HOLD,wrist_1_joint,0,-0.00015544414054602385,0.00015544414054602385,0,-0.0020241911988705397,0.0020241911988705397,0.026787099999637576,-0.0070447539910674095,0.01484800036996603,-0.10828536088857149,0.89466049506892442,0.18932752311229706,0,0.71377265453338623,0.15798568725585938,1.2015972137451172,0,0,0,10.603665351867676,14.6051025390625,2216,1146,0,10.205972671508789,11.00135612487793,14.066699981689453,15.26829719543457
44.29998430413832,31620.7923537,HOLD,wrist_2_joint,1.5707963267948966,1.5857909917831421,-0.014994664988245532,0,-0.0054913749918341637,0.0054913749918341637,0.026819300001079682,-0.0070447539910674095,0.01484800036996603,-0.10828536088857149,0.89466049506892442,-9.4297943115234375,0,0.71377265453338623,0.15798568725585938,1.2015972137451172,0,0,0,10.603665351867676,14.6051025390625,2216,1146,0,10.205972671508789,11.00135612487793,14.066699981689453,15.26829719543457
44.29998430413832,31620.7924118,HOLD,wrist_3_joint,0,-7.0393878559116274E-05,7.0393878559116274E-05,0,-0.00072564580477774143,0.00072564580477774143,0.026877399999648333,-0.0070447539910674095,0.01484800036996603,-0.10828536088857149,0.89466049506892442,-0.04131900891661644,0,0.71377265453338623,0.15798568725585938,1.2015972137451172,0,0,0,10.603665351867676,14.6051025390625,2216,1146,0,10.205972671508789,11.00135612487793,14.066699981689453,15.26829719543457
