t,x,y,yaw,roll,pitch,v,lateral,w,rim_left,rim_right,cmd_v,cmd_w,publishing,a,alpha
686.14,11.978321075439453,-0.032686538994312286,3.0983328367811485,-0.00041581225525013596,-0.0005462668618890339,0.0049633783526868746,0.001111200691073247,-0.00046976929423168647,-0.0015714508481323721,0.0014153086207807065,0.01,0,True,0.11486220398974611,0.004207031038193652
686.16,11.978057861328125,-0.03273753449320793,3.0982200702650036,0.00041010670931890074,-0.001511097473631853,0.007536710438846061,0.001476260364989785,0.0009680255459882426,-0.0015714508481323721,0.0014153086207807065,0.01,0,True,0.03789800330686252,0.03736593963818492
686.18,11.977920532226562,-0.03275818005204201,3.09829525523761,0.0001733026941401654,-0.0014357420725274338,0.009188976319171331,0.0013482019551092814,0.00033656248305518607,0.007514905706048012,0.008638321459293366,0.01,0,True,0.005542069483214601,-0.007087741818371743
686.2,11.977713584899902,-0.032778386026620865,3.0984102788248276,0.0003210590641609875,-0.0012625462956236213,0.006291371399717921,0.00047869866100350416,0.0015796937192439043,0.00569696418941021,0.007514369301497937,0.01,0,True,-0.053980293170852955,-0.024112090434839254
686.22,11.977581977844238,-0.032762475311756134,3.098359761779793,0.0002746670011585722,-0.0013112988611629587,0.0054067439113442695,-0.0003107858120714123,-0.001036788639701716,0.012770223543047906,0.01185704603791237,0.01,0,True,-0.0831906907385948,-0.03956647803921997
686.24,11.977553367614746,-0.032754067331552505,3.098346445762543,1.8610746123878267e-05,-0.000941604903951979,0.0032182869851756155,-0.00019772264670420527,-0.0009609416887998845,0.005747109018266201,0.006081131547689438,0.01,0,True,-0.03659498986724341,-0.04122130066024329
686.26,11.977489471435547,-0.03271464630961418,3.0982123121464338,-3.464849747679406e-05,-0.0010037684577387856,0.0025337210600803435,-0.0009192122501459028,-0.002828755760084031,0.0033034913614392284,0.00146221611648798,0.01,0,True,-0.03810844573438887,0.039522862760614966
686.28,11.977457046508789,-0.032751452177762985,3.0983334034897236,9.967766488217707e-05,-0.0013169240614013783,0.0033637722103411105,-0.0005264140404586669,-0.0017180103335725598,0.0021343023329973222,0.002081961426883936,0.01,0,True,-0.013569350445891405,0.004516795554325392
686.3,11.97738265991211,-0.032680217176675797,3.0981334613189864,0.00018778965881872345,-0.0012146260690857633,0.002358068252595933,0.000652404107632393,0.002125040381144606,0.0005197536479681731,-0.0018678663205355407,0.01,0,True,-0.023591400946349046,0.06598259980254369
686.32,11.977286338806152,-0.03270035609602928,3.0982090049358573,0.00038185905029754436,-0.0010676374387597687,0.0021327389495037477,-0.0002030630457153545,-0.0005995980444536683,0.0005197536479681731,-0.0018678663205355407,0.01,0,True,-0.054664065358473256,0.03682708362094469
686.34,11.977298736572266,-0.03275859355926514,3.0983823153769254,0.0004532603995912474,-0.0010345842568267726,0.0006464089843714545,0.0007798555822476175,0.0024498522241221637,0.005939310565590859,0.004223852045834065,0.01,0,True,-0.024612215941065746,-0.041752734625165
686.36,11.977287292480469,-0.03272782266139984,3.0982854356461673,5.933871790634774e-05,-0.001200364344672452,-0.001009353018338987,0.0004381594194516168,0.001228156356104522,-0.001650051847100258,0.00044392392039299016,0.01,0,True,-0.014536600247357869,0.00460494077439605
686.38,11.977328300476074,-0.032740313559770584,3.0983294494969162,0.00025689761961066585,-0.001030055606544831,0.0003890909773096659,-0.00044342736738105926,-0.0012151783888703033,0.0007807600311934949,-0.00014895371859893205,0.01,0,True,0.011510067706394357,-0.04599753125370419
686.4,11.977365493774414,-0.03273887187242508,3.0983072574443455,0.0004077809359921414,-0.0008935407502099126,0.0009698109297161758,-7.643058027369468e-05,-0.00023120278250231936,0.0011981075117364526,-0.0009397772513329984,0.01,0,True,0.04631033874460808,-0.024484009292360484
686.42,11.977269172668457,-0.032721806317567825,3.098285101105816,0.00024160997331477987,-0.0010335158966287286,0.0015672144008821655,-0.000370124510301501,-0.001229950276170825,-0.0014214130584150554,-0.0010329060256481172,0.01,0,True,0.027106124454447576,0.02175961116596058
686.44,11.97721004486084,-0.03271835669875145,3.098266939423567,0.0004134721839931982,-0.0010776002012502395,0.0026954740812315547,-0.00024786575049351407,-0.0007305643872853189,0.006659774370491505,0.0037835692614316945,0.01,0,True,0.018905520863277077,0.002149167544134934
686.46,11.977204322814941,-0.03270530328154564,3.0982310534748225,0.00014770203121120784,-0.0009948173979557086,0.0025575809336665814,0.0001804657816324224,0.0005255905044074336,0.011520394813269379,0.0017721713706851008,0.01,0,True,0.007563491172239419,0.014315133144410741
686.48,11.977150917053223,-0.032709721475839615,3.0982488122933627,0.00026703685979931644,-0.0009557810183678301,0.0024822525987791156,-8.494092693038538e-06,-5.926937897143664e-05,0.0014376233238726855,0.0004215002153068781,0.01,0,True,-0.017484836839603588,0.012315276031886188
686.5,11.97706413269043,-0.03272736072540283,3.0983271483461685,0.00020002725638390006,-0.0010373117710113261,0.0021722936946616286,-1.5069344295241162e-05,-8.473962461737975e-05,0.002357150847092271,0.002018269319087267,0.01,0,True,-0.029856797298874232,-0.020523551649770218
686.52,11.977011680603027,-0.03270907327532768,3.0982621978732494,0.00034713507162770956,-0.0010922545013813275,0.0012966871340645398,9.029305500367394e-05,0.0002546576952646802,0.00535539522767067,0.003600743710994721,0.01,0,True,-0.037227076115706255,-0.0030642917139141464
686.54,11.977030754089355,-0.03269658237695694,3.098224274304853,0.00013607923466501875,-0.0009515669181535659,0.0001690371497588149,-0.0003207520012235546,-0.0011162936275726906,0.0020463147759437563,0.001533791180700064,0.01,0,True,-0.03045969989948949,0.0031796439185754204
686.56,11.977046966552734,-0.03271244466304779,3.098269184908984,0.0002284118026968196,-0.0009191408914127844,-0.0004959134904746761,-0.00012077715352590122,-0.00030441271608434536,2.475029788911343e-05,-0.0007901450246572496,0.01,0,True,-0.01687638040259803,-0.008080104475362702
686.58,11.977051734924316,-0.03270113840699196,3.0982378448559627,0.00011256251949000717,-0.000957236995721683,-0.000264482297298777,4.553017131051099e-05,0.00016963188886878403,-0.000445258803665638,-0.0007725877827033401,0.01,0,True,-0.002112964371984105,0.013953670344651494
686.6,11.977051734924316,-0.03270113840699196,3.0982378448559627,0.00011256251949000717,-0.000957236995721683,-5.342329814399327e-05,-0.00014377873697699539,-0.0003917506627646666,0.0004042652202770114,-0.000542305309791118,0.01,0,True,0.0061989186309302806,0.0038051589510523704
686.62,11.977051734924316,-0.03270113840699196,3.0982378448559627,0.00011256251949000717,-0.000957236995721683,0.0,-0.0,0.0,0.009504495162982494,-0.0010633625322952868,0.01,0,True,0.0033060287162377192,-0.0021203986108617287
686.64,11.977051734924316,-0.03270113840699196,3.0982378448559627,0.00011256251949000717,-0.000957236995721683,0.0,-0.0,0.0,0.009504495162982494,-0.0010633625322952868,0.01,0,True,0.0006677912268005233,0.004896883284562786
686.66,11.977051734924316,-0.03270113840699196,3.0982378448559627,0.00011256251949000717,-0.000957236995721683,0.0,-0.0,0.0,0.009504495162982494,-0.0010633625322952868,0.01,0,True,0.0,0.0
686.68,11.977051734924316,-0.03270113840699196,3.0982378448559627,0.00011256251949000717,-0.000957236995721683,0.0,-0.0,0.0,0.009504495162982494,-0.0010633625322952868,0.01,0,True,0.0,0.0
686.7,11.977051734924316,-0.03270113840699196,3.0982378448559627,0.00011256251949000717,-0.000957236995721683,0.0,-0.0,0.0,0.009504495162982494,-0.0010633625322952868,0.01,0,True,0.0,0.0
686.72,11.977051734924316,-0.03270113840699196,3.0982378448559627,0.00011256251949000717,-0.000957236995721683,0.0,-0.0,0.0,0.009504495162982494,-0.0010633625322952868,0.01,0,True,0.0,0.0
686.74,11.977051734924316,-0.03270113840699196,3.0982378448559627,0.00011256251949000717,-0.000957236995721683,0.0,-0.0,0.0,0.009504495162982494,-0.0010633625322952868,0.01,0,True,0.0,0.0
686.76,11.977051734924316,-0.03270113840699196,3.0982378448559627,0.00011256251949000717,-0.000957236995721683,0.0,-0.0,0.0,0.009504495162982494,-0.0010633625322952868,0.01,0,True,0.0,0.0
686.78,11.977051734924316,-0.03270113840699196,3.0982378448559627,0.00011256251949000717,-0.000957236995721683,0.0,-0.0,0.0,0.009504495162982494,-0.0010633625322952868,0.01,0,True,0.0,0.0
686.8,11.977051734924316,-0.03270113840699196,3.0982378448559627,0.00011256251949000717,-0.000957236995721683,0.0,-0.0,0.0,0.009504495162982494,-0.0010633625322952868,0.01,0,True,0.0,0.0
686.82,11.977051734924316,-0.03270113840699196,3.0982378448559627,0.00011256251949000717,-0.000957236995721683,0.0,-0.0,0.0,0.009504495162982494,-0.0010633625322952868,0.01,0,True,0.0,0.0
686.84,11.977051734924316,-0.03270113840699196,3.0982378448559627,0.00011256251949000717,-0.000957236995721683,0.0,-0.0,0.0,0.009504495162982494,-0.0010633625322952868,0.01,0,True,0.0,0.0
686.86,11.977051734924316,-0.03270113840699196,3.0982378448559627,0.00011256251949000717,-0.000957236995721683,0.0,-0.0,0.0,0.009504495162982494,-0.0010633625322952868,0.01,0,True,0.0,0.0
686.88,11.977051734924316,-0.03270113840699196,3.0982378448559627,0.00011256251949000717,-0.000957236995721683,0.0,-0.0,0.0,0.009504495162982494,-0.0010633625322952868,0.01,0,True,0.0,0.0
686.9,11.977051734924316,-0.03270113840699196,3.0982378448559627,0.00011256251949000717,-0.000957236995721683,0.0,-0.0,0.0,0.009504495162982494,-0.0010633625322952868,0.01,0,True,0.0,0.0
686.92,11.977051734924316,-0.03270113840699196,3.0982378448559627,0.00011256251949000717,-0.000957236995721683,0.0,-0.0,0.0,0.009504495162982494,-0.0010633625322952868,0.01,0,True,0.0,0.0
686.94,11.977051734924316,-0.03270113840699196,3.0982378448559627,0.00011256251949000717,-0.000957236995721683,0.0,-0.0,0.0,0.009504495162982494,-0.0010633625322952868,0.01,0,True,0.0,0.0
686.96,11.977051734924316,-0.03270113840699196,3.0982378448559627,0.00011256251949000717,-0.000957236995721683,0.0,-0.0,0.0,0.009504495162982494,-0.0010633625322952868,0.01,0,True,0.0,0.0
686.98,11.977051734924316,-0.03270113840699196,3.0982378448559627,0.00011256251949000717,-0.000957236995721683,0.0,-0.0,0.0,0.009504495162982494,-0.0010633625322952868,0.01,0,True,0.0,0.0
687.0,11.977051734924316,-0.03270113840699196,3.0982378448559627,0.00011256251949000717,-0.000957236995721683,0.0,-0.0,0.0,0.009504495162982494,-0.0010633625322952868,0.01,0,True,0.0,0.0
687.02,11.977051734924316,-0.03270113840699196,3.0982378448559627,0.00011256251949000717,-0.000957236995721683,0.0,-0.0,0.0,0.009504495162982494,-0.0010633625322952868,0.01,0,True,0.0,0.0
687.04,11.977051734924316,-0.03270113840699196,3.0982378448559627,0.00011256251949000717,-0.000957236995721683,0.0,-0.0,0.0,0.009504495162982494,-0.0010633625322952868,0.01,0,True,0.0,0.0
687.06,11.977051734924316,-0.03270113840699196,3.0982378448559627,0.00011256251949000717,-0.000957236995721683,0.0,-0.0,0.0,0.009504495162982494,-0.0010633625322952868,0.01,0,True,0.0,0.0
687.08,11.977051734924316,-0.03270113840699196,3.0982378448559627,0.00011256251949000717,-0.000957236995721683,0.0,-0.0,0.0,0.009504495162982494,-0.0010633625322952868,0.01,0,True,0.0,0.0
687.1,11.977051734924316,-0.03270113840699196,3.0982378448559627,0.00011256251949000717,-0.000957236995721683,0.0,-0.0,0.0,0.009504495162982494,-0.0010633625322952868,0.01,0,True,0.0,0.0
687.12,11.977051734924316,-0.03270113840699196,3.0982378448559627,0.00011256251949000717,-0.000957236995721683,0.0,-0.0,0.0,0.009504495162982494,-0.0010633625322952868,0.01,0,True,0.0,0.0
687.14,11.977051734924316,-0.03270113840699196,3.0982378448559627,0.00011256251949000717,-0.000957236995721683,0.0,-0.0,0.0,0.009504495162982494,-0.0010633625322952868,0.01,0,True,0.0,0.0
687.16,11.977051734924316,-0.03270113840699196,3.0982378448559627,0.00011256251949000717,-0.000957236995721683,0.0,-0.0,0.0,0.009504495162982494,-0.0010633625322952868,0.01,0,True,0.0,0.0
687.18,11.977051734924316,-0.03270113840699196,3.0982378448559627,0.00011256251949000717,-0.000957236995721683,0.0,-0.0,0.0,0.009504495162982494,-0.0010633625322952868,0.01,0,True,0.0,0.0
687.2,11.977051734924316,-0.03270113840699196,3.0982378448559627,0.00011256251949000717,-0.000957236995721683,0.0,-0.0,0.0,0.009504495162982494,-0.0010633625322952868,0.01,0,True,0.0,0.0
687.22,11.977051734924316,-0.03270113840699196,3.0982378448559627,0.00011256251949000717,-0.000957236995721683,0.0,-0.0,0.0,0.009504495162982494,-0.0010633625322952868,0.01,0,True,0.0,0.0
687.24,11.977051734924316,-0.03270113840699196,3.0982378448559627,0.00011256251949000717,-0.000957236995721683,0.0,-0.0,0.0,0.009504495162982494,-0.0010633625322952868,0.01,0,True,0.0,0.0
687.26,11.977051734924316,-0.03270113840699196,3.0982378448559627,0.00011256251949000717,-0.000957236995721683,0.0,-0.0,0.0,0.009504495162982494,-0.0010633625322952868,0.01,0,True,0.0,0.0
687.28,11.977051734924316,-0.03270113840699196,3.0982378448559627,0.00011256251949000717,-0.000957236995721683,0.0,-0.0,0.0,0.009504495162982494,-0.0010633625322952868,0.01,0,True,0.0,0.0
687.3,11.977051734924316,-0.03270113840699196,3.0982378448559627,0.00011256251949000717,-0.000957236995721683,0.0,-0.0,0.0,0.009504495162982494,-0.0010633625322952868,0.01,0,True,0.0,0.0
687.32,11.977051734924316,-0.03270113840699196,3.0982378448559627,0.00011256251949000717,-0.000957236995721683,0.0,-0.0,0.0,0.009504495162982494,-0.0010633625322952868,0.01,0,True,0.0,0.0
687.34,11.977051734924316,-0.03270113840699196,3.0982378448559627,0.00011256251949000717,-0.000957236995721683,0.0,-0.0,0.0,0.009504495162982494,-0.0010633625322952868,0.01,0,True,0.0,0.0
687.36,11.977051734924316,-0.03270113840699196,3.0982378448559627,0.00011256251949000717,-0.000957236995721683,0.0,-0.0,0.0,0.009504495162982494,-0.0010633625322952868,0.01,0,True,0.0,0.0
687.38,11.977051734924316,-0.03270113840699196,3.0982378448559627,0.00011256251949000717,-0.000957236995721683,0.0,-0.0,0.0,0.009504495162982494,-0.0010633625322952868,0.01,0,True,0.0,0.0
687.4,11.977051734924316,-0.03270113840699196,3.0982378448559627,0.00011256251949000717,-0.000957236995721683,0.0,-0.0,0.0,0.009504495162982494,-0.0010633625322952868,0.01,0,True,0.0,0.0
687.42,11.977051734924316,-0.03270113840699196,3.0982378448559627,0.00011256251949000717,-0.000957236995721683,0.0,-0.0,0.0,0.009504495162982494,-0.0010633625322952868,0.01,0,True,0.0,0.0
687.44,11.977051734924316,-0.03270113840699196,3.0982378448559627,0.00011256251949000717,-0.000957236995721683,0.0,-0.0,0.0,0.009504495162982494,-0.0010633625322952868,0.01,0,True,0.0,0.0
687.46,11.977051734924316,-0.03270113840699196,3.0982378448559627,0.00011256251949000717,-0.000957236995721683,0.0,-0.0,0.0,0.009504495162982494,-0.0010633625322952868,0.01,0,True,0.0,0.0
687.48,11.977051734924316,-0.03270113840699196,3.0982378448559627,0.00011256251949000717,-0.000957236995721683,0.0,-0.0,0.0,0.009504495162982494,-0.0010633625322952868,0.01,0,True,0.0,0.0
687.5,11.977051734924316,-0.03270113840699196,3.0982378448559627,0.00011256251949000717,-0.000957236995721683,0.0,-0.0,0.0,0.009504495162982494,-0.0010633625322952868,0.01,0,True,0.0,0.0
687.52,11.977051734924316,-0.03270113840699196,3.0982378448559627,0.00011256251949000717,-0.000957236995721683,0.0,-0.0,0.0,0.009504495162982494,-0.0010633625322952868,0.01,0,True,0.0,0.0
687.54,11.977051734924316,-0.03270113840699196,3.0982378448559627,0.00011256251949000717,-0.000957236995721683,0.0,-0.0,0.0,0.009504495162982494,-0.0010633625322952868,0.01,0,True,0.0,0.0
687.56,11.977051734924316,-0.03270113840699196,3.0982378448559627,0.00011256251949000717,-0.000957236995721683,0.0,-0.0,0.0,0.009504495162982494,-0.0010633625322952868,0.01,0,True,0.0,0.0
687.58,11.977051734924316,-0.03270113840699196,3.0982378448559627,0.00011256251949000717,-0.000957236995721683,0.0,-0.0,0.0,0.009504495162982494,-0.0010633625322952868,0.01,0,True,0.0,0.0
687.6,11.977051734924316,-0.03270113840699196,3.0982378448559627,0.00011256251949000717,-0.000957236995721683,0.0,-0.0,0.0,0.009504495162982494,-0.0010633625322952868,0.01,0,True,0.0,0.0
687.62,11.977051734924316,-0.03270113840699196,3.0982378448559627,0.00011256251949000717,-0.000957236995721683,0.0,-0.0,0.0,0.009504495162982494,-0.0010633625322952868,0.01,0,True,0.0,0.0
687.64,11.977051734924316,-0.03270113840699196,3.0982378448559627,0.00011256251949000717,-0.000957236995721683,0.0,-0.0,0.0,0.009504495162982494,-0.0010633625322952868,0.01,0,True,0.0,0.0
687.66,11.977051734924316,-0.03270113840699196,3.0982378448559627,0.00011256251949000717,-0.000957236995721683,0.0,-0.0,0.0,0.009504495162982494,-0.0010633625322952868,0.01,0,True,0.0,0.0
687.68,11.977051734924316,-0.03270113840699196,3.0982378448559627,0.00011256251949000717,-0.000957236995721683,0.0,-0.0,0.0,0.009504495162982494,-0.0010633625322952868,0.01,0,True,0.0,0.0
687.7,11.977051734924316,-0.03270113840699196,3.0982378448559627,0.00011256251949000717,-0.000957236995721683,0.0,-0.0,0.0,0.009504495162982494,-0.0010633625322952868,0.01,0,True,0.0,0.0
687.72,11.977051734924316,-0.03270113840699196,3.0982378448559627,0.00011256251949000717,-0.000957236995721683,0.0,-0.0,0.0,0.009504495162982494,-0.0010633625322952868,0.01,0,True,0.0,0.0
687.74,11.977051734924316,-0.03270113840699196,3.0982378448559627,0.00011256251949000717,-0.000957236995721683,0.0,-0.0,0.0,0.009504495162982494,-0.0010633625322952868,0.01,0,True,0.0,0.0
687.76,11.977051734924316,-0.03270113840699196,3.0982378448559627,0.00011256251949000717,-0.000957236995721683,0.0,-0.0,0.0,0.009504495162982494,-0.0010633625322952868,0.01,0,True,0.0,0.0
687.78,11.977051734924316,-0.03270113840699196,3.0982378448559627,0.00011256251949000717,-0.000957236995721683,0.0,-0.0,0.0,0.009504495162982494,-0.0010633625322952868,0.01,0,True,0.0,0.0
687.8,11.977051734924316,-0.03270113840699196,3.0982378448559627,0.00011256251949000717,-0.000957236995721683,0.0,-0.0,0.0,0.009504495162982494,-0.0010633625322952868,0.01,0,True,0.0,0.0
687.82,11.977051734924316,-0.03270113840699196,3.0982378448559627,0.00011256251949000717,-0.000957236995721683,0.0,-0.0,0.0,0.009504495162982494,-0.0010633625322952868,0.01,0,True,0.0,0.0
687.84,11.977051734924316,-0.03270113840699196,3.0982378448559627,0.00011256251949000717,-0.000957236995721683,0.0,-0.0,0.0,0.009504495162982494,-0.0010633625322952868,0.01,0,True,0.0,0.0
687.86,11.977051734924316,-0.03270113840699196,3.0982378448559627,0.00011256251949000717,-0.000957236995721683,0.0,-0.0,0.0,0.009504495162982494,-0.0010633625322952868,0.01,0,True,0.0,0.0
687.88,11.977051734924316,-0.03270113840699196,3.0982378448559627,0.00011256251949000717,-0.000957236995721683,0.0,-0.0,0.0,0.009504495162982494,-0.0010633625322952868,0.01,0,True,0.0,0.0
687.9,11.977051734924316,-0.03270113840699196,3.0982378448559627,0.00011256251949000717,-0.000957236995721683,0.0,-0.0,0.0,0.009504495162982494,-0.0010633625322952868,0.01,0,True,0.0,0.0
687.92,11.977051734924316,-0.03270113840699196,3.0982378448559627,0.00011256251949000717,-0.000957236995721683,0.0,-0.0,0.0,0.009504495162982494,-0.0010633625322952868,0.01,0,True,0.0,0.0
687.94,11.977051734924316,-0.03270113840699196,3.0982378448559627,0.00011256251949000717,-0.000957236995721683,0.0,-0.0,0.0,0.009504495162982494,-0.0010633625322952868,0.01,0,True,0.0,0.0
687.96,11.977051734924316,-0.03270113840699196,3.0982378448559627,0.00011256251949000717,-0.000957236995721683,0.0,-0.0,0.0,0.009504495162982494,-0.0010633625322952868,0.01,0,True,0.0,0.0
687.98,11.977051734924316,-0.03270113840699196,3.0982378448559627,0.00011256251949000717,-0.000957236995721683,0.0,-0.0,0.0,0.009504495162982494,-0.0010633625322952868,0.01,0,True,0.0,0.0
688.0,11.977051734924316,-0.03270113840699196,3.0982378448559627,0.00011256251949000717,-0.000957236995721683,0.0,-0.0,0.0,0.009504495162982494,-0.0010633625322952868,0.01,0,True,0.0,0.0
688.02,11.977051734924316,-0.03270113840699196,3.0982378448559627,0.00011256251949000717,-0.000957236995721683,0.0,-0.0,0.0,0.009504495162982494,-0.0010633625322952868,0.01,0,True,0.0,0.0
688.04,11.977051734924316,-0.03270113840699196,3.0982378448559627,0.00011256251949000717,-0.000957236995721683,0.0,-0.0,0.0,0.009504495162982494,-0.0010633625322952868,0.01,0,True,0.0,0.0
688.06,11.977051734924316,-0.03270113840699196,3.0982378448559627,0.00011256251949000717,-0.000957236995721683,0.0,-0.0,0.0,0.009504495162982494,-0.0010633625322952868,0.01,0,True,0.0,0.0
688.08,11.977051734924316,-0.03270113840699196,3.0982378448559627,0.00011256251949000717,-0.000957236995721683,0.0,-0.0,0.0,0.009504495162982494,-0.0010633625322952868,0.01,0,True,0.0,0.0
688.1,11.977051734924316,-0.03270113840699196,3.0982378448559627,0.00011256251949000717,-0.000957236995721683,0.0,-0.0,0.0,0.009504495162982494,-0.0010633625322952868,0.01,0,True,0.0,0.0
688.12,11.977051734924316,-0.03270113840699196,3.0982378448559627,0.00011256251949000717,-0.000957236995721683,0.0,-0.0,0.0,0.009504495162982494,-0.0010633625322952868,0.01,0,True,0.0,0.0
688.14,11.977051734924316,-0.03270113840699196,3.0982378448559627,0.00011256251949000717,-0.000957236995721683,0.0,-0.0,0.0,0.009504495162982494,-0.0010633625322952868,0.01,0,True,0.0,0.0
688.16,11.977051734924316,-0.03270113840699196,3.0982378448559627,0.00011256251949000717,-0.000957236995721683,0.0,-0.0,0.0,0.009504495162982494,-0.0010633625322952868,0.01,0,True,0.0,0.0
688.18,11.977051734924316,-0.03270113840699196,3.0982378448559627,0.00011256251949000717,-0.000957236995721683,0.0,-0.0,0.0,0.009504495162982494,-0.0010633625322952868,0.01,0,True,0.0,0.0
688.2,11.977051734924316,-0.03270113840699196,3.0982378448559627,0.00011256251949000717,-0.000957236995721683,0.0,-0.0,0.0,0.009504495162982494,-0.0010633625322952868,0.01,0,True,0.0,0.0
688.22,11.977051734924316,-0.03270113840699196,3.0982378448559627,0.00011256251949000717,-0.000957236995721683,0.0,-0.0,0.0,0.009504495162982494,-0.0010633625322952868,0.01,0,True,0.0,0.0
688.24,11.977051734924316,-0.03270113840699196,3.0982378448559627,0.00011256251949000717,-0.000957236995721683,0.0,-0.0,0.0,0.009504495162982494,-0.0010633625322952868,0.01,0,True,0.0,0.0
688.26,11.977051734924316,-0.03270113840699196,3.0982378448559627,0.00011256251949000717,-0.000957236995721683,0.0,-0.0,0.0,0.009504495162982494,-0.0010633625322952868,0.01,0,True,0.0,0.0
688.28,11.977051734924316,-0.03270113840699196,3.0982378448559627,0.00011256251949000717,-0.000957236995721683,0.0,-0.0,0.0,0.009504495162982494,-0.0010633625322952868,0.01,0,True,0.0,0.0
688.3,11.977051734924316,-0.03270113840699196,3.0982378448559627,0.00011256251949000717,-0.000957236995721683,0.0,-0.0,0.0,0.009504495162982494,-0.0010633625322952868,0.01,0,True,0.0,0.0
688.32,11.977051734924316,-0.03270113840699196,3.0982378448559627,0.00011256251949000717,-0.000957236995721683,0.0,-0.0,0.0,0.009504495162982494,-0.0010633625322952868,0.01,0,True,0.0,0.0
688.34,11.977051734924316,-0.03270113840699196,3.0982378448559627,0.00011256251949000717,-0.000957236995721683,0.0,-0.0,0.0,0.009504495162982494,-0.0010633625322952868,0.01,0,True,0.0,0.0
688.36,11.977051734924316,-0.03270113840699196,3.0982378448559627,0.00011256251949000717,-0.000957236995721683,0.0,-0.0,0.0,0.009504495162982494,-0.0010633625322952868,0.01,0,True,0.0,0.0
688.38,11.977051734924316,-0.03270113840699196,3.0982378448559627,0.00011256251949000717,-0.000957236995721683,0.0,-0.0,0.0,0.009504495162982494,-0.0010633625322952868,0.01,0,True,0.0,0.0
688.4,11.977051734924316,-0.03270113840699196,3.0982378448559627,0.00011256251949000717,-0.000957236995721683,0.0,-0.0,0.0,0.009504495162982494,-0.0010633625322952868,0.01,0,True,0.0,0.0
688.42,11.977051734924316,-0.03270113840699196,3.0982378448559627,0.00011256251949000717,-0.000957236995721683,0.0,-0.0,0.0,0.009504495162982494,-0.0010633625322952868,0.01,0,True,0.0,0.0
688.44,11.977051734924316,-0.03270113840699196,3.0982378448559627,0.00011256251949000717,-0.000957236995721683,0.0,-0.0,0.0,0.009504495162982494,-0.0010633625322952868,0.01,0,True,0.0,0.0
688.46,11.977051734924316,-0.03270113840699196,3.0982378448559627,0.00011256251949000717,-0.000957236995721683,0.0,-0.0,0.0,0.009504495162982494,-0.0010633625322952868,0.01,0,True,0.0,0.0
688.48,11.977051734924316,-0.03270113840699196,3.0982378448559627,0.00011256251949000717,-0.000957236995721683,0.0,-0.0,0.0,0.009504495162982494,-0.0010633625322952868,0.01,0,True,0.0,0.0
688.5,11.977051734924316,-0.03270113840699196,3.0982378448559627,0.00011256251949000717,-0.000957236995721683,0.0,-0.0,0.0,0.009504495162982494,-0.0010633625322952868,0.01,0,True,0.0,0.0
688.52,11.977051734924316,-0.03270113840699196,3.0982378448559627,0.00011256251949000717,-0.000957236995721683,0.0,-0.0,0.0,0.009504495162982494,-0.0010633625322952868,0.01,0,True,0.0,0.0
688.54,11.977051734924316,-0.03270113840699196,3.0982378448559627,0.00011256251949000717,-0.000957236995721683,0.0,-0.0,0.0,0.009504495162982494,-0.0010633625322952868,0.01,0,True,0.0,0.0
688.56,11.977051734924316,-0.03270113840699196,3.0982378448559627,0.00011256251949000717,-0.000957236995721683,0.0,-0.0,0.0,0.009504495162982494,-0.0010633625322952868,0.01,0,True,0.0,0.0
688.58,11.977051734924316,-0.03270113840699196,3.0982378448559627,0.00011256251949000717,-0.000957236995721683,0.0,-0.0,0.0,0.009504495162982494,-0.0010633625322952868,0.01,0,True,0.0,0.0
688.6,11.977051734924316,-0.03270113840699196,3.0982378448559627,0.00011256251949000717,-0.000957236995721683,0.0,-0.0,0.0,0.009504495162982494,-0.0010633625322952868,0.01,0,True,0.0,0.0
688.62,11.977051734924316,-0.03270113840699196,3.0982378448559627,0.00011256251949000717,-0.000957236995721683,0.0,-0.0,0.0,0.009504495162982494,-0.0010633625322952868,0.01,0,True,0.0,0.0
688.64,11.977051734924316,-0.03270113840699196,3.0982378448559627,0.00011256251949000717,-0.000957236995721683,0.0,-0.0,0.0,0.009504495162982494,-0.0010633625322952868,0.01,0,True,0.0,0.0
688.66,11.977051734924316,-0.03270113840699196,3.0982378448559627,0.00011256251949000717,-0.000957236995721683,0.0,-0.0,0.0,0.009504495162982494,-0.0010633625322952868,0.01,0,True,0.0,0.0
688.68,11.977051734924316,-0.03270113840699196,3.0982378448559627,0.00011256251949000717,-0.000957236995721683,0.0,-0.0,0.0,0.009504495162982494,-0.0010633625322952868,0.01,0,True,0.0,0.0
688.7,11.977051734924316,-0.03270113840699196,3.0982378448559627,0.00011256251949000717,-0.000957236995721683,0.0,-0.0,0.0,0.009504495162982494,-0.0010633625322952868,0.01,0,True,0.0,0.0
688.72,11.977051734924316,-0.03270113840699196,3.0982378448559627,0.00011256251949000717,-0.000957236995721683,0.0,-0.0,0.0,0.009504495162982494,-0.0010633625322952868,0.01,0,True,0.0,0.0
688.74,11.977051734924316,-0.03270113840699196,3.0982378448559627,0.00011256251949000717,-0.000957236995721683,0.0,-0.0,0.0,0.009504495162982494,-0.0010633625322952868,0.01,0,True,0.0,0.0
688.76,11.977051734924316,-0.03270113840699196,3.0982378448559627,0.00011256251949000717,-0.000957236995721683,0.0,-0.0,0.0,0.009504495162982494,-0.0010633625322952868,0.01,0,True,0.0,0.0
688.78,11.977051734924316,-0.03270113840699196,3.0982378448559627,0.00011256251949000717,-0.000957236995721683,0.0,-0.0,0.0,0.009504495162982494,-0.0010633625322952868,0.01,0,True,0.0,0.0
688.8,11.977051734924316,-0.03270113840699196,3.0982378448559627,0.00011256251949000717,-0.000957236995721683,0.0,-0.0,0.0,0.009504495162982494,-0.0010633625322952868,0.01,0,True,0.0,0.0
688.82,11.977051734924316,-0.03270113840699196,3.0982378448559627,0.00011256251949000717,-0.000957236995721683,0.0,-0.0,0.0,0.009504495162982494,-0.0010633625322952868,0.01,0,True,0.0,0.0
688.84,11.977051734924316,-0.03270113840699196,3.0982378448559627,0.00011256251949000717,-0.000957236995721683,0.0,-0.0,0.0,0.009504495162982494,-0.0010633625322952868,0.01,0,True,0.0,0.0
688.86,11.977051734924316,-0.03270113840699196,3.0982378448559627,0.00011256251949000717,-0.000957236995721683,0.0,-0.0,0.0,0.009504495162982494,-0.0010633625322952868,0.01,0,True,0.0,0.0
688.88,11.977051734924316,-0.03270113840699196,3.0982378448559627,0.00011256251949000717,-0.000957236995721683,0.0,-0.0,0.0,0.009504495162982494,-0.0010633625322952868,0.01,0,True,0.0,0.0
688.9,11.977051734924316,-0.03270113840699196,3.0982378448559627,0.00011256251949000717,-0.000957236995721683,0.0,-0.0,0.0,0.009504495162982494,-0.0010633625322952868,0.01,0,True,0.0,0.0
688.92,11.977051734924316,-0.03270113840699196,3.0982378448559627,0.00011256251949000717,-0.000957236995721683,0.0,-0.0,0.0,0.009504495162982494,-0.0010633625322952868,0.01,0,True,0.0,0.0
688.94,11.977051734924316,-0.03270113840699196,3.0982378448559627,0.00011256251949000717,-0.000957236995721683,0.0,-0.0,0.0,0.009504495162982494,-0.0010633625322952868,0.01,0,True,0.0,0.0
688.96,11.977051734924316,-0.03270113840699196,3.0982378448559627,0.00011256251949000717,-0.000957236995721683,0.0,-0.0,0.0,0.009504495162982494,-0.0010633625322952868,0.01,0,True,0.0,0.0
688.98,11.977051734924316,-0.03270113840699196,3.0982378448559627,0.00011256251949000717,-0.000957236995721683,0.0,-0.0,0.0,0.009504495162982494,-0.0010633625322952868,0.01,0,True,0.0,0.0
689.0,11.977051734924316,-0.03270113840699196,3.0982378448559627,0.00011256251949000717,-0.000957236995721683,0.0,-0.0,0.0,0.009504495162982494,-0.0010633625322952868,0.01,0,True,0.0,0.0
689.02,11.977051734924316,-0.03270113840699196,3.0982378448559627,0.00011256251949000717,-0.000957236995721683,0.0,-0.0,0.0,0.009504495162982494,-0.0010633625322952868,0.01,0,True,0.0,0.0
689.04,11.977051734924316,-0.03270113840699196,3.0982378448559627,0.00011256251949000717,-0.000957236995721683,0.0,-0.0,0.0,0.009504495162982494,-0.0010633625322952868,0.01,0,True,0.0,0.0
689.06,11.977051734924316,-0.03270113840699196,3.0982378448559627,0.00011256251949000717,-0.000957236995721683,0.0,-0.0,0.0,0.009504495162982494,-0.0010633625322952868,0.01,0,True,0.0,0.0
689.08,11.977051734924316,-0.03270113840699196,3.0982378448559627,0.00011256251949000717,-0.000957236995721683,0.0,-0.0,0.0,0.009504495162982494,-0.0010633625322952868,0.01,0,True,0.0,0.0
689.1,11.977051734924316,-0.03270113840699196,3.0982378448559627,0.00011256251949000717,-0.000957236995721683,0.0,-0.0,0.0,0.009504495162982494,-0.0010633625322952868,0.01,0,True,0.0,0.0
689.12,11.977051734924316,-0.03270113840699196,3.0982378448559627,0.00011256251949000717,-0.000957236995721683,0.0,-0.0,0.0,0.009504495162982494,-0.0010633625322952868,0.01,0,True,0.0,0.0
689.14,11.977051734924316,-0.03270113840699196,3.0982378448559627,0.00011256251949000717,-0.000957236995721683,0.0,-0.0,0.0,0.009504495162982494,-0.0010633625322952868,0.01,0,True,0.0,0.0
689.16,11.977051734924316,-0.03270113840699196,3.0982378448559627,0.00011256251949000717,-0.000957236995721683,0.0,-0.0,0.0,0.009504495162982494,-0.0010633625322952868,0.01,0,True,0.0,0.0
689.18,11.977051734924316,-0.03270113840699196,3.0982378448559627,0.00011256251949000717,-0.000957236995721683,0.0,-0.0,0.0,0.009504495162982494,-0.0010633625322952868,0.01,0,True,0.0,0.0
689.2,11.977051734924316,-0.03270113840699196,3.0982378448559627,0.00011256251949000717,-0.000957236995721683,0.0,-0.0,0.0,0.009504495162982494,-0.0010633625322952868,0.01,0,True,0.0,0.0
689.22,11.977051734924316,-0.03270113840699196,3.0982378448559627,0.00011256251949000717,-0.000957236995721683,0.0,-0.0,0.0,0.009504495162982494,-0.0010633625322952868,0.01,0,True,0.0,0.0
689.24,11.977051734924316,-0.03270113840699196,3.0982378448559627,0.00011256251949000717,-0.000957236995721683,0.0,-0.0,0.0,0.009504495162982494,-0.0010633625322952868,0.01,0,True,0.0,0.0
689.26,11.977051734924316,-0.03270113840699196,3.0982378448559627,0.00011256251949000717,-0.000957236995721683,0.0,-0.0,0.0,0.009504495162982494,-0.0010633625322952868,0.01,0,True,0.0,0.0
689.28,11.977051734924316,-0.03270113840699196,3.0982378448559627,0.00011256251949000717,-0.000957236995721683,0.0,-0.0,0.0,0.009504495162982494,-0.0010633625322952868,0.01,0,True,0.0,0.0
689.3,11.977051734924316,-0.03270113840699196,3.0982378448559627,0.00011256251949000717,-0.000957236995721683,0.0,-0.0,0.0,0.009504495162982494,-0.0010633625322952868,0.01,0,True,0.0,0.0
689.32,11.977051734924316,-0.03270113840699196,3.0982378448559627,0.00011256251949000717,-0.000957236995721683,0.0,-0.0,0.0,0.009504495162982494,-0.0010633625322952868,0.01,0,True,0.0,0.0
689.34,11.977051734924316,-0.03270113840699196,3.0982378448559627,0.00011256251949000717,-0.000957236995721683,0.0,-0.0,0.0,0.009504495162982494,-0.0010633625322952868,0.01,0,True,0.0,0.0
689.36,11.977051734924316,-0.03270113840699196,3.0982378448559627,0.00011256251949000717,-0.000957236995721683,0.0,-0.0,0.0,0.009504495162982494,-0.0010633625322952868,0.01,0,True,0.0,0.0
689.38,11.977051734924316,-0.03270113840699196,3.0982378448559627,0.00011256251949000717,-0.000957236995721683,0.0,-0.0,0.0,0.009504495162982494,-0.0010633625322952868,0.01,0,True,0.0,0.0
689.4,11.977051734924316,-0.03270113840699196,3.0982378448559627,0.00011256251949000717,-0.000957236995721683,0.0,-0.0,0.0,0.009504495162982494,-0.0010633625322952868,0.01,0,True,0.0,0.0
689.42,11.977051734924316,-0.03270113840699196,3.0982378448559627,0.00011256251949000717,-0.000957236995721683,0.0,-0.0,0.0,0.009504495162982494,-0.0010633625322952868,0.01,0,True,0.0,0.0
689.44,11.977051734924316,-0.03270113840699196,3.0982378448559627,0.00011256251949000717,-0.000957236995721683,0.0,-0.0,0.0,0.009504495162982494,-0.0010633625322952868,0.01,0,True,0.0,0.0
689.46,11.977051734924316,-0.03270113840699196,3.0982378448559627,0.00011256251949000717,-0.000957236995721683,0.0,-0.0,0.0,0.009504495162982494,-0.0010633625322952868,0.01,0,True,0.0,0.0
689.48,11.977051734924316,-0.03270113840699196,3.0982378448559627,0.00011256251949000717,-0.000957236995721683,0.0,-0.0,0.0,0.009504495162982494,-0.0010633625322952868,0.01,0,True,0.0,0.0
689.5,11.977051734924316,-0.03270113840699196,3.0982378448559627,0.00011256251949000717,-0.000957236995721683,0.0,-0.0,0.0,0.009504495162982494,-0.0010633625322952868,0.01,0,True,0.0,0.0
689.52,11.977051734924316,-0.03270113840699196,3.0982378448559627,0.00011256251949000717,-0.000957236995721683,0.0,-0.0,0.0,0.009504495162982494,-0.0010633625322952868,0.01,0,True,0.0,0.0
689.54,11.977051734924316,-0.03270113840699196,3.0982378448559627,0.00011256251949000717,-0.000957236995721683,0.0,-0.0,0.0,0.009504495162982494,-0.0010633625322952868,0.01,0,True,0.0,0.0
689.56,11.977051734924316,-0.03270113840699196,3.0982378448559627,0.00011256251949000717,-0.000957236995721683,0.0,-0.0,0.0,0.009504495162982494,-0.0010633625322952868,0.01,0,True,0.0,0.0
689.58,11.977051734924316,-0.03270113840699196,3.0982378448559627,0.00011256251949000717,-0.000957236995721683,0.0,-0.0,0.0,0.009504495162982494,-0.0010633625322952868,0.01,0,True,0.0,0.0
689.6,11.977051734924316,-0.03270113840699196,3.0982378448559627,0.00011256251949000717,-0.000957236995721683,0.0,-0.0,0.0,0.009504495162982494,-0.0010633625322952868,0.01,0,True,0.0,0.0
689.62,11.977051734924316,-0.03270113840699196,3.0982378448559627,0.00011256251949000717,-0.000957236995721683,0.0,-0.0,0.0,0.009504495162982494,-0.0010633625322952868,0.01,0,True,0.0,0.0
689.64,11.977051734924316,-0.03270113840699196,3.0982378448559627,0.00011256251949000717,-0.000957236995721683,0.0,-0.0,0.0,0.009504495162982494,-0.0010633625322952868,0.01,0,True,0.0,0.0
689.66,11.977051734924316,-0.03270113840699196,3.0982378448559627,0.00011256251949000717,-0.000957236995721683,0.0,-0.0,0.0,0.009504495162982494,-0.0010633625322952868,0.01,0,True,0.0,0.0
689.68,11.977051734924316,-0.03270113840699196,3.0982378448559627,0.00011256251949000717,-0.000957236995721683,0.0,-0.0,0.0,0.009504495162982494,-0.0010633625322952868,0.01,0,True,0.0,0.0
689.7,11.977051734924316,-0.03270113840699196,3.0982378448559627,0.00011256251949000717,-0.000957236995721683,0.0,-0.0,0.0,0.009504495162982494,-0.0010633625322952868,0.01,0,True,0.0,0.0
689.72,11.977051734924316,-0.03270113840699196,3.0982378448559627,0.00011256251949000717,-0.000957236995721683,0.0,-0.0,0.0,0.009504495162982494,-0.0010633625322952868,0.01,0,True,0.0,0.0
689.74,11.977051734924316,-0.03270113840699196,3.0982378448559627,0.00011256251949000717,-0.000957236995721683,0.0,-0.0,0.0,0.009504495162982494,-0.0010633625322952868,0.01,0,True,0.0,0.0
689.76,11.977051734924316,-0.03270113840699196,3.0982378448559627,0.00011256251949000717,-0.000957236995721683,0.0,-0.0,0.0,0.009504495162982494,-0.0010633625322952868,0.01,0,True,0.0,0.0
689.78,11.977051734924316,-0.03270113840699196,3.0982378448559627,0.00011256251949000717,-0.000957236995721683,0.0,-0.0,0.0,0.009504495162982494,-0.0010633625322952868,0.01,0,True,0.0,0.0
689.8,11.977051734924316,-0.03270113840699196,3.0982378448559627,0.00011256251949000717,-0.000957236995721683,0.0,-0.0,0.0,0.009504495162982494,-0.0010633625322952868,0.01,0,True,0.0,0.0
689.82,11.977051734924316,-0.03270113840699196,3.0982378448559627,0.00011256251949000717,-0.000957236995721683,0.0,-0.0,0.0,0.009504495162982494,-0.0010633625322952868,0.01,0,True,0.0,0.0
689.84,11.977051734924316,-0.03270113840699196,3.0982378448559627,0.00011256251949000717,-0.000957236995721683,0.0,-0.0,0.0,0.009504495162982494,-0.0010633625322952868,0.01,0,True,0.0,0.0
689.86,11.977051734924316,-0.03270113840699196,3.0982378448559627,0.00011256251949000717,-0.000957236995721683,0.0,-0.0,0.0,0.009504495162982494,-0.0010633625322952868,0.01,0,True,0.0,0.0
689.88,11.977051734924316,-0.03270113840699196,3.0982378448559627,0.00011256251949000717,-0.000957236995721683,0.0,-0.0,0.0,0.009504495162982494,-0.0010633625322952868,0.01,0,True,0.0,0.0
689.9,11.977051734924316,-0.03270113840699196,3.0982378448559627,0.00011256251949000717,-0.000957236995721683,0.0,-0.0,0.0,0.009504495162982494,-0.0010633625322952868,0.01,0,True,0.0,0.0
689.92,11.977051734924316,-0.03270113840699196,3.0982378448559627,0.00011256251949000717,-0.000957236995721683,0.0,-0.0,0.0,0.009504495162982494,-0.0010633625322952868,0.01,0,True,0.0,0.0
689.94,11.977051734924316,-0.03270113840699196,3.0982378448559627,0.00011256251949000717,-0.000957236995721683,0.0,-0.0,0.0,0.009504495162982494,-0.0010633625322952868,0.01,0,True,0.0,0.0
689.96,11.977051734924316,-0.03270113840699196,3.0982378448559627,0.00011256251949000717,-0.000957236995721683,0.0,-0.0,0.0,0.009504495162982494,-0.0010633625322952868,0.01,0,True,0.0,0.0
689.98,11.977051734924316,-0.03270113840699196,3.0982378448559627,0.00011256251949000717,-0.000957236995721683,0.0,-0.0,0.0,0.009504495162982494,-0.0010633625322952868,0.01,0,True,0.0,0.0
690.0,11.977051734924316,-0.03270113840699196,3.0982378448559627,0.00011256251949000717,-0.000957236995721683,0.0,-0.0,0.0,0.009504495162982494,-0.0010633625322952868,0.01,0,True,0.0,0.0
690.02,11.977051734924316,-0.03270113840699196,3.0982378448559627,0.00011256251949000717,-0.000957236995721683,0.0,-0.0,0.0,0.009504495162982494,-0.0010633625322952868,0.01,0,True,0.0,0.0
690.04,11.977051734924316,-0.03270113840699196,3.0982378448559627,0.00011256251949000717,-0.000957236995721683,0.0,-0.0,0.0,0.009504495162982494,-0.0010633625322952868,0.01,0,True,0.0,0.0
690.06,11.977051734924316,-0.03270113840699196,3.0982378448559627,0.00011256251949000717,-0.000957236995721683,0.0,-0.0,0.0,0.009504495162982494,-0.0010633625322952868,0,0,True,-0.020103946376766418,-0.002392106280347023
690.08,11.977051734924316,-0.03270113840699196,3.0982378448559627,0.00011256251949000717,-0.000957236995721683,0.0,-0.0,0.0,0.009504495162982494,-0.0010633625322952868,0,0,True,-0.04577918613681308,-0.001290133701051757
690.1,11.977051734924316,-0.03270113840699196,3.0982378448559627,0.00011256251949000717,-0.000957236995721683,-0.0016083157101421362,-5.816606906697037e-05,-0.00019136850242785976,0.009504495162982494,-0.0010633625322952868,0,0,True,-0.07204867903474294,0.0006341413398560949
690.12,11.977051734924316,-0.03270113840699196,3.0982378448559627,0.00011256251949000717,-0.000957236995721683,-0.00366233489094692,-1.9189435898749464e-05,-0.00010321069608419336,0.009504495162982494,-0.0010633625322952868,0,0,True,-0.09536221351637586,0.003400775441324243
690.14,11.977180480957031,-0.032702066004276276,3.0982225353757684,1.326042110602506e-05,-0.0009757868731285191,-0.005763894322782384,1.5352688021787273e-05,5.073130718851355e-05,0.009504495162982494,-0.0010633625322952868,0,0,True,-0.07327429547952269,0.013177187815632513
690.16,11.977344512939453,-0.03271230310201645,3.098229588000276,5.430067966923087e-06,-0.0010328141039978084,-0.00762897708130313,9.99321974716134e-05,0.000272062035305692,-0.005841177217662335,-0.006079500168561936,0,0,True,-0.04443564349388593,0.012586739637626744
690.18,11.97751235961914,-0.032722357660532,3.0982419033605377,-1.2993785052186282e-06,-0.0011356240483708783,-0.00747025934849862,0.00029213876034042674,0.0008628065228217824,-0.008617661669850351,-0.008544841557741167,0,0,True,-0.0267541412335131,0.0042104616729213935
690.2,11.9776611328125,-0.03273558244109154,3.098259609818787,-7.547538211797534e-06,-0.0013203705621787699,-0.007217186370459613,0.00023477418162576498,0.0009037284749264613,-0.009254297465085983,-0.009232285842299463,0,0,True,-0.002462647977712635,0.007633404937806388
690.22,11.977776527404785,-0.03275131434202194,3.098291559897594,-3.171147152279695e-05,-0.0015506728149328535,-0.007904225621464527,0.00011924117308630453,0.0003875682410223974,-0.003467345088720322,-0.009744843989610672,0,0,True,0.006294354816108519,-0.02194172193908279
690.24,11.977920532226562,-0.032756078988313675,3.09830188627827,0.000117304698998595,-0.0015285896504699972,-0.007825988919520242,0.00024142693999403393,0.0008827344303305154,-0.00024135883897542955,-0.007909330725669862,0,0,True,0.005269405798485698,-0.027893383978555564
690.26,11.978143692016602,-0.03275926038622856,3.0982729088198195,0.00019490932071384502,-0.0010808044247604526,-0.0069667109632096805,-0.00031331126119361316,-0.000892531232305739,-0.005696674473583699,-0.006357920728623867,0,0,True,0.03631722345679184,-0.0057711121358878445
690.28,11.978285789489746,-0.032781973481178284,3.0983302285732135,0.0002873571558961931,-0.0011369859677573555,-0.006795633906581141,-0.00040636880211690057,-0.0013277422433559541,-0.009970499500632286,-0.010545989349484445,0,0,True,0.04017816879688487,-0.027846021573075766
690.3,11.978334426879883,-0.032750409096479416,3.09822015739901,0.0001278948225510969,-0.001345089025237823,-0.004998847744923821,-1.6665551965009686e-05,-7.412072984821033e-05,-0.007453872933983804,-0.0072127928584814075,0,0,True,0.06300914049085453,0.015411330541587139
690.32,11.97846508026123,-0.03274711221456528,3.0981956668988015,8.953752772064012e-06,-0.0009560712489561047,-0.004611735415767808,-0.0004132222988194941,-0.0013449472955166855,-0.002653322368860245,-0.004227530993521214,0,0,True,0.09383238793871479,0.0303950626822393
690.34,11.978543281555176,-0.03277526795864105,3.0982669791614317,-1.820519320315751e-05,-0.000905620218768213,-0.0019259797239387392,0.00011319702132804963,0.00034037521102186287,-0.003787995837628842,-0.005276315063238144,0,0,True,0.08041790106307703,0.010819133561757113
690.36,11.978655815124512,-0.03276495262980461,3.098222632789572,7.588679193231398e-05,-0.00043500191488381407,0.0007109571285198833,0.00038951719608959625,0.0011038627712244337,-0.0025484874844551087,-0.0028788961283862592,0,0,True,0.10156435315689515,0.023371586629151595
690.38,11.978487968444824,-0.032766129821538925,3.0982473874158916,1.65258360924731e-06,-0.0010047112097315138,0.0014345843401256323,0.00021221209475170315,0.0007914099550928015,-0.0003889212012290955,-0.0024251991882920268,0,0,True,0.05198978803768452,0.005287882930764982
690.4,11.97840690612793,-0.03277577832341194,3.0982839759204994,-6.74676385864929e-05,-0.0012863941873104533,0.0035134128367764143,0.00015141749182180853,0.0005247796348137415,0.007753057070076466,0.006956523172557355,0,0,True,0.019407905666549184,-0.01980413647385761
690.42,11.97842788696289,-0.0327872559428215,3.098330291957839,6.550973128779608e-05,-0.0009958465997262655,0.0022332033190722396,0.0002317023867848875,0.0007634058454826767,0.0023952244222164155,0.002209424525499344,0,0,True,0.026819894554779202,-0.05481235095079711
690.44,11.978374481201172,-0.03276488557457924,3.0982646151603572,-2.072311991102169e-05,-0.0008352741844264947,0.0022635895818446123,-0.00019415219522029415,-0.0004804681466849854,0.0004602313227951527,0.0017697553988546134,0,0,True,-0.005838019043045799,0.007522660391916057
690.46,11.97830867767334,-0.03277692198753357,3.09830845988353,-1.5793510176523178e-06,-0.0007933426815431425,0.003580175904509066,0.0013649120433343019,-0.003593578120973211,0.005416503623127938,0.0033067439496517184,0,0,True,0.003572327515132103,-0.02134460109457829
690.48,11.978226661682129,-0.03275241702795029,3.0982455384687646,-0.00039208627233907803,-0.0007697324363436129,0.0030463713133325114,0.0007405333486649784,0.001126592466167334,0.0037418340146541597,0.0036984477005898957,0,0,True,-0.009777208693040867,0.00403529486464485
690.5,11.978137016296387,-0.03288395330309868,3.098042805708161,0.00019862407673710582,-0.000873430059928549,0.002518989520282954,-0.00030333626840447055,-0.0009441622420844602,0.007248765081167222,0.0048363741487264635,0,0,True,-0.03933752630826543,0.07462616338760525
690.52,11.978128433227539,-0.03281351178884506,3.0983547425576505,0.00047988876525113794,-0.0008521742672622521,0.0014814128864020543,-4.240999872035833e-05,-0.00015764455751369105,0.003851673733443022,0.004762916192412377,0,0,True,-0.03448190166607614,-0.03311610168445766
690.54,11.978108406066895,-0.0327439047396183,3.0982329269041635,0.00023371110480389242,-0.0010417116042157118,0.0004331737998506933,-0.0017334598848328686,0.002376514950029779,0.001084059253334999,0.002175345104187727,0,0,True,-0.03148736900352082,0.011802028026049715
690.56,11.978108406066895,-0.0327439047396183,3.0982329269041635,0.00023371110480389242,-0.0010417116042157118,0.0002878191800489293,-0.0008584190802489918,-0.001522695668586869,0.002101659625768662,0.002492587780579925,0,0,True,-0.018517661080016207,0.00197055696892013
690.58,11.978108406066895,-0.0327439047396183,3.0982329269041635,0.00023371110480389242,-0.0010417116042157118,0.0,-0.0,0.0,-0.002248464319854975,-0.002921812012791634,0,0,True,-0.0054146724981308965,-0.02970643687535704
690.6,11.978108406066895,-0.0327439047396183,3.0982329269041635,0.00023371110480389242,-0.0010417116042157118,0.0,-0.0,0.0,-0.002248464319854975,-0.002921812012791634,0,0,True,-0.0035977397506097757,0.019033695857326123
690.62,11.978108406066895,-0.0327439047396183,3.0982329269041635,0.00023371110480389242,-0.0010417116042157118,0.0,-0.0,0.0,-0.002248464319854975,-0.002921812012791634,0,0,True,0.0,0.0
690.64,11.978108406066895,-0.0327439047396183,3.0982329269041635,0.00023371110480389242,-0.0010417116042157118,0.0,-0.0,0.0,-0.002248464319854975,-0.002921812012791634,0,0,True,0.0,0.0
690.66,11.978108406066895,-0.0327439047396183,3.0982329269041635,0.00023371110480389242,-0.0010417116042157118,0.0,-0.0,0.0,-0.002248464319854975,-0.002921812012791634,0,0,True,0.0,0.0
690.68,11.978108406066895,-0.0327439047396183,3.0982329269041635,0.00023371110480389242,-0.0010417116042157118,0.0,-0.0,0.0,-0.002248464319854975,-0.002921812012791634,0,0,True,0.0,0.0
690.7,11.978108406066895,-0.0327439047396183,3.0982329269041635,0.00023371110480389242,-0.0010417116042157118,0.0,-0.0,0.0,-0.002248464319854975,-0.002921812012791634,0,0,True,0.0,0.0
690.72,11.978108406066895,-0.0327439047396183,3.0982329269041635,0.00023371110480389242,-0.0010417116042157118,0.0,-0.0,0.0,-0.002248464319854975,-0.002921812012791634,0,0,True,0.0,0.0
690.74,11.978108406066895,-0.0327439047396183,3.0982329269041635,0.00023371110480389242,-0.0010417116042157118,0.0,-0.0,0.0,-0.002248464319854975,-0.002921812012791634,0,0,True,0.0,0.0
690.76,11.978108406066895,-0.0327439047396183,3.0982329269041635,0.00023371110480389242,-0.0010417116042157118,0.0,-0.0,0.0,-0.002248464319854975,-0.002921812012791634,0,0,True,0.0,0.0
690.78,11.978108406066895,-0.0327439047396183,3.0982329269041635,0.00023371110480389242,-0.0010417116042157118,0.0,-0.0,0.0,-0.002248464319854975,-0.002921812012791634,0,0,True,0.0,0.0
690.8,11.978108406066895,-0.0327439047396183,3.0982329269041635,0.00023371110480389242,-0.0010417116042157118,0.0,-0.0,0.0,-0.002248464319854975,-0.002921812012791634,0,0,True,0.0,0.0
690.82,11.978108406066895,-0.0327439047396183,3.0982329269041635,0.00023371110480389242,-0.0010417116042157118,0.0,-0.0,0.0,-0.002248464319854975,-0.002921812012791634,0,0,True,0.0,0.0
690.84,11.978108406066895,-0.0327439047396183,3.0982329269041635,0.00023371110480389242,-0.0010417116042157118,0.0,-0.0,0.0,-0.002248464319854975,-0.002921812012791634,0,0,True,0.0,0.0
690.86,11.978108406066895,-0.0327439047396183,3.0982329269041635,0.00023371110480389242,-0.0010417116042157118,0.0,-0.0,0.0,-0.002248464319854975,-0.002921812012791634,0,0,True,0.0,0.0
690.88,11.978108406066895,-0.0327439047396183,3.0982329269041635,0.00023371110480389242,-0.0010417116042157118,0.0,-0.0,0.0,-0.002248464319854975,-0.002921812012791634,0,0,True,0.0,0.0
690.9,11.978108406066895,-0.0327439047396183,3.0982329269041635,0.00023371110480389242,-0.0010417116042157118,0.0,-0.0,0.0,-0.002248464319854975,-0.002921812012791634,0,0,True,0.0,0.0
690.92,11.978108406066895,-0.0327439047396183,3.0982329269041635,0.00023371110480389242,-0.0010417116042157118,0.0,-0.0,0.0,-0.002248464319854975,-0.002921812012791634,0,0,True,0.0,0.0
690.94,11.978108406066895,-0.0327439047396183,3.0982329269041635,0.00023371110480389242,-0.0010417116042157118,0.0,-0.0,0.0,-0.002248464319854975,-0.002921812012791634,0,0,True,0.0,0.0
690.96,11.978108406066895,-0.0327439047396183,3.0982329269041635,0.00023371110480389242,-0.0010417116042157118,0.0,-0.0,0.0,-0.002248464319854975,-0.002921812012791634,0,0,True,0.0,0.0
690.98,11.978108406066895,-0.0327439047396183,3.0982329269041635,0.00023371110480389242,-0.0010417116042157118,0.0,-0.0,0.0,-0.002248464319854975,-0.002921812012791634,0,0,True,0.0,0.0
691.0,11.978108406066895,-0.0327439047396183,3.0982329269041635,0.00023371110480389242,-0.0010417116042157118,0.0,-0.0,0.0,-0.002248464319854975,-0.002921812012791634,0,0,True,0.0,0.0
691.02,11.978108406066895,-0.0327439047396183,3.0982329269041635,0.00023371110480389242,-0.0010417116042157118,0.0,-0.0,0.0,-0.002248464319854975,-0.002921812012791634,0,0,True,0.0,0.0
691.04,11.978108406066895,-0.0327439047396183,3.0982329269041635,0.00023371110480389242,-0.0010417116042157118,0.0,-0.0,0.0,-0.002248464319854975,-0.002921812012791634,0,0,True,0.0,0.0
691.06,11.978108406066895,-0.0327439047396183,3.0982329269041635,0.00023371110480389242,-0.0010417116042157118,0.0,-0.0,0.0,-0.002248464319854975,-0.002921812012791634,0,0,True,0.0,0.0
691.08,11.978108406066895,-0.0327439047396183,3.0982329269041635,0.00023371110480389242,-0.0010417116042157118,0.0,-0.0,0.0,-0.002248464319854975,-0.002921812012791634,0,0,True,0.0,0.0
691.1,11.978108406066895,-0.0327439047396183,3.0982329269041635,0.00023371110480389242,-0.0010417116042157118,0.0,-0.0,0.0,-0.002248464319854975,-0.002921812012791634,0,0,True,0.0,0.0
691.12,11.978108406066895,-0.0327439047396183,3.0982329269041635,0.00023371110480389242,-0.0010417116042157118,0.0,-0.0,0.0,-0.002248464319854975,-0.002921812012791634,0,0,True,0.0,0.0
691.14,11.978108406066895,-0.0327439047396183,3.0982329269041635,0.00023371110480389242,-0.0010417116042157118,0.0,-0.0,0.0,-0.002248464319854975,-0.002921812012791634,0,0,True,0.0,0.0
691.16,11.978108406066895,-0.0327439047396183,3.0982329269041635,0.00023371110480389242,-0.0010417116042157118,0.0,-0.0,0.0,-0.002248464319854975,-0.002921812012791634,0,0,True,0.0,0.0
691.18,11.978108406066895,-0.0327439047396183,3.0982329269041635,0.00023371110480389242,-0.0010417116042157118,0.0,-0.0,0.0,-0.002248464319854975,-0.002921812012791634,0,0,True,0.0,0.0
691.2,11.978108406066895,-0.0327439047396183,3.0982329269041635,0.00023371110480389242,-0.0010417116042157118,0.0,-0.0,0.0,-0.002248464319854975,-0.002921812012791634,0,0,True,0.0,0.0
691.22,11.978108406066895,-0.0327439047396183,3.0982329269041635,0.00023371110480389242,-0.0010417116042157118,0.0,-0.0,0.0,-0.002248464319854975,-0.002921812012791634,0,0,True,0.0,0.0
691.24,11.978108406066895,-0.0327439047396183,3.0982329269041635,0.00023371110480389242,-0.0010417116042157118,0.0,-0.0,0.0,-0.002248464319854975,-0.002921812012791634,0,0,True,0.0,0.0
691.26,11.978108406066895,-0.0327439047396183,3.0982329269041635,0.00023371110480389242,-0.0010417116042157118,0.0,-0.0,0.0,-0.002248464319854975,-0.002921812012791634,0,0,True,0.0,0.0
691.28,11.978108406066895,-0.0327439047396183,3.0982329269041635,0.00023371110480389242,-0.0010417116042157118,0.0,-0.0,0.0,-0.002248464319854975,-0.002921812012791634,0,0,True,0.0,0.0
691.3,11.978108406066895,-0.0327439047396183,3.0982329269041635,0.00023371110480389242,-0.0010417116042157118,0.0,-0.0,0.0,-0.002248464319854975,-0.002921812012791634,0,0,True,0.0,0.0
691.32,11.978108406066895,-0.0327439047396183,3.0982329269041635,0.00023371110480389242,-0.0010417116042157118,0.0,-0.0,0.0,-0.002248464319854975,-0.002921812012791634,0,0,True,0.0,0.0
691.34,11.978108406066895,-0.0327439047396183,3.0982329269041635,0.00023371110480389242,-0.0010417116042157118,0.0,-0.0,0.0,-0.002248464319854975,-0.002921812012791634,0,0,True,0.0,0.0
691.36,11.978108406066895,-0.0327439047396183,3.0982329269041635,0.00023371110480389242,-0.0010417116042157118,0.0,-0.0,0.0,-0.002248464319854975,-0.002921812012791634,0,0,True,0.0,0.0
691.38,11.978108406066895,-0.0327439047396183,3.0982329269041635,0.00023371110480389242,-0.0010417116042157118,0.0,-0.0,0.0,-0.002248464319854975,-0.002921812012791634,0,0,True,0.0,0.0
691.4,11.978108406066895,-0.0327439047396183,3.0982329269041635,0.00023371110480389242,-0.0010417116042157118,0.0,-0.0,0.0,-0.002248464319854975,-0.002921812012791634,0,0,True,0.0,0.0
691.42,11.978108406066895,-0.0327439047396183,3.0982329269041635,0.00023371110480389242,-0.0010417116042157118,0.0,-0.0,0.0,-0.002248464319854975,-0.002921812012791634,0,0,True,0.0,0.0
691.44,11.978108406066895,-0.0327439047396183,3.0982329269041635,0.00023371110480389242,-0.0010417116042157118,0.0,-0.0,0.0,-0.002248464319854975,-0.002921812012791634,0,0,True,0.0,0.0
691.46,11.978108406066895,-0.0327439047396183,3.0982329269041635,0.00023371110480389242,-0.0010417116042157118,0.0,-0.0,0.0,-0.002248464319854975,-0.002921812012791634,0,0,True,0.0,0.0
691.48,11.978108406066895,-0.0327439047396183,3.0982329269041635,0.00023371110480389242,-0.0010417116042157118,0.0,-0.0,0.0,-0.002248464319854975,-0.002921812012791634,0,0,True,0.0,0.0
691.5,11.978108406066895,-0.0327439047396183,3.0982329269041635,0.00023371110480389242,-0.0010417116042157118,0.0,-0.0,0.0,-0.002248464319854975,-0.002921812012791634,0,0,True,0.0,0.0
691.52,11.978108406066895,-0.0327439047396183,3.0982329269041635,0.00023371110480389242,-0.0010417116042157118,0.0,-0.0,0.0,-0.002248464319854975,-0.002921812012791634,0,0,True,0.0,0.0
691.54,11.978108406066895,-0.0327439047396183,3.0982329269041635,0.00023371110480389242,-0.0010417116042157118,0.0,-0.0,0.0,-0.002248464319854975,-0.002921812012791634,0,0,True,0.0,0.0
691.56,11.978108406066895,-0.0327439047396183,3.0982329269041635,0.00023371110480389242,-0.0010417116042157118,0.0,-0.0,0.0,-0.002248464319854975,-0.002921812012791634,0,0,True,0.0,0.0
691.58,11.978108406066895,-0.0327439047396183,3.0982329269041635,0.00023371110480389242,-0.0010417116042157118,0.0,-0.0,0.0,-0.002248464319854975,-0.002921812012791634,0,0,True,0.0,0.0
691.6,11.978108406066895,-0.0327439047396183,3.0982329269041635,0.00023371110480389242,-0.0010417116042157118,0.0,-0.0,0.0,-0.002248464319854975,-0.002921812012791634,0,0,True,0.0,0.0
691.62,11.978108406066895,-0.0327439047396183,3.0982329269041635,0.00023371110480389242,-0.0010417116042157118,0.0,-0.0,0.0,-0.002248464319854975,-0.002921812012791634,0,0,True,0.0,0.0
691.64,11.978108406066895,-0.0327439047396183,3.0982329269041635,0.00023371110480389242,-0.0010417116042157118,0.0,-0.0,0.0,-0.002248464319854975,-0.002921812012791634,0,0,True,0.0,0.0
691.66,11.978108406066895,-0.0327439047396183,3.0982329269041635,0.00023371110480389242,-0.0010417116042157118,0.0,-0.0,0.0,-0.002248464319854975,-0.002921812012791634,0,0,True,0.0,0.0
691.68,11.978108406066895,-0.0327439047396183,3.0982329269041635,0.00023371110480389242,-0.0010417116042157118,0.0,-0.0,0.0,-0.002248464319854975,-0.002921812012791634,0,0,True,0.0,0.0
691.7,11.978108406066895,-0.0327439047396183,3.0982329269041635,0.00023371110480389242,-0.0010417116042157118,0.0,-0.0,0.0,-0.002248464319854975,-0.002921812012791634,0,0,True,0.0,0.0
691.72,11.978108406066895,-0.0327439047396183,3.0982329269041635,0.00023371110480389242,-0.0010417116042157118,0.0,-0.0,0.0,-0.002248464319854975,-0.002921812012791634,0,0,True,0.0,0.0
691.74,11.978108406066895,-0.0327439047396183,3.0982329269041635,0.00023371110480389242,-0.0010417116042157118,0.0,-0.0,0.0,-0.002248464319854975,-0.002921812012791634,0,0,True,0.0,0.0
691.76,11.978108406066895,-0.0327439047396183,3.0982329269041635,0.00023371110480389242,-0.0010417116042157118,0.0,-0.0,0.0,-0.002248464319854975,-0.002921812012791634,0,0,True,0.0,0.0
691.78,11.978108406066895,-0.0327439047396183,3.0982329269041635,0.00023371110480389242,-0.0010417116042157118,0.0,-0.0,0.0,-0.002248464319854975,-0.002921812012791634,0,0,True,0.0,0.0
691.8,11.978108406066895,-0.0327439047396183,3.0982329269041635,0.00023371110480389242,-0.0010417116042157118,0.0,-0.0,0.0,-0.002248464319854975,-0.002921812012791634,0,0,True,0.0,0.0
691.82,11.978108406066895,-0.0327439047396183,3.0982329269041635,0.00023371110480389242,-0.0010417116042157118,0.0,-0.0,0.0,-0.002248464319854975,-0.002921812012791634,0,0,True,0.0,0.0
691.84,11.978108406066895,-0.0327439047396183,3.0982329269041635,0.00023371110480389242,-0.0010417116042157118,0.0,-0.0,0.0,-0.002248464319854975,-0.002921812012791634,0,0,True,0.0,0.0
691.86,11.978108406066895,-0.0327439047396183,3.0982329269041635,0.00023371110480389242,-0.0010417116042157118,0.0,-0.0,0.0,-0.002248464319854975,-0.002921812012791634,0,0,True,0.0,0.0
691.88,11.978108406066895,-0.0327439047396183,3.0982329269041635,0.00023371110480389242,-0.0010417116042157118,0.0,-0.0,0.0,-0.002248464319854975,-0.002921812012791634,0,0,True,0.0,0.0
691.9,11.978108406066895,-0.0327439047396183,3.0982329269041635,0.00023371110480389242,-0.0010417116042157118,0.0,-0.0,0.0,-0.002248464319854975,-0.002921812012791634,0,0,True,0.0,0.0
691.92,11.978108406066895,-0.0327439047396183,3.0982329269041635,0.00023371110480389242,-0.0010417116042157118,0.0,-0.0,0.0,-0.002248464319854975,-0.002921812012791634,0,0,True,0.0,0.0
691.94,11.978108406066895,-0.0327439047396183,3.0982329269041635,0.00023371110480389242,-0.0010417116042157118,0.0,-0.0,0.0,-0.002248464319854975,-0.002921812012791634,0,0,True,0.0,0.0
691.96,11.978108406066895,-0.0327439047396183,3.0982329269041635,0.00023371110480389242,-0.0010417116042157118,0.0,-0.0,0.0,-0.002248464319854975,-0.002921812012791634,0,0,True,0.0,0.0
691.98,11.978108406066895,-0.0327439047396183,3.0982329269041635,0.00023371110480389242,-0.0010417116042157118,0.0,-0.0,0.0,-0.002248464319854975,-0.002921812012791634,0,0,True,0.0,0.0
692.0,11.978108406066895,-0.0327439047396183,3.0982329269041635,0.00023371110480389242,-0.0010417116042157118,0.0,-0.0,0.0,-0.002248464319854975,-0.002921812012791634,0,0,True,0.0,0.0
692.02,11.978108406066895,-0.0327439047396183,3.0982329269041635,0.00023371110480389242,-0.0010417116042157118,0.0,-0.0,0.0,-0.002248464319854975,-0.002921812012791634,0,0,True,0.0,0.0
692.04,11.978108406066895,-0.0327439047396183,3.0982329269041635,0.00023371110480389242,-0.0010417116042157118,0.0,-0.0,0.0,-0.002248464319854975,-0.002921812012791634,0,0,True,0.0,0.0
692.06,11.978108406066895,-0.0327439047396183,3.0982329269041635,0.00023371110480389242,-0.0010417116042157118,0.0,-0.0,0.0,-0.002248464319854975,-0.002921812012791634,-0.01,0,True,-0.021845077040150155,0.006350964332276385
692.08,11.978108406066895,-0.0327439047396183,3.0982329269041635,0.00023371110480389242,-0.0010417116042157118,0.0,-0.0,0.0,-0.002248464319854975,-0.002921812012791634,-0.01,0,True,-0.02245387513623424,0.017692842755608163
692.1,11.978108406066895,-0.0327439047396183,3.0982329269041635,0.00023371110480389242,-0.0010417116042157118,-0.0017476061632129066,0.0001270698055256979,0.0005080771465823707,-0.002248464319854975,-0.002921812012791634,-0.01,0,True,-0.029891123557875345,0.00594826990337153
692.12,11.978108406066895,-0.0327439047396183,3.0982329269041635,0.00023371110480389242,-0.0010417116042157118,-0.0017963100108996583,0.00042456536895756666,0.0014154274204493773,-0.002248464319854975,-0.002921812012791634,-0.01,0,True,-0.03473123833460712,0.02166798343376271
692.14,11.97824764251709,-0.032760120928287506,3.09827357307589,0.00027565134263080667,-0.0008561851857038734,-0.002391289884631251,0.00011224352264731149,0.0004758615922699659,-0.002248464319854975,-0.002921812012791634,-0.01,0,True,0.0031967152643133843,0.005124956767856665
692.16,11.978250503540039,-0.03278406709432602,3.0983461610977994,0.0004086614634219894,-0.0008738232223053592,-0.0027784990667660426,0.000512724529932903,0.0017334386746994403,-0.0015940357744693757,-0.0033913454040884975,-0.01,0,True,-0.005035794726897324,-0.024493887415821893
692.18,11.978299140930176,-0.03276116028428078,3.098270995831545,0.00022316991048859796,-0.0009992009093962157,-0.0014918689420680684,0.0002834117348750506,0.0009180736880105311,-0.0006482666730880738,-0.00016506096348166467,-0.01,0,True,0.00629073730610797,0.007145966015501883
692.2,11.978328704833984,-0.032794494181871414,3.0983716019981395,0.00030045523712476024,-0.0010068080356429815,-0.0021991735890516504,-0.00019098589007263302,-0.0005440835728173768,-0.001553233563899994,-0.003824751675128937,-0.01,0,True,0.00760653361413455,-0.03384717222455413
692.22,11.978365898132324,-0.03278794139623642,3.098347018970931,0.0004844497135672174,-0.0009376987624753966,-0.001888030900142356,0.0003395584935537726,0.001047538873510409,-0.0019747801311314106,-0.0013480597361922265,-0.01,0,True,-0.007614032596186092,-0.011205047318318203
692.24,11.978426933288574,-0.03277640417218208,3.098302634411974,0.00018915057554486534,-0.0009510305295990162,-0.0021699763776349672,-0.0003139486707717655,-0.0009743351032662752,-0.002371194437146187,-0.0029512967914342883,-0.01,0,True,0.0020065898886959415,0.005395966127463217
692.26,11.978448867797852,-0.032794829457998276,3.098354798941426,0.00026850178737236987,-0.0009663508580365766,-0.0021009915497632674,2.1849821729442588e-05,2.1669902544616262e-05,-0.002371194437146187,-0.0029512967914342883,-0.01,0,True,-0.0001993789674337195,-0.017348200071841367
692.28,11.978503227233887,-0.03277691453695297,3.0982936551898783,0.00017873802309463223,-0.0009687864684578868,-0.002038646397956121,-4.027183407087546e-05,-0.00011240628262071196,-0.001294347830116749,-0.0008271354902535678,-0.01,0,True,0.0038621566590957093,0.012008776685978353
692.3,11.978533744812012,-0.0327969528734684,3.0983487525631346,0.0002338618933436647,-0.0009821875484633947,-0.001903981217537039,-0.00011906877334089194,-0.0003403171322356382,-0.0023032592050731184,-0.0034378769993782046,-0.01,0,True,0.006625139930840236,-0.003469005948189163
692.32,11.97859001159668,-0.0327802449464798,3.0982936419093643,0.00017084869887694118,-0.000945106171672048,-0.0018610038449071525,-9.363616345365816e-06,-1.3632968387515507e-05,-0.0014308105036616326,-0.0009551050700247289,-0.01,0,True,0.008921684377222515,0.0021705234633228924
692.34,11.978601455688477,-0.032791897654533386,3.098327573570847,0.00023722311994146976,-0.0009858422217802075,-0.0015709803552957774,-9.369300174801468e-05,-0.0002558505733106587,-0.001584904966875911,-0.002757884487509728,-0.01,0,True,0.0040207623880791,0.0005452631408828241
692.36,11.978652000427246,-0.03278261050581932,3.0982925645524073,0.00017716197080493935,-0.0009355388220089637,-0.0013249116477779548,1.0319390208684159e-05,6.123559444520827e-05,-0.0007770065683871508,-6.415536627173424e-05,-0.01,0,True,0.010769554022753682,0.007813046703431303
692.38,11.978659629821777,-0.03279490023851395,3.0983282845172697,0.00024153670809984494,-0.0009651683144377911,-0.0015823202264905465,-0.00010737335827910855,-0.00029669608096498997,-0.0011914214259013535,-0.0023843838740140203,-0.01,0,True,0.004780305506175435,-0.00026632478562782004
692.4,11.9786958694458,-0.03278565779328346,3.09829854075692,0.00017780276641774144,-0.0009297785023368459,-0.0009994395230876415,0.00020946806545173128,0.0006114107678864203,-0.0003734400169923902,0.00039802527986466886,-0.01,0,True,0.0038670609039291883,-6.0744245190451296e-05
692.42,11.978728294372559,-0.03278879076242447,3.09830383788437,0.00015988203457529776,-0.0009061023681781955,-0.0011885559148020904,-0.00010746170249582127,-0.00027715655616086495,-0.0005459613259881735,-0.0015208323299884799,-0.01,0,True,0.009336172898845285,0.003959209105842796
692.44,11.978731155395508,-0.03280281275510788,3.0983414774138383,0.00022286605124390477,-0.0009228777992282592,-0.0010155467754634614,3.0484717074422635e-05,5.637605482996968e-05,-0.000756957046687603,-0.0011061919061467053,-0.01,0,True,0.004589351207524682,-0.007092484998811054
692.46,11.978754997253418,-0.032790426164865494,3.098306111992777,0.00016777657013013355,-0.000908322698374271,-0.0008354263945825416,4.132144723458112e-06,2.0040647502595782e-05,-0.00011673311702907086,0.0006711310148239136,-0.01,0,True,0.007546602723376594,0.003498006089574311
692.48,11.978776931762695,-0.032791607081890106,3.0983030508413063,0.00014998176274613035,-0.0008922945580844536,-0.0006322914264854792,-2.545734799168428e-06,4.4011967981245685e-05,2.8106493409723047e-05,-0.0005917619820684195,-0.01,0,True,0.0064260962179873,-0.0001994005102000925
692.5,11.978795051574707,-0.03279201313853264,3.09830544113617,0.00014736929968764696,-0.0008921857146874496,-0.000584827696931654,3.5666853585051295e-06,2.6839310052231267e-06,-0.00031009791186079386,-0.0005348879669327289,-0.01,0,True,0.007005902087588679,-0.00011869149108006133
692.52,11.978781700134277,-0.03280479833483696,3.0983449983712767,0.0002102907948994328,-0.000938873152894869,-0.000501459078024945,7.197560225507365e-06,4.042401401397679e-05,-0.00022495211567729714,-0.000185505161061883,-0.01,0,True,0.002468952150750414,-0.006599150982475954
692.54,11.978801727294922,-0.03279273584485054,3.0983063267072573,0.00016965954870391632,-0.0009076439091107444,-0.000274954227575957,1.1908404276524836e-05,1.0545328216199512e-05,0.0004272826341912151,0.0014023813232779505,-0.01,0,True,0.004920409075419726,-4.010301722646269e-05
692.56,11.978816986083984,-0.03279391676187515,3.0983062847624274,0.00016559449407572144,-0.0008938029168096877,-0.00043477525442562573,-0.0001549787974103866,-0.00048392011061635043,0.00019721627468243243,-0.0003881095536053181,-0.01,0,True,0.006268238475308606,-0.0005053001751744514
692.58,11.978816986083984,-0.03279391676187515,3.0983062847624274,0.00016559449407572144,-0.0008938029168096877,-0.00019119497089787455,6.493994030053999e-06,-5.243103728955294e-07,8.072674972936511e-06,-6.394979776814581e-05,-0.01,0,True,0.003436927844697704,-0.00013181660270242647
692.6,11.978816986083984,-0.03279391676187515,3.0983062847624274,0.00016559449407572144,-0.0008938029168096877,0.0,-0.0,0.0,1.7011791933327916e-05,3.22600593790412e-05,-0.01,0,True,0.005434690680317542,0.006049001382701286
692.62,11.978816986083984,-0.03279391676187515,3.0983062847624274,0.00016559449407572144,-0.0008938029168096877,0.0,-0.0,0.0,1.7011791933327916e-05,3.22600593790412e-05,-0.01,0,True,0.0023899371362256054,6.553879661200078e-06
692.64,11.978816986083984,-0.03279391676187515,3.0983062847624274,0.00016559449407572144,-0.0008938029168096877,0.0,-0.0,0.0,1.7011791933327916e-05,3.22600593790412e-05,-0.01,0,True,0.0,0.0
692.66,11.978816986083984,-0.03279391676187515,3.0983062847624274,0.00016559449407572144,-0.0008938029168096877,0.0,-0.0,0.0,1.7011791933327916e-05,3.22600593790412e-05,-0.01,0,True,0.0,0.0
692.68,11.978816986083984,-0.03279391676187515,3.0983062847624274,0.00016559449407572144,-0.0008938029168096877,0.0,-0.0,0.0,1.7011791933327916e-05,3.22600593790412e-05,-0.01,0,True,0.0,0.0
692.7,11.978816986083984,-0.03279391676187515,3.0983062847624274,0.00016559449407572144,-0.0008938029168096877,0.0,-0.0,0.0,1.7011791933327916e-05,3.22600593790412e-05,-0.01,0,True,0.0,0.0
692.72,11.978816986083984,-0.03279391676187515,3.0983062847624274,0.00016559449407572144,-0.0008938029168096877,0.0,-0.0,0.0,1.7011791933327916e-05,3.22600593790412e-05,-0.01,0,True,0.0,0.0
692.74,11.978816986083984,-0.03279391676187515,3.0983062847624274,0.00016559449407572144,-0.0008938029168096877,0.0,-0.0,0.0,1.7011791933327916e-05,3.22600593790412e-05,-0.01,0,True,0.0,0.0
692.76,11.978816986083984,-0.03279391676187515,3.0983062847624274,0.00016559449407572144,-0.0008938029168096877,0.0,-0.0,0.0,1.7011791933327916e-05,3.22600593790412e-05,-0.01,0,True,0.0,0.0
692.78,11.978816986083984,-0.03279391676187515,3.0983062847624274,0.00016559449407572144,-0.0008938029168096877,0.0,-0.0,0.0,1.7011791933327916e-05,3.22600593790412e-05,-0.01,0,True,0.0,0.0
692.8,11.978816986083984,-0.03279391676187515,3.0983062847624274,0.00016559449407572144,-0.0008938029168096877,0.0,-0.0,0.0,1.7011791933327916e-05,3.22600593790412e-05,-0.01,0,True,0.0,0.0
692.82,11.978816986083984,-0.03279391676187515,3.0983062847624274,0.00016559449407572144,-0.0008938029168096877,0.0,-0.0,0.0,1.7011791933327916e-05,3.22600593790412e-05,-0.01,0,True,0.0,0.0
692.84,11.978816986083984,-0.03279391676187515,3.0983062847624274,0.00016559449407572144,-0.0008938029168096877,0.0,-0.0,0.0,1.7011791933327916e-05,3.22600593790412e-05,-0.01,0,True,0.0,0.0
692.86,11.978816986083984,-0.03279391676187515,3.0983062847624274,0.00016559449407572144,-0.0008938029168096877,0.0,-0.0,0.0,1.7011791933327916e-05,3.22600593790412e-05,-0.01,0,True,0.0,0.0
692.88,11.978816986083984,-0.03279391676187515,3.0983062847624274,0.00016559449407572144,-0.0008938029168096877,0.0,-0.0,0.0,1.7011791933327916e-05,3.22600593790412e-05,-0.01,0,True,0.0,0.0
692.9,11.978816986083984,-0.03279391676187515,3.0983062847624274,0.00016559449407572144,-0.0008938029168096877,0.0,-0.0,0.0,1.7011791933327916e-05,3.22600593790412e-05,-0.01,0,True,0.0,0.0
692.92,11.978816986083984,-0.03279391676187515,3.0983062847624274,0.00016559449407572144,-0.0008938029168096877,0.0,-0.0,0.0,1.7011791933327916e-05,3.22600593790412e-05,-0.01,0,True,0.0,0.0
692.94,11.978816986083984,-0.03279391676187515,3.0983062847624274,0.00016559449407572144,-0.0008938029168096877,0.0,-0.0,0.0,1.7011791933327916e-05,3.22600593790412e-05,-0.01,0,True,0.0,0.0
692.96,11.978816986083984,-0.03279391676187515,3.0983062847624274,0.00016559449407572144,-0.0008938029168096877,0.0,-0.0,0.0,1.7011791933327916e-05,3.22600593790412e-05,-0.01,0,True,0.0,0.0
692.98,11.978816986083984,-0.03279391676187515,3.0983062847624274,0.00016559449407572144,-0.0008938029168096877,0.0,-0.0,0.0,1.7011791933327916e-05,3.22600593790412e-05,-0.01,0,True,0.0,0.0
693.0,11.978816986083984,-0.03279391676187515,3.0983062847624274,0.00016559449407572144,-0.0008938029168096877,0.0,-0.0,0.0,1.7011791933327916e-05,3.22600593790412e-05,-0.01,0,True,0.0,0.0
693.02,11.978816986083984,-0.03279391676187515,3.0983062847624274,0.00016559449407572144,-0.0008938029168096877,0.0,-0.0,0.0,1.7011791933327916e-05,3.22600593790412e-05,-0.01,0,True,0.0,0.0
693.04,11.978816986083984,-0.03279391676187515,3.0983062847624274,0.00016559449407572144,-0.0008938029168096877,0.0,-0.0,0.0,1.7011791933327916e-05,3.22600593790412e-05,-0.01,0,True,0.0,0.0
693.06,11.978816986083984,-0.03279391676187515,3.0983062847624274,0.00016559449407572144,-0.0008938029168096877,0.0,-0.0,0.0,1.7011791933327916e-05,3.22600593790412e-05,-0.01,0,True,0.0,0.0
693.08,11.978816986083984,-0.03279391676187515,3.0983062847624274,0.00016559449407572144,-0.0008938029168096877,0.0,-0.0,0.0,1.7011791933327916e-05,3.22600593790412e-05,-0.01,0,True,0.0,0.0
693.1,11.978816986083984,-0.03279391676187515,3.0983062847624274,0.00016559449407572144,-0.0008938029168096877,0.0,-0.0,0.0,1.7011791933327916e-05,3.22600593790412e-05,-0.01,0,True,0.0,0.0
693.12,11.978816986083984,-0.03279391676187515,3.0983062847624274,0.00016559449407572144,-0.0008938029168096877,0.0,-0.0,0.0,1.7011791933327916e-05,3.22600593790412e-05,-0.01,0,True,0.0,0.0
693.14,11.978816986083984,-0.03279391676187515,3.0983062847624274,0.00016559449407572144,-0.0008938029168096877,0.0,-0.0,0.0,1.7011791933327916e-05,3.22600593790412e-05,-0.01,0,True,0.0,0.0
693.16,11.978816986083984,-0.03279391676187515,3.0983062847624274,0.00016559449407572144,-0.0008938029168096877,0.0,-0.0,0.0,1.7011791933327916e-05,3.22600593790412e-05,-0.01,0,True,0.0,0.0
693.18,11.978816986083984,-0.03279391676187515,3.0983062847624274,0.00016559449407572144,-0.0008938029168096877,0.0,-0.0,0.0,1.7011791933327916e-05,3.22600593790412e-05,-0.01,0,True,0.0,0.0
693.2,11.978816986083984,-0.03279391676187515,3.0983062847624274,0.00016559449407572144,-0.0008938029168096877,0.0,-0.0,0.0,1.7011791933327916e-05,3.22600593790412e-05,-0.01,0,True,0.0,0.0
693.22,11.978816986083984,-0.03279391676187515,3.0983062847624274,0.00016559449407572144,-0.0008938029168096877,0.0,-0.0,0.0,1.7011791933327916e-05,3.22600593790412e-05,-0.01,0,True,0.0,0.0
693.24,11.978816986083984,-0.03279391676187515,3.0983062847624274,0.00016559449407572144,-0.0008938029168096877,0.0,-0.0,0.0,1.7011791933327916e-05,3.22600593790412e-05,-0.01,0,True,0.0,0.0
693.26,11.978816986083984,-0.03279391676187515,3.0983062847624274,0.00016559449407572144,-0.0008938029168096877,0.0,-0.0,0.0,1.7011791933327916e-05,3.22600593790412e-05,-0.01,0,True,0.0,0.0
693.28,11.978816986083984,-0.03279391676187515,3.0983062847624274,0.00016559449407572144,-0.0008938029168096877,0.0,-0.0,0.0,1.7011791933327916e-05,3.22600593790412e-05,-0.01,0,True,0.0,0.0
693.3,11.978816986083984,-0.03279391676187515,3.0983062847624274,0.00016559449407572144,-0.0008938029168096877,0.0,-0.0,0.0,1.7011791933327916e-05,3.22600593790412e-05,-0.01,0,True,0.0,0.0
693.32,11.978816986083984,-0.03279391676187515,3.0983062847624274,0.00016559449407572144,-0.0008938029168096877,0.0,-0.0,0.0,1.7011791933327916e-05,3.22600593790412e-05,-0.01,0,True,0.0,0.0
693.34,11.978816986083984,-0.03279391676187515,3.0983062847624274,0.00016559449407572144,-0.0008938029168096877,0.0,-0.0,0.0,1.7011791933327916e-05,3.22600593790412e-05,-0.01,0,True,0.0,0.0
693.36,11.978816986083984,-0.03279391676187515,3.0983062847624274,0.00016559449407572144,-0.0008938029168096877,0.0,-0.0,0.0,1.7011791933327916e-05,3.22600593790412e-05,-0.01,0,True,0.0,0.0
693.38,11.978816986083984,-0.03279391676187515,3.0983062847624274,0.00016559449407572144,-0.0008938029168096877,0.0,-0.0,0.0,1.7011791933327916e-05,3.22600593790412e-05,-0.01,0,True,0.0,0.0
693.4,11.978816986083984,-0.03279391676187515,3.0983062847624274,0.00016559449407572144,-0.0008938029168096877,0.0,-0.0,0.0,1.7011791933327916e-05,3.22600593790412e-05,-0.01,0,True,0.0,0.0
693.42,11.978816986083984,-0.03279391676187515,3.0983062847624274,0.00016559449407572144,-0.0008938029168096877,0.0,-0.0,0.0,1.7011791933327916e-05,3.22600593790412e-05,-0.01,0,True,0.0,0.0
693.44,11.978816986083984,-0.03279391676187515,3.0983062847624274,0.00016559449407572144,-0.0008938029168096877,0.0,-0.0,0.0,1.7011791933327916e-05,3.22600593790412e-05,-0.01,0,True,0.0,0.0
693.46,11.978816986083984,-0.03279391676187515,3.0983062847624274,0.00016559449407572144,-0.0008938029168096877,0.0,-0.0,0.0,1.7011791933327916e-05,3.22600593790412e-05,-0.01,0,True,0.0,0.0
693.48,11.978816986083984,-0.03279391676187515,3.0983062847624274,0.00016559449407572144,-0.0008938029168096877,0.0,-0.0,0.0,1.7011791933327916e-05,3.22600593790412e-05,-0.01,0,True,0.0,0.0
693.5,11.978816986083984,-0.03279391676187515,3.0983062847624274,0.00016559449407572144,-0.0008938029168096877,0.0,-0.0,0.0,1.7011791933327916e-05,3.22600593790412e-05,-0.01,0,True,0.0,0.0
693.52,11.978816986083984,-0.03279391676187515,3.0983062847624274,0.00016559449407572144,-0.0008938029168096877,0.0,-0.0,0.0,1.7011791933327916e-05,3.22600593790412e-05,-0.01,0,True,0.0,0.0
693.54,11.978816986083984,-0.03279391676187515,3.0983062847624274,0.00016559449407572144,-0.0008938029168096877,0.0,-0.0,0.0,1.7011791933327916e-05,3.22600593790412e-05,-0.01,0,True,0.0,0.0
693.56,11.978816986083984,-0.03279391676187515,3.0983062847624274,0.00016559449407572144,-0.0008938029168096877,0.0,-0.0,0.0,1.7011791933327916e-05,3.22600593790412e-05,-0.01,0,True,0.0,0.0
693.58,11.978816986083984,-0.03279391676187515,3.0983062847624274,0.00016559449407572144,-0.0008938029168096877,0.0,-0.0,0.0,1.7011791933327916e-05,3.22600593790412e-05,-0.01,0,True,0.0,0.0
693.6,11.978816986083984,-0.03279391676187515,3.0983062847624274,0.00016559449407572144,-0.0008938029168096877,0.0,-0.0,0.0,1.7011791933327916e-05,3.22600593790412e-05,-0.01,0,True,0.0,0.0
693.62,11.978816986083984,-0.03279391676187515,3.0983062847624274,0.00016559449407572144,-0.0008938029168096877,0.0,-0.0,0.0,1.7011791933327916e-05,3.22600593790412e-05,-0.01,0,True,0.0,0.0
693.64,11.978816986083984,-0.03279391676187515,3.0983062847624274,0.00016559449407572144,-0.0008938029168096877,0.0,-0.0,0.0,1.7011791933327916e-05,3.22600593790412e-05,-0.01,0,True,0.0,0.0
693.66,11.978816986083984,-0.03279391676187515,3.0983062847624274,0.00016559449407572144,-0.0008938029168096877,0.0,-0.0,0.0,1.7011791933327916e-05,3.22600593790412e-05,-0.01,0,True,0.0,0.0
693.68,11.978816986083984,-0.03279391676187515,3.0983062847624274,0.00016559449407572144,-0.0008938029168096877,0.0,-0.0,0.0,1.7011791933327916e-05,3.22600593790412e-05,-0.01,0,True,0.0,0.0
693.7,11.978816986083984,-0.03279391676187515,3.0983062847624274,0.00016559449407572144,-0.0008938029168096877,0.0,-0.0,0.0,1.7011791933327916e-05,3.22600593790412e-05,-0.01,0,True,0.0,0.0
693.72,11.978816986083984,-0.03279391676187515,3.0983062847624274,0.00016559449407572144,-0.0008938029168096877,0.0,-0.0,0.0,1.7011791933327916e-05,3.22600593790412e-05,-0.01,0,True,0.0,0.0
693.74,11.978816986083984,-0.03279391676187515,3.0983062847624274,0.00016559449407572144,-0.0008938029168096877,0.0,-0.0,0.0,1.7011791933327916e-05,3.22600593790412e-05,-0.01,0,True,0.0,0.0
693.76,11.978816986083984,-0.03279391676187515,3.0983062847624274,0.00016559449407572144,-0.0008938029168096877,0.0,-0.0,0.0,1.7011791933327916e-05,3.22600593790412e-05,-0.01,0,True,0.0,0.0
693.78,11.978816986083984,-0.03279391676187515,3.0983062847624274,0.00016559449407572144,-0.0008938029168096877,0.0,-0.0,0.0,1.7011791933327916e-05,3.22600593790412e-05,-0.01,0,True,0.0,0.0
693.8,11.978816986083984,-0.03279391676187515,3.0983062847624274,0.00016559449407572144,-0.0008938029168096877,0.0,-0.0,0.0,1.7011791933327916e-05,3.22600593790412e-05,-0.01,0,True,0.0,0.0
693.82,11.978816986083984,-0.03279391676187515,3.0983062847624274,0.00016559449407572144,-0.0008938029168096877,0.0,-0.0,0.0,1.7011791933327916e-05,3.22600593790412e-05,-0.01,0,True,0.0,0.0
693.84,11.978816986083984,-0.03279391676187515,3.0983062847624274,0.00016559449407572144,-0.0008938029168096877,0.0,-0.0,0.0,1.7011791933327916e-05,3.22600593790412e-05,-0.01,0,True,0.0,0.0
693.86,11.978816986083984,-0.03279391676187515,3.0983062847624274,0.00016559449407572144,-0.0008938029168096877,0.0,-0.0,0.0,1.7011791933327916e-05,3.22600593790412e-05,-0.01,0,True,0.0,0.0
693.88,11.978816986083984,-0.03279391676187515,3.0983062847624274,0.00016559449407572144,-0.0008938029168096877,0.0,-0.0,0.0,1.7011791933327916e-05,3.22600593790412e-05,-0.01,0,True,0.0,0.0
693.9,11.978816986083984,-0.03279391676187515,3.0983062847624274,0.00016559449407572144,-0.0008938029168096877,0.0,-0.0,0.0,1.7011791933327916e-05,3.22600593790412e-05,-0.01,0,True,0.0,0.0
693.92,11.978816986083984,-0.03279391676187515,3.0983062847624274,0.00016559449407572144,-0.0008938029168096877,0.0,-0.0,0.0,1.7011791933327916e-05,3.22600593790412e-05,-0.01,0,True,0.0,0.0
693.94,11.978816986083984,-0.03279391676187515,3.0983062847624274,0.00016559449407572144,-0.0008938029168096877,0.0,-0.0,0.0,1.7011791933327916e-05,3.22600593790412e-05,-0.01,0,True,0.0,0.0
693.96,11.978816986083984,-0.03279391676187515,3.0983062847624274,0.00016559449407572144,-0.0008938029168096877,0.0,-0.0,0.0,1.7011791933327916e-05,3.22600593790412e-05,-0.01,0,True,0.0,0.0
693.98,11.978816986083984,-0.03279391676187515,3.0983062847624274,0.00016559449407572144,-0.0008938029168096877,0.0,-0.0,0.0,1.7011791933327916e-05,3.22600593790412e-05,-0.01,0,True,0.0,0.0
694.0,11.978816986083984,-0.03279391676187515,3.0983062847624274,0.00016559449407572144,-0.0008938029168096877,0.0,-0.0,0.0,1.7011791933327916e-05,3.22600593790412e-05,-0.01,0,True,0.0,0.0
694.02,11.978816986083984,-0.03279391676187515,3.0983062847624274,0.00016559449407572144,-0.0008938029168096877,0.0,-0.0,0.0,1.7011791933327916e-05,3.22600593790412e-05,-0.01,0,True,0.0,0.0
694.04,11.978816986083984,-0.03279391676187515,3.0983062847624274,0.00016559449407572144,-0.0008938029168096877,0.0,-0.0,0.0,1.7011791933327916e-05,3.22600593790412e-05,-0.01,0,True,0.0,0.0
694.06,11.978816986083984,-0.03279391676187515,3.0983062847624274,0.00016559449407572144,-0.0008938029168096877,0.0,-0.0,0.0,1.7011791933327916e-05,3.22600593790412e-05,-0.01,0,True,0.0,0.0
694.08,11.978816986083984,-0.03279391676187515,3.0983062847624274,0.00016559449407572144,-0.0008938029168096877,0.0,-0.0,0.0,1.7011791933327916e-05,3.22600593790412e-05,-0.01,0,True,0.0,0.0
694.1,11.978816986083984,-0.03279391676187515,3.0983062847624274,0.00016559449407572144,-0.0008938029168096877,0.0,-0.0,0.0,1.7011791933327916e-05,3.22600593790412e-05,-0.01,0,True,0.0,0.0
694.12,11.978816986083984,-0.03279391676187515,3.0983062847624274,0.00016559449407572144,-0.0008938029168096877,0.0,-0.0,0.0,1.7011791933327916e-05,3.22600593790412e-05,-0.01,0,True,0.0,0.0
694.14,11.978816986083984,-0.03279391676187515,3.0983062847624274,0.00016559449407572144,-0.0008938029168096877,0.0,-0.0,0.0,1.7011791933327916e-05,3.22600593790412e-05,-0.01,0,True,0.0,0.0
694.16,11.978816986083984,-0.03279391676187515,3.0983062847624274,0.00016559449407572144,-0.0008938029168096877,0.0,-0.0,0.0,1.7011791933327916e-05,3.22600593790412e-05,-0.01,0,True,0.0,0.0
694.18,11.978816986083984,-0.03279391676187515,3.0983062847624274,0.00016559449407572144,-0.0008938029168096877,0.0,-0.0,0.0,1.7011791933327916e-05,3.22600593790412e-05,-0.01,0,True,0.0,0.0
694.2,11.978816986083984,-0.03279391676187515,3.0983062847624274,0.00016559449407572144,-0.0008938029168096877,0.0,-0.0,0.0,1.7011791933327916e-05,3.22600593790412e-05,-0.01,0,True,0.0,0.0
694.22,11.978816986083984,-0.03279391676187515,3.0983062847624274,0.00016559449407572144,-0.0008938029168096877,0.0,-0.0,0.0,1.7011791933327916e-05,3.22600593790412e-05,-0.01,0,True,0.0,0.0
694.24,11.978816986083984,-0.03279391676187515,3.0983062847624274,0.00016559449407572144,-0.0008938029168096877,0.0,-0.0,0.0,1.7011791933327916e-05,3.22600593790412e-05,-0.01,0,True,0.0,0.0
694.26,11.978816986083984,-0.03279391676187515,3.0983062847624274,0.00016559449407572144,-0.0008938029168096877,0.0,-0.0,0.0,1.7011791933327916e-05,3.22600593790412e-05,-0.01,0,True,0.0,0.0
694.28,11.978816986083984,-0.03279391676187515,3.0983062847624274,0.00016559449407572144,-0.0008938029168096877,0.0,-0.0,0.0,1.7011791933327916e-05,3.22600593790412e-05,-0.01,0,True,0.0,0.0
694.3,11.978816986083984,-0.03279391676187515,3.0983062847624274,0.00016559449407572144,-0.0008938029168096877,0.0,-0.0,0.0,1.7011791933327916e-05,3.22600593790412e-05,-0.01,0,True,0.0,0.0
694.32,11.978816986083984,-0.03279391676187515,3.0983062847624274,0.00016559449407572144,-0.0008938029168096877,0.0,-0.0,0.0,1.7011791933327916e-05,3.22600593790412e-05,-0.01,0,True,0.0,0.0
694.34,11.978816986083984,-0.03279391676187515,3.0983062847624274,0.00016559449407572144,-0.0008938029168096877,0.0,-0.0,0.0,1.7011791933327916e-05,3.22600593790412e-05,-0.01,0,True,0.0,0.0
694.36,11.978816986083984,-0.03279391676187515,3.0983062847624274,0.00016559449407572144,-0.0008938029168096877,0.0,-0.0,0.0,1.7011791933327916e-05,3.22600593790412e-05,-0.01,0,True,0.0,0.0
694.38,11.978816986083984,-0.03279391676187515,3.0983062847624274,0.00016559449407572144,-0.0008938029168096877,0.0,-0.0,0.0,1.7011791933327916e-05,3.22600593790412e-05,-0.01,0,True,0.0,0.0
694.4,11.978816986083984,-0.03279391676187515,3.0983062847624274,0.00016559449407572144,-0.0008938029168096877,0.0,-0.0,0.0,1.7011791933327916e-05,3.22600593790412e-05,-0.01,0,True,0.0,0.0
694.42,11.978816986083984,-0.03279391676187515,3.0983062847624274,0.00016559449407572144,-0.0008938029168096877,0.0,-0.0,0.0,1.7011791933327916e-05,3.22600593790412e-05,-0.01,0,True,0.0,0.0
694.44,11.978816986083984,-0.03279391676187515,3.0983062847624274,0.00016559449407572144,-0.0008938029168096877,0.0,-0.0,0.0,1.7011791933327916e-05,3.22600593790412e-05,-0.01,0,True,0.0,0.0
694.46,11.978816986083984,-0.03279391676187515,3.0983062847624274,0.00016559449407572144,-0.0008938029168096877,0.0,-0.0,0.0,1.7011791933327916e-05,3.22600593790412e-05,-0.01,0,True,0.0,0.0
694.48,11.978816986083984,-0.03279391676187515,3.0983062847624274,0.00016559449407572144,-0.0008938029168096877,0.0,-0.0,0.0,1.7011791933327916e-05,3.22600593790412e-05,-0.01,0,True,0.0,0.0
694.5,11.978816986083984,-0.03279391676187515,3.0983062847624274,0.00016559449407572144,-0.0008938029168096877,0.0,-0.0,0.0,1.7011791933327916e-05,3.22600593790412e-05,-0.01,0,True,0.0,0.0
694.52,11.978816986083984,-0.03279391676187515,3.0983062847624274,0.00016559449407572144,-0.0008938029168096877,0.0,-0.0,0.0,1.7011791933327916e-05,3.22600593790412e-05,-0.01,0,True,0.0,0.0
694.54,11.978816986083984,-0.03279391676187515,3.0983062847624274,0.00016559449407572144,-0.0008938029168096877,0.0,-0.0,0.0,1.7011791933327916e-05,3.22600593790412e-05,-0.01,0,True,0.0,0.0
694.56,11.978816986083984,-0.03279391676187515,3.0983062847624274,0.00016559449407572144,-0.0008938029168096877,0.0,-0.0,0.0,1.7011791933327916e-05,3.22600593790412e-05,-0.01,0,True,0.0,0.0
694.58,11.978816986083984,-0.03279391676187515,3.0983062847624274,0.00016559449407572144,-0.0008938029168096877,0.0,-0.0,0.0,1.7011791933327916e-05,3.22600593790412e-05,-0.01,0,True,0.0,0.0
694.6,11.978816986083984,-0.03279391676187515,3.0983062847624274,0.00016559449407572144,-0.0008938029168096877,0.0,-0.0,0.0,1.7011791933327916e-05,3.22600593790412e-05,-0.01,0,True,0.0,0.0
694.62,11.978816986083984,-0.03279391676187515,3.0983062847624274,0.00016559449407572144,-0.0008938029168096877,0.0,-0.0,0.0,1.7011791933327916e-05,3.22600593790412e-05,-0.01,0,True,0.0,0.0
694.64,11.978816986083984,-0.03279391676187515,3.0983062847624274,0.00016559449407572144,-0.0008938029168096877,0.0,-0.0,0.0,1.7011791933327916e-05,3.22600593790412e-05,-0.01,0,True,0.0,0.0
694.66,11.978816986083984,-0.03279391676187515,3.0983062847624274,0.00016559449407572144,-0.0008938029168096877,0.0,-0.0,0.0,1.7011791933327916e-05,3.22600593790412e-05,-0.01,0,True,0.0,0.0
694.68,11.978816986083984,-0.03279391676187515,3.0983062847624274,0.00016559449407572144,-0.0008938029168096877,0.0,-0.0,0.0,1.7011791933327916e-05,3.22600593790412e-05,-0.01,0,True,0.0,0.0
694.7,11.978816986083984,-0.03279391676187515,3.0983062847624274,0.00016559449407572144,-0.0008938029168096877,0.0,-0.0,0.0,1.7011791933327916e-05,3.22600593790412e-05,-0.01,0,True,0.0,0.0
694.72,11.978816986083984,-0.03279391676187515,3.0983062847624274,0.00016559449407572144,-0.0008938029168096877,0.0,-0.0,0.0,1.7011791933327916e-05,3.22600593790412e-05,-0.01,0,True,0.0,0.0
694.74,11.978816986083984,-0.03279391676187515,3.0983062847624274,0.00016559449407572144,-0.0008938029168096877,0.0,-0.0,0.0,1.7011791933327916e-05,3.22600593790412e-05,-0.01,0,True,0.0,0.0
694.76,11.978816986083984,-0.03279391676187515,3.0983062847624274,0.00016559449407572144,-0.0008938029168096877,0.0,-0.0,0.0,1.7011791933327916e-05,3.22600593790412e-05,-0.01,0,True,0.0,0.0
694.78,11.978816986083984,-0.03279391676187515,3.0983062847624274,0.00016559449407572144,-0.0008938029168096877,0.0,-0.0,0.0,1.7011791933327916e-05,3.22600593790412e-05,-0.01,0,True,0.0,0.0
694.8,11.978816986083984,-0.03279391676187515,3.0983062847624274,0.00016559449407572144,-0.0008938029168096877,0.0,-0.0,0.0,1.7011791933327916e-05,3.22600593790412e-05,-0.01,0,True,0.0,0.0
694.82,11.978816986083984,-0.03279391676187515,3.0983062847624274,0.00016559449407572144,-0.0008938029168096877,0.0,-0.0,0.0,1.7011791933327916e-05,3.22600593790412e-05,-0.01,0,True,0.0,0.0
694.84,11.978816986083984,-0.03279391676187515,3.0983062847624274,0.00016559449407572144,-0.0008938029168096877,0.0,-0.0,0.0,1.7011791933327916e-05,3.22600593790412e-05,-0.01,0,True,0.0,0.0
694.86,11.978816986083984,-0.03279391676187515,3.0983062847624274,0.00016559449407572144,-0.0008938029168096877,0.0,-0.0,0.0,1.7011791933327916e-05,3.22600593790412e-05,-0.01,0,True,0.0,0.0
694.88,11.978816986083984,-0.03279391676187515,3.0983062847624274,0.00016559449407572144,-0.0008938029168096877,0.0,-0.0,0.0,1.7011791933327916e-05,3.22600593790412e-05,-0.01,0,True,0.0,0.0
694.9,11.978816986083984,-0.03279391676187515,3.0983062847624274,0.00016559449407572144,-0.0008938029168096877,0.0,-0.0,0.0,1.7011791933327916e-05,3.22600593790412e-05,-0.01,0,True,0.0,0.0
694.92,11.978816986083984,-0.03279391676187515,3.0983062847624274,0.00016559449407572144,-0.0008938029168096877,0.0,-0.0,0.0,1.7011791933327916e-05,3.22600593790412e-05,-0.01,0,True,0.0,0.0
694.94,11.978816986083984,-0.03279391676187515,3.0983062847624274,0.00016559449407572144,-0.0008938029168096877,0.0,-0.0,0.0,1.7011791933327916e-05,3.22600593790412e-05,-0.01,0,True,0.0,0.0
694.96,11.978816986083984,-0.03279391676187515,3.0983062847624274,0.00016559449407572144,-0.0008938029168096877,0.0,-0.0,0.0,1.7011791933327916e-05,3.22600593790412e-05,-0.01,0,True,0.0,0.0
694.98,11.978816986083984,-0.03279391676187515,3.0983062847624274,0.00016559449407572144,-0.0008938029168096877,0.0,-0.0,0.0,1.7011791933327916e-05,3.22600593790412e-05,-0.01,0,True,0.0,0.0
695.0,11.978816986083984,-0.03279391676187515,3.0983062847624274,0.00016559449407572144,-0.0008938029168096877,0.0,-0.0,0.0,1.7011791933327916e-05,3.22600593790412e-05,-0.01,0,True,0.0,0.0
695.02,11.978816986083984,-0.03279391676187515,3.0983062847624274,0.00016559449407572144,-0.0008938029168096877,0.0,-0.0,0.0,1.7011791933327916e-05,3.22600593790412e-05,-0.01,0,True,0.0,0.0
695.04,11.978816986083984,-0.03279391676187515,3.0983062847624274,0.00016559449407572144,-0.0008938029168096877,0.0,-0.0,0.0,1.7011791933327916e-05,3.22600593790412e-05,-0.01,0,True,0.0,0.0
695.06,11.978816986083984,-0.03279391676187515,3.0983062847624274,0.00016559449407572144,-0.0008938029168096877,0.0,-0.0,0.0,1.7011791933327916e-05,3.22600593790412e-05,-0.01,0,True,0.0,0.0
695.08,11.978816986083984,-0.03279391676187515,3.0983062847624274,0.00016559449407572144,-0.0008938029168096877,0.0,-0.0,0.0,1.7011791933327916e-05,3.22600593790412e-05,-0.01,0,True,0.0,0.0
695.1,11.978816986083984,-0.03279391676187515,3.0983062847624274,0.00016559449407572144,-0.0008938029168096877,0.0,-0.0,0.0,1.7011791933327916e-05,3.22600593790412e-05,-0.01,0,True,0.0,0.0
695.12,11.978816986083984,-0.03279391676187515,3.0983062847624274,0.00016559449407572144,-0.0008938029168096877,0.0,-0.0,0.0,1.7011791933327916e-05,3.22600593790412e-05,-0.01,0,True,0.0,0.0
695.14,11.978816986083984,-0.03279391676187515,3.0983062847624274,0.00016559449407572144,-0.0008938029168096877,0.0,-0.0,0.0,1.7011791933327916e-05,3.22600593790412e-05,-0.01,0,True,0.0,0.0
695.16,11.978816986083984,-0.03279391676187515,3.0983062847624274,0.00016559449407572144,-0.0008938029168096877,0.0,-0.0,0.0,1.7011791933327916e-05,3.22600593790412e-05,-0.01,0,True,0.0,0.0
695.18,11.978816986083984,-0.03279391676187515,3.0983062847624274,0.00016559449407572144,-0.0008938029168096877,0.0,-0.0,0.0,1.7011791933327916e-05,3.22600593790412e-05,-0.01,0,True,0.0,0.0
695.2,11.978816986083984,-0.03279391676187515,3.0983062847624274,0.00016559449407572144,-0.0008938029168096877,0.0,-0.0,0.0,1.7011791933327916e-05,3.22600593790412e-05,-0.01,0,True,0.0,0.0
695.22,11.978816986083984,-0.03279391676187515,3.0983062847624274,0.00016559449407572144,-0.0008938029168096877,0.0,-0.0,0.0,1.7011791933327916e-05,3.22600593790412e-05,-0.01,0,True,0.0,0.0
695.24,11.978816986083984,-0.03279391676187515,3.0983062847624274,0.00016559449407572144,-0.0008938029168096877,0.0,-0.0,0.0,1.7011791933327916e-05,3.22600593790412e-05,-0.01,0,True,0.0,0.0
695.26,11.978816986083984,-0.03279391676187515,3.0983062847624274,0.00016559449407572144,-0.0008938029168096877,0.0,-0.0,0.0,1.7011791933327916e-05,3.22600593790412e-05,-0.01,0,True,0.0,0.0
695.28,11.978816986083984,-0.03279391676187515,3.0983062847624274,0.00016559449407572144,-0.0008938029168096877,0.0,-0.0,0.0,1.7011791933327916e-05,3.22600593790412e-05,-0.01,0,True,0.0,0.0
695.3,11.978816986083984,-0.03279391676187515,3.0983062847624274,0.00016559449407572144,-0.0008938029168096877,0.0,-0.0,0.0,1.7011791933327916e-05,3.22600593790412e-05,-0.01,0,True,0.0,0.0
695.32,11.978816986083984,-0.03279391676187515,3.0983062847624274,0.00016559449407572144,-0.0008938029168096877,0.0,-0.0,0.0,1.7011791933327916e-05,3.22600593790412e-05,-0.01,0,True,0.0,0.0
695.34,11.978816986083984,-0.03279391676187515,3.0983062847624274,0.00016559449407572144,-0.0008938029168096877,0.0,-0.0,0.0,1.7011791933327916e-05,3.22600593790412e-05,-0.01,0,True,0.0,0.0
695.36,11.978816986083984,-0.03279391676187515,3.0983062847624274,0.00016559449407572144,-0.0008938029168096877,0.0,-0.0,0.0,1.7011791933327916e-05,3.22600593790412e-05,-0.01,0,True,0.0,0.0
695.38,11.978816986083984,-0.03279391676187515,3.0983062847624274,0.00016559449407572144,-0.0008938029168096877,0.0,-0.0,0.0,1.7011791933327916e-05,3.22600593790412e-05,-0.01,0,True,0.0,0.0
695.4,11.978816986083984,-0.03279391676187515,3.0983062847624274,0.00016559449407572144,-0.0008938029168096877,0.0,-0.0,0.0,1.7011791933327916e-05,3.22600593790412e-05,-0.01,0,True,0.0,0.0
695.42,11.978816986083984,-0.03279391676187515,3.0983062847624274,0.00016559449407572144,-0.0008938029168096877,0.0,-0.0,0.0,1.7011791933327916e-05,3.22600593790412e-05,-0.01,0,True,0.0,0.0
695.44,11.978816986083984,-0.03279391676187515,3.0983062847624274,0.00016559449407572144,-0.0008938029168096877,0.0,-0.0,0.0,1.7011791933327916e-05,3.22600593790412e-05,-0.01,0,True,0.0,0.0
695.46,11.978816986083984,-0.03279391676187515,3.0983062847624274,0.00016559449407572144,-0.0008938029168096877,0.0,-0.0,0.0,1.7011791933327916e-05,3.22600593790412e-05,-0.01,0,True,0.0,0.0
695.48,11.978816986083984,-0.03279391676187515,3.0983062847624274,0.00016559449407572144,-0.0008938029168096877,0.0,-0.0,0.0,1.7011791933327916e-05,3.22600593790412e-05,-0.01,0,True,0.0,0.0
695.5,11.978816986083984,-0.03279391676187515,3.0983062847624274,0.00016559449407572144,-0.0008938029168096877,0.0,-0.0,0.0,1.7011791933327916e-05,3.22600593790412e-05,-0.01,0,True,0.0,0.0
695.52,11.978816986083984,-0.03279391676187515,3.0983062847624274,0.00016559449407572144,-0.0008938029168096877,0.0,-0.0,0.0,1.7011791933327916e-05,3.22600593790412e-05,-0.01,0,True,0.0,0.0
695.54,11.978816986083984,-0.03279391676187515,3.0983062847624274,0.00016559449407572144,-0.0008938029168096877,0.0,-0.0,0.0,1.7011791933327916e-05,3.22600593790412e-05,-0.01,0,True,0.0,0.0
695.56,11.978816986083984,-0.03279391676187515,3.0983062847624274,0.00016559449407572144,-0.0008938029168096877,0.0,-0.0,0.0,1.7011791933327916e-05,3.22600593790412e-05,-0.01,0,True,0.0,0.0
695.58,11.978816986083984,-0.03279391676187515,3.0983062847624274,0.00016559449407572144,-0.0008938029168096877,0.0,-0.0,0.0,1.7011791933327916e-05,3.22600593790412e-05,-0.01,0,True,0.0,0.0
695.6,11.978816986083984,-0.03279391676187515,3.0983062847624274,0.00016559449407572144,-0.0008938029168096877,0.0,-0.0,0.0,1.7011791933327916e-05,3.22600593790412e-05,-0.01,0,True,0.0,0.0
695.62,11.978816986083984,-0.03279391676187515,3.0983062847624274,0.00016559449407572144,-0.0008938029168096877,0.0,-0.0,0.0,1.7011791933327916e-05,3.22600593790412e-05,-0.01,0,True,0.0,0.0
695.64,11.978816986083984,-0.03279391676187515,3.0983062847624274,0.00016559449407572144,-0.0008938029168096877,0.0,-0.0,0.0,1.7011791933327916e-05,3.22600593790412e-05,-0.01,0,True,0.0,0.0
695.66,11.978816986083984,-0.03279391676187515,3.0983062847624274,0.00016559449407572144,-0.0008938029168096877,0.0,-0.0,0.0,1.7011791933327916e-05,3.22600593790412e-05,-0.01,0,True,0.0,0.0
695.68,11.978816986083984,-0.03279391676187515,3.0983062847624274,0.00016559449407572144,-0.0008938029168096877,0.0,-0.0,0.0,1.7011791933327916e-05,3.22600593790412e-05,-0.01,0,True,0.0,0.0
695.7,11.978816986083984,-0.03279391676187515,3.0983062847624274,0.00016559449407572144,-0.0008938029168096877,0.0,-0.0,0.0,1.7011791933327916e-05,3.22600593790412e-05,-0.01,0,True,0.0,0.0
695.72,11.978816986083984,-0.03279391676187515,3.0983062847624274,0.00016559449407572144,-0.0008938029168096877,0.0,-0.0,0.0,1.7011791933327916e-05,3.22600593790412e-05,-0.01,0,True,0.0,0.0
695.74,11.978816986083984,-0.03279391676187515,3.0983062847624274,0.00016559449407572144,-0.0008938029168096877,0.0,-0.0,0.0,1.7011791933327916e-05,3.22600593790412e-05,-0.01,0,True,0.0,0.0
695.76,11.978816986083984,-0.03279391676187515,3.0983062847624274,0.00016559449407572144,-0.0008938029168096877,0.0,-0.0,0.0,1.7011791933327916e-05,3.22600593790412e-05,-0.01,0,True,0.0,0.0
695.78,11.978816986083984,-0.03279391676187515,3.0983062847624274,0.00016559449407572144,-0.0008938029168096877,0.0,-0.0,0.0,1.7011791933327916e-05,3.22600593790412e-05,-0.01,0,True,0.0,0.0
695.8,11.978816986083984,-0.03279391676187515,3.0983062847624274,0.00016559449407572144,-0.0008938029168096877,0.0,-0.0,0.0,1.7011791933327916e-05,3.22600593790412e-05,-0.01,0,True,0.0,0.0
695.82,11.978816986083984,-0.03279391676187515,3.0983062847624274,0.00016559449407572144,-0.0008938029168096877,0.0,-0.0,0.0,1.7011791933327916e-05,3.22600593790412e-05,-0.01,0,True,0.0,0.0
695.84,11.978816986083984,-0.03279391676187515,3.0983062847624274,0.00016559449407572144,-0.0008938029168096877,0.0,-0.0,0.0,1.7011791933327916e-05,3.22600593790412e-05,-0.01,0,True,0.0,0.0
695.86,11.978816986083984,-0.03279391676187515,3.0983062847624274,0.00016559449407572144,-0.0008938029168096877,0.0,-0.0,0.0,1.7011791933327916e-05,3.22600593790412e-05,-0.01,0,True,0.0,0.0
695.88,11.978816986083984,-0.03279391676187515,3.0983062847624274,0.00016559449407572144,-0.0008938029168096877,0.0,-0.0,0.0,1.7011791933327916e-05,3.22600593790412e-05,-0.01,0,True,0.0,0.0
695.9,11.978816986083984,-0.03279391676187515,3.0983062847624274,0.00016559449407572144,-0.0008938029168096877,0.0,-0.0,0.0,1.7011791933327916e-05,3.22600593790412e-05,-0.01,0,True,0.0,0.0
695.92,11.978816986083984,-0.03279391676187515,3.0983062847624274,0.00016559449407572144,-0.0008938029168096877,0.0,-0.0,0.0,1.7011791933327916e-05,3.22600593790412e-05,-0.01,0,True,0.0,0.0
695.94,11.978816986083984,-0.03279391676187515,3.0983062847624274,0.00016559449407572144,-0.0008938029168096877,0.0,-0.0,0.0,1.7011791933327916e-05,3.22600593790412e-05,-0.01,0,True,0.0,0.0
695.96,11.978816986083984,-0.03279391676187515,3.0983062847624274,0.00016559449407572144,-0.0008938029168096877,0.0,-0.0,0.0,1.7011791933327916e-05,3.22600593790412e-05,-0.01,0,True,0.0,0.0
695.98,11.978816986083984,-0.03279391676187515,3.0983062847624274,0.00016559449407572144,-0.0008938029168096877,0.0,-0.0,0.0,1.7011791933327916e-05,3.22600593790412e-05,-0.01,0,True,0.0,0.0
696.0,11.978816986083984,-0.03279391676187515,3.0983062847624274,0.00016559449407572144,-0.0008938029168096877,0.0,-0.0,0.0,1.7011791933327916e-05,3.22600593790412e-05,-0.01,0,True,0.0,0.0
696.02,11.978816986083984,-0.03279391676187515,3.0983062847624274,0.00016559449407572144,-0.0008938029168096877,0.0,-0.0,0.0,1.7011791933327916e-05,3.22600593790412e-05,-0.01,0,True,0.0,0.0
696.04,11.978816986083984,-0.03279391676187515,3.0983062847624274,0.00016559449407572144,-0.0008938029168096877,0.0,-0.0,0.0,1.7011791933327916e-05,3.22600593790412e-05,-0.01,0,True,0.0,0.0
696.06,11.978816986083984,-0.03279391676187515,3.0983062847624274,0.00016559449407572144,-0.0008938029168096877,0.0,-0.0,0.0,1.7011791933327916e-05,3.22600593790412e-05,0,0,True,0.0075224655627646195,-0.003362004633227668
696.08,11.978816986083984,-0.03279391676187515,3.0983062847624274,0.00016559449407572144,-0.0008938029168096877,0.0,-0.0,0.0,1.7011791933327916e-05,3.22600593790412e-05,0,0,True,0.023336124023784675,-0.0038461061575166583
696.1,11.978816986083984,-0.03279391676187515,3.0983062847624274,0.00016559449407572144,-0.0008938029168096877,0.0006017972450214774,-0.00011986934833841017,-0.000268960370658351,1.7011791933327916e-05,3.22600593790412e-05,0,0,True,0.046074219459350446,0.0015336724364801153
696.12,11.978816986083984,-0.03279391676187515,3.0983062847624274,0.00016559449407572144,-0.0008938029168096877,0.0018668899219037292,-0.0001265521632904965,-0.00030768849260149006,1.7011791933327916e-05,3.22600593790412e-05,0,0,True,0.0703647548948616,0.003043444250368055
696.14,11.978769302368164,-0.03278225287795067,3.0982847679327747,0.0001422180205216723,-0.0009024145214158117,0.003685937556749921,2.5074231954026852e-05,0.000122693794918472,1.7011791933327916e-05,3.22600593790412e-05,0,0,True,0.08035986655824869,0.010751911204425037
696.16,11.978668212890625,-0.032777339220047,3.0982816696830193,0.00012864517846676997,-0.0009199759107006923,0.005629180391583808,6.413714665017201e-05,0.00024347554002922297,0.004064668845385313,0.003955104369670153,0,0,True,0.07409882619071241,0.010743015274589122
696.18,11.978522300720215,-0.032783154398202896,3.098316100266021,0.00015492466805424888,-0.000992489590546853,0.007030586569675525,0.00021598430116939125,0.0005911925256948697,0.005814725980162621,0.0055634576082229615,0,0,True,0.033934946303639926,0.005405353898638781
696.2,11.97836685180664,-0.032779544591903687,3.0983257628056298,0.00016367395215930252,-0.0010669696589451687,0.0077947960171637545,0.00020313789924546663,0.0005517527293660793,0.005814725980162621,0.0055634576082229615,0,0,True,-0.0035157259472882283,-0.038934492486511554
696.22,11.978206634521484,-0.03277518227696419,3.0983320633348304,0.00017031839226259852,-0.0011762165571385635,0.006400733261042504,0.00015709890378045536,0.0005551221068097957,0.007463239543139935,0.007590197399258614,0,0,True,-0.030569442028669215,-0.04413481444379848
696.24,11.978044509887695,-0.03276660293340683,3.0983258099013686,0.00018652472952991522,-0.0013399841886977664,0.005347922315800606,-0.0008809492772259743,-0.0028712838588932947,0.007203636690974236,0.007177781835198403,0,0,True,-0.06945347539430806,-0.034715411869695664
696.26,11.978010177612305,-0.032773565500974655,3.0983605100345657,0.000464413669401781,-0.0011132227557671748,0.0045850312073807365,-0.0008994534597744401,-0.0029395926298108146,0.006383837908506394,0.006098840199410916,0,0,True,-0.06027133927629896,-0.05460589915388345
696.28,11.97794246673584,-0.03269062936306,3.0980960600969185,7.806273043342475e-05,-0.0012079111197396642,0.002238517985624163,-0.0007135883643900017,-0.002225480220207048,0.0027583483979105954,0.000709524229168892,0,0,True,-0.06358188063625486,0.03744225130831884
696.3,11.977843284606934,-0.032687440514564514,3.0980968959244457,3.420395754219831e-05,-0.0013847617213318514,0.001579026118942972,-0.001187933650633301,-0.0038133498254969067,0.006203397884964944,-0.0018823135178536179,0,0,True,-0.07491694068982335,0.03802385457393696
696.32,11.97786808013916,-0.03270178288221359,3.098147771483752,0.0001838102334772324,-0.001164081861801699,0.0002613718648976142,2.6137824042414156e-05,0.0001240962457737447,0.0034574984014034272,0.0028481720387935642,0,0,True,-0.04037383415005132,0.01720057376687129
696.34,11.977888107299805,-0.032673127949237823,3.098055442048526,0.00013462626936273835,-0.00108088706412224,-0.0014083240478081974,7.350305194100964e-06,0.00010231573610569906,9.594548493623734e-05,-0.0024863250553607942,0,0,True,-0.031483556989929384,0.055205884776250734
696.36,11.977921485900879,-0.03269181028008461,3.0981059877965804,7.626527162881761e-05,-0.0010371538904621665,-0.0009913887463815951,-0.0002508810218774587,-0.000849434318856641,0.0002677904861047864,-0.002450334969907999,0,0,True,-0.011349531788151984,0.00011521440336508368
696.38,11.97795581817627,-0.03269293159246445,3.098105081183334,5.307837508724236e-05,-0.0010084964609450092,-0.0009396584402526672,0.00020558547080053684,0.0006031209566054119,-0.0008364975033327938,-0.0022455052286386493,0,0,True,0.009407050749106687,-0.001476050571769837
696.4,11.977948188781738,-0.03268517926335335,3.0980798167382435,9.343877121519457e-05,-0.0010084995146539624,-0.0006465906781537188,5.169058820445251e-05,0.000133313398042943,-0.0009840068640187384,-0.0019920200482010843,0,0,True,0.0002717670867622427,0.014308774951358075
696.42,11.977962493896484,-0.03269282728433609,3.098103691725054,7.091021710202979e-05,-0.001011546276961731,-0.0006557599878803469,-1.1756642067192095e-05,-1.57683096357805e-05,0.0010095352353528143,0.00019988938234746459,0,0,True,0.005740745383468584,-0.004581452687785678
696.44,11.977972984313965,-0.032698191702365875,3.098116652868424,3.9820185357758115e-05,-0.0010678097221685002,-0.0009696473794406046,7.21517813196813e-05,0.0002952676772525908,-0.00017957850359380246,-0.0011800441797822714,0,0,True,0.002885851909864148,-0.009159585281430405
696.46,11.978008270263672,-0.03269427269697189,3.0981038197185633,4.584961914710577e-05,-0.0010086364313791401,-0.00048039880957494554,7.147624802701828e-05,0.00023660474158237018,-0.0005826867511495948,-0.0012020471319556237,0,0,True,0.01889954204207695,-0.019809918966545548
696.48,11.978025436401367,-0.032694317400455475,3.0981034381524237,6.454338484049164e-05,-0.0010156653401908675,-0.0004157225253644688,-4.377307270078856e-05,-0.0005994534244718642,-0.0008061118610203267,-0.00183384126983583,0,0,True,0.02550343188546375,-0.023638249093373424
696.5,11.97800064086914,-0.03270021080970764,3.0981226201043808,7.748428391564278e-05,-0.0010857287112370653,0.0008562033754865828,-0.00048162165139103736,-0.0016005618269602352,-0.00049673933070153,-0.0012675577215850355,0,0,True,0.015557908332456873,-0.02590214239075659
696.52,11.978006362915039,-0.03269613906741142,3.098068696594466,0.00013316842747806612,-0.000929851960881631,0.0010706271713946398,-0.00047279746589645006,-0.0015957922502155633,0.0012518752552568913,0.0008406428713351488,0,0,True,0.015614933447732675,-0.007025866890906149
696.54,11.977941513061523,-0.032652802765369415,3.0979757747724066,0.00022159963381068742,-0.0009170195513799684,0.0007642338570204723,-0.0005598100426985832,-0.0018355666496762723,0.0013057907577604057,0.0005407253839075566,0,0,True,-0.01070254219357681,0.020007022836992704
696.56,11.977941513061523,-0.032652802765369415,3.0979757747724066,0.00022159963381068742,-0.0009170195513799684,0.0008334721504530091,-0.0005058429369550839,-0.001161522775743845,0.004360459707677365,0.004200509451329709,0,0,True,-0.013382839642426151,0.019947403127684338
696.58,11.977941513061523,-0.032652802765369415,3.0979757747724066,0.00022159963381068742,-0.0009170195513799684,0.0,-0.0,0.0,0.003287449553608895,0.0016637106053531171,0,0,True,-0.009552923212751016,0.022944583120941664
696.6,11.977941513061523,-0.032652802765369415,3.0979757747724066,0.00022159963381068742,-0.0009170195513799684,0.0,-0.0,0.0,0.003287449553608895,0.0016637106053531171,0,0,True,-0.010418401880657284,0.014519034696790634
696.62,11.977941513061523,-0.032652802765369415,3.0979757747724066,0.00022159963381068742,-0.0009170195513799684,0.0,-0.0,0.0,0.003287449553608895,0.0016637106053531171,0,0,True,0.0,0.0
696.64,11.977941513061523,-0.032652802765369415,3.0979757747724066,0.00022159963381068742,-0.0009170195513799684,0.0,-0.0,0.0,0.003287449553608895,0.0016637106053531171,0,0,True,0.0,0.0
696.66,11.977941513061523,-0.032652802765369415,3.0979757747724066,0.00022159963381068742,-0.0009170195513799684,0.0,-0.0,0.0,0.003287449553608895,0.0016637106053531171,0,0,True,0.0,0.0
696.68,11.977941513061523,-0.032652802765369415,3.0979757747724066,0.00022159963381068742,-0.0009170195513799684,0.0,-0.0,0.0,0.003287449553608895,0.0016637106053531171,0,0,True,0.0,0.0
696.7,11.977941513061523,-0.032652802765369415,3.0979757747724066,0.00022159963381068742,-0.0009170195513799684,0.0,-0.0,0.0,0.003287449553608895,0.0016637106053531171,0,0,True,0.0,0.0
696.72,11.977941513061523,-0.032652802765369415,3.0979757747724066,0.00022159963381068742,-0.0009170195513799684,0.0,-0.0,0.0,0.003287449553608895,0.0016637106053531171,0,0,True,0.0,0.0
696.74,11.977941513061523,-0.032652802765369415,3.0979757747724066,0.00022159963381068742,-0.0009170195513799684,0.0,-0.0,0.0,0.003287449553608895,0.0016637106053531171,0,0,True,0.0,0.0
696.76,11.977941513061523,-0.032652802765369415,3.0979757747724066,0.00022159963381068742,-0.0009170195513799684,0.0,-0.0,0.0,0.003287449553608895,0.0016637106053531171,0,0,True,0.0,0.0
696.78,11.977941513061523,-0.032652802765369415,3.0979757747724066,0.00022159963381068742,-0.0009170195513799684,0.0,-0.0,0.0,0.003287449553608895,0.0016637106053531171,0,0,True,0.0,0.0
696.8,11.977941513061523,-0.032652802765369415,3.0979757747724066,0.00022159963381068742,-0.0009170195513799684,0.0,-0.0,0.0,0.003287449553608895,0.0016637106053531171,0,0,True,0.0,0.0
696.82,11.977941513061523,-0.032652802765369415,3.0979757747724066,0.00022159963381068742,-0.0009170195513799684,0.0,-0.0,0.0,0.003287449553608895,0.0016637106053531171,0,0,True,0.0,0.0
696.84,11.977941513061523,-0.032652802765369415,3.0979757747724066,0.00022159963381068742,-0.0009170195513799684,0.0,-0.0,0.0,0.003287449553608895,0.0016637106053531171,0,0,True,0.0,0.0
696.86,11.977941513061523,-0.032652802765369415,3.0979757747724066,0.00022159963381068742,-0.0009170195513799684,0.0,-0.0,0.0,0.003287449553608895,0.0016637106053531171,0,0,True,0.0,0.0
696.88,11.977941513061523,-0.032652802765369415,3.0979757747724066,0.00022159963381068742,-0.0009170195513799684,0.0,-0.0,0.0,0.003287449553608895,0.0016637106053531171,0,0,True,0.0,0.0
696.9,11.977941513061523,-0.032652802765369415,3.0979757747724066,0.00022159963381068742,-0.0009170195513799684,0.0,-0.0,0.0,0.003287449553608895,0.0016637106053531171,0,0,True,0.0,0.0
696.92,11.977941513061523,-0.032652802765369415,3.0979757747724066,0.00022159963381068742,-0.0009170195513799684,0.0,-0.0,0.0,0.003287449553608895,0.0016637106053531171,0,0,True,0.0,0.0
696.94,11.977941513061523,-0.032652802765369415,3.0979757747724066,0.00022159963381068742,-0.0009170195513799684,0.0,-0.0,0.0,0.003287449553608895,0.0016637106053531171,0,0,True,0.0,0.0
696.96,11.977941513061523,-0.032652802765369415,3.0979757747724066,0.00022159963381068742,-0.0009170195513799684,0.0,-0.0,0.0,0.003287449553608895,0.0016637106053531171,0,0,True,0.0,0.0
696.98,11.977941513061523,-0.032652802765369415,3.0979757747724066,0.00022159963381068742,-0.0009170195513799684,0.0,-0.0,0.0,0.003287449553608895,0.0016637106053531171,0,0,True,0.0,0.0
697.0,11.977941513061523,-0.032652802765369415,3.0979757747724066,0.00022159963381068742,-0.0009170195513799684,0.0,-0.0,0.0,0.003287449553608895,0.0016637106053531171,0,0,True,0.0,0.0
697.02,11.977941513061523,-0.032652802765369415,3.0979757747724066,0.00022159963381068742,-0.0009170195513799684,0.0,-0.0,0.0,0.003287449553608895,0.0016637106053531171,0,0,True,0.0,0.0
697.04,11.977941513061523,-0.032652802765369415,3.0979757747724066,0.00022159963381068742,-0.0009170195513799684,0.0,-0.0,0.0,0.003287449553608895,0.0016637106053531171,0,0,True,0.0,0.0
697.06,11.977941513061523,-0.032652802765369415,3.0979757747724066,0.00022159963381068742,-0.0009170195513799684,0.0,-0.0,0.0,0.003287449553608895,0.0016637106053531171,0,0,True,0.0,0.0
697.08,11.977941513061523,-0.032652802765369415,3.0979757747724066,0.00022159963381068742,-0.0009170195513799684,0.0,-0.0,0.0,0.003287449553608895,0.0016637106053531171,0,0,True,0.0,0.0
697.1,11.977941513061523,-0.032652802765369415,3.0979757747724066,0.00022159963381068742,-0.0009170195513799684,0.0,-0.0,0.0,0.003287449553608895,0.0016637106053531171,0,0,True,0.0,0.0
697.12,11.977941513061523,-0.032652802765369415,3.0979757747724066,0.00022159963381068742,-0.0009170195513799684,0.0,-0.0,0.0,0.003287449553608895,0.0016637106053531171,0,0,True,0.0,0.0
697.14,11.977941513061523,-0.032652802765369415,3.0979757747724066,0.00022159963381068742,-0.0009170195513799684,0.0,-0.0,0.0,0.003287449553608895,0.0016637106053531171,0,0,True,0.0,0.0
697.16,11.977941513061523,-0.032652802765369415,3.0979757747724066,0.00022159963381068742,-0.0009170195513799684,0.0,-0.0,0.0,0.003287449553608895,0.0016637106053531171,0,0,True,0.0,0.0
697.18,11.977941513061523,-0.032652802765369415,3.0979757747724066,0.00022159963381068742,-0.0009170195513799684,0.0,-0.0,0.0,0.003287449553608895,0.0016637106053531171,0,0,True,0.0,0.0
697.2,11.977941513061523,-0.032652802765369415,3.0979757747724066,0.00022159963381068742,-0.0009170195513799684,0.0,-0.0,0.0,0.003287449553608895,0.0016637106053531171,0,0,True,0.0,0.0
697.22,11.977941513061523,-0.032652802765369415,3.0979757747724066,0.00022159963381068742,-0.0009170195513799684,0.0,-0.0,0.0,0.003287449553608895,0.0016637106053531171,0,0,True,0.0,0.0
697.24,11.977941513061523,-0.032652802765369415,3.0979757747724066,0.00022159963381068742,-0.0009170195513799684,0.0,-0.0,0.0,0.003287449553608895,0.0016637106053531171,0,0,True,0.0,0.0
697.26,11.977941513061523,-0.032652802765369415,3.0979757747724066,0.00022159963381068742,-0.0009170195513799684,0.0,-0.0,0.0,0.003287449553608895,0.0016637106053531171,0,0,True,0.0,0.0
697.28,11.977941513061523,-0.032652802765369415,3.0979757747724066,0.00022159963381068742,-0.0009170195513799684,0.0,-0.0,0.0,0.003287449553608895,0.0016637106053531171,0,0,True,0.0,0.0
697.3,11.977941513061523,-0.032652802765369415,3.0979757747724066,0.00022159963381068742,-0.0009170195513799684,0.0,-0.0,0.0,0.003287449553608895,0.0016637106053531171,0,0,True,0.0,0.0
697.32,11.977941513061523,-0.032652802765369415,3.0979757747724066,0.00022159963381068742,-0.0009170195513799684,0.0,-0.0,0.0,0.003287449553608895,0.0016637106053531171,0,0,True,0.0,0.0
697.34,11.977941513061523,-0.032652802765369415,3.0979757747724066,0.00022159963381068742,-0.0009170195513799684,0.0,-0.0,0.0,0.003287449553608895,0.0016637106053531171,0,0,True,0.0,0.0
697.36,11.977941513061523,-0.032652802765369415,3.0979757747724066,0.00022159963381068742,-0.0009170195513799684,0.0,-0.0,0.0,0.003287449553608895,0.0016637106053531171,0,0,True,0.0,0.0
697.38,11.977941513061523,-0.032652802765369415,3.0979757747724066,0.00022159963381068742,-0.0009170195513799684,0.0,-0.0,0.0,0.003287449553608895,0.0016637106053531171,0,0,True,0.0,0.0
697.4,11.977941513061523,-0.032652802765369415,3.0979757747724066,0.00022159963381068742,-0.0009170195513799684,0.0,-0.0,0.0,0.003287449553608895,0.0016637106053531171,0,0,True,0.0,0.0
697.42,11.977941513061523,-0.032652802765369415,3.0979757747724066,0.00022159963381068742,-0.0009170195513799684,0.0,-0.0,0.0,0.003287449553608895,0.0016637106053531171,0,0,True,0.0,0.0
697.44,11.977941513061523,-0.032652802765369415,3.0979757747724066,0.00022159963381068742,-0.0009170195513799684,0.0,-0.0,0.0,0.003287449553608895,0.0016637106053531171,0,0,True,0.0,0.0
697.46,11.977941513061523,-0.032652802765369415,3.0979757747724066,0.00022159963381068742,-0.0009170195513799684,0.0,-0.0,0.0,0.003287449553608895,0.0016637106053531171,0,0,True,0.0,0.0
697.48,11.977941513061523,-0.032652802765369415,3.0979757747724066,0.00022159963381068742,-0.0009170195513799684,0.0,-0.0,0.0,0.003287449553608895,0.0016637106053531171,0,0,True,0.0,0.0
697.5,11.977941513061523,-0.032652802765369415,3.0979757747724066,0.00022159963381068742,-0.0009170195513799684,0.0,-0.0,0.0,0.003287449553608895,0.0016637106053531171,0,0,True,0.0,0.0
697.52,11.977941513061523,-0.032652802765369415,3.0979757747724066,0.00022159963381068742,-0.0009170195513799684,0.0,-0.0,0.0,0.003287449553608895,0.0016637106053531171,0,0,True,0.0,0.0
697.54,11.977941513061523,-0.032652802765369415,3.0979757747724066,0.00022159963381068742,-0.0009170195513799684,0.0,-0.0,0.0,0.003287449553608895,0.0016637106053531171,0,0,True,0.0,0.0
697.56,11.977941513061523,-0.032652802765369415,3.0979757747724066,0.00022159963381068742,-0.0009170195513799684,0.0,-0.0,0.0,0.003287449553608895,0.0016637106053531171,0,0,True,0.0,0.0
697.58,11.977941513061523,-0.032652802765369415,3.0979757747724066,0.00022159963381068742,-0.0009170195513799684,0.0,-0.0,0.0,0.003287449553608895,0.0016637106053531171,0,0,True,0.0,0.0
697.6,11.977941513061523,-0.032652802765369415,3.0979757747724066,0.00022159963381068742,-0.0009170195513799684,0.0,-0.0,0.0,0.003287449553608895,0.0016637106053531171,0,0,True,0.0,0.0
697.62,11.977941513061523,-0.032652802765369415,3.0979757747724066,0.00022159963381068742,-0.0009170195513799684,0.0,-0.0,0.0,0.003287449553608895,0.0016637106053531171,0,0,True,0.0,0.0
697.64,11.977941513061523,-0.032652802765369415,3.0979757747724066,0.00022159963381068742,-0.0009170195513799684,0.0,-0.0,0.0,0.003287449553608895,0.0016637106053531171,0,0,True,0.0,0.0
697.66,11.977941513061523,-0.032652802765369415,3.0979757747724066,0.00022159963381068742,-0.0009170195513799684,0.0,-0.0,0.0,0.003287449553608895,0.0016637106053531171,0,0,True,0.0,0.0
697.68,11.977941513061523,-0.032652802765369415,3.0979757747724066,0.00022159963381068742,-0.0009170195513799684,0.0,-0.0,0.0,0.003287449553608895,0.0016637106053531171,0,0,True,0.0,0.0
697.7,11.977941513061523,-0.032652802765369415,3.0979757747724066,0.00022159963381068742,-0.0009170195513799684,0.0,-0.0,0.0,0.003287449553608895,0.0016637106053531171,0,0,True,0.0,0.0
697.72,11.977941513061523,-0.032652802765369415,3.0979757747724066,0.00022159963381068742,-0.0009170195513799684,0.0,-0.0,0.0,0.003287449553608895,0.0016637106053531171,0,0,True,0.0,0.0
697.74,11.977941513061523,-0.032652802765369415,3.0979757747724066,0.00022159963381068742,-0.0009170195513799684,0.0,-0.0,0.0,0.003287449553608895,0.0016637106053531171,0,0,True,0.0,0.0
697.76,11.977941513061523,-0.032652802765369415,3.0979757747724066,0.00022159963381068742,-0.0009170195513799684,0.0,-0.0,0.0,0.003287449553608895,0.0016637106053531171,0,0,True,0.0,0.0
697.78,11.977941513061523,-0.032652802765369415,3.0979757747724066,0.00022159963381068742,-0.0009170195513799684,0.0,-0.0,0.0,0.003287449553608895,0.0016637106053531171,0,0,True,0.0,0.0
697.8,11.977941513061523,-0.032652802765369415,3.0979757747724066,0.00022159963381068742,-0.0009170195513799684,0.0,-0.0,0.0,0.003287449553608895,0.0016637106053531171,0,0,True,0.0,0.0
697.82,11.977941513061523,-0.032652802765369415,3.0979757747724066,0.00022159963381068742,-0.0009170195513799684,0.0,-0.0,0.0,0.003287449553608895,0.0016637106053531171,0,0,True,0.0,0.0
697.84,11.977941513061523,-0.032652802765369415,3.0979757747724066,0.00022159963381068742,-0.0009170195513799684,0.0,-0.0,0.0,0.003287449553608895,0.0016637106053531171,0,0,True,0.0,0.0
697.86,11.977941513061523,-0.032652802765369415,3.0979757747724066,0.00022159963381068742,-0.0009170195513799684,0.0,-0.0,0.0,0.003287449553608895,0.0016637106053531171,0,0,True,0.0,0.0
697.88,11.977941513061523,-0.032652802765369415,3.0979757747724066,0.00022159963381068742,-0.0009170195513799684,0.0,-0.0,0.0,0.003287449553608895,0.0016637106053531171,0,0,True,0.0,0.0
697.9,11.977941513061523,-0.032652802765369415,3.0979757747724066,0.00022159963381068742,-0.0009170195513799684,0.0,-0.0,0.0,0.003287449553608895,0.0016637106053531171,0,0,True,0.0,0.0
697.92,11.977941513061523,-0.032652802765369415,3.0979757747724066,0.00022159963381068742,-0.0009170195513799684,0.0,-0.0,0.0,0.003287449553608895,0.0016637106053531171,0,0,True,0.0,0.0
697.94,11.977941513061523,-0.032652802765369415,3.0979757747724066,0.00022159963381068742,-0.0009170195513799684,0.0,-0.0,0.0,0.003287449553608895,0.0016637106053531171,0,0,True,0.0,0.0
697.96,11.977941513061523,-0.032652802765369415,3.0979757747724066,0.00022159963381068742,-0.0009170195513799684,0.0,-0.0,0.0,0.003287449553608895,0.0016637106053531171,0,0,True,0.0,0.0
697.98,11.977941513061523,-0.032652802765369415,3.0979757747724066,0.00022159963381068742,-0.0009170195513799684,0.0,-0.0,0.0,0.003287449553608895,0.0016637106053531171,0,0,True,0.0,0.0
698.0,11.977941513061523,-0.032652802765369415,3.0979757747724066,0.00022159963381068742,-0.0009170195513799684,0.0,-0.0,0.0,0.003287449553608895,0.0016637106053531171,0,0,True,0.0,0.0
698.02,11.977941513061523,-0.032652802765369415,3.0979757747724066,0.00022159963381068742,-0.0009170195513799684,0.0,-0.0,0.0,0.003287449553608895,0.0016637106053531171,0,0,True,0.0,0.0
698.04,11.977941513061523,-0.032652802765369415,3.0979757747724066,0.00022159963381068742,-0.0009170195513799684,0.0,-0.0,0.0,0.003287449553608895,0.0016637106053531171,0,0,True,0.0,0.0
698.06,11.977941513061523,-0.032652802765369415,3.0979757747724066,0.00022159963381068742,-0.0009170195513799684,0.0,-0.0,0.0,0.003287449553608895,0.0016637106053531171,0,0,True,0.0,0.0
698.08,11.977941513061523,-0.032652802765369415,3.0979757747724066,0.00022159963381068742,-0.0009170195513799684,0.0,-0.0,0.0,0.003287449553608895,0.0016637106053531171,0,0,True,0.0,0.0
698.1,11.977941513061523,-0.032652802765369415,3.0979757747724066,0.00022159963381068742,-0.0009170195513799684,0.0,-0.0,0.0,0.003287449553608895,0.0016637106053531171,0,0,True,0.0,0.0
698.12,11.977941513061523,-0.032652802765369415,3.0979757747724066,0.00022159963381068742,-0.0009170195513799684,0.0,-0.0,0.0,0.003287449553608895,0.0016637106053531171,0,0,True,0.0,0.0
698.14,11.977941513061523,-0.032652802765369415,3.0979757747724066,0.00022159963381068742,-0.0009170195513799684,0.0,-0.0,0.0,0.003287449553608895,0.0016637106053531171,0,0,True,0.0,0.0
698.16,11.977941513061523,-0.032652802765369415,3.0979757747724066,0.00022159963381068742,-0.0009170195513799684,0.0,-0.0,0.0,0.003287449553608895,0.0016637106053531171,0,0,True,0.0,0.0
698.18,11.977941513061523,-0.032652802765369415,3.0979757747724066,0.00022159963381068742,-0.0009170195513799684,0.0,-0.0,0.0,0.003287449553608895,0.0016637106053531171,0,0,True,0.0,0.0
698.2,11.977941513061523,-0.032652802765369415,3.0979757747724066,0.00022159963381068742,-0.0009170195513799684,0.0,-0.0,0.0,0.003287449553608895,0.0016637106053531171,0,0,True,0.0,0.0
698.22,11.977941513061523,-0.032652802765369415,3.0979757747724066,0.00022159963381068742,-0.0009170195513799684,0.0,-0.0,0.0,0.003287449553608895,0.0016637106053531171,0,0,True,0.0,0.0
698.24,11.977941513061523,-0.032652802765369415,3.0979757747724066,0.00022159963381068742,-0.0009170195513799684,0.0,-0.0,0.0,0.003287449553608895,0.0016637106053531171,0,0,True,0.0,0.0
698.26,11.977941513061523,-0.032652802765369415,3.0979757747724066,0.00022159963381068742,-0.0009170195513799684,0.0,-0.0,0.0,0.003287449553608895,0.0016637106053531171,0,0,True,0.0,0.0
698.28,11.977941513061523,-0.032652802765369415,3.0979757747724066,0.00022159963381068742,-0.0009170195513799684,0.0,-0.0,0.0,0.003287449553608895,0.0016637106053531171,0,0,True,0.0,0.0
698.3,11.977941513061523,-0.032652802765369415,3.0979757747724066,0.00022159963381068742,-0.0009170195513799684,0.0,-0.0,0.0,0.003287449553608895,0.0016637106053531171,0,0,True,0.0,0.0
698.32,11.977941513061523,-0.032652802765369415,3.0979757747724066,0.00022159963381068742,-0.0009170195513799684,0.0,-0.0,0.0,0.003287449553608895,0.0016637106053531171,0,0,True,0.0,0.0
698.34,11.977941513061523,-0.032652802765369415,3.0979757747724066,0.00022159963381068742,-0.0009170195513799684,0.0,-0.0,0.0,0.003287449553608895,0.0016637106053531171,0,0,True,0.0,0.0
698.36,11.977941513061523,-0.032652802765369415,3.0979757747724066,0.00022159963381068742,-0.0009170195513799684,0.0,-0.0,0.0,0.003287449553608895,0.0016637106053531171,0,0,True,0.0,0.0
698.38,11.977941513061523,-0.032652802765369415,3.0979757747724066,0.00022159963381068742,-0.0009170195513799684,0.0,-0.0,0.0,0.003287449553608895,0.0016637106053531171,0,0,True,0.0,0.0
698.4,11.977941513061523,-0.032652802765369415,3.0979757747724066,0.00022159963381068742,-0.0009170195513799684,0.0,-0.0,0.0,0.003287449553608895,0.0016637106053531171,0,0,True,0.0,0.0
698.42,11.977941513061523,-0.032652802765369415,3.0979757747724066,0.00022159963381068742,-0.0009170195513799684,0.0,-0.0,0.0,0.003287449553608895,0.0016637106053531171,0,0,True,0.0,0.0
698.44,11.977941513061523,-0.032652802765369415,3.0979757747724066,0.00022159963381068742,-0.0009170195513799684,0.0,-0.0,0.0,0.003287449553608895,0.0016637106053531171,0,0,True,0.0,0.0
698.46,11.977941513061523,-0.032652802765369415,3.0979757747724066,0.00022159963381068742,-0.0009170195513799684,0.0,-0.0,0.0,0.003287449553608895,0.0016637106053531171,0,0,True,0.0,0.0
698.48,11.977941513061523,-0.032652802765369415,3.0979757747724066,0.00022159963381068742,-0.0009170195513799684,0.0,-0.0,0.0,0.003287449553608895,0.0016637106053531171,0,0,True,0.0,0.0
698.5,11.977941513061523,-0.032652802765369415,3.0979757747724066,0.00022159963381068742,-0.0009170195513799684,0.0,-0.0,0.0,0.003287449553608895,0.0016637106053531171,0,0,True,0.0,0.0
698.52,11.977941513061523,-0.032652802765369415,3.0979757747724066,0.00022159963381068742,-0.0009170195513799684,0.0,-0.0,0.0,0.003287449553608895,0.0016637106053531171,0,0,True,0.0,0.0
698.54,11.977941513061523,-0.032652802765369415,3.0979757747724066,0.00022159963381068742,-0.0009170195513799684,0.0,-0.0,0.0,0.003287449553608895,0.0016637106053531171,0,0,True,0.0,0.0
698.56,11.977941513061523,-0.032652802765369415,3.0979757747724066,0.00022159963381068742,-0.0009170195513799684,0.0,-0.0,0.0,0.003287449553608895,0.0016637106053531171,0,0,True,0.0,0.0
698.58,11.977941513061523,-0.032652802765369415,3.0979757747724066,0.00022159963381068742,-0.0009170195513799684,0.0,-0.0,0.0,0.003287449553608895,0.0016637106053531171,0,0,True,0.0,0.0
698.6,11.977941513061523,-0.032652802765369415,3.0979757747724066,0.00022159963381068742,-0.0009170195513799684,0.0,-0.0,0.0,0.003287449553608895,0.0016637106053531171,0,0,True,0.0,0.0
698.62,11.977941513061523,-0.032652802765369415,3.0979757747724066,0.00022159963381068742,-0.0009170195513799684,0.0,-0.0,0.0,0.003287449553608895,0.0016637106053531171,0,0,True,0.0,0.0
698.64,11.977941513061523,-0.032652802765369415,3.0979757747724066,0.00022159963381068742,-0.0009170195513799684,0.0,-0.0,0.0,0.003287449553608895,0.0016637106053531171,0,0,True,0.0,0.0
698.66,11.977941513061523,-0.032652802765369415,3.0979757747724066,0.00022159963381068742,-0.0009170195513799684,0.0,-0.0,0.0,0.003287449553608895,0.0016637106053531171,0,0,True,0.0,0.0
698.68,11.977941513061523,-0.032652802765369415,3.0979757747724066,0.00022159963381068742,-0.0009170195513799684,0.0,-0.0,0.0,0.003287449553608895,0.0016637106053531171,0,0,True,0.0,0.0
698.7,11.977941513061523,-0.032652802765369415,3.0979757747724066,0.00022159963381068742,-0.0009170195513799684,0.0,-0.0,0.0,0.003287449553608895,0.0016637106053531171,0,0,True,0.0,0.0
698.72,11.977941513061523,-0.032652802765369415,3.0979757747724066,0.00022159963381068742,-0.0009170195513799684,0.0,-0.0,0.0,0.003287449553608895,0.0016637106053531171,0,0,True,0.0,0.0
698.74,11.977941513061523,-0.032652802765369415,3.0979757747724066,0.00022159963381068742,-0.0009170195513799684,0.0,-0.0,0.0,0.003287449553608895,0.0016637106053531171,0,0,True,0.0,0.0
698.76,11.977941513061523,-0.032652802765369415,3.0979757747724066,0.00022159963381068742,-0.0009170195513799684,0.0,-0.0,0.0,0.003287449553608895,0.0016637106053531171,0,0,True,0.0,0.0
698.78,11.977941513061523,-0.032652802765369415,3.0979757747724066,0.00022159963381068742,-0.0009170195513799684,0.0,-0.0,0.0,0.003287449553608895,0.0016637106053531171,0,0,True,0.0,0.0
698.8,11.977941513061523,-0.032652802765369415,3.0979757747724066,0.00022159963381068742,-0.0009170195513799684,0.0,-0.0,0.0,0.003287449553608895,0.0016637106053531171,0,0,True,0.0,0.0
698.82,11.977941513061523,-0.032652802765369415,3.0979757747724066,0.00022159963381068742,-0.0009170195513799684,0.0,-0.0,0.0,0.003287449553608895,0.0016637106053531171,0,0,True,0.0,0.0
698.84,11.977941513061523,-0.032652802765369415,3.0979757747724066,0.00022159963381068742,-0.0009170195513799684,0.0,-0.0,0.0,0.003287449553608895,0.0016637106053531171,0,0,True,0.0,0.0
698.86,11.977941513061523,-0.032652802765369415,3.0979757747724066,0.00022159963381068742,-0.0009170195513799684,0.0,-0.0,0.0,0.003287449553608895,0.0016637106053531171,0,0,True,0.0,0.0
698.88,11.977941513061523,-0.032652802765369415,3.0979757747724066,0.00022159963381068742,-0.0009170195513799684,0.0,-0.0,0.0,0.003287449553608895,0.0016637106053531171,0,0,True,0.0,0.0
698.9,11.977941513061523,-0.032652802765369415,3.0979757747724066,0.00022159963381068742,-0.0009170195513799684,0.0,-0.0,0.0,0.003287449553608895,0.0016637106053531171,0,0,True,0.0,0.0
698.92,11.977941513061523,-0.032652802765369415,3.0979757747724066,0.00022159963381068742,-0.0009170195513799684,0.0,-0.0,0.0,0.003287449553608895,0.0016637106053531171,0,0,True,0.0,0.0
698.94,11.977941513061523,-0.032652802765369415,3.0979757747724066,0.00022159963381068742,-0.0009170195513799684,0.0,-0.0,0.0,0.003287449553608895,0.0016637106053531171,0,0,True,0.0,0.0
698.96,11.977941513061523,-0.032652802765369415,3.0979757747724066,0.00022159963381068742,-0.0009170195513799684,0.0,-0.0,0.0,0.003287449553608895,0.0016637106053531171,0,0,True,0.0,0.0
