t,x,y,yaw,roll,pitch,v,lateral,w,rim_left,rim_right,cmd_v,cmd_w,publishing,a,alpha
1227.8,12.062968254089355,-0.013641512021422386,3.0788031705556174,-0.0008239559154657091,0.00016213660371214558,0.0001436173806590797,0.00037544704779524356,0.0012219067458696397,9.441728936508299e-05,0.000464458866044879,0,0.3,True,0.03741722266641007,0.09078126926927592
1227.82,12.06298828125,-0.013661162927746773,3.0788603443169342,-0.0008043042838196852,0.00018311556919265866,0.001375070937456199,0.0009274884465944563,0.0030811004869152605,9.441728936508299e-05,0.000464458866044879,0,0.3,True,0.06772185872175221,0.21439941467037654
1227.84,12.062954902648926,-0.013670767657458782,3.078900923095287,-0.0007785012432625863,0.0002123136617395338,0.0029933778133100835,0.002167351228567005,0.007262501541535469,-0.0005310050072148443,0.00106086490675807,0,0.3,True,0.08831190232144621,0.3678864740218253
1227.86,12.062853813171387,-0.013708668760955334,3.0790496585945704,-0.0007415391336338732,0.00018523748638091895,0.005152489266105408,0.002216821466622276,0.017866625190075976,-0.0001253777835518122,0.0027105138637125493,0,0.3,True,0.10013115864374746,0.5804485973721274
1227.88,12.062718391418457,-0.013799556531012058,3.0793841706789413,-0.0006913287577514377,0.00013295899915809407,0.007208569566388431,0.0035418647871532168,0.03065282466767254,0.0005802406277507544,0.005803298242390157,0,0.3,True,0.07894387312240438,0.7342946488223597
1227.9,12.062565803527832,-0.013812398537993431,3.080289674332143,-0.0006404361562790836,8.221316877450981e-05,0.009385563628971477,0.0011987726476048654,0.0495169882767752,-0.012571770027279855,0.016473969966173174,0,0.3,True,0.06702337921411226,0.8064894999934745
1227.92,12.062361717224121,-0.013917717151343822,3.0813531490687054,-0.00036865007304829977,-1.4052749293780094e-05,0.00930888766311464,0.0018871163195953266,0.06600607344743778,-0.04872113379649819,0.025466913506388668,0,0.3,True,0.07470587629540049,0.9392215027188369
1227.94,12.062098503112793,-0.013758390210568905,3.08301101765672,-0.0008344577120891768,-0.00022098285353220224,0.010514359603244752,0.00336048523104885,0.08238578518967864,-0.05218123853206635,0.046422297060489656,0,0.3,True,0.0616285791269327,1.0053743053438167
1227.96,12.061965942382812,-0.01390541810542345,3.0846646565547315,-0.0004899926336210654,0.00020826517809349886,0.013185039670015034,0.0009952991752171356,0.10579054488511115,-0.04803402662277222,0.046285282075405124,0,0.3,True,0.10252840010605122,1.1973191001863746
1227.98,12.061710357666016,-0.014031528495252132,3.0868805371473114,-0.00025012223337295413,0.0002589842765151549,0.014315849959121609,0.00041340566934110987,0.12994693270420737,-0.04982744216918946,0.07105685204267502,0,0.3,True,0.124882168659005,1.4026141154574294
1228.0,12.061304092407227,-0.01393719669431448,3.0898163926595066,6.416419668904396e-06,-0.00019311300841334475,0.017511159671591277,0.0011576942368785297,0.16179160146226063,-0.12327857673168184,0.08137124240398408,0,0.3,True,0.037125896713086304,1.4394444782522646
1228.02,12.060953140258789,-0.013728784397244453,3.093406772273047,-0.00015224368426934346,-0.0004564266548032188,0.020504933095956066,0.0007221925316428398,0.19459491442617094,-0.15640456438064576,0.09199649393558502,0,0.3,True,0.01366396946514588,1.326956542160431
1228.04,12.060562133789062,-0.013925408944487572,3.0976079846717006,0.00046843824504031297,-0.0004338859942757537,0.016155111407059237,0.005726355371081299,0.2209461031451876,-0.16556266367435457,0.09967630296945573,0,0.3,True,-0.04553676560354811,1.1183064591136158
1228.06,12.06006908416748,-0.014010223560035229,3.102448130301391,0.000780206230396736,-0.0005670823897863201,0.015408967516332285,0.0052979434041051906,0.2361034560769453,-0.14738644242286683,0.12636096954345705,0,0.3,True,-0.15218903491087157,0.8231202558340609
1228.08,12.059992790222168,-0.014338034205138683,3.1074920809111055,0.001463315769221431,0.0004638357713960531,0.013868218423310742,0.0018621811496932687,0.25125611819126853,-0.15959481596946717,0.14633035182952883,0,0.3,True,-0.08066964828268346,0.628937036650069
1228.1,12.059704780578613,-0.014104053378105164,3.1122950487591856,0.00027890175463047954,0.00043152622150113504,0.008329810303097412,0.0034772716549743466,0.2604445348928359,-0.10972586750984192,0.17277146935462953,0,0.3,True,-0.10263111844539997,0.5910964198699423
1228.12,12.0594482421875,-0.014036471024155617,3.117708474126984,-0.0006754985546298465,1.773703746234525e-06,0.00970153954445043,0.0007028149940212965,0.27126106607714734,-0.15017600893974306,0.15054312348365786,0,0.3,True,-0.090595618169544,0.5289672084083434
1228.14,12.059394836425781,-0.014268765226006508,3.123283693092858,-0.0007135810970772047,-2.518553144034508e-06,0.00719847804068442,0.009278082184425777,0.2833911696666321,-0.1717407298088074,0.1689963495731354,0,0.3,True,0.008184688365637734,0.5704968627929026
1228.16,12.059215545654297,-0.014375708065927029,3.1291929661973192,-0.0009345721523661011,-7.322268482948273e-05,0.006620568969733214,0.010257438853240783,0.2935734948640178,-0.166718168258667,0.19327633619308474,0,0.3,True,-0.030400856068735636,0.5401129681935669
1228.18,12.059115409851074,-0.014835632406175137,3.13496634233256,1.0264819578274859e-05,1.888143965304657e-05,0.008984585372349696,0.009597710455839624,0.30608428391635634,-0.17123375892639162,0.17023759961128238,0,0.3,True,0.017479289780039126,0.5412741309199106
1228.2,12.058908462524414,-0.01485043577849865,3.1411943537161506,0.00019895455297022697,7.223587553677944e-06,0.007269471058946878,0.0057649537311664925,0.3144701035327162,-0.17744346380233766,0.17861223220825198,0,0.3,True,0.01723336728183457,0.5276348142308412
1228.22,12.058670997619629,-0.015031802468001842,-3.135414871373442,0.0008407034782584167,9.780094943481034e-05,0.008596821223086278,-0.0016597535555297172,0.32669310014018554,-0.24847708225250245,0.20080005645751955,0,0.3,True,0.004082748814073601,0.43238759252271686
1228.24,12.058633804321289,-0.014836672693490982,-3.1288347326996724,0.00041677779577266105,0.0004942883042694423,0.007999238352278726,-0.0028311612022728677,0.3357842800024467,-0.203833144903183,0.20710723519325258,0,0.3,True,0.07583172481420336,0.33744908862024614
1228.26,12.058426856994629,-0.014707103371620178,-3.122083516835836,-0.00010469006966747496,0.0003342185094347136,0.009311205277475287,-0.004930288136539479,0.3406752913181422,-0.2129435420036316,0.09279347062110901,0,0.3,True,0.05116993138364495,0.221210471360745
1228.28,12.058265686035156,-0.01463212538510561,-3.115128211063265,-0.0005249297950644019,0.00026680192947771056,0.01333600904407763,-0.0007596422273451122,0.34146603062231135,-0.2393654000759125,0.1753795397281647,0,0.3,True,0.04097306932854529,0.08305282729240267
1228.3,12.057918548583984,-0.014651985839009285,-3.1081608480680156,-0.0007238091630288846,-0.0004096190749633849,0.01269041573377415,0.0067599036744830305,0.34438993784902905,-0.24411605119705201,0.22683107614517214,0,0.3,True,-0.024010355625957505,-0.025958860621625602
1228.32,12.057565689086914,-0.014804153703153133,-3.1015174502499123,-0.0003698734894628152,-0.000755111984048974,0.011277083898559368,0.00959007526779929,0.34242850618583287,-0.17089907169342042,0.21197739839553836,0,0.3,True,-0.11571977226404509,0.0037116209458050893
1228.34,12.057430267333984,-0.015281528234481812,-3.0945323218079386,0.0008446960497691713,-0.0002941014781025489,0.0073903768274004335,0.006655274361081433,0.33859858246841407,-0.17999801158905032,0.19102383136749268,0,0.3,True,-0.1388774709467308,-0.03836016162787764
1228.36,12.057394981384277,-0.01543486025184393,-3.0877339305684233,0.0012518879332994903,0.00022296567530473885,0.0040784272629624425,0.0012461070125360796,0.3417629602979755,-0.13644438207149506,0.1679599189758301,0,0.3,True,-0.14286944309737565,-0.08189297763463714
1228.38,12.057353019714355,-0.015211631543934345,-3.08107296147049,0.000640728869909176,0.0003213050891747313,0.0015802180580142123,-0.007230357305622424,0.3413211249187929,-0.23656272411346438,0.2496418368816376,0,0.3,True,-0.07240278511997493,-0.08730799946790242
1228.4,12.057245254516602,-0.014921261928975582,-3.0741764134260214,-0.00010549599042578544,0.0002524825119116225,-0.00015247154925277304,-0.008451809493158801,0.33587706797504924,-0.25993056535720827,0.27686740994453435,0,0.3,True,-0.01412170923843688,-0.12085772909843874
1228.42,12.057269096374512,-0.014711804687976837,-3.0672266318143824,-0.0009499696817027557,0.00011913691591163039,0.0015981540177912445,-0.0019747463985443038,0.3316139425109684,-0.2322352969646454,0.20557000875473025,0,0.3,True,0.059022188120629614,-0.1095761453501984
1228.44,12.057361602783203,-0.014759429730474949,-3.0608637651303674,-0.0011036385583763422,0.0004159142746086406,0.0029486905238853087,0.006585459551107152,0.3320943419700817,-0.21255050897598268,0.21378902196884159,0,0.3,True,0.10324525503676206,0.028117264577514383
1228.46,12.05721378326416,-0.015063587576150894,-3.054543846069637,-0.0006547371035540627,0.00010737468557938178,0.006301993107660287,0.010372714840860253,0.332555033290785,-0.1848964548110962,0.20590018987655642,0,0.3,True,0.09681777966256189,0.15663671814895191
1228.48,12.057052612304688,-0.015465405769646168,-3.047608866068439,0.00034989870906252014,-0.00028771179418257784,0.00810714885368068,0.010171779058383104,0.33812644914124834,-0.24135554075241092,0.19582613587379458,0,0.3,True,0.01764328623506201,0.10722897249881953
1228.5,12.056838989257812,-0.01558231096714735,-3.0406222291511438,0.0006984432736588421,-0.0002803590912440299,0.00934357639078915,0.003997808043540276,0.34414487996287313,-0.18666708946228028,0.20160190224647523,0,0.3,True,-0.03317563508831002,0.08630294801520869
1228.52,12.056792259216309,-0.01563044637441635,-3.033813649199092,0.000924595417660998,0.0001141833362399188,0.004360153422688986,-0.0018136905855691934,0.34067265976997946,-0.1787372183799744,0.212733006477356,0,0.3,True,-0.08362159750105987,0.04277879840864645
1228.54,12.056502342224121,-0.01545712910592556,-3.027012255672632,0.00023206193959098568,-0.0005246933659789368,0.003647942300597899,-0.003023245214903372,0.3394592691319954,-0.20559879779815676,0.15155285120010378,0,0.3,True,-0.08852731689857452,-0.015478135642233081
1228.56,12.056690216064453,-0.015358674339950085,-3.0203550532868655,-0.00039044674606095484,0.00018464107299745783,0.0014174210536019745,0.0009885534347402753,0.34154875301393695,-0.19855509519577028,0.20091697335243228,0,0.3,True,-0.007767844548680048,0.09484467882675424
1228.58,12.05652141571045,-0.015375402756035328,-3.013465487620609,-0.0009434991367787864,-0.0003673156132856962,0.002261391038909631,0.007570343212208594,0.3429066291114956,-0.2511688327789307,0.2001101124286652,0,0.3,True,-0.003082546959086409,0.06828023188314054
1228.6,12.056689262390137,-0.015722664073109627,-3.006489748958002,-0.0005079283651306253,0.00029554093194549366,0.003738725858795147,0.012812779178179277,0.3482602340761129,-0.18209730029106141,0.20382976531982425,0,0.3,True,0.04020221557037148,0.024525357625437623
1228.62,12.056400299072266,-0.016080908477306366,-2.9995797253437373,0.00010318763637859781,-0.0004993228806671335,0.0034013385438712105,0.014440662204498597,0.3449216876826417,-0.20312966585159303,0.21264027237892152,0,0.3,True,-0.016972637547685184,0.022992205012267702
1228.64,12.05653190612793,-0.016414642333984375,-2.9924942345607226,0.0007924045102115064,0.0001697466792596635,0.004633598299237909,0.007654445338902423,0.34351078162397575,-0.19717637538909913,0.19038015842437747,0,0.3,True,-0.059577417735502874,-0.1009185933946582
1228.66,12.056415557861328,-0.016557538881897926,-2.985871752605944,0.0009935751462793083,8.815096502577862e-06,0.0009035800350921919,0.0010669131525045828,0.3447460055124806,-0.22128294348716737,0.20773725628852846,0,0.3,True,-0.07374618562910078,-0.018814294785599452
1228.68,12.056413650512695,-0.01638329029083252,-2.979008886428031,0.000398944310655023,1.581515936292634e-05,-0.0010274675600542948,-0.00434904749310961,0.34018674660452464,-0.2240894412994385,0.19790943622589113,0,0.3,True,-0.1118202391390238,-0.059069441161578876
1228.7,12.056342124938965,-0.016176439821720123,-2.9720000449026855,-0.0001790632151240104,-0.00037914628590149136,-0.0024983563064682537,-0.005761305167463978,0.34341654409979083,-0.2102708923816681,0.2006153476238251,0,0.3,True,-0.07601716290919212,-0.18215930657076146
1228.72,12.056556701660156,-0.016058001667261124,-2.9652792948323854,-0.0005214298628995306,-2.7808333664568565e-05,-0.004312020831875858,0.0009439613799682424,0.33878522633105373,-0.21066954970359805,0.13713325381278993,0,0.3,True,-0.025898715547132137,-0.13804628217648077
1228.74,12.056534767150879,-0.01606951281428337,-2.958398429077986,-0.0008252939961740293,-0.00019431856379201014,-0.005177792997637647,0.003986695027115425,0.3301732609868329,-0.14462828516960147,0.21951713204383852,0,0.3,True,0.012688684813708929,-0.18770179953358435
1228.76,12.056766510009766,-0.016397129744291306,-2.951906068321571,-2.0706040970045896e-05,6.950644420227323e-05,-0.0030993648038229816,0.005353154217654073,0.3291430440304162,-0.23867160081863406,0.20194670319557192,0,0.3,True,0.08555018454160386,-0.08172881014526936
1228.78,12.056807518005371,-0.0164145790040493,-2.945586184023763,0.00021174988048936006,0.00015860345291290545,-0.0014832615213724626,0.002813068193826028,0.32840040013711774,-0.23867160081863406,0.20194670319557192,0,0.3,True,0.1050001899533537,0.05991927723468275
1228.8,12.056880950927734,-0.016431821510195732,-2.938947851309976,0.0005968391243573977,0.0005127064639319686,0.0025319939314462263,-0.002899200693219461,0.33224692151943813,-0.231772118806839,0.20161339282989504,0,0.3,True,0.08953967118152159,0.042904258019591135
1228.82,12.056694984436035,-0.016267139464616776,-2.9321263970670404,0.0003779145421559126,0.00015433066168949158,0.0032222221986230085,-0.010698138594068216,0.3349668031656032,-0.2051133728027344,0.2089823114871979,0,0.3,True,0.05097751507557249,-0.020170538088452483
1228.84,12.05652141571045,-0.016210706904530525,-2.9253263146000403,0.00045355938778017947,-0.0003727149662539704,0.00406380889069223,-0.005446695597929349,0.3325753846719804,-0.21138799905776978,0.19668849706649782,0,0.3,True,-0.005238444616482038,-0.0917601914314506
1228.86,12.056377410888672,-0.015631036832928658,-2.918788839770539,-0.001002919502275812,-0.00024076350888953748,0.0025949396846696275,-0.002951104262217953,0.326786757090043,-0.22632631659507754,0.20853749155998233,0,0.3,True,0.0048506202046648735,-0.023486649832287338
1228.88,12.056469917297363,-0.016075998544692993,-2.912341820536166,-0.00022107164144876556,5.3712545209202157e-05,0.0021129183621268533,0.002287536155461581,0.3249061062049079,-0.26611611247062683,0.23492518663406375,0,0.3,True,0.03185507800609363,0.06943496775118255
1228.9,12.056440353393555,-0.016082758083939552,-2.9059834564997864,-0.000362030289763735,0.0002624129975353478,0.0036102718149969484,0.007531641890886396,0.33308787117901656,-0.1425472629070282,0.21810548424720766,0,0.3,True,0.0871865692152264,0.2293482996225353
1228.92,12.056398391723633,-0.016427334398031235,-2.8993338261035975,0.0005539273832285883,0.00026701531543977397,0.006612215131184646,0.003054846911167347,0.33813018209208573,-0.2005047142505646,0.1863312089443207,0,0.3,True,0.032763611704822684,0.28650760043698775
1228.94,12.05623722076416,-0.016284342855215073,-2.892141810076166,0.0002557475974467959,0.0003348452112922096,0.00956986522190122,0.0002381073636845716,0.3451346210598813,-0.1614768809080124,0.2453453600406647,0,0.3,True,-0.0022459106075913677,0.024666404607825522
1228.96,12.056015014648438,-0.016440149396657944,-2.885291405968824,0.0006894135870323927,-0.00010560532737312987,0.004734007298510284,-0.010338574370405496,0.34782671423984607,-0.21354775309562685,0.203001925945282,0,0.3,True,-0.07835513688118192,-0.1068641896764679
1228.98,12.055703163146973,-0.016290219500660896,-2.878372686815021,0.0005249755498653257,-0.0007141102227127315,0.0034305989663898024,-0.008298777759415402,0.3350611835476408,-0.2585957217216492,0.20776448488235474,0,0.3,True,-0.18586170464817053,-0.28054268768898083
1229.0,12.055822372436523,-0.015723273158073425,-2.871507688964435,-0.0006995477399502072,4.248153042071872e-05,0.00034380418069579325,-0.0059514602878729195,0.3295810469179761,-0.21283456921577457,0.24097466588020328,0,0.3,True,-0.05281508179844128,-0.3285250755104695
1229.02,12.05579948425293,-0.01571471616625786,-2.8653369153923793,-0.0008581363531680225,-3.116250987890245e-05,-0.005299071149938899,-0.0012090583914891903,0.32269120604478324,-0.21297539353370668,0.2020170319080353,0,0.3,True,-0.016297959355959013,-0.06347206724555632
1229.04,12.055861473083496,-0.015988631173968315,-2.85892492221541,-0.0005044332139645359,-0.00029247314403455833,0.0005088007546388247,0.007564414772943499,0.3215447081990324,-0.18529357671737673,0.2234704351425171,0,0.3,True,0.029960769584192776,0.04308767231613919
1229.06,12.056084632873535,-0.016081534326076508,-2.852557390331462,-0.0003559690724195326,0.0003848746205057415,0.0021267622179142673,0.008281329199090309,0.3299834181680009,-0.12402701258659364,0.17738658666610718,0,0.3,True,0.14805620928211075,0.2032759970963516
1229.08,12.055952072143555,-0.01631576381623745,-2.845784112308536,2.139591245200921e-05,-0.00023072842625197963,0.002740665747429035,0.0049038465995801675,0.3330280607032641,-0.19218629121780398,0.21432308793067933,0,0.3,True,-0.002819917531678656,0.21873580742814544
1229.1,12.055825233459473,-0.01639823615550995,-2.8389382419389633,0.0004178946681391927,-0.000304090945622584,0.006545425592619188,0.0005245096816477092,0.3389532858124766,-0.21093412518501284,0.21100486278533936,0,0.3,True,-0.056262844775456906,0.04965060985991692
1229.12,12.055766105651855,-0.016427814960479736,-2.832282677359173,0.0007745122696952972,-0.00037830526691517676,0.00028320735210473746,-0.007768550469053885,0.33904357279326813,-0.1726235103607178,0.19657240629196168,0,0.3,True,-0.07064303187674571,0.01641408727337415
1229.14,12.055597305297852,-0.016277659684419632,-2.8254411274664113,0.0005668878862444144,-0.000872294900671995,-0.002374265364130985,-0.00649116605195645,0.33395546695680195,-0.19324292421340944,0.19912283182144166,0,0.3,True,-0.14571930949380354,-0.09638117976884766
1229.16,12.055741310119629,-0.01573066972196102,-2.818660626485022,-0.0007209631347878394,-4.797796639306167e-05,-0.0029107768027215437,-0.0062188265715367695,0.33434118768513654,-0.17304309606552126,0.19881203532218936,0,0.3,True,-0.008809942413016554,-0.05058306540744053
1229.18,12.0558443069458,-0.01584562472999096,-2.8122218045823675,-0.0006687142580435704,-2.3557523585595546e-05,-0.005112119166907626,0.0015559041523887042,0.33124279143095386,-0.21727524995803835,0.23066233038902284,0,0.3,True,0.020824981669465562,0.04355745143105403
1229.2,12.055829048156738,-0.015882126986980438,-2.8055353823443103,-0.0007039813133130284,-0.00015097768094508862,-0.0004215880409379491,0.005769925948654321,0.33499692756066507,-0.22668811559677127,0.19131588578224185,0,0.3,True,-0.00729728675652127,0.0072096789157069865
1229.22,12.056024551391602,-0.016263160854578018,-2.798941704151959,0.00041837990929991854,2.1794061165304163e-05,-0.0007082668305752552,0.00819742644475013,0.3374400630712831,-0.18590135097503663,0.2033391833305359,0,0.3,True,-0.01145769533318962,0.032419052911268266
1229.24,12.055925369262695,-0.016155321151018143,-2.791860872280193,0.0001972345052091796,3.605603081429866e-05,-0.0034945597432427143,0.0035695626845224844,0.3349179619983926,-0.19049988746643068,0.24300782322883607,0,0.3,True,-0.10444532506742817,-0.0855450735128862
1229.26,12.05611801147461,-0.016444258391857147,-2.7852265995366894,0.0011859480916438605,-1.712843756229849e-05,-0.006028734793561962,-0.0059097918985514366,0.33383631566385297,-0.201773134469986,0.23196685791015628,0,0.3,True,-0.10358270389590978,-0.14819889240783676
1229.28,12.05618953704834,-0.016054613515734673,-2.7787419453844633,0.000589792763977064,0.00022947058804158793,-0.008777214046324604,-0.006292130492604713,0.3281533216796404,-0.1961343038082123,0.22724305987358095,0,0.3,True,-0.046234151570486874,-0.05929163738472764
1229.3,12.05631160736084,-0.015651822090148926,-2.772234798898875,-0.00018457351759584476,0.00030156542800846976,-0.008994883142240501,-0.009498608662522078,0.32558415167866694,-0.19841641545295718,0.17575912952423098,0,0.3,True,0.008043384820459494,0.024412036912829085
1229.32,12.056403160095215,-0.015435494482517242,-2.765608606545846,-0.0007600024865612711,5.006666880002708e-05,-0.0071932918688783,-0.0016968532006068934,0.3301746310076187,-0.23593529820442202,0.1819146525859833,0,0.3,True,0.08314055121931954,0.21420881591945243
1229.34,12.056514739990234,-0.015475832857191563,-2.7591798674024197,-0.0008374339153838775,-0.00014203117989758162,-0.0053852640079257875,0.00536315483625955,0.3357892786168775,-0.18927500128746033,0.22448075532913211,0,0.3,True,0.08739140121542513,0.328048234278096
1229.36,12.05667495727539,-0.015717044472694397,-2.752327974903878,-6.748340979281091e-05,-0.0002185457595886006,-0.002125969948785091,0.007570256531587597,0.345290026953181,-0.18729005098342896,0.22420626640319827,0,0.3,True,0.031396570466310475,0.28313243525189363
1229.38,12.05687141418457,-0.015889117494225502,-2.745371656609473,0.0007378014261072052,0.00015216049279111733,-0.0020035710449929785,0.003952160187631778,0.35182801042096534,-0.19632187485694888,0.2043289339542389,0,0.3,True,0.05850915012406727,0.17788089762343262
1229.4,12.056790351867676,-0.015931261703372,-2.737985404389538,0.0009490808467322612,-0.0003230985156909573,-0.004681566231568608,-0.0038901916004072195,0.35282522582781395,-0.19055860042572023,0.20092326521873477,0,0.3,True,-0.0029442162274851526,-0.05921441544885294
1229.42,12.056784629821777,-0.01570565067231655,-2.731033626568688,0.0006663847891376013,9.074400016525152e-05,-0.0007045319979913597,-0.01081782114645879,0.35001975042677963,-0.22813486933708194,0.2050984275341034,0,0.3,True,0.012919632967666196,-0.1817959455511097
1229.44,12.056897163391113,-0.015283744782209396,-2.724101956837598,-3.069189149586015e-05,0.0008249424839468735,-0.0023615072469843584,-0.012968021536339032,0.3405528737172636,-0.2140449941158295,0.19775846481323245,0,0.3,True,0.10753359231799424,-0.16243583425464136
1229.46,12.056577682495117,-0.01507311500608921,-2.717370076575356,-0.0006973036348653925,-0.00016817232183516395,-0.0009700004075806228,-0.007273889391348143,0.3372843347768898,-0.2235645878314972,0.1981454396247864,0,0.3,True,0.03341416837741315,-0.05888094217473423
1229.48,12.05654239654541,-0.014906325377523899,-2.7107411744921817,-0.0010689214222907436,-2.4808733538999816e-05,0.0039211211538631085,-0.0014595026520731246,0.33983035908745446,-0.19310013055801392,0.19475761175155643,0,0.3,True,0.05057520248464925,0.1356781299756109
1229.5,12.056615829467773,-0.01514337956905365,-2.7040508797865614,-0.00026036733228590106,-0.00020274565300296512,0.001968601472199261,0.004883608125461141,0.3453092750528052,-0.11669255733489992,0.18940058827400208,0,0.3,True,-0.0202606812747654,0.2616423981383661
1229.52,12.056563377380371,-0.015308666042983532,-2.6969155281106265,0.0002676376598169223,-0.0004655375772241331,0.001684508951783902,0.007775111444105618,0.3514071241153026,-0.1310266971588135,0.19533263325691225,0,0.3,True,-0.08320795455553283,0.2160838521233133
1229.54,12.056600570678711,-0.015493729151785374,-2.689745334571157,0.0007905688796860879,-0.00045492476026609823,-0.0025908549095603806,0.0025247693951202382,0.35821572662794005,-0.21632505297660828,0.2024655652046204,0,0.3,True,-0.08149619980951443,0.005158723561322049
1229.56,12.05668830871582,-0.015525813214480877,-2.682628604562983,0.0008406056395111649,-5.004405806237206e-07,-0.0027355152105734636,-0.0035713864241696874,0.3571170672573038,-0.2023154866695404,0.2496782696247101,0,0.3,True,-0.04513214818621219,-0.15289585214959225
1229.58,12.056890487670898,-0.01523459143936634,-2.6753936216563523,0.00025279879027853027,0.0009102868015446978,-0.004551094512555964,-0.006127140940654115,0.34572197293771056,-0.19829265594482423,0.18068360388278962,0,0.3,True,0.07293622671169084,-0.2756856011368563
1229.6,12.056632995605469,-0.014955571852624416,-2.668346162730068,-0.0007440792524702626,0.0001704534946617967,-0.0019260629031097893,-0.004232215852918262,0.33917545594334636,-0.23798546195030215,0.20682485222816469,0,0.3,True,0.08540689652594634,-0.2867183413584373
1229.62,12.056705474853516,-0.014892212115228176,-2.662087576736165,-0.001000376155305464,0.0004817840966541093,0.003244043227369579,-0.0004537426036307681,0.3361608785370116,-0.21602578878402712,0.20313844442367557,0,0.3,True,0.11476880270591792,0.006602856376563138
1229.64,12.056671142578125,-0.0151542192324996,-2.655494568087463,-0.00040096797710899426,-5.2655101397019134e-05,0.004097036511515449,0.006452505747873281,0.3341795999485845,-0.11196239233016969,0.20024256706237795,0,0.3,True,0.014568075515729454,0.14719855718135083
1229.66,12.05664348602295,-0.01532211434096098,-2.6485007513733394,0.00010142622922392481,-0.0002468338310032369,0.004630409703935214,0.006249555698163457,0.34625020144783664,-0.19662820696830752,0.23363511204719545,0,0.3,True,-0.0475100159402463,0.15341534511554128
1229.68,12.056584358215332,-0.015565101057291031,-2.6416117947341298,0.0007231693253687073,-0.00047781863117842054,-0.0007606168618491804,0.001591544617177467,0.3509513405178772,-0.1702378582954407,0.21928724527359011,0,0.3,True,-0.08897505356163309,0.13609431938889804
1229.7,12.056615829467773,-0.015507962554693222,-2.6343875606202847,0.0006921225477132987,-8.468907553384898e-05,-0.0005567580478574705,-0.002695309992379969,0.3484341061462786,-0.22869181632995608,0.21504334807395936,0,0.3,True,-0.05471944052561818,-0.1457679990779185
1229.72,12.056785583496094,-0.015236785635352135,-2.6274184608460582,0.00017079038438349501,0.000875527167501034,-0.003020967773408724,-0.005105862542112869,0.3450671454996864,-0.20332143425941468,0.21313421726226808,0,0.3,True,0.0878100795100756,-0.24900654702214126
1229.74,12.056577682495117,-0.01511200051754713,-2.6206260228816625,-0.0005822621880261101,0.0001342511118974422,0.00025285446188974135,-0.0019065799777983124,0.33458876152161376,-0.20332143425941468,0.21313421726226808,0,0.3,True,0.07818466293806084,-0.18891936275522134
1229.76,12.056593894958496,-0.015090586617588997,-2.61400642309418,-0.0009443787108986112,0.0003129748976630842,0.00626418949895048,0.003197221392853328,0.331030816756124,-0.19883674383163455,0.21347591400146487,0,0.3,True,0.11782189761999316,-0.10190189749658377
1229.78,12.056522369384766,-0.01538573857396841,-2.60762045969858,-0.0005053559017773126,-0.00010622869861460745,0.005698014987181707,0.008419025647186494,0.33332055712587466,-0.180389142036438,0.22193156480789186,0,0.3,True,0.08311676252922666,0.0019789170382954148
1229.8,12.05648136138916,-0.015710080042481422,-2.6009359955055924,7.353024562633247e-05,-0.0003205480027914267,0.0064047840361821555,0.01062258215819585,0.33691499369996714,-0.12257977485656739,0.20604426026344302,0,0.3,True,-0.03630857516131103,0.015659194728212204
1229.82,12.056528091430664,-0.015923766419291496,-2.5939603783116167,0.000630369772380469,-0.00032070993131435145,0.006902195464221827,-0.00015282122699206363,0.33474707488467725,-0.12257977485656739,0.20604426026344302,0,0.3,True,-0.04227259997614144,0.004069166282974722
1229.84,12.056591987609863,-0.01608290895819664,-2.587053223598207,0.0010424196220722973,0.00011203595633739984,0.003359503486048239,-0.002477145971122671,0.33228355233437984,-0.12673218861222268,0.21365209460258486,0,0.3,True,-0.017661985684907802,-0.035270811690506054
1229.86,12.056044578552246,-0.015662800520658493,-2.58084069370783,-0.0002869366454201833,-6.953907865332929e-05,0.002316206989093468,-0.007317627353353555,0.33364609042851234,-0.1976720726490021,0.26095156669616704,0,0.3,True,-0.0506395072219841,0.11501324038294657
1229.88,12.056148529052734,-0.015683121979236603,-2.5743533113187906,-0.00018152356652256945,0.00040860151907947507,0.004991825181386801,-0.010313078613663703,0.3340933287647212,-0.2279277551174164,0.15605043411254885,0,0.3,True,0.05184412870613957,0.20106165171071277
1229.9,12.056059837341309,-0.015526553615927696,-2.567268691077284,-0.0006020111750574482,0.00026693871030233213,0.002851034886455269,-0.00011430319022123683,0.34394813411533076,-0.2679597961902619,0.26042524456977845,0,0.3,True,0.048366714151424905,0.13017524826539786
1229.92,12.055811882019043,-0.015601646155118942,-2.5603257572969778,-0.0004805121794947311,-0.0006777302069295669,0.007507033782547421,0.00272061455359706,0.34836848447126795,-0.21327065229415895,0.20787931561470033,0,0.3,True,-0.027312813142184846,0.1088975196467749
1229.94,12.055848121643066,-0.015779033303260803,-2.5533248429785504,-3.979219685609844e-05,-0.0005876307641392885,0.0061855441212149385,0.008821860320042611,0.3440601102897643,-0.20182857632637025,0.13770988583564758,0,0.3,True,-0.002006404567793448,-0.06212386637890437
1229.96,12.055766105651855,-0.0161947850137949,-2.5464838325611145,0.0006592003757580758,-0.0008445912301437879,0.0028068001300140004,0.00790989913203033,0.34280513033645527,-0.16742065429687503,0.1920920050144196,0,0.3,True,-0.09728407524101976,-0.17906189000137845
1229.98,12.056039810180664,-0.016388267278671265,-2.539743882254128,0.0010098713744246765,0.00028841997523842126,0.0026905225210319393,0.007559765224727432,0.33897822480502293,-0.16415295183658601,0.20354062318801883,0,0.3,True,-0.013431334373981571,-0.09970904560338674
1230.0,12.055980682373047,-0.01625153236091137,-2.5329013468700863,0.00013367272073193983,0.0006288801078381673,-0.00027569223672708207,0.0007510987790849687,0.3340435332711707,-0.211826685667038,0.19637332797050477,0,0.3,True,0.039343404656237216,-0.056524786085885494
1230.02,12.056013107299805,-0.016399411484599113,-2.5262065849941733,0.00013743260337615478,0.0006268398119266153,0.00511103737129739,-0.0003904593306993231,0.3360833866415006,-0.20578826308250428,0.20380645871162417,0,0.3,True,0.0776540209204918,-0.03158528712568734
1230.04,12.055818557739258,-0.016231469810009003,-2.519760349899445,-0.0008021917841434884,0.0006275162758366974,0.005954272502510115,0.0019028457784166413,0.33828314744958854,-0.20665991187095645,0.1995981514453888,0,0.3,True,0.08914485042784996,0.11068548483344354
1230.06,12.05568790435791,-0.01659879833459854,-2.5128572113228325,-0.00043526094727283914,-0.00042947303583039197,0.008902844194665633,0.0055135139154377805,0.33645140183497024,-0.19814685821533204,0.19308888196945193,0,0.3,True,-0.049132966578698714,0.09641280678516383
1230.08,12.055682182312012,-0.016652746126055717,-2.505838695074144,-0.0004457303328758785,-0.00011199302933521042,0.006855895797494429,0.010033094387608712,0.34289837205783813,-0.19069279074668885,0.21905870199203492,0,0.3,True,-0.07174161300453201,0.01966238418190642
1230.1,12.055696487426758,-0.01717502251267433,-2.4992904728474,0.0006817113935808871,-0.0005770412552072442,0.001180400045005068,0.0038265087901025114,0.3437964111843067,-0.208112131357193,0.20483781576156618,0,0.3,True,-0.12855920025475248,0.07336075489539466
1230.12,12.055853843688965,-0.01720297336578369,-2.492328480134843,0.0008514175092586494,0.0002156555761154914,0.00021494346215277362,0.001683086099994663,0.3398561381841396,-0.2096207940578461,0.2067784643173218,0,0.3,True,-0.05410628519584008,0.018126426749200477
1230.14,12.055795669555664,-0.016900483518838882,-2.4853534984280348,-2.6748062220496932e-05,0.0007211741191702551,-0.0013818918257344432,-0.003572396052601268,0.34232026222661316,-0.1843161177635193,0.21876872539520265,0,0.3,True,0.030671622162913567,0.01569172539134196
1230.16,12.055749893188477,-0.016770392656326294,-2.47865020401936,-0.00044302469394839525,0.0008048829834130739,0.0025273929818188565,-0.00588637811639757,0.34434848619777697,-0.2534419322013855,0.2090379869937897,0,0.3,True,0.10474627573091591,0.06263951000549074
1230.18,12.055609703063965,-0.01688113994896412,-2.471904851869218,-0.0004855392250988586,2.939005974102537e-05,0.003634129818042896,-0.0010368540582775772,0.3450517492156165,-0.2003542768955231,0.19842844009399416,0,0.3,True,0.03454308212823616,0.026894363748598306
1230.2,12.055404663085938,-0.01695624552667141,-2.4647806012389677,-0.0005361067594887875,-0.0007899287693954443,0.00859464552064224,0.0032556880555201623,0.34486729898458857,-0.23042338132858278,0.2076681125164032,0,0.3,True,-0.07260136883652508,-0.016936170400350947
1230.22,12.055516242980957,-0.017015919089317322,-2.4577493584908106,-0.00019660297840994934,-0.00028063676559182443,0.0013815547445219364,0.0065821238493907665,0.34447181132649907,-0.2541670322418213,0.19374590635299685,0,0.3,True,-0.05428898013848656,-0.08096375310130141
1230.24,12.055377006530762,-0.017404070124030113,-2.451060820100618,0.00032392156066885815,-0.0011229657698259793,-0.0032807165250978675,0.005593031512868741,0.3429935925657501,-0.19947719573974612,0.2591539037227631,0,0.3,True,-0.1989105597459028,-0.09240262041142347
1230.26,12.055856704711914,-0.017359137535095215,-2.4443471069631233,0.0007322475327926758,0.00032700145614968285,-0.0007089885930320794,0.004927342314162862,0.33857464896751827,-0.17385568976402285,0.21089551448822025,0,0.3,True,-0.041516649865984245,-0.07868939454814132
1230.28,12.055891990661621,-0.017134010791778564,-2.4373411138337326,-6.0439262643018e-05,0.0007122316486958613,-0.007318199259015511,0.0028382208901028636,0.3374750893516814,-0.26364514470100403,0.21286835670471194,0,0.3,True,0.025152350999020662,-0.031132158987202816
1230.3,12.05581283569336,-0.01728168874979019,-2.4306633865734337,-0.00017904477989360125,-4.898466686456632e-05,-0.0019397772447537823,0.0007982944580145664,0.3381766597626535,-0.2128440821170807,0.20696488380432132,0,0.3,True,-0.027189584292833028,0.11724677750519474
1230.32,12.055970191955566,-0.017198048532009125,-2.424062812952508,-0.00039496025176315077,0.00038685943696244895,-0.0012685284451780447,0.005834698059337565,0.34050301984677617,-0.1906601130962372,0.19188845396041873,0,0.3,True,0.029350752824975856,0.15801786222838796
1230.34,12.056015968322754,-0.017306268215179443,-2.4172929741821356,-0.00010437296493688789,-0.00020664514094780354,-0.0028841553364567433,0.002910834369282574,0.3479543911679253,-0.19193662762641908,0.18155831933021546,0,0.3,True,-0.08620374000771869,0.09431536758028276
1230.36,12.056275367736816,-0.017418967559933662,-2.4101008722460153,0.0004896420753222257,-0.0002914818461529771,-0.0049701390330195785,0.0019940104647571608,0.35011651832994095,-0.2151774299144745,0.20039507389068606,0,0.3,True,-0.10253864917526706,-0.045003136238871734
1230.38,12.056139945983887,-0.017303211614489555,-2.402827035279946,-4.7107597786458654e-05,-0.0005894434643250108,-0.008836076445384606,0.004691586540910162,0.3457218891690907,-0.20581926345825197,0.21235361695289615,0,0.3,True,-0.10973703348350673,-0.26407626397002454
1230.4,12.05637264251709,-0.01705116406083107,-2.3960534914860587,-0.0005718380552543868,8.061792087225851e-05,-0.009471620379215263,0.0004434693181267421,0.33690276894765947,-0.21023146390914918,0.2128175795078278,0,0.3,True,-0.03921452755499166,-0.25558758629341616
1230.42,12.056791305541992,-0.017107747495174408,-2.389635223048555,-0.00010458911485670472,0.0003683646483985394,-0.01166311801515425,0.004597587835001206,0.3268282900502825,-0.2111686682701111,0.21566287159919742,0,0.3,True,0.05087482632971288,-0.06664926887783401
1230.44,12.056856155395508,-0.016931014135479927,-2.3831486507301505,-0.000393911481802264,0.00023492288442338637,-0.008107301237424975,0.0063144158674825765,0.32966951142642814,-0.2210638213157654,0.22305760860443116,0,0.3,True,0.058888193484054274,0.12131176703280289
1230.46,12.057072639465332,-0.016934502869844437,-2.376680772075947,-0.00013321145347899724,0.00014247004980778066,-0.004766090339011277,0.002987847284859743,0.3403899476588688,-0.16353954493999484,0.19918582558631898,0,0.3,True,0.030800749180042296,0.2534755501835713
1230.48,12.057190895080566,-0.01697176694869995,-2.3696799305719685,9.763774514430677e-05,-0.00024598553251028776,-0.004760564900495206,0.0035521121904562476,0.3466077103102749,-0.21245533823966983,0.20607174754142762,0,0.3,True,-0.07839130928846293,0.19534272025085456
1230.5,12.057231903076172,-0.017016161233186722,-2.36240402723587,0.00022238371232723397,-0.0006262120143635392,-0.009199058080753107,0.0029512490031638776,0.3471063340649498,-0.19560460209846497,0.21306887030601504,0,0.3,True,-0.18417340452544587,-0.08922956668859086
1230.52,12.057327270507812,-0.01686900109052658,-2.3554200339053537,9.220098953632196e-05,-0.0007257159245727974,-0.014378605980496305,0.002287197815089176,0.3452969290464823,-0.2120160758495331,0.19404006361961368,0,0.3,True,-0.19776372865802097,-0.3096681037693338
1230.54,12.057762145996094,-0.016585348173975945,-2.3489122653507764,-0.0001838074075195298,1.652168042913306e-05,-0.019499962701033546,0.005519723885256463,0.33325158232378804,-0.2253172063827515,0.158188191652298,0,0.3,True,-0.12668367266689318,-0.3027114575967311
1230.56,12.058133125305176,-0.016287043690681458,-2.342056176248275,-0.0006822501089231656,0.000285512968056341,-0.020581663193122497,0.0030516075445912,0.3218342620087507,-0.21843273639678956,0.1935149681568146,0,0.3,True,-0.010641218422105489,-0.2693240339356758
1230.58,12.05864143371582,-0.01621503382921219,-2.3357439006499914,-0.00012891888270538188,0.00040694874984561043,-0.019333751894095343,0.0028237067746612853,0.3228894174572333,-0.23260017514228823,0.21291136503219607,0,0.3,True,0.08887488987584344,0.009492586804745908
1230.6,12.058650016784668,-0.015858549624681473,-2.329673292944677,-0.0004349871903694386,0.00017020899005714681,-0.01522990345426397,0.0009839306703335994,0.32375100633164783,-0.18879065275192264,0.2326775133609772,0,0.3,True,0.08272617532750802,0.2689455578088778
1230.62,12.058996200561523,-0.015625962987542152,-2.323081111954221,-1.2304627132909742e-05,0.0002931984308710098,-0.012389971510972538,-0.004003322013685795,0.334010989268167,-0.2596623265743256,0.0987502408027649,0,0.3,True,0.08229192630982263,0.25316434744228195
1230.64,12.059028625488281,-0.01545713096857071,-2.316156095741693,-1.7332370907330185e-05,-0.0004608085647960368,-0.013963569166909065,-0.0010293334100368572,0.3433499066335025,-0.2111856245994568,0.19121781110763553,0,0.3,True,-0.009008051355687541,0.2043758754045012
1230.66,12.05908489227295,-0.015272490680217743,-2.3090230215084864,-5.40114829207268e-05,-0.0009048126972543315,-0.012750397789296809,0.0005188984126437918,0.343142565252655,-0.20917206048965456,0.2249102628231049,0,0.3,True,-0.013978717371147246,-0.06957956582946415
1230.68,12.059347152709961,-0.014981815591454506,-2.302205300413944,-5.81574007695408e-05,-0.0003302761943799682,-0.015950547562720366,0.0023755103672368346,0.3401010763640395,-0.2064684855937958,0.20933741807937625,0,0.3,True,0.07712298662308031,-0.24979005890954045
1230.7,12.059713363647461,-0.014899419620633125,-2.2956297067339557,0.00012759020951694472,0.000196876308669155,-0.01350826890066648,0.004931778936729884,0.32844462400179913,-0.20589885473251346,0.2004870903491974,0,0.3,True,0.11394445406236736,-0.25175831907613894
1230.72,12.060022354125977,-0.014634387567639351,-2.2889480096325947,6.048975933932757e-05,0.0010644118462238429,-0.007793730237068251,0.0025616241880773273,0.32336670192075745,-0.259791818857193,0.20732885241508486,0,0.3,True,0.23911404088152405,-0.12999595659739266
1230.74,12.060096740722656,-0.01472508255392313,-2.2827474515883663,0.00021810892741678725,0.00043193679061148893,-0.0036348414643157098,0.00018575074949587047,0.3230018997265822,-0.2068344819545746,0.20022219777107242,0,0.3,True,0.1894378154883292,0.06588354413644232
1230.76,12.059911727905273,-0.014647149480879307,-2.2763359642603067,-0.0002650430870737361,-0.0001938477396916611,0.0031785757077841615,-6.42009945973996e-05,0.32970139983625757,-0.1839591419696808,0.22251403808593753,0,0.3,True,0.08792170844899573,0.17239177765627497
1230.78,12.059914588928223,-0.014688976109027863,-2.2697895547558526,-0.0001658392206667907,-0.0006170155591503869,0.0016467563383860714,0.0012284827076807893,0.3337153075327097,-0.2014161503314972,0.21445816278457644,0,0.3,True,0.01692701541995474,0.16384069314099425
1230.8,12.059853553771973,-0.014824635349214077,-2.262571897645718,-0.000164383524349198,-0.001202072130588358,-0.0007599935611549904,0.004679919816782946,0.3371580441332469,-0.2175569570064545,0.2251926624774933,0,0.3,True,-0.07612037433100892,-0.06565010723407208
1230.82,12.060087203979492,-0.014889165759086609,-2.256050226985774,-0.00014963469596893355,-0.0005177634928287987,-0.0022806802307205622,0.009036575646139994,0.33610915517784984,-0.18521335124969485,0.18121417760849,0,0.3,True,0.03364300297954874,-0.09249860993789538
1230.84,12.0602388381958,-0.014839154668152332,-2.2493633207296715,-0.00041882461715873437,0.00032744126077734165,-0.0029110542386910133,0.008586474263491002,0.3244493912575366,-0.20200191140174867,0.19640102386474612,0,0.3,True,0.1046596179423953,-0.14057562640937232
1230.86,12.060589790344238,-0.01500522717833519,-2.242900822341649,0.00033919322494408826,0.0009656089233866008,0.004338196576747523,0.004487762172448223,0.3263154187376848,-0.20736818075180055,0.2030461359024048,0,0.3,True,0.22395665246120525,-0.08633983586423499
1230.88,12.060534477233887,-0.015074504539370537,-2.236615946345065,0.00019875727761932811,0.0009601725864059307,0.0076127758742528156,0.003235908377499096,0.3259119940204754,-0.20744758844375613,0.202070746421814,0,0.3,True,0.2250867911305049,0.05100338925328805
1230.9,12.060152053833008,-0.015384280122816563,-2.2299449934867086,-3.030550203040148e-05,-0.0003025985789535295,0.015635851966210486,-0.001609029655047679,0.3292019683086977,-0.18822350025177004,0.11782523512840272,0,0.3,True,0.03418362435135914,0.05099033898880444
1230.92,12.060066223144531,-0.015478002838790417,-2.223290361207983,-5.370353829965674e-05,-0.0001431293018189414,0.01509588905178418,-0.0006019100366843741,0.3285296623978075,-0.22657206654548648,0.22094742178916935,0,0.3,True,-0.004168845609910876,-0.018099608353792044
1230.94,12.059721946716309,-0.015915220603346825,-2.2165646648769024,-6.561748770026634e-05,-0.0014500941374357454,0.007072886524861539,0.005001378856818482,0.33039464585679706,-0.24191886305809024,0.21130616307258607,0,0.3,True,-0.15358312758334908,-0.15448234032117875
1230.96,12.059762954711914,-0.01600484922528267,-2.2103335733532643,-0.0002505513188077124,-0.0007314146558537785,0.007279268225460249,0.007152781964838572,0.32446402535217334,-0.21192205667495728,0.21563472509384157,0,0.3,True,-0.09448497959763819,-0.07782096674236183
1230.98,12.060131072998047,-0.016076965257525444,-2.203513421818189,-0.000171371165669183,0.00034782488624000385,0.0033492017595537337,0.006787179293609184,0.31684338108301463,-0.19866345882415773,0.20377518296241762,0,0.3,True,0.09350031746040975,-0.10125653302943802
1231.0,12.06017780303955,-0.01628677360713482,-2.197333239179833,2.0453624110455684e-05,0.0006207102119960958,0.00753709068398,0.009767330495617583,0.3223039850584242,-0.20233538031578066,0.26170734167099,0,0.3,True,0.13909076426187206,0.06342827270596356
1231.02,12.060001373291016,-0.016452372074127197,-2.1912171943902843,-0.0002092277841522124,0.000662259391138,0.014552911921687516,0.00125618911475559,0.3222941232144494,-0.18078750729560852,0.20116805553436282,0,0.3,True,0.18061706416664194,0.24939995842108562
1231.04,12.060042381286621,-0.01695145107805729,-2.184549254548614,0.0006161389979006127,0.0001180828419515451,0.018406529366399894,-0.0011041683550583638,0.3295382871686458,-0.17771928787231447,0.20689033269882204,0,0.3,True,0.10127141234794372,0.1367368863492967
1231.06,12.05953598022461,-0.01708265021443367,-2.1777298919610564,-0.00017441693478539367,-0.00017892134361633947,0.01779856689287195,-0.0003981728160022714,0.33679537775668333,-0.1915233337879181,0.21844384312629703,0,0.3,True,-0.052456113523333736,0.08123571246027061
1231.08,12.059257507324219,-0.017439674586057663,-2.170970176206365,-0.00017692645069862577,-0.0005768724266356322,0.01563880367180813,-0.001777798696574448,0.333242935966358,-0.1893207633495331,0.16219715774059298,0,0.3,True,-0.10643723866859167,-0.05296691131264798
1231.1,12.059163093566895,-0.017603784799575806,-2.164273564169774,-0.00040884825179921436,-0.00040128973569857876,0.010356422839824634,0.004944537487505171,0.32879298021126513,-0.236396381855011,0.2099716114997864,0,0.3,True,-0.06258726300414072,-0.20222070784823976
1231.12,12.059218406677246,-0.017903583124279976,-2.1578898196713294,-0.0004512476885687073,-2.3506712081144343e-05,0.009891550272920305,0.00665297803283573,0.3253009342636378,-0.23070925235748294,0.16076828241348268,0,0.3,True,-0.0006340303381824621,-0.1302743696553457
1231.14,12.05940055847168,-0.017990706488490105,-2.1514264535441043,-0.0002763226381782111,0.0009179039599143954,0.012791585852531014,0.0076650365959800735,0.3206177211287929,-0.12122754931449892,0.20222227692604067,0,0.3,True,0.13781799363171032,0.014834100883772324
1231.16,12.0592622756958,-0.018393324688076973,-2.144946101465224,-0.00013797437442497146,0.0005392295826749019,0.015588081244753435,0.005511406458102814,0.3228209863939102,-0.20013305187225344,0.16566373825073244,0,0.3,True,0.10069507842515694,0.09362457042494195
1231.18,12.059114456176758,-0.01879577897489071,-2.138624146479421,8.277044983971892e-05,1.615697441079054e-05,0.021381862330382768,0.0022146387564408263,0.3299797082819692,-0.19665425062179567,0.2207845509052277,0,0.3,True,0.0053156023313418194,0.23924627697530482
1231.2,12.058911323547363,-0.019190140068531036,-2.1320641407597667,0.0001878013854381523,-0.00042007563812855364,0.01794715654694843,0.0015112879473556506,0.33279089989764765,-0.1844268846511841,0.17880076706409456,0,0.3,True,-0.1260099917873411,0.19698581815410038
1231.22,12.058629989624023,-0.01952810399234295,-2.125028076881571,7.5544896148424e-05,-0.0008969690565480223,0.013216834039037973,0.0015632177376367715,0.33975742328679986,-0.1844268846511841,0.17880076706409456,0,0.3,True,-0.23403513438526505,-0.03112639873582901
1231.24,12.058600425720215,-0.019673174247145653,-2.118322829473436,8.981863091445856e-05,-0.0005452957153772867,0.005507281901775315,0.0015288118250621461,0.3385798518462239,-0.2122051239013672,0.22020255327224733,0,0.3,True,-0.17319473854113362,-0.09824493732127125
1231.26,12.058664321899414,-0.01976066268980503,-2.111443552616502,-7.368107435698007e-05,-0.000312016837279943,0.0026590515795785925,0.006309701362406516,0.32748959638310515,-0.22196964979171754,0.2326921331882477,0,0.3,True,-0.0843169133046767,-0.23018891663513766
1231.28,12.058786392211914,-0.019629985094070435,-2.1049777526120934,-0.00042502822899751787,0.0007535638324167455,0.00409157746367034,0.004553340759087287,0.3249313049119531,-0.19653463840484622,0.17729631423950196,0,0.3,True,0.07655950170064764,-0.14381525018180888
1231.3,12.058953285217285,-0.01997029222548008,-2.098828909170946,0.00018303341979889718,0.0005254094792997791,0.006471480974669972,0.0061207636904677225,0.3213423099560056,-0.20200846195220948,0.20760396718978885,0,0.3,True,0.1236346154531844,0.20494244105497664
1231.32,12.058747291564941,-0.020140361040830612,-2.0923283250805036,-0.00012848501248271903,0.00013725705087808417,0.011632042037821555,0.003191569716427987,0.32707463183168967,-0.2259425711631775,0.22164719581604006,0,0.3,True,0.032717725942922424,0.26426986532696967
1231.34,12.058826446533203,-0.02045457623898983,-2.085736167820045,0.0003559882887205983,-7.60398206587141e-05,0.012549820815824349,0.00041726344479822534,0.34388499166748837,-0.17671122908592227,0.1960664451122284,0,0.3,True,-0.060261721928940234,0.33899941840724507
1231.36,12.058544158935547,-0.020564042031764984,-2.078811782065582,-0.00021188074643744087,-0.0003464589050751819,0.006708995539101753,0.003516970233506147,0.34607289413809145,-0.202597051858902,0.23105584740638735,0,0.3,True,-0.12990232926320655,0.16545707708567278
1231.38,12.058487892150879,-0.020860522985458374,-2.071318109837494,4.977068044890058e-05,-0.0011625136797113343,0.0016505432203454368,0.0003728940983377439,0.3484622634286376,-0.21589911699295047,0.22959208726882938,0,0.3,True,-0.16514710558841642,-0.2257096598621835
1231.4,12.058732032775879,-0.02074616402387619,-2.0646424935494028,8.407451242352386e-05,5.078380278986763e-05,0.0012398556967449458,0.0026576318629263915,0.34031119799856907,-0.21589911699295047,0.22959208726882938,0,0.3,True,-0.05349122746353165,-0.25184338140423584
1231.42,12.058789253234863,-0.02058473788201809,-2.0578591867457,-0.00012068287112928312,0.0008782405093992052,-0.0006619476312744998,0.0005127540408913926,0.3258282188784788,-0.23379683971405033,0.2619250786304474,0,0.3,True,0.043298226424899826,-0.27065070424046095
1231.44,12.058684349060059,-0.020752159878611565,-2.051586886225644,-0.0001504770273391911,0.0002840579747467706,0.0024296973420109506,0.0024236580604723485,0.32592542362571364,-0.1895851802825928,0.19869349956512453,0,0.3,True,0.05998778437431144,-0.07083189445530869
1231.46,12.058548927307129,-0.02083292417228222,-2.0452518523272394,-0.00046452282542828,0.00013970194927625474,0.005114401334334272,-0.0005628128608318791,0.32681020708942043,-0.1866539216041565,0.22755540013313297,0,0.3,True,0.03955036798025712,0.22964281241433376
1231.48,12.05881404876709,-0.021008174866437912,-2.0385684596593694,0.0003027799553797501,7.832544630921506e-05,0.006038878446685497,0.0025164117077017788,0.33464464644214953,-0.20826540589332582,0.21215726733207704,0,0.3,True,-0.006519620279390975,0.1624634218065815
1231.5,12.058562278747559,-0.020928125828504562,-2.03171437017857,-0.0005746666511513547,-8.626551978616058e-05,0.0025020818071431923,0.008815841935199872,0.3441996438716088,-0.20661046981811526,0.20468678593635561,0,0.3,True,-0.039979819191531554,0.08281579643208521
1231.52,12.058646202087402,-0.02127414382994175,-2.0248153145102963,-0.00018716262505611792,-0.0006399028461284079,0.001908127719660147,0.00232400708252876,0.33892249737022834,-0.2329749166965485,0.2622933197021485,0,0.3,True,-0.0902717739628805,-0.1237021154896178
1231.54,12.059091567993164,-0.021325884386897087,-2.0177158808175357,0.0007311943396022526,3.4128162106952566e-05,0.0019160157990146568,0.004619674252162138,0.3334354708039812,-0.16674367368221285,0.23311528205871584,0,0.3,True,-0.015510310853824212,-0.32562392853055705
1231.56,12.058914184570312,-0.021226901561021805,-2.011454659869776,0.0002713731098212621,0.00019314790541531974,-0.0011828634703383752,0.0020518194002403945,0.3247484772029891,-0.23634868383407595,0.21242941975593568,0,0.3,True,0.006840728757944216,-0.19877944789710414
1231.58,12.058829307556152,-0.021226078271865845,-2.005039532514276,3.9208095800075854e-05,0.00020762404850137645,0.0012612569388383839,-0.0033572261782786393,0.3181497295891879,-0.21938680529594423,0.23138760566711428,0,0.3,True,0.017907688947218732,-0.060324796007706814
1231.6,12.05883502960205,-0.02125856839120388,-1.9988354363340808,5.084839352935985e-05,0.00010693304655748038,0.0024553860202951865,-0.0015396535672433263,0.32302014153847447,-0.19054551601409914,0.19688752532005313,0,0.3,True,0.04719383736575034,0.08720972656357594
1231.62,12.058805465698242,-0.021304422989487648,-1.9922639024504238,6.162159441305083e-05,-2.3663398302926713e-05,0.0033486309147908525,-0.0014512000913272888,0.32860948712336907,-0.2031672501564026,0.2067085111141205,0,0.3,True,-0.02310334720628274,0.1487110859631087
1231.64,12.058720588684082,-0.02135448344051838,-1.9856130485466479,-9.175089094850342e-05,-0.00023293439975604661,0.002592643518928949,0.0031346435184565315,0.33172525532808866,-0.18388928055763246,0.23284716010093692,0,0.3,True,-0.07659681424289219,0.06693782156975939
1231.66,12.058613777160645,-0.021423030644655228,-1.9787507735443555,-0.0003991013652102654,-0.0004330988382822027,-0.0005870108376678075,0.004447475279243013,0.3300466164662596,-0.21044393539428713,0.2157889008522034,0,0.3,True,-0.139733984140517,-0.05725663549497573
1231.68,12.058980941772461,-0.02154945582151413,-1.9722974159077824,0.00037200586609475306,-0.00020341277035803846,-0.003672359119148031,0.002857085575848461,0.32837516726406557,-0.19534208774566653,0.21794092774391177,0,0.3,True,-0.14229344210951722,-0.07348098027455557
1231.7,12.059150695800781,-0.021402472630143166,-1.965860173133072,0.0005530782270373129,6.76721834790905e-05,-0.007830087816472112,0.005569369501897929,0.32402895628376216,-0.20131915211677553,0.19718532085418702,0,0.3,True,-0.07900049293993394,-0.01984394038767185
1231.72,12.059045791625977,-0.02117338217794895,-1.9593430351655465,4.761837656162628e-05,0.0001917254217393697,-0.008790831849822076,-0.0022589572884493024,0.32584677690612956,-0.17880271553993227,0.19792009234428407,0,0,True,-0.023848823762918973,-0.00022616994946967925
1231.74,12.059266090393066,-0.021016351878643036,-1.952828457041678,0.00044982847558269024,0.00018443459846247077,-0.006907050272856775,-0.00278789927902917,0.3284591012352473,-0.19209457516670228,0.19958172082901002,0,0,True,0.032049706555573154,0.028160069477523662
1231.76,12.059080123901367,-0.020830146968364716,-1.9462296737553157,-0.00031584028711639697,0.0001684343439764246,-0.005580265020179814,-7.231000631804929e-05,0.328357073668108,-0.25548887491226197,0.20402825951576234,0,0,True,0.05761296372383451,-0.1628386576043642
1231.78,12.059149742126465,-0.02080659568309784,-1.9395834450342762,-0.0004565444825356733,-0.0002606504797109798,-0.005266111292028591,0.003460301132970801,0.326281761841962,-0.22964657783508302,0.20390970706939698,0,0,True,0.07503615253041693,-0.4849945823274531
1231.8,12.0592041015625,-0.020755933597683907,-1.9330744692721218,-0.0006377430017263644,-0.0005970824341321044,-0.0041817947519195075,0.010615297429701506,0.3128196842977923,-0.1959248781204224,0.22152100801467897,0,0,True,0.061498501778797274,-0.8575655253785848
1231.82,12.059676170349121,-0.02072317898273468,-1.9267259160943448,4.7947683005691975e-05,7.194853610552327e-05,-0.0009041580704288806,0.008388456220914546,0.28965953464908634,-0.2543930888175965,0.22318322062492374,0,0,True,0.09228211060096345,-1.26001246793475
1231.84,12.059992790222168,-0.020818287506699562,-1.9212040990115151,0.0006651757490010717,0.00023074998408388432,-0.0006603848778805065,0.00946816708523788,0.2597518316378836,-0.13332526445388795,0.19457134246826174,0,0,True,0.11561926305079537,-1.5946850681408191
1231.86,12.05980396270752,-0.020972641184926033,-1.9164106822623703,0.00042341610550369484,-0.00027426251594398155,0.0021164575560417703,0.0061595475880366225,0.2254807644072737,-0.15530532360076907,0.17753164172172547,0,0,True,-0.020055237018837095,-1.7795106940805259
1231.88,12.05993366241455,-0.020966332405805588,-1.912294322741051,0.0006565996661587403,-0.00015120223929495597,0.005067746292161997,-0.0002610001596416319,0.1852448788462802,-0.15333997070789337,0.12120440959930422,0,0,True,-0.0037352225219001835,-1.7754576657264556
1231.9,12.06008243560791,-0.021049419417977333,-1.908687454941728,0.001038572056637792,-0.00044815518136040894,-0.002508577031938949,-0.0008687930121454652,0.14729867912236913,-0.13524389147758487,0.12254719734191896,0,0,True,-0.06374712940644457,-1.678432200196478
1231.92,12.059837341308594,-0.021193303167819977,-1.906384508703784,0.0007298985858774834,-0.0010381937982792912,-0.0009592026796330988,-0.002278832746765915,0.11771521837949267,-0.054427726864814764,0.06470987975597382,0,0,True,-0.12089850132028757,-1.4616019171822723
1231.94,12.059804916381836,-0.02076026238501072,-1.904626787932558,0.00044266107342539446,-0.00013830478943433866,-0.0029833127964836513,-0.007015333054125071,0.09120618839129592,-0.04017007566988469,0.05741219520568848,0,0,True,0.00097718205926599,-1.2757483278228956
1231.96,12.059786796569824,-0.02083383873105049,-1.9028771052707,0.0004639082809522148,-0.0006127646401276313,-0.004604133813452212,-0.0033531218860777165,0.06831672547180476,-0.05122598677873612,0.06680232271552086,0,0,True,-0.05948543779244695,-1.1841365043865588
1231.98,12.059630393981934,-0.020640036091208458,-1.901390959870431,0.00024380631108923323,-0.000505186621257251,-0.002430402467197741,-0.0018045509385241467,0.0452388128966303,-0.00693521797657013,0.052579278349876406,0,0,True,-0.031603476783559736,-1.1154429700832746
1232.0,12.059703826904297,-0.0207576435059309,-1.9009191706660447,0.0006966046524411603,-0.0010668844674738545,-0.005718037703024527,-0.0021609769144746794,0.022984298028654124,-0.03277735780924559,0.011068659126758576,0,0,True,-0.04916626554897293,-0.9228967063256359
1232.02,12.059731483459473,-0.020529497414827347,-1.9010076829008309,0.0007380595159575162,-0.0004514638968577623,-0.0055115909391661305,-3.670088360750159e-05,0.001970750784715108,0.00045036260038614276,-0.0007362964749336243,0,0,True,-0.08335875042425005,-0.6113802130447451
1232.04,12.059771537780762,-0.020345056429505348,-1.9010383614284094,0.0006750224637271914,-0.00041832043259059694,-0.008537435057366469,-0.0008598835031680646,-0.0055150110341789715,-0.008907577767968178,-0.007881728187203408,0,0,True,-0.022860308097343872,-0.39689524950255217
1232.06,12.059770584106445,-0.020221978425979614,-1.901233299807654,0.000518411900807504,-0.00029402594798859307,-0.009099102501131679,-0.0010794701065772166,-0.0036716041469048253,-0.006257630288600922,-0.003289396464824677,0,0,True,-0.022171910728872955,-0.12142613033076916
1232.08,12.059860229492188,-0.020089248195290565,-1.9013603715487786,0.00046406698866934015,-0.00015332852780893633,-0.0075468623508103735,0.0017709889666455915,-0.008767321931521169,-0.006912983916699887,-0.004184397105127574,0,0,True,0.012143333535515713,-0.041996295770886455
1232.1,12.05988597869873,-0.0198129303753376,-1.901301411232583,0.00022090508277466736,4.523715394973782e-05,-0.007285343797474354,0.0029071732094502357,-0.00774333964173759,-0.006559138409793377,-0.004661114066839218,0,0,True,0.021177727861728963,-0.04347397433891028
1232.12,12.060101509094238,-0.01981998048722744,-1.9017397471829305,0.0006911910829150734,-0.00038559356127424246,-0.007565968374526095,0.0024550625421267095,-0.008874714695846832,-0.008091151528060437,-0.008047908507287503,0,0,True,0.0018220365393086468,0.04042072216830626
1232.14,12.060179710388184,-0.019746169447898865,-1.9018527669789942,0.0006787957952221033,-0.0003734810159799862,-0.007404884272190088,0.004375268854006421,-0.007149522094024369,-0.0028572520613670354,-0.00179277952760458,0,0,True,-0.014718834924769646,-0.0020315013074489094
1232.16,12.060242652893066,-0.01958063431084156,-1.9020703487244477,0.0005444316716855593,-0.00020549984297515958,-0.0074010994276654,0.002131356050004741,-0.005533664158050419,-0.00553682878613472,-0.0059911850839853295,0,0,True,-0.03440907109983308,0.045703448144972396
1232.18,12.060409545898438,-0.01936647854745388,-1.901873373000106,0.0005840448835585354,-0.0001604822913820434,-0.008462850591458201,0.000998779714461336,-0.007905859746333817,-0.00846268430352211,-0.005408725365996361,0,0,True,-0.013915533807033604,-0.06201325691768024
1232.2,12.060455322265625,-0.01931554265320301,-1.9021824403155754,0.0007322754090704197,-0.0004387252476556201,-0.010318694062518062,0.0013536622602842302,-0.005218438844241974,-0.010141495987772942,-0.009720603302121163,0,0,True,-0.02658821438879482,-0.0571276435753589
1232.22,12.06047534942627,-0.01913188211619854,-1.9024852357587003,0.0005185577100829471,-0.0003412492337006679,-0.008518126976751764,0.002916428934368756,-0.012110582647434276,-0.0049484847858548165,-0.00586346734315157,0,0,True,-0.01830505588690824,-0.0034788488958361636
1232.24,12.060613632202148,-0.018835285678505898,-1.9024878238319867,0.0003956605783915094,-2.8131202119136114e-05,-0.009528156578767051,0.003047649442127233,-0.010103875644074974,-0.009181013703346253,-0.0074693475663661964,0,0,True,0.014725456299152298,-0.0389802163477963
1232.26,12.06085205078125,-0.01879814825952053,-1.9028422196119,0.0008418964322765434,-0.0004748751144999064,-0.009927255062409528,0.004054513657894148,-0.008184167658000457,-0.010250339433550835,-0.009463526532053948,0,0,True,-0.03953915488843223,0.11576625549295884
1232.28,12.060934066772461,-0.018674233928322792,-1.9029907503671006,0.0009915831722277309,-0.0005963906762738118,-0.00914065755858695,0.003416660953631413,-0.008336856152062842,-0.003505047000944615,-0.005207980461418629,0,0,True,-0.007309262629409578,0.0850531862672275
1232.3,12.061040878295898,-0.018486816436052322,-1.9031399691713398,0.000979551392291986,-0.0005258571574835866,-0.011681259367823466,0.0011513855103641325,-0.002849282208005992,-0.007301938496530057,-0.007291008308529854,0,0,True,0.001335792797097901,0.010940321546368906
1232.32,12.061110496520996,-0.018233150243759155,-1.903154772324151,0.0007486601827208141,-0.00031734182069438296,-0.010112897589119286,0.003836438374177483,-0.0032996207427029613,-0.00900699645280838,-0.009011126533150674,0,0,True,-0.005991930347234982,-0.038703527122489825
1232.34,12.061244010925293,-0.017944835126399994,-1.9030701621885402,0.0005608978004115644,-5.397885087820934e-05,-0.009820391638641793,0.002008679917656277,-0.0073089419342917405,-0.010199379175901415,-0.009555012062191963,0,0,True,0.03390033272090729,-0.1704722138062862
1232.36,12.061488151550293,-0.018009614199399948,-1.9032547200265166,0.0010831888860885247,-0.000560210928818191,-0.009620011986365312,0.0033751656301058194,-0.011433138321859212,-0.011475652232766153,-0.010599456131458284,0,0,True,-0.027831632847043215,-0.1602530369729504
1232.38,12.06144905090332,-0.017796574160456657,-1.9037246845260842,0.001194658713534409,-0.0007356105476188079,-0.00896923275014564,0.003911570518949517,-0.016487059312535246,-0.005303292274475098,-0.0013773304224014282,0,0,True,-0.03471517991916525,-0.018694984940217013
1232.4,12.061616897583008,-0.017593814060091972,-1.9040694233899016,0.001391908849313808,-0.0006544664199036132,-0.012339428216887046,-2.0466150862400063e-05,-0.016119863700563772,-0.007409571185708046,-0.009947014525532724,0,0,True,-0.002486624697484529,0.048086699872373705
1232.42,12.061774253845215,-0.017368964850902557,-1.9043891269335456,0.001489543463960273,-0.0006117437555029962,-0.01259760603218038,0.002169693533229438,-0.008804540729511992,-0.01055162824690342,-0.010597072690725328,0,0,True,0.0096678783301838,0.22555833323216282
1232.44,12.061809539794922,-0.017076240852475166,-1.9045443091225642,0.0009932427226502511,-0.0003224681663628309,-0.009818941962164459,0.0013396360303663756,-0.007586202332061881,-0.01045077219605446,-0.011489500701427461,0,0,True,0.0899218254957002,0.2569521531619103
1232.46,12.061943054199219,-0.016901159659028053,-1.9044290477844446,0.0008903167816044934,-0.00020642417661603202,-0.00819580248373164,-0.001843860684468339,0.001557607346021368,-0.01045077219605446,-0.011489500701427461,0,0,True,0.0861585599122769,0.05300443411018689
1232.48,12.061975479125977,-0.016886750236153603,-1.904676319576466,0.0009775173830602211,-0.000266783493003284,-0.005145682177237572,-0.0003842962896393315,0.004436308552370354,-0.011020103693008423,-0.009370756447315217,0,0,True,0.016962806587625355,0.11822156816104068
1232.5,12.061849594116211,-0.016701148822903633,-1.904264518345864,0.0004647392548194786,-1.4071068601328087e-05,-0.005704921239204497,0.0005217380486852935,-0.004564186000700897,-0.011020103693008423,-0.009370756447315217,0,0,True,-0.019057051969694476,-0.027896248740737987
1232.52,12.061915397644043,-0.016677243635058403,-1.904189404438375,0.0006873875687987303,-0.00047493792769037356,-0.008461917435155664,0.0011190645745281086,0.0018715231208127718,-0.008053462393581868,-0.0070306393131613736,0,0,True,-0.08657481813782963,-0.02575995405212051
1232.54,12.062131881713867,-0.016483569517731667,-1.9047941826645003,0.0008997955733632559,-0.00015056064620879694,-0.009720366641305812,0.0023683433953618177,-0.0006740925532356414,-0.0014565274119377138,-0.005577503480017186,0,0,True,-0.04360829272087496,0.17157968192797038
1232.56,12.062281608581543,-0.016276368871331215,-1.904526597726801,0.0009457438521235261,2.5035010547814893e-05,-0.012071667628257643,0.0023377898937490343,0.0023755122282025877,-0.010381450057029725,-0.010117162987589837,0,0,True,-6.562985887972173e-05,0.09253754466414918
1232.58,12.062283515930176,-0.01602860353887081,-1.9043184457501228,0.0008061817629412659,0.00015815572719262647,-0.00919358465687132,0.0004103445493925258,0.009162188553524249,-0.0113626416772604,-0.010588816180825234,0,0,True,0.028810918458156837,0.10213952354636978
1232.6,12.062408447265625,-0.01582605578005314,-1.9039993634601189,0.0007304406771486029,0.0004410867134108591,-0.008467167823866037,-0.0015429294654541155,0.009274526693937973,-0.011063844785094262,-0.011000263243913651,0,0,True,0.06897804047366256,0.011473115975681498
1232.62,12.062403678894043,-0.01579935848712921,-1.904061207580219,0.0008142387709970083,-0.00012098862397849092,-0.007415493164655361,-0.0008766603105567151,0.0074970693304665095,-0.009997758865356447,-0.008900955244898798,0,0,True,0.011980653301816965,-0.09838146918837795
1232.64,12.062386512756348,-0.015595879405736923,-1.9037846355912846,0.0005377087302231427,-4.6911157263470684e-05,-0.0065534243903539735,-0.0011187580337079011,0.0032933615062588815,-0.003242790810763836,-0.002030555903911591,0,0,True,0.006588414224403269,-0.1415199522942476
1232.66,12.062411308288574,-0.015445061959326267,-1.9037186802036843,0.0004696460821063698,-4.5765545787494694e-05,-0.008235132392724111,0.0005832234596512675,0.0012916710184388018,-0.010826613679528238,-0.008932512104511263,0,0,True,-0.012988074012852145,-0.14055633854419886
1232.68,12.062495231628418,-0.015301325358450413,-1.9037358945396177,0.0004521605701861444,4.506602984144503e-06,-0.007940094685912757,0.0014671558619209855,-0.0020470694896237173,-0.007103410921990872,-0.00655809011310339,0,0,True,-0.018538990212251135,-0.018769773526814262
1232.7,12.062663078308105,-0.015191970393061638,-1.9039578738987437,0.0006285731688050486,5.444611956388223e-05,-0.00845453908568554,0.002220954443352168,-0.0037474377530911317,-0.009316404089331628,-0.008693387545645238,0,0,True,-0.005755771106768265,-0.020035939040330675
1232.72,12.062705039978027,-0.015033913776278496,-1.9039484011504544,0.0006031969892065378,5.399446754606426e-05,-0.008036543607332716,0.0010285353992773834,0.001791779624115106,-0.007155385315418244,-0.00611491434276104,0,0,True,-0.02259503033154679,0.025580757933482037
1232.74,12.062800407409668,-0.014863995835185051,-1.9040184752239313,0.0006418845641050017,0.00012592322554781413,-0.008695594081265154,0.00015652440657604443,-0.00031120410478619457,-0.009443024769425393,-0.007785171978175641,0,0,True,-0.0285700301034173,0.05490391000329271
1232.76,12.062783241271973,-0.014720660634338856,-1.9035925521696886,0.000675808164347378,4.7492568043101636e-05,-0.009747697112434856,0.0003767396889473944,-6.088549470156787e-07,-0.009671891927719117,-0.009147822856903078,0,0,True,-0.06735164545585298,-0.10605908444592667
1232.78,12.062902450561523,-0.01453868392854929,-1.9039827702271266,0.000657952682280883,9.836903311670666e-05,-0.010740141493956846,4.283068762604442e-06,0.0006448750471682899,-0.0075807562097907075,-0.006377189308404923,0,0,True,-0.06301131129231671,-0.006662303123605347
1232.8,12.06298828125,-0.014306730590760708,-1.9039484498588501,0.0006265463565557197,0.00013178415554982297,-0.013424675243796053,0.0009426164535899636,-0.006692947131551311,-0.011864741891622545,-0.00987988129258156,0,0,True,-0.08867166835724424,-0.015905274967834362
1232.82,12.063081741333008,-0.014052148908376694,-1.903966885220158,0.0005949569346613442,0.00017347812270558362,-0.013736498984645906,0.00011542933625024229,-0.0008441883546741376,-0.0133205396682024,-0.01180606596171856,0,0,True,-0.07183526355352898,-0.0081940625431202
1232.84,12.06320571899414,-0.013730398379266262,-1.9041279879402122,0.0005653948348653385,0.0002805144850158149,-0.016841430581007944,-0.00014187008711502753,-0.0012730308523726075,-0.014472886845469476,-0.013195041343569757,0,0,True,-0.03352004084622714,0.10776164942705334
1232.86,12.063270568847656,-0.013503213413059711,-1.9040503052955005,0.00038159032260465085,-0.0001040837668438184,-0.016486962578233937,-0.0003458428613547816,-1.064995628072991e-05,-0.016574311256408694,-0.01500386841595173,0,0,True,-0.032810883027133045,0.021894059557076895
1232.88,12.0634183883667,-0.013029862195253372,-1.9040502923270402,0.00034423299091586903,0.0006199097652060333,-0.016106278511499407,-0.000516822498054883,0.0019279848226296176,-0.014724033176898958,-0.013187970817089082,0,0,True,0.041193107299448854,0.03272063698294315
1232.9,12.06348705291748,-0.012796706520020962,-1.9039677372166603,0.0007146521856459138,0.00034670259283150394,-0.016361369626821623,-0.0006920602945920682,0.0009073364098953992,-0.017733999639749528,-0.01681534491479397,0,0,True,0.05135436674730225,0.10159448816077198
1232.92,12.06358814239502,-0.01249926071614027,-1.9039737491544015,0.0007845965641951332,0.000351184386875499,-0.013545981997045667,0.0004209472812073886,0.0013446201062679037,-0.012465767934918404,-0.01105112597346306,0,0,True,0.08147713652400887,0.0817903274741732
1232.94,12.06364631652832,-0.012248174287378788,-1.9039777183827087,0.0009590250996966752,0.00022069174110216097,-0.012378613238441817,-0.001079911239201441,0.008116909096596736,-0.014842836484313013,-0.013256987333297731,0,0,True,0.12689923443606557,0.11788774112478051
1232.96,12.063804626464844,-0.01201679091900587,-1.9039427227185388,0.0009745674722572696,0.00038280442670580794,-0.009588107589584626,-0.001274360457918812,0.008471211020557522,-0.01151617541909218,-0.010028302371501924,0,0,True,0.1435105849441627,0.1590049203921881
1232.98,12.063729286193848,-0.01183262187987566,-1.9033183844889332,0.0006021876615781393,0.0004462493927138931,-0.006209430871945611,-1.3007432726620154e-05,0.010338355699869262,-0.011135549843311311,-0.01013783946633339,0,0,True,0.14910587168005218,0.03435184627551687
1233.0,12.063742637634277,-0.01174104679375887,-1.9032960522727576,0.0005710566874892341,0.00048364047343663107,-0.0020651352015230943,0.00042191802612343693,0.014065013737631384,-0.010044072195887566,-0.0005197371542453766,0,0,True,0.11656882449712443,0.08352863150881613
1233.02,12.063807487487793,-0.011778291314840317,-1.90315064992672,0.0005507162062269728,0.00036575770149223526,-0.00045014350404849084,0.0036027211250171023,0.010865056798635586,-0.018301815278828147,0.0068403614684939395,0,0,True,0.07239100868214685,0.07126763044480508
1233.04,12.06389045715332,-0.011871646158397198,-1.9028175216195293,0.000670953122129791,0.00027301335430292517,-0.0002626016298231538,0.005079393437186349,0.015153501541256735,1.6011297702789307e-05,0.002813940979540348,0,0,True,0.0011596699107127907,0.023731884576912325
1233.06,12.064013481140137,-0.011892617680132389,-1.9024491799450431,0.0005451786467329017,0.00032072380950194613,-0.0004181501773791304,0.005491774687493763,0.016039766135448483,0.0004364081611856819,0.0020720430277287962,0,0,True,-0.008992593887005296,-0.002702097751975011
1233.08,12.064133644104004,-0.011853638105094433,-1.9020837721494581,0.00040112989699007376,0.0005248557634500324,-0.0019723616086661554,0.00478015434109981,0.015963564503782644,-0.0011446749884635211,-0.000622131945565343,0,0,True,-0.0030358129135614202,-0.1118920911941177
1233.1,12.064233779907227,-0.011889714747667313,-1.9018674686358852,0.0004755805359045734,0.00034945508763939166,-0.0011695510150082603,0.003278797528008134,0.010648888978477782,-0.0029504762776196005,-0.0008505684416741133,0,0,True,-0.009621366566565162,-0.16359298083954552
1233.12,12.064303398132324,-0.011846820823848248,-1.9015404364592279,0.00041450353613229425,0.00037619492763451645,-0.0005054666629078466,0.0015658045727003386,0.006202134245735461,-0.0020729049388319254,-0.0008323896862566472,0,0,True,0.019045199678674546,-0.19883992672401601
1233.14,12.064291954040527,-0.011889398097991943,-1.9015972688267633,0.0005474592956528924,0.00017870682518524353,-0.001187859502705831,0.0005752008736797532,0.0029523276682595478,0.0008980442211031915,-0.001864061811938882,0,0,True,-0.004317266694836486,-0.12327031423486418
1233.16,12.064265251159668,-0.011856071650981903,-1.9015876014097983,0.0004492297669819371,0.00021672688203269556,-0.00044874563436924703,0.001018092875649483,5.6370365830617905e-05,0.0013354885857552292,0.001749340929090977,0,0,True,-0.014996710851794345,-0.06316113654882641
1233.18,12.064308166503906,-0.01181478425860405,-1.901631282422424,0.0004448691599328904,0.0002982902321983254,-0.0015149323505958467,0.00039980913697300997,0.0007872638396695885,-0.0035710448399186136,-0.0014964558463543655,0,0,True,-0.010357519964818141,0.001403719162299555
1233.2,12.06439208984375,-0.011839320883154869,-1.9015359268299614,0.0006137452544378467,0.00019907160251789223,-0.001705203531053713,0.001254705332995569,0.0011492433218195834,-0.002823790665715933,-0.0018392828945070507,0,0,True,-0.025226503864855823,0.03596514929274178
1233.22,12.064361572265625,-0.011785165406763554,-1.9015342877195898,0.0004352637265460371,0.0002904151128304567,-0.0020164610998905288,0.0010217969533457315,0.00306462520124341,0.00038332480937242514,0.00010514787398278714,0,0,True,-0.014558087350350857,0.028535610348632275
1233.24,12.064404487609863,-0.01175964530557394,-1.9014956619440528,0.00036540368499663936,0.00029886489863903805,-0.0024668659435558775,0.0004639107912110602,0.0029335823092473436,-0.002348832990974188,-0.0015829374874010683,0,0,True,-0.016452968636375822,0.04143094429542764
1233.26,12.064437866210938,-0.011688755825161934,-1.9013861124063247,0.00029115706194461687,0.0004093697475912781,-0.002679579338622856,0.001878363667263763,0.003070112667558094,-0.0034783025272190574,-0.001979869781062007,0,0,True,-0.011469216593842849,0.03370332579323452
1233.28,12.064491271972656,-0.011664715595543385,-1.9013012402452218,0.00032543363012318597,0.00035487520993379685,-0.0030214410219625816,0.0012319204348880575,0.00446371886545078,-0.0035717598721385006,-0.002374107502400875,0,0,True,-0.001971962063103708,0.02956394480684542
1233.3,12.064573287963867,-0.011631184257566929,-1.9012886787061853,0.00042261628160733436,0.0003361670571579695,-0.002933998427397122,0.0014005850993934002,0.005760891264699719,-0.002950813062489033,-0.001574529241770506,0,0,True,0.011439938613615358,0.06842461970034543
1233.32,12.064576148986816,-0.011562994681298733,-1.901138564434817,0.0003443927260082651,0.0003404795893575924,-0.0026246229086040306,0.0010407547394108642,0.005298697893792826,-0.0036264641396701338,-0.002090843264013529,0,0,True,0.01402585803995818,-0.003023909432765876
1233.34,12.064620018005371,-0.011503098532557487,-1.9009252411051492,0.0004110702640192014,0.00032868918246689853,-0.0017643842495344596,-0.0013984876644545655,0.008544082243580749,-0.004388016611337663,-0.002097619315609336,0,0,True,0.010032958344600605,-0.034717174209089305
1233.36,12.064638137817383,-0.011493105441331863,-1.9008773444137188,0.0004862618372865102,0.000270314963964229,-0.0018993723787669478,-0.0005877482612160394,0.00422180611082973,-0.0007355118170380593,-0.0013604396767914297,0,0,True,0.0034439200911532634,0.008258067492212194
1233.38,12.064513206481934,-0.011461388319730759,-1.9006051521266976,0.0002875741451740393,0.00019378407373203213,-0.0021313617598275225,-0.0007043891351482599,0.002983517327967207,-0.0014520240388810636,-0.0004641993017867208,0,0,True,-0.020445095118665692,-0.08181652696902374
1233.4,12.064580917358398,-0.01140400767326355,-1.90080081994595,0.0003663694449596362,0.00026965030508330944,-0.002349109301311237,-0.0012708719724180762,0.005959343293171078,-0.0021547589823603633,0.00016852001659572126,0,0,True,-0.01717561323814658,-0.03812047599824178
1233.42,12.064621925354004,-0.011323529295623302,-1.9006865597189113,0.0003686665496146623,0.0003778504262282723,-0.003399991859030876,9.587192844141422e-05,0.0019987600860462,-0.0036022349260747435,-0.0023199606314301493,0,0,True,-0.013200042598528236,0.02048293297256008
1233.44,12.064602851867676,-0.01128237135708332,-1.9004005969502642,0.0003706010126452417,0.00020633817831079238,-0.00327342143782133,0.0007700890298448031,0.0011721680309644935,-0.0035964330472052102,-0.002107418738305569,0,0,True,-0.015721844554256802,-0.040094863270959125
1233.46,12.064608573913574,-0.011206540279090405,-1.900445251319814,0.00028258648958514324,0.00020751396925338566,-0.003187365167708821,3.083836533961809e-05,0.004622151965770523,-0.0029190080799162393,-0.0013318563811481,0,0,True,0.001902210742763065,0.03660015495298287
1233.48,12.06472396850586,-0.011176170781254768,-1.900707046503473,0.00036903526962836394,0.00015965775993494825,-0.0036068568656506374,0.000579387214601227,0.0027517542314972657,-0.004450149964541197,-0.002559674009680748,0,0,True,-0.00317751092813393,0.07996045022003852
1233.5,12.064706802368164,-0.011083068326115608,-1.90031678756165,0.0003050009971570072,0.00022698357154611124,-0.0032478149996099694,0.0007287033272419367,0.004926772482282167,-0.0044395156204700475,-0.003309974242001772,0,0,True,0.012297117626940716,0.013417145002792816
1233.52,12.064740180969238,-0.011024399660527706,-1.9001804566117446,0.00033898424699439013,0.00020264496165820753,-0.003527622312071813,-4.68383539788445e-05,0.007569004048561757,-0.004373600836843253,-0.0025551594235002995,0,0,True,0.01937028152347336,0.0709786331366716
1233.54,12.06474781036377,-0.01097955834120512,-1.9000511095212318,0.0002923552714475073,0.00025873919701795085,-0.0022035957575544584,0.0016657927144599883,0.005695523565992972,-0.0037011976540088655,0.0034073568973690275,0,0,True,0.018167901159873396,0.05719364162382052
1233.56,12.064811706542969,-0.010907920077443123,-1.9001015261795886,0.00033703530291084524,0.00027939592876365246,-0.0020572343437741778,0.0029629158688866896,0.00843004488242583,-0.006037920210510493,-0.002756583243608475,0,0,True,0.02789044794782693,-0.012928821148719736
1233.58,12.064889907836914,-0.010959339328110218,-1.899861145676371,0.00032364802630517614,0.0002511227114433183,-0.0017943829068214196,0.0036071853538839653,0.009502263812183647,-0.0041974646970629696,-0.002293277438730002,0,0,True,-0.006206415441393268,-0.0282623575878146
1233.6,12.065017700195312,-0.010945317335426807,-1.8995060530211512,0.00029050356789445873,0.0002238533522130696,-0.001296386476247688,0.002228023882716347,0.006534698356665119,-0.03994771473109723,-0.001419360339641571,0,0,True,-0.03520650111049104,-0.11075439125815867
1233.62,12.065067291259766,-0.010936965234577656,-1.8992909284162578,0.00045123737226415315,0.00014305947622648648,-0.0027001089928654683,0.0007169517403587726,0.0034345349589698605,-0.004095198921859265,-0.0026948113180696965,0,0,True,-0.05873854436048284,-0.17053944953263517
1233.64,12.065013885498047,-0.010867302305996418,-1.8995787503110544,0.00028138672245622067,0.0001382605025029889,-0.004873754432618904,-0.0018390928271136107,-0.00043030641824398744,-0.0057420070469379435,0.0007971298880875111,0,0,True,-0.07367377398011639,-0.05838055623297265
1233.66,12.065013885498047,-0.01077338494360447,-1.8995863828796529,0.0003108880751559706,4.9863366295789375e-05,-0.006493466455669129,-0.0017619561846324114,-0.004140892150453536,-0.010355218127369881,-0.001051581157371402,0,0,True,-0.06595599774554735,-0.06932032266917515
1233.68,12.065004348754883,-0.010528795421123505,-1.8995404775346107,0.00024342805469444934,0.0003313838986652861,-0.00719028839466839,-0.002163072623025744,0.00186425385801828,-0.008198543787002565,-0.005441859103739262,0,0,True,-0.015728740019974544,-0.004802266115970941
1233.7,12.065101623535156,-0.010399799793958664,-1.8996221997882947,0.0003179373057296119,0.000372491300015615,-0.007976588812519454,-0.0015125246548313878,-0.00211109085457487,-0.009238619692623616,-0.007029482536017895,0,0,True,0.018931336503262217,0.0247421779707108
1233.72,12.065035820007324,-0.010267014615237713,-1.899429610002413,8.683267222006157e-05,0.00040508248630984024,-0.0061320536342157235,0.00046575496124857604,-0.0008144877075213133,-0.005684768743813039,-0.004732174761593343,0,-0.3,True,0.027098298846052072,-0.10199761854534457
1233.74,12.065105438232422,-0.010130371898412704,-1.8997552701480187,6.073539551145906e-05,0.00045997424922631524,-0.004978959535409529,-2.4312671142511432e-05,-0.002161517912798472,-0.005384678952395917,-0.0028259143792092804,0,-0.3,True,0.04457068640417864,-0.01867614515170463
1233.76,12.065197944641113,-0.010076509788632393,-1.8996056365512124,9.31927271435645e-05,0.00041093172191345335,-0.005022424486986196,0.0008684948584713628,-0.006295555625601864,-0.006003165654838086,-0.004478789716959,0,-0.3,True,0.02478693382169759,-0.04700174973752219
1233.78,12.065228462219238,-0.010022212751209736,-1.8997951212213184,2.9337371517758954e-05,0.00026889634557557827,-0.004410933900188406,1.8257942146973757e-05,-0.0036051824667098814,-0.007620071507990361,-0.0050107396580278876,0,-0.3,True,0.028052582450960904,-0.022386873830832408
1233.8,12.065231323242188,-0.009909181855618954,-1.8999332544524608,-5.176687948610409e-05,0.0001669315372850354,-0.00414909892848172,-0.0005983567422671261,-0.004574627686519669,-0.005127983950078488,-0.004306312575936318,0,-0.3,True,0.04444806957261076,0.03488621376589929
1233.82,12.065220832824707,-0.00979689508676529,-1.9000436847453552,-3.282500906404144e-05,8.577675625660352e-05,-0.0027347529393346977,-0.0009218241084378391,-0.003952467819263436,-0.006404189728200436,-0.006948519349098206,0,-0.3,True,0.05136038165103568,-0.1575816989388017
1233.84,12.06525993347168,-0.009746926836669445,-1.8999716067661336,4.799156438199506e-05,0.00037922826883935595,-0.0014665789211805698,-0.0005513778565548825,-0.0035046585243324593,-0.0037327229604125025,-0.005251167155802251,0,-0.3,True,0.04181241870276776,-0.44245452132833035
1233.86,12.065229415893555,-0.009791339747607708,-1.9001113186468592,5.726978522467752e-06,0.00029488349941772323,-0.00030210336810928835,-0.00048118338415451293,-0.01621171838180255,-0.0038942584395408636,-0.00455903422087431,0,-0.3,True,0.013704149511520505,-0.7502631899721767
1233.88,12.065227508544922,-0.009783895686268806,-1.900213627134408,-7.494160644355408e-05,0.0001991909920346252,-0.0008041054322538346,-0.0024922084931071637,-0.039970989392854504,0.002939594723284245,-0.0017118927463889123,0,-0.3,True,-0.008876682902424786,-1.0779792483668544
1233.9,12.065192222595215,-0.009761576540768147,-1.901340622215902,-8.130872676775874e-05,0.00021814053384892567,-0.0016384209784109384,-0.005074139381973054,-0.06397352301715357,0.01332004263997078,-0.015207209810614587,0,-0.3,True,-0.01953483136358623,-1.1131540674100542
1233.92,12.065092086791992,-0.00962156057357788,-1.9031692859175682,-3.170654814910248e-05,3.2595813563452916e-05,-0.002176713553375925,-0.00833064155993437,-0.08974299839384749,0.010553763434290887,-0.005293020009994508,0,-0.3,True,-0.0003401957918031241,-1.0036560621264259
1233.94,12.064888000488281,-0.009535613469779491,-1.9052292004882414,-0.000159527974303218,-0.0001795460237987562,-0.0018648898771992072,-0.008409399922658711,-0.10526404377477899,0.08371471226215363,-0.055247487574815755,0,-0.3,True,-0.028322893088183573,-0.9002099758439221
1233.96,12.064654350280762,-0.009401834569871426,-1.9073930670059092,-0.00021667349173086947,-0.00033340279311488464,-0.0008313210955980597,-0.008904312659223057,-0.12026347436289556,0.012460922300815584,-0.03673691809177399,0,-0.3,True,0.0014618140647899795,-0.9206786109704306
1233.98,12.064605712890625,-0.009399831295013428,-1.9097617457178766,0.00013078234636914674,-0.0003604824538219603,-0.0039042524254635637,-0.010376332283471013,-0.13599032108460185,0.09225821137428285,-0.04816581368446351,0,-0.3,True,-0.0076260582627140005,-1.0193997298888078
1234.0,12.064441680908203,-0.009323515929281712,-1.912790363866591,-0.00010309160600186793,-0.00037613205701862403,-0.002059768428192833,-0.006073116466508242,-0.16339728727141495,0.03930488616228104,-0.10352989375591279,0,-0.3,True,-0.018353964659961197,-1.132626255730316
1234.02,12.064208984375,-0.008965025655925274,-1.9161084261749997,-0.0002712390348978508,0.0003681050631191739,-0.0024749745382157723,-0.011823457113343238,-0.18681602216580945,0.05508516430854798,-0.0576662689447403,0,-0.3,True,0.06751360635076191,-1.3102602783333466
1234.04,12.064251899719238,-0.009083658456802368,-1.9204648499876105,0.00023784643455100442,-5.299780118622207e-05,-0.00229963826839362,-0.010025241601378672,-0.21087357482123842,0.13484384894371035,-0.12077158510684968,0,-0.3,True,0.03332328303562333,-1.1493066173460473
1234.06,12.063782691955566,-0.008893351070582867,-1.9247070274911278,-0.0005750881309766455,-1.1742156686945981e-06,0.0014968360825924774,-0.008520871347129366,-0.24081114335117423,0.074371395111084,-0.14369378447532655,0,-0.3,True,0.047448474338107664,-1.0804547408514311
1234.08,12.063751220703125,-0.008875916711986065,-1.9296602498522748,-0.0001808863818670412,0.00022766026704606806,0.0006060942146546089,-0.009983716601855219,-0.2553418166590151,0.13592549085617067,-0.10581903785467149,0,-0.3,True,0.03696479475634342,-0.96118738771504
1234.1,12.063528060913086,-0.008841105736792088,-1.935373317643076,-0.00031966904054431803,0.0003661624419244822,0.0013209034088293883,-0.0022647173237075767,-0.2732524014338453,0.1974827325344086,-0.15552132904529573,0,-0.3,True,-0.02641902177097661,-0.6782983296220404
1234.12,12.06348705291748,-0.00884854607284069,-1.940892195320313,-0.0003137575144347508,0.000154108067620098,0.0006575453121111647,-0.003414667299959847,-0.2877685658383717,0.17587008833885195,-0.2001106631755829,0,-0.3,True,-0.03939202621587744,-0.6738875923825175
1234.14,12.063575744628906,-0.008927478455007076,-1.9465672196058776,0.0001566894236244102,-0.0002659532492084297,-0.0006166856590897363,-0.0014222825562664873,-0.29507500972104234,0.16773479700088503,-0.18111406683921816,0,-0.3,True,-0.06720173250945947,-0.5839127790694396
1234.16,12.063477516174316,-0.008826150558888912,-1.952681735119389,8.250292607006985e-05,-0.00019144523937845954,-0.0025452678826216766,-0.0025123554990249953,-0.3092528240497207,0.19129844546318056,-0.18015170335769656,0,-0.3,True,-0.06381492505401963,-0.5222633437749087
1234.18,12.063440322875977,-0.008753456175327301,-1.958979318420805,0.00012770367158335087,-0.00014238239950851186,-0.004055235191937761,-0.006011473400384829,-0.3199654237594908,0.22464636325836185,-0.23239220142364503,0,-0.3,True,-0.06182957879044339,-0.49282796552245417
1234.2,12.063376426696777,-0.008584690280258656,-1.9656324212443386,8.367350664029737e-05,4.126415605893844e-05,-0.004447648692220272,-0.006541414886015618,-0.3295496333404451,0.23644211888313296,-0.19681908249855043,0,-0.3,True,-0.008341907117101902,-0.29579577916758587
1234.22,12.063253402709961,-0.008445166051387787,-1.9721644535066136,-0.00014322084647113925,0.00013458597286807858,-0.005563051962320709,-0.0037984593110685387,-0.3345012469628028,0.22588128805160523,-0.2139789962768555,0,-0.3,True,0.014174665397639822,-0.07284256670680408
1234.24,12.063131332397461,-0.008296418935060501,-1.9790457057866007,-0.0003082849150133114,0.0002653260063027842,-0.003212620451989222,-0.001207786817825637,-0.33291648638310606,0.19947621107101443,-0.21172014951705934,0,-0.3,True,-0.02207523225992309,0.06990446100605023
1234.26,12.063334465026855,-0.008225062862038612,-1.985739418177805,-1.0864768344243482e-05,0.00028003838954637734,-0.0029212619601276064,0.0015919478984807054,-0.3257928290960298,0.2141310775279999,-0.184363648891449,0,-0.3,True,0.007766778632816693,0.13976846034988596
1234.28,12.063389778137207,-0.008310442790389061,-1.9922657401549628,0.00019254881811212718,-0.000302517452027526,-0.006213667273012513,0.0025966355011702294,-0.3239572764599662,0.19675096511840823,-0.21779730796813968,0,-0.3,True,-0.042143033402900126,0.05746779818731432
1234.3,12.063464164733887,-0.00828263908624649,-1.9982278798342723,0.0003476823225433351,-0.0005700868848303813,-0.004941709671695938,-0.0019890390050802446,-0.3233197701348221,0.19675096511840823,-0.21779730796813968,0,-0.3,True,-0.05862136450975875,-0.19218158842286967
1234.32,12.06352424621582,-0.007927809841930866,-2.0049622879033744,0.000296951932060494,0.00020320563420424235,-0.0065840631242181655,-0.003880674626314794,-0.3283190625281251,0.18273556590080264,-0.21539185404777528,0,-0.3,True,0.00044585245348897863,-0.2490105102362336
1234.34,12.063353538513184,-0.007799331098794937,-2.011604999788567,-3.839870074484304e-05,-0.00015967213320279173,-0.007610971120904041,-0.006516786357536481,-0.3411673561698454,0.2356150805950165,-0.20545725584030153,0,-0.3,True,0.0020875691904545424,-0.2561850994078348
1234.36,12.063329696655273,-0.007701992988586426,-2.018531265157189,-0.0001704679329058884,-0.000193333412117887,-0.006177999076733427,-0.00700053532582828,-0.34387811727884676,0.21605913400650026,-0.23175254225730899,0,-0.3,True,0.04888820968419187,-0.11989628489904526
1234.38,12.063252449035645,-0.007509524002671242,-2.0255212683279127,-0.0005113775667448233,-8.474538114374138e-05,-0.004774704136459252,0.00016030143365231876,-0.3438145780874885,0.21605913400650026,-0.23175254225730899,0,-0.3,True,0.07380174124963061,0.15919411255043397
1234.4,12.063233375549316,-0.007239830680191517,-2.0324725372857353,-0.0005606982770773311,0.0003829090602023786,-0.002673006349475257,-0.003513567144498352,-0.33791076532006725,0.20207622885704044,-0.19748006224632264,0,-0.3,True,0.08162786989055636,0.22635197582648908
1234.42,12.063532829284668,-0.007461803033947945,-2.0391101660356195,0.000643187928040844,5.4262082245456305e-05,-0.0017068318209221814,-0.003401665254376445,-0.32843182716578606,0.205900673866272,-0.27912585616111757,0,-0.3,True,-0.0022840309524169915,0.19030542666005307
1234.44,12.063173294067383,-0.007385330740362406,-2.0455641263828466,4.879243794018136e-05,-0.0002561641908353621,0.0003522305145237023,-0.002781102498698134,-0.32576995921269264,0.14226586043834688,-0.1904027056694031,0,-0.3,True,-0.07113774074312851,0.02950819195489165
1234.46,12.063071250915527,-0.007264843210577965,-2.0517958145011517,-1.1945876929274694e-05,-0.00017907023413158706,-0.004957426612652445,-0.010803115574201175,-0.3285901439546981,0.20577922582626346,-0.17681199073791506,0,-0.3,True,-0.0922713184375414,-0.2000881709303572
1234.48,12.06302261352539,-0.007163186091929674,-2.058534134022727,8.588851896706224e-05,-0.00018137575991988332,-0.008364025608920361,-0.007797114152766308,-0.33555010996367807,0.2011246716976166,-0.19203597068786624,0,-0.3,True,-0.1060744076848742,-0.24441535273675524
1234.5,12.062950134277344,-0.006710350979119539,-2.0653973775519714,-0.0003352442340376326,0.0004986565576680221,-0.00908853729591878,-0.004346257302082986,-0.3444388808402001,0.2119505786895752,-0.1713974726200104,0,-0.3,True,0.004806282541213371,-0.11672133506349518
1234.52,12.062935829162598,-0.0065019153989851475,-2.0724081351799164,-0.00022063259224755984,0.0005432463620680126,-0.008133722100258516,-0.0039030818551144078,-0.3453231874316153,0.20870935797691348,-0.20004065155982972,0,-0.3,True,0.06525994541306737,0.026780302421598803
1234.54,12.0631103515625,-0.006459848489612341,-2.0793509249683426,0.00016530564084385024,0.00033317910354671516,-0.004572924009355725,-0.0023445125137798485,-0.3379278507597692,0.2719673895835877,-0.23108358502388002,0,-0.3,True,0.07633685142130603,0.17836812101134344
1234.56,12.063061714172363,-0.006442508194595575,-2.086159989017231,3.315038262529144e-05,-0.00014541550092531157,-0.00314322997587972,-0.0005473554608384128,-0.3334076857699521,0.2177827298641205,-0.1989590346813202,0,-0.3,True,0.03752929925912519,0.18166899175117235
1234.58,12.06296443939209,-0.006299487315118313,-2.0924316056127283,-0.0001879753007147,-0.00035679210796822787,-0.0029815891822198523,-0.006415967984078398,-0.3301694311593056,0.1965950453281403,-0.17921263813972474,0,-0.3,True,-0.019595160956061897,-0.027003503286463917
1234.6,12.063021659851074,-0.006261536851525307,-2.0990807500414883,0.0001673697022000734,-0.0003476710014208948,-0.005131378159531232,-0.003960929784199164,-0.3307896680915347,0.23399152874946597,-0.20970625996589662,0,-0.3,True,-0.03978682547161894,-0.20635146962744103
1234.62,12.062784194946289,-0.005997278727591038,-2.105764479461063,-0.0003570637417106526,-0.0003045204426045828,-0.006140536885839251,-0.00611934019133014,-0.34008813102268437,0.20427476882934573,-0.21250748395919802,0,-0.3,True,-0.021207700490487574,-0.213670283219576
1234.64,12.062994956970215,-0.00592824025079608,-2.112623162464605,0.00026633577542252386,2.6684506927804435e-05,-0.006326176013615387,-0.004141756045890375,-0.3499158033401793,0.20963279366493226,-0.22990060567855838,0,-0.3,True,0.01993914975885595,-0.1737772110423641
1234.66,12.062793731689453,-0.005627300590276718,-2.1196386560945957,-0.00023998946196865904,0.00012657373177517303,-0.004678205221462137,-0.0020643142026500493,-0.3472630538169047,0.21130429387092592,-0.26487362742424014,0,-0.3,True,0.03884063247029508,0.014469486185307369
1234.68,12.06299877166748,-0.005657058674842119,-2.1270740143087568,0.00040259065958802475,0.00014948760571247788,-0.003536246178819673,-0.007589113895662833,-0.3446918449749507,0.2627565395832062,-0.16139267921447756,0,-0.3,True,0.02165987033572852,0.2781291952787351
1234.7,12.062838554382324,-0.005591833498328924,-2.133545523766469,5.371333478956002e-05,-0.0003229750388019038,-0.0030332862882096394,-0.00046163072328762834,-0.33893057212785754,0.22888731479644778,-0.2324343502521515,0,-0.3,True,-0.03537520087392054,0.20109090393242127
1234.72,12.062628746032715,-0.005367412697523832,-2.140198510062576,-0.0004438459894300302,-0.00036036112410410976,-0.004593386386758681,-0.006393948091664106,-0.3276654677179007,0.23569931983947756,-0.18363670468330384,0,-0.3,True,-0.08691481403433095,0.14147363792347437
1234.74,12.062891960144043,-0.005402355454862118,-2.1467531018647996,0.000278146645796015,-0.00024054025327497453,-0.007508221291373207,-0.0023173449321212836,-0.33117578150232563,0.18773969411849978,-0.19378193855285647,0,-0.3,True,-0.09235963610485104,-0.010903366398312889
1234.76,12.062766075134277,-0.005071793217211962,-2.153287251726165,-0.00027021702708197154,-5.923662710823241e-05,-0.010489431301559824,-0.0018992461854478058,-0.33337395394108305,0.21273684501647952,-0.2114466953277588,0,-0.3,True,-0.03824850586204096,-0.15964839595145
1234.78,12.063010215759277,-0.0049871099181473255,-2.160039586286631,0.00035777047333139533,0.00022078036199952553,-0.010422057176591002,-0.002320880124465708,-0.3398028414397218,0.1921734154224396,-0.19068780064582827,0,-0.3,True,0.051344459887632816,-0.05996862068324671
1234.8,12.062963485717773,-0.0045830560848116875,-2.1668684263778384,-0.00013716198340425282,0.0005233122225504891,-0.007653266855719175,0.000555781095627603,-0.3404373393940051,0.24746451735496525,-0.22408047914505008,0,-0.3,True,0.07158026578259039,0.020435862842114867
1234.82,12.063200950622559,-0.004606012720614672,-2.1739373291799526,0.00043954491145763093,0.0005577495548015941,-0.0034006645003663172,-0.0018356125827812112,-0.335973271156981,0.22406953096389773,-0.20061208486557008,0,-0.3,True,0.10099589291040774,0.15004719757285892
1234.84,12.063146591186523,-0.004590079188346863,-2.1805222388776606,8.804183141661221e-05,-0.00011602433522329986,-0.004763010038957801,-0.0001715795100413254,-0.33173908491371534,0.20177065610885622,-0.21121743440628055,0,-0.3,True,0.06196225328382026,0.10469586411394019
1234.86,12.063043594360352,-0.00467976089566946,-2.186917447979165,-5.801894074972923e-05,-0.0009708207732921501,-0.002342385743765732,-0.0037327263905699826,-0.327799065633904,0.21036475300788882,-0.17711495995521548,0,-0.3,True,-0.07299524335088535,-0.002512404028421485
1234.88,12.063170433044434,-0.004262816626578569,-2.193407553170987,-0.0002682342897041282,-0.00011924939772659135,-0.002696286593003974,-0.006367241692095876,-0.3320616702648737,0.19490744829177858,-0.15095775663852692,0,-0.3,True,-0.022454786498078763,-0.10838032200347357
1234.9,12.063065528869629,-0.004280514549463987,-2.2001612544307156,-0.00019205586068566922,-0.000552431007373921,-0.009240283968448431,-0.004088656188460443,-0.3361742634792551,0.1933982014656067,-0.2116729271411896,0,-0.3,True,-0.048012397057509815,-0.17848718638019462
1234.92,12.062858581542969,-0.0041178022511303425,-2.207087172498902,-0.000467821223472438,-0.0005930901428781307,-0.006559392958807574,-0.005928004584126436,-0.34040951067401,0.11252267718315126,-0.23552616834640505,0,-0.3,True,-0.018858223864549568,-0.10068245836413259
1234.94,12.063214302062988,-0.00388963520526886,-2.2138113890575575,0.0002691647299522256,0.0005729097460514994,-0.0061833775083739405,-0.003813573578623695,-0.34207804054434715,0.19296287775039675,-0.2232074534893036,0,-0.3,True,0.11642739123296854,-0.01264618658378373
1234.96,12.063100814819336,-0.0035589549224823713,-2.220640314024883,-1.444982033560867e-05,0.000839839844944671,-0.004204944502166567,-0.0022073847841669906,-0.340116266933997,0.19101248264312745,-0.22068827867507937,0,-0.3,True,0.08643238058742442,0.14170253165223712
1234.98,12.063117980957031,-0.003701701294630766,-2.2275274976742385,0.00023029824674870167,1.4026030740680905e-05,7.390733018058091e-05,-0.0019148155691432497,-0.3371859584059569,0.21223957896232606,-0.2132763183116913,0,-0.3,True,0.044991880012523425,0.1749647391268284
1235.0,12.062921524047852,-0.0037431230302900076,-2.234296473853597,-0.0003991697783396054,-0.0008420587532169826,0.00035519748818009067,0.0012460602330881599,-0.3290733081418413,0.24311753869056704,-0.1909185552597046,0,-0.3,True,-0.03258748377640842,0.18008298908347434
1235.02,12.063089370727539,-0.0038007935509085655,-2.2407862657300095,-1.6078426985360213e-05,-0.0006988397455415002,-0.00258402710737534,-0.0009369357985233588,-0.3280808614142136,0.22157749295234683,-0.20425413250923158,0,-0.3,True,-0.07554438145914676,0.08428294392849622
1235.04,12.063161849975586,-0.003642735769972205,-2.2469661786762063,0.00012220051719279146,-0.00017959502339646326,-0.00681194320427687,-0.0013542140948695097,-0.32570962780733215,0.1872005295753479,-0.23665721893310548,0,-0.3,True,-0.057651914413630476,-0.13708540468744512
1235.06,12.063187599182129,-0.0034931213594973087,-2.2537739665873517,0.00014536003611800583,0.00016039757720077757,-0.005969643186545664,-0.005225722881306526,-0.3304433228916833,0.18697920441627505,-0.22329641580581666,0,-0.3,True,0.03824186937104892,-0.18834793513814235
1235.08,12.063178062438965,-0.003250272711738944,-2.2603532440781597,0.00010295329103372854,0.0007961846980811402,-0.0042569556649061525,-0.009675224299311313,-0.34004014051682696,0.2373731565475464,-0.20842076659202577,0,-0.3,True,0.14385662973619046,-0.2915271660996991
1235.1,12.063066482543945,-0.003166504204273224,-2.26722173156132,0.00010258265736877034,0.0007291405149001606,0.00047532244230579076,-0.006952693079029902,-0.3431486962252513,0.22214044809341432,-0.18350401639938357,0,-0.3,True,0.0996896807249691,-0.20245492447637037
1235.12,12.06278133392334,-0.002887560287490487,-2.2741693899175277,-0.0006963784002926564,0.0004644068192615203,0.0046965871746079005,-0.005223399638732281,-0.34903180109528686,0.2205230462551117,-0.23117400765419008,0,-0.3,True,0.006947685360163698,-0.051052072531369015
1235.14,12.062736511230469,-0.003165491623803973,-2.281225862285425,-0.00020408392252822499,-0.0004347096416111534,0.0020055312714672784,-0.004124435262959088,-0.34663971684982425,0.25401430845260625,-0.19393572211265567,0,-0.3,True,-0.10696020530627015,0.02622875784223096
1235.16,12.062616348266602,-0.0032665494363754988,-2.2882757881658367,0.00010191350336899007,-0.0011238999667059204,-0.0037011408360919824,-0.005064973571597842,-0.3441243063193444,0.20334979772567752,-0.22268709778785709,0,-0.3,True,-0.25002607114901293,0.12254823361677093
1235.18,12.062711715698242,-0.003072949592024088,-2.2949529089093597,0.0005305055606340903,-0.000993244209329672,-0.008081493982212359,-0.008022968566786661,-0.34105039559786876,0.20063830375671388,-0.1714823877811432,0,-0.3,True,-0.17453778223430136,0.020853202950190063
1235.2,12.062670707702637,-0.0023980531841516495,-2.3016993344231285,-0.00012186387153669787,8.26180513623732e-05,-0.01530549851735179,-0.01063205271606324,-0.33922794240592624,0.2132817089557648,-0.12596808671951296,0,-0.3,True,-0.060187775762136596,-0.032362878731389697
1235.22,12.062684059143066,-0.00225599086843431,-2.3085098939332296,0.00013081625565993435,3.557482956819993e-05,-0.011957491307264131,-0.012076418910065813,-0.34497146061381057,0.2132817089557648,-0.12596808671951296,0,-0.3,True,0.013396453599488115,-0.11813929873921009
1235.24,12.062800407409668,-0.001787078334018588,-2.315414023558286,2.22458564749656e-05,0.0010957746911579413,-0.00851616289705853,-0.007183773534853058,-0.3467133366178532,0.2268177080154419,-0.21548292756080628,0,-0.3,True,0.14031606852101136,-0.03537769723719634
1235.26,12.062640190124512,-0.0017152524087578058,-2.3225506257584394,-0.0002573335577847542,0.0004832286321016706,-0.007009777694254284,-0.0025388069847478156,-0.35050153949699697,0.21464975595474245,-0.2244601356983185,0,-0.3,True,0.05541113441141683,0.14596217007673157
1235.28,12.06270980834961,-0.0015075962292030454,-2.3294364013525315,-0.0006694009670426065,0.00011743043549995362,-0.004080213035681091,-0.002980537797068529,-0.3420581581848994,0.20773514509201052,-0.19394553542137147,0,-0.3,True,0.024876031584078393,0.16955520038542132
1235.3,12.062918663024902,-0.0017076395452022552,-2.336550017092964,0.00012399146191226137,-0.0007727806968506008,-0.007524600554354817,-0.003364947272529292,-0.33329448700768266,0.19905599117279055,-0.20682144761085514,0,-0.3,True,-0.004999405842922616,0.29458196302943057
1235.32,12.062851905822754,-0.0013861405896022916,-2.342778676213053,-0.0002501145058496118,-0.0009309905429619317,-0.006526080370334069,-0.0019444662565898025,-0.3331489205870318,0.11157572627067568,-0.20057384967803957,0,-0.3,True,-0.021038976955087912,0.08587496656899643
1235.34,12.06286334991455,-0.0010947432601824403,-2.3492141847190298,-0.0001978658067645126,-0.00028391448665175125,-0.00740973016168773,-0.009784858947183067,-0.32693498245466396,0.11157572627067568,-0.20057384967803957,0,-0.3,True,0.06194879110214505,-0.04844519156642709
1235.36,12.062962532043457,-0.001024995930492878,-2.35608831499947,0.0003245981156978756,0.00019104672475648969,-0.005763331192086593,-0.008762644524691804,-0.3351881608593859,0.11531082510948182,-0.20569295048713687,0,-0.3,True,0.1253787223573568,-0.04334080814731667
1235.38,12.062777519226074,-0.0007359282462857664,-2.3627048156893875,0.00012819506468045438,0.0005069121758405086,-0.0025686972661736343,-0.007438692103737404,-0.3371701023330043,0.14425008058547975,-0.22946636676788332,0,-0.3,True,0.18039609815425034,-0.19327011627195598
1235.4,12.062682151794434,-0.0005644453340210021,-2.369593729081856,8.669852795241916e-05,0.0008321017845006881,0.003504217418273861,-0.009012459913495611,-0.33661618523882386,0.21685559749603273,-0.22229636788368226,0,-0.3,True,0.16586120818146344,-0.06360986674056658
1235.42,12.062591552734375,-0.0005268583190627396,-2.3761877929057222,4.15169593479825e-05,0.0009120342181857825,0.007021957690680187,-0.00540684546618668,-0.3423965917564503,0.23055229783058168,-0.20769020915031436,0,-0.3,True,0.11376212072015399,-0.03493892078692745
1235.44,12.06225872039795,-0.0007039436022751033,-2.3830176098186278,-0.00028012384098588403,-0.00017765018962185693,0.007505565462456126,-5.227687875874933e-05,-0.34027695019864107,0.19674100160598756,-0.19102086901664736,0,-0.3,True,-0.04037279500884843,-0.019544941479978248
1235.46,12.06207275390625,-0.0008132185903377831,-2.3900965430298786,-0.0004928073569571217,-0.0008913970052776445,0.006532272391430408,-0.0010060474378148915,-0.33996521599595597,0.19674100160598756,-0.19102086901664736,0,-0.3,True,-0.1679301408881302,0.07699160614951928
1235.48,12.062243461608887,-0.0009744488634169102,-2.3968158850977224,0.0003090121333381103,-0.0007219546717974471,0.00027439381756892397,-0.0005817304077000217,-0.3381797805572207,0.21034330725669864,-0.20374323129653932,0,-0.3,True,-0.1408723213660779,0.023192830600385628
1235.5,12.062154769897461,-0.0008248350350186229,-2.403385010185374,0.00014190397875004255,-0.0005451839472105215,-0.006412453580358012,-0.00540072778084381,-0.3362372632644944,0.19209358215332034,-0.20803320765495303,0,-0.3,True,-0.08948899338797345,-0.02237739421294358
1235.52,12.062211036682129,-0.0006846056203357875,-2.410071992263181,0.00044289419968605696,4.5641855798954176e-05,-0.003764220246819857,-0.010475038798624554,-0.3384215237506119,0.1895855724811554,-0.20285398364067078,0,-0.3,True,0.03968674351059033,-0.059111455855100414
1235.54,12.062161445617676,-0.00014840788207948208,-2.4169955240910137,-9.500484222033013e-05,0.0010326269130149942,-0.0006268470796009567,-0.009988267106776735,-0.34175540753298983,0.20604945898056032,-0.19490451931953431,0,-0.3,True,0.19316372941900586,-0.013431038188179981
1235.56,12.061907768249512,-0.00014968038885854185,-2.4238896069977467,-0.0002650932629831605,0.0007186660264392865,0.003449333298413263,-0.00890053770906491,-0.34290869702562443,0.19167997121810915,-0.2082932269573212,0,-0.3,True,0.11362106663133169,0.07951079745272761
1235.58,12.061662673950195,-0.00019328499911352992,-2.4307254427879883,-0.0006430389680056731,0.00019504372420966722,0.009040644773148403,-0.0027824867356250286,-0.3373117463195478,0.18463917255401613,-0.19611871600151065,0,-0.3,True,-0.007826861782999685,0.1527988108752045
1235.6,12.061534881591797,-0.00032968856976367533,-2.437504688025206,-0.0006044532825078818,-0.00045707464282579706,0.005325465083678411,0.0013719465669386685,-0.3320606599543995,0.20737031698226932,-0.2159626615047455,0,-0.3,True,-0.13054719045532007,0.2228307034096817
1235.62,12.061468124389648,-0.0004516385088209063,-2.443980463796553,-0.0003699028321672336,-0.0011381806694827983,-0.001252996022240362,-0.0019216537496430657,-0.3295315026629846,0.19603857398033145,-0.2172467112541199,0,-0.3,True,-0.23801854861428498,0.13104849825205933
1235.64,12.061654090881348,-0.0005091269267722964,-2.45045445979415,0.0005134863804827279,-0.0007818172148196611,-0.006994441938032528,-0.004134875338632879,-0.32508224075281544,0.20750333905220034,-0.20146686911582948,0,-0.3,True,-0.1269873199887525,-0.022648550659552732
1235.66,12.061640739440918,-1.107497973862337e-05,-2.457087963001078,8.78220021829025e-05,0.000189392059970673,-0.010000839116031196,-0.00725763778416259,-0.3268278664593628,0.1816226649284363,-0.21823797225952152,0,-0.3,True,0.026286461306955652,-0.04538696260221782
1235.68,12.061755180358887,0.0002818608481902629,-2.4635112672854813,0.0001681085126613069,0.0008932108194516327,-0.004833520515441423,-0.010504540218382317,-0.3338725440071672,0.2119857180118561,-0.21003613233566287,0,-0.3,True,0.13283133023325713,-0.1639726562273166
1235.7,12.061720848083496,0.0005040535470470786,-2.4701266931133525,-2.098421493130164e-05,0.0011454528268318867,0.0008499208823201545,-0.005004582057550704,-0.33316245967116903,0.23201996326446536,-0.1982969117164612,0,-0.3,True,0.17131321821776857,-0.08241905810720611
1235.72,12.06142807006836,0.00038789460086263716,-2.477164263314699,-0.0002509818516651581,-9.406990668200165e-05,0.0036320644806183792,-0.001220592098491864,-0.33820005325098884,0.23201996326446536,-0.1982969117164612,0,-0.3,True,-0.017699186941623844,0.059262837243706984
1235.74,12.061338424682617,0.00026007500127889216,-2.4837409597747473,-0.00042745944085154997,-0.0007336508118892565,0.0037042183413778236,0.0004851845609916397,-0.3334213911079333,0.11838526964187623,-0.20221848845481874,0,-0.3,True,-0.11620837767475486,0.011621997121784461
1235.76,12.061466217041016,0.00017957047384697944,-2.490567271545536,-0.00014848261395550806,-0.0008371796921930993,-0.006249455470770043,-0.0006494575741054424,-0.32913151702767496,0.19940876960754397,-0.1975539040565491,0,-0.3,True,-0.12901259117315086,0.0775815000143861
1235.78,12.06151008605957,0.00029215298127382994,-2.496800404401963,7.315614050306189e-05,-0.0008294852692917252,-0.008446749331651779,-0.00484551430150153,-0.3322326999014271,0.20288923978805543,-0.22608357906341556,0,-0.3,True,-0.09136712980874509,-0.04720906957725582
1235.8,12.06179428100586,0.0007321989396587014,-2.503494784676889,0.0002812840698159316,0.000659599514471726,-0.0066889428132243045,-0.009700145531385674,-0.3319935332498436,0.13190310239791872,-0.21516353607177735,0,-0.3,True,0.13158073091719855,-0.1423008436469555
1235.82,12.0616455078125,0.0009760289685800672,-2.5103195757668373,0.00017587231290043377,0.0007287367845135694,-0.003605152043315135,-0.008688382585216235,-0.3371981166741103,0.13190310239791872,-0.21516353607177735,0,-0.3,True,0.18826271662149363,-0.1371718025002562
1235.84,12.061433792114258,0.001121637993492186,-2.517126754205499,-7.291765010284565e-05,0.0004667912547322641,0.0042770030025962675,-0.010111692829253068,-0.34051558451942104,0.20064494609832764,-0.20164360880851748,0,-0.3,True,0.167969455122561,-0.14009177547764984
1235.86,12.061332702636719,0.001023480435833335,-2.5237762537358672,0.00014323707491705525,0.0002031113113202319,0.006614267998054015,-0.0053038159091259585,-0.34320644410143764,0.21592437624931338,-0.24949249267578127,0,-0.3,True,0.06278643224924896,-0.09781778543444708
1235.88,12.061043739318848,0.0011884196428582072,-2.5307360314384955,-0.0004945490755872383,-0.0002538232374330992,0.006748613596606547,-0.001294062555030341,-0.34320087528807725,0.23209140181541446,-0.1945325314998627,0,-0.3,True,-0.07921946066163965,0.05462361739371331
1235.9,12.060968399047852,0.0010153907351195812,-2.5377760912950054,-0.00014733922951417,-0.0006717956230980402,0.001417762536634489,-0.005670838469116489,-0.3450235395088812,0.2174475169181824,-0.1949005973339081,0,-0.3,True,-0.10853137842155704,0.14742412933561141
1235.92,12.060932159423828,0.000896777375601232,-2.5445828242285984,0.00026470455224318645,-0.0009245860514602212,-0.002060553850347153,-0.0028616726989945376,-0.33614569512791553,0.21463182330131533,-0.21627284884452821,0,-0.3,True,-0.08189618896992301,0.20171309297736556
1235.94,12.060981750488281,0.0013325285399332643,-2.551378136896631,0.00014470560484051306,0.00025076207954519044,-0.0020682422756873285,-0.006000629843849963,-0.33141251375456593,0.10576034784317018,-0.21246674537658694,0,-0.3,True,0.0420446630416375,0.294795746579526
1235.96,12.061051368713379,0.0014704234199598432,-2.5576276870487042,0.00040001334178749545,0.0007276253310398532,0.00019691847901866406,-0.008783215535455857,-0.3270638278499027,0.18831654310226442,-0.1273639214038849,0,-0.3,True,0.1796317688168901,0.0779132252171793
1235.98,12.06083869934082,0.0015063114697113633,-2.5642890923953465,0.000189679427000083,0.0004782945545636616,0.00478133557996243,-0.004322941475379339,-0.32143987978254057,0.10988051891326905,-0.22605664253234867,0,-0.3,True,0.12366691395436553,-0.07412343424682427
1236.0,12.060531616210938,0.0014743070350959897,-2.570747930456567,-6.178074195342323e-05,3.761688719161574e-05,0.012309987654990985,-0.0041717338408285495,-0.32991263711054686,0.11128211766481401,-0.1721277463436127,0,-0.3,True,0.06474819999310646,-0.2426142048473745
1236.02,12.06047248840332,0.0014135574456304312,-2.577093327279211,-3.011904273675062e-05,0.00012409474163179305,0.007825110840652917,-0.0015245856715136157,-0.3373423884943065,0.2070936167240143,-0.21010693669319155,0,-0.3,True,-0.036240161595537355,-0.35050919640561173
1236.04,12.060042381286621,0.0012191168498247862,-2.584020698017524,-0.0003418931472471012,-0.0009487759176090699,0.00537677447846247,0.0004894199409033488,-0.346472964237675,0.2129150700569153,-0.2073538112640381,0,-0.3,True,-0.22937855140981786,-0.18602327492490053
1236.06,12.0602445602417,0.0012744456762447953,-2.5912764834748665,-0.00017734118684875684,-0.0003207146699121147,0.0018821226523220783,0.0006057561624093934,-0.349480615494964,0.21403701663017274,-0.20385913848876955,0,-0.3,True,-0.13721846685439418,-0.012555303247626144
1236.08,12.060187339782715,0.0012134836288169026,-2.5984657675955556,0.00013603328240182773,-0.000605660192448445,-0.006040296457777755,-0.0047235161151819504,-0.34479449910452536,0.1573281127214432,-0.2318545722961426,0,-0.3,True,-0.13127212579424632,0.2249714212732761
1236.1,12.060369491577148,0.0012935101985931396,-2.6050517765187826,0.0008236083376365929,0.0002773544872431134,-0.0031523665076886335,-0.005160508927100469,-0.33834681275411566,0.207652382850647,-0.2226533937454224,0,-0.3,True,-0.026378963187942035,0.20776256163613804
1236.12,12.060260772705078,0.0017923573032021523,-2.611604257945861,-5.25225120200554e-05,0.0007136756379116667,-0.005124995585067683,-0.006058922341254124,-0.32847525053582927,0.18538024425506594,-0.20744909882545473,0,-0.3,True,0.13113010053792384,0.07466214444483285
1236.14,12.060250282287598,0.0017581854481250048,-2.618344228495248,6.901584877791823e-05,0.0003340343671486096,-0.00022819440271736307,-0.005596245532049874,-0.33285961056404084,0.19429981589317324,-0.11163660883903505,0,-0.3,True,0.0967222589680577,0.00015754174990775888
1236.16,12.060296058654785,0.0018389653414487839,-2.6247437876384727,5.319118214260846e-06,0.0006186261336214144,0.004450111585276427,-0.0013378965635903405,-0.3388215275489272,0.20851435184478762,-0.2068593990802765,0,-0.3,True,0.07105776768682986,-0.15552041538093644
1236.18,12.060161590576172,0.0016904301010072231,-2.6316805453639573,9.47668751451293e-05,0.000202432885064731,0.004585414209770936,-0.0015943451273305962,-0.338334209414123,0.19793603062629703,-0.24147638797760013,0,-0.3,True,-0.0714836122795242,-0.04549564053627055
1236.2,12.059898376464844,0.0017094892682507634,-2.6387099801498275,-0.00035815069767651693,-0.000457678953967349,0.0005596258298896928,-0.0008129549248848181,-0.3409168837663282,0.15658965289592744,-0.22776379108428957,0,-0.3,True,-0.1951462350024372,0.09251605611437387
1236.22,12.059867858886719,0.0016904559452086687,-2.6454109652483533,-0.0004019524232331224,-0.0008133543303916473,-0.005946883385074098,-0.0030223926922215844,-0.3364992618069392,0.22186019301414492,-0.22104750752449037,0,-0.3,True,-0.20687816056192126,0.0574164901062305
1236.24,12.060225486755371,0.0018743729451671243,-2.652017138339754,0.00017616109971680538,4.497004020510933e-05,-0.011161587214904348,-0.00492595536143109,-0.331420243059784,0.19920584440231326,-0.2114179813861847,0,-0.3,True,-0.10742742127329888,0.04063867859887151
1236.26,12.060464859008789,0.002129554282873869,-2.658600486308488,0.0004335844067823432,0.0006801100304165187,-0.011964838635167712,-0.005438271566043693,-0.33374089020562875,0.21779690742492677,-0.22302853584289553,0,-0.3,True,0.02441917247707022,-0.10066159901370438
1236.28,12.060501098632812,0.002477174624800682,-2.665223599594586,-6.016156249678288e-06,0.0006667880532728768,-0.008034567871966401,-0.0077717237612506705,-0.33766578947842146,0.2029717266559601,-0.21275315880775453,0,-0.3,True,0.100259849643661,-0.22733462596707663
1236.3,12.060513496398926,0.00252029811963439,-2.6721102364647793,0.000105983539959191,0.00018606501630711472,-0.003993349586910257,-0.007502653937302465,-0.3445521897280282,0.23251868128776554,-0.19624775767326358,0,-0.3,True,0.07329021654858282,-0.17235665267176023
1236.32,12.060511589050293,0.0027216337621212006,-2.6790304014980033,-0.00018174558464946396,-9.133731968841269e-05,-0.003140799243418763,-0.003173140645011011,-0.3496070131371336,0.21190666913986209,-0.1837614905834198,0,-0.3,True,-0.024163845525123608,-0.017274600606829754
1236.34,12.060478210449219,0.0028093603905290365,-2.686164661486705,-0.0003498266021381492,-0.00043728079561573406,-0.006101621311286419,-0.005005027717819947,-0.347529422419357,0.21632713913917542,-0.2078946614265442,0,-0.3,True,-0.0775589070098986,0.26077765958392496
1236.36,12.060612678527832,0.0028164738323539495,-2.6931921606455314,-3.832535494512039e-05,-0.0005585235784307031,-0.009967675513974532,-0.00375313026875777,-0.3390477575269666,0.21632713913917542,-0.2078946614265442,0,-0.3,True,-0.05857151527124717,0.41263345646705535
1236.38,12.060775756835938,0.0030945907346904278,-2.6999125902583816,0.00010758534101137198,-0.0004745679348333053,-0.010198062147714137,-0.0060343706410993505,-0.3236899769612739,0.2178634309768677,-0.2285023093223572,0,-0.3,True,0.013898593113130676,0.3943461249071055
1236.4,12.061100006103516,0.0033379006199538708,-2.706154222100213,0.00039354824042565965,0.0003296152495690228,-0.007826520465127593,-0.006875221695123371,-0.3165963366197054,0.20273434638977053,-0.21157361745834352,0,-0.3,True,0.13107360513632463,0.1700990991376704
1236.42,12.061009407043457,0.003594523062929511,-2.712059859643657,7.851694971565938e-05,0.00023826734296741617,-0.004989733862233816,-0.0084601337236384,-0.3159817324267276,0.18788944721221926,-0.18759677529335023,0,-0.3,True,0.13601192389045091,-0.2125010079036479
1236.44,12.060948371887207,0.0035792698618024588,-2.7185198675751567,0.0002781412259148098,0.00015467276293566577,0.0005182128969517053,-0.005469177764761108,-0.32543982959592666,0.14100923120975495,-0.17137288093566896,0,-0.3,True,0.1036971006217243,-0.48375639447913044
1236.46,12.060856819152832,0.0038761566393077374,-2.725191128852497,-0.00024587965112547397,0.00012270020808677042,0.0006828917635120389,-0.007209340424161953,-0.34069005759355026,0.17628560185432435,-0.17908995509147646,0,-0.3,True,0.09239701188940867,-0.4291912455740326
1236.48,12.060882568359375,0.0037198374047875404,-2.7321894084678635,0.0004282187808020218,8.02459363562463e-05,0.0004692475846028055,-0.005447127460147834,-0.3552968481780006,0.20784768939018253,-0.19663900494575504,0,-0.3,True,0.025888539875305868,-0.17676152748902474
1236.5,12.060726165771484,0.00409989058971405,-2.7393150642511164,-0.00031076968731105797,1.2501413710275008e-05,0.0024020270889121547,-0.004006632393893258,-0.350317032072619,0.21019097566604616,-0.19966197133064273,0,-0.3,True,0.007098356214842491,0.09883942707314447
1236.52,12.06074047088623,0.003964084200561047,-2.746943615429371,0.0003245919670197916,-3.9866042715130153e-05,0.002589296086974291,-0.00866559591711901,-0.3395807517950358,0.18536045074462892,-0.21377571225166322,0,-0.3,True,-0.001505825483036621,0.4496757846272059
1236.54,12.060554504394531,0.004095865413546562,-2.753216491418281,0.00011040400790992781,-0.00023592962433438455,0.0012507602606989217,-0.002357598658051673,-0.3327829034277059,0.22442961096763614,-0.22052302956581118,0,-0.3,True,-0.048892613497075715,0.3166177175793969
1236.56,12.0604248046875,0.004280152730643749,-2.7593558686114417,-0.0002037141508132937,-0.0004450698373884125,0.0003487815459599854,-0.007505889489856301,-0.31932278540785686,0.1934000039100647,-0.1560430783033371,0,-0.3,True,-0.06785644417534105,0.0575614268936302
1236.58,12.060562133789062,0.0042365603148937225,-2.7659376965253086,0.00027091871622168345,-6.372312260196416e-05,-0.0015093819908503455,-0.00415212190714348,-0.3249876146662903,0.18792099833488465,-0.19166439175605776,0,-0.3,True,-0.02810130339266688,-0.09465361112877411
1236.6,12.060490608215332,0.004510813392698765,-2.7724894382619762,-0.0002541273347298869,4.70832886495901e-05,-0.002839219447048056,-0.0052910590707961995,-0.33497583764354955,0.19512241482734682,-0.20007688403129578,0,-0.3,True,0.013115954736654499,-0.24214810869741085
1236.62,12.060544967651367,0.004449173342436552,-2.7792155005915604,0.0002546341962824419,0.00013740293828843407,-0.000997344010712384,-0.003303239594021962,-0.34035519231800093,0.241299706697464,-0.20454580307006837,0,-0.3,True,0.05195675528946412,-0.05529606142851971
1236.64,12.060483932495117,0.004756876267492771,-2.7861539356229774,-0.0004057739654816833,0.00028943659463990704,0.0013980579248943732,-0.0025709675818056093,-0.33869463410368716,0.2451213395595551,-0.22592790961265566,0,-0.3,True,0.043167357428316025,0.1533748354208024
1236.66,12.060543060302734,0.004511942155659199,-2.7931661119108013,0.0002738026015758551,0.000316342241268502,0.002647158432314817,-0.003222155270403585,-0.3294112995805804,0.20431686758995057,-0.22319717288017274,0,-0.3,True,-0.013409978497411972,0.2200583583717227
1236.68,12.060314178466797,0.004664712585508823,-2.7995850089903236,-7.613098702242891e-05,-0.0003180418476051824,0.0006141691472239,-0.002717872289444177,-0.32270585080986164,0.20431686758995057,-0.22319717288017274,0,-0.3,True,-0.06534113991509509,0.10434899905635063
1236.7,12.060257911682129,0.004619153216481209,-2.805568404558058,0.00021524056263431333,-0.0007536535328890072,-0.002070142290507415,-0.007445478539820451,-0.3227505236482291,0.20430275678634646,-0.23078581452369692,0,-0.3,True,-0.11000030407608438,-0.19975949928328202
1236.72,12.060364723205566,0.00494523486122489,-2.811970403687743,-0.00013205178646233658,-7.096352489190837e-05,-0.0038292332683084796,-0.0052269689936258355,-0.3303467141791867,0.18569971919059755,-0.126297362446785,0,-0.3,True,-0.05133486749338613,-0.41863168241680465
1236.74,12.060503005981445,0.005128876306116581,-2.818986153802636,-0.0001168493186034212,0.00013770520042958193,-0.0061528658937639305,-0.00987069746555797,-0.34539205952322843,0.18569971919059755,-0.126297362446785,0,-0.3,True,-0.0022887795447506013,-0.43681897558617605
1236.76,12.060468673706055,0.005159515887498856,-2.8260127461246345,0.00010042947145186928,0.00011950263212388699,-0.003492620252243255,-0.004321545124266124,-0.35619638540317555,0.16652357101440432,-0.2035911500453949,0,-0.3,True,0.014573035592321164,-0.23506922037655276
1236.78,12.060474395751953,0.005524128675460815,-2.833199769319891,-0.0005549133914365087,0.00022503988678499823,-0.0022532446540872966,-0.003302937923776495,-0.3576960416950914,0.18450931310653687,-0.2026595950126648,0,-0.3,True,0.053638696277496935,0.05355307879549658
1236.8,12.06052303314209,0.0053606051951646805,-2.840466114519971,-7.937812480674499e-05,0.00026503163153459745,-0.002663390420923847,-0.0008186431025857955,-0.3491522518092938,0.24305479526519777,-0.21941213965415957,0,-0.3,True,0.01212494957632191,0.27948662645842665
1236.82,12.06059455871582,0.005435359198600054,-2.8476018371382175,-0.00019036527891270252,6.687408273213986e-05,-0.0018617701915680787,0.002037358662145595,-0.3411078132195926,0.21081813454627993,-0.2177125680446625,0,-0.3,True,-0.0094595666256585,0.31535978418681965
1236.84,12.060652732849121,0.005285256542265415,-2.8539449262693526,0.0002292534291196264,-0.00018567032377567224,-0.0025226242861383845,-0.0010470806453366619,-0.33383745528652176,0.1989611876010895,-0.22691806077957155,0,-0.3,True,-0.01558271561145499,0.12658893722211031
1236.86,12.060664176940918,0.005411292426288128,-2.8604883943774335,0.00019167237099163646,-8.674002834009969e-05,-0.0030100099841392884,-0.001572200675307198,-0.33246725896016877,0.21671104311943057,-0.19471291780471803,0,-0.3,True,-0.030699741898623935,-0.0473769510036193
1236.88,12.06069278717041,0.005498182959854603,-2.8671731109429444,0.00013078730350598732,-5.052985926253574e-05,-0.003910007669842655,-0.005486614904251277,-0.3390251368315054,0.22131307601928712,-0.20603842735290528,0,-0.3,True,0.034146737142658264,-0.1618088268465596
1236.9,12.060791015625,0.0056230006739497185,-2.8741992178550824,0.00011716087472349506,0.00012075800184916843,-0.00431774954346274,-0.005248433395773576,-0.3448979692998895,0.19574572682380678,-0.20606633186340334,0,-0.3,True,0.04028852685084958,-0.08365508477339717
1236.92,12.060834884643555,0.005792527459561825,-2.8810669372159254,-0.00011733431946243479,0.00024576427608715974,0.00020911468527955645,-0.005416958018736,-0.34678216143427154,0.16015407443046573,-0.22383952736854557,0,-0.3,True,0.0427226132550536,0.08618118013203055
1236.94,12.06088638305664,0.00590751226991415,-2.888080231921478,-0.0002144525767033592,0.00033972677054339704,0.00021307216393490745,-0.004263371020810847,-0.3391596657420535,0.19253557324409487,-0.23922447562217714,0,-0.3,True,0.060010687055658235,0.2376554919944925
1236.96,12.060564994812012,0.005912606604397297,-2.894915683857661,-0.00029292468465824494,-0.001036512805554156,-0.0004921986094414758,-0.005372057304478092,-0.33213064242094925,0.23828331589698792,-0.21282711744308475,0,-0.3,True,-0.05972757875687389,0.3086509697691118
1236.98,12.060688972473145,0.00594889372587204,-2.901331991114422,0.00017198023294981893,-0.0005601418230863364,0.0004831054209855526,-0.005392378803151401,-0.32588552994034736,0.1275345027446747,-0.1654019916057587,0,-0.3,True,-0.05180219620872544,0.11794966214382405
1237.0,12.060768127441406,0.006218897644430399,-2.907637388609577,-0.00010362174498237938,-0.0001412185004623656,-0.004569091615266009,-0.006933774743026247,-0.32209008385276505,0.17043134570121768,-0.24196439981460574,0,-0.3,True,-0.027170742377153053,-0.07742403546194715
1237.02,12.060746192932129,0.006317314691841602,-2.914151074316682,0.00016507402331827277,-0.0001490754134035212,-0.003931103532759359,-0.008050295389128825,-0.32972369277055613,0.19809307694435122,-0.2424850392341614,0,-0.3,True,-0.0010612206095131495,-0.143093548056315
1237.04,12.060791969299316,0.006536935921758413,-2.9206828905658586,-0.0001353222116312378,0.00021554388553602348,-0.002665857999611743,-0.005559787092317907,-0.3383245652578994,0.19809307694435122,-0.2424850392341614,0,-0.3,True,0.07182724373898622,-0.15550639902988303
1237.06,12.060850143432617,0.006647244095802307,-2.9277098865360425,-5.158365477491275e-05,0.0006427367785844308,0.0003982077722245778,-0.0037268133775631303,-0.33733301378484215,0.1888136923313141,-0.20244415283203127,0,-0.3,True,0.056794578600361446,0.048800771737945975
1237.08,12.06087875366211,0.006699602585285902,-2.9347033538301845,-6.904793775080252e-05,0.0007552501181533763,0.0011770878838476624,-0.002690663541178552,-0.3345305957751444,0.22138862848281862,-0.2464448928833008,0,-0.3,True,0.022615650256203924,0.2048505067878962
1237.1,12.060651779174805,0.006601904518902302,-2.941137715419445,8.379313394478937e-06,-0.0003784525104149866,0.000612462755265424,-0.0011765359538551154,-0.325819631031524,0.20078094720840456,-0.21188271999359132,0,-0.3,True,-0.06594374656939081,0.14357094677860333
1237.12,12.06065559387207,0.0067282551899552345,-2.947445338227846,-8.178983810668236e-05,-0.0008376186290699656,-0.0008566059791170746,-0.00250290159439756,-0.3219365247148826,0.21049766659736635,-0.18318464159965517,0,-0.3,True,-0.07810357995068108,0.03660844249167852
1237.14,12.060783386230469,0.00672972621396184,-2.9537754570186148,0.0003141856603828272,-0.00047193016062094175,-0.004877291953336882,-0.005423166304858272,-0.3258473380425317,0.19153631806373597,-0.22089682817459108,0,-0.3,True,-0.07583566364542528,-0.187246008772211
1237.16,12.060907363891602,0.006909294053912163,-2.960458275807425,0.00021850434407453585,-0.00022063603429051972,-0.0050711985122189,-0.005654119454533825,-0.33160192037580444,0.1514801609516144,-0.19995677113533022,0,-0.3,True,-0.022854278379862186,-0.2848010110539671
1237.18,12.060954093933105,0.007100981194525957,-2.967205502462898,-1.8408308991651117e-05,-2.810140650237098e-05,-0.005454390336380324,-0.005332177450658101,-0.34079931173332983,0.2077926063537598,-0.20391958713531497,0,-0.3,True,0.027120976407177835,-0.1801719977022027
1237.2,12.060973167419434,0.007246268913149834,-2.9739734918579614,-0.0003191796003363144,0.00018959448242245936,-0.002684948249509583,-0.0012913843963672082,-0.344720605599244,0.21472938895225527,-0.1960971784591675,0,-0.3,True,0.006965449336300906,-0.043430108457720384
1237.22,12.061139106750488,0.007225539535284042,-2.9810394019572564,-0.00014229502912219843,0.000528283967935006,-0.0027076138407646287,-0.00031393374728514876,-0.3402610978586948,0.2436022460460663,-0.11966747522354128,0,-0.3,True,0.043244947619227175,0.11599880598664669
1237.24,12.061101913452148,0.007046992424875498,-2.9880359242553394,0.0001231781499967623,-5.605907754611703e-05,-0.004513962565315334,0.00216643773945018,-0.3350763290524189,0.2231046307086945,-0.1385393899679184,0,-0.3,True,-0.02539938337171707,0.15449127009799604
1237.26,12.061163902282715,0.0071604009717702866,-2.9944263902915687,9.115273006724995e-05,-0.00012141720931151443,-0.001994794526845296,-0.001993928659136033,-0.33151940725440654,0.12856574296951295,-0.22337698340415957,0,-0.3,True,-0.019125184771256878,0.007859310265312601
1237.28,12.061356544494629,0.007130227517336607,-3.0007795981821306,0.00043244520430505204,0.00028693392429415593,-0.004716898919245101,-0.004057142324481284,-0.33236130399141556,0.19050684690475467,-0.16149269819259646,0,-0.3,True,-6.942973091302891e-06,-0.17851072672608045
1237.3,12.061273574829102,0.007406730204820633,-3.0075609545375848,-4.2124755492794096e-05,-0.00012483618266949587,-0.004237628622463787,-0.005021502395550555,-0.33963235303747036,0.2646799147129059,-0.2468029618263245,0,-0.3,True,-0.010381338594616657,-0.28302359549391765
1237.32,12.061429977416992,0.0074213119223713875,-3.0146248285746284,0.0001934804686716281,0.00018187013409687398,-0.004514518003162638,-0.0045806532694904045,-0.34935718719049236,0.24429246544837954,-0.19422523975372316,0,-0.3,True,0.014991577551298438,-0.22738624522369025
1237.34,12.061446189880371,0.007603820413351059,-3.0215969785345416,-0.0001842534927496448,-0.00011750161931820124,-0.002825301614413873,-0.0019218833871424727,-0.35416129489389936,0.24154637455940248,-0.21815136313438419,0,-0.3,True,0.0026046504895805636,-0.03312736790024982
1237.36,12.061668395996094,0.007539462763816118,-3.0287281731573445,0.0002830550196169533,0.00046904462585895234,-0.0035175727151423165,-0.004466496316797828,-0.35055220360929423,0.2285738563537598,-0.2226510572433472,0,-0.3,True,0.005039402754868503,0.26200312550977173
1237.38,12.061479568481445,0.007586432155221701,-3.0358938581291515,0.0002464301631457541,-0.000520316738549477,-0.0040292565832969396,-0.0015945703607375182,-0.34228254246949547,0.21126399755477906,-0.2234326756000519,0,-0.3,True,-0.06968490191950986,0.4675041350515731
1237.4,12.06166934967041,0.007808051537722349,-3.042669004863426,-0.0001256683358796049,-5.525274946232683e-05,-0.004111365782772379,-0.0031624491496035825,-0.3283969371496701,0.21773832798004153,-0.21571295619010927,0,-0.3,True,-0.053307797423786815,0.47339263016251787
1237.42,12.061753273010254,0.0077646817080676556,-3.048979581932154,-0.00015386909290829396,-4.3104967083313433e-05,-0.008400093767985436,-0.002659389851869401,-0.3167609640897012,0.1898778772354126,-0.20833953976631167,0,-0.3,True,-0.06264050495588672,0.2871040891728511
1237.44,12.061970710754395,0.007823705673217773,-3.054999928129369,-0.00029401104449370055,0.00011821050511688042,-0.007782196509053503,0.0042217310094731335,-0.3126807931962196,0.2252963447570801,-0.1925348222255707,0,-0.3,True,-0.03809846355546258,-0.06622248212058965
1237.46,12.062129020690918,0.00786041934043169,-3.0612347352563045,-0.00041923494952832255,1.2955780616596029e-05,-0.00904049697976332,0.0003082103390369269,-0.31931421533568827,0.20800451874732973,-0.19242670059204103,0,-0.3,True,0.004579756891893822,-0.2442688504890601
1237.48,12.062318801879883,0.007525421679019928,-3.067683468319101,0.0005148097931654965,1.7587421354148262e-06,-0.007159242867206613,0.003887235289662928,-0.33369473571931246,0.18433314085006716,-0.19363712549209597,0,-0.3,True,-0.011311973015267991,-0.2259013431061358
1237.5,12.06247615814209,0.007798159960657358,-3.074524719158986,-0.00013146850991470815,5.3614474929993845e-06,-0.008033713216634264,-0.002028087564564173,-0.33630247212880826,0.19123465895652772,-0.20619675874710086,0,-0.3,True,0.05478225029009479,-0.08270749681642015
1237.52,12.062564849853516,0.00755586801096797,-3.0816955069868897,0.0006678019454341646,-0.00025121095368959743,-0.00868715435027412,-0.006855375172136882,-0.33075290064469404,0.23687259435653688,-0.21870668292045595,0,-0.3,True,0.02033919480089909,0.19271459426415158
1237.54,12.062759399414062,0.00806537363678217,-3.0881389330265847,-0.0003252116436337832,5.5068446757385605e-05,-0.004657916956559722,-3.93371309562856e-05,-0.32593081508099586,0.20985527873039247,-0.21999654054641726,0,-0.3,True,0.0709770884972548,0.09818343123875313
1237.56,12.062979698181152,0.008114470168948174,-3.0941437003706525,-0.0004027355226127172,0.0005798227914512425,-0.005532107283136165,-0.006671459389295991,-0.31827756817819436,0.22280509114265443,-0.1766429114341736,0,-0.3,True,0.11491878819421321,-0.1683168043460065
1237.58,12.062848091125488,0.007821211591362953,-3.100599184365442,0.00045107292474658986,-6.890591765917394e-05,-0.002355546136859044,-0.0012890521254346513,-0.32844779762971515,0.10326410412788392,-0.17045581221580508,0,-0.3,True,0.04879156169764353,-0.3391682734185057
1237.6,12.062981605529785,0.00810997560620308,-3.107157712441122,-0.00013002699925095367,0.00043672878986121566,0.0005063487052545761,0.0025797509191571918,-0.3442182449923623,0.23767206192016604,-0.2109003794193268,0,-0.3,True,0.04513491239237174,-0.4013998575138261
1237.62,12.062943458557129,0.008176133967936039,-3.114414756836938,-0.00027150400469372836,8.929756932906631e-05,-0.0007545920207517898,-0.0027533261536054317,-0.35306427695445164,0.23767206192016604,-0.2109003794193268,0,-0.3,True,-0.04333867207023165,-0.1725044185781604
1237.64,12.062946319580078,0.007906817831099033,-3.1216811599700947,0.0005026798028066246,-9.852535361549016e-05,-0.0019213142917394476,-0.0030772461261077176,-0.3503895567793625,0.1958113241195679,-0.2085940432548523,0,-0.3,True,-0.044378408987240686,0.14719392289516967
1237.66,12.062902450561523,0.008043036796152592,-3.1288443265218526,0.0002931723273200551,-0.0006100938982951307,-0.005822639902484277,-0.004113368560259125,-0.34224815111599466,0.2507884418964386,-0.22207369923591616,0,-0.3,True,-0.07012798694330731,0.3703469159716127
1237.68,12.063130378723145,0.008359166793525219,-3.135188876983525,-0.00029063982119892487,0.00015884236503921668,-0.00304392401373154,-0.006213173645601796,-0.332442731160726,0.1994825613498688,-0.18175077199935916,0,-0.3,True,-0.00683989254893042,0.29142428665666215
1237.7,12.06340503692627,0.008511114865541458,3.1413906982533164,-0.00044315180453939786,0.0007056846650149587,-0.006364830976227218,-0.004680319971083867,-0.32343652367666537,0.1994825613498688,-0.18175077199935916,0,-0.3,True,0.0461581658712423,0.16272496100329262
1237.72,12.063186645507812,0.008405420929193497,3.134908728716658,-0.00014634876413927963,-0.00033785270736668923,-0.0024685056956533836,-0.0016611122569882262,-0.32707561384685074,0.18179952144622805,-0.1849984347820282,0,0,True,-0.010482286520059747,-0.05620985102371945
1237.74,12.063411712646484,0.008417359553277493,3.1284660587636246,-9.12179645425198e-06,0.00026531587450970555,-0.002129986632788251,-0.0012161982216777156,-0.3292301542357431,0.12301751017570496,-0.1927249050140381,0,0,True,0.020632613868546604,-0.22291278416202442
1237.76,12.063328742980957,0.008490732870995998,3.1218303810883374,-1.2821900686585505e-05,-0.0003116594772336238,-0.0038825069353355572,-0.0038459418940972752,-0.33693951924261945,0.1675324058532715,-0.17376827120780947,0,0,True,-0.07628496628942526,-0.10683537737839618
1237.78,12.063576698303223,0.008606165647506714,3.115052285914481,-5.555663514642712e-05,0.0003440230585920376,-0.004714221866744991,-0.0038999389127674384,-0.3412695464096111,0.19697211503982545,-0.20915593028068544,0,0,True,-0.07242443686122435,-0.03423174590149588
1237.8,12.06350326538086,0.008706898428499699,3.107953567177273,-0.00010736369965970709,-0.0002992344758313624,-0.008571302998801853,-0.0058106744712689735,-0.33562244403711466,0.22219311118125917,-0.22022060275077823,0,0,True,-0.07780965478868421,0.1260158031806993
1237.82,12.063796997070312,0.008719236589968204,3.1011644950508805,-1.054034055254588e-05,0.0002850710949505523,-0.00792394158168093,-0.0034906248882649858,-0.33196869390786027,0.2543630731105805,-0.23373438000679017,0,0,True,-0.06057194808119785,0.14833898749924235
1237.84,12.064029693603516,0.008932261727750301,3.0949805855653927,-0.00041074770809940733,0.0003112423245153144,-0.010107279318424632,0.000240270370558326,-0.32685825498817267,0.20057777166366578,-0.17158934950828553,0,0,True,-0.013847566160357407,-0.0711429823531533
1237.86,12.064221382141113,0.008859566412866116,3.0884947904018762,-0.0001966242880131656,0.00028302143212584417,-0.009559977713236412,-0.005880663976855063,-0.3294024274096825,0.19414077520370485,-0.16286342382431032,0,0,True,0.005130693655025969,-0.20537226807806827
1237.88,12.064310073852539,0.008650021627545357,3.0818049067781685,0.0005192804346295566,4.9679572259878864e-05,-0.009679108291632587,-0.0020964703257947076,-0.34131388262537793,0.23003172516822817,-0.18654282927513124,0,0,True,-0.020115778485317485,-0.2611535285182089
1237.9,12.06458568572998,0.009148436598479748,3.074812300858055,-0.0004792067829569096,0.000167113961946768,-0.007513486089278059,-0.006275342013802368,-0.3483984753541375,0.20725624561309816,-0.21505013227462771,0,0,True,-0.008837633959300442,0.06357561287406854
1237.92,12.064812660217285,0.009053411893546581,3.0676754749553097,1.4902859545767728e-05,0.00034047318993412154,-0.011716541597253141,-0.009980515391530899,-0.34775053726966976,0.16825743913650515,-0.19397479176521304,0,0,True,0.016046429142434745,0.6472351165706813
1237.94,12.064854621887207,0.009320364333689213,3.0606229123734914,-0.0002646177962408128,-0.00017027390966953805,-0.010266988429981814,-0.0019992129173715244,-0.3243163783797472,0.24909734010696413,-0.2128282189369202,0,0,True,-0.01436550662551288,1.2388663112233227
1237.96,12.065303802490234,0.009377061389386654,3.0539848637966203,-0.0002550435062785873,0.0005389590625816767,-0.008395393960238974,-0.003466666459763572,-0.2895350732997705,0.20947821736335756,-0.2122863841056824,0,0,True,0.07980360739584597,1.7507273385774302
1237.98,12.065417289733887,0.009241417050361633,3.048866990587699,0.00020597293034607808,0.00012317357385811556,-0.008662726619318044,-0.0013440545219596453,-0.2492891704563618,0.1827363419532776,-0.2023676908016205,0,0,True,0.07454647407248309,1.7796259783157025
1238.0,12.065505981445312,0.009270916692912579,3.044512669091349,0.00042073522640072384,-6.891145219596799e-05,-0.005332253005591271,-0.0018207571056015458,-0.20769235018360271,0.15805640459060671,-0.15295264124870303,0,0,True,0.06710468691258711,1.6209220600440004
1238.02,12.06555461883545,0.009363258257508278,3.0406797787370006,0.0004345846216289868,-0.00014862600400448412,-0.00430327050418859,-0.004715749211936308,-0.18194630011462049,0.07209469079971315,-0.05392068922519684,0,0,True,0.07991868958554141,1.4277720214180298
1238.04,12.065742492675781,0.009480688720941544,3.037369475781947,0.00028449951958971887,6.418998002909079e-05,-0.003027019007236888,-0.004979127833884405,-0.15986130849636843,0.09343084543943406,-0.12655143201351168,0,0,True,0.04951386292258957,1.2659901931479913
1238.06,12.065797805786133,0.009582076221704483,3.0343112865785424,0.0002030647744004914,8.512526313712424e-05,-0.002269231452480546,-0.003867383075549179,-0.1350674087430233,0.0748422420024872,-0.1398015058040619,0,0,True,0.05021525573630294,1.3246030514219453
1238.08,12.065788269042969,0.009641892276704311,3.0317237644116513,0.00022058420905541804,-2.22284843565273e-05,-0.0013711439717877074,-0.00453075628902319,-0.10641313473185553,0.10186204433441164,-0.05134604334831238,0,0,True,0.04980445161478948,1.47492552093343
1238.1,12.065768241882324,0.009651431813836098,3.0298743860375685,0.00028172887919176244,-0.00015928174585170274,-0.000286050045288008,-0.0030104356972568093,-0.07597805600096123,0.05712198078632355,-0.014487102478742601,0,0,True,0.03999988591115024,1.463679419619933
1238.12,12.06589126586914,0.00982893630862236,3.0288564250034065,-0.00012173249421282593,0.0002522670201784634,0.0009573371219426465,-0.0012501315937516848,-0.04186726682180133,0.09613923311233522,-0.08808917403221131,0,0,True,0.046701387944815445,1.256254398037428
1238.14,12.065847396850586,0.009818858467042446,3.028233042098454,-0.00018796701796802657,0.0003735800242623422,0.0009307594204176575,-0.0015361706033744792,-0.01797305517320237,0.092456551194191,-0.016416198909282687,0,0,True,0.04477905001628678,0.9989914016722118
1238.16,12.065723419189453,0.00974988378584385,3.0283743830659007,-7.5384757312658e-05,0.00016076085335263183,0.0023649670638047487,0.0006206850131439089,-0.005912782888667042,0.03854401677846909,0.0024349799007177355,0,0,True,0.024275063992959624,0.5634142239050077
1238.18,12.06570816040039,0.009781959466636181,3.0284365416237096,-0.0001923157195417598,0.0002794919263370172,0.0032962739560218578,0.0010828656059677193,0.003941256132970171,0.0072469451650977144,0.003727019000798464,0,0,True,0.04162442726073136,0.22972019493970733
1238.2,12.06569766998291,0.009800974279642105,3.028383402372312,-0.00019964903603738915,0.00046692298121729116,0.0028993422413831696,0.00035271169010835747,0.0032058710906864027,-8.139763027429581e-05,0.0050910329259932045,0,0,True,0.02452793400684134,0.09751669783942603
1238.22,12.06557559967041,0.009762559086084366,3.028548342589091,-2.8554108921606585e-05,0.00017965140526886392,0.004260713601273137,0.00019727119977253267,0.0004045604219575021,0.005621767155826092,-0.0013270977139472962,0,0,True,0.006561981997021373,-0.06621309065526602
1238.24,12.065489768981934,0.009748050011694431,3.0286308527531554,4.6105662197196355e-05,0.00017489762671404782,0.0043272017843502715,0.0005627772121458366,0.001888552938479945,0.0056987121328711515,0.00562328327447176,0,0,True,0.020697590928138075,-0.07519584239154353
1238.26,12.065367698669434,0.00980472844094038,3.028468906457466,7.074417516681271e-05,0.0001817929813267021,0.00382123251578309,-0.00036955053637781273,-0.0013557911194462932,0.004192147590219975,0.003979139570146799,0,0,True,0.00036170049955113414,-0.01483339308351517
1238.28,12.065348625183105,0.00979526061564684,3.0285344866073904,-0.0001691724219014191,0.0003598342164093089,0.00455514951563271,-0.0008108907566525025,-0.0028097963006316084,0.006016240939497948,0.005626639649271965,0,0,True,0.01785105908752998,-0.03657960768010664
1238.3,12.065275192260742,0.00982644222676754,3.0284398792995355,-0.00022550149344123071,0.0004652124019902947,0.004289649641237202,-0.000268243585777614,-0.0007821110247226323,0.0045816596969962126,0.0034892269782722,0,0,True,0.028398398354524894,0.031863763395189065
1238.32,12.06513500213623,0.009853619150817394,3.028406069049105,-6.17955939372968e-05,0.00017096967819332212,0.005755286511351371,-0.00017934153100091985,-0.0010378156759259243,0.004861446432769299,0.004589008465409279,0,0,True,0.00837842259135584,0.044119163517735434
1238.34,12.06502914428711,0.009864798747003078,3.0284063375754884,-3.7434164618518606e-05,0.00012863941495658746,0.006093104384143015,0.00033183002641840975,0.0011933099521665132,0.007481155246496202,0.0055602269247174265,0,0,True,0.0004001723653127732,0.03734828330127226
1238.36,12.064892768859863,0.009861518628895283,3.0284514613533164,-5.820376821726013e-05,0.000128034537668536,0.005225423322940567,0.00015440311499713714,0.0007197367807840162,0.004982428997755051,0.004743686206638813,0,0,True,-0.019011296831762302,0.04648728502052875
1238.38,12.064787864685059,0.009855120442807674,3.028535344095709,-0.0003056714597118944,4.173263644332442e-05,0.0043216634304622855,0.0006114951663850498,0.002205751639384923,0.006373200044035912,0.006236197836697102,0,0,True,-0.025799823315746734,-0.009361823691770505
1238.4,12.064718246459961,0.009888541884720325,3.028463647991568,6.054111231135913e-06,3.1685380651323524e-05,0.0042343827648074475,-0.0023163518627470603,0.0026811671257235634,0.007800695374608041,0.007907005175948143,0,0,True,-0.005939571577319373,0.008703464128445592
1238.42,12.064680099487305,0.009855195879936218,3.0285827977066395,0.0001395811214281869,0.0003438252212561751,0.0040291185188792876,0.00012357568194444656,0.00044436405682342524,0.007978556118905545,0.00689652018249035,0,0,True,0.027485443986058296,-0.05010923862723451
1238.44,12.064577102661133,0.010083883069455624,3.0286659547233747,-0.0004259350459625857,0.00026100640065301325,0.004750257596754099,0.00042924709182591623,0.0014160139110610092,0.003914751075208187,0.0024642593227326873,0,0,True,0.005933891644115106,-0.05169009505784239
1238.46,12.06446647644043,0.009881646372377872,3.028570893220255,4.1048809571896565e-05,0.0002158677679930983,0.0065204989493449494,-0.00047451482598936793,-0.0018029874507901915,0.007227134183049203,0.004867098107933999,0,0,True,0.04035316962751747,-0.0058601009341014984
1238.48,12.064336776733398,0.009897244162857533,3.0285769291044526,-0.0001134337606501794,0.00011300271168713089,0.004709094096336224,0.0028004069462844506,-0.0014540404789000663,0.00470154207199812,0.004907690659165383,0,0,True,0.043091489184581756,-0.016363241623936552
1238.5,12.064166069030762,0.009951746091246605,3.0284385587105764,-0.00016654419710044436,1.1121329076815335e-05,0.007257372089077749,1.0641180666196774e-05,-2.444401790426823e-05,0.00669719621539116,0.005190759971737862,0,0,True,-0.007436358910120891,0.03830045469215032
1238.52,12.064177513122559,0.00990376528352499,3.028549631485063,-6.144777783191141e-05,0.000587519685462059,0.008197576731517504,7.677326543483408e-05,0.00010695458114727565,0.006963228099048139,0.00667209915816784,0,0,True,0.06561402968528632,-0.014557893549495384
1238.54,12.063889503479004,0.009946356527507305,3.0285689376988225,-7.734054812050107e-05,1.6544523554495743e-05,0.005925590236535819,0.0005387401011025974,0.001261048924579048,0.004249870665371419,0.0016521987691521646,0,0,True,0.02862032646618602,0.007820176673459594
1238.56,12.063684463500977,0.009965118020772934,3.0285854854709444,-0.0002664783771433582,-0.00019648967322180396,0.009958216471154356,0.00020852839192964936,-0.002618671962858638,0.01204425983130932,0.011649331524968148,0,0,True,-0.0014671800393595007,-0.03380028578959778
1238.58,12.063690185546875,0.009962386451661587,3.0285394426245427,-0.00016853234951719214,0.000384641904103813,0.009546998206370548,-0.00039603042733884304,0.0006011701159719302,0.008106538802385332,0.0070489015802741055,0,0,True,0.06436570792741296,-0.04875157990905979
1238.6,12.063384056091309,0.009977025911211967,3.0283401377280343,0.00022212121520303482,2.9424026285009246e-05,0.008080202328368851,-0.0007884230012495224,-0.002597068282018088,0.006517411768436432,0.004861538484692574,0,0,True,-0.016471707529942682,0.06501324378992973
1238.62,12.06313419342041,0.010063998401165009,3.0286170313081002,-0.00010311103092531154,-0.0002540608296269429,0.011074846870724173,-0.0009625729400505323,-0.002639077468142188,0.011319757997989656,0.012995134815573694,0,0,True,-0.011025976898439784,-0.03951340449976545
1238.64,12.06304931640625,0.010100839659571648,3.0283777200083826,0.00019339981695014146,8.794025621423604e-05,0.008640479868756394,-0.0004406235050614319,0.0025823875403457926,0.012046142593026162,0.00798688929527998,0,0,True,0.03499887521052808,0.06284154928466344
1238.66,12.06281852722168,0.010138783603906631,3.028328316427091,-6.520219395075309e-05,-0.00012132748665618916,0.008664920054493661,-0.00012749132216684092,-0.0025599022440154153,0.0032764001935720447,0.007597574070096017,0,0,True,-0.022808970539880263,0.06724382305670472
1238.68,12.062701225280762,0.01009014155715704,3.0285467287312624,0.00011757373385141985,0.00016084168671958473,0.010880112345216509,0.0003313634199588035,0.002430255660764703,0.010931804776191713,0.008601396642625332,0,0,True,0.03984498603122413,-0.06320932048257502
1238.7,12.062446594238281,0.010152478702366352,3.0284122391285786,0.0002504562931272123,0.00010281726494626689,0.009250129227530225,0.0012674204107328692,0.002740428376404586,0.006729821711778642,0.004789314493536949,0,0,True,0.04535624195121777,0.02900583678789105
1238.72,12.06218147277832,0.010172686539590359,3.0285721404612436,-4.1026951147837456e-05,-0.00015537935532200538,0.011828078751251426,-0.0007273085386990522,-0.0024743580982556097,0.011266650557518007,0.011690162420272827,0,0,True,-0.002358711591292729,-0.02784202899888191
1238.74,12.062071800231934,0.010121614672243595,3.028547550697203,0.00020203100547757687,0.0003025186893827356,0.012293419410587782,-7.022568013105883e-05,-0.0002394353009862417,0.013175183162093164,0.009681464806199075,0,0,True,0.051069026932491116,-0.06866320399616377
1238.76,12.061767578125,0.010254672728478909,3.028348780083402,-3.991847208733868e-05,-2.802518877346309e-06,0.010691415417913262,0.0005151943551480833,0.0002028933408561764,0.007742135226726532,0.005512248054146767,0,0,True,-0.004956940289535547,0.03128572365346389
1238.78,12.061470031738281,0.010269001126289368,3.0283930843044997,1.197111207928684e-05,-0.00017878598222499165,0.013335651382125798,-0.0013208381764248272,-0.00275262794328352,0.013972523361444474,0.011294114887714387,0,0,True,-0.01445791530566711,-0.021835612455776452
1238.8,12.06132698059082,0.010228387080132961,3.028588371928512,0.00028804100210972396,0.00031155825222054775,0.011431523528088943,1.8039623014471902e-05,2.8499794019224807e-05,0.01219443328678608,0.012060445323586464,0,0,True,0.01952604986936691,-0.029229460210186197
1238.82,12.061023712158203,0.010347114875912666,3.0283273404617406,-0.0001410143717880016,8.504848360503383e-05,0.011136786186135466,-0.0006576427060689775,-0.001986284297446769,0.010098905414342881,0.006803144328296185,0,0,True,-0.02659044563820832,0.04628026399026478
1238.84,12.060858726501465,0.010356363840401173,3.0283510600669237,2.6449414809276375e-05,0.00043317901350169516,0.012253499407461194,-0.000560640038166536,-0.0021354634759565925,0.014308072701096537,0.01686210155487061,0,0,True,0.01867699714637199,0.039718053087332346
1238.86,12.060590744018555,0.01042197272181511,3.028234181560704,-0.0002933455927513431,0.000279003288064891,0.011208415731071068,0.00029555972727429974,0.0009497931759342954,0.01008332021534443,0.007872558981180193,0,0,True,0.030635535135924163,0.056318500517840694
1238.88,12.060358047485352,0.010383722372353077,3.028417534850435,-7.030169590585351e-05,0.0002516995661903393,0.01292568329980159,0.0009132548898658858,0.0032059440410119534,0.013248369395732882,0.01096999928355217,0,0,True,0.012897363015849005,0.04569058850484537
1238.9,12.06013011932373,0.010425049811601639,3.0284033239158155,0.00015901579506260203,0.0004322776690172273,0.013587628997014135,0.0007895531125147885,0.0025191957439891937,0.012350449562072756,0.011250708624720574,0,0,True,0.04646358583516136,0.008248505331013057
1238.92,12.059823036193848,0.010400550439953804,3.028607535590205,-0.0001165195372157902,0.00031120266855037826,0.013285288448731109,0.0002807232134958671,0.0015197836044381018,0.012015488520264626,0.010728662610054018,0,0,True,0.021820721551788266,-0.061756628043847614
1238.94,12.059503555297852,0.010481988079845905,3.0284357172202236,-0.0003483947771717622,8.303706948741925e-05,0.01492550259789116,0.0005242188522768206,0.0016096736024166153,0.014584532007575037,0.012654071748256685,0,0,True,0.013571138320485825,0.004960567448782084
1238.96,12.05929946899414,0.010481235571205616,3.02853911753879,-5.403408735316354e-05,0.00013891258798324425,0.014671341023943064,-0.000408379778220444,-0.0017345862024913626,0.015695240423083307,0.015518300980329514,0,0,True,0.04547987288607091,0.005491218069013648
1238.98,12.058938980102539,0.010518206283450127,3.0285320978040087,4.0047202871969025e-05,4.006327668584458e-06,0.014673320062652014,0.000842279779693322,0.0029160411398913995,0.01622713677585125,0.009114380627870561,0,0,True,0.013490580073770641,-0.037314005671902496
1239.0,12.058660507202148,0.010565421544015408,3.028468768694006,-5.2755414587078554e-05,0.00011647967991311311,0.016923678279613472,0.0005716369560750808,0.001959081049958794,0.01622713677585125,0.009114380627870561,0,0,True,0.02705551617253603,0.05419515532258256
1239.02,12.058329582214355,0.010547471232712269,3.0286690005114147,-0.00023450509798230985,0.00014041331249456268,0.01600474900379183,-0.0004257718460309002,-0.0013754468513328697,0.01604447238147259,0.01569768488407135,0,0,True,0.033787919094807696,-0.06422359375477552
1239.04,12.05794906616211,0.010588628239929676,3.0286958440227867,-1.1446295879529548e-05,-9.98583724461292e-05,0.016835782317743977,0.0007092797473434087,0.002601026223311299,0.01854283303022385,0.018168713152408603,0,0,True,0.0029701051118852365,-0.06035153011206427
1239.06,12.057670593261719,0.010696329176425934,3.028422062055902,-7.112865929694302e-05,0.00014671987467063832,0.01737635359023417,-0.0005605042124329209,-0.0022218463604859687,0.020958461165428162,0.02024045199155808,0,0,True,0.03989583158713043,0.025564516268153873
1239.08,12.057315826416016,0.010660774074494839,3.0286768507918707,0.00011876243713321495,0.00021697504417949036,0.017161286688564075,-0.0006797989143413729,-0.0028690413590019563,0.016672417223453525,0.016080772131681444,0,0,True,0.04605871718793412,-0.06904048697571008
1239.1,12.056953430175781,0.010749008506536484,3.028491252802576,0.00011264534362212835,0.0003702608691343963,0.01919641553075936,0.00020876583316626913,0.0006697144501175802,0.016884061545133593,0.0166568398475647,0,0,True,0.030235443827975206,0.005577349129192369
1239.12,12.056591033935547,0.010797359049320221,3.0284663207140667,0.00022853078334913253,0.00044844722112487274,0.020520479692775356,-0.0008849032352093735,-0.0029222127347404846,0.018823817223310474,0.018533675819635394,0,0,True,0.036347318088113915,0.0345333460421666
1239.14,12.056142807006836,0.010853055864572525,3.0284756392119117,-1.4687158016893653e-05,0.00028000258350336813,0.019795189096476862,0.0021197745569827018,-0.001775658430149717,0.020169950127601626,0.01917831048369408,0,0,True,-0.013051922540266799,0.003073801357215795
1239.16,12.055692672729492,0.010916430503129959,3.028443073773091,-0.00042442337463090795,-3.4033089574946335e-05,0.020069072135618808,-7.922798075754231e-05,-0.00010637367562328894,0.0212022177875042,0.019658996760845187,0,0,True,-0.06448229607130739,0.02987715510605499
1239.18,12.055360794067383,0.010759262368083,3.0283492001281638,0.00018126948347638655,5.768276371071196e-05,0.018152261727536,0.0003197766372723251,0.000915618558695319,0.022621025294065476,0.0201788330078125,0,0,True,-0.07737152111172343,0.04578068916615628
1239.2,12.054996490478516,0.0109849339351058,3.028457810820017,-5.9793446127791544e-05,-9.878308317675066e-05,0.015361896007060795,-4.3399468775026564e-05,-0.000532040326251466,0.01943206921219826,0.011472043171525002,0,0,True,-0.11772201636131742,-0.005654808754529581
1239.22,12.054697036743164,0.010991736315190792,3.028548888696607,-7.697195398256473e-05,-0.00011393245070173072,0.013605467407544617,-0.0020105177895445607,0.0018867967031394547,0.019150932729244233,0.015229011774063111,0,0,True,-0.11802950028296656,-0.012165410147960054
1239.24,12.054471969604492,0.011058621108531952,3.028400510546991,-0.00020759414570369045,-9.589064029928879e-05,0.01065131082672198,-0.00018774442098933313,-0.000558758375985244,-0.03265784233808518,0.012147619277238847,0,0,True,-0.06688846351266976,0.03141524736390175
1239.26,12.05429744720459,0.011041856370866299,3.028500143864415,0.0001204564722709966,-0.00018435314497202405,0.008709901704907262,2.949274985366646e-06,-5.761425314060009e-05,0.010265990346670152,0.009474422037601472,0,0,True,-0.07557865418113517,-0.01054095169867294
1239.28,12.05415153503418,0.011096103116869926,3.028413110149938,0.00012619402429881336,-0.00014948888446710955,0.01001081892605208,0.0005915659998314365,0.001981179462858388,0.012768930122256281,0.010345203503966333,0,0,True,-0.06527016011656901,0.0332559360579404
1239.3,12.054004669189453,0.011070135980844498,3.028544279556356,0.00010094801430921341,-7.913336011316791e-05,0.007559175073059303,0.00020480411652083405,0.0010435205672463864,0.008632146418094636,0.008710097968578339,0,0,True,-0.07232268536283222,0.005969086976222273
1239.32,12.053670883178711,0.011102046817541122,3.0285590049040194,0.00019367912172032567,-0.0007535513120696403,0.005429698017401207,0.0006796338568209409,0.0021017165086475685,0.008067056871950628,0.008328107260167599,0,0,True,-0.1439057214206327,-0.026606706324235202
1239.34,12.053694725036621,0.01109379529953003,3.0285836255097944,0.0001838256271434577,-0.00047952620838618914,0.002924086875885947,0.00013472425236776714,0.0004199127049567475,0.012881447821855546,0.013055671602487565,0,0,True,-0.10347805768885059,-0.024893606585331934
1239.36,12.05371379852295,0.011091073974967003,3.0285812474706297,0.000196884464041489,-0.0004393989666326339,-0.0015016387875880677,-8.847316606383412e-05,-0.0001473570430784926,-0.0030130164325237276,-0.001395697519183159,0,0,True,-0.07921830912733521,-0.02773807104245816
1239.38,12.053771018981934,0.011085806414484978,3.0285778725727526,0.00020349837200299434,-0.0004363269004210953,-0.0007190695420647435,-0.0003239761056704018,-0.0009479679595840171,-0.0021730391122400765,-0.0005459930095821619,0,0,True,-0.04492307992707596,-0.005546841096902789
1239.4,12.053791046142578,0.011095532216131687,3.028547216340573,0.00027287995581004636,-0.0004916983231681457,-0.0009077667127978581,-3.561915070115186e-05,-0.00011732917475337307,-0.0033679003268480305,-0.0020515128411352636,0,0,True,0.011757069599536311,0.0005918148679392878
1239.42,12.053754806518555,0.011113060638308525,3.0285077880730276,0.0003388849919932205,-0.0005245781590353144,-0.0006697595182870756,-1.852509990310587e-05,-2.3834582796333243e-05,-0.0011061312444508077,-0.0009341508056968451,0,0,True,-0.011976668202817635,0.022227532529915477
1239.44,12.053786277770996,0.011085713282227516,3.0285718611366494,0.00024128449442324071,-0.0004431171832724199,-0.0005610732196233449,-2.4739408920733857e-05,-0.00010001185364325808,0.0014109159447252752,0.001330511784180999,0,0,True,-0.013399614046484869,0.0016996819453957482
1239.46,12.053824424743652,0.011081232689321041,3.028575965806129,0.00021543735909521075,-0.00042892939935903953,-0.0016772029982892829,0.00029559292435008206,0.0008302346428076037,-0.019730251468718055,0.0012979368772357703,0,0,True,-0.010373310385877937,-0.00011035506022902909
1239.48,12.05383586883545,0.011092436499893665,3.0285392153922817,0.0002712098848715813,-0.00046705854871706914,-0.0019797358365156725,1.2804163862196267e-06,1.8645380878163114e-05,-0.0033928977698087694,-0.002096201051026583,0,0,True,-0.01015258802848489,0.00658411298899518
1239.5,12.053885459899902,0.011074432171881199,3.028574206844452,0.00022507547562742642,-0.00042802082004428685,-0.0014996243491565558,-5.236647194941779e-07,-3.266298761464754e-05,-0.0007104536145925523,-0.0007967985142022373,0,0,True,0.011815469596192308,-0.010511382618294233
1239.52,12.053943634033203,0.011067744344472885,3.0285733527671197,0.00021442069376487348,-0.0004141581396390881,-0.0013732802619013974,0.00015476234241254148,0.0004267171854758773,-0.003238646909594536,-0.0016468690149486066,0,0,True,0.024746697956468413,-0.0002330672609772509
1239.54,12.053943634033203,0.011067744344472885,3.0285733527671197,0.00021442069376487348,-0.0004141581396390881,-0.000731965430594758,1.0543509386417064e-06,-1.0675966655170062e-05,-0.02070899093523622,0.0008150386810302735,0,0,True,0.018745304364473997,0.0004082873451834656
1239.56,12.053943634033203,0.011067744344472885,3.0285733527671197,0.00021442069376487348,-0.0004141581396390881,0.0,-0.0,0.0,-0.0023613976873457436,-0.0033620711974799637,0,0,True,0.01716600327378308,-0.005333964818453317
1239.58,12.053943634033203,0.011067744344472885,3.0285733527671197,0.00021442069376487348,-0.0004141581396390881,0.0,-0.0,0.0,-0.0023613976873457436,-0.0033620711974799637,0,0,True,0.009149567882442797,0.00013344958318974715
1239.6,12.053943634033203,0.011067744344472885,3.0285733527671197,0.00021442069376487348,-0.0004141581396390881,0.0,-0.0,0.0,-0.0023613976873457436,-0.0033620711974799637,0,0,True,0.0,0.0
1239.62,12.053943634033203,0.011067744344472885,3.0285733527671197,0.00021442069376487348,-0.0004141581396390881,0.0,-0.0,0.0,-0.0023613976873457436,-0.0033620711974799637,0,0,True,0.0,0.0
1239.64,12.053943634033203,0.011067744344472885,3.0285733527671197,0.00021442069376487348,-0.0004141581396390881,0.0,-0.0,0.0,-0.0023613976873457436,-0.0033620711974799637,0,0,True,0.0,0.0
1239.66,12.053943634033203,0.011067744344472885,3.0285733527671197,0.00021442069376487348,-0.0004141581396390881,0.0,-0.0,0.0,-0.0023613976873457436,-0.0033620711974799637,0,0,True,0.0,0.0
1239.68,12.053943634033203,0.011067744344472885,3.0285733527671197,0.00021442069376487348,-0.0004141581396390881,0.0,-0.0,0.0,-0.0023613976873457436,-0.0033620711974799637,0,0,True,0.0,0.0
1239.7,12.053943634033203,0.011067744344472885,3.0285733527671197,0.00021442069376487348,-0.0004141581396390881,0.0,-0.0,0.0,-0.0023613976873457436,-0.0033620711974799637,0,0,True,0.0,0.0
1239.72,12.053943634033203,0.011067744344472885,3.0285733527671197,0.00021442069376487348,-0.0004141581396390881,0.0,-0.0,0.0,-0.0023613976873457436,-0.0033620711974799637,0,0,True,0.0,0.0
1239.74,12.053943634033203,0.011067744344472885,3.0285733527671197,0.00021442069376487348,-0.0004141581396390881,0.0,-0.0,0.0,-0.0023613976873457436,-0.0033620711974799637,0,0,True,0.0,0.0
1239.76,12.053943634033203,0.011067744344472885,3.0285733527671197,0.00021442069376487348,-0.0004141581396390881,0.0,-0.0,0.0,-0.0023613976873457436,-0.0033620711974799637,0,0,True,0.0,0.0
1239.78,12.053943634033203,0.011067744344472885,3.0285733527671197,0.00021442069376487348,-0.0004141581396390881,0.0,-0.0,0.0,-0.0023613976873457436,-0.0033620711974799637,0,0,True,0.0,0.0
1239.8,12.053943634033203,0.011067744344472885,3.0285733527671197,0.00021442069376487348,-0.0004141581396390881,0.0,-0.0,0.0,-0.0023613976873457436,-0.0033620711974799637,0,0,True,0.0,0.0
1239.82,12.053943634033203,0.011067744344472885,3.0285733527671197,0.00021442069376487348,-0.0004141581396390881,0.0,-0.0,0.0,-0.0023613976873457436,-0.0033620711974799637,0,0,True,0.0,0.0
1239.84,12.053943634033203,0.011067744344472885,3.0285733527671197,0.00021442069376487348,-0.0004141581396390881,0.0,-0.0,0.0,-0.0023613976873457436,-0.0033620711974799637,0,0,True,0.0,0.0
1239.86,12.053943634033203,0.011067744344472885,3.0285733527671197,0.00021442069376487348,-0.0004141581396390881,0.0,-0.0,0.0,-0.0023613976873457436,-0.0033620711974799637,0,0,True,0.0,0.0
1239.88,12.053943634033203,0.011067744344472885,3.0285733527671197,0.00021442069376487348,-0.0004141581396390881,0.0,-0.0,0.0,-0.0023613976873457436,-0.0033620711974799637,0,0,True,0.0,0.0
1239.9,12.053943634033203,0.011067744344472885,3.0285733527671197,0.00021442069376487348,-0.0004141581396390881,0.0,-0.0,0.0,-0.0023613976873457436,-0.0033620711974799637,0,0,True,0.0,0.0
1239.92,12.053943634033203,0.011067744344472885,3.0285733527671197,0.00021442069376487348,-0.0004141581396390881,0.0,-0.0,0.0,-0.0023613976873457436,-0.0033620711974799637,0,0,True,0.0,0.0
1239.94,12.053943634033203,0.011067744344472885,3.0285733527671197,0.00021442069376487348,-0.0004141581396390881,0.0,-0.0,0.0,-0.0023613976873457436,-0.0033620711974799637,0,0,True,0.0,0.0
1239.96,12.053943634033203,0.011067744344472885,3.0285733527671197,0.00021442069376487348,-0.0004141581396390881,0.0,-0.0,0.0,-0.0023613976873457436,-0.0033620711974799637,0,0,True,0.0,0.0
1239.98,12.053943634033203,0.011067744344472885,3.0285733527671197,0.00021442069376487348,-0.0004141581396390881,0.0,-0.0,0.0,-0.0023613976873457436,-0.0033620711974799637,0,0,True,0.0,0.0
1240.0,12.053943634033203,0.011067744344472885,3.0285733527671197,0.00021442069376487348,-0.0004141581396390881,0.0,-0.0,0.0,-0.0023613976873457436,-0.0033620711974799637,0,0,True,0.0,0.0
1240.02,12.053943634033203,0.011067744344472885,3.0285733527671197,0.00021442069376487348,-0.0004141581396390881,0.0,-0.0,0.0,-0.0023613976873457436,-0.0033620711974799637,0,0,True,0.0,0.0
1240.04,12.053943634033203,0.011067744344472885,3.0285733527671197,0.00021442069376487348,-0.0004141581396390881,0.0,-0.0,0.0,-0.0023613976873457436,-0.0033620711974799637,0,0,True,0.0,0.0
1240.06,12.053943634033203,0.011067744344472885,3.0285733527671197,0.00021442069376487348,-0.0004141581396390881,0.0,-0.0,0.0,-0.0023613976873457436,-0.0033620711974799637,0,0,True,0.0,0.0
1240.08,12.053943634033203,0.011067744344472885,3.0285733527671197,0.00021442069376487348,-0.0004141581396390881,0.0,-0.0,0.0,-0.0023613976873457436,-0.0033620711974799637,0,0,True,0.0,0.0
1240.1,12.053943634033203,0.011067744344472885,3.0285733527671197,0.00021442069376487348,-0.0004141581396390881,0.0,-0.0,0.0,-0.0023613976873457436,-0.0033620711974799637,0,0,True,0.0,0.0
1240.12,12.053943634033203,0.011067744344472885,3.0285733527671197,0.00021442069376487348,-0.0004141581396390881,0.0,-0.0,0.0,-0.0023613976873457436,-0.0033620711974799637,0,0,True,0.0,0.0
1240.14,12.053943634033203,0.011067744344472885,3.0285733527671197,0.00021442069376487348,-0.0004141581396390881,0.0,-0.0,0.0,-0.0023613976873457436,-0.0033620711974799637,0,0,True,0.0,0.0
1240.16,12.053943634033203,0.011067744344472885,3.0285733527671197,0.00021442069376487348,-0.0004141581396390881,0.0,-0.0,0.0,-0.0023613976873457436,-0.0033620711974799637,0,0,True,0.0,0.0
1240.18,12.053943634033203,0.011067744344472885,3.0285733527671197,0.00021442069376487348,-0.0004141581396390881,0.0,-0.0,0.0,-0.0023613976873457436,-0.0033620711974799637,0,0,True,0.0,0.0
1240.2,12.053943634033203,0.011067744344472885,3.0285733527671197,0.00021442069376487348,-0.0004141581396390881,0.0,-0.0,0.0,-0.0023613976873457436,-0.0033620711974799637,0,0,True,0.0,0.0
1240.22,12.053943634033203,0.011067744344472885,3.0285733527671197,0.00021442069376487348,-0.0004141581396390881,0.0,-0.0,0.0,-0.0023613976873457436,-0.0033620711974799637,0,0,True,0.0,0.0
1240.24,12.053943634033203,0.011067744344472885,3.0285733527671197,0.00021442069376487348,-0.0004141581396390881,0.0,-0.0,0.0,-0.0023613976873457436,-0.0033620711974799637,0,0,True,0.0,0.0
1240.26,12.053943634033203,0.011067744344472885,3.0285733527671197,0.00021442069376487348,-0.0004141581396390881,0.0,-0.0,0.0,-0.0023613976873457436,-0.0033620711974799637,0,0,True,0.0,0.0
1240.28,12.053943634033203,0.011067744344472885,3.0285733527671197,0.00021442069376487348,-0.0004141581396390881,0.0,-0.0,0.0,-0.0023613976873457436,-0.0033620711974799637,0,0,True,0.0,0.0
1240.3,12.053943634033203,0.011067744344472885,3.0285733527671197,0.00021442069376487348,-0.0004141581396390881,0.0,-0.0,0.0,-0.0023613976873457436,-0.0033620711974799637,0,0,True,0.0,0.0
1240.32,12.053943634033203,0.011067744344472885,3.0285733527671197,0.00021442069376487348,-0.0004141581396390881,0.0,-0.0,0.0,-0.0023613976873457436,-0.0033620711974799637,0,0,True,0.0,0.0
1240.34,12.053943634033203,0.011067744344472885,3.0285733527671197,0.00021442069376487348,-0.0004141581396390881,0.0,-0.0,0.0,-0.0023613976873457436,-0.0033620711974799637,0,0,True,0.0,0.0
1240.36,12.053943634033203,0.011067744344472885,3.0285733527671197,0.00021442069376487348,-0.0004141581396390881,0.0,-0.0,0.0,-0.0023613976873457436,-0.0033620711974799637,0,0,True,0.0,0.0
1240.38,12.053943634033203,0.011067744344472885,3.0285733527671197,0.00021442069376487348,-0.0004141581396390881,0.0,-0.0,0.0,-0.0023613976873457436,-0.0033620711974799637,0,0,True,0.0,0.0
1240.4,12.053943634033203,0.011067744344472885,3.0285733527671197,0.00021442069376487348,-0.0004141581396390881,0.0,-0.0,0.0,-0.0023613976873457436,-0.0033620711974799637,0,0,True,0.0,0.0
1240.42,12.053943634033203,0.011067744344472885,3.0285733527671197,0.00021442069376487348,-0.0004141581396390881,0.0,-0.0,0.0,-0.0023613976873457436,-0.0033620711974799637,0,0,True,0.0,0.0
1240.44,12.053943634033203,0.011067744344472885,3.0285733527671197,0.00021442069376487348,-0.0004141581396390881,0.0,-0.0,0.0,-0.0023613976873457436,-0.0033620711974799637,0,0,True,0.0,0.0
1240.46,12.053943634033203,0.011067744344472885,3.0285733527671197,0.00021442069376487348,-0.0004141581396390881,0.0,-0.0,0.0,-0.0023613976873457436,-0.0033620711974799637,0,0,True,0.0,0.0
1240.48,12.053943634033203,0.011067744344472885,3.0285733527671197,0.00021442069376487348,-0.0004141581396390881,0.0,-0.0,0.0,-0.0023613976873457436,-0.0033620711974799637,0,0,True,0.0,0.0
1240.5,12.053943634033203,0.011067744344472885,3.0285733527671197,0.00021442069376487348,-0.0004141581396390881,0.0,-0.0,0.0,-0.0023613976873457436,-0.0033620711974799637,0,0,True,0.0,0.0
1240.52,12.053943634033203,0.011067744344472885,3.0285733527671197,0.00021442069376487348,-0.0004141581396390881,0.0,-0.0,0.0,-0.0023613976873457436,-0.0033620711974799637,0,0,True,0.0,0.0
1240.54,12.053943634033203,0.011067744344472885,3.0285733527671197,0.00021442069376487348,-0.0004141581396390881,0.0,-0.0,0.0,-0.0023613976873457436,-0.0033620711974799637,0,0,True,0.0,0.0
1240.56,12.053943634033203,0.011067744344472885,3.0285733527671197,0.00021442069376487348,-0.0004141581396390881,0.0,-0.0,0.0,-0.0023613976873457436,-0.0033620711974799637,0,0,True,0.0,0.0
1240.58,12.053943634033203,0.011067744344472885,3.0285733527671197,0.00021442069376487348,-0.0004141581396390881,0.0,-0.0,0.0,-0.0023613976873457436,-0.0033620711974799637,0,0,True,0.0,0.0
1240.6,12.053943634033203,0.011067744344472885,3.0285733527671197,0.00021442069376487348,-0.0004141581396390881,0.0,-0.0,0.0,-0.0023613976873457436,-0.0033620711974799637,0,0,True,0.0,0.0
1240.62,12.053943634033203,0.011067744344472885,3.0285733527671197,0.00021442069376487348,-0.0004141581396390881,0.0,-0.0,0.0,-0.0023613976873457436,-0.0033620711974799637,0,0,True,0.0,0.0
