t,x,y,yaw,roll,pitch,v,lateral,w,rim_left,rim_right,cmd_v,cmd_w,publishing,a,alpha
1058.74,12.055370330810547,-0.04152635484933853,3.0977136946374255,3.358826580543979e-05,-0.00019149777114128963,0.0,-0.0,0.0,0.0001793268928304315,-0.0003914208477362991,0.04,0,True,0.020063438190661146,-0.00554405824867608
1058.76,12.055370330810547,-0.04152635484933853,3.0977136946374255,3.358826580543979e-05,-0.00019149777114128963,0.0,-0.0,0.0,0.0001793268928304315,-0.0003914208477362991,0.04,0,True,0.052866219078119774,-0.005327774130144102
1058.78,12.055370330810547,-0.04152635484933853,3.0977136946374255,3.358826580543979e-05,-0.00019149777114128963,0.0016050750552514318,-0.00013964809899309565,-0.000443524659893683,0.0001793268928304315,-0.0003914208477362991,0.04,0,True,0.09653525410202884,-0.0017660748078578354
1058.8,12.055370330810547,-0.04152635484933853,3.0977136946374255,3.358826580543979e-05,-0.00019149777114128963,0.004229297526245735,-0.00011895308523664539,-0.0004262219304111405,0.0001793268928304315,-0.0003914208477362991,0.04,0,True,0.17916129236341963,-0.012610126943328059
1058.82,12.055242538452148,-0.041509561240673065,3.097678212664634,1.4484326366232358e-05,-0.0001298309330604109,0.007722820328155283,-5.771815331004213e-05,-0.00014128598462849834,0.0001793268928304315,-0.0003914208477362991,0.04,0,True,0.2116701186746192,0.009568839227514364
1058.84,12.055032730102539,-0.041502006351947784,3.0976795968829927,2.9424422024490005e-05,-4.8089950966309666e-05,0.014332903389060535,-0.00031826253721384105,-0.0010088101554653272,0.06850041432306171,0.00514696802943945,0.04,0,True,0.2222798270696841,0.009466392527127866
1058.86,12.054753303527832,-0.041494619101285934,3.0977023917586552,4.6461222305946066e-05,0.00010790390462106015,0.01853868454920557,9.782588464736302e-05,0.0003219824783067699,0.011375041827559473,0.0107473723590374,0.04,0,True,0.19492608373153206,0.00018993999914991292
1058.88,12.05422592163086,-0.041450582444667816,3.097632989824988,5.477775180079651e-05,0.0001070361681188807,0.02201168369185483,8.408292970023821e-05,0.0003310894717605524,0.01675083711743355,0.016276832297444345,0.04,0,True,0.10479418773777942,0.003578915907619851
1058.9,12.053760528564453,-0.041452307254076004,3.0977039712628986,1.0476236966434453e-06,0.00017242566683861815,0.023316907026707984,-2.1852013681796303e-05,-0.00012609078469647594,0.023703730106353762,0.023366289138793947,0.04,0,True,0.03548106859451852,-0.009950686160587504
1058.92,12.05327320098877,-0.04143134132027626,3.0977060840407336,-4.078654153888249e-05,0.0001950250619297268,0.02271643840809909,-0.00020600236779108215,-0.0007224968828551858,0.022770098298788073,0.02335494562983513,0.04,0,True,-0.033877562411097524,-0.010090069701158484
1058.94,12.052889823913574,-0.041411031037569046,3.0976923044958795,-6.752352038949313e-05,0.000255348528664597,0.021377170036772537,-0.00014104898200643803,-0.00047407241454176894,0.023276596665382388,0.023904442936182026,0.04,0,True,-0.062238488903264895,0.0037224354246962617
1058.96,12.052411079406738,-0.04135438799858093,3.0975751900743598,-6.115680103531273e-05,0.0001727295315454061,0.019301478698969494,-0.00015091912378546615,-0.0004761161043313922,0.021079051792621616,0.021859356909990312,0.04,0,True,-0.08323943390284742,0.024335796188465344
1058.98,12.05205249786377,-0.041365981101989746,3.0976660454697353,-0.00011352237993417314,0.00013938831027848165,0.01833782791445132,5.303490671220725e-05,0.00017170404927895416,0.02011232823133469,0.022047959566116337,0.04,0,True,-0.07421910908318209,0.006571301042769003
1059.0,12.05173110961914,-0.041351333260536194,3.097667994752387,-0.0001810941471525381,8.845344485113561e-05,0.016057283695877354,0.0003574400111091199,0.001224366812220271,0.01878848493099213,0.019181362539529803,0.04,0,True,-0.05311208936048109,0.011738824325737399
1059.02,12.051424026489258,-0.041350848972797394,3.097706040819822,-4.400252916141391e-05,0.00012283421773934746,0.01543964131012337,2.0673861572205313e-05,5.163166887927316e-05,0.01744273692369461,0.01766253396868706,0.04,0,True,-0.0395646874836789,-0.00841774179397158
1059.04,12.051126480102539,-0.04132654890418053,3.0976731394193373,-6.213683261328996e-05,7.204804865217712e-05,0.015052511550134871,0.0001415778383877733,0.0004629898417267456,0.016323833018541338,0.017094839066267017,0.04,0,True,-0.0048584790450866555,-0.01720486765537453
1059.06,12.05081844329834,-0.04131344333291054,3.0976701760032457,-9.814366585788687e-05,-1.2896134561437058e-05,0.015172652915759888,-0.00014847166166232005,-0.0005017152942381598,0.01623680040240288,0.01627931483089924,0.04,0,True,-0.0012249710917018896,0.013664892977283965
1059.08,12.050527572631836,-0.04130977764725685,3.097705033939725,-2.4826476649467813e-05,9.34343377616261e-05,0.015668605372270775,-3.0502315519022544e-05,-0.00015202260020843967,0.01632662169635296,0.016492627039551736,0.04,0,True,0.015334529541097874,-0.00913924926724418
1059.1,12.050211906433105,-0.0412856861948967,3.097665903596283,-1.830672914980744e-05,2.156778887221997e-05,0.015341643622787308,0.00035048846775511885,0.001144823107060996,0.015393806621432306,0.016042816489934924,0.04,0,True,0.020821907836019397,0.006513403565034801
1059.12,12.049874305725098,-0.04126911610364914,3.0976609776113206,-8.62029235976698e-07,-0.00010381240535249137,0.016279273913421585,-7.787114712614045e-05,-0.0002681500996521238,0.016938173994421962,0.01689626976847649,0.04,0,True,0.021323031938342587,0.002994668426911028
1059.14,12.049591064453125,-0.041287560015916824,3.0977617618518107,0.0003064360743988665,0.00017933993795358054,0.01683840554264466,-4.1145113423040084e-05,1.9356990965631374e-05,0.017241649627685547,0.0174448074400425,0.04,0,True,0.04324267969789757,-0.018842622568705503
1059.16,12.049226760864258,-0.041246358305215836,3.097683581931753,-0.00013337206409598715,0.00013255020877171636,0.01737444792734148,-1.8886784504538665e-05,8.755087394490557e-05,0.01442325495183468,0.01703961156308651,0.04,0,True,0.0364422756745612,-0.002019202423813282
1059.18,12.048866271972656,-0.041223373264074326,3.09766745215556,-0.00021462165286678707,0.00010893417413715401,0.0188010579986258,-0.00016989358799193298,-0.00036258669843835747,0.01966913759708405,0.019832881540060045,0.04,0,True,0.03388553597610657,0.0180176195433897
1059.2,12.04848575592041,-0.04120659455657005,3.0976679816812362,0.0002838178761854873,8.379590544421007e-05,0.019194655967392116,-0.00016598113254625722,-0.00042968629355749855,0.018689302504062654,0.019604529142379763,0.04,0,True,0.03714990553357616,-0.003103868168668793
1059.22,12.048089027404785,-0.0412079356610775,3.0977327549159357,-5.447839517878438e-05,6.587231957210937e-05,0.01954924842073072,0.0004533019838024661,0.0014607665544354963,0.020166703015565873,0.02048632398247719,0.04,0,True,0.02681453948373123,-0.010754591309189564
1059.24,12.047693252563477,-0.04116566479206085,3.0976492070282684,-5.361700533152465e-05,1.2635326476456824e-05,0.02034644037002487,-3.6761448269993454e-05,-0.00016075857954837202,0.02075203120708466,0.021423766165971758,0.04,0,True,0.04955098386420676,0.016537291830892135
1059.26,12.04730224609375,-0.04119103029370308,3.097784313479915,0.00029193659847600553,0.00017645301739684086,0.020946221157322347,-0.00038396062507642305,-0.0012229540031727401,0.021108428090810778,0.02086120739579201,0.04,0,True,0.04303879935547656,-0.03032651680791275
1059.28,12.046859741210938,-0.04113215208053589,3.0976551209948724,-9.207727106780452e-05,0.0001493483084254377,0.02315873467652505,0.0003200983136930623,0.0008932970529126692,0.01976055845618248,0.021851645410060884,0.04,0,True,0.042805563761891596,0.0006126038033110778
1059.3,12.046416282653809,-0.04110386222600937,3.097634918595682,-0.00014130743425929895,0.00016626058148575305,0.022992352369165713,-0.00023741622203421356,-0.0009653547901953172,0.02403557285666466,0.022305646538734437,0.04,0,True,0.06502365352409965,0.02915195792223243
1059.32,12.045841217041016,-0.04110987111926079,3.0977206707925014,0.0001427506210871634,-0.0002669340678919133,0.023770885470973082,-3.4706286440453404e-05,-0.00011175027528353037,0.023907751590013505,0.023806243091821673,0.04,0,True,0.040854844279610426,-0.012460475973132936
1059.34,12.045465469360352,-0.041091226041316986,3.0977070850966992,0.00017706800169606452,0.00024038632801982665,0.02614811343924559,0.00044811815029981205,0.001109202630603733,0.02585314199328423,0.02749628707766533,0.04,0,True,0.05220742813429066,0.04445154522428456
1059.36,12.044960021972656,-0.04104597494006157,3.0976461809728497,-9.159807927238984e-05,0.00020405698319926892,0.026427122218890913,7.399017362991547e-05,-0.00010354102493705912,0.020951076149940493,0.02176396191120148,0.04,0,True,0.08037941098214076,-0.009218012991351422
1059.38,12.04432487487793,-0.04104790464043617,3.0977236548061304,0.00020751145796478584,-0.0001867756647328566,0.027168946619917037,-0.0024202700568797812,0.0025907688277543198,0.029357410073280337,0.02624468967318535,0.04,0,True,0.03566507428598083,-0.033687995729318417
1059.4,12.043728828430176,-0.041022904217243195,3.0977123875105064,0.0002652236432272816,-0.0003843221539606971,0.03020123834955677,0.001623794032497073,-0.0008491913145930693,0.02902240782976151,0.03163799569010735,0.04,0,True,0.04198955409164513,-0.010055816037212225
1059.42,12.043302536010742,-0.040802471339702606,3.09791434660292,-0.00040242965371858707,0.00021060782201570447,0.02900131938212957,-0.0001328802785709902,-0.0015858370277469491,0.02892885595560074,0.02854157030582428,0.04,0,True,0.06908207041850321,-0.07541074663793351
1059.44,12.042540550231934,-0.041069768369197845,3.097578245667682,-1.4459409788633973e-05,-0.000314300493100763,0.029786286546229016,-0.00033457688927971785,-0.0009080063079155918,0.025621549785137178,0.02416630640625954,0.04,0,True,0.04755701552139645,0.019921004504533896
1059.46,12.042007446289062,-0.040935978293418884,3.097596787843911,-1.196723881352628e-05,0.00011527536763549519,0.03269551225339227,0.0021563235726396986,-0.0034420909032748747,0.03346226349473,0.03586300373077393,0.04,0,True,0.0717887003327493,0.024591191472692387
1059.48,12.041349411010742,-0.040891315788030624,3.097639747005873,-1.8238474215494764e-05,0.0001721094809463394,0.034005799591265026,-0.0015893882491375755,0.0007444890457681928,0.02940202057361603,0.02910146400332451,0.04,0,True,0.07620844564453579,0.010231283395519555
1059.5,12.040681838989258,-0.04085977002978325,3.0976389793306582,-2.345768160705148e-05,0.0002827759513240849,0.03474441540874429,-0.00020561926978586984,0.00038145829006665244,0.034555943608284,0.03424116358160973,0.04,0,True,0.07830109318100291,0.04289251536769043
1059.52,12.039828300476074,-0.040823206305503845,3.0976378047913435,-5.051433893704303e-06,-0.000377567482768108,0.03588296219778633,-4.713064528984092e-05,-8.950363627477178e-05,0.035743153691291815,0.03536862283945084,0.04,0,True,0.06118652762647317,-0.00959366899659999
1059.54,12.039231300354004,-0.040797412395477295,3.097627304507116,-1.0749766844436404e-05,0.0001604575346250108,0.038959599707866804,-2.712504363054343e-06,-1.0689673862761271e-05,0.04059830486774445,0.04050295263528824,0.04,0,True,0.07330040194718117,-0.0017960680555350527
1059.56,12.038481712341309,-0.04076141119003296,3.097632586714971,-1.9604125164332458e-05,0.000284371771284229,0.03890072180137843,-2.0750090744377225e-05,-2.3004473959108257e-05,0.03285367146134377,0.032627562731504446,0.04,0,True,0.08066428013049907,0.0018760289187415404
1059.58,12.037568092346191,-0.0407225675880909,3.097638124156749,-1.3114288435564616e-05,-0.00024869661600146806,0.04060844756451345,-5.2454531484130316e-05,0.0002377728456239789,0.039710767865180976,0.039329797029495246,0.04,0,True,0.06724959204924615,0.0016747079092230817
1059.6,12.03671932220459,-0.040684785693883896,3.097635964433427,-2.6064774057032867e-05,-0.00043144782414379976,0.04233610460822039,5.585683611934863e-06,6.057867722441495e-05,0.04445970416069031,0.044210943877696994,0.04,0,True,0.06876650149065866,-0.0007375595412852886
1059.62,12.035985946655273,-0.04065047204494476,3.097646326334766,-2.626345949982743e-05,9.16427732548047e-05,0.0443395670718016,3.21879575584346e-05,0.0001232869588749634,0.04107108771800995,0.04067085534334183,0.04,0,True,0.09047543709956299,-0.0031337244960729627
1059.64,12.0350980758667,-0.04061302915215492,3.097637433009149,-5.049075489394301e-05,0.00020205969364594286,0.044402041920641754,-3.1370392520121406e-05,-8.200923726204539e-05,0.038656679987907415,0.03788689643144608,0.04,0,True,0.11024677447391061,0.006928606183504498
1059.66,12.034024238586426,-0.040569305419921875,3.0976479871134592,-4.45175180870613e-05,-0.0004348006271103319,0.047846482532492476,5.996105940441268e-05,-1.2925114062342646e-05,0.046422958374023444,0.04575713455677033,0.04,0,True,0.09060915285217033,0.013551473425484302
1059.68,12.033170700073242,-0.040526192635297775,3.097629403694446,-5.1568943274503826e-05,1.4161014788914033e-05,0.051155846566150284,0.0002394817800762828,0.0006148671719058461,0.05138915181159974,0.051147144436836246,0.04,0,True,0.1158366086271547,0.02550816088913074
1059.7,12.032161712646484,-0.04048711061477661,3.097645292325641,-0.00010039813164423929,9.279032918524865e-05,0.05158829929998924,0.00044450363969149634,0.0012074048329158028,0.04460860818624497,0.0437190455198288,0.04,0,True,0.12096057548710218,0.01009142271179
1059.72,12.03100872039795,-0.04045230895280838,3.0976866223829016,0.0001496279352412567,-0.00026860652956842276,0.0536689706108057,0.0006135815688334621,0.0019586436338665577,0.051486375331878664,0.050969918668270116,0.04,0,True,0.09419108215769206,-0.003934231685092046
1059.74,12.029899597167969,-0.04042351618409157,3.0977445795000924,6.129834777685471e-05,-0.00024410985258295733,0.05752332857145185,0.00033491581174157053,0.0007943887028801231,0.0559185090661049,0.05612591326236725,0.04,0,True,0.06359359652353323,-0.022456351011334356
1059.76,12.028879165649414,-0.040386781096458435,3.097786095185155,-0.0003082018050877008,0.0002499429122657418,0.058691133138758796,9.640808313310725e-05,0.00030012863709876864,0.05459146559238434,0.05496848315000535,0.04,0,True,0.011339080044707626,-0.03443169368246725
1059.78,12.027563095092773,-0.040312159806489944,3.0977088434218714,6.358792519414421e-05,-0.00016844672276856293,0.05667578702186727,-0.00019902959264445335,-0.0005891032479893117,0.05506884843111039,0.05246386349201203,0.04,0,True,-0.13271406766998417,-0.008215522113734176
1059.8,12.026317596435547,-0.040254395455121994,3.0977106326738695,0.00011578702279038897,-0.00017372873877983681,0.054576097014381486,-0.00020859428855231387,-0.0007958918607283171,0.0627860999107361,0.06429410129785539,0.04,0,True,-0.25900342829775297,-0.005211007207619801
1059.82,12.025370597839355,-0.04020870104432106,3.0976974512402533,2.578966351870574e-06,3.2058058536343054e-05,0.04690620315786277,3.429321417311275e-06,0.00013714693378198678,0.06178829461336136,0.06143769621849061,0.04,0,True,-0.3218518643064897,0.006364539514317464
1059.84,12.024518013000488,-0.0401785783469677,3.097722423836297,-3.9160299682422796e-05,0.00019749242990357694,0.0379708588749574,-4.399606060254569e-05,-0.00011675193951043633,0.05099766671657563,0.04894139677286149,0.04,0,True,-0.37783112436373306,0.005097483095914648
1059.86,12.02381420135498,-0.04014777019619942,3.097719815176574,-7.290701107282636e-05,0.00021005504747251887,0.03092763787737151,2.668474643461173e-05,-7.994008684437763e-05,0.040971821844577795,0.04185531169176102,0.04,0,True,-0.34355897219562714,-0.0063077712859709615
1059.88,12.023283004760742,-0.04011765867471695,3.0977012925187086,-7.435786002486886e-05,0.00018330113603789427,0.024349607065224422,-0.00017005598767462862,-0.0003880932130543572,0.031467713713645935,0.03296623036265373,0.04,0,True,-0.2689859291998961,0.005510344037094811
1059.9,12.02289867401123,-0.04010231792926788,3.0976910560333057,-9.108573924661027e-05,0.00014136898784490316,0.019421485382159483,-0.0001690908837123368,-0.00036747476909666544,0.024619475156068805,0.025487551391124727,0.04,0,True,-0.19325981830107336,0.0020135891530499283
1059.92,12.02257251739502,-0.040079515427351,3.0976913763792524,-0.0001116201549087894,0.00010058266597969363,0.016451984538924123,6.443980273273121e-05,0.00032407558345800056,0.020711877793073655,0.02073701187968254,0.04,0,True,-0.11577107035616628,0.020630135217660085
1059.94,12.022262573242188,-0.04006606712937355,3.097690417195046,-0.00011330814460910012,2.4975718620152778e-05,0.015466852413255761,-5.526383221256834e-05,8.114704539992797e-05,0.01850806087255478,0.018293127715587616,0.04,0,True,-0.05370030843085542,0.0016709539987680194
1059.96,12.021967887878418,-0.04006504639983177,3.0977272185653852,-3.4750966640333496e-05,9.22743552326045e-05,0.015087921436739543,0.0004216106478902859,0.0012623176043569486,0.017194519042968752,0.017287170737981798,0.04,0,True,-0.0029785920635257523,-0.024093862907278413
1059.98,12.021662712097168,-0.04004359617829323,3.0976975477969377,-1.552955057608276e-05,1.7728748082654695e-05,0.015125460707694957,0.0022837673256159517,-0.00023379844919534546,0.01606434464454651,0.016692155972123146,0.04,0,True,0.015830895566505448,-0.0044793970131127726
1060.0,12.02136516571045,-0.04006028175354004,3.097792361787601,-0.00018248546534095514,4.086503809161684e-05,0.01621369717384228,-0.0004897962147000975,-0.0016034334491225194,0.01658727988600731,0.01642772860825062,0.04,0,True,0.04263451744684103,0.0019218029226366026
1060.02,12.021045684814453,-0.04019549489021301,3.0976717133191105,0.0003996267166052081,0.00021888595098587012,0.016733324058575045,-9.211682512385482e-05,-0.0002772047156487679,0.015507064908742907,0.01689674384891987,0.04,0,True,0.05216935965219486,0.027005472091175816
1060.04,12.020673751831055,-0.039969105273485184,3.0975989438894556,-6.206132556108338e-05,0.00023701475728009412,0.018498682832483723,0.00046607203055193185,0.001416061838167737,0.015650341510772707,0.018386091291904452,0.04,0,True,0.01614178778276468,0.04094313500576327
1060.06,12.020325660705566,-0.039977457374334335,3.097675371419686,-9.363058658178446e-05,0.00031028202628265015,0.01929900947986675,-0.0017261775001729432,0.0019266393180967548,0.01988344177603722,0.01999495029449463,0.04,0,True,0.03157497422986108,0.045045080997069116
1060.08,12.019885063171387,-0.04003244638442993,3.097905646734654,0.0002438844648012992,-6.138631506077974e-05,0.01750504019646228,0.0005382360732312415,0.0016720173513355633,0.01938432425260544,0.019683003276586536,0.04,0,True,0.0011393013108231202,-0.017409374729359404
1060.1,12.019509315490723,-0.03998975083231926,3.097825844464558,-0.0001871249431877702,-0.00015988511675079799,0.019259321996961634,0.001078422556241209,0.003326401764113484,0.020552625358104707,0.02334166616201401,0.04,0,True,-0.0002312322909413893,-0.029769910994426614
1060.12,12.019272804260254,-0.039950963109731674,3.0977327052775623,-0.00024380447996722625,0.00044081333677979635,0.01858982693734949,1.957053760971055e-05,2.331185982025132e-05,0.018625708967447283,0.019592423141002655,0.04,0,True,0.0565047217355819,-0.008772816687705416
1060.14,12.018782615661621,-0.03999623656272888,3.0979414835608154,0.00012102884882074005,4.862303572163758e-05,0.019280510896591403,-0.0004987864700819773,-0.00045495356146197703,0.01627348139882088,0.015520292222499848,0.04,0,True,0.027902653048047437,-0.0628085804504471
1060.16,12.018399238586426,-0.03996880352497101,3.09790751168344,6.839818650729082e-05,0.00013332377847513838,0.02202541793531757,0.0016751458084149655,0.0009701920163177737,0.023056591004133226,0.02615088537335396,0.04,0,True,0.04770657385383546,-0.019438886698898525
1060.18,12.017970085144043,-0.03988257795572281,3.097789448179641,-0.00046311182319505194,0.00018611618979396904,0.021491534240809743,0.0007864136669301088,-0.0016982846719319946,0.019468220323324206,0.022123168855905536,0.04,0,True,0.04455268881967211,0.007261480251607819
1060.2,12.01750659942627,-0.04000789672136307,3.097810320638868,0.00013224133766846872,0.00012756059222118984,0.022406352845663703,0.0008770350817457168,-0.0015317990760946364,0.022864739149808886,0.02303329274058342,0.04,0,True,0.027086787159683524,-0.0063547482849944555
1060.22,12.017062187194824,-0.039983801543712616,3.097805620787061,0.0002666600066087479,0.00014462031882194078,0.02284472600216193,0.0017653597566905663,0.00012596485866612017,0.02579532712697983,0.027524130046367647,0.04,0,True,0.04524592060366903,0.04953073117585488
1060.24,12.016605377197266,-0.03996044397354126,3.0977849677573523,-0.00019683901013102233,0.0001934650981990898,0.02419236090809028,0.00014826894002523139,0.00046181215351867957,0.0247105048596859,0.02393727704882622,0.04,0,True,0.05062437483537442,0.05852755108639684
1060.26,12.016138076782227,-0.039943672716617584,3.0977995253683344,-0.0003304273875901316,0.0002766209285450493,0.025111207889099974,-0.00175935820125477,0.002264173822132792,0.02489386394619942,0.024631199389696122,0.04,0,True,0.06732071234243656,-0.009673055828361253
1060.28,12.015572547912598,-0.03993498906493187,3.0978472656111493,0.00023649598767222502,8.773561927182773e-05,0.026456302832489974,-0.0019605966236308685,0.003150405010812852,0.025535236895084384,0.025834725350141526,0.04,0,True,0.0572496130184106,0.014443838220494404
1060.3,12.015061378479004,-0.039755240082740784,3.0979867546928315,-0.00023457977592567617,0.00010375627479575847,0.028230382989551956,-0.00024202992003197654,-0.0006478796076020763,0.027790713459253314,0.029338864088058473,0.04,0,True,0.06305465464032398,-0.030474451484360086
1060.32,12.014497756958008,-0.03971118852496147,3.098037000158217,-0.00042019997999724314,6.657924048977284e-05,0.028772329949558962,-0.0020010419530163926,0.001617319211157181,0.029967605322599414,0.02899710685014725,0.04,0,True,0.06193802140737002,-0.05486648695789159
1060.34,12.013882637023926,-0.03982587903738022,3.0977476949997262,0.00010522994761482265,3.228489392442068e-05,0.030155580260321304,-5.503389600244966e-05,-0.0001737822966137975,0.029323123991489414,0.02920649498701096,0.04,0,True,0.05082403296024175,0.0889710902025453
1060.36,12.013279914855957,-0.03967483341693878,3.0979766511480418,0.00019493503050964963,2.0146079491638745e-05,0.03141134454507507,0.0026058973644033645,-0.001238913945814483,0.03055266231298447,0.030922461748123173,0.04,0,True,0.059351389869562,0.022060807315922786
1060.38,12.012651443481445,-0.03964510187506676,3.0979728521091023,-0.00033480735701997306,5.808749726447144e-05,0.032296305626379154,-0.0004465625328623939,0.006469807608615305,0.03095155015587807,0.03188115045428276,0.04,0,True,0.06075307683314983,0.04739830541834829
1060.4,12.011978149414062,-0.03980989381670952,3.097937887042552,0.00010676461800381945,2.2224743283222774e-05,0.0335204411391331,0.001032690367084766,0.003382183796434415,0.03251942336559296,0.032488818317651755,0.04,0,True,0.06399669227908478,0.06845052728759711
1060.42,12.011302947998047,-0.03967752307653427,3.0982652796084165,0.00019390239742936332,2.51195967727027e-05,0.035015826406982684,0.002316334534491496,0.0036180821368613936,0.030598485916852953,0.03844697684049607,0.04,0,True,0.07333756648020863,-0.09452378471595561
1060.44,12.010597229003906,-0.03964034095406532,3.098247225851757,-0.00030269421229672236,5.271113245244433e-05,0.036531079927411746,-0.0012574515902320591,0.00423712823720387,0.034881224334239964,0.035291489064693454,0.04,0,True,0.07762441322559359,-0.037982236367283255
1060.46,12.009844779968262,-0.039708901196718216,3.098262298680051,0.0001524305854219869,2.7787303479016538e-05,0.03816331094479051,-0.00037584720448795034,-0.0010920951686542665,0.036569378376007086,0.03595061212778092,0.04,0,True,0.09940475911790744,-0.025292439954961936
1060.48,12.009062767028809,-0.0395827554166317,3.098276857301528,0.0002683105652959591,5.265374663669922e-05,0.03973039419717494,8.234294669181566e-05,0.0003436048870545177,0.036569378376007086,0.03595061212778092,0.04,0,True,0.08516620593171766,-0.06893878141350834
1060.5,12.008254051208496,-0.039515234529972076,3.098177911994924,5.322392770478884e-05,2.005164700659619e-06,0.042968207136408046,-0.0008344723746148859,0.0015946869404662794,0.0398377338051796,0.03975968629121781,0.04,0,True,0.09244441077749142,0.011908179524630092
1060.52,12.007421493530273,-0.03950928896665573,3.0982747142427214,8.318045867913919e-05,2.0326608735023683e-05,0.04334437640194296,-0.00043466906101650104,-0.0012779742758717814,0.04217213094234467,0.0421405965089798,0.04,0,True,0.08077619751260665,-0.017777317590191438
1060.54,12.006413459777832,-0.03949301689863205,3.098389873635288,-0.00010637023958686906,-0.0005436414163539271,0.045558863806983096,-5.201076435817822e-05,-0.0001394408066847255,0.04217213094234467,0.0421405965089798,0.04,0,True,0.04424771733590391,-0.053762542667230115
1060.56,12.005599975585938,-0.03939785435795784,3.098174619359458,0.0001104991167609646,-0.0002789667710649113,0.04619248999817759,-0.0003447221573026249,-0.001078580520159504,0.04534693866968156,0.047447218298912054,0.04,0,True,0.09744920254345532,0.009644532175356331
1060.58,12.004612922668457,-0.039353664964437485,3.0981667567303894,0.0001574095881692944,-0.00045195199442839154,0.04650802452327714,-0.0007408167127960063,-0.0027063164729082176,0.04722004145383835,0.04708365023136139,0.04,0,True,0.09378936333148354,0.0005804591427004705
1060.6,12.003730773925781,-0.03932134062051773,3.0981884278011087,0.0001868547901833685,3.2047100138150586e-05,0.0511403126054123,-0.000527492631633705,-0.0005064117018439767,0.045385413765907295,0.04539722353219986,0.04,0,True,0.10670471470615914,0.00610711905159406
1060.62,12.00269889831543,-0.039272285997867584,3.0981733683174557,0.0002855764967749363,0.0001203961380903017,0.053062012873494956,8.46656089037185e-06,-9.30040752687301e-05,0.045385413765907295,0.04539722353219986,0.04,0,True,0.14935502727167135,0.03318451558636644
1060.64,12.001514434814453,-0.03917817398905754,3.0981341064233106,0.0001863149727304473,-0.0003861255264151126,0.05472886717468682,-0.0001798465747234533,-0.000590010996031035,0.05278194278478623,0.05235245823860169,0.04,0,True,0.09569467920195081,0.007524433599708624
1060.66,12.000371932983398,-0.03917008638381958,3.098159316404368,-3.659412199855711e-05,-0.0004325827722302588,0.05845642670503394,-1.5355220715769762e-05,-5.155522599377155e-05,0.05791742622852326,0.056269724965095524,0.04,0,True,0.043124687284499225,-0.008847332007630241
1060.68,11.999357223510742,-0.0391167514026165,3.098141226921426,-3.196531476378622e-05,0.00020051915295224085,0.05879588694158316,0.0004113297643485868,9.554298613387665e-05,0.053573209643363956,0.05477273225784302,0.04,0,True,0.01139394675753369,0.006866069965491404
1060.7,11.998026847839355,-0.03906800597906113,3.098169243899376,-4.385048878719729e-06,-0.0003410490551192176,0.05651198785626156,-0.00030219778821539934,-0.0008007906358805173,0.05398729413747788,0.052806559503078464,0.04,0,True,-0.14142466578323928,0.013322153341552486
1060.72,11.996813774108887,-0.039006732404232025,3.0981417498622013,-0.0001002254531289477,-0.0004628380482947786,0.05564038291528869,-1.3248243300072356e-05,-4.0725398792222214e-05,0.06443768978118897,0.06548783898353577,0.04,0,True,-0.26980408263480615,0.004703794658994738
1060.74,11.995856285095215,-0.03894967958331108,3.0980952531534975,-2.8233565070200936e-05,-0.00011396823452223536,0.04714245344238509,0.00031386668025689974,0.001014217041329458,0.05759348899126054,0.05637169241905213,0.04,0,True,-0.32113263318095986,0.03077394753177356
1060.76,11.99491024017334,-0.03892234340310097,3.0981379688895228,-6.439853862394325e-05,-0.00018798344844078065,0.037211560330818294,0.00011383311752623639,0.0004718465588531134,0.04816140979528428,0.04563202947378159,0.04,0,True,-0.39425751988864555,0.0040227965527540495
1060.78,11.994257926940918,-0.03892909735441208,3.0982503812626825,-0.0002614702696058025,-0.00024736339504414877,0.03082137720180814,0.000534735688571962,0.0016611251666591284,0.04260615915060044,0.0440287321805954,0.04,0,True,-0.35857168803884704,-0.02169712960989117
1060.8,11.993839263916016,-0.03888650983572006,3.0981794975869095,3.965220584344587e-06,-4.288946734874871e-05,0.02409978132422573,7.378083395144291e-05,0.0002810983254278091,0.02995773255825043,0.03230432748794556,0.04,0,True,-0.22180606001113412,0.010163891191364885
1060.82,11.993391036987305,-0.038885582238435745,3.09822814316683,-6.206468613443937e-05,1.504126001167677e-05,0.018456718399303414,-0.0002217069880917097,-0.000721553327460257,0.02368502348661423,0.021967911422252656,0.04,0,True,-0.15820918662552766,-0.012528849087830148
1060.84,11.9929838180542,-0.03884456679224968,3.098160456755557,-2.6876499238214676e-06,-9.699924753836497e-05,0.019467075529943704,0.00041824254860292333,0.0012849578541615648,0.02820317074656487,0.022986811995506288,0.04,0,True,-0.08256897080438338,0.02727280180000574
1060.86,11.992783546447754,-0.03884736821055412,3.0981926569964857,6.641609349883934e-05,0.0006077248202770626,0.01816464227177744,0.0001852410152234765,0.0006588172396336281,0.020824799686670305,0.020835849046707156,0.04,0,True,0.01359858057195613,0.00987045748939011
1060.88,11.992281913757324,-0.03885231912136078,3.0982822942152426,5.6183219228221494e-05,2.6141994802059325e-05,0.017494263659862293,0.0007849576086917362,0.0024629224694324853,0.015090842097997667,0.015850202143192292,0.04,0,True,-0.0172682503082911,-0.034671508479926984
1060.9,11.991938591003418,-0.03883733972907066,3.098280848546001,-3.5318961377498636e-05,7.032974201389383e-05,0.019544604845062007,4.755423149776128e-06,6.808327169247782e-05,0.02507110118865967,0.024791205972433093,0.04,0,True,0.012156885007365162,-0.027923177427936135
1060.92,11.991582870483398,-0.038846708834171295,3.098357490553112,3.874967607901617e-05,2.1280576560673166e-05,0.018085615505277746,-0.00047263687594919785,-0.0014887628242379542,0.016617159470915795,0.01880186453461647,0.04,0,True,0.006511867199931003,-0.0374795312984234
1060.94,11.99122142791748,-0.03878004848957062,3.098198103658221,-7.256582647702169e-05,8.278233148828315e-05,0.01913719307236853,-0.0005036594029175242,-0.00157503695460558,0.01879317045211792,0.019036073833703995,0.04,0,True,0.01190855136902479,0.024639208420196342
1060.96,11.990838050842285,-0.038752008229494095,3.0981631931893037,-9.12215988841375e-05,5.165488539166044e-05,0.0180152130358563,-0.0002198393589071607,-0.0005354400344386597,0.01882986918091774,0.019213354885578158,0.04,0,True,0.03672928847223887,0.019315740252858368
1060.98,11.990410804748535,-0.038730669766664505,3.0981548455896326,-0.00010398904051097036,-7.416802790011391e-06,0.020497288954583123,0.0005997444511654404,0.0020392199453063927,0.019652000814676288,0.020078345686197284,0.04,0,True,0.004727160848657346,0.025229110279430353
1061.0,11.990143775939941,-0.038766566663980484,3.098314655350357,-0.0001138734452574538,0.0006026791401748749,0.021023958583054184,9.336614351908193e-06,5.649639598930976e-05,0.02065308138728142,0.021335715502500536,0.04,0,True,0.06507476543034005,-0.017574923230794008
1061.02,11.989581108093262,-0.038756776601076126,3.0983612412538455,-3.869841532739135e-05,-6.468443551365461e-06,0.019515365940260775,0.00012743920029697933,0.0004432918677470123,0.018084504157304764,0.018281843662261963,0.04,0,True,0.019150907764198758,-0.03923017163586148
1061.04,11.989157676696777,-0.03867998719215393,3.098167712900983,-9.486451301280902e-06,-0.00010552334215609057,0.02322119427027877,-0.0005762883530252784,-0.0019414338929009017,0.027622115015983585,0.027901365607976916,0.04,0,True,0.0031643179220111166,0.008511473264542985
1061.06,11.988850593566895,-0.03867338225245476,3.0981903089390523,-1.854131143640531e-05,0.0004248428954763271,0.02202936157571763,-0.0003342310382054485,-0.0010991937855596716,0.02163028582930565,0.021512865126132968,0.04,0,True,0.05019050832513878,0.00703348931219631
1061.08,11.988289833068848,-0.0386398620903492,3.098159340638925,-1.1856232622252915e-05,-5.85207469088383e-05,0.021277104016814843,0.00022798910792033993,0.0007374142571521293,0.01890376314520836,0.01946919769048691,0.04,0,True,0.016185761878359104,0.025502377470663775
1061.1,11.987821578979492,-0.038653597235679626,3.098273305751001,5.476493973042384e-05,-0.00018999151860198203,0.023530606606268226,0.00026465592275582025,0.0010059710127222053,0.02791359677910805,0.02770430982112885,0.04,0,True,0.04551639217722107,0.015426932002731111
1061.12,11.987456321716309,-0.03862430155277252,3.098226706041555,5.712996434657916e-05,0.00030872935662073895,0.02451605522054632,0.001478750698102111,9.87563047503449e-05,0.02350167900323868,0.02347619652748108,0.04,0,True,0.09058984395176614,0.01928248321816569
1061.14,11.986968994140625,-0.03861301392316818,3.0982707866200703,-0.0002885781944761679,0.00033176083523694293,0.025670672949902353,0.0018189837181624736,0.00013496077466120256,0.0208748696744442,0.021845241934061052,0.04,0,True,0.054248086752977494,-0.016082540954687738
1061.16,11.98632526397705,-0.038673024624586105,3.098167241143305,0.00019387208944100497,-0.00010936598523760067,0.02852429153297014,0.0006768281810955135,0.0022800129146083657,0.029562446475028994,0.025381443947553636,0.04,0,True,0.05843849356917842,0.041241591133656275
1061.18,11.985763549804688,-0.03871003910899162,3.0982841026129737,0.0003137978951658217,-0.00016965888823573967,0.027870453546514812,6.859323556652509e-05,-0.00028063226365530034,0.02828754767775536,0.028163764178752902,0.04,0,True,0.059544559680271475,0.006325698320863363
1061.2,11.985174179077148,-0.03857933357357979,3.098409107074724,-0.0002671170634500614,-0.0003023382642962749,0.029191134706089628,-0.00039957153489705616,0.0033980835954492234,0.02813647717237473,0.029711498618125918,0.04,0,True,0.013334868233751894,-0.0409499211843846
1061.22,11.9847412109375,-0.038521964102983475,3.098248336038978,-0.000382686118804539,0.0003558750685107609,0.03043423772431974,-0.0015436879941211682,0.0006410166403298113,0.029308402985334398,0.022594993114471437,0.04,0,True,0.07835029995760757,0.01806894734553655
1061.24,11.983993530273438,-0.038540273904800415,3.0984390878309407,-6.011262422783039e-05,-0.00014420288227575,0.029591080991669322,-0.00026772457628208846,-0.0009959807801394225,0.029308402985334398,0.022594993114471437,0.04,0,True,0.05967204587704899,-0.059916620458980906
1061.26,11.983336448669434,-0.03848116099834442,3.0983353839442,-8.151743633826814e-05,-0.00027769084152541346,0.03413847754311772,0.0016363186245756654,0.001164883523986309,0.029308402985334398,0.022594993114471437,0.04,0,True,0.058826101582490686,-0.007575704200013424
1061.28,11.982810020446777,-0.03845581039786339,3.098329428612313,-0.0001158762093218129,0.0003498252023369649,0.033964898376249206,-0.00041790535220751304,-0.0013952460412648892,0.03257702544331551,0.03231132343411446,0.04,0,True,0.1095882120836219,0.0160951425827048
1061.3,11.982007026672363,-0.03853464499115944,3.0983415267208967,0.0003460728090650265,3.874662760886109e-05,0.035140325850914714,-7.57212910654486e-06,3.496030432928858e-05,0.02996959656476975,0.02955535560846329,0.04,0,True,0.059122017161223735,-0.029934516078561
1061.32,11.981280326843262,-0.038389354944229126,3.0983274681476396,-4.481632921773555e-05,1.8393221949937286e-06,0.0383581379583511,8.193614330056533e-05,0.00029163062647579054,0.03808193385601044,0.04075407445430756,0.04,0,True,0.08224342158333563,0.018814512789708034
1061.34,11.980527877807617,-0.03835900500416756,3.0983381807685464,-7.613338800941497e-05,8.432765362560097e-06,0.038868238916011315,-0.0017794297478748585,-0.001229877762296393,0.03448585584759713,0.03910072594881058,0.04,0,True,0.07008732447541428,-0.01031043460958694
1061.36,11.979743957519531,-0.03832963481545448,3.098352759062431,-0.0001348133135324622,2.035299485209688e-05,0.04054437210291007,1.946156742555524e-05,0.00010991498191038468,0.038306980729103095,0.038181483447551734,0.04,0,True,0.048421174892865876,-0.006713649930210572
1061.38,11.978906631469727,-0.03825796768069267,3.098243136499913,0.00012759209145328624,-0.00017640629617126255,0.04074731180895869,-0.00025338256364422626,-0.0007898744644392608,0.03986260920763016,0.03969606459140778,0.04,0,True,0.06576295400609027,0.045082197232586656
1061.4,11.978039741516113,-0.03825070336461067,3.0983362613461924,0.00023020349772826104,-0.00030166938529899514,0.04223183194978786,-9.620586834675651e-05,-0.0002454613679420933,0.04239366680383683,0.041473249793052676,0.04,0,True,0.07268801500849587,-0.0141573988924986
1061.42,11.977272033691406,-0.038197487592697144,3.098274990811391,-0.00015119270379926618,0.00012892101003018908,0.044129275236508704,0.00072692575439766,0.00237669801631751,0.042066197693347934,0.042488977313041694,0.04,0,True,0.11191212021846339,0.007111958089097011
1061.44,11.97636890411377,-0.03817584738135338,3.0983331221529955,-0.00026411378062263577,0.00025012566875528387,0.04635941330360098,-0.0003504090377047203,-0.0010226769294916923,0.04140975326299668,0.04007326155900955,0.04,0,True,0.10186490416444813,-0.022202844028367513
1061.46,11.975377082824707,-0.038163188844919205,3.098433272341218,-3.0754419748389716e-05,0.00018645115372558746,0.04970028142642762,-7.718809731061546e-05,-0.00022091781731201735,0.04683437049388886,0.046944407224655156,0.04,0,True,0.11365692698304057,-0.04859713035676962
1061.48,11.974335670471191,-0.038062307983636856,3.098254447191833,0.00018606780416529123,-0.00017942071076546524,0.050381024282936296,-0.0006324039415863212,-0.0020216888902098787,0.05038750797510148,0.050745768845081335,0.04,0,True,0.10774544524257115,0.012694540595265865
1061.5,11.973299980163574,-0.03801976889371872,3.098257317386006,0.0002958499506927825,-0.000258901544378618,0.05322182939514368,-0.00037950895410201026,-0.0015110724122205242,0.05210512280464173,0.0511028802394867,0.04,0,True,0.0770526818909681,0.014778518452217797
1061.52,11.972344398498535,-0.03795068338513374,3.098171387041779,-0.00017431069141797913,0.00015943199672954842,0.05497904892299883,0.00010165229155900462,-7.113681871346675e-06,0.05068616509437562,0.050539653897285465,0.04,0,True,0.1190943523502818,0.03719984304373197
1061.54,11.971124649047852,-0.037948403507471085,3.0983123865482405,0.00012091008278558354,-0.00019056543580647634,0.05586449597769946,0.00031267244961995797,0.0009613636588643311,0.05018898874521256,0.048728983700275424,0.04,0,True,0.05938889143156801,0.00267515556145113
1061.56,11.969941139221191,-0.03787951171398163,3.0982538780972835,0.00015909874803583706,-0.00025739091384661836,0.059908572470950175,0.002813002377256913,0.0009542985532859724,0.058248402178287514,0.059394404292106635,0.04,0,True,-0.012993658106625845,0.006290204518221633
1061.58,11.968833923339844,-0.03785139322280884,3.0983342264787153,-0.00021338826443636762,0.00021081130068190075,0.0579729407096648,-0.00043369462759553596,-0.0012970599673046285,0.0581991395354271,0.05764110773801804,0.04,0,True,-0.0910784030562166,-0.015647708567855072
1061.6,11.967546463012695,-0.03796786814928055,3.0982477309260417,0.0001760239949295882,-5.543929492585315e-05,0.05393955627446971,0.00012983534565951449,0.0004961026795859263,0.05880895614624024,0.05562795460224152,0.04,0,True,-0.2545415215058253,-0.003341148800774412
1061.62,11.966492652893066,-0.037713177502155304,3.098208621750856,-4.679896359977346e-05,4.4981623168666024e-05,0.04857822373320876,-5.563208480615332e-05,-0.0002904530265629362,0.05189154982566834,0.0503796410560608,0.04,0,True,-0.338184647823132,0.06940683299697088
1061.64,11.965629577636719,-0.037702906876802444,3.0982935663116504,-0.00017231320765348832,2.852664073804371e-05,0.039545250750444794,-0.002254689182649502,0.0006870066492235029,0.05189154982566834,0.0503796410560608,0.04,0,True,-0.35736586733675296,9.420856450868892e-05
1061.66,11.964951515197754,-0.037678398191928864,3.09831099023659,-0.0002262556024580305,-5.895486600048568e-05,0.030918168883761952,0.0013293311810703074,0.004255486672463773,0.039616569280624396,0.04030797779560089,0.04,0,True,-0.3317711584750966,0.006089415584745288
1061.68,11.964393615722656,-0.03765072301030159,3.0983026914579797,-0.00038229046643823594,-0.00023643931904102886,0.02535028688747422,0.00012563221952428057,0.000503639364746636,0.03273154750466347,0.03328640311956406,0.04,0,True,-0.27090656576063993,-0.006795191695082191
1061.7,11.964016914367676,-0.037712402641773224,3.098549060684654,-0.00014017086601475625,1.665926716910193e-05,0.022036531055149737,4.266004171375173e-05,0.00019670022021762838,0.026657366007566456,0.026749768406152726,0.04,0,True,-0.14581566209760952,-0.037893979514037515
1061.72,11.963603019714355,-0.037625182420015335,3.09833385746083,-0.00017883178509621765,-8.356033727468925e-05,0.01787272548961331,3.575654123057941e-05,0.00014339131361742192,0.019554714709520343,0.020615535676479342,0.04,0,True,-0.07955641566943437,0.024511635803348322
1061.74,11.963190078735352,-0.037605948746204376,3.0983267262542076,-0.00029474320593413306,-0.00025861169470846665,0.0192529159159638,0.0004023286510991947,0.0012239683113435293,0.0211142797768116,0.020969017148017886,0.04,0,True,-0.06758588717471258,0.0010598531963881682
1061.76,11.96296501159668,-0.03759174793958664,3.098314162763069,-0.0004342364271511367,0.0003498733401928662,0.018985773633925257,0.0007850410330109444,0.002464570229012718,0.01982520967721939,0.0201519350707531,0.04,0,True,0.024639666964873855,0.04216750737564455
1061.78,11.96247673034668,-0.03767793998122215,3.0986469781495614,-0.0001438848000048791,-0.0001230573516968749,0.01662966008117765,8.030807657116116e-05,0.0002814884759286047,0.015009687244892121,0.01439948730170727,0.04,0,True,-0.0033648885216887724,-0.03644596865623152
1061.8,11.962082862854004,-0.03762221336364746,3.098531023079151,-0.00019555541821944587,-0.0003407699989512605,0.019843898846801426,0.0013614030324862055,0.0035167919036659177,0.018898620754480365,0.01894830167293549,0.04,0,True,-0.01741000003601004,-0.025283546776422933
1061.82,11.961860656738281,-0.03755525127053261,3.098349245332282,-0.00028729501388837333,0.00028773126559161684,0.018983724834228943,-0.0005464218680903642,-0.001691709181152341,0.01466038540005684,0.014479578733444215,0.04,0,True,0.04022738309666502,-0.009625530133436517
1061.84,11.961374282836914,-0.03763221949338913,3.098595506115362,-2.2991452949343384e-05,-7.390893673765287e-05,0.01759297363104572,0.0001548630672828092,0.00044188648690072303,0.01466038540005684,0.014479578733444215,0.04,0,True,0.014888905151274754,-0.022809163226884113
1061.86,11.96096134185791,-0.03756861388683319,3.0985116414150693,4.038236261121024e-05,-0.0002462331801960881,0.019847850728907924,-0.0006680655814333628,-0.0004885539347456164,0.02234172359108925,0.02459749221801758,0.04,0,True,0.011356697925660181,0.04198951109067089
1061.88,11.960676193237305,-0.03757409378886223,3.098566373998103,4.6246588990607166e-05,0.00032938525271759714,0.02103501125890571,0.00030165433292468516,0.001692058845511662,0.020481481999158863,0.02048977762460709,0.04,0,True,0.06790839358687227,-0.06657904860185526
1061.9,11.96027660369873,-0.03743347153067589,3.098310161017502,-0.0003296885162756416,0.00035347701771089237,0.019892260668283514,0.0005176843256616544,0.0016674517061078223,0.01704256609082222,0.017162640392780305,0.04,0,True,0.07332785205135559,0.028183625523671034
1061.92,11.959692001342773,-0.03758394718170166,3.0987308708230032,6.248964861618063e-05,-0.00022487849698852233,0.023025645118006,-0.0016016945775250396,-0.004884437401257992,0.024258509576320652,0.026970468759536747,0.04,0,True,0.05088854296949084,-0.041795384038855556
1061.94,11.959369659423828,-0.03754113242030144,3.098645037551558,0.00012778655394801407,0.00027670575231139935,0.02571407889302771,0.0010927796886962269,0.0017661361071524238,0.024258509576320652,0.026970468759536747,0.04,0,True,0.08293528985885902,-0.07835752425822132
1061.96,11.958841323852539,-0.03736714646220207,3.098175619006003,-0.00020757372152898674,0.00030930012877605827,0.025106094696461273,-0.0005677612793571053,-0.0016515718775937415,0.019282766729593278,0.020187635570764542,0.04,0,True,0.045770370159708404,0.07541796006663001
1061.98,11.95821762084961,-0.03743249177932739,3.098451451906074,0.0001450730225582931,-0.00011597737585974698,0.0265270838569862,-0.0014325241724277042,-0.004601150234544182,0.028965758085250856,0.026890917122364046,0.04,0,True,0.02926663679258247,-0.035864643613890704
1062.0,11.957687377929688,-0.03745139390230179,3.098598745072796,0.0003295317227967661,-0.00019701075046177756,0.026687274730779344,0.00038216876084141266,0.0011489994040669207,0.028542810529470445,0.031434663683176045,0.04,0,True,0.0532602771788133,0.02162358976893811
1062.02,11.957254409790039,-0.0373351126909256,3.098276945532795,-3.58623944996514e-05,0.000271792111337236,0.028055409836432177,-0.0003443573295595797,-0.001103035381956223,0.0271379229426384,0.02709449738264084,0.04,0,True,0.05546748210774429,0.04547063872291313
1062.04,11.956707000732422,-0.03730592876672745,3.098267538958328,-9.210936056399965e-05,0.00045786956929097446,0.029366916870762462,-0.0025222265147256907,7.831530391973391e-05,0.026895513981580736,0.02468020021915436,0.04,0,True,0.09338947651246594,0.053363959368224384
1062.06,11.955976486206055,-0.03730778023600578,3.0983632090755178,-5.386187066213014e-05,-0.00011622540894582571,0.030964482425601708,-0.00029304537438229646,-0.0009634991367144399,0.03059939339756966,0.03044927835464478,0.04,0,True,0.051163299503623756,0.07914248301123235
1062.08,11.95534896850586,-0.03714805096387863,3.0986050102971094,-0.00025916650930351214,-0.00025671596158783293,0.034158432851769824,0.0017282097306507394,0.005418116153520989,0.03544838309288025,0.03590333551168442,0.04,0,True,0.05169587658206817,0.009418797406098094
1062.1,11.954780578613281,-0.03720463812351227,3.098199865601858,-0.00014011199013820073,7.460258569515534e-05,0.032148473796718355,0.001574404453255406,0.005228363258936606,0.03112173512578011,0.031028012186288836,0.04,0,True,0.06010133315601239,0.09080515277207454
1062.12,11.953970909118652,-0.0373266227543354,3.0987009882506094,0.00018580042915388288,-0.0004316423192065284,0.033502586997324155,0.0028313327343529406,0.0008318190964068961,0.03369615882635117,0.03325178220868111,0.04,0,True,0.03832561471401562,-0.06668137877079562
1062.14,11.953401565551758,-0.03732204809784889,3.0987814781362335,0.00029362800215173754,0.00014915524323953495,0.03577258907809199,0.0019295101658699432,0.006300913085065564,0.03553257435560227,0.03829249441623688,0.04,0,True,0.10430825560462444,-0.07530679718823018
1062.16,11.952661514282227,-0.03725942596793175,3.098671555824822,-0.0001605694550855863,0.00017629725604175316,0.037224482028897,0.0017391771602475058,8.360585184702889e-05,0.030160996764898303,0.03104438647627831,0.04,0,True,0.09413356891730834,-0.022331929608546464
1062.18,11.95191478729248,-0.037236377596855164,3.098703938648664,-0.00027648992200770146,0.00031785461318408533,0.04049313424510444,-0.00019091585458484044,-0.0007961805161334515,0.039470800757408143,0.038163400590419776,0.04,0,True,0.08821800715741492,-0.08759659425636655
1062.2,11.950989723205566,-0.03733785077929497,3.098707676718757,0.00023664443860437444,-0.00015741554137051317,0.041033272510723376,-0.00026572141538959036,-0.0009547352722802739,0.03987306088209153,0.039551660418510444,0.04,0,True,0.07471702065860379,0.03854295460834303
1062.22,11.950165748596191,-0.03716789558529854,3.098717783694943,-0.0001831938575190754,-0.00024723546795000524,0.042830029650678766,0.00012751501282622676,-0.0007068144554373869,0.03987306088209153,0.039551660418510444,0.04,0,True,0.056077619503815644,0.042935580728134914
1062.24,11.949382781982422,-0.03709745407104492,3.0985951770030398,-0.00018299146418405092,-2.578214187032403e-05,0.043201843681579866,-0.0026856352399893886,0.003167042220511667,0.03513806223869324,0.042784532308578496,0.04,0,True,0.08478841559116553,0.03954244894431834
1062.26,11.948491096496582,-0.03709970787167549,3.098647393492229,0.0002812749464026453,-1.6221411334486902e-06,0.04497934380540561,-0.0010168190518758213,0.0026386659421142175,0.03513806223869324,0.042784532308578496,0.04,0,True,0.08520350836164008,0.044659015384860466
1062.28,11.947546005249023,-0.03697463870048523,3.098961040096398,-0.0001902837573354385,-4.464630445068661e-05,0.04781634575801045,0.0004247867130199412,0.002208660643262316,0.04525517046451569,0.04523631364107132,0.04,0,True,0.09956074860144006,-0.04289725389337338
1062.3,11.946574211120605,-0.036932140588760376,3.098928876970312,-0.0003669096692056938,-1.3346097085724816e-05,0.04964631031960377,0.0003229055576609138,0.002865906775348201,0.04303007155656815,0.048790235519409184,0.04,0,True,0.09763249801804198,-0.03163540527990093
1062.32,11.94555950164795,-0.036968376487493515,3.0987718698545006,0.0001598615205263006,-1.7654690554047362e-06,0.051166703569687826,-6.67460443618934e-05,-0.00026473809095508216,0.050939283370971686,0.051106005311012274,0.04,0,True,0.10345354568532873,-0.013416773868980339
1062.34,11.9445219039917,-0.036956120282411575,3.098876666034257,0.00029029988667533,0.00015247936346407764,0.052789943646841864,-8.429242958512672e-05,0.00010783351972444541,0.050939283370971686,0.051106005311012274,0.04,0,True,0.10505504203633335,0.01769464456489644
1062.36,11.943456649780273,-0.03679407760500908,3.0989398610491214,-0.00015920566717924248,0.00025671910777782896,0.05609262941282922,0.0005280337640957756,0.0011353187337448652,0.050338266193866735,0.05381086319684983,0.04,0,True,0.09067463478126732,0.05160202298864082
1062.38,11.942355155944824,-0.03674506023526192,3.09893750365189,-0.0002401620564689589,0.0005138903045014726,0.058050713682526685,-0.0014585648859750592,0.004281478340542652,0.05523211359977723,0.05555220186710358,0.04,0,True,0.009751276267627965,0.022400430386407606
1062.4,11.94107437133789,-0.03681923821568489,3.0988626953532004,0.0003429274341519792,0.0002472300752193319,0.05842067435220323,-0.00033713911982666354,0.003863423748144162,0.057672258317470554,0.057566431462764744,0.04,0,True,-0.10902550199385176,0.058110033699982105
1062.42,11.939887046813965,-0.03664150834083557,3.099219184301501,-8.441124113709394e-05,0.0002118542493895152,0.05357004574825361,-0.0004917517533154347,0.0018998679506405174,0.05398171782493592,0.06515447020530701,0.04,0,True,-0.2417799967230612,-0.06823285420944047
1062.44,11.938788414001465,-0.03656748682260513,3.0992489349489736,-8.303994669184398e-05,0.00032826415168597616,0.04737058925330422,-0.001174642135391007,0.005784121429752418,0.05424321830272675,0.06302665948867799,0.04,0,True,-0.35809547343632064,-0.04835645825389878
1062.46,11.938075065612793,-0.0365242138504982,3.099089493087941,-0.0002240919984760028,0.0005040767989196556,0.03870831394469938,-0.0003243785066014879,-0.001177149996207621,0.057710295319557195,0.05562929183244706,0.04,0,True,-0.3317400468767597,0.003806257050452384
1062.48,11.937292098999023,-0.03656493127346039,3.09932542506758,0.00024188794959186901,0.00020327907679417278,0.029773036477323635,0.00047602355859413384,-5.0929121642219985e-06,-0.06036405891180039,0.04395673036575318,0.04,0,True,-0.33795818545113854,-0.09827305188028602
1062.5,11.93679428100586,-0.0364840030670166,3.0991250123018044,-1.4077766526895457e-05,0.0001439991465454265,0.027030841998136972,0.0007112558089625215,0.002204368514676431,0.02891031622886658,0.026124465167522433,0.04,0,True,-0.2535999065130138,0.04022859434669003
1062.52,11.936407089233398,-0.03650489076972008,3.0992485275160004,-3.2121763640990895e-05,0.0002378731192676669,0.02033393441723773,-0.0006209666441164558,-0.002077722720663313,0.02891031622886658,0.026124465167522433,0.04,0,True,-0.13302103829477277,-0.040364856594217326
1062.54,11.935912132263184,-0.03648925572633743,3.099265842569115,-9.216398630015418e-05,-0.0003184005888773477,0.018420321423676733,0.0006128637523259365,0.0020411375515246547,0.021688532531261445,0.021968659311532978,0.04,0,True,-0.1392744219822358,-0.07276501429515826
1062.56,11.9356689453125,-0.03644643723964691,3.099159207249927,3.542456447380914e-05,7.056932442436645e-06,0.01913135341375149,-0.0009581578079315599,-0.0032342814396986714,0.0233287987112999,0.023580142706632615,0.04,0,True,-0.03969966457141349,0.04998628755736358
1062.58,11.935319900512695,-0.03647063300013542,3.099288303305926,0.00014184567497302328,2.445614567857006e-06,0.01588888823956824,0.0017859381736232778,-0.003616832628930936,0.01703228756785393,0.012586738765239717,0.04,0,True,-0.012059944719959534,0.018622534997450615
1062.6,11.934881210327148,-0.0363633818924427,3.098989785000825,-0.0002657757026570995,-0.00040094987676306205,0.017157961251527538,0.0005575249193041517,0.0019211802839221366,0.018403329253196717,0.017932298779487613,0.04,0,True,-0.03428844942348461,0.10482186862231906
1062.62,11.934636116027832,-0.03657824546098709,3.0989764959588006,0.0004114206275463727,5.930439375935424e-05,0.017455525846080847,0.0011343109697384527,0.003530940351319349,0.021744054704904557,0.021810653358697894,0.04,0,True,0.014909313215840544,0.0885116084731131
1062.64,11.934295654296875,-0.03643253818154335,3.0993129016726413,-0.00016350352689249416,2.763739744789856e-05,0.01638827745986742,0.0015456219404592414,0.005151468050103061,0.011310854256153108,0.0192980332672596,0.04,0,True,0.01941857777230025,0.005392801945968143
1062.66,11.933920860290527,-0.03650180250406265,3.0995707785340323,0.00015975523029499326,-2.5068610251141637e-05,0.01708163329683779,-0.0018860029266846256,0.003464096048931797,0.020202885419130328,0.01899624586105347,0.04,0,True,0.02090421804946589,-0.08878171281769565
1062.68,11.933566093444824,-0.036431506276130676,3.099401902444834,0.0002901203434830818,-6.725926343073845e-05,0.01871144747331456,0.000781995487539612,0.002352604439600422,0.0191051821410656,0.019261338710784913,0,0,True,0.0017292556073319365,-0.07585064307829784
1062.7,11.933277130126953,-0.03637009114027023,3.0992536236427157,-0.00015343777368055932,0.00027466269523428036,0.01912786329004135,-0.0011613610369417301,-0.003571596674110029,0.0191051821410656,0.019261338710784913,0,0,True,-0.020657206785240384,-0.033832703227745314
1062.72,11.9327974319458,-0.03643190488219261,3.099501110027809,0.00018437118663071773,-0.0001016136031815478,0.01652661790845385,-0.00031878777528171975,-0.0009165833961552471,0.019222524613142014,0.01657049670815468,0,0,True,-0.13307164095281818,-0.04958738888361651
1062.74,11.932395935058594,-0.03634420782327652,3.0992850508001037,-9.317460800157166e-05,-0.00030467080000067307,0.015429056754020062,0.0002466426164772129,0.0007574797907146331,0.021721751540899278,0.02405525475740433,0,0,True,-0.23169047201307955,0.06037253729826321
1062.76,11.932246208190918,-0.03635039180517197,3.0993285757731415,-3.7300218580553985e-05,0.00036045178701956526,0.008065716197098787,-0.0005634700211795604,-0.001614386671085291,0.02224056974053383,0.019563108384609226,0,0,True,-0.2602312516600957,-0.0028888459509321214
1062.78,11.932043075561523,-0.03633759915828705,3.099314222025973,2.2649125155709316e-05,8.081138791773993e-05,0.0005926255290118439,0.0003755140955325593,0.0012582063097466352,0.011427519768476488,0.01007620431482792,0,0,True,-0.3157980356890693,-0.0021552575511130457
1062.8,11.932154655456543,-0.03635960444808006,3.0993719590941224,5.7850316948004826e-05,0.00011645520893677276,-0.004291882224334869,-0.00036480836886926043,-0.0011476910722296066,0.010683713108301164,0.009712143391370774,0,0,True,-0.2649415660118033,0.029897682694317702
1062.82,11.932347297668457,-0.036372218281030655,3.0993857073048834,0.00012827642976001593,0.00019516473578775213,-0.009834786101082507,0.0017705552044276743,0.0005850591866257463,-0.0030531745404005052,-0.0035722493380308156,0,0,True,-0.19997327354361694,-0.004359740676430908
1062.84,11.93259048461914,-0.03633572533726692,3.099236760487363,-0.00022650011194415103,0.0001715568152773267,-0.0131296090838262,0.00011363309468360376,0.0007774279444579498,-0.007830899357795715,-0.00791219711303711,0,0,True,-0.14169047372905147,0.051016535250591036
1062.86,11.932823181152344,-0.03651231527328491,3.099361026760903,0.0004582168857420344,0.00012138490886618477,-0.015405236354462962,0.00031981622899654514,0.0009094270556324798,-0.008577678278088571,-0.000692051574587822,0,0,True,-0.09145404079294672,0.01021879962690786
1062.88,11.93320369720459,-0.03641316294670105,3.099434153329679,9.925924604806503e-06,0.00019253246940929323,-0.015627120122680895,0.0007730432055879775,0.002933631747825564,-0.011811362728476526,-0.010777699947357179,0,0,True,-0.07096486369849132,-0.02957757951388181
1062.9,11.933577537536621,-0.03644981235265732,3.099458461469334,0.0001020088602619448,0.00031848233655404443,-0.017151109364532385,-0.0012841836921581027,0.001402563156779955,-0.012138934060931207,-0.02529852315783501,0,0,True,-0.049340736425568424,-0.061394227581545245
1062.92,11.933836936950684,-0.03645020350813866,3.0994714510271897,3.6864111363807104e-05,-0.00014051184168904483,-0.018806798179716477,-0.0005012904911281834,-0.0015887784166571679,-0.01593241207301617,-0.016180325374007227,0,0,True,-0.05602343072246161,-0.09066754516665575
1062.94,11.934198379516602,-0.03646746650338173,3.0994732318134455,8.862755857679057e-05,-0.0002789556172282209,-0.019352495268516064,-0.0014254103361412624,-0.004002111150900632,-0.012644356489181519,-0.013644002303481104,0,0,True,-0.07213574716661546,-0.03770691339543208
1062.96,11.934708595275879,-0.036436449736356735,3.0993070510563467,0.00018413120906540613,0.00020168200460238817,-0.020108994580473747,0.0006646242162265796,-0.004319771865500298,-0.018680012822151187,-0.01867688983678818,0,0,True,-0.04980736917944326,0.03152704347939201
1062.98,11.935129165649414,-0.03640107065439224,3.0991382925772624,-0.00017511138462510562,0.00019419226350458118,-0.022921969137856373,-0.0005332292372572066,-0.001613989914851868,-0.022198799550533298,-0.022628073394298554,0,0,True,-0.03720376353132964,0.08740540496656535
1063.0,11.935441970825195,-0.036571331322193146,3.09912586927795,0.00027473787109810353,-0.00028035952183531746,-0.022791387714068315,0.0003247305213570685,0.0009333850616918989,-0.016521419733762744,-0.019072062224149706,0,0,True,-0.0764674700885395,0.06743822987804793
1063.02,11.93603229522705,-0.03650267422199249,3.0993441126202574,-2.2809496710509693e-05,9.095901038432053e-05,-0.02232879635101973,0.0009607036691684954,0.0029903212464182367,-0.019253264218568805,-0.016482988446950914,0,0,True,-0.049795593376099706,0.03014190913334867
1063.04,11.936529159545898,-0.03653981164097786,3.099381721861282,-2.977555104457853e-05,0.0001418952163006212,-0.026226392187551344,-0.001675332915272264,0.0010752865247386288,-0.022808611989021302,-0.022691584527492526,0,0,True,-0.0586496541578795,-0.03896019445434754
1063.06,11.936910629272461,-0.03655330464243889,3.0993775182769756,-0.00010418299650989674,-0.00044796763146551867,-0.026905616607940726,0.00028130534461183335,0.0007973628158138326,-0.020404956340789798,-0.02042103543877602,0,0,True,-0.08075016939393298,-0.02654726621879458
1063.08,11.937543869018555,-0.03652596101164818,3.099211892199929,4.820325030390965e-05,-0.00014573435873700073,-0.027483360046694407,-0.0007312170377767649,-0.00218343049465307,-0.020404956340789798,-0.02042103543877602,0,0,True,-0.019202474480638686,0.006572461389947087
1063.1,11.93818187713623,-0.036615997552871704,3.0994079016455225,0.00028787911427630007,0.0001422310702210668,-0.02878880990252849,0.00023516536697040747,0.000866539948916602,-0.02707924753427506,-0.02931671112775803,0,0,True,0.035640109470655074,-0.05222117417932181
1063.12,11.938728332519531,-0.03657452017068863,3.09920704742171,-0.00018375870046364858,-4.397350035638618e-05,-0.02776259014600104,0.0005072995767227229,0.0016010834359339175,-0.02707924753427506,-0.02931671112775803,0,0,True,0.11782426265231849,0.053178291900487756
1063.14,11.939210891723633,-0.036669228225946426,3.099446841472889,8.687842150794247e-05,-0.00017679979371220775,-0.02405440785028281,0.001991325493050814,-0.0033803311185399863,-0.026464201956987385,-0.027754415273666386,0,0,True,0.20983544334811036,-0.03636563292698653
1063.16,11.9397611618042,-0.03666061908006668,3.099339978874804,0.00026951482045105274,-9.133283481711955e-05,-0.01805741903449071,0.0006813176908531917,0.0020708328573941725,-0.02409885972738266,-0.025271466672420504,0,0,True,0.3047537579462757,-0.0152359061446308
1063.18,11.94009780883789,-0.03685624152421951,3.0991374751560388,0.000473875957295677,-7.322864113198693e-05,-0.01200197443464722,-0.0005922554973577756,-0.002042710685247943,-0.02545871958136559,-0.02588916584849358,0,0,True,0.3092625341929095,0.0916780709603793
1063.2,11.940169334411621,-0.03668999671936035,3.099372714050302,0.0003204173633218265,8.125302997859991e-05,-0.003382289510251869,0.00041636037121523363,0.0003822109443610978,-0.0163408013433218,-0.015453249216079714,0,0,True,0.24329417716567123,-0.03426268656450945
1063.22,11.94017219543457,-0.036662641912698746,3.0992834246180694,-6.990251879411698e-05,0.00010157340419268796,0.00068659488512745,-0.0018444286250491925,0.003953914558283688,-0.0163408013433218,-0.015453249216079714,0,0,True,0.1460629164959874,-0.0009299725677747488
1063.24,11.940030097961426,-0.036705318838357925,3.099370555750353,3.488961527297996e-05,-3.8788101196821825e-05,0.0014061151387452853,0.0008900928741840733,-0.0006701820677640903,-0.00027060631662607194,-0.000907670557498932,0,0,True,0.05976937875182596,0.003385223910987774
1063.26,11.940049171447754,-0.03670649603009224,3.099453788320701,4.881754629638571e-05,-2.0459521757106963e-05,-0.00031694111497885413,-0.0004065443424580544,-0.0021171084906698554,0.006205571927130223,0.008950565233826637,0,0,True,0.04298046470229687,-0.06802588594748021
1063.28,11.940053939819336,-0.03675639256834984,3.0993190994848807,0.0001514171215993384,-0.00015488887993105727,0.0013992607898898595,-7.71873409449118e-05,0.0006530288572398734,0.0004335992410779,-0.00012279491871595383,0,0,True,0.05707165416711809,0.014801628501647518
1063.3,11.94019889831543,-0.03663121536374092,3.099114055938816,-0.00032265067934240255,0.00027782693340441914,0.004125032061308072,-0.0004830093965265094,-0.0014881563175097802,0.0003245694097131491,-0.0031176578253507615,0,0,True,0.13758721905565602,0.07141447536093908
1063.32,11.939918518066406,-0.036694418638944626,3.099422798058932,8.269544778486071e-05,7.469827248933602e-05,0.00597184747211058,-0.000992394012602462,0.000513948212366634,0.0004477576352655888,0.004987121168524027,0,0,True,0.05661323034873485,0.008314845498759651
1063.34,11.93972110748291,-0.036653876304626465,3.0993347358153005,-0.0001327355669012935,6.188516071650692e-05,0.010690036409463618,0.0008621558520255668,0.0035960495382000744,0.011528996452689172,0.01351857751607895,0,0,True,-0.01127080072180369,0.026061939330614833
1063.36,11.939579963684082,-0.036656931042671204,3.09936021534187,-0.0003077330824867247,3.0122842815951965e-05,0.005928319217784528,0.0003218727000179101,0.0013182164971400406,0.009951447099447251,0.009628190994262696,0,0,True,-0.05568702361454908,0.026363268989683962
1063.38,11.93934154510498,-0.036663997918367386,3.0994017399018725,-0.000183748054101073,-0.000493682135985151,0.0032233680035620342,0.00023880075503278163,0.0005967988289434358,0.005490146987140179,0.009822386130690575,0,0,True,-0.15641231071794992,-0.021988904636132855
1063.4,11.939443588256836,-0.03670012205839157,3.0995282553787034,6.671874121365765e-05,-0.00019553249376287152,0.0015168855829380437,0.0008127315436239261,0.002623009731545427,0.009659701958298685,0.008825923278927804,0,0,True,-0.08072237486080602,-0.013284034877736968
1063.42,11.939462661743164,-0.036662086844444275,3.099382479721616,0.00010708050369049793,-6.172377665130798e-05,-0.0018229484479965598,0.0005039249595028283,0.0018369371673060463,-0.00320990689098835,-0.005645338445901872,0,0,True,-0.04418270834530126,0.018511132394621238
1063.44,11.93945598602295,-0.03671678900718689,3.099570056120394,0.00010207332268695089,-0.00012043247369205403,-0.0005294707710924341,0.00010669948537635216,0.00025549370691902915,-0.00042024023830890657,0.00030345216393470767,0,0,True,-0.02353458477821831,-0.036125316197039015
1063.46,11.939485549926758,-0.036710429936647415,3.099548694875257,8.771747582999495e-05,-0.00017530967175158625,-0.0003112486640588518,0.0005917293028654767,0.002077689420511788,0.0004644523141905666,-8.920550928451122e-05,0,0,True,0.022786855599977722,-0.022961714591346463
1063.48,11.939485549926758,-0.036710429936647415,3.099548694875257,8.771747582999495e-05,-0.00017530967175158625,-0.0003658811993177087,-9.495085376854548e-05,-0.00026701556421506595,-0.0011682168766856194,-0.0014805038738995792,0,0,True,0.006618384638661446,-0.0031936713364907688
1063.5,11.939485549926758,-0.036710429936647415,3.099548694875257,8.771747582999495e-05,-0.00017530967175158625,0.0,-0.0,0.0,0.0012918716855347158,0.00277240039780736,0,0,True,0.0038906083007391864,-0.02597111775642097
1063.52,11.939485549926758,-0.036710429936647415,3.099548694875257,8.771747582999495e-05,-0.00017530967175158625,0.0,-0.0,0.0,0.0012918716855347158,0.00277240039780736,0,0,True,0.004573514991475518,0.00333769455269136
1063.54,11.939485549926758,-0.036710429936647415,3.099548694875257,8.771747582999495e-05,-0.00017530967175158625,0.0,-0.0,0.0,0.0012918716855347158,0.00277240039780736,0,0,True,0.0,0.0
1063.56,11.939485549926758,-0.036710429936647415,3.099548694875257,8.771747582999495e-05,-0.00017530967175158625,0.0,-0.0,0.0,0.0012918716855347158,0.00277240039780736,0,0,True,0.0,0.0
1063.58,11.939485549926758,-0.036710429936647415,3.099548694875257,8.771747582999495e-05,-0.00017530967175158625,0.0,-0.0,0.0,0.0012918716855347158,0.00277240039780736,0,0,True,0.0,0.0
1063.6,11.939485549926758,-0.036710429936647415,3.099548694875257,8.771747582999495e-05,-0.00017530967175158625,0.0,-0.0,0.0,0.0012918716855347158,0.00277240039780736,0,0,True,0.0,0.0
1063.62,11.939485549926758,-0.036710429936647415,3.099548694875257,8.771747582999495e-05,-0.00017530967175158625,0.0,-0.0,0.0,0.0012918716855347158,0.00277240039780736,0,0,True,0.0,0.0
1063.64,11.939485549926758,-0.036710429936647415,3.099548694875257,8.771747582999495e-05,-0.00017530967175158625,0.0,-0.0,0.0,0.0012918716855347158,0.00277240039780736,0,0,True,0.0,0.0
1063.66,11.939485549926758,-0.036710429936647415,3.099548694875257,8.771747582999495e-05,-0.00017530967175158625,0.0,-0.0,0.0,0.0012918716855347158,0.00277240039780736,0,0,True,0.0,0.0
1063.68,11.939485549926758,-0.036710429936647415,3.099548694875257,8.771747582999495e-05,-0.00017530967175158625,0.0,-0.0,0.0,0.0012918716855347158,0.00277240039780736,0,0,True,0.0,0.0
1063.7,11.939485549926758,-0.036710429936647415,3.099548694875257,8.771747582999495e-05,-0.00017530967175158625,0.0,-0.0,0.0,0.0012918716855347158,0.00277240039780736,0,0,True,0.0,0.0
1063.72,11.939485549926758,-0.036710429936647415,3.099548694875257,8.771747582999495e-05,-0.00017530967175158625,0.0,-0.0,0.0,0.0012918716855347158,0.00277240039780736,0,0,True,0.0,0.0
1063.74,11.939485549926758,-0.036710429936647415,3.099548694875257,8.771747582999495e-05,-0.00017530967175158625,0.0,-0.0,0.0,0.0012918716855347158,0.00277240039780736,0,0,True,0.0,0.0
1063.76,11.939485549926758,-0.036710429936647415,3.099548694875257,8.771747582999495e-05,-0.00017530967175158625,0.0,-0.0,0.0,0.0012918716855347158,0.00277240039780736,0,0,True,0.0,0.0
1063.78,11.939485549926758,-0.036710429936647415,3.099548694875257,8.771747582999495e-05,-0.00017530967175158625,0.0,-0.0,0.0,0.0012918716855347158,0.00277240039780736,0,0,True,0.0,0.0
1063.8,11.939485549926758,-0.036710429936647415,3.099548694875257,8.771747582999495e-05,-0.00017530967175158625,0.0,-0.0,0.0,0.0012918716855347158,0.00277240039780736,0,0,True,0.0,0.0
1063.82,11.939485549926758,-0.036710429936647415,3.099548694875257,8.771747582999495e-05,-0.00017530967175158625,0.0,-0.0,0.0,0.0012918716855347158,0.00277240039780736,0,0,True,0.0,0.0
1063.84,11.939485549926758,-0.036710429936647415,3.099548694875257,8.771747582999495e-05,-0.00017530967175158625,0.0,-0.0,0.0,0.0012918716855347158,0.00277240039780736,0,0,True,0.0,0.0
1063.86,11.939485549926758,-0.036710429936647415,3.099548694875257,8.771747582999495e-05,-0.00017530967175158625,0.0,-0.0,0.0,0.0012918716855347158,0.00277240039780736,0,0,True,0.0,0.0
1063.88,11.939485549926758,-0.036710429936647415,3.099548694875257,8.771747582999495e-05,-0.00017530967175158625,0.0,-0.0,0.0,0.0012918716855347158,0.00277240039780736,0,0,True,0.0,0.0
1063.9,11.939485549926758,-0.036710429936647415,3.099548694875257,8.771747582999495e-05,-0.00017530967175158625,0.0,-0.0,0.0,0.0012918716855347158,0.00277240039780736,0,0,True,0.0,0.0
1063.92,11.939485549926758,-0.036710429936647415,3.099548694875257,8.771747582999495e-05,-0.00017530967175158625,0.0,-0.0,0.0,0.0012918716855347158,0.00277240039780736,0,0,True,0.0,0.0
1063.94,11.939485549926758,-0.036710429936647415,3.099548694875257,8.771747582999495e-05,-0.00017530967175158625,0.0,-0.0,0.0,0.0012918716855347158,0.00277240039780736,0,0,True,0.0,0.0
1063.96,11.939485549926758,-0.036710429936647415,3.099548694875257,8.771747582999495e-05,-0.00017530967175158625,0.0,-0.0,0.0,0.0012918716855347158,0.00277240039780736,0,0,True,0.0,0.0
1063.98,11.939485549926758,-0.036710429936647415,3.099548694875257,8.771747582999495e-05,-0.00017530967175158625,0.0,-0.0,0.0,0.0012918716855347158,0.00277240039780736,0,0,True,0.0,0.0
1064.0,11.939485549926758,-0.036710429936647415,3.099548694875257,8.771747582999495e-05,-0.00017530967175158625,0.0,-0.0,0.0,0.0012918716855347158,0.00277240039780736,0,0,True,0.0,0.0
1064.02,11.939485549926758,-0.036710429936647415,3.099548694875257,8.771747582999495e-05,-0.00017530967175158625,0.0,-0.0,0.0,0.0012918716855347158,0.00277240039780736,0,0,True,0.0,0.0
1064.04,11.939485549926758,-0.036710429936647415,3.099548694875257,8.771747582999495e-05,-0.00017530967175158625,0.0,-0.0,0.0,0.0012918716855347158,0.00277240039780736,0,0,True,0.0,0.0
1064.06,11.939485549926758,-0.036710429936647415,3.099548694875257,8.771747582999495e-05,-0.00017530967175158625,0.0,-0.0,0.0,0.0012918716855347158,0.00277240039780736,0,0,True,0.0,0.0
1064.08,11.939485549926758,-0.036710429936647415,3.099548694875257,8.771747582999495e-05,-0.00017530967175158625,0.0,-0.0,0.0,0.0012918716855347158,0.00277240039780736,0,0,True,0.0,0.0
1064.1,11.939485549926758,-0.036710429936647415,3.099548694875257,8.771747582999495e-05,-0.00017530967175158625,0.0,-0.0,0.0,0.0012918716855347158,0.00277240039780736,0,0,True,0.0,0.0
1064.12,11.939485549926758,-0.036710429936647415,3.099548694875257,8.771747582999495e-05,-0.00017530967175158625,0.0,-0.0,0.0,0.0012918716855347158,0.00277240039780736,0,0,True,0.0,0.0
1064.14,11.939485549926758,-0.036710429936647415,3.099548694875257,8.771747582999495e-05,-0.00017530967175158625,0.0,-0.0,0.0,0.0012918716855347158,0.00277240039780736,0,0,True,0.0,0.0
1064.16,11.939485549926758,-0.036710429936647415,3.099548694875257,8.771747582999495e-05,-0.00017530967175158625,0.0,-0.0,0.0,0.0012918716855347158,0.00277240039780736,0,0,True,0.0,0.0
1064.18,11.939485549926758,-0.036710429936647415,3.099548694875257,8.771747582999495e-05,-0.00017530967175158625,0.0,-0.0,0.0,0.0012918716855347158,0.00277240039780736,0,0,True,0.0,0.0
1064.2,11.939485549926758,-0.036710429936647415,3.099548694875257,8.771747582999495e-05,-0.00017530967175158625,0.0,-0.0,0.0,0.0012918716855347158,0.00277240039780736,0,0,True,0.0,0.0
1064.22,11.939485549926758,-0.036710429936647415,3.099548694875257,8.771747582999495e-05,-0.00017530967175158625,0.0,-0.0,0.0,0.0012918716855347158,0.00277240039780736,0,0,True,0.0,0.0
1064.24,11.939485549926758,-0.036710429936647415,3.099548694875257,8.771747582999495e-05,-0.00017530967175158625,0.0,-0.0,0.0,0.0012918716855347158,0.00277240039780736,0,0,True,0.0,0.0
1064.26,11.939485549926758,-0.036710429936647415,3.099548694875257,8.771747582999495e-05,-0.00017530967175158625,0.0,-0.0,0.0,0.0012918716855347158,0.00277240039780736,0,0,True,0.0,0.0
1064.28,11.939485549926758,-0.036710429936647415,3.099548694875257,8.771747582999495e-05,-0.00017530967175158625,0.0,-0.0,0.0,0.0012918716855347158,0.00277240039780736,0,0,True,0.0,0.0
1064.3,11.939485549926758,-0.036710429936647415,3.099548694875257,8.771747582999495e-05,-0.00017530967175158625,0.0,-0.0,0.0,0.0012918716855347158,0.00277240039780736,0,0,True,0.0,0.0
1064.32,11.939485549926758,-0.036710429936647415,3.099548694875257,8.771747582999495e-05,-0.00017530967175158625,0.0,-0.0,0.0,0.0012918716855347158,0.00277240039780736,0,0,True,0.0,0.0
1064.34,11.939485549926758,-0.036710429936647415,3.099548694875257,8.771747582999495e-05,-0.00017530967175158625,0.0,-0.0,0.0,0.0012918716855347158,0.00277240039780736,0,0,True,0.0,0.0
1064.36,11.939485549926758,-0.036710429936647415,3.099548694875257,8.771747582999495e-05,-0.00017530967175158625,0.0,-0.0,0.0,0.0012918716855347158,0.00277240039780736,0,0,True,0.0,0.0
1064.38,11.939485549926758,-0.036710429936647415,3.099548694875257,8.771747582999495e-05,-0.00017530967175158625,0.0,-0.0,0.0,0.0012918716855347158,0.00277240039780736,0,0,True,0.0,0.0
1064.4,11.939485549926758,-0.036710429936647415,3.099548694875257,8.771747582999495e-05,-0.00017530967175158625,0.0,-0.0,0.0,0.0012918716855347158,0.00277240039780736,0,0,True,0.0,0.0
1064.42,11.939485549926758,-0.036710429936647415,3.099548694875257,8.771747582999495e-05,-0.00017530967175158625,0.0,-0.0,0.0,0.0012918716855347158,0.00277240039780736,0,0,True,0.0,0.0
1064.44,11.939485549926758,-0.036710429936647415,3.099548694875257,8.771747582999495e-05,-0.00017530967175158625,0.0,-0.0,0.0,0.0012918716855347158,0.00277240039780736,0,0,True,0.0,0.0
1064.46,11.939485549926758,-0.036710429936647415,3.099548694875257,8.771747582999495e-05,-0.00017530967175158625,0.0,-0.0,0.0,0.0012918716855347158,0.00277240039780736,0,0,True,0.0,0.0
1064.48,11.939485549926758,-0.036710429936647415,3.099548694875257,8.771747582999495e-05,-0.00017530967175158625,0.0,-0.0,0.0,0.0012918716855347158,0.00277240039780736,0,0,True,0.0,0.0
1064.5,11.939485549926758,-0.036710429936647415,3.099548694875257,8.771747582999495e-05,-0.00017530967175158625,0.0,-0.0,0.0,0.0012918716855347158,0.00277240039780736,0,0,True,0.0,0.0
1064.52,11.939485549926758,-0.036710429936647415,3.099548694875257,8.771747582999495e-05,-0.00017530967175158625,0.0,-0.0,0.0,0.0012918716855347158,0.00277240039780736,0,0,True,0.0,0.0
1064.54,11.939485549926758,-0.036710429936647415,3.099548694875257,8.771747582999495e-05,-0.00017530967175158625,0.0,-0.0,0.0,0.0012918716855347158,0.00277240039780736,0,0,True,0.0,0.0
1064.56,11.939485549926758,-0.036710429936647415,3.099548694875257,8.771747582999495e-05,-0.00017530967175158625,0.0,-0.0,0.0,0.0012918716855347158,0.00277240039780736,0,0,True,0.0,0.0
1064.58,11.939485549926758,-0.036710429936647415,3.099548694875257,8.771747582999495e-05,-0.00017530967175158625,0.0,-0.0,0.0,0.0012918716855347158,0.00277240039780736,0,0,True,0.0,0.0
1064.6,11.939485549926758,-0.036710429936647415,3.099548694875257,8.771747582999495e-05,-0.00017530967175158625,0.0,-0.0,0.0,0.0012918716855347158,0.00277240039780736,0,0,True,0.0,0.0
1064.62,11.939485549926758,-0.036710429936647415,3.099548694875257,8.771747582999495e-05,-0.00017530967175158625,0.0,-0.0,0.0,0.0012918716855347158,0.00277240039780736,0,0,True,0.0,0.0
1064.64,11.939485549926758,-0.036710429936647415,3.099548694875257,8.771747582999495e-05,-0.00017530967175158625,0.0,-0.0,0.0,0.0012918716855347158,0.00277240039780736,0,0,True,0.006427225405821402,-0.01351547851176365
1064.66,11.939485549926758,-0.036710429936647415,3.099548694875257,8.771747582999495e-05,-0.00017530967175158625,0.0,-0.0,0.0,0.0012918716855347158,0.00277240039780736,0,0,True,0.0034786675109168158,-0.017254835119727807
1064.68,11.939485549926758,-0.036710429936647415,3.099548694875257,8.771747582999495e-05,-0.00017530967175158625,0.0005141780324667059,-0.00031035308775722095,-0.0010812382809431817,0.0012918716855347158,0.00277240039780736,-0.04,0,True,-0.004596476096681717,-0.014780020131207288
1064.7,11.939485549926758,-0.036710429936647415,3.099548694875257,8.771747582999495e-05,-0.00017530967175158625,0.0002782934008738831,-0.0003755993439008858,-0.0013803868095808923,0.0012918716855347158,0.00277240039780736,-0.04,0,True,-0.022403225773166103,-0.011470709033546737
1064.72,11.939445495605469,-0.03668389469385147,3.0994621958127815,-7.963189341648083e-06,-0.0001504128164064797,-0.0003677180877342029,-0.00033424990195400135,-0.0011824016104955077,0.0012918716855347158,0.00277240039780736,-0.04,0,True,-0.06362183718484112,0.01757012986529781
1064.74,11.939464569091797,-0.0366794727742672,3.0994382639304905,5.391285184275303e-07,-9.73841789911757e-05,-0.0017922580618516583,-0.00022292274055799304,-0.0009176567226829044,-0.0015503584407269956,-0.0004624155350029469,-0.04,0,True,-0.08896551298097218,0.018910955982380222
1064.76,11.939516067504883,-0.036684952676296234,3.0994541027464173,-3.299794438512399e-05,-8.38264477190303e-05,-0.004575568942315954,0.00013747853644362906,0.0003243721082793646,-0.0026487575843930247,-0.0020347742550075056,-0.04,0,True,-0.11119523202965144,0.018808539837023925
1064.78,11.939629554748535,-0.03669865429401398,3.0994752823374423,8.569024369845723e-06,-5.990561595182602e-05,-0.006838947637597417,5.202552935705898e-05,0.00013248966900814956,-0.005745198093354702,-0.003970861025154591,-0.04,0,True,-0.10383154392128548,0.016847592971786066
1064.8,11.939810752868652,-0.03671030327677727,3.099488145581444,4.121628712491152e-05,-5.6749972285101004e-05,-0.009263336650098227,0.00010657638435064505,0.0003222815764650378,-0.008886611573398115,-0.008434005826711655,-0.04,0,True,-0.07340318374784588,-0.008082964804079695
1064.82,11.940011024475098,-0.03670666739344597,3.099448863104011,4.472940453518908e-05,-0.00011977012665579019,-0.010098781575546943,0.00011176457153222203,0.0004301507150587551,-0.01061495214700699,-0.00882682476192713,-0.04,0,True,-0.05125896143673473,-0.0030414709424624728
1064.84,11.940256118774414,-0.03672466427087784,3.0994798852725345,0.0001219993015613438,-0.000133550458459428,-0.010447823642138284,-9.912712739542718e-05,-0.000322265076046423,-0.01185422293841839,-0.010007271766662598,-0.04,0,True,-0.012054405412356275,-0.013257274074808987
1064.86,11.940436363220215,-0.036741625517606735,3.099509694394647,0.00011520737159521988,-0.00010344227574983089,-0.010939664552532466,-3.595885542167479e-05,-0.00011082800638862696,-0.013327860534191133,-0.010721237957477571,-0.04,0,True,-0.011083146580832016,-0.010196398913021338
1064.88,11.940646171569824,-0.03673756867647171,3.09946236437536,0.00020917501066361667,-0.00020341971614575626,-0.010227689083088593,-0.0002265903657275575,-0.0007383003495217309,-0.012125201895833016,-0.011226540431380274,-0.04,0,True,-0.009497491141090676,-0.0031319384905053337
1064.9,11.940885543823242,-0.036740612238645554,3.0994399968635,0.00010693982328799535,-2.2007256070795842e-05,-0.010985433302015218,-8.30688235570773e-05,-0.0003855611979845284,-0.012730847746133806,-0.012357564419507982,-0.04,0,True,-0.006802248396872034,-0.0038499107527650814
1064.92,11.94107437133789,-0.03674101456999779,3.0994208212445726,0.0001965893553387536,-5.4463667833285035e-05,-0.011207622933427006,-0.00019011166965919092,-0.0005728201552873339,-0.01389644466340542,-0.012207265794277193,-0.04,0,True,-0.009325497784895187,-0.008654206249930968
1064.94,11.941314697265625,-0.036772020161151886,3.099478849498808,0.00015536563090289525,0.0001162578595032387,-0.01148384442428328,-0.00014708242770233263,-0.00041882086661042874,-0.011460437327623368,-0.011595348939299584,-0.04,0,True,-0.003290615677110183,-0.011978816804835663
1064.96,11.941542625427246,-0.03676017373800278,3.099416538762937,0.00024540633569383345,0.00019857892037954277,-0.01097372890587953,0.0016184836800768457,-0.0014306368495155786,-0.013987331464886666,-0.012098088040947915,-0.04,0,True,-0.013950484194973276,-0.006473575713342845
1064.98,11.941803932189941,-0.03676753491163254,3.099406491194171,-0.0002756891950315552,0.00034543715122447417,-0.011248682556183793,-0.000348141012291756,-0.0013438665423705098,-0.011661893874406816,-0.012039805352687836,-0.04,0,True,-0.003736798851257248,0.00928814420675685
1065.0,11.941946029663086,-0.036907393485307693,3.0993063702966115,0.00012768473250793458,1.2268828305316751e-05,-0.012323661669023853,0.0016523547794062413,-0.0010907062123542905,-0.01189672850072384,-0.012776695862412453,-0.04,0,True,-0.02924363471096843,0.024693622848226914
1065.02,11.942214965820312,-0.036782145500183105,3.0993713401754186,0.00015040875176102242,-2.3037806150760445e-05,-0.011782788332383588,0.0004324151538249455,0.0003242306699294435,-0.011121939718723299,-0.006366372555494309,-0.04,0,True,-0.029431876641476205,0.025253814841853933
1065.04,11.942522048950195,-0.03693392127752304,3.099329282265949,0.00018994750516434014,0.00024015834939597022,-0.013313219682754876,-0.0017502825597477266,0.0005448529783407777,-0.014495861232280733,-0.014394355341792108,-0.04,0,True,-0.021335069126964843,0.000966654590541333
1065.06,11.942744255065918,-0.03684188425540924,3.0994324296477656,-2.7286466118772885e-05,-5.202918199310189e-05,-0.013603232687499748,3.050464890241465e-05,0.0006764386449759675,-0.0173531112074852,-0.014954131692647936,-0.04,0,True,-0.0447307969718348,-0.046289400215080115
1065.08,11.943016052246094,-0.036812495440244675,3.0993499585348787,-0.00012917316923797363,-9.488469425886899e-05,-0.014030467199179488,-0.0003074255085335584,-0.0010133738451110542,-0.013413881883025171,-0.012378616929054261,-0.04,0,True,-0.0380251481616984,0.00545936122528793
1065.1,11.943302154541016,-0.03683045133948326,3.0994254552670166,-0.00022738498088271703,-0.00015572767957192923,-0.015361252090127118,0.0006927743084830118,-0.003378921347273598,-0.015141628682613375,-0.015796499624848366,-0.04,0,True,-0.04367507182463759,-0.014956234538587382
1065.12,11.943644523620605,-0.036956749856472015,3.09924821235834,0.0001718912045901141,1.550254264059812e-05,-0.01635523153568798,0.00021020066950825451,0.000981601876363415,-0.016055986434221268,-0.01657348304986954,-0.04,0,True,-0.03050730949934292,0.0065719353845134455
1065.14,11.9439697265625,-0.03694906085729599,3.099162115939983,0.00032997233980323844,3.241473395320873e-05,-0.017097238433477508,-0.0003008616224315802,-0.0005200601181133354,-0.019734281152486804,-0.018373707830905917,-0.04,0,True,-0.025069988657108713,0.10050272510426979
1065.16,11.94432258605957,-0.03688468411564827,3.099428486684988,-0.00018878197887165242,9.999961391530804e-05,-0.01647105195913164,-0.00015159579559294127,-0.00048761901434896246,-0.01670746684074402,-0.017020468935370448,-0.04,0,True,-0.024009614829001047,-0.012919359516243767
1065.18,11.944669723510742,-0.036864422261714935,3.0993838504575675,-0.0004459142740406861,0.00013465691313920572,-0.01736685118269969,-0.001260135968286428,0.0046612966610835235,-0.018470918834209444,-0.017690583467483523,-0.04,0,True,-0.006641057436935887,0.01333047750053684
1065.2,11.944961547851562,-0.037000175565481186,3.099209202837192,0.00018521894470081827,-2.700971942231505e-05,-0.018276000722011777,-7.729598968708154e-05,-5.194688493808392e-05,-0.016965597644448282,-0.018317008018493654,-0.04,0,True,-0.051572259460004884,0.031292636250469144
1065.22,11.945362091064453,-0.03690696507692337,3.0995350196728695,7.634536230778818e-05,0.00010387996375073704,-0.017628523028431896,0.0009866751120639623,0.0005463780819286419,-0.014533309414982798,-0.018537660390138627,-0.04,0,True,-0.046089985170334816,-0.07775872387872074
1065.24,11.945783615112305,-0.03694045543670654,3.099424330934193,0.00015093450923757274,0.00017972888121644762,-0.020596832715928277,-0.0016255363699589614,0.0020157918856862924,-0.02156200781464577,-0.01947738066315651,-0.04,0,True,-0.03685171160604763,-0.040003104867864556
1065.26,11.946075439453125,-0.03700258210301399,3.0994275607041217,-0.0001121794991425749,-0.0003553856797543147,-0.021054049996323123,0.000161749135467995,-0.001559401249208478,-0.020352483093738556,-0.020619435757398608,-0.04,0,True,-0.07642717147020027,-0.028303569360228896
1065.28,11.946613311767578,-0.03693971037864685,3.099370466188047,-0.00027397533673597117,3.965824407903321e-05,-0.021224137650492907,0.0010796890836011358,-0.003252195274364338,-0.019718034118413927,-0.01750458486378193,-0.04,0,True,-0.032511146496440185,-0.019098628178358713
1065.3,11.947044372558594,-0.03699089214205742,3.099410267572933,-0.0004552463807346836,9.876648121500802e-05,-0.023742696746042357,0.00025726559888433905,-0.0017179074668876105,-0.02614042013883591,-0.026997766196727755,-0.04,0,True,-0.04357246019543736,0.018776143516399776
1065.32,11.947476387023926,-0.03709842264652252,3.099164155312244,-0.00010763137110119861,2.1003110780655833e-05,-0.023197724435641127,0.0003414437073525256,0.00048790163141898513,-0.02204288184642792,-0.022253235876560213,-0.04,0,True,-0.04214852407055432,0.07279348669991745
1065.34,11.947972297668457,-0.03710324317216873,3.099290128106771,-4.647010678796884e-05,8.542821820331725e-05,-0.02453984681195494,-8.176530324926058e-05,-5.730976789786206e-05,-0.02465981736779213,-0.024371313601732256,-0.04,0,True,-0.02388982567410639,0.04615459199707658
1065.36,11.948466300964355,-0.03704571723937988,3.0994094983185603,-0.00010132532558077436,0.0001659102427242145,-0.024596019576134186,0.0006864204815262909,0.002571283661623762,-0.02465981736779213,-0.024371313601732256,-0.04,0,True,-0.04471731363711249,-0.005240613212134502
1065.38,11.949006080627441,-0.03706737980246544,3.099405682791501,-0.00019039650420950898,0.0003071705436137986,-0.02565388279997456,-0.0008228317161289571,0.0019744598928856526,-0.024733349382877353,-0.025183743536472323,-0.04,0,True,-0.05071639915471717,-0.013361977402234238
1065.4,11.949440002441406,-0.03723626583814621,3.0993698580051743,0.0003123301844800564,-7.085131718920611e-05,-0.02677510952661704,1.6148685711065086e-05,6.865257444741479e-05,-0.025771934986114506,-0.0260575170814991,-0.04,0,True,-0.07384755639643381,-0.038118077947618775
1065.42,11.95002555847168,-0.03712403029203415,3.099448084898202,-0.00010866171574947538,-7.845257647671277e-05,-0.028597158744340156,-0.0003470457153766679,-0.001126267960078667,-0.02768322497606278,-0.026193153113126758,-0.04,0,True,-0.07209149286872638,-0.04354717435963791
1065.44,11.950606346130371,-0.03713742271065712,3.099414990524516,-0.00019219104348967852,-0.00014061129633978177,-0.030503824087860308,-0.002100459303576887,-0.00047816257419163366,-0.030205242186784748,-0.02925790533423424,-0.04,0,True,-0.09722843318594851,0.011751810784661977
1065.46,11.951292991638184,-0.037136029452085495,3.099315581354695,-0.00016611664888262694,0.00016064386946271732,-0.031421202229467426,-0.00043823421731767754,-0.0015093140558822122,-0.03018701016902924,-0.030277064591646197,-0.04,0,True,-0.06429130586657263,0.03270231142222088
1065.48,11.951885223388672,-0.03717127442359924,3.099331604999239,9.64439955409381e-05,-3.3436767537393644e-05,-0.03455338418148585,0.00027085813337271274,0.0010087974372195178,-0.03059213668107987,-0.030764419287443164,-0.04,0,True,-0.06577407297337198,-0.005725698852831342
1065.5,11.95253849029541,-0.03719524294137955,3.0993273397737315,0.00018045175106113132,-7.125397854663343e-05,-0.03374046321366129,0.0005156168512848022,0.0014899169536966245,-0.029130303114652638,-0.030562273263931277,-0.04,0,True,-0.07480749857593717,0.02061917018275215
1065.52,11.953367233276367,-0.03727585822343826,3.0994956943194936,-0.0001688762245746031,0.0005096452218002485,-0.03576574992572528,-0.0009657800597158429,-0.0009362184824177244,-0.03375003710389138,-0.03346969023346901,-0.04,0,True,-0.01035452618284041,-0.03386841216437063
1065.54,11.953988075256348,-0.03729129210114479,3.0994347747109905,0.0002772457154112756,0.00018936035123082393,-0.03740580211553696,1.0780441183784982e-05,0.0001402195587364595,-0.036340849697589876,-0.037967580854892734,-0.04,0,True,-0.07370843428009427,-0.038586615603576034
1065.56,11.954747200012207,-0.037214495241642,3.0992567075206456,-3.672040279234106e-05,0.00013990742335427968,-0.035381746276112326,-0.0004572687294376622,-0.0017006755359276684,-0.03438274204730988,-0.03083340659737587,-0.04,0,True,-0.06827640909652402,0.024436297969077026
1065.58,11.955528259277344,-0.03732222318649292,3.0993385573384304,-6.881934728379742e-05,0.00025043139960887254,-0.03963713795606347,-0.0005541672902891473,-0.0015970122945866507,-0.03554060608148575,-0.03756799727678299,-0.04,0,True,-0.052948703012144584,-0.0038378236771896006
1065.6,11.956196784973145,-0.03735910728573799,3.0993596402766195,-6.216739406661876e-05,-0.00037231055657693346,-0.041227862653442235,0.0009486820474992124,0.0010186853551066596,-0.038810058832168585,-0.038604623973369605,-0.04,0,True,-0.1205250771719566,0.01863914355469901
1065.62,11.957158088684082,-0.037380944937467575,3.0993070137274237,-7.286453724517593e-05,8.522509844012087e-05,-0.04164169835650467,0.0011382271077287848,-0.00016680633543842929,-0.036666134595870974,-0.03626577496528626,-0.04,0,True,-0.09236579364849716,0.011827374613038096
1065.64,11.958039283752441,-0.0374295748770237,3.0993382023490543,-0.00013454408106662542,0.00014570662205769087,-0.04502375244988749,0.0018329081192988205,-0.00020954405154886583,-0.046938342750072484,-0.04714056909084321,-0.04,0,True,-0.08661157658786572,-0.012193429622546399
1065.66,11.958852767944336,-0.037554025650024414,3.0993252128315953,0.00018315253362885992,-0.0002197336776436018,-0.04702640144795752,0.002352082981411602,-0.0006508223255417744,-0.04375171691179276,-0.043375421166419986,-0.04,0,True,-0.12145899209527672,-0.003999329565367473
1065.68,11.959789276123047,-0.037657760083675385,3.0993428767524955,0.00013780956115476658,-0.0002469307322348179,-0.048156788780484884,2.2371888320971665e-05,4.321098530106249e-05,-0.04789775848388672,-0.04753540456295014,-0.04,0,True,-0.10734294156688738,0.026573572491541495
1065.7,11.960908889770508,-0.03772791102528572,3.0992549479413802,0.0003133023984880946,0.0002849565962266664,-0.05135841772414559,0.0009563994169691508,-0.00048675270066844543,-0.04789775848388672,-0.04753540456295014,-0.04,0,True,-0.09156172510426491,0.052451626583949314
1065.72,11.961888313293457,-0.037594083696603775,3.0993416592278784,-0.00011408030120797324,3.7722572429916614e-05,-0.05361118777523067,-0.0013493746438093522,0.0019163417477725203,-0.05277499169111252,-0.0527111029624939,-0.04,0,True,-0.11850249156050834,0.04042807539392649
1065.74,11.9629545211792,-0.03780436888337135,3.099286272615542,0.0005089999677976083,8.276712611296626e-05,-0.05435133945629205,-0.001341312465365136,0.0035453078011703546,-0.055390357375144965,-0.04960101634263993,-0.04,0,True,-0.1006805691840251,0.03493974688912576
1065.76,11.964078903198242,-0.03773106262087822,3.099496184092317,-1.7237199482711607e-05,7.31712748942632e-05,-0.05763698810531693,0.001036068842697446,0.0032774570168122405,-0.055390357375144965,-0.04960101634263993,-0.04,0,True,-0.09118824987683993,-0.006496263030992421
1065.78,11.96525764465332,-0.03780459985136986,3.0995385725654736,-0.00011240773172848387,7.832762827906939e-05,-0.05941286325886027,-0.0015579066482400233,0.002308427050459073,-0.055390357375144965,-0.04960101634263993,-0.04,0,True,-0.06248018724074289,-0.02699797922915052
1065.8,11.96649169921875,-0.037870943546295166,3.099603855789223,-0.0002166279567505287,0.0001320189282966055,-0.06090624776537123,0.00047799496704542706,0.0013966407052935993,-0.05771907180547715,-0.05762003749608994,-0.04,0,True,0.06188035619163226,-0.031230657527804396
1065.82,11.967708587646484,-0.03787967190146446,3.0994709467795785,1.2309960993523345e-05,-0.00010729147724427584,-0.059349754435546936,0.0003403581135178499,0.0013854694628402772,-0.05978071779012681,-0.059580489993095405,-0.04,0,True,0.18296376408590662,0.002699714123142896
1065.84,11.968945503234863,-0.0379737988114357,3.0996079153487406,3.616825311212149e-05,-0.00016711750998483433,-0.05268655960999085,0.0002198900496451421,0.0007790044145901608,-0.05978071779012681,-0.059580489993095405,-0.04,0,True,0.3308293390437502,-0.012246007717669545
1065.86,11.970000267028809,-0.03803173825144768,3.0996494101225007,3.0544699005776104e-05,-0.00027628641882620895,-0.04477576213200105,0.0007845939086963932,0.0025244041803103084,-0.0610553526878357,-0.059701614677906044,-0.04,0,True,0.4176764305289893,-0.02050020125020142
1065.88,11.970702171325684,-0.03806542977690697,3.0996661761423905,8.426398818410227e-05,-0.00043808601750165564,-0.03443990064182006,0.0001391980560962083,0.0004169600878781423,-0.052755095958709725,-0.03913883075118065,-0.04,0,True,0.388258988378218,-0.015821649610473488
1065.9,11.971284866333008,-0.038092583417892456,3.0996728991140037,-5.3341727111867274e-05,-3.2092303308291444e-05,-0.025935639993163215,-7.741160305082357e-05,-0.0002545466371790061,-0.036422800421714786,-0.036555209159851075,-0.04,0,True,0.30758861262489556,-0.05338109991869791
1065.92,11.971697807312012,-0.038100406527519226,3.099641272155771,-3.865911991753578e-05,-3.5124106671063846e-05,-0.02162584053967338,-0.00013902839321147317,-0.0004867275542501645,-0.03300068438053132,-0.030516841858625413,-0.04,0,True,0.21106709166354706,-0.002017211828814161
1065.94,11.972073554992676,-0.03811250254511833,3.0996290463915264,-8.419336116230292e-05,-6.728527256619328e-05,-0.02016867312196185,-0.00045991478453928777,-0.0017460838131937778,-0.021674335151910785,-0.021853353977203373,-0.04,0,True,0.08913037828956528,0.004667262217746828
1065.96,11.972431182861328,-0.0381268747150898,3.0996272379380505,-0.00016808698992907376,-0.00011827562632637938,-0.01755453330875165,8.083965441219173e-05,0.0002555831415731562,-0.020016464889049533,-0.02034350946545601,-0.04,0,True,0.031683504286050324,0.006429397043176171
1065.98,11.972898483276367,-0.03812351077795029,3.0995332124089483,-0.00013462000051192084,0.0003255216066958656,-0.018805209730004477,2.841989889282423e-05,0.00011883434024040055,-0.019285333752632142,-0.019702059328556062,-0.04,0,True,0.04624457677564132,0.04860278075372552
1066.0,11.973100662231445,-0.03816578537225723,3.0996617188070967,-6.11166651911781e-05,-0.00030647511394902595,-0.01909116019679166,2.130930234696491e-05,2.7624209203461346e-05,-0.018860220760107044,-0.02000610187649727,-0.04,0,True,-0.023403332746058485,0.006560665559580402
1066.02,11.973576545715332,-0.03817803040146828,3.0996385531387456,-0.00011792816826237066,0.00016367324885032075,-0.016469106979913908,0.000657458400294128,0.002142138647100727,-0.014763621240854265,-0.014115654975175859,-0.04,0,True,-0.01742994559485653,-0.0032494715536461037
1066.04,11.973957061767578,-0.03819260001182556,3.099629447874787,-0.00022202442445268678,0.0002914042070084335,-0.019426799928434626,0.00034198555975001744,0.000780436386339111,-0.022934906184673313,-0.02331425815820694,-0.04,0,True,0.0005059424241857587,-0.01616327955217432
1066.06,11.974212646484375,-0.038231320679187775,3.099704583500716,6.733313542604221e-05,-0.00014837867123172578,-0.02019960537759173,-5.87382785839489e-06,-0.0001411233840510513,-0.018353759944438938,-0.01890420436859131,-0.04,0,True,-0.06148689365538943,-0.05348333516399435
1066.08,11.974652290344238,-0.03825831785798073,3.099724153718004,-7.994369877230832e-05,-7.153713622093677e-05,-0.019050684802856835,0.0010500163129086725,-0.001265438154969308,-0.018353759944438938,-0.01890420436859131,-0.04,0,True,-0.02585617590789383,-0.04709084032138886
1066.1,11.975191116333008,-0.03824523091316223,3.0996272632680215,-0.00013470300803984593,0.0005050522619551428,-0.021388058472340588,-0.0006874211137190733,-0.002136528166014929,-0.023777884840965272,-0.021610355675220492,-0.04,0,True,-0.0302047212949325,0.007470509307109803
1066.12,11.975476264953613,-0.03834031894803047,3.0995282128223893,2.28176904856471e-05,-3.0412150100150973e-05,-0.02149529400106425,-0.0009749118729909118,-0.0029868308393685714,-0.02398625284433365,-0.024777293354272846,-0.04,0,True,-0.053016041181703596,0.04089374827052696
1066.14,11.975924491882324,-0.03824815899133682,3.0995336612474347,-6.097173838285326e-06,-6.0077299881318285e-05,-0.022615983081191,0.00013847229763232563,0.000456517360518888,-0.01686035230755806,-0.016171274036169053,-0.04,0,True,-0.03400031548221786,0.02132435675189446
1066.16,11.976373672485352,-0.038252707570791245,3.099485207250854,-6.375225619223044e-05,-0.00011920648985719754,-0.02329196809740132,-0.0008099231846306242,0.0020060617066791717,-0.023003351092338566,-0.023173597604036332,-0.04,0,True,-0.062003955429820984,0.05386611797405215
1066.18,11.976998329162598,-0.03833237290382385,3.099663784656863,-0.00010754481109279324,0.000548927490680435,-0.024108083710923274,-0.00012648861437081422,-0.0004305796258600755,-0.02374763235449791,-0.024141153544187548,-0.04,0,True,-0.021594445475245874,-0.008969654193419316
1066.2,11.977340698242188,-0.038354020565748215,3.099688697758924,-9.245823971038647e-05,-5.990031470533201e-05,-0.026455610435459517,0.00037258024183002363,0.0013224585985639286,-0.02805895119905472,-0.028472641408443453,-0.04,0,True,-0.053141579133406,-0.01994319415669186
1066.22,11.977851867675781,-0.03831889107823372,3.099499214877366,-0.0001983095914357155,-0.00011887016415648503,-0.0243435387192091,0.0017776609531431789,-0.00026105497495400456,-0.019894636124372485,-0.019217126667499543,-0.04,0,True,-0.05551551158051628,0.038553291110549795
1066.24,11.978487014770508,-0.03837114945054054,3.099591003938739,-0.0001520877697341619,0.00027324841091542335,-0.027543294428069933,0.00013095900469794358,0.0004106061741452742,-0.026576166301965715,-0.026960224658250813,-0.04,0,True,-0.026227147529637746,-0.004206814205397917
1066.26,11.978938102722168,-0.03855641186237335,3.099642900258867,0.0003186236819927488,-8.359311465064198e-05,-0.028549324637360537,0.000791364920462997,0.002653683662981103,-0.028453623950481417,-0.031230392903089526,-0.04,0,True,-0.08565493876434173,0.026080636710465708
1066.28,11.979541778564453,-0.03845700994133949,3.0997215462528556,-0.00015200016370652924,-5.019111489974704e-05,-0.028553782237828628,0.0003319185449117317,0.0009859134621324013,-0.02813566774129868,-0.027111119925975802,-0.04,0,True,-0.05925760289194449,-0.0074731408592762436
1066.3,11.980131149291992,-0.038477927446365356,3.099711509570404,-0.0002856348494304695,-0.00012224782995020854,-0.031195933820350207,-0.0012499592188682488,0.0018253959618813546,-0.030654990673065187,-0.030468903928995136,-0.04,0,True,-0.04794290316187304,-0.018500466921067958
1066.32,11.980768203735352,-0.03849329799413681,3.0996698770157094,0.00019030564494981395,-7.800797359624335e-05,-0.03228390265942118,-5.9572844845200666e-05,-0.00018724509459628157,-0.030335943400859836,-0.031065654903650288,-0.04,0,True,-0.0807304198181375,-0.005789956778219599
1066.34,11.981435775756836,-0.03856099396944046,3.099788931935817,0.00011295676756305189,3.056514989796612e-05,-0.03238475689030689,0.0003585353369960273,0.0011736463092970127,-0.03208248287439346,-0.03312375232577324,-0.04,0,True,-0.06188526821142155,-0.037751407234153905
1066.36,11.982122421264648,-0.03856049105525017,3.099706566645288,0.00019114290863333144,5.9883610225903177e-05,-0.035012215823273754,0.00013137721294064083,0.0005227169198752546,-0.03477152347564698,-0.03292777925729752,-0.04,0,True,-0.06635684653582773,-0.00017913146527868623
1066.38,11.982718467712402,-0.03861485794186592,3.099805401275148,-0.00012075739822816912,-0.0004153552776885486,-0.0361467552772735,-0.0004101741719771555,-0.001194716616856795,-0.033750893473625185,-0.03421506464481354,-0.04,0,True,-0.09719404143841524,-0.027288138715330968
1066.4,11.983566284179688,-0.03862108662724495,3.0997116943692995,-0.00015025642235167708,2.181971299061321e-05,-0.03759245038229766,-8.026977552219204e-05,-0.00020157561181860417,-0.03514168694615365,-0.03207289069890976,-0.04,0,True,-0.06796021815221873,-0.0059437318511882335
1066.42,11.984326362609863,-0.03864901140332222,3.0996933546064684,-0.00026855013037089013,5.534949646633181e-05,-0.04016028020539514,-0.0003040115622897539,-0.0010094047879336842,-0.041112331151962285,-0.04166049122810364,-0.04,0,True,-0.07811944821476777,0.01887436580755874
1066.44,11.985127449035645,-0.03867999091744423,3.0996904405963424,-0.0004728738493681245,0.00010252983105796632,-0.04044903327546176,3.769874797155564e-05,4.7218371779276995e-05,-0.037903228998184206,-0.03820265799760819,-0.04,0,True,-0.07573170090594698,0.029133508104549382
1066.46,11.985929489135742,-0.03872513398528099,3.0997246488921135,-3.651494162038764e-05,3.0295911613716054e-05,-0.042396311134449235,9.788627554338926e-05,0.00031523264774653087,-0.03956761330366135,-0.03982302427291871,-0.04,0,True,-0.06908292201341079,0.014239154420723576
1066.48,11.986799240112305,-0.03875965252518654,3.099715471839042,-4.974920234271809e-05,4.187850355414639e-05,-0.04365098645476791,0.0007118236582534568,0.0021291050365432264,-0.04115382701158524,-0.0404685977101326,-0.04,0,True,-0.09011587517228194,0.0033319560592609083
1066.5,11.987714767456055,-0.038798797875642776,3.099718573218288,-5.7138938342188476e-05,0.00011473720473116641,-0.045686913966462975,3.889581312109015e-05,0.00012972756572316588,-0.04311469674110413,-0.04358013838529587,-0.04,0,True,-0.09045460934393938,0.0057145558175868
1066.52,11.988614082336426,-0.03888308256864548,3.0998607689992657,0.00011564454533380781,-6.248957015799829e-05,-0.04765830328923776,0.00011072451204576254,0.0003137748565199072,-0.04481321901082993,-0.04512676924467087,-0.04,0,True,-0.10552409840666253,-0.03662997870565179
1066.54,11.989581108093262,-0.038881246000528336,3.0997350270973714,0.00018717075911774968,-0.00013442674066609106,-0.049632679881957804,0.002519521539353649,0.000772397113153059,-0.04394234418869019,-0.045828349888324744,-0.04,0,True,-0.10943743137644632,0.009809322786148513
1066.56,11.990608215332031,-0.03892756626009941,3.0997405738275634,-0.0003791672758416343,-0.00011596009290168192,-0.05209291432729323,0.0020069087248765854,-0.000801293259906251,-0.04913361579179764,-0.04903637140989304,-0.04,0,True,-0.11265793471798467,0.05434604325678646
1066.58,11.991673469543457,-0.03916633501648903,3.0997803649873403,0.00011505146301482928,-4.7108543424684236e-05,-0.05444190847657072,0.0022606284509181416,0.0009144733886143332,-0.05144814848899842,-0.05140245527029038,-0.04,0,True,-0.11598605705249855,0.04574035612970666
1066.6,11.99277114868164,-0.039217859506607056,3.099796665538473,0.0001987790310088859,-9.004756808225273e-05,-0.056670938066668335,0.0036379021760531726,0.00466145831705887,-0.05144814848899842,-0.05140245527029038,-0.04,0,True,-0.10254791883770867,0.04385565024321353
1066.62,11.993925094604492,-0.039243992418050766,3.0998081849684604,-0.0004368030361400441,-6.432751603997447e-05,-0.05891156444614925,0.0012975415999646718,0.0044316256035262635,-0.054586917757987984,-0.054476372003555304,-0.04,0,True,-0.049165893768350226,0.05612024038054202
1066.64,11.995125770568848,-0.03940777853131294,3.100113490492929,9.122739985366651e-06,4.826926273685979e-06,-0.06029674783432578,0.0007782573958197568,0.002707158759557612,-0.056543170809745795,-0.05711480855941773,-0.04,0,True,0.0572874853613754,-0.09937136901208203
1066.66,11.996377944946289,-0.039466917514801025,3.100134895035623,4.153927836001762e-05,-8.579304534584572e-06,-0.05837517997804634,0.0019148401559816054,0.005404092619066372,-0.06387366235256196,-0.05739653646945954,-0.04,0,True,0.1987927346327294,-0.048311268535385005
1066.68,11.997588157653809,-0.039480093866586685,3.1000132382392382,-0.00022492470757140264,-0.00017855574694610498,-0.052087939237749445,-0.0009531244577947369,-0.003288251203923058,-0.06150773286819459,-0.06133085548877717,-0.04,0,True,0.33433784692441776,-0.03385751696591981
1066.7,11.998584747314453,-0.03959060087800026,3.1002405123779866,0.00019288137195826383,3.498511483794935e-05,-0.04300814567550016,0.00020200612950754316,0.0005667241206879939,-0.0624095830321312,-0.06382267862558365,-0.04,0,True,0.4071537550937897,-0.10320015591383085
1066.72,11.999292373657227,-0.03950480744242668,3.0998504303966152,0.0002398200856362601,0.0001121569752072387,-0.03354972008039669,0.0019719546151903324,-1.442597713509277e-06,-0.04951372712850571,-0.049361702203750614,-0.04,0,True,0.3845340016145457,0.08955891144006216
1066.74,11.999814987182617,-0.03962530195713043,3.100180232965278,0.0002487485629565626,0.00015480825111399284,-0.025802879570572788,0.0007620754116780719,-0.0028519198540325878,-0.040253376662731176,-0.03617067933082581,-0.04,0,True,0.3211585047892024,0.013175217619977963
1066.76,12.000263214111328,-0.039749715477228165,3.100013122831421,0.00025750203187624324,0.0003218693135264061,-0.021325219108613767,0.000958689562120936,0.0038764617112753983,-0.03032538950443268,-0.028064407557249073,-0.04,0,True,0.2157747783392301,-0.007258012828816763
1066.78,12.00064468383789,-0.039736974984407425,3.100012358789664,0.000133110244610317,0.00043180605959087154,-0.017315465292387335,0.00036450669679981035,0.0016207415302852723,-0.026254371553659443,-0.025002278685569767,-0.04,0,True,0.1288372836855768,0.017454004710180764
1066.8,12.000993728637695,-0.039652351289987564,3.100160547333517,-4.514301873499234e-05,0.0005961538362356391,-0.01628773781327398,-0.0002469580069935469,-0.0005820836240183222,-0.022241091281175615,-0.01951724618673325,-0.04,0,True,0.08018457061434398,-0.055170771956920224
1066.82,12.001197814941406,-0.03971201926469803,3.100309892287701,9.219862276887331e-05,8.643758276363966e-05,-0.015495896875736019,-6.281717089041668e-05,-0.0014555994772193965,-0.01943946361541748,-0.017300634831190112,-0.04,0,True,0.00406614126846574,-0.05457588292713708
1066.84,12.001565933227539,-0.03978394716978073,3.0999665561414997,1.742659686403703e-05,0.0002902166353811024,-0.014910453459472083,0.0016317025161532617,-0.0005372000452742052,-0.014237641245126725,-0.01346069484949112,-0.04,0,True,0.015624776082286592,0.03296890852554506
1066.86,12.001883506774902,-0.039783116430044174,3.0998959108314867,-3.8065556972600184e-05,0.00032629253805040024,-0.016990173990910372,0.0011440011451340504,-0.002745329103881723,-0.02038375362753868,-0.017925931811332705,-0.04,0,True,-0.006149790121800903,0.04710205815058331
1066.88,12.002180099487305,-0.03983241319656372,3.100117571329895,0.0001700323422389135,0.00031796067066498644,-0.015037755726688636,0.0006824152153536785,0.00205542905803038,-0.016077387854456903,-0.0168860736489296,-0.04,0,True,-0.0223807643209439,0.0017313656302877665
1066.9,12.002552032470703,-0.03986011818051338,3.10009026595939,0.0001583244048308014,0.000605417153880984,-0.015987880085481042,0.0005762761882900378,0.0023125651748345513,-0.02830468446016312,-0.018360483646392825,-0.04,0,True,-0.007409097811360497,0.048706992131766505
1066.92,12.002765655517578,-0.039888374507427216,3.1001309904661425,0.00014653802524109484,8.260458723693196e-05,-0.016700914605151055,0.0002215219401200838,-0.0003986907948509162,-0.01947525590658188,-0.0165397883951664,-0.04,0,True,-0.038398945978107876,-0.014375839735731064
1066.94,12.003159523010254,-0.039882246404886246,3.100080916045474,8.664964912062489e-05,0.00027378500031412613,-0.017582901815820357,-0.001238045162189168,0.0011512302666671283,-0.013338017538189889,-0.014367693141102792,-0.04,0,True,-0.03803327812663918,-0.029202038735019854
1066.96,12.003514289855957,-0.039905499666929245,3.100085676066307,8.814664482505437e-05,0.00027974236458955004,-0.018109671404934472,0.00024158259640050532,0.0009053618791729409,-0.02200360253453255,-0.01856634095311165,-0.04,0,True,-0.04294431008593002,0.013381059890012951
1066.98,12.003961563110352,-0.03981953486800194,3.100182364380723,-0.0001348687239431609,0.0006010804543413827,-0.01903054233560941,8.359783716536105e-06,-2.3597923964912374e-05,-0.017979750633239748,-0.01889407813549042,-0.04,0,True,-0.02107140676839698,-0.040325084733134973
1067.0,12.004212379455566,-0.03996780142188072,3.1002034194164763,3.5899624444637094e-05,4.158835880295797e-05,-0.020136459412022332,0.00020801582132337875,0.0006717939963491464,-0.022365101128816605,-0.019399525076150895,-0.04,0,True,-0.04887213480756101,0.005078253588692648
1067.02,12.004680633544922,-0.03994594141840935,3.1000790282115567,-3.1645924875290475e-05,0.0002536503986946206,-0.019268614357290582,0.0011420401915513798,-0.0020747765119807355,-0.015045585930347443,-0.014758142456412316,-0.04,0,True,-0.024117119600436856,0.05660775084677966
1067.04,12.005123138427734,-0.03998878225684166,3.100139419586015,-6.938793893959005e-05,0.00038838242283771715,-0.022019442189535797,-0.0030095058221423074,0.0013116221662679832,-0.02426645785570145,-0.02215295508503914,-0.04,0,True,-0.02150133703020503,0.04708720112789571
1067.06,12.005497932434082,-0.039974793791770935,3.100016382259765,0.0003334055551557703,0.00013718882082514177,-0.020959911903642603,-0.0017995913243320602,0.004505022143773341,-0.02069728717207909,-0.021795005053281784,-0.04,0,True,-0.059197232108628935,0.08802237476407157
1067.08,12.005982398986816,-0.0398002490401268,3.1003083491897776,-0.0003506598821788633,0.00019119259008334966,-0.02185656637443717,-0.002050887800367271,0.004438770086577377,-0.02115393772721291,-0.018833125680685046,-0.04,0,True,-0.038858258162320504,0.02051568592113986
1067.1,12.006361961364746,-0.03987179324030876,3.100439429983058,-0.00015597355639014555,-0.0002295792478764581,-0.02400439292597659,-0.002048693340651856,0.004967013469138585,-0.028396769762039187,-0.020696426630020144,-0.04,0,True,-0.07722665134116569,-0.0278847305935743
1067.12,12.006876945495605,-0.03989701718091965,3.1004945211929407,-0.0003117560192611043,-0.0002601168521291405,-0.02512810284251861,0.0009046958624913208,0.0029528770399576795,-0.022982661575078965,-0.022030802965164187,-0.04,0,True,-0.07407094526850826,-0.02204880541985562
1067.14,12.007423400878906,-0.039890043437480927,3.1004137433372967,-0.00024468677438799295,-0.00015700289897351352,-0.0271380440109478,0.00045586504013447274,0.002274243696283086,-0.02865040332078934,-0.02693877160549164,-0.04,0,True,-0.05520538072356479,-0.03526769083078257
1067.16,12.007987976074219,-0.03995515778660774,3.1005445793529747,2.0967454114659316e-05,4.489616280859078e-05,-0.027782241995929283,0.0007495456557917303,0.0026748656529855183,-0.02592357397079468,-0.026286775916814806,-0.04,0,True,-0.04506751992251715,-0.03938522714955951
1067.18,12.008529663085938,-0.039997607469558716,3.100621369478761,6.405671618072404e-05,4.84273496063901e-05,-0.02842082338387031,0.000614298440581681,0.0021455982026705265,-0.029786196798086167,-0.028419350385665895,-0.04,0,True,-0.04075308849536034,0.027880980069456784
1067.2,12.009095191955566,-0.04004813730716705,3.10070851044518,0.00014552096647780577,5.532178930904052e-05,-0.02873350443632695,0.002720271834005191,-0.00019794113201317094,-0.027256089448928836,-0.027573177814483645,-0.04,0,True,-0.05003405495489739,-0.02204054823472303
1067.22,12.009693145751953,-0.0400322750210762,3.10058539119351,-0.0003369983559838687,0.00011396780840151,-0.03039829109057366,0.0014102314168274674,0.0045047221018376,-0.02850270509719849,-0.02873427227139473,-0.04,0,True,-0.0414634841835991,0.014374431815842912
1067.24,12.010275840759277,-0.040266551077365875,3.1005287440624136,0.00018305324496451492,2.9250809053819e-05,-0.03178496639231743,0.00031028014906359005,0.0009116217942092794,-0.030458641052246098,-0.029798226654529573,-0.04,0,True,-0.05809122376230193,0.026234303545625264
1067.26,12.010954856872559,-0.04021002724766731,3.100981747246908,0.0001531359872047885,0.00017649878520067317,-0.03173790211855522,0.002693397645037904,0.0032955527479369136,-0.02790952563285828,-0.028651375472545627,-0.04,0,True,-0.06818889773014138,-0.11871368064354182
1067.28,12.011634826660156,-0.040177326649427414,3.1007814401887166,-0.00017546919380445223,0.00017673599918129087,-0.03338080233730688,-4.293650098077676e-05,0.0019008031516349413,-0.03486151844263077,-0.03271466836333275,-0.04,0,True,-0.06633635307947283,-0.040252816528727975
1067.3,12.012221336364746,-0.04035065323114395,3.100849035413345,0.0002637383903165516,-0.0002563620778936574,-0.03585340290898001,0.0006161758577598821,-0.004992372349637108,-0.02946622118353844,-0.030601184368133548,-0.04,0,True,-0.10354650483529493,-0.0694097917049624
1067.32,12.012944221496582,-0.04037207365036011,3.1006808083145443,0.0003490697148244357,-0.00040129273716136605,-0.03709187463867043,0.0014247694919207602,-0.0023086035280860296,-0.03230693519115448,-0.03199955686926842,-0.04,0,True,-0.10380974437349251,-0.03680673486435238
1067.34,12.013818740844727,-0.04037611186504364,3.1005823574589373,1.948725608799961e-06,-5.601321950596409e-07,-0.04002162250537128,-0.0001645046336783201,-0.0022572305884550285,-0.03759448111057282,-0.03804107010364533,-0.04,0,True,-0.07525072978684501,0.07030402179687975
1067.36,12.014595031738281,-0.040412578731775284,3.10059675190647,-1.7521216651732836e-05,-5.3821209675340314e-05,-0.041685581887178726,-0.00031938069654585373,-0.001043735637510571,-0.04227885276079178,-0.043156013190746315,-0.04,0,True,-0.08387738491490845,0.04536497737126325
1067.38,12.015420913696289,-0.04046877101063728,3.100668456966268,1.8481551472458537e-05,-5.376540250531131e-05,-0.041873461291939244,0.00019216144457693857,0.0006319493941241426,-0.0388827782869339,-0.03937431782484055,-0.04,0,True,-0.0699575590787381,0.035921809512598116
1067.4,12.016277313232422,-0.04048322141170502,3.1005973094635433,1.0242810921773183e-05,-5.761715431366158e-05,-0.04380206543187608,0.0003770763801551019,0.0013205946616220445,-0.04077828019857407,-0.04101117938756943,-0.04,0,True,-0.09034223452439714,-0.0025626932212069902
1067.42,12.017165184020996,-0.04052852466702461,3.1006329134104673,3.2832811068762336e-05,-0.00010946177598690725,-0.045618227231681144,0.000152737251808682,0.0006165141725583746,-0.04207036375999451,-0.0432514175772667,-0.04,0,True,-0.09576918574207267,0.01208355324582302
1067.44,12.018095016479492,-0.040586333721876144,3.1007023994794,0.00010110362905909435,-0.00015434211554728286,-0.048912960649144466,-0.000382957069715937,-0.0012487510952075265,-0.04432373642921448,-0.044632029533386235,-0.04,0,True,-0.0917182561452687,-0.03712793943707445
1067.46,12.01906681060791,-0.04063041880726814,3.1007177781000728,0.0002231150960477449,-0.00022298159900879122,-0.04953499615129809,0.0005326592042551371,0.001598633653789105,-0.04624724715948105,-0.04647003263235092,-0.04,0,True,-0.09993340939018273,-0.038165205906437495
1067.48,12.020188331604004,-0.04061257094144821,3.1004974093759268,-0.00023011682770652576,0.00022057935003212117,-0.0511395259234909,-0.0005012711591756032,-0.0016496404933412105,-0.04825010299682617,-0.048607850670814516,-0.04,0,True,-0.07998290757438703,0.015543424794234836
1067.5,12.021122932434082,-0.040733035653829575,3.1007608041027703,0.0001554547470247337,-0.00016898255697353742,-0.05361289998288849,-0.0006928668421695521,-0.002436702299953848,-0.04846144169569016,-0.049516772925853735,-0.04,0,True,-0.11097001600549905,-0.04522140758697511
1067.52,12.022184371948242,-0.04071434587240219,3.1005704282399327,-0.00014487809868640153,-0.0004472586079373032,-0.05531159325508961,-8.940697260613646e-06,-5.277111669870574e-06,-0.04985142260789872,-0.04732388436794281,-0.04,0,True,-0.10950565527693423,0.014519127059130265
1067.54,12.023354530334473,-0.04075011610984802,3.1005228419160766,-7.557192051141369e-05,-0.0004180709999532556,-0.05841259743172994,-0.0006178728832075576,-0.002019078953165614,-0.05222123861312867,-0.05178697675466538,-0.04,0,True,-0.04238900928609187,0.03995799893748483
1067.56,12.024609565734863,-0.04079332575201988,3.100496987206993,3.9179500045718674e-06,-0.0002168139332804854,-0.05989997834563767,-0.0001358182966463865,-0.00048811032861184584,-0.05624128222465516,-0.056112198829650885,-0.04,0,True,0.06500806789734491,0.01616250147508133
1067.58,12.02579402923584,-0.04087551310658455,3.1005992777865172,2.9961956364071585e-05,-0.00038893721308964874,-0.05700402072577276,0.0002404333744184862,0.0007599376150420306,-0.059169941544532784,-0.06201425105333329,-0.04,0,True,0.20674277035564137,0.03607267609517114
1067.6,12.026972770690918,-0.04090036451816559,3.1005313794136438,0.00022037284240733677,-3.810589682644717e-05,-0.050110947823306745,0.0003100833432186814,0.0012877230063354599,-0.06027269750833512,-0.06032407552003861,-0.04,0,True,0.3398128229580663,0.033231151284368515
1067.62,12.027910232543945,-0.040956225246191025,3.10058363692528,0.0002935428877670382,1.4640522634363098e-05,-0.04187317580329367,0.00018125847263597583,0.0008667351344454525,-0.05495405733585358,-0.05762921869754792,-0.04,0,True,0.38736152025853604,6.026528856559044e-05
1067.64,12.028614044189453,-0.040982674807310104,3.1006000050475,0.00035862985580688143,6.0534642725848224e-05,-0.032714952508939826,0.0005886597133726906,0.002170381774142773,-0.05495405733585358,-0.05762921869754792,-0.04,0,True,0.36081454326084234,0.007653958630126252
1067.66,12.02914047241211,-0.041027337312698364,3.100668616597273,0.0002242399472887778,0.00021589443797988508,-0.02601509910502998,0.00013913266065233593,0.0007647588381272871,-0.03493756949901581,-0.03362031638622284,-0.04,0,True,0.28307727127957066,-0.0035651810441006187
1067.68,12.029585838317871,-0.04105467349290848,3.1007050099555755,8.691207895202719e-05,0.00042460392325191065,-0.02124578436238357,0.0005062812645847143,0.0019000396967467435,-0.02946886330842972,-0.025987197756767274,-0.04,0,True,0.1853682849467068,-0.03557405045635935
1067.7,12.029989242553711,-0.04105249419808388,3.1006448176323302,1.302187657102012e-08,0.00040591094259180766,-0.019226994100884253,0.00015293513601243557,0.0005815206509168518,-0.023156961500644686,-0.019053840637207033,-0.04,0,True,0.1234542239871041,0.00013189403572054574
1067.72,12.03031063079834,-0.04109261929988861,3.10075200822324,0.00019122656433870244,0.00029613635970855305,-0.01788548971321677,-0.0002649512423000029,-0.000675542262363386,-0.021452039927244187,-0.021749699860811236,-0.04,0,True,0.060740512166359936,-0.04353395195022128
1067.74,12.03067684173584,-0.04110252857208252,3.1007151382493463,7.793382007928818e-05,0.000442062852059637,-0.016138761186070636,0.00020024927191509114,0.0007753103609849212,-0.019777769297361376,-0.01763753965497017,-0.04,0,True,0.036393526311793954,-0.022395221196374264
1067.76,12.03101634979248,-0.0410919152200222,3.1006509665745865,5.511139410215365e-05,0.0005403277497382362,-0.016386543389079196,-0.0004511515551200503,-0.0015826764592677916,-0.025189065337181092,-0.019030192941427233,-0.04,0,True,0.03469000364605885,0.014340384862391859
1067.78,12.031278610229492,-0.041121263056993484,3.100706842461209,-3.8122582446595625e-05,0.00023970202491113007,-0.016315511995943385,-0.00043730902456484884,-0.0012100970447914599,-0.016729628145694734,-0.017304814979434015,-0.04,0,True,-0.004033721130269922,-0.0045639875565023115
1067.8,12.031621932983398,-0.041110213845968246,3.1006253941064985,-9.596299787767304e-05,0.0002545397129344263,-0.015110289421534587,0.0001395459167402418,0.0004716885266269193,-0.01573248364031315,-0.013364360034465792,-0.04,0,True,-0.03254868522508013,0.028638732358462208
1067.82,12.031982421875,-0.041120924055576324,3.100618330485763,-0.00020203114287311344,0.0003174568783618231,-0.016461458876491936,0.0002119297609088404,0.00041019135646506836,-0.017234816923737527,-0.017401249408721925,-0.04,0,True,-0.019188450593920024,0.010004584582270498
1067.84,12.03222370147705,-0.041152577847242355,3.1006887016567166,9.123646991597502e-05,-0.000163025764014623,-0.018990438207083238,0.0002043327721345142,0.0007084221294071011,-0.0175730224698782,-0.01832313194870949,-0.04,0,True,-0.06432724434166784,-0.008576291496751027
1067.86,12.032593727111816,-0.04119214788079262,3.100739657769726,-9.294064364933178e-05,-0.00016165888669742118,-0.01785058804345559,0.0017998777960782446,-0.000409730278210548,-0.014681740403175355,-0.02425258591771126,-0.04,0,True,-0.05816669025796839,-0.015796381028521798
1067.88,12.0331392288208,-0.04118867218494415,3.100682067876851,-0.000253388731388215,0.0005778307617657312,-0.02025646896887796,-5.421664134963838e-05,-0.0002144147931144888,-0.014681740403175355,-0.02425258591771126,-0.04,0,True,0.007058146696734965,-0.005116769466084876
1067.9,12.033403396606445,-0.04132311791181564,3.100585552063506,0.0003122094134979419,0.0001925375827416849,-0.0211147940971384,-0.0003639835471655248,-0.0008535191258191179,-0.024864607602357865,-0.02436967492103577,-0.04,0,True,-0.038808243953162194,0.027495246415930652
1067.92,12.033843040466309,-0.04121452197432518,3.1006715484732674,-0.0001308546192482251,0.0002607772489162434,-0.01842578647134335,0.00010870257641559518,0.00029908057211951996,-0.019217136055231097,-0.017302652150392533,-0.04,0,True,-0.012537365700222106,0.0017257294128391791
1067.94,12.034282684326172,-0.04123230278491974,3.1006713762396605,-0.00025022986636317085,0.0003618273271144248,-0.020955247559714566,-0.0013456707026975449,0.0017898894350681551,-0.022643964737653736,-0.018029552027583124,-0.04,0,True,-0.016354595862351495,0.015577756358462714
1067.96,12.034611701965332,-0.04125766456127167,3.1007059943226207,-3.7910708183669167e-06,-4.08697090918922e-05,-0.021259458224894816,-3.436348835313249e-05,-7.635644008748005e-05,-0.021209450513124468,-0.022029261291027072,-0.04,0,True,-0.07779970595335665,-0.013993346563390602
1067.98,12.035082817077637,-0.04128413647413254,3.1007287432183115,-0.00019281163645456224,-2.414258877490159e-06,-0.02242316176612533,0.00012281007794063908,0.0003927013828567657,-0.018553631007671358,-0.019407056123018268,-0.04,0,True,-0.053118255506527656,-0.039087632996150416
1068.0,12.035542488098145,-0.04128129407763481,3.1006654399580604,-0.00036154678339082115,-9.748196682518268e-05,-0.02464976294760622,-0.0002795730342742606,-0.0008203871529507102,-0.02638935774564743,-0.024473635703325274,-0.04,0,True,-0.0673483262314595,0.005523817946255838
1068.02,12.0360746383667,-0.04131540283560753,3.100702792350289,-4.6607860396548736e-05,6.617683410208651e-05,-0.025204708000232914,-0.0004208515984279095,-0.0013371212046210338,-0.024043602496385576,-0.024890852570533754,-0.04,0,True,-0.06072001599705765,0.002988221712649116
1068.04,12.036582946777344,-0.04131600260734558,3.1006403633503847,-7.493544893154567e-05,5.066769232492828e-05,-0.026647324323406676,0.00013551522667963568,0.0003655489956125851,-0.0282405161857605,-0.026719983220100406,-0.04,0,True,-0.04810412368627249,0.0031045799881641435
1068.06,12.03709888458252,-0.041332922875881195,3.100621773521942,-0.00015596521622659386,2.815639536737898e-06,-0.027280763045885524,0.00016176341313439897,0.0006317591198684775,-0.02564138397574425,-0.02614159464836121,-0.04,0,True,-0.06093008545518989,0.017119681994139945
1068.08,12.03767204284668,-0.041379403322935104,3.1006946838777094,0.00011132316585970682,0.00010620326728827462,-0.02849809284250452,-0.00011829533088365232,-0.0005720207538978046,-0.02770348578691483,-0.02537246093153954,-0.04,0,True,-0.03621941357445245,-0.016033079717963552
1068.1,12.038254737854004,-0.04141772538423538,3.1007533330798784,0.00021097353507438661,0.00013494765519187797,-0.03007911483664367,3.3621553305188514e-05,3.2453354908916216e-05,-0.03020601511001587,-0.02942902281880379,-0.04,0,True,-0.04475723368243883,-0.013561557380801227
1068.12,12.038861274719238,-0.0413997620344162,3.100594601690073,-0.00020814586220699438,0.00017635976066701197,-0.029544877409360237,0.0012568605630138706,-0.0009170973818233325,-0.02859045431017876,-0.02928790956735611,-0.04,0,True,-0.06262363680078127,0.011266397296876372
1068.14,12.03950309753418,-0.04143385589122772,3.1006243697903346,-0.00039099139239433776,0.0002850381558830035,-0.03086134174048755,-9.758291493455382e-05,-0.0004531654705977175,-0.029791054427623753,-0.030410044938325886,-0.04,0,True,-0.041644218314943054,-0.0032164991587518813
1068.16,12.040029525756836,-0.04157674312591553,3.1006213160871634,-2.9583234184860815e-05,-0.0002347817935632699,-0.033507983786576705,0.0001439242150236995,0.00032929102985404713,-0.030663473010063173,-0.031436677873134616,-0.04,0,True,-0.0997358760850511,0.02618841896133042
1068.18,12.040721893310547,-0.04151104390621185,3.1007170798422306,-0.00024378128697433114,-0.00031981359626583825,-0.033410652301845555,0.0012682830248137967,-0.00022486657779173159,-0.03329897224903107,-0.03178222358226777,-0.04,0,True,-0.09831110262516314,0.008807949566508244
1068.2,12.041539192199707,-0.041521064937114716,3.1006209449724613,-0.0001624260794009613,8.065465064970893e-05,-0.037523747496179746,-0.0017233889183842208,0.00117797613508715,-0.03774934738874436,-0.035359542816877365,-0.04,0,True,-0.0645396354131005,0.00631187629463834
1068.22,12.042169570922852,-0.04164445772767067,3.1006063804641113,0.0001787599592502295,-0.0003269402547407594,-0.03872622995049345,-0.0009125432498380934,0.0002514704947223012,-0.03501343488693238,-0.036008576154708864,-0.04,0,True,-0.10079026271851046,0.003698056001012538
1068.24,12.043034553527832,-0.04156194627285004,3.1007155541779703,0.0001751307883158127,3.6583988742371396e-05,-0.03867115461962005,-0.001965624765897142,0.000834241133424655,-0.036217336356639866,-0.03452260985970498,-0.04,0,True,-0.058585893435777615,-0.06008246484859142
1068.26,12.04382038116455,-0.04156504571437836,3.1007371974818083,0.00020830217406565162,3.124174041964598e-05,-0.04147387331931906,5.1798156119682104e-05,7.09779022890024e-05,-0.043516633510589604,-0.04178293436765671,-0.04,0,True,-0.06592159003441392,-0.05343188157469486
1068.28,12.044636726379395,-0.04149037227034569,3.1006876842631352,-0.00041961664709350523,1.4409517372454317e-05,-0.04221061897103769,0.0008516324677387134,-0.003628621052795792,-0.03917833745479584,-0.039191058874130255,-0.04,0,True,-0.08949884461670649,-0.07515549229418288
1068.3,12.04548454284668,-0.04178411513566971,3.1006120586962944,7.965275299911173e-05,3.266903952883303e-05,-0.043999957153241766,0.0011304387706349206,-0.0040230800312494,-0.040037765502929694,-0.04064955979585648,-0.04,0,True,-0.07500601268642092,-0.02381687381790878
1068.32,12.046405792236328,-0.041768111288547516,3.100425264493747,0.00014995489368539928,0.00011562479745668305,-0.045831062188950056,0.0044406249870397995,-0.005178198250104507,-0.037478039860725405,-0.0471479082107544,-0.04,0,True,-0.08671165342566559,0.0738822941990214
1068.34,12.047333717346191,-0.04179961606860161,3.1004153510793087,-0.00023692649520882703,2.2191493314050984e-05,-0.047474354334227274,-0.0005612978518169376,-0.001834372003141967,-0.04427921354770661,-0.044597664177417756,-0.04,0,True,-0.07394166289317904,0.069851819761308
1068.36,12.048285484313965,-0.041996218264102936,3.1002734284031273,0.0002792094118053976,-2.2507741237692604e-05,-0.04914755124508463,0.0006569860330168688,0.0022819624831205447,-0.041462650001049046,-0.04246230989694596,-0.04,0,True,-0.1027297892720237,0.11589786687250768
1068.38,12.049281120300293,-0.04189559444785118,3.1004653089360428,-6.115417243836628e-06,-0.00021417351942913473,-0.04991529018470752,0.0004805074366330468,0.00156506554966604,-0.050930838584899905,-0.044610227048397066,-0.04,0,True,-0.11287378101945628,0.05110640484087181
1068.4,12.050332069396973,-0.04198303818702698,3.100607821492397,-3.530332740683382e-05,-0.00031324217532930466,-0.054049445330727836,0.0015095957993193107,0.004093631099714027,-0.04787155836820603,-0.049833441972732546,-0.04,0,True,-0.13302035520257502,-0.04114857552516177
1068.42,12.051321983337402,-0.04200220853090286,3.100540556323282,-0.000520267745056574,-0.000887902180962689,-0.05650425681580123,0.003464438475929575,0.0022541403841356794,-0.04787155836820603,-0.049833441972732546,-0.04,0,True,-0.13443177860826738,-0.008983957298052833
1068.44,12.052600860595703,-0.04229405149817467,3.100600918891105,6.361592413812986e-05,-0.000273708211765347,-0.0597891796613112,0.0024047333111915266,-0.0010099235588987591,-0.050434242188930514,-0.04969851315021515,-0.04,0,True,-0.045779562820238116,-0.04836616234211804
1068.46,12.053786277770996,-0.04235803335905075,3.1006456401667735,9.581847537575209e-05,-0.00038440293603852766,-0.06066983247335913,0.004393941282972288,0.000846348965822467,-0.06393502473831178,-0.06245807379484177,-0.04,0,True,0.050353862269439734,-0.02378794208110654
1068.48,12.055103302001953,-0.042371269315481186,3.100527027607685,-0.0001882885671536628,0.00010210656382716572,-0.057711810356343554,3.95004481433185e-05,0.0002243381123481034,-0.05851155698299409,-0.05850008726119996,-0.04,0,True,0.20771125189188566,0.029724790002653934
1068.5,12.056157112121582,-0.04255211353302002,3.100608264240548,0.00019520982116955212,-9.128855348702247e-05,-0.05247594783424971,8.874165726528672e-05,0.00035110501764888685,-0.05709006875753403,-0.058975329697132116,-0.04,0,True,0.30083723773915555,-0.014012434739707988
1068.52,12.05721378326416,-0.042486753314733505,3.100618865940093,0.0002487407897663968,-1.5338673335395905e-05,-0.04317227950997546,0.0004405177574380401,0.001368059641311393,-0.055191779732704165,-0.05452008336782456,-0.04,0,True,0.36555386654060434,-0.002463246315119778
1068.54,12.05798053741455,-0.042537134140729904,3.1006737285681853,9.42683988264236e-05,0.00018611197707334737,-0.036602853454248574,-0.0014862821424252968,-0.00027464581335315263,-0.052203998565673836,-0.0519382256269455,-0.04,0,True,0.34878341206605057,-0.008442897924067308
1068.56,12.058552742004395,-0.042547956109046936,3.10063647237899,-4.857961476128979e-05,0.0003832553510764845,-0.028467501033121803,7.1331635787760545e-06,2.7278407138700383e-05,-0.03787145048379898,-0.03545494824647904,-0.04,0,True,0.26086597112319687,0.0015571125031225
1068.58,12.059087753295898,-0.042553097009658813,3.1005862925754797,-0.00013582887653175305,0.00044747718161336665,-0.024573274868991045,-0.0001096754397736262,-0.0003243268162758835,-0.02805582195520401,-0.026265160143375398,-0.04,0,True,0.21733872359171344,0.010511366584363803
1068.6,12.059489250183105,-0.04258057102560997,3.100621048212664,0.00017784110461193273,0.00020387024595872638,-0.02230300182013869,0.0003903656580914592,0.0014926286415610796,-0.02707154750823975,-0.02664361819624901,-0.04,0,True,0.12078620514716622,-0.011215899145849223
1068.62,12.059945106506348,-0.04260895773768425,3.1006477824228833,8.887335542067694e-05,0.00046324003330651923,-0.01921575556692731,0.00016990417103998807,0.0005662635133951868,-0.02023229613900185,-0.02149083212018013,-0.04,0,True,0.08438316124443968,-0.008452386629523516
1068.64,12.060334205627441,-0.04265224188566208,3.100755882670315,0.0001762594608499592,0.0005936952536706087,-0.01880460462132983,-0.000254200309138798,-0.0008699935245309715,-0.02379070430994034,-0.021377683877944947,-0.04,0,True,0.09260230152030578,-0.06148303832563048
1068.66,12.060623168945312,-0.042629603296518326,3.1006315936565514,-8.731895648694667e-06,0.0002551383396053643,-0.017822621969422824,-0.000635833448520958,-0.0010005177466390716,-0.01881361693143845,-0.01923136577010155,-0.04,0,True,0.08509596479737006,-0.02901976418739087
1068.68,12.060993194580078,-0.0426216684281826,3.1005514487307013,-2.9343613078143946e-05,0.0002785350542154446,-0.014894817698499908,0.00099241903868166,-0.003426014424498865,-0.01804948687553406,-0.01455869071185589,0,0,True,0.15507496612838728,0.01519382676832776
1068.7,12.061371803283691,-0.04261652007699013,3.100567741003152,-6.624975522848284e-05,0.00035826389866186866,-0.01240807838312455,0.0011595180067897083,-0.0017553176216005694,-0.018773371726274492,-0.01926071494817734,0,0,True,0.21487621044611785,0.012139625443136483
1068.72,12.061521530151367,-0.04278045892715454,3.1004818015163553,-3.629966088137287e-05,-4.971052833133202e-05,-0.006398607331070132,8.71797085196183e-05,0.0003455126169341438,-0.01870337784290314,-0.01915937960147858,0,0,True,0.25889530867786975,0.04288845036657692
1068.74,12.06161117553711,-0.04276299849152565,3.1004911682468235,-0.0001300722000580245,-1.436742005783983e-05,-0.0006325251337490317,0.00029454018314715026,-2.9347711189036165e-05,-0.010054549425840378,-0.010555799007415772,0,0,True,0.28911629132733957,0.021089805404241938
1068.76,12.061504364013672,-0.04264967516064644,3.100579089740056,-0.00016569213088273079,-0.00012385984149797464,0.005816806995710836,-0.00015665109621652618,5.061604824168227e-06,-0.006856142506003381,-0.004251976385712624,0,0,True,0.24981325106807448,-0.03135576379097323
1068.78,12.061421394348145,-0.04264214262366295,3.100565393186257,-0.0003231439887925962,0.0004013680504682899,0.010721224923041577,0.0004055282829440421,-6.813318926274882e-05,0.004359695911407471,0.004443149715662003,0,0,True,0.22368394916163695,-0.037277886906423946
1068.8,12.061057090759277,-0.04274885728955269,3.1004822064447413,1.452820192624346e-06,0.00012204653336922805,0.013586452754357648,0.0012323561942272371,-0.0021629484863414337,0.005576704479753972,0.006005792133510113,0,0,True,0.16707052269937245,-0.011004696266181413
1068.82,12.060752868652344,-0.04276023432612419,3.1004857175916825,7.73976510223225e-05,0.00014683352806957558,0.01726219079916565,0.0009183223133753,-0.0030115786637002397,0.014630431756377222,0.017733872905373576,0,0,True,0.12535014998151767,-0.0236213153870663
1068.84,12.06041431427002,-0.04270350933074951,3.100406053861149,-2.5948732217087282e-05,0.0003953924383334391,0.019182448811648475,-0.00022461083853906921,-0.0008753140964695441,0.015286486595869066,0.014979465529322626,0,0,True,0.10329910948164037,0.010378650275694823
1068.86,12.060038566589355,-0.04265879467129707,3.100324466893161,-4.2240869898698175e-05,0.0005812316643267761,0.02074923692155387,-0.0008929054811568997,-0.001957838420226334,0.014879260882735253,0.01767028667032719,0,0,True,0.09106604660583552,0.07565480105306051
1068.88,12.059524536132812,-0.04266771674156189,3.1004121813170236,-8.072059096243745e-05,0.00023217493265802354,0.02185038151290485,-0.00040216982665172924,-0.0013326564642842432,0.019933292716741564,0.019712688326835634,0,0,True,0.05617652500631632,0.021074432443121762
1068.9,12.059097290039062,-0.042620379477739334,3.100329090518064,-0.0001356676757337822,0.00028115933620231513,0.024547474527646572,0.0007401951322849854,0.003040805420556299,0.022254366576671604,0.02515202030539513,0,0,True,0.009177718782618811,0.04069297049202874
1068.92,12.058669090270996,-0.0425993986427784,3.100299441344006,-0.00022788921619094316,0.0004230813575019478,0.023676570812162467,0.00016123705069794958,0.0008106404989834551,0.022349576950073245,0.021898194998502735,0,0,True,0.005455053425908723,0.046383578118684266
1068.94,12.058073997497559,-0.04263694956898689,3.100567731326806,-0.0001880860307003076,-5.930865665723047e-05,0.021483454424164793,0.00039342784404767974,0.001297599219142257,0.022349576950073245,0.021898194998502735,0,0,True,-0.050255726175714485,-0.02905637092023883
1068.96,12.057631492614746,-0.04260241240262985,3.100477032556942,-0.00026587854343754344,-7.019618974694465e-05,0.02228678578697715,0.0005884226671060689,0.002378029785207123,0.02492731034755707,0.02794092029333115,0,0,True,-0.062343635166648544,-0.019939952464015556
1068.98,12.057378768920898,-0.04258133843541145,3.1004328984555953,-0.0001443666849186145,0.0002796335299878435,0.02052701643359307,-0.0015854439242420646,0.000716295746939307,0.01971830114722252,0.0219274377822876,0,0,True,0.007462250102740673,0.024313421030003148
1069.0,12.056885719299316,-0.042573146522045135,3.1004896837268223,0.00024517707502923994,-8.440464677039921e-05,0.01868907999883512,-0.0007048230487641736,-0.0007845556981363385,0.014349315613508226,0.012491368278861046,0,0,True,-0.013335402183607363,-0.0009193913780308816
1069.02,12.056438446044922,-0.042442649602890015,3.100625034986561,7.23007611760675e-05,-6.228851348806556e-05,0.022080434432383503,-0.0022374084341084967,0.00324267290154074,0.021376315355300907,0.02330272376537323,0,0,True,-0.029197421903991955,0.0001324105607105798
1069.04,12.056139945983887,-0.04248463734984398,3.1004142681010913,0.00033370179056841775,0.00043612058146260877,0.02121995361228953,-0.0024758087277163138,0.0023044784749647195,0.0219848145544529,0.02356024488806725,0,0,True,-8.50826681259534e-05,0.024143333693981753
1069.06,12.055621147155762,-0.04233014956116676,3.1006923122877184,9.374983870656553e-05,-0.0001384307892483844,0.018191222681275838,-0.00020821257182697785,0.0007268885917961437,0.01621869407594204,0.016400623098015786,0,0,True,-0.117808339538836,-0.09512568176573265
1069.08,12.055197715759277,-0.042305365204811096,3.1006740420048193,-0.00017152168733609958,-0.0003186173520223118,0.01868227338538505,0.000911872233632933,0.0011469109973804453,0.022953688949346546,0.023656680881977084,0,0,True,-0.21902811402845265,-0.09401093688769747
1069.1,12.054985046386719,-0.042366500943899155,3.100683186073905,-0.0002662004991828832,7.277866160461593e-06,0.012655767269285195,0.00211192489682537,-0.004367381639710951,0.01923678144812584,0.018782922178506852,0,0,True,-0.2606018519517508,-0.09296074826110846
1069.12,12.054643630981445,-0.04249638691544533,3.1005060209808817,9.581324351181859e-05,-0.00037477073138756224,0.0036977044900292563,0.0017633489748583738,-0.005216396476044238,0.014197642728686333,0.014741805195808411,0,0,True,-0.3638791563199384,-0.050024990113903295
1069.14,12.05460262298584,-0.04245755448937416,3.100342921756541,0.00012252700729670972,-0.0003287090254610444,-0.0026569254749045164,0.0004883856236546191,-0.006709971269106906,0.011208712607622148,0.010198609903454782,0,0,True,-0.3407217422979105,0.09479581208111695
1069.16,12.054896354675293,-0.04243416339159012,3.100256730286735,0.00037538200212528156,9.402935076726714e-05,-0.010428059120266283,-0.0008591416557327273,-0.0028550882117395534,0.049131315797567375,0.0019741053879261017,0,0,True,-0.23447046310328346,0.080907643947174
1069.18,12.055195808410645,-0.04241430386900902,3.100146388372375,-7.236328255453246e-05,-5.0234473474221066e-05,-0.014601972114600329,0.0008200450219619192,0.0032162833267930613,-0.00896423064172268,-0.010951349511742594,0,0,True,-0.15830099187301236,0.14888277927397242
1069.2,12.055480003356934,-0.04246218875050545,3.100277613923942,5.8663722544280935e-05,-0.00011836913105974614,-0.01505993255826967,0.0003580787625664832,0.001256215039742191,-0.012198759987950326,-0.014774442166090014,0,0,True,-0.00925019429455034,0.02459643790789105
1069.22,12.055767059326172,-0.042571503669023514,3.100600224422684,0.0001029001328436613,-0.00013124812338601415,-0.015321004824733987,0.0014949859594472067,0.005200651072800055,-0.0115449196100235,-0.012043887972831728,0,0,True,0.07623665069098774,-0.059580020511412875
1069.24,12.056098937988281,-0.042512547224760056,3.1003572274899143,4.0928179491009903e-05,-0.00015079914752034746,-0.011168074663829637,-0.00027482458383084544,-0.0008873731791100591,-0.014056429862976075,-0.01367428556084633,0,0,True,0.13699218656454765,0.01199353555111321
1069.26,12.056415557861328,-0.04258403182029724,3.100562440458199,0.000218776320242944,0.00038303532822655124,-0.008503040059326856,-0.0009630097681744216,-0.0015501183141156337,-0.01551487132906914,-0.0151558156311512,0,0,True,0.21622757883758487,-0.09236791890607368
1069.28,12.056373596191406,-0.04247705265879631,3.1002066240696133,2.2530080114545155e-05,-0.00027887436399549225,-0.004100557633115826,-9.071231259244086e-05,0.002215697883830375,-0.011736465841531755,-0.013578675687313082,0,0,True,0.1670309410664391,0.012044181045092453
1069.3,12.056449890136719,-0.042522430419921875,3.100476214957555,0.0001942212396423876,-8.087655911212952e-05,0.0019772014822570694,-0.0007886904826163501,-0.002188782439679119,-0.0005075633525848389,0.05323994100093842,0,0,True,0.15640150927819385,-0.02476692908966468
1069.32,12.056427001953125,-0.042518869042396545,3.1005344833206205,0.0003238804664666342,0.00022202732128480645,0.002194400621473337,2.191842202215667e-05,7.616130449646085e-05,-0.0036631847731769087,-0.0025442137196660043,0,0,True,0.1090144699606326,-0.07435140565545659
1069.34,12.056260108947754,-0.042514488101005554,3.1003873378630247,0.00016751809403857648,-2.0329961374843054e-05,0.004009080682917272,-0.0005847363526062578,-0.003531472641287006,0.004049388747662306,0.004798615649342537,0,0,True,0.014829125597386158,0.006635908804311016
1069.36,12.056198120117188,-0.04247159883379936,3.100212716973973,8.252273730385666e-05,5.957520217215553e-05,0.0046205999637268505,-0.0003666113834383055,-0.0037324145686007414,0.004124666489660741,0.0012099195271730425,0,0,True,0.02910534057059022,0.057177610016096996
1069.38,12.056131362915039,-0.04246247932314873,3.1001936971462514,2.6434633372417784e-05,0.00014479764224214792,0.003163531530050255,-0.00033091750576114153,-0.0016579097353332116,0.0006071272864937783,0.00207800273783505,0,0,True,0.004311709967408095,0.055865028447702476
1069.4,12.056058883666992,-0.04247427359223366,3.100235890155132,-8.733878787106983e-05,0.00018887191695306384,0.004522827867125055,0.0014191853201447168,0.004650370105793061,0.0026244749780744317,0.0029930422082543374,0,0,True,-0.010921602464925772,0.04185312315756693
1069.42,12.056008338928223,-0.0424775630235672,3.1002547050841978,-0.0002253275695827865,0.0002779289330915671,0.004354017480310586,0.00030881435892190373,0.0009377296345378296,0.003081455994397402,0.0032299938984215264,0,0,True,0.02166554727853631,0.025689323239543357
1069.44,12.055831909179688,-0.0425700768828392,3.100584746582437,-1.4958484885218177e-07,-6.549463563958461e-07,0.0037468717665311,-0.0005949767508256153,-0.0003841647159889159,0.0033027415163815023,0.0030740555934607987,0,0,True,-0.01485603028495998,-0.09991431816418472
1069.46,12.055782318115234,-0.04247276857495308,3.1002687155170143,-0.00012798132304469862,9.284692784423107e-06,0.004896775312331583,0.0001671886239893567,0.00039723612382838773,0.008507731333374978,0.007930640876293183,0,0,True,-0.037471414552143145,0.029726251179180936
1069.48,12.055761337280273,-0.04241442680358887,3.100205156977853,-0.0002872119988924749,0.00021310031635890435,0.0033343454443293375,-0.00099850242229067,-0.003342775347334446,0.005917986333370209,0.004116453789174557,0,0,True,-0.03142979374674001,0.01734048745826268
1069.5,12.05561637878418,-0.042474742978811264,3.100286483974104,-0.00013269182987150595,-0.0001991157097133248,0.0013563043161418612,0.0009589979889423119,0.0033158297288701415,0.0029163606092333797,0.0019499251991510393,0,0,True,-0.05055628473557091,0.041446478767573805
1069.52,12.05556869506836,-0.04247922822833061,3.1003173245546507,-0.00011512770267340283,-0.0005468908347077487,0.0012324882667941865,0.0007798619476141685,0.0010030742806708367,0.005539930518716574,0.0030517829395830635,0,0,True,-0.031402300456525714,0.0679457754040034
1069.54,12.055670738220215,-0.04254494234919548,3.1005339818953237,8.563453332796554e-05,-0.0002471754849219258,0.0008522725334895889,0.0010357707652650404,0.0037129544252312765,-0.0020683171413838864,0.010070193689316512,0,0,True,0.0018884186135815835,-0.03507736405422009
1069.56,12.055660247802734,-0.04247269406914711,3.1002854029203064,9.196820004817561e-05,-0.00015229509918986213,0.0008221614078095655,0.0006035976783995999,0.002092886684980882,0.0010852741822600365,-0.0018261911161243918,0,0,True,-0.008170649469688958,-0.0032538046357600808
1069.58,12.05554485321045,-0.04255473613739014,3.1005835203281222,0.00015223955084322515,-0.0001793639909924534,0.0015073778052282505,0.0001914137023937093,0.000509640604535086,0.006159233562648297,0.003494415264576674,0,0,True,-0.01955163149063343,-0.06206044312367833
1069.6,12.055500984191895,-0.042524758726358414,3.100484755489449,9.728754080576239e-05,-0.0003274211775194999,0.0005788363092196643,-0.00014947109844461867,0.000742769909810267,0.0036081918329000477,0.0036397881992161277,0,0,True,-0.03090408677964352,-0.034449135299593515
1069.62,12.055549621582031,-0.042555298656225204,3.1005747531436865,5.038504950113071e-05,-6.884991235091761e-05,-0.0007118579857596629,-0.0003881695521303734,-0.0012518810246584752,0.0027948900125920775,0.001620482122525573,0,0,True,-0.03722275956067911,-0.02687815861384971
1069.64,12.055614471435547,-0.04245884343981743,3.1003448245130913,-4.2162373555762285e-05,-4.391910658061468e-05,-0.0016501655345666944,-0.0001999987039961834,-0.0006630441389919259,-0.002964013777673245,-0.0021632648538798096,0,0,True,-0.019093185931037888,0.005724126374027627
1069.66,12.05560302734375,-0.04252604395151138,3.1004833698461494,2.2027586621645182e-05,-0.00011682165445540057,-0.0014704429596318338,-0.0005089210937322946,-0.0016406120845770466,-0.002964013777673245,-0.0021632648538798096,0,0,True,-0.018765451500435012,0.008968799353763683
1069.68,12.055633544921875,-0.042514216154813766,3.1004317119583296,2.8972676681908727e-06,-2.7846047981093095e-05,-0.0009486185652663188,0.0007267085686139524,0.0012007000197333622,-0.04519426038488746,0.00016073761973530056,0,0,True,-0.005345045317037876,0.009491174600342137
1069.7,12.055668830871582,-0.042519453912973404,3.10044350417692,8.119983668985764e-05,-0.0001087836043677755,-0.0022130941057973653,-0.0001476043384095221,-0.0005343770763559938,-0.0002357486262917519,-0.0013579646404832603,0,0,True,-0.013812534255116823,0.018853122165419664
1069.72,12.05568790435791,-0.042520053684711456,3.10044088051467,4.35423603785633e-05,-0.0002289422077665267,-0.0020777691599293355,4.298602164493663e-05,9.624982903475447e-05,-0.0013641425175592305,-0.0019298177212476733,0,0,True,-0.01945878919706908,-0.015377325598101224
1069.74,12.055780410766602,-0.04252152889966965,3.100440619680041,9.543714438449966e-05,-0.00010417989108177725,-0.0025754457000401747,-4.023760969102965e-05,-0.00013236231134484513,-0.0013641425175592305,-0.0019298177212476733,0,0,True,0.0011189134106516395,0.0055696453483373995
1069.76,12.05579948425293,-0.042524490505456924,3.1004394119446523,3.611848614954466e-05,-0.0001973367327475777,-0.0025053217010304295,-4.72935006440768e-06,-2.948602811361684e-05,-0.002376570086926222,-0.00397482343018055,0,0,True,0.0006197520260999152,-0.0010301312634871523
1069.78,12.055874824523926,-0.04252471402287483,3.1004329151920125,6.858119513485909e-05,-7.651157699837937e-05,-0.0021235810329453156,-3.472139156157893e-06,-8.880544848940713e-05,-0.0010249669384211303,-0.0016367156617343426,0,0,True,0.009973793270595966,0.001670514402019304
1069.8,12.055888175964355,-0.04252792149782181,3.100438521632421,6.537955690941585e-06,-0.0001854309952423102,-0.0020281889978413874,-2.0955458718177313e-06,1.3839327955857225e-05,-0.0016967429034411908,-0.0035555027984082704,0,0,True,0.010290146498586726,0.0004432626197348577
1069.82,12.055950164794922,-0.042528241872787476,3.1004335152441618,4.8698720029537926e-05,-6.869708644489358e-05,-0.0017775422383932231,-4.413583578519818e-06,1.2788408165776396e-06,-0.0007759833708405495,-0.001411745585501194,0,0,True,0.0077598130901577345,0.0007637447152510222
1069.84,12.055961608886719,-0.04253099858760834,3.100440519090889,-2.440153738274767e-05,-0.00018178617019040156,-0.00168210998114424,-4.0136977267384635e-06,5.974981465139527e-06,-0.001067002657800913,-0.0028773970901966096,0,0,True,0.005552633854920714,-0.002020078584470297
1069.86,12.05601692199707,-0.04253021255135536,3.100433017499278,2.5767523043406996e-05,-5.614769529791319e-05,-0.0015027959857332614,-1.2487552312002134e-05,-2.7705871269380922e-05,-0.0007048672623932362,-0.0012877492327243091,0,0,True,0.014734265234455642,0.002130969770425306
1069.88,12.056022644042969,-0.042533136904239655,3.100438999630938,-5.043205269923494e-05,-0.00018519678753128942,-0.0015839782894468718,-6.91847948954115e-05,-0.00014776695880207888,-0.0006647256808355451,-0.002493831655010581,0,0,True,0.010305836797702582,-0.0006098510686716705
1069.9,12.056070327758789,-0.042532190680503845,3.10043129877446,3.3596091925696316e-06,-5.58029742933823e-05,-0.0005988010196344937,5.461474218090494e-05,0.0001717564224509316,-0.0005254568415693939,-0.001143885049968958,0,0,True,0.016555091326275615,0.0006108632857171896
1069.92,12.0560884475708,-0.04253068193793297,3.1004286977341846,-1.0411072837517436e-05,-6.265196543468082e-06,-0.0008576430373264402,-3.3785949079787656e-05,-4.28131040286884e-05,-0.0002772071957588196,0.00021672829985618593,0,0,True,0.022626731488227844,0.0025523298231155435
1069.94,12.05606460571289,-0.042536549270153046,3.100446758013074,-5.320137163500012e-05,-0.00016441427099701187,-0.00017838867962865248,-1.400870408207153e-05,2.1163191588088697e-05,0.0006287273159250618,-0.0005943423695862293,0,0,True,0.00886246522250718,-0.004220606724740693
1069.96,12.05609130859375,-0.042533259838819504,3.1004355745826158,3.9896081557442895e-06,-5.7805175109383035e-05,0.00022616022960970927,1.2855378965736553e-05,5.6419427046978905e-05,0.0005594988749362529,4.740843549370766e-05,0,0,True,0.018483776058701322,6.182117019704204e-05
1069.98,12.056084632873535,-0.042531657963991165,3.1004329918297873,1.3575373484919569e-05,-3.430057868038786e-05,0.00011019619816543578,-6.839956404129964e-05,-0.00016589211552801674,0.000299569497583434,-0.0012005276232957842,0,0,True,0.010431417810555225,-0.0002331945468674124
1070.0,12.056070327758789,-0.04253096505999565,3.1004332112883484,1.9375853891722805e-05,-3.4676344634359473e-05,0.0006210590473683208,-1.5669067451764255e-05,-3.7867410412929534e-05,0.001566241439431906,0.0004253184143453837,0,0,True,0.004329077218367032,-0.0006669211958394345
1070.02,12.056056022644043,-0.04253071919083595,3.1004334866438317,2.2638375931284155e-05,-3.1762893678783426e-05,0.0006561247452150065,1.9936009484250347e-06,2.507627838712672e-06,0.001861333176493645,0.0008295253850519658,0,0,True,0.005174942607320872,0.003007909285887487
1070.04,12.056041717529297,-0.042529962956905365,3.1004325451897827,2.3657949829478613e-05,-3.382069156429002e-05,0.0005724864070787569,4.934677710001806e-06,3.065731379872662e-06,0.001938081467524171,0.0008053000178188086,0,0,True,-0.008509389622125576,0.001248964076746624
1070.06,12.056032180786133,-0.04252965748310089,3.1004331924400144,3.1439497414662534e-05,-3.726286158560044e-05,0.000524191606750729,1.8791299969462152e-05,7.474062734276336e-05,0.002075032759457827,0.0008317323494702578,0,0,True,-0.01088619109555781,-5.6911430013104386e-05
1070.08,12.056024551391602,-0.042529474943876266,3.1004334565468588,3.52119433673509e-05,-3.970534060935822e-05,-5.969212240110617e-05,8.973350448260205e-07,6.204971572670951e-05,0.0020059088710695505,0.0006647808174602688,0,0,True,-0.010138386952920417,7.65044555472421e-06
1070.1,12.056014060974121,-0.042530495673418045,3.100439465894019,-2.7635607574121296e-05,-0.00016155050106027964,-0.0002147705424288262,2.9120992492261525e-07,-2.0452865623315383e-06,0.001957939323037863,0.000585366019513458,0,0,True,-0.010270722038497042,-0.0019481965367974627
1070.12,12.056046485900879,-0.042530231177806854,3.100437509167041,2.1451723565892913e-05,-5.9508528492729465e-05,-0.00023858454915413885,-8.762552580728572e-07,3.6777670242500424e-06,0.00033354492858052255,-0.00021522593684494498,0,0,True,0.003131934716334795,-0.0013111314924012748
1070.14,12.056049346923828,-0.04253038763999939,3.1004330288170894,2.5767638460289793e-05,-3.6109615988746145e-05,-0.00029746615633062225,-1.9660804607137212e-05,-8.111509560133488e-05,0.00031843520351685587,-0.0014094647252932192,0,0,True,0.006117427030649776,0.0003244161812100805
1070.16,12.05604362487793,-0.04253019019961357,3.1004337507682207,2.9415930990013775e-05,-3.695728987016639e-05,0.00019086265490616172,8.226909610648195e-07,-4.2840803665595196e-05,0.0015958003746345641,0.0001295656245201826,0,0,True,0.005960757632083745,0.00018138021785901794
1070.18,12.056037902832031,-0.04252990335226059,3.100432976686371,2.79965499363238e-05,-3.557094603247451e-05,0.00027462362002410177,-5.095364596661128e-06,2.3908007934525062e-05,0.0016586621571332218,0.0004332915646955371,0,0,True,0.006845687181995136,0.0014215268073072642
1070.2,12.056031227111816,-0.042529668658971786,3.1004340819027476,3.1554700704895673e-05,-3.877219444986423e-05,0.00023827606141348237,8.367870384112892e-06,1.818818445299952e-05,0.00181095352396369,0.0005261714011430741,0,0,True,-0.00030212973296844944,0.0007704080992597577
1070.22,12.05602741241455,-0.04252907633781433,3.100434941457724,3.294873378637181e-05,-3.107974599606485e-05,0.00025018881822849053,8.811638532952266e-06,3.260704898314283e-05,0.0018492115288972857,0.0005284208874218166,0,0,True,-0.0019484914725683283,-0.00019825751082538906
1070.24,12.056024551391602,-0.04253007471561432,3.100435205822977,2.837668999942918e-05,-2.509282483155791e-05,0.00016669227626870775,8.309278595577876e-06,1.8791844275129358e-05,0.0018752681557089091,0.000456741563975811,0,0,True,-0.0019343847146122703,-0.00016806678805633728
1070.26,12.056017875671387,-0.04252978414297104,3.1004355852502896,3.641693541837352e-05,-3.306316097045314e-05,0.00011874430221877727,1.3744991911861463e-05,8.047407068508363e-06,0.0019055285304784776,0.00045447172946296634,0,0,True,-0.003127360227858976,-0.00040758811228965605
1070.28,12.056017875671387,-0.04252978414297104,3.1004355852502896,3.641693541837352e-05,-3.306316097045314e-05,8.352528424464148e-05,-1.9563830995732958e-07,4.742841408504767e-06,0.0019055285304784776,0.00045447172946296634,0,0,True,-0.0020836534533607417,-0.0002348980534393306
1070.3,12.056017875671387,-0.04252978414297104,3.1004355852502896,3.641693541837352e-05,-3.306316097045314e-05,0.0,-0.0,0.0,0.0017869192361831667,0.0004055823222734034,0,0,True,-0.0014843037777360658,-0.00010059258835644603
1070.32,12.056017875671387,-0.04252978414297104,3.1004355852502896,3.641693541837352e-05,-3.306316097045314e-05,0.0,-0.0,0.0,0.0017869192361831667,0.0004055823222734034,0,0,True,-0.001044066053058968,-5.928551760636351e-05
1070.34,12.056017875671387,-0.04252978414297104,3.1004355852502896,3.641693541837352e-05,-3.306316097045314e-05,0.0,-0.0,0.0,0.0017869192361831667,0.0004055823222734034,0,0,True,0.0,0.0
1070.36,12.056017875671387,-0.04252978414297104,3.1004355852502896,3.641693541837352e-05,-3.306316097045314e-05,0.0,-0.0,0.0,0.0017869192361831667,0.0004055823222734034,0,0,True,0.0,0.0
1070.38,12.056017875671387,-0.04252978414297104,3.1004355852502896,3.641693541837352e-05,-3.306316097045314e-05,0.0,-0.0,0.0,0.0017869192361831667,0.0004055823222734034,0,0,True,0.0,0.0
1070.4,12.056017875671387,-0.04252978414297104,3.1004355852502896,3.641693541837352e-05,-3.306316097045314e-05,0.0,-0.0,0.0,0.0017869192361831667,0.0004055823222734034,0,0,True,0.0,0.0
1070.42,12.056017875671387,-0.04252978414297104,3.1004355852502896,3.641693541837352e-05,-3.306316097045314e-05,0.0,-0.0,0.0,0.0017869192361831667,0.0004055823222734034,0,0,True,0.0,0.0
1070.44,12.056017875671387,-0.04252978414297104,3.1004355852502896,3.641693541837352e-05,-3.306316097045314e-05,0.0,-0.0,0.0,0.0017869192361831667,0.0004055823222734034,0,0,True,0.0,0.0
1070.46,12.056017875671387,-0.04252978414297104,3.1004355852502896,3.641693541837352e-05,-3.306316097045314e-05,0.0,-0.0,0.0,0.0017869192361831667,0.0004055823222734034,0,0,True,0.0,0.0
1070.48,12.056017875671387,-0.04252978414297104,3.1004355852502896,3.641693541837352e-05,-3.306316097045314e-05,0.0,-0.0,0.0,0.0017869192361831667,0.0004055823222734034,0,0,True,0.0,0.0
1070.5,12.056017875671387,-0.04252978414297104,3.1004355852502896,3.641693541837352e-05,-3.306316097045314e-05,0.0,-0.0,0.0,0.0017869192361831667,0.0004055823222734034,0,0,True,0.0,0.0
1070.52,12.056017875671387,-0.04252978414297104,3.1004355852502896,3.641693541837352e-05,-3.306316097045314e-05,0.0,-0.0,0.0,0.0017869192361831667,0.0004055823222734034,0,0,True,0.0,0.0
1070.54,12.056017875671387,-0.04252978414297104,3.1004355852502896,3.641693541837352e-05,-3.306316097045314e-05,0.0,-0.0,0.0,0.0017869192361831667,0.0004055823222734034,0,0,True,0.0,0.0
1070.56,12.056017875671387,-0.04252978414297104,3.1004355852502896,3.641693541837352e-05,-3.306316097045314e-05,0.0,-0.0,0.0,0.0017869192361831667,0.0004055823222734034,0,0,True,0.0,0.0
1070.58,12.056017875671387,-0.04252978414297104,3.1004355852502896,3.641693541837352e-05,-3.306316097045314e-05,0.0,-0.0,0.0,0.0017869192361831667,0.0004055823222734034,0,0,True,0.0,0.0
1070.6,12.056017875671387,-0.04252978414297104,3.1004355852502896,3.641693541837352e-05,-3.306316097045314e-05,0.0,-0.0,0.0,0.0017869192361831667,0.0004055823222734034,0,0,True,0.0,0.0
1070.62,12.056017875671387,-0.04252978414297104,3.1004355852502896,3.641693541837352e-05,-3.306316097045314e-05,0.0,-0.0,0.0,0.0017869192361831667,0.0004055823222734034,0,0,True,0.0,0.0
1070.64,12.056017875671387,-0.04252978414297104,3.1004355852502896,3.641693541837352e-05,-3.306316097045314e-05,0.0,-0.0,0.0,0.0017869192361831667,0.0004055823222734034,0,0,True,0.0,0.0
1070.66,12.056017875671387,-0.04252978414297104,3.1004355852502896,3.641693541837352e-05,-3.306316097045314e-05,0.0,-0.0,0.0,0.0017869192361831667,0.0004055823222734034,0,0,True,0.0,0.0
1070.68,12.056017875671387,-0.04252978414297104,3.1004355852502896,3.641693541837352e-05,-3.306316097045314e-05,0.0,-0.0,0.0,0.0017869192361831667,0.0004055823222734034,0,0,True,0.0,0.0
1070.7,12.056017875671387,-0.04252978414297104,3.1004355852502896,3.641693541837352e-05,-3.306316097045314e-05,0.0,-0.0,0.0,0.0017869192361831667,0.0004055823222734034,0,0,True,0.0,0.0
1070.72,12.056017875671387,-0.04252978414297104,3.1004355852502896,3.641693541837352e-05,-3.306316097045314e-05,0.0,-0.0,0.0,0.0017869192361831667,0.0004055823222734034,0,0,True,0.0,0.0
1070.74,12.056017875671387,-0.04252978414297104,3.1004355852502896,3.641693541837352e-05,-3.306316097045314e-05,0.0,-0.0,0.0,0.0017869192361831667,0.0004055823222734034,0,0,True,0.0,0.0
1070.76,12.056017875671387,-0.04252978414297104,3.1004355852502896,3.641693541837352e-05,-3.306316097045314e-05,0.0,-0.0,0.0,0.0017869192361831667,0.0004055823222734034,0,0,True,0.0,0.0
1070.78,12.056017875671387,-0.04252978414297104,3.1004355852502896,3.641693541837352e-05,-3.306316097045314e-05,0.0,-0.0,0.0,0.0017869192361831667,0.0004055823222734034,0,0,True,0.0,0.0
1070.8,12.056017875671387,-0.04252978414297104,3.1004355852502896,3.641693541837352e-05,-3.306316097045314e-05,0.0,-0.0,0.0,0.0017869192361831667,0.0004055823222734034,0,0,True,0.0,0.0
1070.82,12.056017875671387,-0.04252978414297104,3.1004355852502896,3.641693541837352e-05,-3.306316097045314e-05,0.0,-0.0,0.0,0.0017869192361831667,0.0004055823222734034,0,0,True,0.0,0.0
1070.84,12.056017875671387,-0.04252978414297104,3.1004355852502896,3.641693541837352e-05,-3.306316097045314e-05,0.0,-0.0,0.0,0.0017869192361831667,0.0004055823222734034,0,0,True,0.0,0.0
1070.86,12.056017875671387,-0.04252978414297104,3.1004355852502896,3.641693541837352e-05,-3.306316097045314e-05,0.0,-0.0,0.0,0.0017869192361831667,0.0004055823222734034,0,0,True,0.0,0.0
1070.88,12.056017875671387,-0.04252978414297104,3.1004355852502896,3.641693541837352e-05,-3.306316097045314e-05,0.0,-0.0,0.0,0.0017869192361831667,0.0004055823222734034,0,0,True,0.0,0.0
1070.9,12.056017875671387,-0.04252978414297104,3.1004355852502896,3.641693541837352e-05,-3.306316097045314e-05,0.0,-0.0,0.0,0.0017869192361831667,0.0004055823222734034,0,0,True,0.0,0.0
1070.92,12.056017875671387,-0.04252978414297104,3.1004355852502896,3.641693541837352e-05,-3.306316097045314e-05,0.0,-0.0,0.0,0.0017869192361831667,0.0004055823222734034,0,0,True,0.0,0.0
1070.94,12.056017875671387,-0.04252978414297104,3.1004355852502896,3.641693541837352e-05,-3.306316097045314e-05,0.0,-0.0,0.0,0.0017869192361831667,0.0004055823222734034,0,0,True,0.0,0.0
1070.96,12.056017875671387,-0.04252978414297104,3.1004355852502896,3.641693541837352e-05,-3.306316097045314e-05,0.0,-0.0,0.0,0.0017869192361831667,0.0004055823222734034,0,0,True,0.0,0.0
1070.98,12.056017875671387,-0.04252978414297104,3.1004355852502896,3.641693541837352e-05,-3.306316097045314e-05,0.0,-0.0,0.0,0.0017869192361831667,0.0004055823222734034,0,0,True,0.0,0.0
1071.0,12.056017875671387,-0.04252978414297104,3.1004355852502896,3.641693541837352e-05,-3.306316097045314e-05,0.0,-0.0,0.0,0.0017869192361831667,0.0004055823222734034,0,0,True,0.0,0.0
1071.02,12.056017875671387,-0.04252978414297104,3.1004355852502896,3.641693541837352e-05,-3.306316097045314e-05,0.0,-0.0,0.0,0.0017869192361831667,0.0004055823222734034,0,0,True,0.0,0.0
1071.04,12.056017875671387,-0.04252978414297104,3.1004355852502896,3.641693541837352e-05,-3.306316097045314e-05,0.0,-0.0,0.0,0.0017869192361831667,0.0004055823222734034,0,0,True,0.0,0.0
1071.06,12.056017875671387,-0.04252978414297104,3.1004355852502896,3.641693541837352e-05,-3.306316097045314e-05,0.0,-0.0,0.0,0.0017869192361831667,0.0004055823222734034,0,0,True,0.0,0.0
1071.08,12.056017875671387,-0.04252978414297104,3.1004355852502896,3.641693541837352e-05,-3.306316097045314e-05,0.0,-0.0,0.0,0.0017869192361831667,0.0004055823222734034,0,0,True,0.0,0.0
1071.1,12.056017875671387,-0.04252978414297104,3.1004355852502896,3.641693541837352e-05,-3.306316097045314e-05,0.0,-0.0,0.0,0.0017869192361831667,0.0004055823222734034,0,0,True,0.0,0.0
1071.12,12.056017875671387,-0.04252978414297104,3.1004355852502896,3.641693541837352e-05,-3.306316097045314e-05,0.0,-0.0,0.0,0.0017869192361831667,0.0004055823222734034,0,0,True,0.0,0.0
1071.14,12.056017875671387,-0.04252978414297104,3.1004355852502896,3.641693541837352e-05,-3.306316097045314e-05,0.0,-0.0,0.0,0.0017869192361831667,0.0004055823222734034,0,0,True,0.0,0.0
1071.16,12.056017875671387,-0.04252978414297104,3.1004355852502896,3.641693541837352e-05,-3.306316097045314e-05,0.0,-0.0,0.0,0.0017869192361831667,0.0004055823222734034,0,0,True,0.0,0.0
1071.18,12.056017875671387,-0.04252978414297104,3.1004355852502896,3.641693541837352e-05,-3.306316097045314e-05,0.0,-0.0,0.0,0.0017869192361831667,0.0004055823222734034,0,0,True,0.0,0.0
1071.2,12.056017875671387,-0.04252978414297104,3.1004355852502896,3.641693541837352e-05,-3.306316097045314e-05,0.0,-0.0,0.0,0.0017869192361831667,0.0004055823222734034,0,0,True,0.0,0.0
1071.22,12.056017875671387,-0.04252978414297104,3.1004355852502896,3.641693541837352e-05,-3.306316097045314e-05,0.0,-0.0,0.0,0.0017869192361831667,0.0004055823222734034,0,0,True,0.0,0.0
1071.24,12.056017875671387,-0.04252978414297104,3.1004355852502896,3.641693541837352e-05,-3.306316097045314e-05,0.0,-0.0,0.0,0.0017869192361831667,0.0004055823222734034,0,0,True,0.0,0.0
1071.26,12.056017875671387,-0.04252978414297104,3.1004355852502896,3.641693541837352e-05,-3.306316097045314e-05,0.0,-0.0,0.0,0.0017869192361831667,0.0004055823222734034,0,0,True,0.0,0.0
1071.28,12.056017875671387,-0.04252978414297104,3.1004355852502896,3.641693541837352e-05,-3.306316097045314e-05,0.0,-0.0,0.0,0.0017869192361831667,0.0004055823222734034,0,0,True,0.0,0.0
1071.3,12.056017875671387,-0.04252978414297104,3.1004355852502896,3.641693541837352e-05,-3.306316097045314e-05,0.0,-0.0,0.0,0.0017869192361831667,0.0004055823222734034,0,0,True,0.0,0.0
1071.32,12.056017875671387,-0.04252978414297104,3.1004355852502896,3.641693541837352e-05,-3.306316097045314e-05,0.0,-0.0,0.0,0.0017869192361831667,0.0004055823222734034,0,0,True,0.0,0.0
1071.34,12.056017875671387,-0.04252978414297104,3.1004355852502896,3.641693541837352e-05,-3.306316097045314e-05,0.0,-0.0,0.0,0.0017869192361831667,0.0004055823222734034,0,0,True,0.0,0.0
1071.36,12.056017875671387,-0.04252978414297104,3.1004355852502896,3.641693541837352e-05,-3.306316097045314e-05,0.0,-0.0,0.0,0.0017869192361831667,0.0004055823222734034,0,0,True,0.0,0.0
1071.38,12.056017875671387,-0.04252978414297104,3.1004355852502896,3.641693541837352e-05,-3.306316097045314e-05,0.0,-0.0,0.0,0.0017869192361831667,0.0004055823222734034,0,0,True,0.0,0.0
1071.4,12.056017875671387,-0.04252978414297104,3.1004355852502896,3.641693541837352e-05,-3.306316097045314e-05,0.0,-0.0,0.0,0.0017869192361831667,0.0004055823222734034,0,0,True,0.0,0.0
1071.42,12.056017875671387,-0.04252978414297104,3.1004355852502896,3.641693541837352e-05,-3.306316097045314e-05,0.0,-0.0,0.0,0.0017869192361831667,0.0004055823222734034,0,0,True,0.0,0.0
1071.44,12.056017875671387,-0.04252978414297104,3.1004355852502896,3.641693541837352e-05,-3.306316097045314e-05,0.0,-0.0,0.0,0.0017869192361831667,0.0004055823222734034,0,0,True,0.0,0.0
1071.46,12.056017875671387,-0.04252978414297104,3.1004355852502896,3.641693541837352e-05,-3.306316097045314e-05,0.0,-0.0,0.0,0.0017869192361831667,0.0004055823222734034,0,0,True,0.0,0.0
1071.48,12.056017875671387,-0.04252978414297104,3.1004355852502896,3.641693541837352e-05,-3.306316097045314e-05,0.0,-0.0,0.0,0.0017869192361831667,0.0004055823222734034,0,0,True,0.0,0.0
1071.5,12.056017875671387,-0.04252978414297104,3.1004355852502896,3.641693541837352e-05,-3.306316097045314e-05,0.0,-0.0,0.0,0.0017869192361831667,0.0004055823222734034,0,0,True,0.0,0.0
1071.52,12.056017875671387,-0.04252978414297104,3.1004355852502896,3.641693541837352e-05,-3.306316097045314e-05,0.0,-0.0,0.0,0.0017869192361831667,0.0004055823222734034,0,0,True,0.0,0.0
1071.54,12.056017875671387,-0.04252978414297104,3.1004355852502896,3.641693541837352e-05,-3.306316097045314e-05,0.0,-0.0,0.0,0.0017869192361831667,0.0004055823222734034,0,0,True,0.0,0.0
1071.56,12.056017875671387,-0.04252978414297104,3.1004355852502896,3.641693541837352e-05,-3.306316097045314e-05,0.0,-0.0,0.0,0.0017869192361831667,0.0004055823222734034,0,0,True,0.0,0.0
1071.58,12.056017875671387,-0.04252978414297104,3.1004355852502896,3.641693541837352e-05,-3.306316097045314e-05,0.0,-0.0,0.0,0.0017869192361831667,0.0004055823222734034,0,0,True,0.0,0.0
