t,x,y,yaw,roll,pitch,v,lateral,w,rim_left,rim_right,cmd_v,cmd_w,publishing,a,alpha
829.16,12.083687782287598,-0.043725255876779556,3.0955566477194085,2.3157223842291083e-05,1.564533486742443e-05,0.0,-0.0,0.0,-0.0006170708825811744,-2.4703705566935244e-05,0,0.05,True,0.0,0.0
829.18,12.083687782287598,-0.043725255876779556,3.0955566477194085,2.3157223842291083e-05,1.564533486742443e-05,0.0,-0.0,0.0,-0.0006170708825811744,-2.4703705566935244e-05,0,0.05,True,-0.0051478438395780104,0.005530808875533924
829.2,12.083687782287598,-0.043725255876779556,3.0955566477194085,2.3157223842291083e-05,1.564533486742443e-05,0.0,-0.0,0.0,-0.0006170708825811744,-2.4703705566935244e-05,0,0.05,True,-0.010817143676549033,0.0058185205557860055
829.22,12.083687782287598,-0.043725255876779556,3.0955566477194085,2.3157223842291083e-05,1.564533486742443e-05,-0.00041182750716645155,0.0001321085906704689,0.0004424647100429403,-0.0006170708825811744,-2.4703705566935244e-05,0,0.05,True,-0.02511699711162335,0.004977613964759247
829.24,12.083687782287598,-0.043725255876779556,3.0955566477194085,2.3157223842291083e-05,1.564533486742443e-05,-0.0008653714941243654,0.00013358992244405087,0.00046548164446311857,-0.0006170708825811744,-2.4703705566935244e-05,0,0.05,True,-0.03454083289416245,0.007472973050790174
829.26,12.083720207214355,-0.04373732954263687,3.095592044896212,2.1996847120367655e-05,7.325698029346362e-06,-0.002009359768930896,9.825335780400527e-05,0.00039820911718094345,-0.0006170708825811744,-2.4703705566935244e-05,0,0.05,True,-0.02930224932670956,0.03633211355937085
829.28,12.083756446838379,-0.04373911768198013,3.0955938862509655,2.2375134666388208e-05,-1.3111933426530961e-05,-0.002763266631530483,0.00014373233436202238,0.0005978378440626702,-0.0020115112606436014,-0.0010791748948395254,0,0.05,True,-0.03807880278082464,0.05650424111103611
829.3,12.083847999572754,-0.04374049976468086,3.095588504448783,3.067372681563176e-05,-5.027562429401983e-05,-0.0027560074533010846,0.0010228927292452025,0.0033490337947899647,-0.002131012324243784,-0.0009055616753175855,0,0.05,True,-0.021062692144771085,0.0773017995262497
829.32,12.083908081054688,-0.04374690726399422,3.0956044747469336,2.7585020862846465e-05,-0.00010957344249799422,-0.003911675716591895,0.0015009340542561204,0.00498582093334832,-0.004620316028594971,-0.0010634162183851006,0,0.05,True,-0.028187203014135177,0.1229606494298942
829.34,12.08393669128418,-0.043829213827848434,3.0958599675997953,2.9609702691903482e-05,-0.0002237828986951616,-0.003694375140513445,0.0019772167474806923,0.006582353079284084,-0.006047634296119214,-0.0022052991390228275,0,0.05,True,-0.02325737692307524,0.06908065613342822
829.36,12.084063529968262,-0.04387345165014267,3.0959927519256336,8.034998982380303e-05,-0.00010237380334408245,-0.005018242872662451,0.0030134737541111507,0.010434689798459238,-0.00422731650993228,-0.0019232311844825747,0,0.05,True,-0.011987039626516972,0.0922756013535204
829.38,12.084136009216309,-0.043912023305892944,3.096115092695126,0.00011127406002967905,-0.00023807177979928912,-0.004616597607148056,0.002063097688469817,0.00887548628546705,-0.003399345446377993,-0.001252554887905717,0,0.05,True,-0.02813046282939101,0.06335734180361063
829.4,12.084298133850098,-0.04400603473186493,3.0964392499308095,0.00036457555709688177,-0.00015369244283813065,-0.004870638886712381,0.0010992769371117419,0.012367869041623238,-0.006682129949331284,-0.0016605049557983876,0,0.05,True,0.015723899523133574,-0.04584264208219693
829.42,12.084298133850098,-0.04401088133454323,3.096570006502632,0.0003098917286620685,-0.0003445957711771701,-0.005944812166862679,0.002961634931968618,0.011650940423568325,-0.012995973452925684,0.0011869285488501193,0,0.05,True,0.021725856908372188,-0.029758121825792613
829.44,12.08444881439209,-0.043978892266750336,3.096982181448964,0.00035170793237612546,-0.0004233483736484577,-0.0037603309108111215,0.00163744072310291,0.006767278431881608,-0.0002111916244029999,0.000460345963947475,0,0.05,True,0.06864340174411321,-0.1411781840446771
829.46,12.084600448608398,-0.04417011886835098,3.097047167929012,0.0005300191128703245,-8.851692019676756e-05,-0.0028785290544773917,0.0024706088104829334,0.006494836539402422,-0.018682932406663896,-0.0017299934336915614,0,0.05,True,0.13195114813511585,-0.14695058212914752
829.48,12.084592819213867,-0.04415031522512436,3.0969806322053604,0.0003601677870152409,-0.00023104839780198837,0.0006208332528194856,0.0023983804527606565,0.0010736143180432917,-0.005205082260072232,-0.005415332503616811,0,0.05,True,0.12822514025861706,-0.10754522826603763
829.5,12.084519386291504,-0.04421858862042427,3.0970895934257845,0.0005108813465495596,1.686760954890818e-05,0.00461127968395199,0.000418229923172794,-0.00010510614676949149,0.002131213638931513,0.0008100298047065736,0,0.05,True,0.12683157775342555,-0.08485822314520985
829.52,12.084390640258789,-0.04416835680603981,3.0970680705944074,0.00021983776115532566,-4.910493979517066e-05,0.006497680309868912,0.001734246821852313,-0.0018363398293935788,0.0014009954594075681,0.004775666035711766,0,0.05,True,0.08078213631838162,-0.017596933202549937
829.54,12.084230422973633,-0.04418713226914406,3.0970387594372704,0.0003325970806425178,-6.0912503740855705e-05,0.007267997165787425,-0.0005563827169967352,-0.00029382131220819185,0.005970611609518528,0.006769294515252114,0,0.05,True,0.02491588966598331,0.0036690450427848695
829.56,12.084067344665527,-0.044265780597925186,3.096833725019009,0.0006533805043561465,-7.044407408307716e-05,0.007083404158284137,-0.00016089675694771962,-0.00033414033815942323,0.0067247085273265846,0.008211703561246396,0,0.05,True,0.0107537535527312,0.07595227809786484
829.58,12.083940505981445,-0.04414822533726692,3.097066087720808,0.00017748608276369802,-0.000129947695394914,0.006604550857231674,-0.0003965688461469016,0.00018841745665344823,0.004859283864498139,0.011094288155436517,0,0.05,True,0.01474544779210362,-0.02381706689107225
829.6,12.08382511138916,-0.04413014277815819,3.0970413393673546,0.00012171176775056565,-0.00020057407145225895,0.0073579805940878484,-0.0009688714818113618,0.0042398424184387174,0.004859283864498139,0.011094288155436517,0,0.05,True,0.025051544998991922,0.03718319489116382
829.62,12.083703994750977,-0.044131919741630554,3.0970538328338026,0.0001457715885132557,-0.00024426011402493603,0.008447632989156318,0.0018913048680554024,-0.0021991866634949466,0.0002527822740375996,0.009280220642685891,0,0.05,True,0.02116957406106363,0.0262851675608793
829.64,12.08348274230957,-0.04416213184595108,3.0971729124124843,0.00012663187695577825,-0.00035863012156968664,0.009087527758204516,0.0009221181230556115,0.002640515253135204,0.004261492155492306,0.005597517341375351,0,0.05,True,-0.013138938344816418,0.02868747531506209
829.66,12.083258628845215,-0.04426928982138634,3.0968901527877284,0.00022130077358631,-0.00040300302851671045,0.008298116782115224,0.0006932875770296199,0.00229123086152188,0.004261492155492306,0.005597517341375351,0,0.05,True,-0.07698844531531907,0.1511656549064526
829.68,12.08309555053711,-0.04417155683040619,3.097252580587605,-1.8605347640281212e-05,-0.0005812184616726563,0.006306865526503491,-0.001220514892897606,0.0065348404436415975,-0.04331421785056591,0.011188304722309113,0,0.05,True,-0.08168870938477471,0.020864685683631447
829.7,12.083038330078125,-0.044157661497592926,3.0972371313027245,0.00020063496921021937,-0.00025325130903739265,0.002288557363927641,-0.0031695116979888922,0.009894065729027447,0.009828559085726739,0.009383867979049684,0,0.05,True,-0.10716669147747641,0.06828344839386451
829.72,12.082983016967773,-0.04404222220182419,3.097695699647976,-0.00033555542523692973,-0.0003688795594477547,0.0025524310074191963,-0.001876357177630503,0.004309690107826574,0.008244595043361188,0.0785393549501896,0,0.05,True,-0.07511495397575609,-0.0898076243177505
829.74,12.083086967468262,-0.044007860124111176,3.097681678046051,-0.00039094186057256504,6.093487822852381e-05,-0.0002752185360872735,-0.0007971163370998881,0.0077539067330338355,-0.0012980685010552408,0.009480454698204995,0,0.05,True,-0.02260731754685433,-0.09976118233963133
829.76,12.082898139953613,-0.044012632220983505,3.0975973557962315,-0.0002896706840057279,-0.00038075033630711764,0.00029766920843992935,-0.000256448250146969,-0.0006497695017821184,0.002514857240021229,0.001730518788099289,0,0.05,True,-0.0838897260702346,-0.034261042529071
829.78,12.083063125610352,-0.04409492015838623,3.0978574438413666,-0.0001412882587396682,-4.263163257219126e-06,0.0004799719601809395,0.001029427549456323,0.0019131711418641987,0.0021918309386819604,0.005254200175404549,0,0.05,True,-0.032627332082806715,-0.13145185535461448
829.8,12.08296012878418,-0.04402067884802818,3.0976437180878333,-0.00010392990196322008,-0.0003212175447940905,-0.004158747078193467,0.00041354582768612653,0.0015688067055033862,-0.004155770000070334,-0.004184467643499375,0,0.05,True,-0.07119966920426538,0.010077739161993957
829.82,12.08304500579834,-0.0440884567797184,3.0978347317374,-1.3095899018677558e-05,-0.0005211207229365972,-0.002885405102713146,-0.000868336438933075,-0.002762241695340703,0.0005007254332304002,0.00274600001052022,0,0.05,True,-0.10308909437047742,-0.06739695793060001
829.84,12.083229064941406,-0.044060301035642624,3.097722860332672,0.00017145969554227717,-0.0001187382958667447,-0.005398304327904215,0.00011060349736260685,0.00015644963117781064,-0.0029017762467265134,-0.002547792661935091,0,0.05,True,-0.02014284142948664,-0.034996022217126325
829.86,12.083296775817871,-0.044035617262125015,3.0976364645057393,-0.00010482398906898586,-0.00023218322524123951,-0.007767155589461474,-0.001104985441793787,-0.0034785854925865607,-0.0076161385700106625,-0.005578653216362,0,0.05,True,-0.03886056699697973,0.038492064826035954
829.88,12.083391189575195,-0.044048458337783813,3.0976562340583276,-0.000328159380190264,-0.0003775882440793385,-0.005770174392553223,-0.00038806389417136674,-0.001230875071868152,-0.00151441790163517,0.005134198628365994,0,0.05,True,-0.002557723310659945,0.005149804463632607
829.9,12.083669662475586,-0.04402744770050049,3.0975564448979935,-0.00028610374159153027,0.0001098864817383861,-0.005994250462468697,9.388669208501956e-05,0.0003171234907393726,-0.00151441790163517,0.005134198628365994,0,0.05,True,0.07045488689272104,0.0603477131995434
829.92,12.083691596984863,-0.04404956102371216,3.0976243903269225,-7.35378971554142e-05,-0.00015598114168524388,-0.005602922192756824,0.00014996503331207836,0.0005684339882680446,-0.007113368958234788,-0.006345294751226902,0,0.05,True,0.029357535130668827,0.04558378061220468
829.94,12.083775520324707,-0.0440642312169075,3.0976618343849984,0.00015896154128533933,-0.00013182135428287353,-0.0021307646380409073,0.00042590742355331796,0.001349231563379381,-0.0017917945981025698,-0.0012667356431484223,0,0.05,True,0.034792519225330845,0.006845584714512719
829.96,12.08383846282959,-0.04408014565706253,3.097701708777389,0.0002748093971884654,-0.00011107815027318067,-0.003421571582098515,0.0007460107399316507,0.0024158273771100877,-0.004412893578410149,-0.0031173300370574,0,0.05,True,0.031945593722086774,-0.0026079945269256613
829.98,12.08383846282959,-0.04406897351145744,3.097664383423064,3.653478454780816e-05,-0.0004517070144220152,-0.003210848924440805,0.0002947225055213908,0.0008647702679006703,-0.0034890178404748443,-0.0019321687612682582,0,0.05,True,-0.052097492162935966,0.024220467394682497
830.0,12.083962440490723,-0.04412119463086128,3.0978176565170914,0.0001200892690673941,-0.00020659600798619295,-0.003047274694988575,0.00010325644254777558,0.00035979442611388493,-0.0011741166096180678,-0.0006711634155362845,0,0.05,True,-0.011416080303656503,-0.014345053171374734
830.02,12.084031105041504,-0.04409906640648842,3.0977310160064304,0.0002703751735396906,-0.00033717985414166815,-0.006298564011071994,0.0005039646314995221,0.0032868689549522185,-0.005607268065214157,-0.006214555986225606,0,0.05,True,-0.013820421882514505,0.00930963267786966
830.04,12.084081649780273,-0.04409906640648842,3.097730492331478,0.00038470682109955083,-0.00045650040264683925,-0.004334858006390205,0.00034921696752083804,0.0012682231234011528,-0.005389590822160245,-0.003486464507877827,0,0.05,True,-0.034694601521873224,0.006115501423377254
830.06,12.08434009552002,-0.04413134604692459,3.09792733293946,6.346788181416472e-06,7.026349876379807e-05,-0.00431648267504096,0.00047727793513254916,0.0016095408821295658,-0.0072982566803693775,-0.0003617930039763451,0,0.05,True,0.05963687267250574,-0.050834323709343085
830.08,12.084307670593262,-0.04416431114077568,3.0979191143669635,0.00020321235269034053,-0.000215062886306978,-0.005822842816739853,0.00027022926534763284,0.0008490345399843155,-0.011109132766723633,0.04138678409159184,0,0.05,True,0.03700608705571038,-0.016633911457520544
830.1,12.08437442779541,-0.044152285903692245,3.097859779277001,0.00010083895396829126,-0.00032773344169895793,-0.001527614197269094,0.0002789551600898473,-0.0007798769417973091,1.1769607663154602e-05,0.0009927119314670563,0,0.05,True,0.03153055338834327,-0.026691126041987548
830.12,12.084546089172363,-0.044141001999378204,3.097798415094677,0.00023029816772482704,5.506941291740143e-05,-0.00137437104193186,4.902771913081023e-05,-6.248979320117163e-05,-0.003320343252271414,-0.003276881836354733,0,0.05,True,0.08267983184625566,-0.0037518610147156363
830.14,12.084461212158203,-0.04415898397564888,3.097864942784116,0.00021377249690688512,-0.00030930131700097386,-0.0017940384039722074,-0.00017698760744997566,-0.0005257492012305306,-0.004995221607387066,-0.005440937280654908,0,0.05,True,0.026432808997885502,0.018217992176987642
830.16,12.084417343139648,-0.044173043221235275,3.0979141151835075,0.00013498733012034928,-0.0006140810863729648,0.000791543730954584,0.0001812323734027436,0.0005488856588073376,0.0018851550668478013,0.0024443428590893747,0,0.05,True,0.0033821285133717096,-0.014007654003512884
830.18,12.084518432617188,-0.044144414365291595,3.0978177193409024,0.00024245117788365618,-0.0002658776754321548,0.000587010522559823,0.00021933395504043093,0.0006775624323603766,-0.0007344787754118443,0.0004435735102742911,0,0.05,True,0.031604055781836296,0.010744842276406718
830.2,12.084482192993164,-0.044152721762657166,3.0978423259473815,0.00020888131519822544,-0.0003599029984124604,-0.0011038007608619848,-0.0004075047670784951,-0.0011831021134827756,-0.00370931126177311,-0.004318662527948618,0,0.05,True,0.004998184146714749,0.005341336769352442
830.22,12.084413528442383,-0.04417445883154869,3.097919147778705,0.00014402827716406222,-0.0006666771478964158,0.0007342860585759899,0.000126242609771641,0.00033383818088244665,-3.4874510020017625e-05,0.00025586053729057315,0,0.05,True,-0.016063727269434225,-0.024009837244276817
830.24,12.08450698852539,-0.04414433613419533,3.097819467014429,0.00024249225405641555,-0.0002755142844936065,0.0011913984626919685,0.00031437026151232955,0.0009761926003557516,-0.0002515209931880236,0.0011815086659044028,0,0.05,True,0.032158426045419464,0.02347716128684831
830.26,12.08445930480957,-0.04415193945169449,3.097844426395373,0.0002060348494623938,-0.0003803923248676548,-0.0006980876589955725,-0.00040782681169868604,-0.0012432245471827514,-0.003558590449392796,-0.004036127794533969,0,0.05,True,0.01180667917071257,0.009341474601011032
830.28,12.084385871887207,-0.044173676520586014,3.09792042135541,0.00013684085223236912,-0.0006914551545593943,0.001468873322769232,0.0002455981333353899,0.0006950707894633808,0.00039973130449652675,0.000696170311421156,0,0.05,True,-0.015986741512121865,-0.018410841082989904
830.3,12.084470748901367,-0.04414430633187294,3.0978196898149304,0.00023402474892747477,-0.00029315169510799673,0.0016788203922321364,0.000355575723712453,0.0010811561489626495,-8.12745955772698e-05,0.0013525593280792239,0,0.05,True,0.02153536001902919,0.01682760543714677
830.32,12.084388732910156,-0.04415883496403694,3.097875072677586,0.0001909110758704878,-0.00042633122020140145,-8.754085827843497e-05,-0.00018099664619094567,-0.0004966746862841943,-0.003186291921883822,-0.003707225881516934,0,0.05,True,-0.01496062387122203,-0.01634787419032528
830.34,12.08432388305664,-0.04417448118329048,3.09793091888729,0.00013587113388121734,-0.0006855580683645022,0.0010247411425276442,3.28847386934234e-05,0.00010298388778967886,0.0017571288347244265,0.00230484638363123,0,0.05,True,-0.025604259327460435,-0.023928399207261173
830.36,12.084393501281738,-0.04415951669216156,3.097880687380507,0.00024322634740991874,-0.00030135251879986186,0.00027202341307085734,-0.00021747276097558774,-0.0006127591457633108,-0.00011631216853857041,0.0016581340972334148,0,0.05,True,0.012217969992904091,0.004295064863006946
830.38,12.084388732910156,-0.04414335638284683,3.0978279285259536,0.0002661628852844153,-0.00019617543535021902,-0.00036952035396574617,-0.0002812110686494981,-0.0008331157876192236,-0.0029851644672453407,-0.0032675862871110444,0,0.05,True,-0.002373333629793086,-0.001167863709003923
830.4,12.084367752075195,-0.04414050281047821,3.097826051945925,0.00026527483594067304,-0.00017487187368773295,0.0008898967411530034,-0.0004300714687421026,-0.0001530694972439511,0.0006771374680101872,0.0003257773630321026,0,0.05,True,0.005700904253058244,0.0065481372560391654
830.42,12.084354400634766,-0.04415329918265343,3.0978642696242806,0.0004142526082475226,-0.00010823517690981856,0.00083487445214437,8.890861618969241e-06,9.554791069450006e-06,0.0011175164114683867,0.001165972948074341,0,0.05,True,0.010793120220506144,0.0060386340889565125
830.44,12.08432388305664,-0.04412202909588814,3.0978684418207276,0.00026650057439624793,-0.00024188650233418355,0.0007280957533157502,-5.106550658224607e-06,-8.890816527990955e-05,7.083121687173844e-05,0.0010145538579672576,0,0.05,True,-0.00955421157829932,-0.008397279340078235
830.46,12.084321975708008,-0.044141147285699844,3.097828692909239,0.0002598293014025324,-0.00018799847207187498,0.0004939292636751871,-0.00010738846632471691,-0.00035002506050245543,0.0015444292407482865,0.0013687074650079014,0,0.05,True,-0.007836997638255877,-0.004442800024957939
830.48,12.084309577941895,-0.04413754865527153,3.0978189392927025,0.0002489930742719695,-0.00022844763178309877,0.0001255598148886668,0.0001300437313270543,-0.0008248518444505536,0.0003787406627088786,0.007541528139263392,0,0.05,True,-0.007310804843363843,-0.009780797334496492
830.5,12.084315299987793,-0.044142987579107285,3.0978362676194404,0.0004070014898847734,-0.0001306272444090882,0.000207914641083579,-0.00011567355398367872,-0.0003458692109273669,0.00010633044294081629,0.0004058971535414458,0,0.05,True,0.0010165567615457198,-0.009229147174692262
830.52,12.08431339263916,-0.04413198307156563,3.0978024536731716,0.0003018278336862207,-0.0001721939514336331,0.00014323136584717467,-0.0002732955056919429,-0.0008713719520389172,-0.0006754057900980116,4.214763059280813e-05,0,0.05,True,0.002619808828071269,-0.0016040562391404776
830.54,12.084305763244629,-0.04413117468357086,3.097801023372365,0.0002575253508887677,-0.00018280793717340005,0.0005752538045987707,-0.0003293610486876753,-0.0010883568344771648,0.0008587650395929814,0.0005353006767109037,0,0.05,True,-0.0002247484645878401,-0.006091879458646033
830.56,12.084299087524414,-0.044115204364061356,3.0977492295365394,0.00024110895812307098,-0.0001967128216398168,0.0003351445211341777,-0.0002956322021922247,-0.0009531763435816751,0.0004978090268559754,0.008230365165509285,0,0.05,True,-0.00035246170399893194,0.0075961259992590085
830.58,12.084270477294922,-0.044114649295806885,3.097749199072682,0.0001986917054714246,-0.0003260315987465981,0.0001899347639165426,-0.00024956548673644817,-0.0008332195676192988,0.00030107129830867055,0.008141959267668426,0,0.05,True,-0.008963853222902963,0.0015120781757756194
830.6,12.084287643432617,-0.04410718008875847,3.097726199565685,0.00023191016213032028,-0.0002366900831455376,0.00011503442952724569,-0.00044595832966439793,-0.00026368187209788565,0.00022863107966259125,0.0011013277247548105,0,0.05,True,-0.0022884361057242137,0.003956864820643577
830.62,12.084291458129883,-0.04411056265234947,3.0977343658069554,0.0003585421240913287,-0.00016561876170495174,-0.0001418544532338331,-0.00030229824496794155,-0.0009673905804150534,-0.0018626320734620096,0.010005228566005827,0,0.05,True,0.0006203500849580127,-0.0007985289162546335
830.64,12.084291458129883,-0.04407915845513344,3.0977281349867716,0.00023765287385254865,-0.0002001059164170645,0.00015206963267614694,-0.0002023288177182098,-0.000636627157930027,-0.0007453844510018826,0.0002029045391827822,0,0.05,True,0.0065050298501350134,-0.0032626749558325105
830.66,12.084282875061035,-0.044090986251831055,3.097671807826249,0.00022646716547636864,-0.00021424429084409936,0.00023956277071313849,-0.00029230360882340765,-0.0008971018809196114,0.0003092374186962843,0.0003176012274343521,0,0.05,True,0.004905872812212697,0.012571554220690442
830.68,12.08427619934082,-0.044090475887060165,3.0976752693930507,0.00021509368949380926,-0.0002176480585694863,0.0006354368175375734,0.0002028560305416421,-0.0005246958685642491,9.899186901748181e-05,0.00024430811870843175,0,0.05,True,-0.0006781015768507324,0.027560031752982033
830.7,12.084273338317871,-0.044086359441280365,3.0976625976564818,0.0002187224588900302,-0.000229297040833718,0.0002506153717433834,-7.7597269254083e-07,3.833375724069647e-05,-0.00024091403814964,0.0003069022041745484,0,0.05,True,0.002441981190173678,0.027873755946353926
830.72,12.084239959716797,-0.044093139469623566,3.0976861593172864,0.00018016776335270755,-0.0003752987000264243,9.78215065280606e-05,0.0004894255640937376,0.0015681753823096637,-0.00025778379989787936,0.0003312513558194042,0,0.05,True,-0.009424077301512923,0.016933659272575147
830.74,12.08426284790039,-0.044090043753385544,3.0976748745268283,0.00021053414567498272,-0.0002642281834654181,0.0004349212659271327,0.0004212267888337017,0.0013327985947898433,-0.0013946572900749743,0.0037717455439269547,0,0.05,True,-0.0010622546885471298,0.011659037459093222
830.76,12.084266662597656,-0.04412924870848656,3.0978007234236355,0.00024080128984196926,-0.00021819951384093687,-0.00011848936658384623,0.00025326477238444943,0.0008299968732424556,-0.0008671642234548927,0.006506927367299796,0,0.05,True,0.0017115474717473006,-0.027127872980422765
830.78,12.084237098693848,-0.044118497520685196,3.097769221544065,0.00019919224092093405,-0.0003340814764278548,0.0001656349966596903,0.0003044543120843686,0.000971056753967306,-0.000256697740405798,0.00018194003961980343,0,0.05,True,-0.00719074331019082,-0.01926349445347372
830.8,12.084248542785645,-0.04411379620432854,3.0977525590671458,0.0002189119469585852,-0.00025789875227266924,0.0002347453042677201,-0.00018304421498315136,-0.0006020544561221836,0.00023009114083833994,0.0010897134710103275,0,0.05,True,0.0014811170822973201,-0.010374960915525387
830.82,12.084248542785645,-0.04411379620432854,3.0977525590671458,0.0002189119469585852,-0.00025789875227266924,-0.00014033819888842718,-6.497935743150035e-05,-0.0002082809614888426,-0.00030730991857126356,-0.0005174486013129354,0,0.05,True,-0.0020704374582450696,-0.012138209424585116
830.84,12.084248542785645,-0.04411379620432854,3.0977525590671458,0.0002189119469585852,-0.00025789875227266924,0.0,-0.0,0.0,-7.629211409948766e-05,0.00032228444237262014,0,0.05,True,-0.0029343163033450003,0.007525680701523445
830.86,12.084248542785645,-0.04411379620432854,3.0977525590671458,0.0002189119469585852,-0.00025789875227266924,0.0,-0.0,0.0,-7.629211409948766e-05,0.00032228444237262014,0,0.05,True,0.0017542274861069352,0.0026035120186129004
830.88,12.084248542785645,-0.04411379620432854,3.0977525590671458,0.0002189119469585852,-0.00025789875227266924,0.0,-0.0,0.0,-7.629211409948766e-05,0.00032228444237262014,0,0.05,True,0.0,0.0
830.9,12.084248542785645,-0.04411379620432854,3.0977525590671458,0.0002189119469585852,-0.00025789875227266924,0.0,-0.0,0.0,-7.629211409948766e-05,0.00032228444237262014,0,0.05,True,0.0,0.0
830.92,12.084248542785645,-0.04411379620432854,3.0977525590671458,0.0002189119469585852,-0.00025789875227266924,0.0,-0.0,0.0,-7.629211409948766e-05,0.00032228444237262014,0,0.05,True,0.0,0.0
830.94,12.084248542785645,-0.04411379620432854,3.0977525590671458,0.0002189119469585852,-0.00025789875227266924,0.0,-0.0,0.0,-7.629211409948766e-05,0.00032228444237262014,0,0.05,True,0.0,0.0
830.96,12.084248542785645,-0.04411379620432854,3.0977525590671458,0.0002189119469585852,-0.00025789875227266924,0.0,-0.0,0.0,-7.629211409948766e-05,0.00032228444237262014,0,0.05,True,0.0,0.0
830.98,12.084248542785645,-0.04411379620432854,3.0977525590671458,0.0002189119469585852,-0.00025789875227266924,0.0,-0.0,0.0,-7.629211409948766e-05,0.00032228444237262014,0,0.05,True,0.0,0.0
831.0,12.084248542785645,-0.04411379620432854,3.0977525590671458,0.0002189119469585852,-0.00025789875227266924,0.0,-0.0,0.0,-7.629211409948766e-05,0.00032228444237262014,0,0.05,True,0.0,0.0
831.02,12.084248542785645,-0.04411379620432854,3.0977525590671458,0.0002189119469585852,-0.00025789875227266924,0.0,-0.0,0.0,-7.629211409948766e-05,0.00032228444237262014,0,0.05,True,0.0,0.0
831.04,12.084248542785645,-0.04411379620432854,3.0977525590671458,0.0002189119469585852,-0.00025789875227266924,0.0,-0.0,0.0,-7.629211409948766e-05,0.00032228444237262014,0,0.05,True,0.0,0.0
831.06,12.084248542785645,-0.04411379620432854,3.0977525590671458,0.0002189119469585852,-0.00025789875227266924,0.0,-0.0,0.0,-7.629211409948766e-05,0.00032228444237262014,0,0.05,True,0.0,0.0
831.08,12.084248542785645,-0.04411379620432854,3.0977525590671458,0.0002189119469585852,-0.00025789875227266924,0.0,-0.0,0.0,-7.629211409948766e-05,0.00032228444237262014,0,0.05,True,0.0,0.0
831.1,12.084248542785645,-0.04411379620432854,3.0977525590671458,0.0002189119469585852,-0.00025789875227266924,0.0,-0.0,0.0,-7.629211409948766e-05,0.00032228444237262014,0,0.05,True,0.0,0.0
831.12,12.084248542785645,-0.04411379620432854,3.0977525590671458,0.0002189119469585852,-0.00025789875227266924,0.0,-0.0,0.0,-7.629211409948766e-05,0.00032228444237262014,0,0.05,True,0.0,0.0
831.14,12.084248542785645,-0.04411379620432854,3.0977525590671458,0.0002189119469585852,-0.00025789875227266924,0.0,-0.0,0.0,-7.629211409948766e-05,0.00032228444237262014,0,0.05,True,0.0,0.0
831.16,12.084248542785645,-0.04411379620432854,3.0977525590671458,0.0002189119469585852,-0.00025789875227266924,0.0,-0.0,0.0,-7.629211409948766e-05,0.00032228444237262014,0,0.05,True,0.0,0.0
831.18,12.084248542785645,-0.04411379620432854,3.0977525590671458,0.0002189119469585852,-0.00025789875227266924,0.0,-0.0,0.0,-7.629211409948766e-05,0.00032228444237262014,0,0.05,True,0.0,0.0
831.2,12.084248542785645,-0.04411379620432854,3.0977525590671458,0.0002189119469585852,-0.00025789875227266924,0.0,-0.0,0.0,-7.629211409948766e-05,0.00032228444237262014,0,0.05,True,0.0,0.0
831.22,12.084248542785645,-0.04411379620432854,3.0977525590671458,0.0002189119469585852,-0.00025789875227266924,0.0,-0.0,0.0,-7.629211409948766e-05,0.00032228444237262014,0,0.05,True,0.0,0.0
831.24,12.084248542785645,-0.04411379620432854,3.0977525590671458,0.0002189119469585852,-0.00025789875227266924,0.0,-0.0,0.0,-7.629211409948766e-05,0.00032228444237262014,0,0.05,True,0.0,0.0
831.26,12.084248542785645,-0.04411379620432854,3.0977525590671458,0.0002189119469585852,-0.00025789875227266924,0.0,-0.0,0.0,-7.629211409948766e-05,0.00032228444237262014,0,0.05,True,0.0,0.0
831.28,12.084248542785645,-0.04411379620432854,3.0977525590671458,0.0002189119469585852,-0.00025789875227266924,0.0,-0.0,0.0,-7.629211409948766e-05,0.00032228444237262014,0,0.05,True,0.0,0.0
831.3,12.084248542785645,-0.04411379620432854,3.0977525590671458,0.0002189119469585852,-0.00025789875227266924,0.0,-0.0,0.0,-7.629211409948766e-05,0.00032228444237262014,0,0.05,True,0.0,0.0
831.32,12.084248542785645,-0.04411379620432854,3.0977525590671458,0.0002189119469585852,-0.00025789875227266924,0.0,-0.0,0.0,-7.629211409948766e-05,0.00032228444237262014,0,0.05,True,0.0,0.0
831.34,12.084248542785645,-0.04411379620432854,3.0977525590671458,0.0002189119469585852,-0.00025789875227266924,0.0,-0.0,0.0,-7.629211409948766e-05,0.00032228444237262014,0,0.05,True,0.0,0.0
831.36,12.084248542785645,-0.04411379620432854,3.0977525590671458,0.0002189119469585852,-0.00025789875227266924,0.0,-0.0,0.0,-7.629211409948766e-05,0.00032228444237262014,0,0.05,True,0.0,0.0
831.38,12.084248542785645,-0.04411379620432854,3.0977525590671458,0.0002189119469585852,-0.00025789875227266924,0.0,-0.0,0.0,-7.629211409948766e-05,0.00032228444237262014,0,0.05,True,0.0,0.0
831.4,12.084248542785645,-0.04411379620432854,3.0977525590671458,0.0002189119469585852,-0.00025789875227266924,0.0,-0.0,0.0,-7.629211409948766e-05,0.00032228444237262014,0,0.05,True,0.0,0.0
831.42,12.084248542785645,-0.04411379620432854,3.0977525590671458,0.0002189119469585852,-0.00025789875227266924,0.0,-0.0,0.0,-7.629211409948766e-05,0.00032228444237262014,0,0.05,True,0.0,0.0
831.44,12.084248542785645,-0.04411379620432854,3.0977525590671458,0.0002189119469585852,-0.00025789875227266924,0.0,-0.0,0.0,-7.629211409948766e-05,0.00032228444237262014,0,0.05,True,0.0,0.0
831.46,12.084248542785645,-0.04411379620432854,3.0977525590671458,0.0002189119469585852,-0.00025789875227266924,0.0,-0.0,0.0,-7.629211409948766e-05,0.00032228444237262014,0,0.05,True,0.0,0.0
831.48,12.084248542785645,-0.04411379620432854,3.0977525590671458,0.0002189119469585852,-0.00025789875227266924,0.0,-0.0,0.0,-7.629211409948766e-05,0.00032228444237262014,0,0.05,True,0.0,0.0
831.5,12.084248542785645,-0.04411379620432854,3.0977525590671458,0.0002189119469585852,-0.00025789875227266924,0.0,-0.0,0.0,-7.629211409948766e-05,0.00032228444237262014,0,0.05,True,0.0,0.0
831.52,12.084248542785645,-0.04411379620432854,3.0977525590671458,0.0002189119469585852,-0.00025789875227266924,0.0,-0.0,0.0,-7.629211409948766e-05,0.00032228444237262014,0,0.05,True,0.0,0.0
831.54,12.084248542785645,-0.04411379620432854,3.0977525590671458,0.0002189119469585852,-0.00025789875227266924,0.0,-0.0,0.0,-7.629211409948766e-05,0.00032228444237262014,0,0.05,True,0.0,0.0
831.56,12.084248542785645,-0.04411379620432854,3.0977525590671458,0.0002189119469585852,-0.00025789875227266924,0.0,-0.0,0.0,-7.629211409948766e-05,0.00032228444237262014,0,0.05,True,0.0,0.0
831.58,12.084248542785645,-0.04411379620432854,3.0977525590671458,0.0002189119469585852,-0.00025789875227266924,0.0,-0.0,0.0,-7.629211409948766e-05,0.00032228444237262014,0,0.05,True,0.0,0.0
831.6,12.084248542785645,-0.04411379620432854,3.0977525590671458,0.0002189119469585852,-0.00025789875227266924,0.0,-0.0,0.0,-7.629211409948766e-05,0.00032228444237262014,0,0.05,True,0.0,0.0
831.62,12.084248542785645,-0.04411379620432854,3.0977525590671458,0.0002189119469585852,-0.00025789875227266924,0.0,-0.0,0.0,-7.629211409948766e-05,0.00032228444237262014,0,0.05,True,0.0,0.0
831.64,12.084248542785645,-0.04411379620432854,3.0977525590671458,0.0002189119469585852,-0.00025789875227266924,0.0,-0.0,0.0,-7.629211409948766e-05,0.00032228444237262014,0,0.05,True,0.0,0.0
831.66,12.084248542785645,-0.04411379620432854,3.0977525590671458,0.0002189119469585852,-0.00025789875227266924,0.0,-0.0,0.0,-7.629211409948766e-05,0.00032228444237262014,0,0.05,True,0.0,0.0
831.68,12.084248542785645,-0.04411379620432854,3.0977525590671458,0.0002189119469585852,-0.00025789875227266924,0.0,-0.0,0.0,-7.629211409948766e-05,0.00032228444237262014,0,0.05,True,0.0,0.0
831.7,12.084248542785645,-0.04411379620432854,3.0977525590671458,0.0002189119469585852,-0.00025789875227266924,0.0,-0.0,0.0,-7.629211409948766e-05,0.00032228444237262014,0,0.05,True,0.0,0.0
831.72,12.084248542785645,-0.04411379620432854,3.0977525590671458,0.0002189119469585852,-0.00025789875227266924,0.0,-0.0,0.0,-7.629211409948766e-05,0.00032228444237262014,0,0.05,True,0.0,0.0
831.74,12.084248542785645,-0.04411379620432854,3.0977525590671458,0.0002189119469585852,-0.00025789875227266924,0.0,-0.0,0.0,-7.629211409948766e-05,0.00032228444237262014,0,0.05,True,0.0,0.0
831.76,12.084248542785645,-0.04411379620432854,3.0977525590671458,0.0002189119469585852,-0.00025789875227266924,0.0,-0.0,0.0,-7.629211409948766e-05,0.00032228444237262014,0,0.05,True,0.0,0.0
831.78,12.084248542785645,-0.04411379620432854,3.0977525590671458,0.0002189119469585852,-0.00025789875227266924,0.0,-0.0,0.0,-7.629211409948766e-05,0.00032228444237262014,0,0.05,True,0.0,0.0
831.8,12.084248542785645,-0.04411379620432854,3.0977525590671458,0.0002189119469585852,-0.00025789875227266924,0.0,-0.0,0.0,-7.629211409948766e-05,0.00032228444237262014,0,0.05,True,0.0,0.0
831.82,12.084248542785645,-0.04411379620432854,3.0977525590671458,0.0002189119469585852,-0.00025789875227266924,0.0,-0.0,0.0,-7.629211409948766e-05,0.00032228444237262014,0,0.05,True,0.0,0.0
831.84,12.084248542785645,-0.04411379620432854,3.0977525590671458,0.0002189119469585852,-0.00025789875227266924,0.0,-0.0,0.0,-7.629211409948766e-05,0.00032228444237262014,0,0.05,True,0.0,0.0
831.86,12.084248542785645,-0.04411379620432854,3.0977525590671458,0.0002189119469585852,-0.00025789875227266924,0.0,-0.0,0.0,-7.629211409948766e-05,0.00032228444237262014,0,0.05,True,0.0,0.0
831.88,12.084248542785645,-0.04411379620432854,3.0977525590671458,0.0002189119469585852,-0.00025789875227266924,0.0,-0.0,0.0,-7.629211409948766e-05,0.00032228444237262014,0,0.05,True,0.0,0.0
831.9,12.084248542785645,-0.04411379620432854,3.0977525590671458,0.0002189119469585852,-0.00025789875227266924,0.0,-0.0,0.0,-7.629211409948766e-05,0.00032228444237262014,0,0.05,True,0.0,0.0
831.92,12.084248542785645,-0.04411379620432854,3.0977525590671458,0.0002189119469585852,-0.00025789875227266924,0.0,-0.0,0.0,-7.629211409948766e-05,0.00032228444237262014,0,0.05,True,0.0,0.0
831.94,12.084248542785645,-0.04411379620432854,3.0977525590671458,0.0002189119469585852,-0.00025789875227266924,0.0,-0.0,0.0,-7.629211409948766e-05,0.00032228444237262014,0,0.05,True,0.0,0.0
831.96,12.084248542785645,-0.04411379620432854,3.0977525590671458,0.0002189119469585852,-0.00025789875227266924,0.0,-0.0,0.0,-7.629211409948766e-05,0.00032228444237262014,0,0.05,True,0.0,0.0
831.98,12.084248542785645,-0.04411379620432854,3.0977525590671458,0.0002189119469585852,-0.00025789875227266924,0.0,-0.0,0.0,-7.629211409948766e-05,0.00032228444237262014,0,0.05,True,0.0,0.0
832.0,12.084248542785645,-0.04411379620432854,3.0977525590671458,0.0002189119469585852,-0.00025789875227266924,0.0,-0.0,0.0,-7.629211409948766e-05,0.00032228444237262014,0,0.05,True,0.0,0.0
832.02,12.084248542785645,-0.04411379620432854,3.0977525590671458,0.0002189119469585852,-0.00025789875227266924,0.0,-0.0,0.0,-7.629211409948766e-05,0.00032228444237262014,0,0.05,True,0.0,0.0
832.04,12.084248542785645,-0.04411379620432854,3.0977525590671458,0.0002189119469585852,-0.00025789875227266924,0.0,-0.0,0.0,-7.629211409948766e-05,0.00032228444237262014,0,0.05,True,0.0,0.0
832.06,12.084248542785645,-0.04411379620432854,3.0977525590671458,0.0002189119469585852,-0.00025789875227266924,0.0,-0.0,0.0,-7.629211409948766e-05,0.00032228444237262014,0,0.05,True,0.0,0.0
832.08,12.084248542785645,-0.04411379620432854,3.0977525590671458,0.0002189119469585852,-0.00025789875227266924,0.0,-0.0,0.0,-7.629211409948766e-05,0.00032228444237262014,0,0.05,True,0.0,0.0
832.1,12.084248542785645,-0.04411379620432854,3.0977525590671458,0.0002189119469585852,-0.00025789875227266924,0.0,-0.0,0.0,-7.629211409948766e-05,0.00032228444237262014,0,0.05,True,0.0,0.0
832.12,12.084248542785645,-0.04411379620432854,3.0977525590671458,0.0002189119469585852,-0.00025789875227266924,0.0,-0.0,0.0,-7.629211409948766e-05,0.00032228444237262014,0,0.05,True,0.0,0.0
832.14,12.084248542785645,-0.04411379620432854,3.0977525590671458,0.0002189119469585852,-0.00025789875227266924,0.0,-0.0,0.0,-7.629211409948766e-05,0.00032228444237262014,0,0.05,True,0.0,0.0
832.16,12.084248542785645,-0.04411379620432854,3.0977525590671458,0.0002189119469585852,-0.00025789875227266924,0.0,-0.0,0.0,-7.629211409948766e-05,0.00032228444237262014,0,0.05,True,0.0,0.0
832.18,12.084248542785645,-0.04411379620432854,3.0977525590671458,0.0002189119469585852,-0.00025789875227266924,0.0,-0.0,0.0,-7.629211409948766e-05,0.00032228444237262014,0,0.05,True,0.0,0.0
832.2,12.084248542785645,-0.04411379620432854,3.0977525590671458,0.0002189119469585852,-0.00025789875227266924,0.0,-0.0,0.0,-7.629211409948766e-05,0.00032228444237262014,0,0.05,True,0.0,0.0
832.22,12.084248542785645,-0.04411379620432854,3.0977525590671458,0.0002189119469585852,-0.00025789875227266924,0.0,-0.0,0.0,-7.629211409948766e-05,0.00032228444237262014,0,0.05,True,0.0,0.0
832.24,12.084248542785645,-0.04411379620432854,3.0977525590671458,0.0002189119469585852,-0.00025789875227266924,0.0,-0.0,0.0,-7.629211409948766e-05,0.00032228444237262014,0,0.05,True,0.0,0.0
832.26,12.084248542785645,-0.04411379620432854,3.0977525590671458,0.0002189119469585852,-0.00025789875227266924,0.0,-0.0,0.0,-7.629211409948766e-05,0.00032228444237262014,0,0.05,True,0.0,0.0
832.28,12.084248542785645,-0.04411379620432854,3.0977525590671458,0.0002189119469585852,-0.00025789875227266924,0.0,-0.0,0.0,-7.629211409948766e-05,0.00032228444237262014,0,0.05,True,0.0,0.0
832.3,12.084248542785645,-0.04411379620432854,3.0977525590671458,0.0002189119469585852,-0.00025789875227266924,0.0,-0.0,0.0,-7.629211409948766e-05,0.00032228444237262014,0,0.05,True,0.0,0.0
832.32,12.084248542785645,-0.04411379620432854,3.0977525590671458,0.0002189119469585852,-0.00025789875227266924,0.0,-0.0,0.0,-7.629211409948766e-05,0.00032228444237262014,0,0.05,True,0.0,0.0
832.34,12.084248542785645,-0.04411379620432854,3.0977525590671458,0.0002189119469585852,-0.00025789875227266924,0.0,-0.0,0.0,-7.629211409948766e-05,0.00032228444237262014,0,0.05,True,0.0,0.0
832.36,12.084248542785645,-0.04411379620432854,3.0977525590671458,0.0002189119469585852,-0.00025789875227266924,0.0,-0.0,0.0,-7.629211409948766e-05,0.00032228444237262014,0,0.05,True,0.0,0.0
832.38,12.084248542785645,-0.04411379620432854,3.0977525590671458,0.0002189119469585852,-0.00025789875227266924,0.0,-0.0,0.0,-7.629211409948766e-05,0.00032228444237262014,0,0.05,True,0.0,0.0
832.4,12.084248542785645,-0.04411379620432854,3.0977525590671458,0.0002189119469585852,-0.00025789875227266924,0.0,-0.0,0.0,-7.629211409948766e-05,0.00032228444237262014,0,0.05,True,0.0,0.0
832.42,12.084248542785645,-0.04411379620432854,3.0977525590671458,0.0002189119469585852,-0.00025789875227266924,0.0,-0.0,0.0,-7.629211409948766e-05,0.00032228444237262014,0,0.05,True,0.0,0.0
832.44,12.084248542785645,-0.04411379620432854,3.0977525590671458,0.0002189119469585852,-0.00025789875227266924,0.0,-0.0,0.0,-7.629211409948766e-05,0.00032228444237262014,0,0.05,True,0.0,0.0
832.46,12.084248542785645,-0.04411379620432854,3.0977525590671458,0.0002189119469585852,-0.00025789875227266924,0.0,-0.0,0.0,-7.629211409948766e-05,0.00032228444237262014,0,0.05,True,0.0,0.0
832.48,12.084248542785645,-0.04411379620432854,3.0977525590671458,0.0002189119469585852,-0.00025789875227266924,0.0,-0.0,0.0,-7.629211409948766e-05,0.00032228444237262014,0,0.05,True,0.0,0.0
832.5,12.084248542785645,-0.04411379620432854,3.0977525590671458,0.0002189119469585852,-0.00025789875227266924,0.0,-0.0,0.0,-7.629211409948766e-05,0.00032228444237262014,0,0.05,True,0.0,0.0
832.52,12.084248542785645,-0.04411379620432854,3.0977525590671458,0.0002189119469585852,-0.00025789875227266924,0.0,-0.0,0.0,-7.629211409948766e-05,0.00032228444237262014,0,0.05,True,0.0,0.0
832.54,12.084248542785645,-0.04411379620432854,3.0977525590671458,0.0002189119469585852,-0.00025789875227266924,0.0,-0.0,0.0,-7.629211409948766e-05,0.00032228444237262014,0,0.05,True,0.0,0.0
832.56,12.084248542785645,-0.04411379620432854,3.0977525590671458,0.0002189119469585852,-0.00025789875227266924,0.0,-0.0,0.0,-7.629211409948766e-05,0.00032228444237262014,0,0.05,True,0.0,0.0
832.58,12.084248542785645,-0.04411379620432854,3.0977525590671458,0.0002189119469585852,-0.00025789875227266924,0.0,-0.0,0.0,-7.629211409948766e-05,0.00032228444237262014,0,0.05,True,0.0,0.0
832.6,12.084248542785645,-0.04411379620432854,3.0977525590671458,0.0002189119469585852,-0.00025789875227266924,0.0,-0.0,0.0,-7.629211409948766e-05,0.00032228444237262014,0,0.05,True,0.0,0.0
832.62,12.084248542785645,-0.04411379620432854,3.0977525590671458,0.0002189119469585852,-0.00025789875227266924,0.0,-0.0,0.0,-7.629211409948766e-05,0.00032228444237262014,0,0.05,True,0.0,0.0
832.64,12.084248542785645,-0.04411379620432854,3.0977525590671458,0.0002189119469585852,-0.00025789875227266924,0.0,-0.0,0.0,-7.629211409948766e-05,0.00032228444237262014,0,0.05,True,0.0,0.0
832.66,12.084248542785645,-0.04411379620432854,3.0977525590671458,0.0002189119469585852,-0.00025789875227266924,0.0,-0.0,0.0,-7.629211409948766e-05,0.00032228444237262014,0,0.05,True,0.0,0.0
832.68,12.084248542785645,-0.04411379620432854,3.0977525590671458,0.0002189119469585852,-0.00025789875227266924,0.0,-0.0,0.0,-7.629211409948766e-05,0.00032228444237262014,0,0.05,True,0.0,0.0
832.7,12.084248542785645,-0.04411379620432854,3.0977525590671458,0.0002189119469585852,-0.00025789875227266924,0.0,-0.0,0.0,-7.629211409948766e-05,0.00032228444237262014,0,0.05,True,0.0,0.0
832.72,12.084248542785645,-0.04411379620432854,3.0977525590671458,0.0002189119469585852,-0.00025789875227266924,0.0,-0.0,0.0,-7.629211409948766e-05,0.00032228444237262014,0,0.05,True,0.0,0.0
832.74,12.084248542785645,-0.04411379620432854,3.0977525590671458,0.0002189119469585852,-0.00025789875227266924,0.0,-0.0,0.0,-7.629211409948766e-05,0.00032228444237262014,0,0.05,True,0.0,0.0
832.76,12.084248542785645,-0.04411379620432854,3.0977525590671458,0.0002189119469585852,-0.00025789875227266924,0.0,-0.0,0.0,-7.629211409948766e-05,0.00032228444237262014,0,0.05,True,0.0,0.0
832.78,12.084248542785645,-0.04411379620432854,3.0977525590671458,0.0002189119469585852,-0.00025789875227266924,0.0,-0.0,0.0,-7.629211409948766e-05,0.00032228444237262014,0,0.05,True,0.0,0.0
832.8,12.084248542785645,-0.04411379620432854,3.0977525590671458,0.0002189119469585852,-0.00025789875227266924,0.0,-0.0,0.0,-7.629211409948766e-05,0.00032228444237262014,0,0.05,True,0.0,0.0
832.82,12.084248542785645,-0.04411379620432854,3.0977525590671458,0.0002189119469585852,-0.00025789875227266924,0.0,-0.0,0.0,-7.629211409948766e-05,0.00032228444237262014,0,0.05,True,0.0,0.0
832.84,12.084248542785645,-0.04411379620432854,3.0977525590671458,0.0002189119469585852,-0.00025789875227266924,0.0,-0.0,0.0,-7.629211409948766e-05,0.00032228444237262014,0,0.05,True,0.0,0.0
832.86,12.084248542785645,-0.04411379620432854,3.0977525590671458,0.0002189119469585852,-0.00025789875227266924,0.0,-0.0,0.0,-7.629211409948766e-05,0.00032228444237262014,0,0.05,True,0.0,0.0
832.88,12.084248542785645,-0.04411379620432854,3.0977525590671458,0.0002189119469585852,-0.00025789875227266924,0.0,-0.0,0.0,-7.629211409948766e-05,0.00032228444237262014,0,0.05,True,0.0,0.0
832.9,12.084248542785645,-0.04411379620432854,3.0977525590671458,0.0002189119469585852,-0.00025789875227266924,0.0,-0.0,0.0,-7.629211409948766e-05,0.00032228444237262014,0,0.05,True,0.0,0.0
832.92,12.084248542785645,-0.04411379620432854,3.0977525590671458,0.0002189119469585852,-0.00025789875227266924,0.0,-0.0,0.0,-7.629211409948766e-05,0.00032228444237262014,0,0.05,True,0.0,0.0
832.94,12.084248542785645,-0.04411379620432854,3.0977525590671458,0.0002189119469585852,-0.00025789875227266924,0.0,-0.0,0.0,-7.629211409948766e-05,0.00032228444237262014,0,0.05,True,0.0,0.0
832.96,12.084248542785645,-0.04411379620432854,3.0977525590671458,0.0002189119469585852,-0.00025789875227266924,0.0,-0.0,0.0,-7.629211409948766e-05,0.00032228444237262014,0,0.05,True,0.0,0.0
832.98,12.084248542785645,-0.04411379620432854,3.0977525590671458,0.0002189119469585852,-0.00025789875227266924,0.0,-0.0,0.0,-7.629211409948766e-05,0.00032228444237262014,0,0.05,True,0.0,0.0
833.0,12.084248542785645,-0.04411379620432854,3.0977525590671458,0.0002189119469585852,-0.00025789875227266924,0.0,-0.0,0.0,-7.629211409948766e-05,0.00032228444237262014,0,0.05,True,0.0,0.0
833.02,12.084248542785645,-0.04411379620432854,3.0977525590671458,0.0002189119469585852,-0.00025789875227266924,0.0,-0.0,0.0,-7.629211409948766e-05,0.00032228444237262014,0,0.05,True,0.0,0.0
833.04,12.084248542785645,-0.04411379620432854,3.0977525590671458,0.0002189119469585852,-0.00025789875227266924,0.0,-0.0,0.0,-7.629211409948766e-05,0.00032228444237262014,0,0.05,True,0.0,0.0
833.06,12.084248542785645,-0.04411379620432854,3.0977525590671458,0.0002189119469585852,-0.00025789875227266924,0.0,-0.0,0.0,-7.629211409948766e-05,0.00032228444237262014,0,0.05,True,0.0,0.0
833.08,12.084248542785645,-0.04411379620432854,3.0977525590671458,0.0002189119469585852,-0.00025789875227266924,0.0,-0.0,0.0,-7.629211409948766e-05,0.00032228444237262014,0,0.05,True,-0.0011494425396455818,-0.0026273454317726117
833.1,12.084248542785645,-0.04411379620432854,3.0977525590671458,0.0002189119469585852,-0.00025789875227266924,0.0,-0.0,0.0,-7.629211409948766e-05,0.00032228444237262014,0,0,True,-0.00034591687007324266,-0.007424459066016254
833.12,12.084248542785645,-0.04411379620432854,3.0977525590671458,0.0002189119469585852,-0.00025789875227266924,-9.195540317169359e-05,-7.98698746123112e-05,-0.00021018763454191646,-7.629211409948766e-05,0.00032228444237262014,0,0,True,0.010222931207794156,-0.005578884627393531
833.14,12.084248542785645,-0.04411379620432854,3.0977525590671458,0.0002189119469585852,-0.00025789875227266924,-2.7673349605873572e-05,-0.00018518725596297525,-0.0005939567252816042,-7.629211409948766e-05,0.00032228444237262014,0,0,True,0.027687249604672275,-0.062431602065063235
833.16,12.084256172180176,-0.04410773515701294,3.0977357440563824,0.0002158059547869,-0.00022399325092375017,0.0008178344966227887,-0.0001465445427599254,-0.0004463107701910766,-7.629211409948766e-05,0.00032228444237262014,0,0,True,0.04730626669094209,-0.09114661951523122
833.18,12.084251403808594,-0.04409909248352051,3.0977050425291233,0.00016377131594652722,-0.00018385057264096508,0.0022149799683717675,-0.0015289389147931443,-0.004994528165200516,0.00020182053325697782,-9.026585845276714e-05,0,0,True,0.038675670165134554,-0.12391048350768463
833.2,12.084183692932129,-0.04409921541810036,3.0977168542055304,0.00012782829870500073,-0.00028392229772512205,0.00369254593210561,-0.0022979638142638387,-0.007501917195764144,0.0016554902773350479,0.00037596601760014897,0,0,True,0.02943991780165154,-0.19049017634034707
833.22,12.084076881408691,-0.0439838245511055,3.0973529968139295,3.840194764926039e-06,-0.0004581687834706289,0.0030663802636064735,-0.0032278517918636284,-0.010506795405901445,0.003425642959773541,0.002523108143359423,0,0,True,0.005167985133049587,-0.10451291960748
833.24,12.083969116210938,-0.04391111806035042,3.097135590680721,-2.5310137380686664e-05,-0.0006425752941114923,0.003173027920756117,-0.004804023316972264,-0.015685524877426638,0.007856387570500374,-0.0005494727939367295,0,0,True,-0.04395220409913332,-0.039764916564698764
833.26,12.084017753601074,-0.0438302680850029,3.0968644988966507,5.7600795869578646e-05,-0.00023416312208874177,0.002628418779015946,-0.004070372773469852,-0.013355561733803194,0.0355744144320488,-0.0026028708741068843,0,0,True,-0.017473499357799214,-0.026050012297700705
833.28,12.08394718170166,-0.043703991919755936,3.0964620122153375,3.6966799356362537e-06,-0.0003881779320575827,0.00017636960417814206,-0.0031126284059357595,-0.010683110520937152,8.242949843406679e-05,-0.004348686188459397,0,0,True,-0.028066238818592475,0.09227226889886968
833.3,12.083881378173828,-0.04364911839365959,3.096284551875226,-6.593760013400003e-05,-0.000609197908504047,0.0016685003149838078,-0.0020582923816411178,-0.012590796389715607,0.00870382957160473,-0.0036500998400151733,0,0,True,-0.0510212310491631,0.05488310787800451
833.32,12.083966255187988,-0.04366172477602959,3.0962809418390456,2.9037357396013e-05,-0.0001754712570916726,0.00092772881526757,-0.002564307930035397,-0.008303743365513287,0.002755437158048153,-0.0012168528884649278,0,0,True,-0.013761470272709053,0.07137803353274813
833.34,12.083891868591309,-0.04365972802042961,3.095857235185473,0.00022818546976747888,3.4566090512860655e-05,-0.0014532797049191897,-0.0010996847839151937,-0.008964913103560587,0.0009865398891270162,-0.0017300766520202161,0,0,True,-0.05127335631040987,0.13772833108019233
833.36,12.083882331848145,-0.043495696038007736,3.095797712746096,7.822180690619668e-05,-6.575415030582763e-05,-0.0009245480176391453,-0.0016990197342335177,-0.00497286783831438,0.00809078149497509,-0.0033757187426090244,0,0,True,-0.03877159156141447,0.07000889176159163
833.38,12.084001541137695,-0.04356655105948448,3.095567358826941,0.00030455159512835097,-1.4811371846350075e-05,-0.0024333681898510806,-0.0028735308542548023,-0.001572529903294582,0.05106780402362347,-0.00566918432712555,0,0,True,0.01275743118176466,0.12814211421302113
833.4,12.084046363830566,-0.04352933168411255,3.0958831124119808,0.0005280472965451495,6.516787067097516e-05,-0.0021739985096427667,0.0008290322016973041,-0.0027030320245910503,-0.003100843615829945,-0.00437853904440999,0,0,True,0.014662466903210067,0.03218139735561276
833.42,12.084096908569336,-0.043439045548439026,3.0957314327932095,0.00012888686799484962,-2.0680014718146798e-05,-0.00043268521037894504,-0.0012330164616020773,0.00128645603347178,-0.0016922537423670293,-0.0021724345162510874,0,0,True,0.041999700759689916,0.026962490289051188
833.44,12.084053039550781,-0.0435698963701725,3.0955814701841287,0.00016820775629479656,-0.00016332719263246632,0.00024844933461826005,-0.0007307252674873077,-0.002398356049864042,0.0010402195900678635,-0.0029541054181754594,0,0,True,0.026862455455742923,0.04792054419629091
833.46,12.084040641784668,-0.04346960037946701,3.095670275309619,4.5875645092401924e-05,-9.00213817838431e-05,0.0009266078709258316,0.0008705624491325472,0.0005844693198306169,0.0009573234431445599,-0.0003170779347419739,0,0,True,0.0022802464767142623,-0.04662862279860694
833.48,12.084029197692871,-0.04347002133727074,3.0956912439279916,9.45704178768475e-05,-1.8120596457873895e-05,-2.500207318223339e-05,0.00028450967912095794,0.0011306115111141836,0.0016600353736430408,-0.00043549826019443575,0,0,True,-0.016632527172117353,0.017879392987450362
833.5,12.084019660949707,-0.043505214154720306,3.095778190338796,0.0002361406153355109,-0.0001410128637683745,-0.0002502654922417107,0.0007735234966584283,-0.0024438337904186835,0.0016600353736430408,-0.00043549826019443575,0,0,True,-0.03508121766239127,-0.05087210535279578
833.52,12.084053993225098,-0.043592724949121475,3.0956719191050177,0.0005964778083831077,7.812270288878728e-06,-0.0010821528391499178,0.001215829731931777,-0.0009680046108693141,-0.0008510867878794671,9.189669974148275e-05,0,0,True,-0.028601820204601773,-0.03803573297527698
833.54,12.084057807922363,-0.04353233426809311,3.0954747686063855,0.00022553952171748708,-6.400440858440472e-05,-0.0018798895420629176,0.0003953414455793436,-0.003485299108389344,-0.0005157393496483565,0.0008459755592048169,0,0,True,-0.025624595256593708,0.03744959870516883
833.56,12.084111213684082,-0.04357115924358368,3.095613803559122,0.00030553449413447075,-0.00015170955668076703,-0.002313147689548294,-0.0005613038941813004,-0.0019122471269052074,0.0037674369663000112,-0.0019649562612175943,0,0,True,-0.006610758084492399,-0.0027224774042594628
833.58,12.084168434143066,-0.043543741106987,3.0954993664101247,0.00044729678485443694,-4.602916539920779e-05,-0.0023002331127702563,0.0001947102659012043,0.0005521341059963554,-0.005736403092741967,-0.006209201589226723,0,0,True,0.012094845670415192,0.046624508345553484
833.6,12.084240913391113,-0.043556373566389084,3.095518939334865,0.0003766346602763476,3.1785313395886914e-05,-0.0016110134859095803,-0.0002592952475790083,-0.0011858028032101825,-0.0024105216003954414,-0.0034199373051524164,0,0,True,0.028914346119338883,0.023903089086302863
833.62,12.084240913391113,-0.043556373566389084,3.095518939334865,0.0003766346602763476,3.1785313395886914e-05,-0.0009123018884292073,0.00011601058677040212,0.0002446615592568429,0.0003977013379335404,-0.0016775891277939082,0,0,True,0.028752913909654353,-0.00690167632496072
833.64,12.084240913391113,-0.043556373566389084,3.095518939334865,0.0003766346602763476,3.1785313395886914e-05,0.0,-0.0,0.0,0.0017815523874014619,-0.0006296579074114561,0,0,True,0.02013766857388807,0.014822535040140762
833.66,12.084240913391113,-0.043556373566389084,3.095518939334865,0.0003766346602763476,3.1785313395886914e-05,0.0,-0.0,0.0,0.0017815523874014619,-0.0006296579074114561,0,0,True,0.011403773605359257,-0.0030582694907089715
833.68,12.084240913391113,-0.043556373566389084,3.095518939334865,0.0003766346602763476,3.1785313395886914e-05,0.0,-0.0,0.0,0.0017815523874014619,-0.0006296579074114561,0,0,True,0.0,0.0
833.7,12.084240913391113,-0.043556373566389084,3.095518939334865,0.0003766346602763476,3.1785313395886914e-05,0.0,-0.0,0.0,0.0017815523874014619,-0.0006296579074114561,0,0,True,0.0,0.0
833.72,12.084240913391113,-0.043556373566389084,3.095518939334865,0.0003766346602763476,3.1785313395886914e-05,0.0,-0.0,0.0,0.0017815523874014619,-0.0006296579074114561,0,0,True,0.0,0.0
833.74,12.084240913391113,-0.043556373566389084,3.095518939334865,0.0003766346602763476,3.1785313395886914e-05,0.0,-0.0,0.0,0.0017815523874014619,-0.0006296579074114561,0,0,True,0.0,0.0
833.76,12.084240913391113,-0.043556373566389084,3.095518939334865,0.0003766346602763476,3.1785313395886914e-05,0.0,-0.0,0.0,0.0017815523874014619,-0.0006296579074114561,0,0,True,0.0,0.0
833.78,12.084240913391113,-0.043556373566389084,3.095518939334865,0.0003766346602763476,3.1785313395886914e-05,0.0,-0.0,0.0,0.0017815523874014619,-0.0006296579074114561,0,0,True,0.0,0.0
833.8,12.084240913391113,-0.043556373566389084,3.095518939334865,0.0003766346602763476,3.1785313395886914e-05,0.0,-0.0,0.0,0.0017815523874014619,-0.0006296579074114561,0,0,True,0.0,0.0
833.82,12.084240913391113,-0.043556373566389084,3.095518939334865,0.0003766346602763476,3.1785313395886914e-05,0.0,-0.0,0.0,0.0017815523874014619,-0.0006296579074114561,0,0,True,0.0,0.0
833.84,12.084240913391113,-0.043556373566389084,3.095518939334865,0.0003766346602763476,3.1785313395886914e-05,0.0,-0.0,0.0,0.0017815523874014619,-0.0006296579074114561,0,0,True,0.0,0.0
833.86,12.084240913391113,-0.043556373566389084,3.095518939334865,0.0003766346602763476,3.1785313395886914e-05,0.0,-0.0,0.0,0.0017815523874014619,-0.0006296579074114561,0,0,True,0.0,0.0
833.88,12.084240913391113,-0.043556373566389084,3.095518939334865,0.0003766346602763476,3.1785313395886914e-05,0.0,-0.0,0.0,0.0017815523874014619,-0.0006296579074114561,0,0,True,0.0,0.0
833.9,12.084240913391113,-0.043556373566389084,3.095518939334865,0.0003766346602763476,3.1785313395886914e-05,0.0,-0.0,0.0,0.0017815523874014619,-0.0006296579074114561,0,0,True,0.0,0.0
833.92,12.084240913391113,-0.043556373566389084,3.095518939334865,0.0003766346602763476,3.1785313395886914e-05,0.0,-0.0,0.0,0.0017815523874014619,-0.0006296579074114561,0,0,True,0.0,0.0
833.94,12.084240913391113,-0.043556373566389084,3.095518939334865,0.0003766346602763476,3.1785313395886914e-05,0.0,-0.0,0.0,0.0017815523874014619,-0.0006296579074114561,0,0,True,0.0,0.0
833.96,12.084240913391113,-0.043556373566389084,3.095518939334865,0.0003766346602763476,3.1785313395886914e-05,0.0,-0.0,0.0,0.0017815523874014619,-0.0006296579074114561,0,0,True,0.0,0.0
833.98,12.084240913391113,-0.043556373566389084,3.095518939334865,0.0003766346602763476,3.1785313395886914e-05,0.0,-0.0,0.0,0.0017815523874014619,-0.0006296579074114561,0,0,True,0.0,0.0
834.0,12.084240913391113,-0.043556373566389084,3.095518939334865,0.0003766346602763476,3.1785313395886914e-05,0.0,-0.0,0.0,0.0017815523874014619,-0.0006296579074114561,0,0,True,0.0,0.0
834.02,12.084240913391113,-0.043556373566389084,3.095518939334865,0.0003766346602763476,3.1785313395886914e-05,0.0,-0.0,0.0,0.0017815523874014619,-0.0006296579074114561,0,0,True,0.0,0.0
834.04,12.084240913391113,-0.043556373566389084,3.095518939334865,0.0003766346602763476,3.1785313395886914e-05,0.0,-0.0,0.0,0.0017815523874014619,-0.0006296579074114561,0,0,True,0.0,0.0
834.06,12.084240913391113,-0.043556373566389084,3.095518939334865,0.0003766346602763476,3.1785313395886914e-05,0.0,-0.0,0.0,0.0017815523874014619,-0.0006296579074114561,0,0,True,0.0,0.0
834.08,12.084240913391113,-0.043556373566389084,3.095518939334865,0.0003766346602763476,3.1785313395886914e-05,0.0,-0.0,0.0,0.0017815523874014619,-0.0006296579074114561,0,0,True,0.0,0.0
834.1,12.084240913391113,-0.043556373566389084,3.095518939334865,0.0003766346602763476,3.1785313395886914e-05,0.0,-0.0,0.0,0.0017815523874014619,-0.0006296579074114561,0,0,True,0.0,0.0
834.12,12.084240913391113,-0.043556373566389084,3.095518939334865,0.0003766346602763476,3.1785313395886914e-05,0.0,-0.0,0.0,0.0017815523874014619,-0.0006296579074114561,0,0,True,0.0,0.0
834.14,12.084240913391113,-0.043556373566389084,3.095518939334865,0.0003766346602763476,3.1785313395886914e-05,0.0,-0.0,0.0,0.0017815523874014619,-0.0006296579074114561,0,0,True,0.0,0.0
834.16,12.084240913391113,-0.043556373566389084,3.095518939334865,0.0003766346602763476,3.1785313395886914e-05,0.0,-0.0,0.0,0.0017815523874014619,-0.0006296579074114561,0,0,True,0.0,0.0
834.18,12.084240913391113,-0.043556373566389084,3.095518939334865,0.0003766346602763476,3.1785313395886914e-05,0.0,-0.0,0.0,0.0017815523874014619,-0.0006296579074114561,0,0,True,0.0,0.0
834.2,12.084240913391113,-0.043556373566389084,3.095518939334865,0.0003766346602763476,3.1785313395886914e-05,0.0,-0.0,0.0,0.0017815523874014619,-0.0006296579074114561,0,0,True,0.0,0.0
834.22,12.084240913391113,-0.043556373566389084,3.095518939334865,0.0003766346602763476,3.1785313395886914e-05,0.0,-0.0,0.0,0.0017815523874014619,-0.0006296579074114561,0,0,True,0.0,0.0
834.24,12.084240913391113,-0.043556373566389084,3.095518939334865,0.0003766346602763476,3.1785313395886914e-05,0.0,-0.0,0.0,0.0017815523874014619,-0.0006296579074114561,0,0,True,0.0,0.0
834.26,12.084240913391113,-0.043556373566389084,3.095518939334865,0.0003766346602763476,3.1785313395886914e-05,0.0,-0.0,0.0,0.0017815523874014619,-0.0006296579074114561,0,0,True,0.0,0.0
834.28,12.084240913391113,-0.043556373566389084,3.095518939334865,0.0003766346602763476,3.1785313395886914e-05,0.0,-0.0,0.0,0.0017815523874014619,-0.0006296579074114561,0,0,True,0.0,0.0
834.3,12.084240913391113,-0.043556373566389084,3.095518939334865,0.0003766346602763476,3.1785313395886914e-05,0.0,-0.0,0.0,0.0017815523874014619,-0.0006296579074114561,0,0,True,0.0,0.0
834.32,12.084240913391113,-0.043556373566389084,3.095518939334865,0.0003766346602763476,3.1785313395886914e-05,0.0,-0.0,0.0,0.0017815523874014619,-0.0006296579074114561,0,0,True,0.0,0.0
834.34,12.084240913391113,-0.043556373566389084,3.095518939334865,0.0003766346602763476,3.1785313395886914e-05,0.0,-0.0,0.0,0.0017815523874014619,-0.0006296579074114561,0,0,True,0.0,0.0
834.36,12.084240913391113,-0.043556373566389084,3.095518939334865,0.0003766346602763476,3.1785313395886914e-05,0.0,-0.0,0.0,0.0017815523874014619,-0.0006296579074114561,0,0,True,0.0,0.0
834.38,12.084240913391113,-0.043556373566389084,3.095518939334865,0.0003766346602763476,3.1785313395886914e-05,0.0,-0.0,0.0,0.0017815523874014619,-0.0006296579074114561,0,0,True,0.0,0.0
834.4,12.084240913391113,-0.043556373566389084,3.095518939334865,0.0003766346602763476,3.1785313395886914e-05,0.0,-0.0,0.0,0.0017815523874014619,-0.0006296579074114561,0,0,True,0.0,0.0
834.42,12.084240913391113,-0.043556373566389084,3.095518939334865,0.0003766346602763476,3.1785313395886914e-05,0.0,-0.0,0.0,0.0017815523874014619,-0.0006296579074114561,0,0,True,0.0,0.0
834.44,12.084240913391113,-0.043556373566389084,3.095518939334865,0.0003766346602763476,3.1785313395886914e-05,0.0,-0.0,0.0,0.0017815523874014619,-0.0006296579074114561,0,0,True,0.0,0.0
834.46,12.084240913391113,-0.043556373566389084,3.095518939334865,0.0003766346602763476,3.1785313395886914e-05,0.0,-0.0,0.0,0.0017815523874014619,-0.0006296579074114561,0,0,True,0.0,0.0
834.48,12.084240913391113,-0.043556373566389084,3.095518939334865,0.0003766346602763476,3.1785313395886914e-05,0.0,-0.0,0.0,0.0017815523874014619,-0.0006296579074114561,0,0,True,0.0,0.0
834.5,12.084240913391113,-0.043556373566389084,3.095518939334865,0.0003766346602763476,3.1785313395886914e-05,0.0,-0.0,0.0,0.0017815523874014619,-0.0006296579074114561,0,0,True,0.0,0.0
834.52,12.084240913391113,-0.043556373566389084,3.095518939334865,0.0003766346602763476,3.1785313395886914e-05,0.0,-0.0,0.0,0.0017815523874014619,-0.0006296579074114561,0,0,True,0.0,0.0
834.54,12.084240913391113,-0.043556373566389084,3.095518939334865,0.0003766346602763476,3.1785313395886914e-05,0.0,-0.0,0.0,0.0017815523874014619,-0.0006296579074114561,0,0,True,0.0,0.0
834.56,12.084240913391113,-0.043556373566389084,3.095518939334865,0.0003766346602763476,3.1785313395886914e-05,0.0,-0.0,0.0,0.0017815523874014619,-0.0006296579074114561,0,0,True,0.0,0.0
834.58,12.084240913391113,-0.043556373566389084,3.095518939334865,0.0003766346602763476,3.1785313395886914e-05,0.0,-0.0,0.0,0.0017815523874014619,-0.0006296579074114561,0,0,True,0.0,0.0
834.6,12.084240913391113,-0.043556373566389084,3.095518939334865,0.0003766346602763476,3.1785313395886914e-05,0.0,-0.0,0.0,0.0017815523874014619,-0.0006296579074114561,0,0,True,0.0,0.0
834.62,12.084240913391113,-0.043556373566389084,3.095518939334865,0.0003766346602763476,3.1785313395886914e-05,0.0,-0.0,0.0,0.0017815523874014619,-0.0006296579074114561,0,0,True,0.0,0.0
834.64,12.084240913391113,-0.043556373566389084,3.095518939334865,0.0003766346602763476,3.1785313395886914e-05,0.0,-0.0,0.0,0.0017815523874014619,-0.0006296579074114561,0,0,True,0.0,0.0
834.66,12.084240913391113,-0.043556373566389084,3.095518939334865,0.0003766346602763476,3.1785313395886914e-05,0.0,-0.0,0.0,0.0017815523874014619,-0.0006296579074114561,0,0,True,0.0,0.0
834.68,12.084240913391113,-0.043556373566389084,3.095518939334865,0.0003766346602763476,3.1785313395886914e-05,0.0,-0.0,0.0,0.0017815523874014619,-0.0006296579074114561,0,0,True,0.0,0.0
834.7,12.084240913391113,-0.043556373566389084,3.095518939334865,0.0003766346602763476,3.1785313395886914e-05,0.0,-0.0,0.0,0.0017815523874014619,-0.0006296579074114561,0,0,True,0.0,0.0
834.72,12.084240913391113,-0.043556373566389084,3.095518939334865,0.0003766346602763476,3.1785313395886914e-05,0.0,-0.0,0.0,0.0017815523874014619,-0.0006296579074114561,0,0,True,0.0,0.0
834.74,12.084240913391113,-0.043556373566389084,3.095518939334865,0.0003766346602763476,3.1785313395886914e-05,0.0,-0.0,0.0,0.0017815523874014619,-0.0006296579074114561,0,0,True,0.0,0.0
834.76,12.084240913391113,-0.043556373566389084,3.095518939334865,0.0003766346602763476,3.1785313395886914e-05,0.0,-0.0,0.0,0.0017815523874014619,-0.0006296579074114561,0,0,True,0.0,0.0
834.78,12.084240913391113,-0.043556373566389084,3.095518939334865,0.0003766346602763476,3.1785313395886914e-05,0.0,-0.0,0.0,0.0017815523874014619,-0.0006296579074114561,0,0,True,0.0,0.0
834.8,12.084240913391113,-0.043556373566389084,3.095518939334865,0.0003766346602763476,3.1785313395886914e-05,0.0,-0.0,0.0,0.0017815523874014619,-0.0006296579074114561,0,0,True,0.0,0.0
834.82,12.084240913391113,-0.043556373566389084,3.095518939334865,0.0003766346602763476,3.1785313395886914e-05,0.0,-0.0,0.0,0.0017815523874014619,-0.0006296579074114561,0,0,True,0.0,0.0
834.84,12.084240913391113,-0.043556373566389084,3.095518939334865,0.0003766346602763476,3.1785313395886914e-05,0.0,-0.0,0.0,0.0017815523874014619,-0.0006296579074114561,0,0,True,0.0,0.0
834.86,12.084240913391113,-0.043556373566389084,3.095518939334865,0.0003766346602763476,3.1785313395886914e-05,0.0,-0.0,0.0,0.0017815523874014619,-0.0006296579074114561,0,0,True,0.0,0.0
834.88,12.084240913391113,-0.043556373566389084,3.095518939334865,0.0003766346602763476,3.1785313395886914e-05,0.0,-0.0,0.0,0.0017815523874014619,-0.0006296579074114561,0,0,True,0.0,0.0
834.9,12.084240913391113,-0.043556373566389084,3.095518939334865,0.0003766346602763476,3.1785313395886914e-05,0.0,-0.0,0.0,0.0017815523874014619,-0.0006296579074114561,0,0,True,0.0,0.0
834.92,12.084240913391113,-0.043556373566389084,3.095518939334865,0.0003766346602763476,3.1785313395886914e-05,0.0,-0.0,0.0,0.0017815523874014619,-0.0006296579074114561,0,0,True,0.0,0.0
834.94,12.084240913391113,-0.043556373566389084,3.095518939334865,0.0003766346602763476,3.1785313395886914e-05,0.0,-0.0,0.0,0.0017815523874014619,-0.0006296579074114561,0,0,True,0.0,0.0
834.96,12.084240913391113,-0.043556373566389084,3.095518939334865,0.0003766346602763476,3.1785313395886914e-05,0.0,-0.0,0.0,0.0017815523874014619,-0.0006296579074114561,0,0,True,0.0,0.0
834.98,12.084240913391113,-0.043556373566389084,3.095518939334865,0.0003766346602763476,3.1785313395886914e-05,0.0,-0.0,0.0,0.0017815523874014619,-0.0006296579074114561,0,0,True,0.0,0.0
835.0,12.084240913391113,-0.043556373566389084,3.095518939334865,0.0003766346602763476,3.1785313395886914e-05,0.0,-0.0,0.0,0.0017815523874014619,-0.0006296579074114561,0,0,True,0.0,0.0
835.02,12.084240913391113,-0.043556373566389084,3.095518939334865,0.0003766346602763476,3.1785313395886914e-05,0.0,-0.0,0.0,0.0017815523874014619,-0.0006296579074114561,0,0,True,0.0,0.0
835.04,12.084240913391113,-0.043556373566389084,3.095518939334865,0.0003766346602763476,3.1785313395886914e-05,0.0,-0.0,0.0,0.0017815523874014619,-0.0006296579074114561,0,0,True,0.0,0.0
835.06,12.084240913391113,-0.043556373566389084,3.095518939334865,0.0003766346602763476,3.1785313395886914e-05,0.0,-0.0,0.0,0.0017815523874014619,-0.0006296579074114561,0,0,True,0.0,0.0
835.08,12.084240913391113,-0.043556373566389084,3.095518939334865,0.0003766346602763476,3.1785313395886914e-05,0.0,-0.0,0.0,0.0017815523874014619,-0.0006296579074114561,0,0,True,0.0,0.0
835.1,12.084240913391113,-0.043556373566389084,3.095518939334865,0.0003766346602763476,3.1785313395886914e-05,0.0,-0.0,0.0,0.0017815523874014619,-0.0006296579074114561,0,-0.05,True,0.010278503856508277,0.0008665059061250373
835.12,12.084240913391113,-0.043556373566389084,3.095518939334865,0.0003766346602763476,3.1785313395886914e-05,0.0,-0.0,0.0,0.0017815523874014619,-0.0006296579074114561,0,-0.05,True,0.05076816443110016,-0.03529056430343086
835.14,12.084240913391113,-0.043556373566389084,3.095518939334865,0.0003766346602763476,3.1785313395886914e-05,0.0008222803085210828,2.4673508694938023e-05,6.932047249003845e-05,0.0017815523874014619,-0.0006296579074114561,0,-0.05,True,0.10624343595099381,-0.12869525064447118
835.16,12.084240913391113,-0.043556373566389084,3.095518939334865,0.0003766346602763476,3.1785313395886914e-05,0.004061453154484319,-0.0008639229687003994,-0.002823245144271901,0.0017815523874014619,-0.0006296579074114561,0,-0.05,True,0.1689529999734536,-0.31914577246968484
835.18,12.084175109863281,-0.04355531558394432,3.0955244849726644,0.0004620312867950413,0.0001407275764548363,0.008499474876071774,-0.0031661487099353194,-0.010295620051548332,0.0017815523874014619,-0.0006296579074114561,0,-0.05,True,0.21684351714131364,-0.469644126280123
835.2,12.083919525146484,-0.04347236827015877,3.0952930797233233,0.00046318265625780187,0.0001177298353051334,0.0135162399978832,-0.005308263504104635,-0.02553166179758785,0.0067798648402094845,0.006507591418921948,0,-0.05,True,0.1980427956268152,-0.5558592549516982
835.22,12.083573341369629,-0.04327203705906868,3.094695289730741,0.000392718258341983,0.00015875476726608733,0.01816976167983505,-0.008013607479823602,-0.03750220962993902,0.017181751206517222,0.008070289120078088,0,-0.05,True,0.1076009631987455,-0.3373117872951643
835.24,12.08318042755127,-0.04308212175965309,3.093476406391057,0.00038433631011331826,0.00022156762245131913,0.01990487680463764,-0.012097373818529579,-0.04729198554043051,0.03916515290737153,0.005804882682859898,0,-0.05,True,0.04840980631641922,-0.049364373390945133
835.26,12.08275318145752,-0.042846787720918655,3.0925243082022678,0.0004687982004766301,0.0002785551943141081,0.017107551931975818,-0.01151007211538056,-0.03728056303517528,0.040903568863868714,0.0010323818773031236,0,-0.05,True,-0.08058553442109252,0.20676984247390462
835.28,12.082375526428223,-0.042429108172655106,3.0915097208800923,0.0001491199749030673,3.157329671035483e-05,0.017389024503193216,-0.00996976073318665,-0.02948081166885987,0.021526345908641817,-0.001958036068826914,0,-0.05,True,-0.1507186010330557,0.44749874624657654
835.3,12.08225154876709,-0.04228521138429642,3.0917128446879296,9.867625073763682e-05,5.05850964550252e-05,0.01172291892615351,-0.007690791508095512,-0.020960622232041693,0.021526345908641817,-0.001958036068826914,0,-0.05,True,-0.11709820021854841,0.3207167293659562
835.32,12.081830978393555,-0.042215898633003235,3.091117941457547,0.00024416759601041566,-0.00046062176159979655,0.007847388721987014,-0.0017598585523182718,-0.011492085840686067,0.013044686913490297,-0.046625773012638094,0,-0.05,True,-0.18774633534462057,0.32300641719109524
835.34,12.081847190856934,-0.04218553006649017,3.0908474584237036,0.0006365417306917348,-0.00020176983984439124,0.007739695914487152,-0.0003330191650763374,-0.011623224685885662,0.025228314399719242,0.00286739107221365,0,-0.05,True,-0.11526183970476249,0.25241769921629253
835.36,12.081755638122559,-0.04225682467222214,3.090590354012837,0.0012099004847987386,-0.00031911885703230267,0.0023693176756158845,-0.00034942520904310753,-0.0036402982935590323,0.029785917252302174,-0.0019751616381108762,0,-0.05,True,-0.07761922325949293,0.12710892301764426
835.38,12.081634521484375,-0.04222719743847847,3.0907829867130583,0.0009171784615875875,-0.0004719231552123818,0.002501971749767793,0.0007957617712843041,-0.0007672062947279607,0.005594275444746018,-0.06245450697839261,0,-0.05,True,-0.0939386355336788,0.09246961333319663
835.4,12.081643104553223,-0.04217831790447235,3.0908267175940627,0.0007781179999175626,-0.00017463743109655914,0.0016378508612332275,0.0013588180557822717,-0.0013233719992837734,0.009391968026757241,-0.006027629300951958,0,-0.05,True,-0.017934279675686515,-0.051439682356942774
835.42,12.081644058227539,-0.04223894327878952,3.0907860819201254,0.000481630967900852,-0.00019454429807045265,0.0002246050717996824,0.0014513810861987498,-0.00422565561923666,-0.0013949553668498994,-0.0013491594046354295,0,-0.05,True,-0.01231274039439772,-0.038970716172927806
835.44,12.081619262695312,-0.04235874116420746,3.0904844842528942,0.0005625383528233382,-0.00020895523667247473,0.0009345753015602295,0.0010977997336455486,-0.00775547288211656,0.001145286299288273,-0.00034069438697770243,0,-0.05,True,0.00464304147032631,0.007914613619951672
835.46,12.081610679626465,-0.04234224557876587,3.090444934263519,0.0007046463570686448,-0.0002572804000739836,0.0015169525182154714,0.0013792520496791448,-0.0038848635885637803,0.001145286299288273,-0.00034069438697770243,0,-0.05,True,0.01752976834185405,0.05619607982303435
835.48,12.081563949584961,-0.042262207716703415,3.090206279763493,0.0004220739599881025,-0.0003253636657316923,0.0020092941788595223,-0.0003085209513823781,-0.0006902029096873157,0.001983842682093382,0.0016071896161884071,0,-0.05,True,-0.01181563958858885,0.11024156746981154
835.5,12.081517219543457,-0.042342934757471085,3.09047529283304,0.0003956952576047951,-0.00037622690053471316,0.001626986539148724,0.0010957924276327267,0.0002700307666083881,0.0029714882373809816,0.002791693489998579,0,-0.05,True,-0.023238220760773542,0.02841312766608837
835.52,12.081459999084473,-0.042325835675001144,3.0904292680201193,0.0003828025463558806,-0.0005618382761515449,-1.0675865526018988e-05,0.0013739748629692694,0.0010638525154603412,0.0015419699158519507,0.0019039615616202356,0,-0.05,True,-0.03921409243995421,-0.008170928912425861
835.54,12.081476211547852,-0.04242314398288727,3.090466536724848,0.0005680646827284731,-0.0004473852140502179,-0.0003421051426447212,0.00038731032189008704,-0.001611813375278778,0.0016983122844249012,0.0010786190629005433,0,-0.05,True,-0.029747994718447673,-0.023377223444443238
835.56,12.081559181213379,-0.042372025549411774,3.09029138796473,0.0003523005193098284,-0.0001936451543882827,-0.0011278332163339613,0.00034523104678690247,-0.00134387722268079,-0.0007704805629327894,-0.0006233885651454331,0,-0.05,True,0.005520179027854127,-0.003392004678749888
835.58,12.08154296875,-0.04237527772784233,3.0903463477630178,0.00032773605455471455,-0.00021048208787534283,-0.0007528530383283076,-0.0009143694707462094,-0.0016001471089480276,-3.4659407101571564e-05,0.0007135875849053264,0,-0.05,True,0.007159153990939732,0.0214663504729894
835.6,12.081548690795898,-0.042358044534921646,3.090321757842305,0.00027255374735807525,-0.00020456186935487793,0.0004309384567025371,-0.000256391479916467,0.0007924921411602113,0.0011523766769096257,0.00040997019037604333,0,-0.05,True,0.017735681601778217,0.021959323676919294
835.62,12.08154010772705,-0.042353175580501556,3.090338524956132,0.00027724734569418345,-0.0002169391864695373,0.0002306271766307504,-0.00030737995004573575,0.00010549466256125231,0.0015921946056187155,0.0014429069217294457,0,-0.05,True,0.011670121508453942,0.022542835719794405
835.64,12.081525802612305,-0.04234977439045906,3.0903547873360226,0.0002890001650359051,-0.00023017774980228434,0.0002910213118090218,-8.85882791707972e-05,0.00041286867147365206,0.0019200537633150818,0.0019083357229828836,0,-0.05,True,-0.005386730708786613,-0.009906151764511652
835.66,12.081525802612305,-0.04234977439045906,3.0903547873360226,0.0002890001650359051,-0.00023017774980228434,0.00018075668234715872,-3.3301044089509237e-05,0.00020327974863388476,0.002115698913112283,0.0021320389769971374,0,-0.05,True,-0.0028828397078829054,-0.0013186832820149793
835.68,12.081525802612305,-0.04234977439045906,3.0903547873360226,0.0002890001650359051,-0.00023017774980228434,0.0,-0.0,0.0,0.002225915249437094,0.00225692018866539,0,-0.05,True,-0.003637766397610911,-0.005160858393418011
835.7,12.081525802612305,-0.04234977439045906,3.0903547873360226,0.0002890001650359051,-0.00023017774980228434,0.0,-0.0,0.0,0.002225915249437094,0.00225692018866539,0,-0.05,True,-0.002259458529338328,-0.0025409968579222595
835.72,12.081525802612305,-0.04234977439045906,3.0903547873360226,0.0002890001650359051,-0.00023017774980228434,0.0,-0.0,0.0,0.002225915249437094,0.00225692018866539,0,-0.05,True,0.0,0.0
835.74,12.081525802612305,-0.04234977439045906,3.0903547873360226,0.0002890001650359051,-0.00023017774980228434,0.0,-0.0,0.0,0.002225915249437094,0.00225692018866539,0,-0.05,True,0.0,0.0
835.76,12.081525802612305,-0.04234977439045906,3.0903547873360226,0.0002890001650359051,-0.00023017774980228434,0.0,-0.0,0.0,0.002225915249437094,0.00225692018866539,0,-0.05,True,0.0,0.0
835.78,12.081525802612305,-0.04234977439045906,3.0903547873360226,0.0002890001650359051,-0.00023017774980228434,0.0,-0.0,0.0,0.002225915249437094,0.00225692018866539,0,-0.05,True,0.0,0.0
835.8,12.081525802612305,-0.04234977439045906,3.0903547873360226,0.0002890001650359051,-0.00023017774980228434,0.0,-0.0,0.0,0.002225915249437094,0.00225692018866539,0,-0.05,True,0.0,0.0
835.82,12.081525802612305,-0.04234977439045906,3.0903547873360226,0.0002890001650359051,-0.00023017774980228434,0.0,-0.0,0.0,0.002225915249437094,0.00225692018866539,0,-0.05,True,0.0,0.0
835.84,12.081525802612305,-0.04234977439045906,3.0903547873360226,0.0002890001650359051,-0.00023017774980228434,0.0,-0.0,0.0,0.002225915249437094,0.00225692018866539,0,-0.05,True,0.0,0.0
835.86,12.081525802612305,-0.04234977439045906,3.0903547873360226,0.0002890001650359051,-0.00023017774980228434,0.0,-0.0,0.0,0.002225915249437094,0.00225692018866539,0,-0.05,True,0.0,0.0
835.88,12.081525802612305,-0.04234977439045906,3.0903547873360226,0.0002890001650359051,-0.00023017774980228434,0.0,-0.0,0.0,0.002225915249437094,0.00225692018866539,0,-0.05,True,0.0,0.0
835.9,12.081525802612305,-0.04234977439045906,3.0903547873360226,0.0002890001650359051,-0.00023017774980228434,0.0,-0.0,0.0,0.002225915249437094,0.00225692018866539,0,-0.05,True,0.0,0.0
835.92,12.081525802612305,-0.04234977439045906,3.0903547873360226,0.0002890001650359051,-0.00023017774980228434,0.0,-0.0,0.0,0.002225915249437094,0.00225692018866539,0,-0.05,True,0.0,0.0
835.94,12.081525802612305,-0.04234977439045906,3.0903547873360226,0.0002890001650359051,-0.00023017774980228434,0.0,-0.0,0.0,0.002225915249437094,0.00225692018866539,0,-0.05,True,0.0,0.0
835.96,12.081525802612305,-0.04234977439045906,3.0903547873360226,0.0002890001650359051,-0.00023017774980228434,0.0,-0.0,0.0,0.002225915249437094,0.00225692018866539,0,-0.05,True,0.0,0.0
835.98,12.081525802612305,-0.04234977439045906,3.0903547873360226,0.0002890001650359051,-0.00023017774980228434,0.0,-0.0,0.0,0.002225915249437094,0.00225692018866539,0,-0.05,True,0.0,0.0
836.0,12.081525802612305,-0.04234977439045906,3.0903547873360226,0.0002890001650359051,-0.00023017774980228434,0.0,-0.0,0.0,0.002225915249437094,0.00225692018866539,0,-0.05,True,0.0,0.0
836.02,12.081525802612305,-0.04234977439045906,3.0903547873360226,0.0002890001650359051,-0.00023017774980228434,0.0,-0.0,0.0,0.002225915249437094,0.00225692018866539,0,-0.05,True,0.0,0.0
836.04,12.081525802612305,-0.04234977439045906,3.0903547873360226,0.0002890001650359051,-0.00023017774980228434,0.0,-0.0,0.0,0.002225915249437094,0.00225692018866539,0,-0.05,True,0.0,0.0
836.06,12.081525802612305,-0.04234977439045906,3.0903547873360226,0.0002890001650359051,-0.00023017774980228434,0.0,-0.0,0.0,0.002225915249437094,0.00225692018866539,0,-0.05,True,0.0,0.0
836.08,12.081525802612305,-0.04234977439045906,3.0903547873360226,0.0002890001650359051,-0.00023017774980228434,0.0,-0.0,0.0,0.002225915249437094,0.00225692018866539,0,-0.05,True,0.0,0.0
836.1,12.081525802612305,-0.04234977439045906,3.0903547873360226,0.0002890001650359051,-0.00023017774980228434,0.0,-0.0,0.0,0.002225915249437094,0.00225692018866539,0,-0.05,True,0.0,0.0
836.12,12.081525802612305,-0.04234977439045906,3.0903547873360226,0.0002890001650359051,-0.00023017774980228434,0.0,-0.0,0.0,0.002225915249437094,0.00225692018866539,0,-0.05,True,0.0,0.0
836.14,12.081525802612305,-0.04234977439045906,3.0903547873360226,0.0002890001650359051,-0.00023017774980228434,0.0,-0.0,0.0,0.002225915249437094,0.00225692018866539,0,-0.05,True,0.0,0.0
836.16,12.081525802612305,-0.04234977439045906,3.0903547873360226,0.0002890001650359051,-0.00023017774980228434,0.0,-0.0,0.0,0.002225915249437094,0.00225692018866539,0,-0.05,True,0.0,0.0
836.18,12.081525802612305,-0.04234977439045906,3.0903547873360226,0.0002890001650359051,-0.00023017774980228434,0.0,-0.0,0.0,0.002225915249437094,0.00225692018866539,0,-0.05,True,0.0,0.0
836.2,12.081525802612305,-0.04234977439045906,3.0903547873360226,0.0002890001650359051,-0.00023017774980228434,0.0,-0.0,0.0,0.002225915249437094,0.00225692018866539,0,-0.05,True,0.0,0.0
836.22,12.081525802612305,-0.04234977439045906,3.0903547873360226,0.0002890001650359051,-0.00023017774980228434,0.0,-0.0,0.0,0.002225915249437094,0.00225692018866539,0,-0.05,True,0.0,0.0
836.24,12.081525802612305,-0.04234977439045906,3.0903547873360226,0.0002890001650359051,-0.00023017774980228434,0.0,-0.0,0.0,0.002225915249437094,0.00225692018866539,0,-0.05,True,0.0,0.0
836.26,12.081525802612305,-0.04234977439045906,3.0903547873360226,0.0002890001650359051,-0.00023017774980228434,0.0,-0.0,0.0,0.002225915249437094,0.00225692018866539,0,-0.05,True,0.0,0.0
836.28,12.081525802612305,-0.04234977439045906,3.0903547873360226,0.0002890001650359051,-0.00023017774980228434,0.0,-0.0,0.0,0.002225915249437094,0.00225692018866539,0,-0.05,True,0.0,0.0
836.3,12.081525802612305,-0.04234977439045906,3.0903547873360226,0.0002890001650359051,-0.00023017774980228434,0.0,-0.0,0.0,0.002225915249437094,0.00225692018866539,0,-0.05,True,0.0,0.0
836.32,12.081525802612305,-0.04234977439045906,3.0903547873360226,0.0002890001650359051,-0.00023017774980228434,0.0,-0.0,0.0,0.002225915249437094,0.00225692018866539,0,-0.05,True,0.0,0.0
836.34,12.081525802612305,-0.04234977439045906,3.0903547873360226,0.0002890001650359051,-0.00023017774980228434,0.0,-0.0,0.0,0.002225915249437094,0.00225692018866539,0,-0.05,True,0.0,0.0
836.36,12.081525802612305,-0.04234977439045906,3.0903547873360226,0.0002890001650359051,-0.00023017774980228434,0.0,-0.0,0.0,0.002225915249437094,0.00225692018866539,0,-0.05,True,0.0,0.0
836.38,12.081525802612305,-0.04234977439045906,3.0903547873360226,0.0002890001650359051,-0.00023017774980228434,0.0,-0.0,0.0,0.002225915249437094,0.00225692018866539,0,-0.05,True,0.0,0.0
836.4,12.081525802612305,-0.04234977439045906,3.0903547873360226,0.0002890001650359051,-0.00023017774980228434,0.0,-0.0,0.0,0.002225915249437094,0.00225692018866539,0,-0.05,True,0.0,0.0
836.42,12.081525802612305,-0.04234977439045906,3.0903547873360226,0.0002890001650359051,-0.00023017774980228434,0.0,-0.0,0.0,0.002225915249437094,0.00225692018866539,0,-0.05,True,0.0,0.0
836.44,12.081525802612305,-0.04234977439045906,3.0903547873360226,0.0002890001650359051,-0.00023017774980228434,0.0,-0.0,0.0,0.002225915249437094,0.00225692018866539,0,-0.05,True,0.0,0.0
836.46,12.081525802612305,-0.04234977439045906,3.0903547873360226,0.0002890001650359051,-0.00023017774980228434,0.0,-0.0,0.0,0.002225915249437094,0.00225692018866539,0,-0.05,True,0.0,0.0
836.48,12.081525802612305,-0.04234977439045906,3.0903547873360226,0.0002890001650359051,-0.00023017774980228434,0.0,-0.0,0.0,0.002225915249437094,0.00225692018866539,0,-0.05,True,0.0,0.0
836.5,12.081525802612305,-0.04234977439045906,3.0903547873360226,0.0002890001650359051,-0.00023017774980228434,0.0,-0.0,0.0,0.002225915249437094,0.00225692018866539,0,-0.05,True,0.0,0.0
836.52,12.081525802612305,-0.04234977439045906,3.0903547873360226,0.0002890001650359051,-0.00023017774980228434,0.0,-0.0,0.0,0.002225915249437094,0.00225692018866539,0,-0.05,True,0.0,0.0
836.54,12.081525802612305,-0.04234977439045906,3.0903547873360226,0.0002890001650359051,-0.00023017774980228434,0.0,-0.0,0.0,0.002225915249437094,0.00225692018866539,0,-0.05,True,0.0,0.0
836.56,12.081525802612305,-0.04234977439045906,3.0903547873360226,0.0002890001650359051,-0.00023017774980228434,0.0,-0.0,0.0,0.002225915249437094,0.00225692018866539,0,-0.05,True,0.0,0.0
836.58,12.081525802612305,-0.04234977439045906,3.0903547873360226,0.0002890001650359051,-0.00023017774980228434,0.0,-0.0,0.0,0.002225915249437094,0.00225692018866539,0,-0.05,True,0.0,0.0
836.6,12.081525802612305,-0.04234977439045906,3.0903547873360226,0.0002890001650359051,-0.00023017774980228434,0.0,-0.0,0.0,0.002225915249437094,0.00225692018866539,0,-0.05,True,0.0,0.0
836.62,12.081525802612305,-0.04234977439045906,3.0903547873360226,0.0002890001650359051,-0.00023017774980228434,0.0,-0.0,0.0,0.002225915249437094,0.00225692018866539,0,-0.05,True,0.0,0.0
836.64,12.081525802612305,-0.04234977439045906,3.0903547873360226,0.0002890001650359051,-0.00023017774980228434,0.0,-0.0,0.0,0.002225915249437094,0.00225692018866539,0,-0.05,True,0.0,0.0
836.66,12.081525802612305,-0.04234977439045906,3.0903547873360226,0.0002890001650359051,-0.00023017774980228434,0.0,-0.0,0.0,0.002225915249437094,0.00225692018866539,0,-0.05,True,0.0,0.0
836.68,12.081525802612305,-0.04234977439045906,3.0903547873360226,0.0002890001650359051,-0.00023017774980228434,0.0,-0.0,0.0,0.002225915249437094,0.00225692018866539,0,-0.05,True,0.0,0.0
836.7,12.081525802612305,-0.04234977439045906,3.0903547873360226,0.0002890001650359051,-0.00023017774980228434,0.0,-0.0,0.0,0.002225915249437094,0.00225692018866539,0,-0.05,True,0.0,0.0
836.72,12.081525802612305,-0.04234977439045906,3.0903547873360226,0.0002890001650359051,-0.00023017774980228434,0.0,-0.0,0.0,0.002225915249437094,0.00225692018866539,0,-0.05,True,0.0,0.0
836.74,12.081525802612305,-0.04234977439045906,3.0903547873360226,0.0002890001650359051,-0.00023017774980228434,0.0,-0.0,0.0,0.002225915249437094,0.00225692018866539,0,-0.05,True,0.0,0.0
836.76,12.081525802612305,-0.04234977439045906,3.0903547873360226,0.0002890001650359051,-0.00023017774980228434,0.0,-0.0,0.0,0.002225915249437094,0.00225692018866539,0,-0.05,True,0.0,0.0
836.78,12.081525802612305,-0.04234977439045906,3.0903547873360226,0.0002890001650359051,-0.00023017774980228434,0.0,-0.0,0.0,0.002225915249437094,0.00225692018866539,0,-0.05,True,0.0,0.0
836.8,12.081525802612305,-0.04234977439045906,3.0903547873360226,0.0002890001650359051,-0.00023017774980228434,0.0,-0.0,0.0,0.002225915249437094,0.00225692018866539,0,-0.05,True,0.0,0.0
836.82,12.081525802612305,-0.04234977439045906,3.0903547873360226,0.0002890001650359051,-0.00023017774980228434,0.0,-0.0,0.0,0.002225915249437094,0.00225692018866539,0,-0.05,True,0.0,0.0
836.84,12.081525802612305,-0.04234977439045906,3.0903547873360226,0.0002890001650359051,-0.00023017774980228434,0.0,-0.0,0.0,0.002225915249437094,0.00225692018866539,0,-0.05,True,0.0,0.0
836.86,12.081525802612305,-0.04234977439045906,3.0903547873360226,0.0002890001650359051,-0.00023017774980228434,0.0,-0.0,0.0,0.002225915249437094,0.00225692018866539,0,-0.05,True,0.0,0.0
836.88,12.081525802612305,-0.04234977439045906,3.0903547873360226,0.0002890001650359051,-0.00023017774980228434,0.0,-0.0,0.0,0.002225915249437094,0.00225692018866539,0,-0.05,True,0.0,0.0
836.9,12.081525802612305,-0.04234977439045906,3.0903547873360226,0.0002890001650359051,-0.00023017774980228434,0.0,-0.0,0.0,0.002225915249437094,0.00225692018866539,0,-0.05,True,0.0,0.0
836.92,12.081525802612305,-0.04234977439045906,3.0903547873360226,0.0002890001650359051,-0.00023017774980228434,0.0,-0.0,0.0,0.002225915249437094,0.00225692018866539,0,-0.05,True,0.0,0.0
836.94,12.081525802612305,-0.04234977439045906,3.0903547873360226,0.0002890001650359051,-0.00023017774980228434,0.0,-0.0,0.0,0.002225915249437094,0.00225692018866539,0,-0.05,True,0.0,0.0
836.96,12.081525802612305,-0.04234977439045906,3.0903547873360226,0.0002890001650359051,-0.00023017774980228434,0.0,-0.0,0.0,0.002225915249437094,0.00225692018866539,0,-0.05,True,0.0,0.0
836.98,12.081525802612305,-0.04234977439045906,3.0903547873360226,0.0002890001650359051,-0.00023017774980228434,0.0,-0.0,0.0,0.002225915249437094,0.00225692018866539,0,-0.05,True,0.0,0.0
837.0,12.081525802612305,-0.04234977439045906,3.0903547873360226,0.0002890001650359051,-0.00023017774980228434,0.0,-0.0,0.0,0.002225915249437094,0.00225692018866539,0,-0.05,True,0.0,0.0
837.02,12.081525802612305,-0.04234977439045906,3.0903547873360226,0.0002890001650359051,-0.00023017774980228434,0.0,-0.0,0.0,0.002225915249437094,0.00225692018866539,0,-0.05,True,0.0,0.0
837.04,12.081525802612305,-0.04234977439045906,3.0903547873360226,0.0002890001650359051,-0.00023017774980228434,0.0,-0.0,0.0,0.002225915249437094,0.00225692018866539,0,-0.05,True,0.0,0.0
837.06,12.081525802612305,-0.04234977439045906,3.0903547873360226,0.0002890001650359051,-0.00023017774980228434,0.0,-0.0,0.0,0.002225915249437094,0.00225692018866539,0,-0.05,True,0.0,0.0
837.08,12.081525802612305,-0.04234977439045906,3.0903547873360226,0.0002890001650359051,-0.00023017774980228434,0.0,-0.0,0.0,0.002225915249437094,0.00225692018866539,0,-0.05,True,0.0,0.0
837.1,12.081525802612305,-0.04234977439045906,3.0903547873360226,0.0002890001650359051,-0.00023017774980228434,0.0,-0.0,0.0,0.002225915249437094,0.00225692018866539,0,-0.05,True,0.0,0.0
837.12,12.081525802612305,-0.04234977439045906,3.0903547873360226,0.0002890001650359051,-0.00023017774980228434,0.0,-0.0,0.0,0.002225915249437094,0.00225692018866539,0,-0.05,True,0.0,0.0
837.14,12.081525802612305,-0.04234977439045906,3.0903547873360226,0.0002890001650359051,-0.00023017774980228434,0.0,-0.0,0.0,0.002225915249437094,0.00225692018866539,0,-0.05,True,0.0,0.0
837.16,12.081525802612305,-0.04234977439045906,3.0903547873360226,0.0002890001650359051,-0.00023017774980228434,0.0,-0.0,0.0,0.002225915249437094,0.00225692018866539,0,-0.05,True,0.0,0.0
837.18,12.081525802612305,-0.04234977439045906,3.0903547873360226,0.0002890001650359051,-0.00023017774980228434,0.0,-0.0,0.0,0.002225915249437094,0.00225692018866539,0,-0.05,True,0.0,0.0
837.2,12.081525802612305,-0.04234977439045906,3.0903547873360226,0.0002890001650359051,-0.00023017774980228434,0.0,-0.0,0.0,0.002225915249437094,0.00225692018866539,0,-0.05,True,0.0,0.0
837.22,12.081525802612305,-0.04234977439045906,3.0903547873360226,0.0002890001650359051,-0.00023017774980228434,0.0,-0.0,0.0,0.002225915249437094,0.00225692018866539,0,-0.05,True,0.0,0.0
837.24,12.081525802612305,-0.04234977439045906,3.0903547873360226,0.0002890001650359051,-0.00023017774980228434,0.0,-0.0,0.0,0.002225915249437094,0.00225692018866539,0,-0.05,True,0.0,0.0
837.26,12.081525802612305,-0.04234977439045906,3.0903547873360226,0.0002890001650359051,-0.00023017774980228434,0.0,-0.0,0.0,0.002225915249437094,0.00225692018866539,0,-0.05,True,0.0,0.0
837.28,12.081525802612305,-0.04234977439045906,3.0903547873360226,0.0002890001650359051,-0.00023017774980228434,0.0,-0.0,0.0,0.002225915249437094,0.00225692018866539,0,-0.05,True,0.0,0.0
837.3,12.081525802612305,-0.04234977439045906,3.0903547873360226,0.0002890001650359051,-0.00023017774980228434,0.0,-0.0,0.0,0.002225915249437094,0.00225692018866539,0,-0.05,True,0.0,0.0
837.32,12.081525802612305,-0.04234977439045906,3.0903547873360226,0.0002890001650359051,-0.00023017774980228434,0.0,-0.0,0.0,0.002225915249437094,0.00225692018866539,0,-0.05,True,0.0,0.0
837.34,12.081525802612305,-0.04234977439045906,3.0903547873360226,0.0002890001650359051,-0.00023017774980228434,0.0,-0.0,0.0,0.002225915249437094,0.00225692018866539,0,-0.05,True,0.0,0.0
837.36,12.081525802612305,-0.04234977439045906,3.0903547873360226,0.0002890001650359051,-0.00023017774980228434,0.0,-0.0,0.0,0.002225915249437094,0.00225692018866539,0,-0.05,True,0.0,0.0
837.38,12.081525802612305,-0.04234977439045906,3.0903547873360226,0.0002890001650359051,-0.00023017774980228434,0.0,-0.0,0.0,0.002225915249437094,0.00225692018866539,0,-0.05,True,0.0,0.0
837.4,12.081525802612305,-0.04234977439045906,3.0903547873360226,0.0002890001650359051,-0.00023017774980228434,0.0,-0.0,0.0,0.002225915249437094,0.00225692018866539,0,-0.05,True,0.0,0.0
837.42,12.081525802612305,-0.04234977439045906,3.0903547873360226,0.0002890001650359051,-0.00023017774980228434,0.0,-0.0,0.0,0.002225915249437094,0.00225692018866539,0,-0.05,True,0.0,0.0
837.44,12.081525802612305,-0.04234977439045906,3.0903547873360226,0.0002890001650359051,-0.00023017774980228434,0.0,-0.0,0.0,0.002225915249437094,0.00225692018866539,0,-0.05,True,0.0,0.0
837.46,12.081525802612305,-0.04234977439045906,3.0903547873360226,0.0002890001650359051,-0.00023017774980228434,0.0,-0.0,0.0,0.002225915249437094,0.00225692018866539,0,-0.05,True,0.0,0.0
837.48,12.081525802612305,-0.04234977439045906,3.0903547873360226,0.0002890001650359051,-0.00023017774980228434,0.0,-0.0,0.0,0.002225915249437094,0.00225692018866539,0,-0.05,True,0.0,0.0
837.5,12.081525802612305,-0.04234977439045906,3.0903547873360226,0.0002890001650359051,-0.00023017774980228434,0.0,-0.0,0.0,0.002225915249437094,0.00225692018866539,0,-0.05,True,0.0,0.0
837.52,12.081525802612305,-0.04234977439045906,3.0903547873360226,0.0002890001650359051,-0.00023017774980228434,0.0,-0.0,0.0,0.002225915249437094,0.00225692018866539,0,-0.05,True,0.0,0.0
837.54,12.081525802612305,-0.04234977439045906,3.0903547873360226,0.0002890001650359051,-0.00023017774980228434,0.0,-0.0,0.0,0.002225915249437094,0.00225692018866539,0,-0.05,True,0.0,0.0
837.56,12.081525802612305,-0.04234977439045906,3.0903547873360226,0.0002890001650359051,-0.00023017774980228434,0.0,-0.0,0.0,0.002225915249437094,0.00225692018866539,0,-0.05,True,0.0,0.0
837.58,12.081525802612305,-0.04234977439045906,3.0903547873360226,0.0002890001650359051,-0.00023017774980228434,0.0,-0.0,0.0,0.002225915249437094,0.00225692018866539,0,-0.05,True,0.0,0.0
837.6,12.081525802612305,-0.04234977439045906,3.0903547873360226,0.0002890001650359051,-0.00023017774980228434,0.0,-0.0,0.0,0.002225915249437094,0.00225692018866539,0,-0.05,True,0.0,0.0
837.62,12.081525802612305,-0.04234977439045906,3.0903547873360226,0.0002890001650359051,-0.00023017774980228434,0.0,-0.0,0.0,0.002225915249437094,0.00225692018866539,0,-0.05,True,0.0,0.0
837.64,12.081525802612305,-0.04234977439045906,3.0903547873360226,0.0002890001650359051,-0.00023017774980228434,0.0,-0.0,0.0,0.002225915249437094,0.00225692018866539,0,-0.05,True,0.0,0.0
837.66,12.081525802612305,-0.04234977439045906,3.0903547873360226,0.0002890001650359051,-0.00023017774980228434,0.0,-0.0,0.0,0.002225915249437094,0.00225692018866539,0,-0.05,True,0.0,0.0
837.68,12.081525802612305,-0.04234977439045906,3.0903547873360226,0.0002890001650359051,-0.00023017774980228434,0.0,-0.0,0.0,0.002225915249437094,0.00225692018866539,0,-0.05,True,0.0,0.0
837.7,12.081525802612305,-0.04234977439045906,3.0903547873360226,0.0002890001650359051,-0.00023017774980228434,0.0,-0.0,0.0,0.002225915249437094,0.00225692018866539,0,-0.05,True,0.0,0.0
837.72,12.081525802612305,-0.04234977439045906,3.0903547873360226,0.0002890001650359051,-0.00023017774980228434,0.0,-0.0,0.0,0.002225915249437094,0.00225692018866539,0,-0.05,True,0.0,0.0
837.74,12.081525802612305,-0.04234977439045906,3.0903547873360226,0.0002890001650359051,-0.00023017774980228434,0.0,-0.0,0.0,0.002225915249437094,0.00225692018866539,0,-0.05,True,0.0,0.0
837.76,12.081525802612305,-0.04234977439045906,3.0903547873360226,0.0002890001650359051,-0.00023017774980228434,0.0,-0.0,0.0,0.002225915249437094,0.00225692018866539,0,-0.05,True,0.0,0.0
837.78,12.081525802612305,-0.04234977439045906,3.0903547873360226,0.0002890001650359051,-0.00023017774980228434,0.0,-0.0,0.0,0.002225915249437094,0.00225692018866539,0,-0.05,True,0.0,0.0
837.8,12.081525802612305,-0.04234977439045906,3.0903547873360226,0.0002890001650359051,-0.00023017774980228434,0.0,-0.0,0.0,0.002225915249437094,0.00225692018866539,0,-0.05,True,0.0,0.0
837.82,12.081525802612305,-0.04234977439045906,3.0903547873360226,0.0002890001650359051,-0.00023017774980228434,0.0,-0.0,0.0,0.002225915249437094,0.00225692018866539,0,-0.05,True,0.0,0.0
837.84,12.081525802612305,-0.04234977439045906,3.0903547873360226,0.0002890001650359051,-0.00023017774980228434,0.0,-0.0,0.0,0.002225915249437094,0.00225692018866539,0,-0.05,True,0.0,0.0
837.86,12.081525802612305,-0.04234977439045906,3.0903547873360226,0.0002890001650359051,-0.00023017774980228434,0.0,-0.0,0.0,0.002225915249437094,0.00225692018866539,0,-0.05,True,0.0,0.0
837.88,12.081525802612305,-0.04234977439045906,3.0903547873360226,0.0002890001650359051,-0.00023017774980228434,0.0,-0.0,0.0,0.002225915249437094,0.00225692018866539,0,-0.05,True,0.0,0.0
837.9,12.081525802612305,-0.04234977439045906,3.0903547873360226,0.0002890001650359051,-0.00023017774980228434,0.0,-0.0,0.0,0.002225915249437094,0.00225692018866539,0,-0.05,True,0.0,0.0
837.92,12.081525802612305,-0.04234977439045906,3.0903547873360226,0.0002890001650359051,-0.00023017774980228434,0.0,-0.0,0.0,0.002225915249437094,0.00225692018866539,0,-0.05,True,0.0,0.0
837.94,12.081525802612305,-0.04234977439045906,3.0903547873360226,0.0002890001650359051,-0.00023017774980228434,0.0,-0.0,0.0,0.002225915249437094,0.00225692018866539,0,-0.05,True,0.0,0.0
837.96,12.081525802612305,-0.04234977439045906,3.0903547873360226,0.0002890001650359051,-0.00023017774980228434,0.0,-0.0,0.0,0.002225915249437094,0.00225692018866539,0,-0.05,True,0.0,0.0
837.98,12.081525802612305,-0.04234977439045906,3.0903547873360226,0.0002890001650359051,-0.00023017774980228434,0.0,-0.0,0.0,0.002225915249437094,0.00225692018866539,0,-0.05,True,0.0,0.0
838.0,12.081525802612305,-0.04234977439045906,3.0903547873360226,0.0002890001650359051,-0.00023017774980228434,0.0,-0.0,0.0,0.002225915249437094,0.00225692018866539,0,-0.05,True,0.0,0.0
838.02,12.081525802612305,-0.04234977439045906,3.0903547873360226,0.0002890001650359051,-0.00023017774980228434,0.0,-0.0,0.0,0.002225915249437094,0.00225692018866539,0,-0.05,True,0.0,0.0
838.04,12.081525802612305,-0.04234977439045906,3.0903547873360226,0.0002890001650359051,-0.00023017774980228434,0.0,-0.0,0.0,0.002225915249437094,0.00225692018866539,0,-0.05,True,0.0,0.0
838.06,12.081525802612305,-0.04234977439045906,3.0903547873360226,0.0002890001650359051,-0.00023017774980228434,0.0,-0.0,0.0,0.002225915249437094,0.00225692018866539,0,-0.05,True,0.0,0.0
838.08,12.081525802612305,-0.04234977439045906,3.0903547873360226,0.0002890001650359051,-0.00023017774980228434,0.0,-0.0,0.0,0.002225915249437094,0.00225692018866539,0,-0.05,True,0.0,0.0
838.1,12.081525802612305,-0.04234977439045906,3.0903547873360226,0.0002890001650359051,-0.00023017774980228434,0.0,-0.0,0.0,0.002225915249437094,0.00225692018866539,0,-0.05,True,0.0,0.0
838.12,12.081525802612305,-0.04234977439045906,3.0903547873360226,0.0002890001650359051,-0.00023017774980228434,0.0,-0.0,0.0,0.002225915249437094,0.00225692018866539,0,-0.05,True,0.0,0.0
838.14,12.081525802612305,-0.04234977439045906,3.0903547873360226,0.0002890001650359051,-0.00023017774980228434,0.0,-0.0,0.0,0.002225915249437094,0.00225692018866539,0,-0.05,True,0.0,0.0
838.16,12.081525802612305,-0.04234977439045906,3.0903547873360226,0.0002890001650359051,-0.00023017774980228434,0.0,-0.0,0.0,0.002225915249437094,0.00225692018866539,0,-0.05,True,0.0,0.0
838.18,12.081525802612305,-0.04234977439045906,3.0903547873360226,0.0002890001650359051,-0.00023017774980228434,0.0,-0.0,0.0,0.002225915249437094,0.00225692018866539,0,-0.05,True,0.0,0.0
838.2,12.081525802612305,-0.04234977439045906,3.0903547873360226,0.0002890001650359051,-0.00023017774980228434,0.0,-0.0,0.0,0.002225915249437094,0.00225692018866539,0,-0.05,True,0.0,0.0
838.22,12.081525802612305,-0.04234977439045906,3.0903547873360226,0.0002890001650359051,-0.00023017774980228434,0.0,-0.0,0.0,0.002225915249437094,0.00225692018866539,0,-0.05,True,0.0,0.0
838.24,12.081525802612305,-0.04234977439045906,3.0903547873360226,0.0002890001650359051,-0.00023017774980228434,0.0,-0.0,0.0,0.002225915249437094,0.00225692018866539,0,-0.05,True,0.0,0.0
838.26,12.081525802612305,-0.04234977439045906,3.0903547873360226,0.0002890001650359051,-0.00023017774980228434,0.0,-0.0,0.0,0.002225915249437094,0.00225692018866539,0,-0.05,True,0.0,0.0
838.28,12.081525802612305,-0.04234977439045906,3.0903547873360226,0.0002890001650359051,-0.00023017774980228434,0.0,-0.0,0.0,0.002225915249437094,0.00225692018866539,0,-0.05,True,0.0,0.0
838.3,12.081525802612305,-0.04234977439045906,3.0903547873360226,0.0002890001650359051,-0.00023017774980228434,0.0,-0.0,0.0,0.002225915249437094,0.00225692018866539,0,-0.05,True,0.0,0.0
838.32,12.081525802612305,-0.04234977439045906,3.0903547873360226,0.0002890001650359051,-0.00023017774980228434,0.0,-0.0,0.0,0.002225915249437094,0.00225692018866539,0,-0.05,True,0.0,0.0
838.34,12.081525802612305,-0.04234977439045906,3.0903547873360226,0.0002890001650359051,-0.00023017774980228434,0.0,-0.0,0.0,0.002225915249437094,0.00225692018866539,0,-0.05,True,0.0,0.0
838.36,12.081525802612305,-0.04234977439045906,3.0903547873360226,0.0002890001650359051,-0.00023017774980228434,0.0,-0.0,0.0,0.002225915249437094,0.00225692018866539,0,-0.05,True,0.0,0.0
838.38,12.081525802612305,-0.04234977439045906,3.0903547873360226,0.0002890001650359051,-0.00023017774980228434,0.0,-0.0,0.0,0.002225915249437094,0.00225692018866539,0,-0.05,True,0.0,0.0
838.4,12.081525802612305,-0.04234977439045906,3.0903547873360226,0.0002890001650359051,-0.00023017774980228434,0.0,-0.0,0.0,0.002225915249437094,0.00225692018866539,0,-0.05,True,0.0,0.0
838.42,12.081525802612305,-0.04234977439045906,3.0903547873360226,0.0002890001650359051,-0.00023017774980228434,0.0,-0.0,0.0,0.002225915249437094,0.00225692018866539,0,-0.05,True,0.0,0.0
838.44,12.081525802612305,-0.04234977439045906,3.0903547873360226,0.0002890001650359051,-0.00023017774980228434,0.0,-0.0,0.0,0.002225915249437094,0.00225692018866539,0,-0.05,True,0.0,0.0
838.46,12.081525802612305,-0.04234977439045906,3.0903547873360226,0.0002890001650359051,-0.00023017774980228434,0.0,-0.0,0.0,0.002225915249437094,0.00225692018866539,0,-0.05,True,0.0,0.0
838.48,12.081525802612305,-0.04234977439045906,3.0903547873360226,0.0002890001650359051,-0.00023017774980228434,0.0,-0.0,0.0,0.002225915249437094,0.00225692018866539,0,-0.05,True,0.0,0.0
838.5,12.081525802612305,-0.04234977439045906,3.0903547873360226,0.0002890001650359051,-0.00023017774980228434,0.0,-0.0,0.0,0.002225915249437094,0.00225692018866539,0,-0.05,True,0.0,0.0
838.52,12.081525802612305,-0.04234977439045906,3.0903547873360226,0.0002890001650359051,-0.00023017774980228434,0.0,-0.0,0.0,0.002225915249437094,0.00225692018866539,0,-0.05,True,0.0,0.0
838.54,12.081525802612305,-0.04234977439045906,3.0903547873360226,0.0002890001650359051,-0.00023017774980228434,0.0,-0.0,0.0,0.002225915249437094,0.00225692018866539,0,-0.05,True,0.0,0.0
838.56,12.081525802612305,-0.04234977439045906,3.0903547873360226,0.0002890001650359051,-0.00023017774980228434,0.0,-0.0,0.0,0.002225915249437094,0.00225692018866539,0,-0.05,True,0.0,0.0
838.58,12.081525802612305,-0.04234977439045906,3.0903547873360226,0.0002890001650359051,-0.00023017774980228434,0.0,-0.0,0.0,0.002225915249437094,0.00225692018866539,0,-0.05,True,0.0,0.0
838.6,12.081525802612305,-0.04234977439045906,3.0903547873360226,0.0002890001650359051,-0.00023017774980228434,0.0,-0.0,0.0,0.002225915249437094,0.00225692018866539,0,-0.05,True,0.0,0.0
838.62,12.081525802612305,-0.04234977439045906,3.0903547873360226,0.0002890001650359051,-0.00023017774980228434,0.0,-0.0,0.0,0.002225915249437094,0.00225692018866539,0,-0.05,True,0.0,0.0
838.64,12.081525802612305,-0.04234977439045906,3.0903547873360226,0.0002890001650359051,-0.00023017774980228434,0.0,-0.0,0.0,0.002225915249437094,0.00225692018866539,0,-0.05,True,0.0,0.0
838.66,12.081525802612305,-0.04234977439045906,3.0903547873360226,0.0002890001650359051,-0.00023017774980228434,0.0,-0.0,0.0,0.002225915249437094,0.00225692018866539,0,-0.05,True,0.0,0.0
838.68,12.081525802612305,-0.04234977439045906,3.0903547873360226,0.0002890001650359051,-0.00023017774980228434,0.0,-0.0,0.0,0.002225915249437094,0.00225692018866539,0,-0.05,True,0.0,0.0
838.7,12.081525802612305,-0.04234977439045906,3.0903547873360226,0.0002890001650359051,-0.00023017774980228434,0.0,-0.0,0.0,0.002225915249437094,0.00225692018866539,0,-0.05,True,0.0,0.0
838.72,12.081525802612305,-0.04234977439045906,3.0903547873360226,0.0002890001650359051,-0.00023017774980228434,0.0,-0.0,0.0,0.002225915249437094,0.00225692018866539,0,-0.05,True,0.0,0.0
838.74,12.081525802612305,-0.04234977439045906,3.0903547873360226,0.0002890001650359051,-0.00023017774980228434,0.0,-0.0,0.0,0.002225915249437094,0.00225692018866539,0,-0.05,True,0.0,0.0
838.76,12.081525802612305,-0.04234977439045906,3.0903547873360226,0.0002890001650359051,-0.00023017774980228434,0.0,-0.0,0.0,0.002225915249437094,0.00225692018866539,0,-0.05,True,0.0,0.0
838.78,12.081525802612305,-0.04234977439045906,3.0903547873360226,0.0002890001650359051,-0.00023017774980228434,0.0,-0.0,0.0,0.002225915249437094,0.00225692018866539,0,-0.05,True,0.0,0.0
838.8,12.081525802612305,-0.04234977439045906,3.0903547873360226,0.0002890001650359051,-0.00023017774980228434,0.0,-0.0,0.0,0.002225915249437094,0.00225692018866539,0,-0.05,True,0.0,0.0
838.82,12.081525802612305,-0.04234977439045906,3.0903547873360226,0.0002890001650359051,-0.00023017774980228434,0.0,-0.0,0.0,0.002225915249437094,0.00225692018866539,0,-0.05,True,0.0,0.0
838.84,12.081525802612305,-0.04234977439045906,3.0903547873360226,0.0002890001650359051,-0.00023017774980228434,0.0,-0.0,0.0,0.002225915249437094,0.00225692018866539,0,-0.05,True,0.0,0.0
838.86,12.081525802612305,-0.04234977439045906,3.0903547873360226,0.0002890001650359051,-0.00023017774980228434,0.0,-0.0,0.0,0.002225915249437094,0.00225692018866539,0,-0.05,True,0.0,0.0
838.88,12.081525802612305,-0.04234977439045906,3.0903547873360226,0.0002890001650359051,-0.00023017774980228434,0.0,-0.0,0.0,0.002225915249437094,0.00225692018866539,0,-0.05,True,0.0,0.0
838.9,12.081525802612305,-0.04234977439045906,3.0903547873360226,0.0002890001650359051,-0.00023017774980228434,0.0,-0.0,0.0,0.002225915249437094,0.00225692018866539,0,-0.05,True,0.0,0.0
838.92,12.081525802612305,-0.04234977439045906,3.0903547873360226,0.0002890001650359051,-0.00023017774980228434,0.0,-0.0,0.0,0.002225915249437094,0.00225692018866539,0,-0.05,True,0.0,0.0
838.94,12.081525802612305,-0.04234977439045906,3.0903547873360226,0.0002890001650359051,-0.00023017774980228434,0.0,-0.0,0.0,0.002225915249437094,0.00225692018866539,0,-0.05,True,0.0,0.0
838.96,12.081525802612305,-0.04234977439045906,3.0903547873360226,0.0002890001650359051,-0.00023017774980228434,0.0,-0.0,0.0,0.002225915249437094,0.00225692018866539,0,-0.05,True,0.0,0.0
838.98,12.081525802612305,-0.04234977439045906,3.0903547873360226,0.0002890001650359051,-0.00023017774980228434,0.0,-0.0,0.0,0.002225915249437094,0.00225692018866539,0,-0.05,True,0.0,0.0
839.0,12.081525802612305,-0.04234977439045906,3.0903547873360226,0.0002890001650359051,-0.00023017774980228434,0.0,-0.0,0.0,0.002225915249437094,0.00225692018866539,0,-0.05,True,0.0,0.0
839.02,12.081525802612305,-0.04234977439045906,3.0903547873360226,0.0002890001650359051,-0.00023017774980228434,0.0,-0.0,0.0,0.002225915249437094,0.00225692018866539,0,-0.05,True,0.0,0.0
839.04,12.081525802612305,-0.04234977439045906,3.0903547873360226,0.0002890001650359051,-0.00023017774980228434,0.0,-0.0,0.0,0.002225915249437094,0.00225692018866539,0,-0.05,True,0.0,0.0
839.06,12.081525802612305,-0.04234977439045906,3.0903547873360226,0.0002890001650359051,-0.00023017774980228434,0.0,-0.0,0.0,0.002225915249437094,0.00225692018866539,0,-0.05,True,0.0,0.0
839.08,12.081525802612305,-0.04234977439045906,3.0903547873360226,0.0002890001650359051,-0.00023017774980228434,0.0,-0.0,0.0,0.002225915249437094,0.00225692018866539,0,-0.05,True,0.0036724667687560884,-0.0027405823355153096
839.1,12.081525802612305,-0.04234977439045906,3.0903547873360226,0.0002890001650359051,-0.00023017774980228434,0.0,-0.0,0.0,0.002225915249437094,0.00225692018866539,0,0,True,0.012865136791724479,0.0016179226917246493
839.12,12.081525802612305,-0.04234977439045906,3.0903547873360226,0.0002890001650359051,-0.00023017774980228434,0.0002937973415006374,-0.0001427201185312,-0.00021924658684133693,0.002225915249437094,0.00225692018866539,0,0,True,0.027513313988221544,0.00011239293738756238
839.14,12.081525802612305,-0.04234977439045906,3.0903547873360226,0.0002890001650359051,-0.00023017774980228434,0.0010292109433384848,-5.194419373956666e-05,0.00012943381533803817,0.002225915249437094,0.00225692018866539,0,0,True,0.04265637349410569,0.008473242471832605
839.16,12.081502914428711,-0.042337168008089066,3.0903372476090754,0.0003421182068493715,-0.00013282149286134669,0.0022010651190557218,-9.219838598832735e-05,8.991434990996813e-06,0.002225915249437094,0.00225692018866539,0,0,True,0.05007654323913904,0.06805364621103126
839.18,12.081443786621094,-0.042341407388448715,3.0903651420412497,0.0004055624870678098,-8.904066595818638e-05,0.0034125098795253516,2.641290304058891e-05,0.0006778593977459919,0.0011123513989150526,-0.00022983389906585218,0,0,True,0.047096859978587806,0.10469575950879266
839.2,12.081350326538086,-0.04233338683843613,3.090355506650822,0.0003695681189793454,-0.000132782384356669,0.004299920800633811,0.001575778336929453,0.005225045110043949,0.002524762209504843,0.0028280573897063736,0,0,True,0.028629134051844418,0.17955158600056975
839.22,12.081253051757812,-0.04233790561556816,3.0904090160878424,0.00038937072976396204,-0.00018789969483525858,0.0047969597416274365,0.002593093183518658,0.008505094576045737,0.00426639111712575,0.004065703321248293,0,0,True,0.01347097031494268,0.22700267336684365
839.24,12.08115291595459,-0.04244544729590416,3.090755251217879,0.00040776424688201865,-0.0002140600239526299,0.004491395843204447,0.004391842767738394,0.014373118315043926,0.0021823476999998093,0.007702303081750871,0,0,True,0.0014695488850561631,0.1286030520849203
839.26,12.081049919128418,-0.04252894967794418,3.0910455496073337,0.0004123116918242635,-0.00025531139324828564,0.004490187504721317,0.005855252124379541,0.018838073267102774,-0.00508428692817688,0.01266710661351681,0,0,True,-0.026163668242079788,0.0933019201061435
839.28,12.080973625183105,-0.04266602173447609,3.0915053561160244,0.0004973296471264241,-0.0002546215813813119,0.004417484711438197,0.004738063426998819,0.015513289276828214,-0.001935245916247368,0.005204341411590577,0,0,True,-0.02598985130563853,-0.06946175824977911
839.3,12.080870628356934,-0.0427875779569149,3.091916061949209,0.0006167190205983692,-0.0004212493540396007,0.002703866282262957,0.0025118623638072505,0.015969248184530428,-0.0018048078846186401,0.004151281621307135,0,0,True,-0.04275136435948263,-0.18197095979604747
839.32,12.080780982971191,-0.04280632361769676,3.091996314360026,0.0007295923560139351,-0.0006205859104333666,0.0024122077387523006,0.0006968866640472484,0.008816177655058753,-0.003631455413997174,0.009862319976091386,0,0,True,-0.051166882446174226,-0.15399913817430108
839.34,12.08082389831543,-0.04271890968084335,3.0923230894620968,0.000595410029058641,-0.0002699237110285858,0.0010700783559609575,-0.0011269293171013287,0.0042803964834115275,-0.0033899668417871,0.004900551028549672,0,0,True,-0.01939863876507278,-0.21099264314956304
839.36,12.080778121948242,-0.04271213710308075,3.0922106503284295,0.0005867695791495636,-0.00028768528019233275,0.0003241341157421643,-0.0014869650795391212,0.0031933582228778246,-0.008473028540611268,-0.00018272515386343004,0,0,True,-0.01906084578523157,-0.10414180053074079
839.38,12.080789566040039,-0.04269331693649292,3.0922584936678823,0.0005920497648727193,-0.0001864980142034348,0.0011519751810563407,-0.00036673737151680176,-0.0009101632674432487,-0.0009307542070746423,0.0035927761346101765,0,0,True,0.0027924287204411807,-0.055061858056531784
839.4,12.080760955810547,-0.042686231434345245,3.092251783017856,0.0005534463352539933,-0.000180632505424927,0.0008873400759351617,-0.00032506244676254974,0.00048483361260706804,0.0005078394431620837,0.002353996373713017,0,0,True,0.011011156308286717,-0.040066298122950116
839.42,12.080733299255371,-0.04268506169319153,3.0922502764007014,0.0005441598245900373,-0.0001978428737907216,0.0012934726535960487,-8.998061844292899e-05,-0.0001245521611070084,0.0016144739743322136,0.003030587136745453,0,0,True,-0.0012490838380836262,0.010935500823210913
839.44,12.080708503723145,-0.04268266260623932,3.092249437017438,0.0005503358996173051,-0.00018616271403902468,0.0012050266204055523,9.202111346654903e-06,-1.194562695982448e-05,0.0014871311560273172,0.00307229682803154,0,0,True,0.00025646931376433244,-0.006598385507699654
839.46,12.080686569213867,-0.042681023478507996,3.0922485294949937,0.0005560664052744154,-0.0001842578899256522,0.0010520484740095995,-3.4997081034984086e-05,-3.532320158592808e-05,0.001414117030799389,0.002748127765953541,0,0,True,-0.007107593636543016,0.0025771823227565336
839.48,12.08066463470459,-0.042682211846113205,3.092250827367699,0.0005486106915374543,-0.0001947142639982543,0.0009078576210363188,-1.5451631421261466e-05,-4.303722800917426e-05,0.0012826759461313487,0.0026600269693881277,0,0,True,-0.00775174765004434,9.033678666030203e-06
839.5,12.080649375915527,-0.0426781140267849,3.0922474505445745,0.0005603733012023484,-0.000183975732318717,0.0007248651626723166,6.47504866210666e-05,8.162242471361977e-05,0.0012167874351143837,0.0026499855518341067,0,0,True,-0.007349698238763525,0.0007151297715116204
839.52,12.080636024475098,-0.04267784580588341,3.0922459940391973,0.0005588367844105146,-0.00017864175317089932,0.0005848868084025691,-9.996073953217069e-07,-1.1222932666542721e-05,0.00093711840454489,0.002147602140903473,0,0,True,-0.00689109308872213,0.0011093660274448093
839.54,12.080628395080566,-0.04268333688378334,3.092255059288971,0.0005844205065898282,-0.00016678868057882904,0.0004640726149090522,2.8556188777401106e-05,2.188718013494952e-05,0.0008568118698894979,0.002102987337857485,0,0,True,-0.005752011021666649,-0.0018653249087003797
839.56,12.080617904663086,-0.04267982393503189,3.092249929533086,0.0005728466591001775,-0.0001793187418618364,0.0003565701739390497,3.0243235231401583e-05,4.571205418632977e-05,0.0007637820905074477,0.00204261327162385,0,0,True,-0.005666487851072771,9.676641557497852e-05
839.58,12.080612182617188,-0.04267856478691101,3.0922492015189853,0.0005754846693156876,-0.00017010756028845687,0.00026470428093874925,-4.301528516568234e-05,-6.760356798248695e-05,0.0006518108514137566,0.002044374840334058,0,0,True,-0.005058995811799557,-0.0002033577912310655
839.6,12.080607414245605,-0.04267885535955429,3.092249651003532,0.0005811994271147358,-0.00016593887405234322,0.00013156778031651553,-5.62472414273219e-06,-3.4816194205404777e-06,0.0005279101361520588,0.001739387456327677,0,0,True,-0.004457127174235841,-0.0005714006773288299
839.62,12.080607414245605,-0.04267885535955429,3.092249651003532,0.0005811994271147358,-0.00016593887405234322,5.935294996488053e-05,6.567616105420559e-06,5.61855683645596e-06,0.0004948575468733907,0.001738721448928118,0,0,True,-0.003308803511737375,0.0008450445997818555
839.64,12.080607414245605,-0.04267885535955429,3.092249651003532,0.0005811994271147358,-0.00016593887405234322,0.0,-0.0,0.0,0.00043378872331231835,0.0016851686779409648,0,0,True,-0.0016445972539579398,4.352024275679555e-05
839.66,12.080607414245605,-0.04267885535955429,3.092249651003532,0.0005811994271147358,-0.00016593887405234322,0.0,-0.0,0.0,0.00043378872331231835,0.0016851686779409648,0,0,True,-0.0007419118745606271,-7.023196045566357e-05
839.68,12.080607414245605,-0.04267885535955429,3.092249651003532,0.0005811994271147358,-0.00016593887405234322,0.0,-0.0,0.0,0.00043378872331231835,0.0016851686779409648,0,0,True,0.0,0.0
839.7,12.080607414245605,-0.04267885535955429,3.092249651003532,0.0005811994271147358,-0.00016593887405234322,0.0,-0.0,0.0,0.00043378872331231835,0.0016851686779409648,0,0,True,0.0,0.0
839.72,12.080607414245605,-0.04267885535955429,3.092249651003532,0.0005811994271147358,-0.00016593887405234322,0.0,-0.0,0.0,0.00043378872331231835,0.0016851686779409648,0,0,True,0.0,0.0
839.74,12.080607414245605,-0.04267885535955429,3.092249651003532,0.0005811994271147358,-0.00016593887405234322,0.0,-0.0,0.0,0.00043378872331231835,0.0016851686779409648,0,0,True,0.0,0.0
839.76,12.080607414245605,-0.04267885535955429,3.092249651003532,0.0005811994271147358,-0.00016593887405234322,0.0,-0.0,0.0,0.00043378872331231835,0.0016851686779409648,0,0,True,0.0,0.0
839.78,12.080607414245605,-0.04267885535955429,3.092249651003532,0.0005811994271147358,-0.00016593887405234322,0.0,-0.0,0.0,0.00043378872331231835,0.0016851686779409648,0,0,True,0.0,0.0
839.8,12.080607414245605,-0.04267885535955429,3.092249651003532,0.0005811994271147358,-0.00016593887405234322,0.0,-0.0,0.0,0.00043378872331231835,0.0016851686779409648,0,0,True,0.0,0.0
839.82,12.080607414245605,-0.04267885535955429,3.092249651003532,0.0005811994271147358,-0.00016593887405234322,0.0,-0.0,0.0,0.00043378872331231835,0.0016851686779409648,0,0,True,0.0,0.0
839.84,12.080607414245605,-0.04267885535955429,3.092249651003532,0.0005811994271147358,-0.00016593887405234322,0.0,-0.0,0.0,0.00043378872331231835,0.0016851686779409648,0,0,True,0.0,0.0
839.86,12.080607414245605,-0.04267885535955429,3.092249651003532,0.0005811994271147358,-0.00016593887405234322,0.0,-0.0,0.0,0.00043378872331231835,0.0016851686779409648,0,0,True,0.0,0.0
839.88,12.080607414245605,-0.04267885535955429,3.092249651003532,0.0005811994271147358,-0.00016593887405234322,0.0,-0.0,0.0,0.00043378872331231835,0.0016851686779409648,0,0,True,0.0,0.0
839.9,12.080607414245605,-0.04267885535955429,3.092249651003532,0.0005811994271147358,-0.00016593887405234322,0.0,-0.0,0.0,0.00043378872331231835,0.0016851686779409648,0,0,True,0.0,0.0
839.92,12.080607414245605,-0.04267885535955429,3.092249651003532,0.0005811994271147358,-0.00016593887405234322,0.0,-0.0,0.0,0.00043378872331231835,0.0016851686779409648,0,0,True,0.0,0.0
839.94,12.080607414245605,-0.04267885535955429,3.092249651003532,0.0005811994271147358,-0.00016593887405234322,0.0,-0.0,0.0,0.00043378872331231835,0.0016851686779409648,0,0,True,0.0,0.0
839.96,12.080607414245605,-0.04267885535955429,3.092249651003532,0.0005811994271147358,-0.00016593887405234322,0.0,-0.0,0.0,0.00043378872331231835,0.0016851686779409648,0,0,True,0.0,0.0
839.98,12.080607414245605,-0.04267885535955429,3.092249651003532,0.0005811994271147358,-0.00016593887405234322,0.0,-0.0,0.0,0.00043378872331231835,0.0016851686779409648,0,0,True,0.0,0.0
840.0,12.080607414245605,-0.04267885535955429,3.092249651003532,0.0005811994271147358,-0.00016593887405234322,0.0,-0.0,0.0,0.00043378872331231835,0.0016851686779409648,0,0,True,0.0,0.0
840.02,12.080607414245605,-0.04267885535955429,3.092249651003532,0.0005811994271147358,-0.00016593887405234322,0.0,-0.0,0.0,0.00043378872331231835,0.0016851686779409648,0,0,True,0.0,0.0
840.04,12.080607414245605,-0.04267885535955429,3.092249651003532,0.0005811994271147358,-0.00016593887405234322,0.0,-0.0,0.0,0.00043378872331231835,0.0016851686779409648,0,0,True,0.0,0.0
840.06,12.080607414245605,-0.04267885535955429,3.092249651003532,0.0005811994271147358,-0.00016593887405234322,0.0,-0.0,0.0,0.00043378872331231835,0.0016851686779409648,0,0,True,0.0,0.0
840.08,12.080607414245605,-0.04267885535955429,3.092249651003532,0.0005811994271147358,-0.00016593887405234322,0.0,-0.0,0.0,0.00043378872331231835,0.0016851686779409648,0,0,True,0.0,0.0
840.1,12.080607414245605,-0.04267885535955429,3.092249651003532,0.0005811994271147358,-0.00016593887405234322,0.0,-0.0,0.0,0.00043378872331231835,0.0016851686779409648,0,0,True,0.0,0.0
840.12,12.080607414245605,-0.04267885535955429,3.092249651003532,0.0005811994271147358,-0.00016593887405234322,0.0,-0.0,0.0,0.00043378872331231835,0.0016851686779409648,0,0,True,0.0,0.0
840.14,12.080607414245605,-0.04267885535955429,3.092249651003532,0.0005811994271147358,-0.00016593887405234322,0.0,-0.0,0.0,0.00043378872331231835,0.0016851686779409648,0,0,True,0.0,0.0
840.16,12.080607414245605,-0.04267885535955429,3.092249651003532,0.0005811994271147358,-0.00016593887405234322,0.0,-0.0,0.0,0.00043378872331231835,0.0016851686779409648,0,0,True,0.0,0.0
840.18,12.080607414245605,-0.04267885535955429,3.092249651003532,0.0005811994271147358,-0.00016593887405234322,0.0,-0.0,0.0,0.00043378872331231835,0.0016851686779409648,0,0,True,0.0,0.0
840.2,12.080607414245605,-0.04267885535955429,3.092249651003532,0.0005811994271147358,-0.00016593887405234322,0.0,-0.0,0.0,0.00043378872331231835,0.0016851686779409648,0,0,True,0.0,0.0
840.22,12.080607414245605,-0.04267885535955429,3.092249651003532,0.0005811994271147358,-0.00016593887405234322,0.0,-0.0,0.0,0.00043378872331231835,0.0016851686779409648,0,0,True,0.0,0.0
840.24,12.080607414245605,-0.04267885535955429,3.092249651003532,0.0005811994271147358,-0.00016593887405234322,0.0,-0.0,0.0,0.00043378872331231835,0.0016851686779409648,0,0,True,0.0,0.0
840.26,12.080607414245605,-0.04267885535955429,3.092249651003532,0.0005811994271147358,-0.00016593887405234322,0.0,-0.0,0.0,0.00043378872331231835,0.0016851686779409648,0,0,True,0.0,0.0
840.28,12.080607414245605,-0.04267885535955429,3.092249651003532,0.0005811994271147358,-0.00016593887405234322,0.0,-0.0,0.0,0.00043378872331231835,0.0016851686779409648,0,0,True,0.0,0.0
840.3,12.080607414245605,-0.04267885535955429,3.092249651003532,0.0005811994271147358,-0.00016593887405234322,0.0,-0.0,0.0,0.00043378872331231835,0.0016851686779409648,0,0,True,0.0,0.0
840.32,12.080607414245605,-0.04267885535955429,3.092249651003532,0.0005811994271147358,-0.00016593887405234322,0.0,-0.0,0.0,0.00043378872331231835,0.0016851686779409648,0,0,True,0.0,0.0
840.34,12.080607414245605,-0.04267885535955429,3.092249651003532,0.0005811994271147358,-0.00016593887405234322,0.0,-0.0,0.0,0.00043378872331231835,0.0016851686779409648,0,0,True,0.0,0.0
840.36,12.080607414245605,-0.04267885535955429,3.092249651003532,0.0005811994271147358,-0.00016593887405234322,0.0,-0.0,0.0,0.00043378872331231835,0.0016851686779409648,0,0,True,0.0,0.0
840.38,12.080607414245605,-0.04267885535955429,3.092249651003532,0.0005811994271147358,-0.00016593887405234322,0.0,-0.0,0.0,0.00043378872331231835,0.0016851686779409648,0,0,True,0.0,0.0
840.4,12.080607414245605,-0.04267885535955429,3.092249651003532,0.0005811994271147358,-0.00016593887405234322,0.0,-0.0,0.0,0.00043378872331231835,0.0016851686779409648,0,0,True,0.0,0.0
840.42,12.080607414245605,-0.04267885535955429,3.092249651003532,0.0005811994271147358,-0.00016593887405234322,0.0,-0.0,0.0,0.00043378872331231835,0.0016851686779409648,0,0,True,0.0,0.0
840.44,12.080607414245605,-0.04267885535955429,3.092249651003532,0.0005811994271147358,-0.00016593887405234322,0.0,-0.0,0.0,0.00043378872331231835,0.0016851686779409648,0,0,True,0.0,0.0
840.46,12.080607414245605,-0.04267885535955429,3.092249651003532,0.0005811994271147358,-0.00016593887405234322,0.0,-0.0,0.0,0.00043378872331231835,0.0016851686779409648,0,0,True,0.0,0.0
840.48,12.080607414245605,-0.04267885535955429,3.092249651003532,0.0005811994271147358,-0.00016593887405234322,0.0,-0.0,0.0,0.00043378872331231835,0.0016851686779409648,0,0,True,0.0,0.0
840.5,12.080607414245605,-0.04267885535955429,3.092249651003532,0.0005811994271147358,-0.00016593887405234322,0.0,-0.0,0.0,0.00043378872331231835,0.0016851686779409648,0,0,True,0.0,0.0
840.52,12.080607414245605,-0.04267885535955429,3.092249651003532,0.0005811994271147358,-0.00016593887405234322,0.0,-0.0,0.0,0.00043378872331231835,0.0016851686779409648,0,0,True,0.0,0.0
840.54,12.080607414245605,-0.04267885535955429,3.092249651003532,0.0005811994271147358,-0.00016593887405234322,0.0,-0.0,0.0,0.00043378872331231835,0.0016851686779409648,0,0,True,0.0,0.0
840.56,12.080607414245605,-0.04267885535955429,3.092249651003532,0.0005811994271147358,-0.00016593887405234322,0.0,-0.0,0.0,0.00043378872331231835,0.0016851686779409648,0,0,True,0.0,0.0
840.58,12.080607414245605,-0.04267885535955429,3.092249651003532,0.0005811994271147358,-0.00016593887405234322,0.0,-0.0,0.0,0.00043378872331231835,0.0016851686779409648,0,0,True,0.0,0.0
840.6,12.080607414245605,-0.04267885535955429,3.092249651003532,0.0005811994271147358,-0.00016593887405234322,0.0,-0.0,0.0,0.00043378872331231835,0.0016851686779409648,0,0,True,0.0,0.0
840.62,12.080607414245605,-0.04267885535955429,3.092249651003532,0.0005811994271147358,-0.00016593887405234322,0.0,-0.0,0.0,0.00043378872331231835,0.0016851686779409648,0,0,True,0.0,0.0
840.64,12.080607414245605,-0.04267885535955429,3.092249651003532,0.0005811994271147358,-0.00016593887405234322,0.0,-0.0,0.0,0.00043378872331231835,0.0016851686779409648,0,0,True,0.0,0.0
840.66,12.080607414245605,-0.04267885535955429,3.092249651003532,0.0005811994271147358,-0.00016593887405234322,0.0,-0.0,0.0,0.00043378872331231835,0.0016851686779409648,0,0,True,0.0,0.0
840.68,12.080607414245605,-0.04267885535955429,3.092249651003532,0.0005811994271147358,-0.00016593887405234322,0.0,-0.0,0.0,0.00043378872331231835,0.0016851686779409648,0,0,True,0.0,0.0
840.7,12.080607414245605,-0.04267885535955429,3.092249651003532,0.0005811994271147358,-0.00016593887405234322,0.0,-0.0,0.0,0.00043378872331231835,0.0016851686779409648,0,0,True,0.0,0.0
840.72,12.080607414245605,-0.04267885535955429,3.092249651003532,0.0005811994271147358,-0.00016593887405234322,0.0,-0.0,0.0,0.00043378872331231835,0.0016851686779409648,0,0,True,0.0,0.0
840.74,12.080607414245605,-0.04267885535955429,3.092249651003532,0.0005811994271147358,-0.00016593887405234322,0.0,-0.0,0.0,0.00043378872331231835,0.0016851686779409648,0,0,True,0.0,0.0
840.76,12.080607414245605,-0.04267885535955429,3.092249651003532,0.0005811994271147358,-0.00016593887405234322,0.0,-0.0,0.0,0.00043378872331231835,0.0016851686779409648,0,0,True,0.0,0.0
840.78,12.080607414245605,-0.04267885535955429,3.092249651003532,0.0005811994271147358,-0.00016593887405234322,0.0,-0.0,0.0,0.00043378872331231835,0.0016851686779409648,0,0,True,0.0,0.0
840.8,12.080607414245605,-0.04267885535955429,3.092249651003532,0.0005811994271147358,-0.00016593887405234322,0.0,-0.0,0.0,0.00043378872331231835,0.0016851686779409648,0,0,True,0.0,0.0
840.82,12.080607414245605,-0.04267885535955429,3.092249651003532,0.0005811994271147358,-0.00016593887405234322,0.0,-0.0,0.0,0.00043378872331231835,0.0016851686779409648,0,0,True,0.0,0.0
840.84,12.080607414245605,-0.04267885535955429,3.092249651003532,0.0005811994271147358,-0.00016593887405234322,0.0,-0.0,0.0,0.00043378872331231835,0.0016851686779409648,0,0,True,0.0,0.0
840.86,12.080607414245605,-0.04267885535955429,3.092249651003532,0.0005811994271147358,-0.00016593887405234322,0.0,-0.0,0.0,0.00043378872331231835,0.0016851686779409648,0,0,True,0.0,0.0
840.88,12.080607414245605,-0.04267885535955429,3.092249651003532,0.0005811994271147358,-0.00016593887405234322,0.0,-0.0,0.0,0.00043378872331231835,0.0016851686779409648,0,0,True,0.0,0.0
840.9,12.080607414245605,-0.04267885535955429,3.092249651003532,0.0005811994271147358,-0.00016593887405234322,0.0,-0.0,0.0,0.00043378872331231835,0.0016851686779409648,0,0,True,0.0,0.0
840.92,12.080607414245605,-0.04267885535955429,3.092249651003532,0.0005811994271147358,-0.00016593887405234322,0.0,-0.0,0.0,0.00043378872331231835,0.0016851686779409648,0,0,True,0.0,0.0
840.94,12.080607414245605,-0.04267885535955429,3.092249651003532,0.0005811994271147358,-0.00016593887405234322,0.0,-0.0,0.0,0.00043378872331231835,0.0016851686779409648,0,0,True,0.0,0.0
840.96,12.080607414245605,-0.04267885535955429,3.092249651003532,0.0005811994271147358,-0.00016593887405234322,0.0,-0.0,0.0,0.00043378872331231835,0.0016851686779409648,0,0,True,0.0,0.0
840.98,12.080607414245605,-0.04267885535955429,3.092249651003532,0.0005811994271147358,-0.00016593887405234322,0.0,-0.0,0.0,0.00043378872331231835,0.0016851686779409648,0,0,True,0.0,0.0
841.0,12.080607414245605,-0.04267885535955429,3.092249651003532,0.0005811994271147358,-0.00016593887405234322,0.0,-0.0,0.0,0.00043378872331231835,0.0016851686779409648,0,0,True,0.0,0.0
841.02,12.080607414245605,-0.04267885535955429,3.092249651003532,0.0005811994271147358,-0.00016593887405234322,0.0,-0.0,0.0,0.00043378872331231835,0.0016851686779409648,0,0,True,0.0,0.0
841.04,12.080607414245605,-0.04267885535955429,3.092249651003532,0.0005811994271147358,-0.00016593887405234322,0.0,-0.0,0.0,0.00043378872331231835,0.0016851686779409648,0,0,True,0.0,0.0
841.06,12.080607414245605,-0.04267885535955429,3.092249651003532,0.0005811994271147358,-0.00016593887405234322,0.0,-0.0,0.0,0.00043378872331231835,0.0016851686779409648,0,0,True,0.0,0.0
841.08,12.080607414245605,-0.04267885535955429,3.092249651003532,0.0005811994271147358,-0.00016593887405234322,0.0,-0.0,0.0,0.00043378872331231835,0.0016851686779409648,0,0,True,0.0,0.0
841.1,12.080607414245605,-0.04267885535955429,3.092249651003532,0.0005811994271147358,-0.00016593887405234322,0.0,-0.0,0.0,0.00043378872331231835,0.0016851686779409648,0,0,True,0.0,0.0
841.12,12.080607414245605,-0.04267885535955429,3.092249651003532,0.0005811994271147358,-0.00016593887405234322,0.0,-0.0,0.0,0.00043378872331231835,0.0016851686779409648,0,0,True,0.0,0.0
841.14,12.080607414245605,-0.04267885535955429,3.092249651003532,0.0005811994271147358,-0.00016593887405234322,0.0,-0.0,0.0,0.00043378872331231835,0.0016851686779409648,0,0,True,0.0,0.0
841.16,12.080607414245605,-0.04267885535955429,3.092249651003532,0.0005811994271147358,-0.00016593887405234322,0.0,-0.0,0.0,0.00043378872331231835,0.0016851686779409648,0,0,True,0.0,0.0
841.18,12.080607414245605,-0.04267885535955429,3.092249651003532,0.0005811994271147358,-0.00016593887405234322,0.0,-0.0,0.0,0.00043378872331231835,0.0016851686779409648,0,0,True,0.0,0.0
841.2,12.080607414245605,-0.04267885535955429,3.092249651003532,0.0005811994271147358,-0.00016593887405234322,0.0,-0.0,0.0,0.00043378872331231835,0.0016851686779409648,0,0,True,0.0,0.0
841.22,12.080607414245605,-0.04267885535955429,3.092249651003532,0.0005811994271147358,-0.00016593887405234322,0.0,-0.0,0.0,0.00043378872331231835,0.0016851686779409648,0,0,True,0.0,0.0
841.24,12.080607414245605,-0.04267885535955429,3.092249651003532,0.0005811994271147358,-0.00016593887405234322,0.0,-0.0,0.0,0.00043378872331231835,0.0016851686779409648,0,0,True,0.0,0.0
841.26,12.080607414245605,-0.04267885535955429,3.092249651003532,0.0005811994271147358,-0.00016593887405234322,0.0,-0.0,0.0,0.00043378872331231835,0.0016851686779409648,0,0,True,0.0,0.0
841.28,12.080607414245605,-0.04267885535955429,3.092249651003532,0.0005811994271147358,-0.00016593887405234322,0.0,-0.0,0.0,0.00043378872331231835,0.0016851686779409648,0,0,True,0.0,0.0
841.3,12.080607414245605,-0.04267885535955429,3.092249651003532,0.0005811994271147358,-0.00016593887405234322,0.0,-0.0,0.0,0.00043378872331231835,0.0016851686779409648,0,0,True,0.0,0.0
841.32,12.080607414245605,-0.04267885535955429,3.092249651003532,0.0005811994271147358,-0.00016593887405234322,0.0,-0.0,0.0,0.00043378872331231835,0.0016851686779409648,0,0,True,0.0,0.0
841.34,12.080607414245605,-0.04267885535955429,3.092249651003532,0.0005811994271147358,-0.00016593887405234322,0.0,-0.0,0.0,0.00043378872331231835,0.0016851686779409648,0,0,True,0.0,0.0
841.36,12.080607414245605,-0.04267885535955429,3.092249651003532,0.0005811994271147358,-0.00016593887405234322,0.0,-0.0,0.0,0.00043378872331231835,0.0016851686779409648,0,0,True,0.0,0.0
841.38,12.080607414245605,-0.04267885535955429,3.092249651003532,0.0005811994271147358,-0.00016593887405234322,0.0,-0.0,0.0,0.00043378872331231835,0.0016851686779409648,0,0,True,0.0,0.0
841.4,12.080607414245605,-0.04267885535955429,3.092249651003532,0.0005811994271147358,-0.00016593887405234322,0.0,-0.0,0.0,0.00043378872331231835,0.0016851686779409648,0,0,True,0.0,0.0
841.42,12.080607414245605,-0.04267885535955429,3.092249651003532,0.0005811994271147358,-0.00016593887405234322,0.0,-0.0,0.0,0.00043378872331231835,0.0016851686779409648,0,0,True,0.0,0.0
841.44,12.080607414245605,-0.04267885535955429,3.092249651003532,0.0005811994271147358,-0.00016593887405234322,0.0,-0.0,0.0,0.00043378872331231835,0.0016851686779409648,0,0,True,0.0,0.0
841.46,12.080607414245605,-0.04267885535955429,3.092249651003532,0.0005811994271147358,-0.00016593887405234322,0.0,-0.0,0.0,0.00043378872331231835,0.0016851686779409648,0,0,True,0.0,0.0
841.48,12.080607414245605,-0.04267885535955429,3.092249651003532,0.0005811994271147358,-0.00016593887405234322,0.0,-0.0,0.0,0.00043378872331231835,0.0016851686779409648,0,0,True,0.0,0.0
841.5,12.080607414245605,-0.04267885535955429,3.092249651003532,0.0005811994271147358,-0.00016593887405234322,0.0,-0.0,0.0,0.00043378872331231835,0.0016851686779409648,0,0,True,0.0,0.0
841.52,12.080607414245605,-0.04267885535955429,3.092249651003532,0.0005811994271147358,-0.00016593887405234322,0.0,-0.0,0.0,0.00043378872331231835,0.0016851686779409648,0,0,True,0.0,0.0
841.54,12.080607414245605,-0.04267885535955429,3.092249651003532,0.0005811994271147358,-0.00016593887405234322,0.0,-0.0,0.0,0.00043378872331231835,0.0016851686779409648,0,0,True,0.0,0.0
841.56,12.080607414245605,-0.04267885535955429,3.092249651003532,0.0005811994271147358,-0.00016593887405234322,0.0,-0.0,0.0,0.00043378872331231835,0.0016851686779409648,0,0,True,0.0,0.0
841.58,12.080607414245605,-0.04267885535955429,3.092249651003532,0.0005811994271147358,-0.00016593887405234322,0.0,-0.0,0.0,0.00043378872331231835,0.0016851686779409648,0,0,True,0.0,0.0
841.6,12.080607414245605,-0.04267885535955429,3.092249651003532,0.0005811994271147358,-0.00016593887405234322,0.0,-0.0,0.0,0.00043378872331231835,0.0016851686779409648,0,0,True,0.0,0.0
841.62,12.080607414245605,-0.04267885535955429,3.092249651003532,0.0005811994271147358,-0.00016593887405234322,0.0,-0.0,0.0,0.00043378872331231835,0.0016851686779409648,0,0,True,0.0,0.0
841.64,12.080607414245605,-0.04267885535955429,3.092249651003532,0.0005811994271147358,-0.00016593887405234322,0.0,-0.0,0.0,0.00043378872331231835,0.0016851686779409648,0,0,True,0.0,0.0
841.66,12.080607414245605,-0.04267885535955429,3.092249651003532,0.0005811994271147358,-0.00016593887405234322,0.0,-0.0,0.0,0.00043378872331231835,0.0016851686779409648,0,0,True,0.0,0.0
841.68,12.080607414245605,-0.04267885535955429,3.092249651003532,0.0005811994271147358,-0.00016593887405234322,0.0,-0.0,0.0,0.00043378872331231835,0.0016851686779409648,0,0,True,0.0,0.0
841.7,12.080607414245605,-0.04267885535955429,3.092249651003532,0.0005811994271147358,-0.00016593887405234322,0.0,-0.0,0.0,0.00043378872331231835,0.0016851686779409648,0,0,True,0.0,0.0
841.72,12.080607414245605,-0.04267885535955429,3.092249651003532,0.0005811994271147358,-0.00016593887405234322,0.0,-0.0,0.0,0.00043378872331231835,0.0016851686779409648,0,0,True,0.0,0.0
841.74,12.080607414245605,-0.04267885535955429,3.092249651003532,0.0005811994271147358,-0.00016593887405234322,0.0,-0.0,0.0,0.00043378872331231835,0.0016851686779409648,0,0,True,0.0,0.0
841.76,12.080607414245605,-0.04267885535955429,3.092249651003532,0.0005811994271147358,-0.00016593887405234322,0.0,-0.0,0.0,0.00043378872331231835,0.0016851686779409648,0,0,True,0.0,0.0
841.78,12.080607414245605,-0.04267885535955429,3.092249651003532,0.0005811994271147358,-0.00016593887405234322,0.0,-0.0,0.0,0.00043378872331231835,0.0016851686779409648,0,0,True,0.0,0.0
841.8,12.080607414245605,-0.04267885535955429,3.092249651003532,0.0005811994271147358,-0.00016593887405234322,0.0,-0.0,0.0,0.00043378872331231835,0.0016851686779409648,0,0,True,0.0,0.0
841.82,12.080607414245605,-0.04267885535955429,3.092249651003532,0.0005811994271147358,-0.00016593887405234322,0.0,-0.0,0.0,0.00043378872331231835,0.0016851686779409648,0,0,True,0.0,0.0
841.84,12.080607414245605,-0.04267885535955429,3.092249651003532,0.0005811994271147358,-0.00016593887405234322,0.0,-0.0,0.0,0.00043378872331231835,0.0016851686779409648,0,0,True,0.0,0.0
841.86,12.080607414245605,-0.04267885535955429,3.092249651003532,0.0005811994271147358,-0.00016593887405234322,0.0,-0.0,0.0,0.00043378872331231835,0.0016851686779409648,0,0,True,0.0,0.0
841.88,12.080607414245605,-0.04267885535955429,3.092249651003532,0.0005811994271147358,-0.00016593887405234322,0.0,-0.0,0.0,0.00043378872331231835,0.0016851686779409648,0,0,True,0.0,0.0
841.9,12.080607414245605,-0.04267885535955429,3.092249651003532,0.0005811994271147358,-0.00016593887405234322,0.0,-0.0,0.0,0.00043378872331231835,0.0016851686779409648,0,0,True,0.0,0.0
841.92,12.080607414245605,-0.04267885535955429,3.092249651003532,0.0005811994271147358,-0.00016593887405234322,0.0,-0.0,0.0,0.00043378872331231835,0.0016851686779409648,0,0,True,0.0,0.0
841.94,12.080607414245605,-0.04267885535955429,3.092249651003532,0.0005811994271147358,-0.00016593887405234322,0.0,-0.0,0.0,0.00043378872331231835,0.0016851686779409648,0,0,True,0.0,0.0
841.96,12.080607414245605,-0.04267885535955429,3.092249651003532,0.0005811994271147358,-0.00016593887405234322,0.0,-0.0,0.0,0.00043378872331231835,0.0016851686779409648,0,0,True,0.0,0.0
841.98,12.080607414245605,-0.04267885535955429,3.092249651003532,0.0005811994271147358,-0.00016593887405234322,0.0,-0.0,0.0,0.00043378872331231835,0.0016851686779409648,0,0,True,0.0,0.0
842.0,12.080607414245605,-0.04267885535955429,3.092249651003532,0.0005811994271147358,-0.00016593887405234322,0.0,-0.0,0.0,0.00043378872331231835,0.0016851686779409648,0,0,True,0.0,0.0
