t,x,y,yaw,roll,pitch,v,lateral,w,rim_left,rim_right,cmd_v,cmd_w,publishing,a,alpha
738.18,11.977981567382812,-0.03272898122668266,3.0980948797864327,-0.0001498900632350665,-0.00033446059591850374,0.0010920976280163652,-0.002062976798352399,-0.0005595677080413777,-0.0007993991440162063,-0.0006508114328607918,0.035,0,True,0.001755771821929526,-0.04993737842377122
738.2,11.978033065795898,-0.032669439911842346,3.0979001542450786,-4.877144658144836e-05,-0.0002993669107218098,0.0028893507981314543,-0.0019500395922401304,-0.00020743962814140862,-0.001198553266003728,0.0007115352246910335,0.035,0,True,0.03499700460635972,0.015223263081086279
738.22,11.977970123291016,-0.032672204077243805,3.097914478968447,-8.186147676876736e-05,-0.0003851657846329165,0.0010589667509783357,-0.0007501984728570343,-0.0022995477571218672,0.00033969174139201645,0.0002349982922896743,0.035,0,True,0.029142895519696507,0.009000668260630033
738.24,11.977826118469238,-0.03267493471503258,3.097942649214839,-5.7508396585637654e-05,-0.0006449563919095955,0.0031076124818669635,0.00015377178822969977,0.0004792342963415492,0.0015275119291618467,0.05802390148863197,0.035,0,True,0.0007901748384450678,-0.001286196335756841
738.26,11.977899551391602,-0.032665323466062546,3.097910915965863,-1.6085421455827646e-06,-0.00016364106105250543,0.0034235292695932785,2.3885522931361346e-05,0.00016048575280939333,0.005689564049243928,0.006223715543746949,0.035,0,True,0.022472837252031766,0.03471260345612452
738.28,11.977784156799316,-0.03267088159918785,3.097938492988786,-1.2212940533963237e-06,-0.00029424504839324086,0.0029525647852070023,-0.00012104522991942038,-0.0003103353350018623,0.000878567285835743,0.0005717527493834496,0.035,0,True,-0.023388744583890692,-0.011579224969412433
738.3,11.977696418762207,-0.032662153244018555,3.0979273178286717,9.787139959082963e-06,-0.0004581945998486155,0.002856793731139242,0.00015926740037053316,0.00047746051936556897,0.005154111571609974,0.005994230099022389,0.035,0,True,-0.03814029897943436,-0.00420048002005979
738.32,11.977590560913086,-0.03265495225787163,3.097917822388039,3.37165002189718e-05,-0.000750845803664642,0.001236512915154751,-0.00017127666902248812,-0.00044710370121191944,0.004528055489063263,0.004663882665336133,0.035,0,True,-0.04643289749352591,0.0031294353713225494
738.34,11.977670669555664,-0.03266807645559311,3.097949112807412,6.457358644555013e-05,-0.00023362244621760825,0.0003723053512369685,-5.505503595863391e-05,-0.00017555264879556175,0.0039511162787675864,0.004237269200384617,0.035,0,True,-0.030228925175350554,-0.013951994128621869
738.36,11.977685928344727,-0.032652873545885086,3.097902724692689,2.0671171806998796e-05,-5.4932429378385605e-05,-0.0007620670142769705,-3.662520734438977e-05,-5.998050529593029e-05,-0.0014553054422140122,-0.0010644986107945444,0.035,0,True,-0.006359614485366344,0.00509574495356971
738.38,11.977666854858398,-0.03265645354986191,3.097913273616768,2.5232910753600376e-05,-8.09767156382288e-05,0.00043847971710996047,-0.00020400677187394902,-0.0006386990109247517,0.003475149683654309,0.0033905242383480074,0.035,0,True,0.003706539925327957,0.002126861650756664
738.4,11.977651596069336,-0.03265468776226044,3.097913023947615,2.7060879588521835e-05,-0.00010705386490759192,0.0007277437563259062,2.909245777115906e-06,-3.944410492671338e-05,0.004270913396030665,0.004526650980114937,0.035,0,True,0.02027578280383441,-0.0006254059806126297
738.42,11.977636337280273,-0.032650239765644073,3.097898016886538,2.7657474390738683e-05,-8.578549377156497e-05,0.0006688285452629354,-1.415165107660207e-05,-5.403716735183373e-06,0.00362427132204175,0.0039271748252213004,0.035,0,True,0.009985035856545876,0.011071023341066594
738.44,11.977627754211426,-0.03265056386590004,3.0978995691642948,1.456115125256831e-05,-6.294792831058425e-05,0.0008599956100306122,-1.9871095505823885e-05,-0.00011001298374496627,0.0037609102763235575,0.00380836695432663,0.035,0,True,0.013671912390828383,0.0042935199844062
738.46,11.97761344909668,-0.03265298530459404,3.0979128413194292,7.090781273409713e-05,-4.800662731347593e-05,0.0012372825856340392,8.414249639176394e-05,0.000246982856361029,0.012855076640844346,0.0034146776981651785,0.035,0,True,0.016679608632543245,0.0008827031963007158
738.48,11.977582931518555,-0.032650094479322433,3.0979042229089155,4.0970222405043223e-05,-9.424422624011799e-05,0.0018214967475927363,9.487067041491349e-05,0.0003040374938259583,0.0037036035209894185,0.003964164182543755,0.035,0,True,0.024370640812051012,0.007026268400514292
738.5,11.977537155151367,-0.03265264257788658,3.097917775515047,2.276074383646662e-05,-0.00012808693853575188,0.0020031972358670776,3.2731028211839605e-05,6.521253896891001e-05,0.00416122179478407,0.004190013967454434,0.035,0,True,0.026873065136098086,-0.0015442508197883213
738.52,11.977481842041016,-0.03265178203582764,3.097923892163801,6.667352831484741e-05,-0.0001864777653288675,0.00280964687499292,0.0001459372996347239,0.0004520884882956659,0.003914045821875334,0.003992115370929241,0.035,0,True,0.026896305970602486,-0.0038083455260254136
738.54,11.977453231811523,-0.03264860436320305,3.0979180583225467,2.664796349791223e-05,-0.00013720656957725256,0.003387127796519931,3.769833278470862e-05,0.00012344279077807565,0.004039625637233257,0.004207245148718357,0.035,0,True,0.015087313457367203,0.0073934986385883385
738.56,11.977357864379883,-0.03265194594860077,3.097940389987979,4.886101969191143e-05,-0.0001769483083408306,0.0039732012252389785,5.798176577419137e-06,-6.301482557976685e-07,0.003633300364017487,0.0037083321996033195,0.035,0,True,0.014354338666900179,-0.02396254097687417
738.58,11.977266311645508,-0.03264382481575012,3.0979276509383094,0.00012370065571737184,-0.0002789580981493584,0.0032101823124570713,0.000537197270270368,0.0006566924300562797,0.004871872290968895,0.005839122869074345,0.035,0,True,-0.0072112869202310675,-0.017863993247024177
738.6,11.977164268493652,-0.03263837471604347,3.0979238417519404,0.00024191785141707115,-0.00045807561210805625,0.003957993968345522,-0.0004653342188954676,-0.0014649147898552484,0.005308181978762151,0.005453505627810956,0.035,0,True,-0.030502675780175775,-0.015717896138945524
738.62,11.977194786071777,-0.03268032893538475,3.0979705937169513,0.000351455474367868,-5.3018810013611334e-05,0.0028102248429011504,-0.0004140073260712152,-0.0013056766689845895,0.0051456793025135995,0.0052262072637677195,0.035,0,True,-0.01591430223694186,-0.031239422900812493
738.64,11.977043151855469,-0.03260093182325363,3.0978231968047907,0.000255803695498046,-0.0002822764200537375,0.0015329871628236684,-0.0004013439454956457,-0.001258061839372083,0.0011392492055892945,0.002615078054368496,0.035,0,True,-0.04947492460436402,0.018311434873207258
738.66,11.977043151855469,-0.03260093182325363,3.0978231968047907,0.000255803695498046,-0.0002822764200537375,0.0019370381335028803,-0.00090857803515036,-0.0018424614020064467,0.00638617753982544,0.011354386731982233,0.035,0,True,-0.03512781053624641,0.01632095836229902
738.68,11.977043151855469,-0.03260093182325363,3.0978231968047907,0.000255803695498046,-0.0002822764200537375,0.0,-0.0,0.0,0.004199077300727368,0.006206071041524411,0.035,0,True,-0.019162339535286052,0.015725772992142992
738.7,11.977043151855469,-0.03260093182325363,3.0978231968047907,0.000255803695498046,-0.0002822764200537375,0.0,-0.0,0.0,0.004199077300727368,0.006206071041524411,0.035,0,True,-0.024212976668773617,0.0230307675250688
738.72,11.977043151855469,-0.03260093182325363,3.0978231968047907,0.000255803695498046,-0.0002822764200537375,0.0,-0.0,0.0,0.004199077300727368,0.006206071041524411,0.035,0,True,0.0,0.0
738.74,11.977043151855469,-0.03260093182325363,3.0978231968047907,0.000255803695498046,-0.0002822764200537375,0.0,-0.0,0.0,0.004199077300727368,0.006206071041524411,0.035,0,True,0.0,0.0
738.76,11.977043151855469,-0.03260093182325363,3.0978231968047907,0.000255803695498046,-0.0002822764200537375,0.0,-0.0,0.0,0.004199077300727368,0.006206071041524411,0.035,0,True,0.0,0.0
738.78,11.977043151855469,-0.03260093182325363,3.0978231968047907,0.000255803695498046,-0.0002822764200537375,0.0,-0.0,0.0,0.004199077300727368,0.006206071041524411,0.035,0,True,0.0,0.0
738.8,11.977043151855469,-0.03260093182325363,3.0978231968047907,0.000255803695498046,-0.0002822764200537375,0.0,-0.0,0.0,0.004199077300727368,0.006206071041524411,0.035,0,True,0.0,0.0
738.82,11.977043151855469,-0.03260093182325363,3.0978231968047907,0.000255803695498046,-0.0002822764200537375,0.0,-0.0,0.0,0.004199077300727368,0.006206071041524411,0.035,0,True,0.0,0.0
738.84,11.977043151855469,-0.03260093182325363,3.0978231968047907,0.000255803695498046,-0.0002822764200537375,0.0,-0.0,0.0,0.004199077300727368,0.006206071041524411,0.035,0,True,0.0,0.0
738.86,11.977043151855469,-0.03260093182325363,3.0978231968047907,0.000255803695498046,-0.0002822764200537375,0.0,-0.0,0.0,0.004199077300727368,0.006206071041524411,0.035,0,True,0.0,0.0
738.88,11.977043151855469,-0.03260093182325363,3.0978231968047907,0.000255803695498046,-0.0002822764200537375,0.0,-0.0,0.0,0.004199077300727368,0.006206071041524411,0.035,0,True,0.0,0.0
738.9,11.977043151855469,-0.03260093182325363,3.0978231968047907,0.000255803695498046,-0.0002822764200537375,0.0,-0.0,0.0,0.004199077300727368,0.006206071041524411,0.035,0,True,0.0,0.0
738.92,11.977043151855469,-0.03260093182325363,3.0978231968047907,0.000255803695498046,-0.0002822764200537375,0.0,-0.0,0.0,0.004199077300727368,0.006206071041524411,0.035,0,True,0.0,0.0
738.94,11.977043151855469,-0.03260093182325363,3.0978231968047907,0.000255803695498046,-0.0002822764200537375,0.0,-0.0,0.0,0.004199077300727368,0.006206071041524411,0.035,0,True,0.0,0.0
738.96,11.977043151855469,-0.03260093182325363,3.0978231968047907,0.000255803695498046,-0.0002822764200537375,0.0,-0.0,0.0,0.004199077300727368,0.006206071041524411,0.035,0,True,0.0,0.0
738.98,11.977043151855469,-0.03260093182325363,3.0978231968047907,0.000255803695498046,-0.0002822764200537375,0.0,-0.0,0.0,0.004199077300727368,0.006206071041524411,0.035,0,True,0.0,0.0
739.0,11.977043151855469,-0.03260093182325363,3.0978231968047907,0.000255803695498046,-0.0002822764200537375,0.0,-0.0,0.0,0.004199077300727368,0.006206071041524411,0.035,0,True,0.0,0.0
739.02,11.977043151855469,-0.03260093182325363,3.0978231968047907,0.000255803695498046,-0.0002822764200537375,0.0,-0.0,0.0,0.004199077300727368,0.006206071041524411,0.035,0,True,0.0,0.0
739.04,11.977043151855469,-0.03260093182325363,3.0978231968047907,0.000255803695498046,-0.0002822764200537375,0.0,-0.0,0.0,0.004199077300727368,0.006206071041524411,0.035,0,True,0.0,0.0
739.06,11.977043151855469,-0.03260093182325363,3.0978231968047907,0.000255803695498046,-0.0002822764200537375,0.0,-0.0,0.0,0.004199077300727368,0.006206071041524411,0.035,0,True,0.0,0.0
739.08,11.977043151855469,-0.03260093182325363,3.0978231968047907,0.000255803695498046,-0.0002822764200537375,0.0,-0.0,0.0,0.004199077300727368,0.006206071041524411,0.035,0,True,0.0,0.0
739.1,11.977043151855469,-0.03260093182325363,3.0978231968047907,0.000255803695498046,-0.0002822764200537375,0.0,-0.0,0.0,0.004199077300727368,0.006206071041524411,0.035,0,True,0.0,0.0
739.12,11.977043151855469,-0.03260093182325363,3.0978231968047907,0.000255803695498046,-0.0002822764200537375,0.0,-0.0,0.0,0.004199077300727368,0.006206071041524411,0.035,0,True,0.0,0.0
739.14,11.977043151855469,-0.03260093182325363,3.0978231968047907,0.000255803695498046,-0.0002822764200537375,0.0,-0.0,0.0,0.004199077300727368,0.006206071041524411,0.035,0,True,0.0,0.0
739.16,11.977043151855469,-0.03260093182325363,3.0978231968047907,0.000255803695498046,-0.0002822764200537375,0.0,-0.0,0.0,0.004199077300727368,0.006206071041524411,0.035,0,True,0.0,0.0
739.18,11.977043151855469,-0.03260093182325363,3.0978231968047907,0.000255803695498046,-0.0002822764200537375,0.0,-0.0,0.0,0.004199077300727368,0.006206071041524411,0.035,0,True,0.0,0.0
739.2,11.977043151855469,-0.03260093182325363,3.0978231968047907,0.000255803695498046,-0.0002822764200537375,0.0,-0.0,0.0,0.004199077300727368,0.006206071041524411,0.035,0,True,0.0,0.0
739.22,11.977043151855469,-0.03260093182325363,3.0978231968047907,0.000255803695498046,-0.0002822764200537375,0.0,-0.0,0.0,0.004199077300727368,0.006206071041524411,0.035,0,True,0.0,0.0
739.24,11.977043151855469,-0.03260093182325363,3.0978231968047907,0.000255803695498046,-0.0002822764200537375,0.0,-0.0,0.0,0.004199077300727368,0.006206071041524411,0.035,0,True,0.0,0.0
739.26,11.977043151855469,-0.03260093182325363,3.0978231968047907,0.000255803695498046,-0.0002822764200537375,0.0,-0.0,0.0,0.004199077300727368,0.006206071041524411,0.035,0,True,0.0,0.0
739.28,11.977043151855469,-0.03260093182325363,3.0978231968047907,0.000255803695498046,-0.0002822764200537375,0.0,-0.0,0.0,0.004199077300727368,0.006206071041524411,0.035,0,True,0.0,0.0
739.3,11.977043151855469,-0.03260093182325363,3.0978231968047907,0.000255803695498046,-0.0002822764200537375,0.0,-0.0,0.0,0.004199077300727368,0.006206071041524411,0.035,0,True,0.0,0.0
739.32,11.977043151855469,-0.03260093182325363,3.0978231968047907,0.000255803695498046,-0.0002822764200537375,0.0,-0.0,0.0,0.004199077300727368,0.006206071041524411,0.035,0,True,0.0,0.0
739.34,11.977043151855469,-0.03260093182325363,3.0978231968047907,0.000255803695498046,-0.0002822764200537375,0.0,-0.0,0.0,0.004199077300727368,0.006206071041524411,0.035,0,True,0.0,0.0
739.36,11.977043151855469,-0.03260093182325363,3.0978231968047907,0.000255803695498046,-0.0002822764200537375,0.0,-0.0,0.0,0.004199077300727368,0.006206071041524411,0.035,0,True,0.0,0.0
739.38,11.977043151855469,-0.03260093182325363,3.0978231968047907,0.000255803695498046,-0.0002822764200537375,0.0,-0.0,0.0,0.004199077300727368,0.006206071041524411,0.035,0,True,0.0,0.0
739.4,11.977043151855469,-0.03260093182325363,3.0978231968047907,0.000255803695498046,-0.0002822764200537375,0.0,-0.0,0.0,0.004199077300727368,0.006206071041524411,0.035,0,True,0.0,0.0
739.42,11.977043151855469,-0.03260093182325363,3.0978231968047907,0.000255803695498046,-0.0002822764200537375,0.0,-0.0,0.0,0.004199077300727368,0.006206071041524411,0.035,0,True,0.0,0.0
739.44,11.977043151855469,-0.03260093182325363,3.0978231968047907,0.000255803695498046,-0.0002822764200537375,0.0,-0.0,0.0,0.004199077300727368,0.006206071041524411,0.035,0,True,0.0,0.0
739.46,11.977043151855469,-0.03260093182325363,3.0978231968047907,0.000255803695498046,-0.0002822764200537375,0.0,-0.0,0.0,0.004199077300727368,0.006206071041524411,0.035,0,True,0.0,0.0
739.48,11.977043151855469,-0.03260093182325363,3.0978231968047907,0.000255803695498046,-0.0002822764200537375,0.0,-0.0,0.0,0.004199077300727368,0.006206071041524411,0.035,0,True,0.0,0.0
739.5,11.977043151855469,-0.03260093182325363,3.0978231968047907,0.000255803695498046,-0.0002822764200537375,0.0,-0.0,0.0,0.004199077300727368,0.006206071041524411,0.035,0,True,0.0,0.0
739.52,11.977043151855469,-0.03260093182325363,3.0978231968047907,0.000255803695498046,-0.0002822764200537375,0.0,-0.0,0.0,0.004199077300727368,0.006206071041524411,0.035,0,True,0.0,0.0
739.54,11.977043151855469,-0.03260093182325363,3.0978231968047907,0.000255803695498046,-0.0002822764200537375,0.0,-0.0,0.0,0.004199077300727368,0.006206071041524411,0.035,0,True,0.0,0.0
739.56,11.977043151855469,-0.03260093182325363,3.0978231968047907,0.000255803695498046,-0.0002822764200537375,0.0,-0.0,0.0,0.004199077300727368,0.006206071041524411,0.035,0,True,0.0,0.0
739.58,11.977043151855469,-0.03260093182325363,3.0978231968047907,0.000255803695498046,-0.0002822764200537375,0.0,-0.0,0.0,0.004199077300727368,0.006206071041524411,0.035,0,True,0.0,0.0
739.6,11.977043151855469,-0.03260093182325363,3.0978231968047907,0.000255803695498046,-0.0002822764200537375,0.0,-0.0,0.0,0.004199077300727368,0.006206071041524411,0.035,0,True,0.0,0.0
739.62,11.977043151855469,-0.03260093182325363,3.0978231968047907,0.000255803695498046,-0.0002822764200537375,0.0,-0.0,0.0,0.004199077300727368,0.006206071041524411,0.035,0,True,0.0,0.0
739.64,11.977043151855469,-0.03260093182325363,3.0978231968047907,0.000255803695498046,-0.0002822764200537375,0.0,-0.0,0.0,0.004199077300727368,0.006206071041524411,0.035,0,True,0.0,0.0
739.66,11.977043151855469,-0.03260093182325363,3.0978231968047907,0.000255803695498046,-0.0002822764200537375,0.0,-0.0,0.0,0.004199077300727368,0.006206071041524411,0.035,0,True,0.0,0.0
739.68,11.977043151855469,-0.03260093182325363,3.0978231968047907,0.000255803695498046,-0.0002822764200537375,0.0,-0.0,0.0,0.004199077300727368,0.006206071041524411,0.035,0,True,0.0,0.0
739.7,11.977043151855469,-0.03260093182325363,3.0978231968047907,0.000255803695498046,-0.0002822764200537375,0.0,-0.0,0.0,0.004199077300727368,0.006206071041524411,0.035,0,True,0.0,0.0
739.72,11.977043151855469,-0.03260093182325363,3.0978231968047907,0.000255803695498046,-0.0002822764200537375,0.0,-0.0,0.0,0.004199077300727368,0.006206071041524411,0.035,0,True,0.0,0.0
739.74,11.977043151855469,-0.03260093182325363,3.0978231968047907,0.000255803695498046,-0.0002822764200537375,0.0,-0.0,0.0,0.004199077300727368,0.006206071041524411,0.035,0,True,0.0,0.0
739.76,11.977043151855469,-0.03260093182325363,3.0978231968047907,0.000255803695498046,-0.0002822764200537375,0.0,-0.0,0.0,0.004199077300727368,0.006206071041524411,0.035,0,True,0.0,0.0
739.78,11.977043151855469,-0.03260093182325363,3.0978231968047907,0.000255803695498046,-0.0002822764200537375,0.0,-0.0,0.0,0.004199077300727368,0.006206071041524411,0.035,0,True,0.0,0.0
739.8,11.977043151855469,-0.03260093182325363,3.0978231968047907,0.000255803695498046,-0.0002822764200537375,0.0,-0.0,0.0,0.004199077300727368,0.006206071041524411,0.035,0,True,0.0,0.0
739.82,11.977043151855469,-0.03260093182325363,3.0978231968047907,0.000255803695498046,-0.0002822764200537375,0.0,-0.0,0.0,0.004199077300727368,0.006206071041524411,0.035,0,True,0.0,0.0
739.84,11.977043151855469,-0.03260093182325363,3.0978231968047907,0.000255803695498046,-0.0002822764200537375,0.0,-0.0,0.0,0.004199077300727368,0.006206071041524411,0.035,0,True,0.0,0.0
739.86,11.977043151855469,-0.03260093182325363,3.0978231968047907,0.000255803695498046,-0.0002822764200537375,0.0,-0.0,0.0,0.004199077300727368,0.006206071041524411,0.035,0,True,0.0,0.0
739.88,11.977043151855469,-0.03260093182325363,3.0978231968047907,0.000255803695498046,-0.0002822764200537375,0.0,-0.0,0.0,0.004199077300727368,0.006206071041524411,0.035,0,True,0.0,0.0
739.9,11.977043151855469,-0.03260093182325363,3.0978231968047907,0.000255803695498046,-0.0002822764200537375,0.0,-0.0,0.0,0.004199077300727368,0.006206071041524411,0.035,0,True,0.0,0.0
739.92,11.977043151855469,-0.03260093182325363,3.0978231968047907,0.000255803695498046,-0.0002822764200537375,0.0,-0.0,0.0,0.004199077300727368,0.006206071041524411,0.035,0,True,0.0,0.0
739.94,11.977043151855469,-0.03260093182325363,3.0978231968047907,0.000255803695498046,-0.0002822764200537375,0.0,-0.0,0.0,0.004199077300727368,0.006206071041524411,0.035,0,True,0.0,0.0
739.96,11.977043151855469,-0.03260093182325363,3.0978231968047907,0.000255803695498046,-0.0002822764200537375,0.0,-0.0,0.0,0.004199077300727368,0.006206071041524411,0.035,0,True,0.0,0.0
739.98,11.977043151855469,-0.03260093182325363,3.0978231968047907,0.000255803695498046,-0.0002822764200537375,0.0,-0.0,0.0,0.004199077300727368,0.006206071041524411,0.035,0,True,0.0,0.0
740.0,11.977043151855469,-0.03260093182325363,3.0978231968047907,0.000255803695498046,-0.0002822764200537375,0.0,-0.0,0.0,0.004199077300727368,0.006206071041524411,0.035,0,True,0.0,0.0
740.02,11.977043151855469,-0.03260093182325363,3.0978231968047907,0.000255803695498046,-0.0002822764200537375,0.0,-0.0,0.0,0.004199077300727368,0.006206071041524411,0.035,0,True,0.0,0.0
740.04,11.977043151855469,-0.03260093182325363,3.0978231968047907,0.000255803695498046,-0.0002822764200537375,0.0,-0.0,0.0,0.004199077300727368,0.006206071041524411,0.035,0,True,0.0,0.0
740.06,11.977043151855469,-0.03260093182325363,3.0978231968047907,0.000255803695498046,-0.0002822764200537375,0.0,-0.0,0.0,0.004199077300727368,0.006206071041524411,0.035,0,True,0.0,0.0
740.08,11.977043151855469,-0.03260093182325363,3.0978231968047907,0.000255803695498046,-0.0002822764200537375,0.0,-0.0,0.0,0.004199077300727368,0.006206071041524411,0.035,0,True,0.0,0.0
740.1,11.977043151855469,-0.03260093182325363,3.0978231968047907,0.000255803695498046,-0.0002822764200537375,0.0,-0.0,0.0,0.004199077300727368,0.006206071041524411,0.035,0,True,0.0,0.0
740.12,11.977043151855469,-0.03260093182325363,3.0978231968047907,0.000255803695498046,-0.0002822764200537375,0.0,-0.0,0.0,0.004199077300727368,0.006206071041524411,0.035,0,True,0.0,0.0
740.14,11.977043151855469,-0.03260093182325363,3.0978231968047907,0.000255803695498046,-0.0002822764200537375,0.0,-0.0,0.0,0.004199077300727368,0.006206071041524411,0.035,0,True,0.0,0.0
740.16,11.977043151855469,-0.03260093182325363,3.0978231968047907,0.000255803695498046,-0.0002822764200537375,0.0,-0.0,0.0,0.004199077300727368,0.006206071041524411,0.035,0,True,0.0,0.0
740.18,11.977043151855469,-0.03260093182325363,3.0978231968047907,0.000255803695498046,-0.0002822764200537375,0.0,-0.0,0.0,0.004199077300727368,0.006206071041524411,0.035,0,True,0.0,0.0
740.2,11.977043151855469,-0.03260093182325363,3.0978231968047907,0.000255803695498046,-0.0002822764200537375,0.0,-0.0,0.0,0.004199077300727368,0.006206071041524411,0.035,0,True,0.0,0.0
740.22,11.977043151855469,-0.03260093182325363,3.0978231968047907,0.000255803695498046,-0.0002822764200537375,0.0,-0.0,0.0,0.004199077300727368,0.006206071041524411,0.035,0,True,0.0,0.0
740.24,11.977043151855469,-0.03260093182325363,3.0978231968047907,0.000255803695498046,-0.0002822764200537375,0.0,-0.0,0.0,0.004199077300727368,0.006206071041524411,0.035,0,True,0.0,0.0
740.26,11.977043151855469,-0.03260093182325363,3.0978231968047907,0.000255803695498046,-0.0002822764200537375,0.0,-0.0,0.0,0.004199077300727368,0.006206071041524411,0.035,0,True,0.0,0.0
740.28,11.977043151855469,-0.03260093182325363,3.0978231968047907,0.000255803695498046,-0.0002822764200537375,0.0,-0.0,0.0,0.004199077300727368,0.006206071041524411,0.035,0,True,0.0,0.0
740.3,11.977043151855469,-0.03260093182325363,3.0978231968047907,0.000255803695498046,-0.0002822764200537375,0.0,-0.0,0.0,0.004199077300727368,0.006206071041524411,0.035,0,True,0.0,0.0
740.32,11.977043151855469,-0.03260093182325363,3.0978231968047907,0.000255803695498046,-0.0002822764200537375,0.0,-0.0,0.0,0.004199077300727368,0.006206071041524411,0.035,0,True,0.0,0.0
740.34,11.977043151855469,-0.03260093182325363,3.0978231968047907,0.000255803695498046,-0.0002822764200537375,0.0,-0.0,0.0,0.004199077300727368,0.006206071041524411,0.035,0,True,0.0,0.0
740.36,11.977043151855469,-0.03260093182325363,3.0978231968047907,0.000255803695498046,-0.0002822764200537375,0.0,-0.0,0.0,0.004199077300727368,0.006206071041524411,0.035,0,True,0.0,0.0
740.38,11.977043151855469,-0.03260093182325363,3.0978231968047907,0.000255803695498046,-0.0002822764200537375,0.0,-0.0,0.0,0.004199077300727368,0.006206071041524411,0.035,0,True,0.0,0.0
740.4,11.977043151855469,-0.03260093182325363,3.0978231968047907,0.000255803695498046,-0.0002822764200537375,0.0,-0.0,0.0,0.004199077300727368,0.006206071041524411,0.035,0,True,0.0,0.0
740.42,11.977043151855469,-0.03260093182325363,3.0978231968047907,0.000255803695498046,-0.0002822764200537375,0.0,-0.0,0.0,0.004199077300727368,0.006206071041524411,0.035,0,True,0.0,0.0
740.44,11.977043151855469,-0.03260093182325363,3.0978231968047907,0.000255803695498046,-0.0002822764200537375,0.0,-0.0,0.0,0.004199077300727368,0.006206071041524411,0.035,0,True,0.0,0.0
740.46,11.977043151855469,-0.03260093182325363,3.0978231968047907,0.000255803695498046,-0.0002822764200537375,0.0,-0.0,0.0,0.004199077300727368,0.006206071041524411,0.035,0,True,0.0,0.0
740.48,11.977043151855469,-0.03260093182325363,3.0978231968047907,0.000255803695498046,-0.0002822764200537375,0.0,-0.0,0.0,0.004199077300727368,0.006206071041524411,0.035,0,True,0.0,0.0
740.5,11.977043151855469,-0.03260093182325363,3.0978231968047907,0.000255803695498046,-0.0002822764200537375,0.0,-0.0,0.0,0.004199077300727368,0.006206071041524411,0.035,0,True,0.0,0.0
740.52,11.977043151855469,-0.03260093182325363,3.0978231968047907,0.000255803695498046,-0.0002822764200537375,0.0,-0.0,0.0,0.004199077300727368,0.006206071041524411,0.035,0,True,0.0,0.0
740.54,11.977043151855469,-0.03260093182325363,3.0978231968047907,0.000255803695498046,-0.0002822764200537375,0.0,-0.0,0.0,0.004199077300727368,0.006206071041524411,0.035,0,True,0.0,0.0
740.56,11.977043151855469,-0.03260093182325363,3.0978231968047907,0.000255803695498046,-0.0002822764200537375,0.0,-0.0,0.0,0.004199077300727368,0.006206071041524411,0.035,0,True,0.0,0.0
740.58,11.977043151855469,-0.03260093182325363,3.0978231968047907,0.000255803695498046,-0.0002822764200537375,0.0,-0.0,0.0,0.004199077300727368,0.006206071041524411,0.035,0,True,0.0,0.0
740.6,11.977043151855469,-0.03260093182325363,3.0978231968047907,0.000255803695498046,-0.0002822764200537375,0.0,-0.0,0.0,0.004199077300727368,0.006206071041524411,0.035,0,True,0.0,0.0
740.62,11.977043151855469,-0.03260093182325363,3.0978231968047907,0.000255803695498046,-0.0002822764200537375,0.0,-0.0,0.0,0.004199077300727368,0.006206071041524411,0.035,0,True,0.0,0.0
740.64,11.977043151855469,-0.03260093182325363,3.0978231968047907,0.000255803695498046,-0.0002822764200537375,0.0,-0.0,0.0,0.004199077300727368,0.006206071041524411,0.035,0,True,0.0,0.0
740.66,11.977043151855469,-0.03260093182325363,3.0978231968047907,0.000255803695498046,-0.0002822764200537375,0.0,-0.0,0.0,0.004199077300727368,0.006206071041524411,0.035,0,True,0.0,0.0
740.68,11.977043151855469,-0.03260093182325363,3.0978231968047907,0.000255803695498046,-0.0002822764200537375,0.0,-0.0,0.0,0.004199077300727368,0.006206071041524411,0.035,0,True,0.0,0.0
740.7,11.977043151855469,-0.03260093182325363,3.0978231968047907,0.000255803695498046,-0.0002822764200537375,0.0,-0.0,0.0,0.004199077300727368,0.006206071041524411,0.035,0,True,0.0,0.0
740.72,11.977043151855469,-0.03260093182325363,3.0978231968047907,0.000255803695498046,-0.0002822764200537375,0.0,-0.0,0.0,0.004199077300727368,0.006206071041524411,0.035,0,True,0.0,0.0
740.74,11.977043151855469,-0.03260093182325363,3.0978231968047907,0.000255803695498046,-0.0002822764200537375,0.0,-0.0,0.0,0.004199077300727368,0.006206071041524411,0.035,0,True,0.0,0.0
740.76,11.977043151855469,-0.03260093182325363,3.0978231968047907,0.000255803695498046,-0.0002822764200537375,0.0,-0.0,0.0,0.004199077300727368,0.006206071041524411,0.035,0,True,0.0,0.0
740.78,11.977043151855469,-0.03260093182325363,3.0978231968047907,0.000255803695498046,-0.0002822764200537375,0.0,-0.0,0.0,0.004199077300727368,0.006206071041524411,0.035,0,True,0.0,0.0
740.8,11.977043151855469,-0.03260093182325363,3.0978231968047907,0.000255803695498046,-0.0002822764200537375,0.0,-0.0,0.0,0.004199077300727368,0.006206071041524411,0.035,0,True,0.0,0.0
740.82,11.977043151855469,-0.03260093182325363,3.0978231968047907,0.000255803695498046,-0.0002822764200537375,0.0,-0.0,0.0,0.004199077300727368,0.006206071041524411,0.035,0,True,0.0,0.0
740.84,11.977043151855469,-0.03260093182325363,3.0978231968047907,0.000255803695498046,-0.0002822764200537375,0.0,-0.0,0.0,0.004199077300727368,0.006206071041524411,0.035,0,True,0.0,0.0
740.86,11.977043151855469,-0.03260093182325363,3.0978231968047907,0.000255803695498046,-0.0002822764200537375,0.0,-0.0,0.0,0.004199077300727368,0.006206071041524411,0.035,0,True,0.0,0.0
740.88,11.977043151855469,-0.03260093182325363,3.0978231968047907,0.000255803695498046,-0.0002822764200537375,0.0,-0.0,0.0,0.004199077300727368,0.006206071041524411,0.035,0,True,0.0,0.0
740.9,11.977043151855469,-0.03260093182325363,3.0978231968047907,0.000255803695498046,-0.0002822764200537375,0.0,-0.0,0.0,0.004199077300727368,0.006206071041524411,0.035,0,True,0.0,0.0
740.92,11.977043151855469,-0.03260093182325363,3.0978231968047907,0.000255803695498046,-0.0002822764200537375,0.0,-0.0,0.0,0.004199077300727368,0.006206071041524411,0.035,0,True,0.0,0.0
740.94,11.977043151855469,-0.03260093182325363,3.0978231968047907,0.000255803695498046,-0.0002822764200537375,0.0,-0.0,0.0,0.004199077300727368,0.006206071041524411,0.035,0,True,0.0,0.0
740.96,11.977043151855469,-0.03260093182325363,3.0978231968047907,0.000255803695498046,-0.0002822764200537375,0.0,-0.0,0.0,0.004199077300727368,0.006206071041524411,0.035,0,True,0.0,0.0
740.98,11.977043151855469,-0.03260093182325363,3.0978231968047907,0.000255803695498046,-0.0002822764200537375,0.0,-0.0,0.0,0.004199077300727368,0.006206071041524411,0.035,0,True,0.0,0.0
741.0,11.977043151855469,-0.03260093182325363,3.0978231968047907,0.000255803695498046,-0.0002822764200537375,0.0,-0.0,0.0,0.004199077300727368,0.006206071041524411,0.035,0,True,0.0,0.0
741.02,11.977043151855469,-0.03260093182325363,3.0978231968047907,0.000255803695498046,-0.0002822764200537375,0.0,-0.0,0.0,0.004199077300727368,0.006206071041524411,0.035,0,True,0.0,0.0
741.04,11.977043151855469,-0.03260093182325363,3.0978231968047907,0.000255803695498046,-0.0002822764200537375,0.0,-0.0,0.0,0.004199077300727368,0.006206071041524411,0.035,0,True,0.0,0.0
741.06,11.977043151855469,-0.03260093182325363,3.0978231968047907,0.000255803695498046,-0.0002822764200537375,0.0,-0.0,0.0,0.004199077300727368,0.006206071041524411,0.035,0,True,0.0,0.0
741.08,11.977043151855469,-0.03260093182325363,3.0978231968047907,0.000255803695498046,-0.0002822764200537375,0.0,-0.0,0.0,0.004199077300727368,0.006206071041524411,0.035,0,True,0.0,0.0
741.1,11.977043151855469,-0.03260093182325363,3.0978231968047907,0.000255803695498046,-0.0002822764200537375,0.0,-0.0,0.0,0.004199077300727368,0.006206071041524411,0.035,0,True,0.0,0.0
741.12,11.977043151855469,-0.03260093182325363,3.0978231968047907,0.000255803695498046,-0.0002822764200537375,0.0,-0.0,0.0,0.004199077300727368,0.006206071041524411,0.035,0,True,0.0,0.0
741.14,11.977043151855469,-0.03260093182325363,3.0978231968047907,0.000255803695498046,-0.0002822764200537375,0.0,-0.0,0.0,0.004199077300727368,0.006206071041524411,0.035,0,True,0.0,0.0
741.16,11.977043151855469,-0.03260093182325363,3.0978231968047907,0.000255803695498046,-0.0002822764200537375,0.0,-0.0,0.0,0.004199077300727368,0.006206071041524411,0.035,0,True,0.0,0.0
741.18,11.977043151855469,-0.03260093182325363,3.0978231968047907,0.000255803695498046,-0.0002822764200537375,0.0,-0.0,0.0,0.004199077300727368,0.006206071041524411,0.035,0,True,0.0,0.0
741.2,11.977043151855469,-0.03260093182325363,3.0978231968047907,0.000255803695498046,-0.0002822764200537375,0.0,-0.0,0.0,0.004199077300727368,0.006206071041524411,0.035,0,True,0.0,0.0
741.22,11.977043151855469,-0.03260093182325363,3.0978231968047907,0.000255803695498046,-0.0002822764200537375,0.0,-0.0,0.0,0.004199077300727368,0.006206071041524411,0.035,0,True,0.0,0.0
741.24,11.977043151855469,-0.03260093182325363,3.0978231968047907,0.000255803695498046,-0.0002822764200537375,0.0,-0.0,0.0,0.004199077300727368,0.006206071041524411,0.035,0,True,0.0,0.0
741.26,11.977043151855469,-0.03260093182325363,3.0978231968047907,0.000255803695498046,-0.0002822764200537375,0.0,-0.0,0.0,0.004199077300727368,0.006206071041524411,0.035,0,True,0.0,0.0
741.28,11.977043151855469,-0.03260093182325363,3.0978231968047907,0.000255803695498046,-0.0002822764200537375,0.0,-0.0,0.0,0.004199077300727368,0.006206071041524411,0.035,0,True,0.0,0.0
741.3,11.977043151855469,-0.03260093182325363,3.0978231968047907,0.000255803695498046,-0.0002822764200537375,0.0,-0.0,0.0,0.004199077300727368,0.006206071041524411,0.035,0,True,0.0,0.0
741.32,11.977043151855469,-0.03260093182325363,3.0978231968047907,0.000255803695498046,-0.0002822764200537375,0.0,-0.0,0.0,0.004199077300727368,0.006206071041524411,0.035,0,True,0.0,0.0
741.34,11.977043151855469,-0.03260093182325363,3.0978231968047907,0.000255803695498046,-0.0002822764200537375,0.0,-0.0,0.0,0.004199077300727368,0.006206071041524411,0.035,0,True,0.0,0.0
741.36,11.977043151855469,-0.03260093182325363,3.0978231968047907,0.000255803695498046,-0.0002822764200537375,0.0,-0.0,0.0,0.004199077300727368,0.006206071041524411,0.035,0,True,0.0,0.0
741.38,11.977043151855469,-0.03260093182325363,3.0978231968047907,0.000255803695498046,-0.0002822764200537375,0.0,-0.0,0.0,0.004199077300727368,0.006206071041524411,0.035,0,True,0.0,0.0
741.4,11.977043151855469,-0.03260093182325363,3.0978231968047907,0.000255803695498046,-0.0002822764200537375,0.0,-0.0,0.0,0.004199077300727368,0.006206071041524411,0.035,0,True,0.0,0.0
741.42,11.977043151855469,-0.03260093182325363,3.0978231968047907,0.000255803695498046,-0.0002822764200537375,0.0,-0.0,0.0,0.004199077300727368,0.006206071041524411,0.035,0,True,0.0,0.0
741.44,11.977043151855469,-0.03260093182325363,3.0978231968047907,0.000255803695498046,-0.0002822764200537375,0.0,-0.0,0.0,0.004199077300727368,0.006206071041524411,0.035,0,True,0.0,0.0
741.46,11.977043151855469,-0.03260093182325363,3.0978231968047907,0.000255803695498046,-0.0002822764200537375,0.0,-0.0,0.0,0.004199077300727368,0.006206071041524411,0.035,0,True,0.0,0.0
741.48,11.977043151855469,-0.03260093182325363,3.0978231968047907,0.000255803695498046,-0.0002822764200537375,0.0,-0.0,0.0,0.004199077300727368,0.006206071041524411,0.035,0,True,0.0,0.0
741.5,11.977043151855469,-0.03260093182325363,3.0978231968047907,0.000255803695498046,-0.0002822764200537375,0.0,-0.0,0.0,0.004199077300727368,0.006206071041524411,0.035,0,True,0.0,0.0
741.52,11.977043151855469,-0.03260093182325363,3.0978231968047907,0.000255803695498046,-0.0002822764200537375,0.0,-0.0,0.0,0.004199077300727368,0.006206071041524411,0.035,0,True,0.0,0.0
741.54,11.977043151855469,-0.03260093182325363,3.0978231968047907,0.000255803695498046,-0.0002822764200537375,0.0,-0.0,0.0,0.004199077300727368,0.006206071041524411,0.035,0,True,0.0,0.0
741.56,11.977043151855469,-0.03260093182325363,3.0978231968047907,0.000255803695498046,-0.0002822764200537375,0.0,-0.0,0.0,0.004199077300727368,0.006206071041524411,0.035,0,True,0.0,0.0
741.58,11.977043151855469,-0.03260093182325363,3.0978231968047907,0.000255803695498046,-0.0002822764200537375,0.0,-0.0,0.0,0.004199077300727368,0.006206071041524411,0.035,0,True,0.0,0.0
741.6,11.977043151855469,-0.03260093182325363,3.0978231968047907,0.000255803695498046,-0.0002822764200537375,0.0,-0.0,0.0,0.004199077300727368,0.006206071041524411,0.035,0,True,0.0,0.0
741.62,11.977043151855469,-0.03260093182325363,3.0978231968047907,0.000255803695498046,-0.0002822764200537375,0.0,-0.0,0.0,0.004199077300727368,0.006206071041524411,0.035,0,True,0.0,0.0
741.64,11.977043151855469,-0.03260093182325363,3.0978231968047907,0.000255803695498046,-0.0002822764200537375,0.0,-0.0,0.0,0.004199077300727368,0.006206071041524411,0.035,0,True,0.0,0.0
741.66,11.977043151855469,-0.03260093182325363,3.0978231968047907,0.000255803695498046,-0.0002822764200537375,0.0,-0.0,0.0,0.004199077300727368,0.006206071041524411,0.035,0,True,0.0,0.0
741.68,11.977043151855469,-0.03260093182325363,3.0978231968047907,0.000255803695498046,-0.0002822764200537375,0.0,-0.0,0.0,0.004199077300727368,0.006206071041524411,0.035,0,True,0.0,0.0
741.7,11.977043151855469,-0.03260093182325363,3.0978231968047907,0.000255803695498046,-0.0002822764200537375,0.0,-0.0,0.0,0.004199077300727368,0.006206071041524411,0.035,0,True,0.0,0.0
741.72,11.977043151855469,-0.03260093182325363,3.0978231968047907,0.000255803695498046,-0.0002822764200537375,0.0,-0.0,0.0,0.004199077300727368,0.006206071041524411,0.035,0,True,0.0,0.0
741.74,11.977043151855469,-0.03260093182325363,3.0978231968047907,0.000255803695498046,-0.0002822764200537375,0.0,-0.0,0.0,0.004199077300727368,0.006206071041524411,0.035,0,True,0.0,0.0
741.76,11.977043151855469,-0.03260093182325363,3.0978231968047907,0.000255803695498046,-0.0002822764200537375,0.0,-0.0,0.0,0.004199077300727368,0.006206071041524411,0.035,0,True,0.0,0.0
741.78,11.977043151855469,-0.03260093182325363,3.0978231968047907,0.000255803695498046,-0.0002822764200537375,0.0,-0.0,0.0,0.004199077300727368,0.006206071041524411,0.035,0,True,0.0,0.0
741.8,11.977043151855469,-0.03260093182325363,3.0978231968047907,0.000255803695498046,-0.0002822764200537375,0.0,-0.0,0.0,0.004199077300727368,0.006206071041524411,0.035,0,True,0.0,0.0
741.82,11.977043151855469,-0.03260093182325363,3.0978231968047907,0.000255803695498046,-0.0002822764200537375,0.0,-0.0,0.0,0.004199077300727368,0.006206071041524411,0.035,0,True,0.0,0.0
741.84,11.977043151855469,-0.03260093182325363,3.0978231968047907,0.000255803695498046,-0.0002822764200537375,0.0,-0.0,0.0,0.004199077300727368,0.006206071041524411,0.035,0,True,0.0,0.0
741.86,11.977043151855469,-0.03260093182325363,3.0978231968047907,0.000255803695498046,-0.0002822764200537375,0.0,-0.0,0.0,0.004199077300727368,0.006206071041524411,0.035,0,True,0.0,0.0
741.88,11.977043151855469,-0.03260093182325363,3.0978231968047907,0.000255803695498046,-0.0002822764200537375,0.0,-0.0,0.0,0.004199077300727368,0.006206071041524411,0.035,0,True,0.0,0.0
741.9,11.977043151855469,-0.03260093182325363,3.0978231968047907,0.000255803695498046,-0.0002822764200537375,0.0,-0.0,0.0,0.004199077300727368,0.006206071041524411,0.035,0,True,0.0,0.0
741.92,11.977043151855469,-0.03260093182325363,3.0978231968047907,0.000255803695498046,-0.0002822764200537375,0.0,-0.0,0.0,0.004199077300727368,0.006206071041524411,0.035,0,True,0.0,0.0
741.94,11.977043151855469,-0.03260093182325363,3.0978231968047907,0.000255803695498046,-0.0002822764200537375,0.0,-0.0,0.0,0.004199077300727368,0.006206071041524411,0.035,0,True,0.0,0.0
741.96,11.977043151855469,-0.03260093182325363,3.0978231968047907,0.000255803695498046,-0.0002822764200537375,0.0,-0.0,0.0,0.004199077300727368,0.006206071041524411,0.035,0,True,0.0,0.0
741.98,11.977043151855469,-0.03260093182325363,3.0978231968047907,0.000255803695498046,-0.0002822764200537375,0.0,-0.0,0.0,0.004199077300727368,0.006206071041524411,0.035,0,True,0.0,0.0
742.0,11.977043151855469,-0.03260093182325363,3.0978231968047907,0.000255803695498046,-0.0002822764200537375,0.0,-0.0,0.0,0.004199077300727368,0.006206071041524411,0.035,0,True,0.0,0.0
742.02,11.977043151855469,-0.03260093182325363,3.0978231968047907,0.000255803695498046,-0.0002822764200537375,0.0,-0.0,0.0,0.004199077300727368,0.006206071041524411,0.035,0,True,0.0,0.0
742.04,11.977043151855469,-0.03260093182325363,3.0978231968047907,0.000255803695498046,-0.0002822764200537375,0.0,-0.0,0.0,0.004199077300727368,0.006206071041524411,0.035,0,True,0.0,0.0
742.06,11.977043151855469,-0.03260093182325363,3.0978231968047907,0.000255803695498046,-0.0002822764200537375,0.0,-0.0,0.0,0.004199077300727368,0.006206071041524411,0.035,0,True,0.0,0.0
742.08,11.977043151855469,-0.03260093182325363,3.0978231968047907,0.000255803695498046,-0.0002822764200537375,0.0,-0.0,0.0,0.004199077300727368,0.006206071041524411,0.035,0,True,-0.008510968479310769,0.01133145984766777
742.1,11.977043151855469,-0.03260093182325363,3.0978231968047907,0.000255803695498046,-0.0002822764200537375,0.0,-0.0,0.0,0.004199077300727368,0.006206071041524411,0,0,True,-0.04679153985219458,0.01807237202792353
742.12,11.977043151855469,-0.03260093182325363,3.0978231968047907,0.000255803695498046,-0.0002822764200537375,-0.0006808774783452099,0.0002891834218178844,0.0009065167878138853,0.004199077300727368,0.006206071041524411,0,0,True,-0.10609119229444618,0.01314444778938685
742.14,11.977043151855469,-0.03260093182325363,3.0978231968047907,0.000255803695498046,-0.0002822764200537375,-0.0037433231881774816,0.0004664161122134485,0.001445789762234622,0.004199077300727368,0.006206071041524411,0,0,True,-0.18814584380732505,0.0038089329143524307
742.16,11.977096557617188,-0.032626427710056305,3.0978957181478157,-6.736481712517648e-05,-0.00019645111189398742,-0.008487295383547975,0.00035103332897737274,0.0010515558231499916,0.004199077300727368,0.006206071041524411,0,0,True,-0.23796721356149533,-0.016772920626849704
742.18,11.977340698242188,-0.03265131264925003,3.0979388599857693,-0.00010948292310503614,-0.00036748280890578196,-0.015051667504572314,0.0001154157827767345,0.0003047146331479173,-0.0059248143434524544,-0.005560194849967957,0,0,True,-0.21434709377423425,-0.031001565442481185
742.2,11.977720260620117,-0.0326586477458477,3.0979073212706427,-0.00014748493720216798,-0.0005700005508194884,-0.019718254563274577,-0.00013402918463182646,-0.0004353168623347774,-0.013146116137504578,-0.011940998435020448,0,0,True,-0.14339292608461046,-0.02701441443284697
742.22,11.978245735168457,-0.03266270458698273,3.0978475739754425,-0.00014677178339330313,-3.966295948455775e-05,-0.020891090690124993,-0.0003284292406261532,-0.0010343354731651413,-0.019700109809637073,-0.019378828257322313,0,0,True,0.049509302408592665,-7.510563961882315e-05
742.24,11.978672981262207,-0.032684605568647385,3.097860892798829,-0.000292038415781077,5.5798444305942484e-05,-0.01995872947032268,-0.000365703567740115,-0.001109597331478872,-0.023944576531648637,-0.02444851726293564,0,0,True,0.2078602420821358,0.0015376283235563626
742.26,11.979011535644531,-0.03269815072417259,3.097856113147916,-0.00039601999231207057,0.00016791201479146855,-0.011090923311882874,0.00013206381778316738,0.0002987061819784084,-0.019857442975044253,-0.019688385576009753,0,0,True,0.31407497856921585,0.03718746124080444
742.28,11.979316711425781,-0.03269922360777855,3.0978185534841245,-0.0002631976422846939,0.0005730856342966922,-0.003089435196718836,-2.387731915063111e-05,-0.0003123065964503803,-0.013269011452794075,-0.013979314863681794,0,0,True,0.3960172907943439,0.001454871692442752
742.3,11.979131698608398,-0.03271205350756645,3.0978714704700008,9.42137024547718e-05,0.0003480005700318356,0.004234907595389426,0.000569951103808369,0.001940661426096508,-0.008442604206502438,-0.0068589898571372035,0,0,True,0.2631183363743572,-0.020462206688552278
742.32,11.978919982910156,-0.03269351273775101,3.097835908271113,0.0001062548552428417,0.0004419368627228671,0.011722653793241035,0.0026090782600393754,-0.0009932075960833924,0.008243644535541534,0.007861291356384754,0,0,True,0.15832721656564483,-0.0019527955855893585
742.34,11.978671073913574,-0.0327288955450058,3.098011366062004,-0.00014753461931551578,0.00043673628924436654,0.009958543598076474,-0.00043504917400861266,-0.0013382703531066114,0.011324880570173265,0.011232519373297693,0,0,True,0.05339849389055515,-0.05794039104124984
742.36,11.978370666503906,-0.03286672756075859,3.097739096876438,0.0003490825208977748,-5.5142473653151865e-05,0.00957674212853923,-0.0004304526524324929,-0.0004685302432976089,0.0111514151096344,0.010015108957886697,0,0,True,-0.08011424054231031,0.02729597980714569
742.38,11.978337287902832,-0.03264257311820984,3.097764408841752,-1.1267207516690122e-05,-3.123723671552216e-05,0.008506787106636023,-0.0007933144342938379,-0.00269456985720585,0.012939262166619302,0.015180207043886186,0,0,True,-0.06824749321638278,0.027798108444843057
742.4,11.978156089782715,-0.03262552246451378,3.097798425851649,9.249108885721295e-05,-0.00010435438924241328,0.005313514549862039,-0.002532989289046975,0.0011904707884862768,0.009841668009757996,0.011880245730280877,0,0,True,-0.11260986756401242,0.011781979887059023
742.42,11.977993965148926,-0.03263567388057709,3.0977958004734276,0.00022971305578589087,-0.00016059408968756476,0.004498744140770818,0.00026679348509515044,0.0008855783224788104,0.009329189136624337,0.008454640582203866,0,0,True,-0.14146133041955616,0.039025549973128626
742.44,11.977954864501953,-0.03264567255973816,3.0978343345395167,0.0004188103951510363,-0.00017305861986118841,0.0005679527234136272,0.0003821399032360778,0.00047402814766759515,0.0067078335583209995,0.006481573060154916,0,0,True,-0.12308589940619717,-0.01571387720297644
742.46,11.97797679901123,-0.03264813870191574,3.0978352551075505,5.315223488681449e-05,-0.00027378950955965915,-0.0028101193269342594,0.00013741878989898868,0.000427474140646037,0.0018649468012154103,0.0038542145490646365,0,0,True,-0.12203842366295563,-0.008686991210109456
742.48,11.978109359741211,-0.03265407681465149,3.0978363481034625,7.275226127248084e-06,-0.00013710132429941302,-0.004533357402638771,-2.1368843457485946e-05,-6.663938775248135e-05,-0.0029501697421073915,-0.003701772261410952,0,0,True,-0.06449081519262802,0.027292911081294502
742.5,11.978218078613281,-0.03265649080276489,3.0978299984046793,-2.1628592389478424e-05,-0.000148325279153446,-0.005264329752270628,4.93693525425093e-05,0.0001906190256696984,-0.007481438703835011,-0.007875778451561928,0,0,True,-0.014262808792271923,0.020323598212420895
742.52,11.978317260742188,-0.032659828662872314,3.0978290033884965,-4.5349961604226546e-05,-0.00017770101010745865,-0.004591312491991922,0.0007570697576814394,0.0026574610341691695,-0.005932058282196523,-0.006472373344004155,0,0,True,0.02613377034283748,-0.002642802001406742
742.54,11.978397369384766,-0.032670509070158005,3.097850504629604,-7.90056782163528e-05,-0.00021891555194400374,-0.0039511440303149755,0.0005803805062304867,0.00205336199763823,-0.005510565303266049,-0.00598415419459343,0,0,True,0.04784879449467713,-0.00921810109223104
742.56,11.978473663330078,-0.03273065388202667,3.098048944986196,-3.983757837493788e-05,-0.0002772724201965004,-0.0024426557752136742,-7.925575472622531e-05,-0.0002780635478648284,-0.005058478750288487,-0.0059054125100374225,0,0,True,0.05175733084542344,-0.07105993191589224
742.58,11.978531837463379,-0.032716698944568634,3.0979942673644905,2.1281144848132646e-05,-7.67876750346973e-05,-0.0014364261926944984,-0.00016912377517189122,-0.0005468290617091621,-0.0053283491730690006,-0.00590734038501978,0,0,True,0.05274077853489883,-0.054965315567839054
742.6,11.97851276397705,-0.03266200050711632,3.0978067583046673,-1.406519628858007e-05,-3.279787324589926e-05,-0.0004507260243559288,-0.0008787385495744672,-0.003027333519105119,-0.00272108118981123,-0.0036987882666289808,0,0,True,0.030533197190155306,0.0034757943483085772
742.62,11.97851276397705,-0.03266200050711632,3.0978067583046673,-1.406519628858007e-05,-3.279787324589926e-05,0.00026811825247908925,-0.0006726391117318006,-0.0023438632477911447,0.0008804985508322717,9.49557311832905e-05,0,0,True,0.01795532740869756,0.006835363271370742
742.64,11.97851276397705,-0.03266200050711632,3.0978067583046673,-1.406519628858007e-05,-3.279787324589926e-05,0.0,-0.0,0.0,0.001642373725771904,0.0012879691924899818,0,0,True,0.005634075304454234,0.0378416689888484
742.66,11.97851276397705,-0.03266200050711632,3.0978067583046673,-1.406519628858007e-05,-3.279787324589926e-05,0.0,-0.0,0.0,0.001642373725771904,0.0012879691924899818,0,0,True,-0.003351478155986901,0.029298290597374318
742.68,11.97851276397705,-0.03266200050711632,3.0978067583046673,-1.406519628858007e-05,-3.279787324589926e-05,0.0,-0.0,0.0,0.001642373725771904,0.0012879691924899818,0,0,True,0.0,0.0
742.7,11.97851276397705,-0.03266200050711632,3.0978067583046673,-1.406519628858007e-05,-3.279787324589926e-05,0.0,-0.0,0.0,0.001642373725771904,0.0012879691924899818,0,0,True,0.0,0.0
742.72,11.97851276397705,-0.03266200050711632,3.0978067583046673,-1.406519628858007e-05,-3.279787324589926e-05,0.0,-0.0,0.0,0.001642373725771904,0.0012879691924899818,0,0,True,0.0,0.0
742.74,11.97851276397705,-0.03266200050711632,3.0978067583046673,-1.406519628858007e-05,-3.279787324589926e-05,0.0,-0.0,0.0,0.001642373725771904,0.0012879691924899818,0,0,True,0.0,0.0
742.76,11.97851276397705,-0.03266200050711632,3.0978067583046673,-1.406519628858007e-05,-3.279787324589926e-05,0.0,-0.0,0.0,0.001642373725771904,0.0012879691924899818,0,0,True,0.0,0.0
742.78,11.97851276397705,-0.03266200050711632,3.0978067583046673,-1.406519628858007e-05,-3.279787324589926e-05,0.0,-0.0,0.0,0.001642373725771904,0.0012879691924899818,0,0,True,0.0,0.0
742.8,11.97851276397705,-0.03266200050711632,3.0978067583046673,-1.406519628858007e-05,-3.279787324589926e-05,0.0,-0.0,0.0,0.001642373725771904,0.0012879691924899818,0,0,True,0.0,0.0
742.82,11.97851276397705,-0.03266200050711632,3.0978067583046673,-1.406519628858007e-05,-3.279787324589926e-05,0.0,-0.0,0.0,0.001642373725771904,0.0012879691924899818,0,0,True,0.0,0.0
742.84,11.97851276397705,-0.03266200050711632,3.0978067583046673,-1.406519628858007e-05,-3.279787324589926e-05,0.0,-0.0,0.0,0.001642373725771904,0.0012879691924899818,0,0,True,0.0,0.0
742.86,11.97851276397705,-0.03266200050711632,3.0978067583046673,-1.406519628858007e-05,-3.279787324589926e-05,0.0,-0.0,0.0,0.001642373725771904,0.0012879691924899818,0,0,True,0.0,0.0
742.88,11.97851276397705,-0.03266200050711632,3.0978067583046673,-1.406519628858007e-05,-3.279787324589926e-05,0.0,-0.0,0.0,0.001642373725771904,0.0012879691924899818,0,0,True,0.0,0.0
742.9,11.97851276397705,-0.03266200050711632,3.0978067583046673,-1.406519628858007e-05,-3.279787324589926e-05,0.0,-0.0,0.0,0.001642373725771904,0.0012879691924899818,0,0,True,0.0,0.0
742.92,11.97851276397705,-0.03266200050711632,3.0978067583046673,-1.406519628858007e-05,-3.279787324589926e-05,0.0,-0.0,0.0,0.001642373725771904,0.0012879691924899818,0,0,True,0.0,0.0
742.94,11.97851276397705,-0.03266200050711632,3.0978067583046673,-1.406519628858007e-05,-3.279787324589926e-05,0.0,-0.0,0.0,0.001642373725771904,0.0012879691924899818,0,0,True,0.0,0.0
742.96,11.97851276397705,-0.03266200050711632,3.0978067583046673,-1.406519628858007e-05,-3.279787324589926e-05,0.0,-0.0,0.0,0.001642373725771904,0.0012879691924899818,0,0,True,0.0,0.0
742.98,11.97851276397705,-0.03266200050711632,3.0978067583046673,-1.406519628858007e-05,-3.279787324589926e-05,0.0,-0.0,0.0,0.001642373725771904,0.0012879691924899818,0,0,True,0.0,0.0
743.0,11.97851276397705,-0.03266200050711632,3.0978067583046673,-1.406519628858007e-05,-3.279787324589926e-05,0.0,-0.0,0.0,0.001642373725771904,0.0012879691924899818,0,0,True,0.0,0.0
743.02,11.97851276397705,-0.03266200050711632,3.0978067583046673,-1.406519628858007e-05,-3.279787324589926e-05,0.0,-0.0,0.0,0.001642373725771904,0.0012879691924899818,0,0,True,0.0,0.0
743.04,11.97851276397705,-0.03266200050711632,3.0978067583046673,-1.406519628858007e-05,-3.279787324589926e-05,0.0,-0.0,0.0,0.001642373725771904,0.0012879691924899818,0,0,True,0.0,0.0
743.06,11.97851276397705,-0.03266200050711632,3.0978067583046673,-1.406519628858007e-05,-3.279787324589926e-05,0.0,-0.0,0.0,0.001642373725771904,0.0012879691924899818,0,0,True,0.0,0.0
743.08,11.97851276397705,-0.03266200050711632,3.0978067583046673,-1.406519628858007e-05,-3.279787324589926e-05,0.0,-0.0,0.0,0.001642373725771904,0.0012879691924899818,0,0,True,0.0,0.0
743.1,11.97851276397705,-0.03266200050711632,3.0978067583046673,-1.406519628858007e-05,-3.279787324589926e-05,0.0,-0.0,0.0,0.001642373725771904,0.0012879691924899818,0,0,True,0.0,0.0
743.12,11.97851276397705,-0.03266200050711632,3.0978067583046673,-1.406519628858007e-05,-3.279787324589926e-05,0.0,-0.0,0.0,0.001642373725771904,0.0012879691924899818,0,0,True,0.0,0.0
743.14,11.97851276397705,-0.03266200050711632,3.0978067583046673,-1.406519628858007e-05,-3.279787324589926e-05,0.0,-0.0,0.0,0.001642373725771904,0.0012879691924899818,0,0,True,0.0,0.0
743.16,11.97851276397705,-0.03266200050711632,3.0978067583046673,-1.406519628858007e-05,-3.279787324589926e-05,0.0,-0.0,0.0,0.001642373725771904,0.0012879691924899818,0,0,True,0.0,0.0
743.18,11.97851276397705,-0.03266200050711632,3.0978067583046673,-1.406519628858007e-05,-3.279787324589926e-05,0.0,-0.0,0.0,0.001642373725771904,0.0012879691924899818,0,0,True,0.0,0.0
743.2,11.97851276397705,-0.03266200050711632,3.0978067583046673,-1.406519628858007e-05,-3.279787324589926e-05,0.0,-0.0,0.0,0.001642373725771904,0.0012879691924899818,0,0,True,0.0,0.0
743.22,11.97851276397705,-0.03266200050711632,3.0978067583046673,-1.406519628858007e-05,-3.279787324589926e-05,0.0,-0.0,0.0,0.001642373725771904,0.0012879691924899818,0,0,True,0.0,0.0
743.24,11.97851276397705,-0.03266200050711632,3.0978067583046673,-1.406519628858007e-05,-3.279787324589926e-05,0.0,-0.0,0.0,0.001642373725771904,0.0012879691924899818,0,0,True,0.0,0.0
743.26,11.97851276397705,-0.03266200050711632,3.0978067583046673,-1.406519628858007e-05,-3.279787324589926e-05,0.0,-0.0,0.0,0.001642373725771904,0.0012879691924899818,0,0,True,0.0,0.0
743.28,11.97851276397705,-0.03266200050711632,3.0978067583046673,-1.406519628858007e-05,-3.279787324589926e-05,0.0,-0.0,0.0,0.001642373725771904,0.0012879691924899818,0,0,True,0.0,0.0
743.3,11.97851276397705,-0.03266200050711632,3.0978067583046673,-1.406519628858007e-05,-3.279787324589926e-05,0.0,-0.0,0.0,0.001642373725771904,0.0012879691924899818,0,0,True,0.0,0.0
743.32,11.97851276397705,-0.03266200050711632,3.0978067583046673,-1.406519628858007e-05,-3.279787324589926e-05,0.0,-0.0,0.0,0.001642373725771904,0.0012879691924899818,0,0,True,0.0,0.0
743.34,11.97851276397705,-0.03266200050711632,3.0978067583046673,-1.406519628858007e-05,-3.279787324589926e-05,0.0,-0.0,0.0,0.001642373725771904,0.0012879691924899818,0,0,True,0.0,0.0
743.36,11.97851276397705,-0.03266200050711632,3.0978067583046673,-1.406519628858007e-05,-3.279787324589926e-05,0.0,-0.0,0.0,0.001642373725771904,0.0012879691924899818,0,0,True,0.0,0.0
743.38,11.97851276397705,-0.03266200050711632,3.0978067583046673,-1.406519628858007e-05,-3.279787324589926e-05,0.0,-0.0,0.0,0.001642373725771904,0.0012879691924899818,0,0,True,0.0,0.0
743.4,11.97851276397705,-0.03266200050711632,3.0978067583046673,-1.406519628858007e-05,-3.279787324589926e-05,0.0,-0.0,0.0,0.001642373725771904,0.0012879691924899818,0,0,True,0.0,0.0
743.42,11.97851276397705,-0.03266200050711632,3.0978067583046673,-1.406519628858007e-05,-3.279787324589926e-05,0.0,-0.0,0.0,0.001642373725771904,0.0012879691924899818,0,0,True,0.0,0.0
743.44,11.97851276397705,-0.03266200050711632,3.0978067583046673,-1.406519628858007e-05,-3.279787324589926e-05,0.0,-0.0,0.0,0.001642373725771904,0.0012879691924899818,0,0,True,0.0,0.0
743.46,11.97851276397705,-0.03266200050711632,3.0978067583046673,-1.406519628858007e-05,-3.279787324589926e-05,0.0,-0.0,0.0,0.001642373725771904,0.0012879691924899818,0,0,True,0.0,0.0
743.48,11.97851276397705,-0.03266200050711632,3.0978067583046673,-1.406519628858007e-05,-3.279787324589926e-05,0.0,-0.0,0.0,0.001642373725771904,0.0012879691924899818,0,0,True,0.0,0.0
743.5,11.97851276397705,-0.03266200050711632,3.0978067583046673,-1.406519628858007e-05,-3.279787324589926e-05,0.0,-0.0,0.0,0.001642373725771904,0.0012879691924899818,0,0,True,0.0,0.0
743.52,11.97851276397705,-0.03266200050711632,3.0978067583046673,-1.406519628858007e-05,-3.279787324589926e-05,0.0,-0.0,0.0,0.001642373725771904,0.0012879691924899818,0,0,True,0.0,0.0
743.54,11.97851276397705,-0.03266200050711632,3.0978067583046673,-1.406519628858007e-05,-3.279787324589926e-05,0.0,-0.0,0.0,0.001642373725771904,0.0012879691924899818,0,0,True,0.0,0.0
743.56,11.97851276397705,-0.03266200050711632,3.0978067583046673,-1.406519628858007e-05,-3.279787324589926e-05,0.0,-0.0,0.0,0.001642373725771904,0.0012879691924899818,0,0,True,0.0,0.0
743.58,11.97851276397705,-0.03266200050711632,3.0978067583046673,-1.406519628858007e-05,-3.279787324589926e-05,0.0,-0.0,0.0,0.001642373725771904,0.0012879691924899818,0,0,True,0.0,0.0
743.6,11.97851276397705,-0.03266200050711632,3.0978067583046673,-1.406519628858007e-05,-3.279787324589926e-05,0.0,-0.0,0.0,0.001642373725771904,0.0012879691924899818,0,0,True,0.0,0.0
743.62,11.97851276397705,-0.03266200050711632,3.0978067583046673,-1.406519628858007e-05,-3.279787324589926e-05,0.0,-0.0,0.0,0.001642373725771904,0.0012879691924899818,0,0,True,0.0,0.0
743.64,11.97851276397705,-0.03266200050711632,3.0978067583046673,-1.406519628858007e-05,-3.279787324589926e-05,0.0,-0.0,0.0,0.001642373725771904,0.0012879691924899818,0,0,True,0.0,0.0
743.66,11.97851276397705,-0.03266200050711632,3.0978067583046673,-1.406519628858007e-05,-3.279787324589926e-05,0.0,-0.0,0.0,0.001642373725771904,0.0012879691924899818,0,0,True,0.0,0.0
743.68,11.97851276397705,-0.03266200050711632,3.0978067583046673,-1.406519628858007e-05,-3.279787324589926e-05,0.0,-0.0,0.0,0.001642373725771904,0.0012879691924899818,0,0,True,0.0,0.0
743.7,11.97851276397705,-0.03266200050711632,3.0978067583046673,-1.406519628858007e-05,-3.279787324589926e-05,0.0,-0.0,0.0,0.001642373725771904,0.0012879691924899818,0,0,True,0.0,0.0
743.72,11.97851276397705,-0.03266200050711632,3.0978067583046673,-1.406519628858007e-05,-3.279787324589926e-05,0.0,-0.0,0.0,0.001642373725771904,0.0012879691924899818,0,0,True,0.0,0.0
743.74,11.97851276397705,-0.03266200050711632,3.0978067583046673,-1.406519628858007e-05,-3.279787324589926e-05,0.0,-0.0,0.0,0.001642373725771904,0.0012879691924899818,0,0,True,0.0,0.0
743.76,11.97851276397705,-0.03266200050711632,3.0978067583046673,-1.406519628858007e-05,-3.279787324589926e-05,0.0,-0.0,0.0,0.001642373725771904,0.0012879691924899818,0,0,True,0.0,0.0
743.78,11.97851276397705,-0.03266200050711632,3.0978067583046673,-1.406519628858007e-05,-3.279787324589926e-05,0.0,-0.0,0.0,0.001642373725771904,0.0012879691924899818,0,0,True,0.0,0.0
743.8,11.97851276397705,-0.03266200050711632,3.0978067583046673,-1.406519628858007e-05,-3.279787324589926e-05,0.0,-0.0,0.0,0.001642373725771904,0.0012879691924899818,0,0,True,0.0,0.0
743.82,11.97851276397705,-0.03266200050711632,3.0978067583046673,-1.406519628858007e-05,-3.279787324589926e-05,0.0,-0.0,0.0,0.001642373725771904,0.0012879691924899818,0,0,True,0.0,0.0
743.84,11.97851276397705,-0.03266200050711632,3.0978067583046673,-1.406519628858007e-05,-3.279787324589926e-05,0.0,-0.0,0.0,0.001642373725771904,0.0012879691924899818,0,0,True,0.0,0.0
743.86,11.97851276397705,-0.03266200050711632,3.0978067583046673,-1.406519628858007e-05,-3.279787324589926e-05,0.0,-0.0,0.0,0.001642373725771904,0.0012879691924899818,0,0,True,0.0,0.0
743.88,11.97851276397705,-0.03266200050711632,3.0978067583046673,-1.406519628858007e-05,-3.279787324589926e-05,0.0,-0.0,0.0,0.001642373725771904,0.0012879691924899818,0,0,True,0.0,0.0
743.9,11.97851276397705,-0.03266200050711632,3.0978067583046673,-1.406519628858007e-05,-3.279787324589926e-05,0.0,-0.0,0.0,0.001642373725771904,0.0012879691924899818,0,0,True,0.0,0.0
743.92,11.97851276397705,-0.03266200050711632,3.0978067583046673,-1.406519628858007e-05,-3.279787324589926e-05,0.0,-0.0,0.0,0.001642373725771904,0.0012879691924899818,0,0,True,0.0,0.0
743.94,11.97851276397705,-0.03266200050711632,3.0978067583046673,-1.406519628858007e-05,-3.279787324589926e-05,0.0,-0.0,0.0,0.001642373725771904,0.0012879691924899818,0,0,True,0.0,0.0
743.96,11.97851276397705,-0.03266200050711632,3.0978067583046673,-1.406519628858007e-05,-3.279787324589926e-05,0.0,-0.0,0.0,0.001642373725771904,0.0012879691924899818,0,0,True,0.0,0.0
743.98,11.97851276397705,-0.03266200050711632,3.0978067583046673,-1.406519628858007e-05,-3.279787324589926e-05,0.0,-0.0,0.0,0.001642373725771904,0.0012879691924899818,0,0,True,0.0,0.0
744.0,11.97851276397705,-0.03266200050711632,3.0978067583046673,-1.406519628858007e-05,-3.279787324589926e-05,0.0,-0.0,0.0,0.001642373725771904,0.0012879691924899818,0,0,True,0.0,0.0
744.02,11.97851276397705,-0.03266200050711632,3.0978067583046673,-1.406519628858007e-05,-3.279787324589926e-05,0.0,-0.0,0.0,0.001642373725771904,0.0012879691924899818,0,0,True,0.0,0.0
744.04,11.97851276397705,-0.03266200050711632,3.0978067583046673,-1.406519628858007e-05,-3.279787324589926e-05,0.0,-0.0,0.0,0.001642373725771904,0.0012879691924899818,0,0,True,0.0,0.0
744.06,11.97851276397705,-0.03266200050711632,3.0978067583046673,-1.406519628858007e-05,-3.279787324589926e-05,0.0,-0.0,0.0,0.001642373725771904,0.0012879691924899818,0,0,True,0.011468298438657912,0.0018165056479122767
744.08,11.97851276397705,-0.03266200050711632,3.0978067583046673,-1.406519628858007e-05,-3.279787324589926e-05,0.0,-0.0,0.0,0.001642373725771904,0.0012879691924899818,0,0,True,0.012194119454178481,0.002794907185342257
744.1,11.97851276397705,-0.03266200050711632,3.0978067583046673,-1.406519628858007e-05,-3.279787324589926e-05,0.0009174638750931023,3.0316179302368328e-05,0.00014532045183305648,0.001642373725771904,0.0012879691924899818,-0.035,0,True,0.003741997278622959,-0.0012648549536231105
744.12,11.97851276397705,-0.03266200050711632,3.0978067583046673,-1.406519628858007e-05,-3.279787324589926e-05,0.0009755295563347776,6.6746316839124e-05,0.00022359257482749493,0.001642373725771904,0.0012879691924899818,-0.035,0,True,-0.022080656956755717,7.811665418691938e-05
744.14,11.978439331054688,-0.032661210745573044,3.097818383940814,-3.5410250974128525e-05,-4.654260056409293e-05,0.00029935978228998986,-2.39895478262847e-05,-0.00010118839628990062,0.001642373725771904,0.0012879691924899818,-0.035,0,True,-0.0830256464698802,-0.005446700292596143
744.16,11.978434562683105,-0.032663919031620026,3.0978246457106535,-2.4230066080918566e-05,-7.035706288383983e-06,-0.0017664525565388508,1.0591000096827501e-05,6.2493323349478665e-06,0.00045180589891970164,0.0005036762775853277,-0.035,0,True,-0.1263668555071085,-0.008713358441015449
744.18,11.97848892211914,-0.03265903517603874,3.097798663232964,-5.0114161541219164e-05,5.2490067437766296e-05,-0.005724587842491273,-6.730953649916992e-05,-0.00029041557157423865,-0.0009366268850862981,-0.001547218766063452,-0.035,0,True,-0.15273058776510628,0.0005815013762884104
744.2,11.978653907775879,-0.032669030129909515,3.097807258251254,-4.135022955002032e-05,0.0001098584505063719,-0.009133818884239073,-0.00014545561048262328,-0.00047347610045409753,-0.004240585025399923,-0.004676981940865517,-0.035,0,True,-0.11841948521255094,3.278998114809742e-06
744.22,11.978897094726562,-0.03267588093876839,3.097795150695088,-5.383953737287896e-05,0.00020633922217201225,-0.011919087238924764,-3.084913574984789e-05,-5.4668286186803984e-05,-0.008741362243890763,-0.009398897215723992,-0.035,0,True,-0.06659675397589294,0.006314753817068937
744.24,11.979165077209473,-0.03268427774310112,3.097786767622617,-5.314762281789353e-05,0.0003777920851638325,-0.011240011373547774,-6.542750098431562e-06,6.51165218413278e-06,-0.011246740743517877,-0.012117271870374681,-0.035,0,True,-0.021747227052657168,0.011766373641257896
744.26,11.97944164276123,-0.03269831836223602,3.097794289770069,-6.228280151885618e-05,0.0005572988411313166,-0.011052328160565434,6.734871441527976e-05,0.00021476473379153474,-0.011489087641239168,-0.012056859731674195,-0.035,0,True,0.03107988881460574,-0.017028850862819803
744.28,11.979552268981934,-0.03270788490772247,3.097807779183429,-2.438169713061105e-05,0.00021440991757359074,-0.010873597048450064,7.332422362186169e-05,0.000467833790845678,-0.012089115455746651,-0.012421869337558747,-0.035,0,True,0.006176416773422085,0.004688908481412873
744.3,11.979780197143555,-0.03271997720003128,3.0978123318737913,-3.7035027644998304e-05,0.0002625035111208356,-0.009432696133758566,0.0012294269913412327,-0.0014169763552111493,-0.007406678199768067,-0.007599072195589543,-0.035,0,True,-0.009194573924129056,-0.004992769166363526
744.32,11.980033874511719,-0.03272821381688118,3.097824194325885,-3.9767789940182e-05,0.0002873318285239268,-0.010745898031673754,0.00015474469864791795,0.00038162433069735454,-0.011447528675198555,-0.012275038436055185,-0.035,0,True,0.026727908607089512,-0.0005369483350228325
744.34,11.980191230773926,-0.03282960504293442,3.0976809316616523,0.00035057186381164736,-8.12694596187288e-05,-0.011787894074496135,-0.00030224369989377683,-0.00018465679951775165,-0.013247151598334313,-0.013542685210704805,-0.035,0,True,-0.008370429669573664,0.02193456930482417
744.36,11.9804105758667,-0.03275786712765694,3.0978383091298847,-0.0002476926922259986,-0.00014483706376394246,-0.008735364359881809,0.0002927489219784772,0.00042487792404382945,-0.012548470720648767,-0.011293860897421838,-0.035,0,True,0.01608692644417125,-0.020202846657832164
744.38,11.98072338104248,-0.03273721784353256,3.09779755932983,-0.0001545864854614143,0.00035964954974885416,-0.010102330507324802,-0.0014615349359929407,0.000337789189175682,-0.014394342303276063,-0.015623308494687082,-0.035,0,True,0.054631433643687874,-0.03276623086989532
744.4,11.980731010437012,-0.0327821783721447,3.0978581845598083,-0.00019321367985319622,-0.00019608117533856642,-0.009458943916141225,-0.0003503688501342104,-0.0012346034019277486,-0.010637871250510217,-0.011498863399028779,-0.035,0,True,-0.01152364256434757,-0.03212973143655838
744.42,11.981003761291504,-0.03274817764759064,3.0977079547967863,-0.00012696162992115862,0.00019514668695240248,-0.00741737938300508,0.0012542546466426377,-0.0028059552691069934,-0.005117145292460919,-0.0057845149561762815,-0.035,0,True,0.01632366850575588,0.000947912939454312
744.44,11.981167793273926,-0.03276294842362404,3.0977395408577304,-0.00025663027172810523,0.0003002582346640327,-0.009657255765030086,-0.0007259045265184812,-0.002145500590882156,-0.012760082185268404,-0.018500624746084215,-0.035,0,True,0.01953393494611867,0.013611033654934018
744.46,11.981311798095703,-0.032863494008779526,3.0975730829083012,0.0004018122337892597,0.00025557873070545693,-0.008796437026863663,4.9794749140320014e-05,0.0004136222243320658,-0.009142770171165467,-0.008994507640600205,-0.035,0,True,-0.012176427784758734,0.057879505965989064
744.48,11.981505393981934,-0.03275803104043007,3.0976865445125377,-5.742017973162292e-05,0.00030180796350464534,-0.007896229120450932,-6.916040857991862e-05,-0.00014572070953247017,-0.008597164079546929,-0.007931779921054842,-0.035,0,True,0.015216476711840118,0.0301335281816834
744.5,11.981706619262695,-0.03278312459588051,3.097741044574733,-0.00010382331689710734,0.0004596205094103615,-0.008391493605786277,-0.0012909266604412392,0.0018244052081745003,-0.015058982223272325,-0.004326732195913792,-0.035,0,True,0.0018343736391385015,-0.01870290960410326
744.52,11.981799125671387,-0.03278514742851257,3.097727883200968,-9.499005678934942e-05,6.379312649041046e-05,-0.008439937628083984,8.488895228089268e-05,0.00026518166365032374,-0.009308296740055086,-0.009732884019613267,-0.035,0,True,-0.03171680617319595,-0.001833686254571837
744.54,11.981986999511719,-0.032789748162031174,3.097719035324955,-0.00017118628473556774,2.104911833942387e-05,-0.008649687135732716,-0.0003016633587325197,-0.0010826105439948343,-0.006728120185434819,-0.006535516530275345,-0.035,0,True,-0.036160297965277935,-0.035582490161413675
744.56,11.982179641723633,-0.03279442340135574,3.0977077590456297,-0.00029248668974826974,-2.184930560458085e-05,-0.0104335736143043,0.00010568288690962458,-0.0002924156098980837,-0.010891197100281717,-0.011300051584839823,-0.035,0,True,-0.04589503148382526,0.032423231675172554
744.58,11.982398986816406,-0.03278936445713043,3.0976544357312132,0.00015519881491830038,2.8919421931066124e-08,-0.011284317443009992,-0.0003572776014943848,-0.00102219400474005,-0.011155201494693756,-0.011655609831213953,-0.035,0,True,-0.051562466109210336,0.025177685823570495
744.6,11.982632637023926,-0.03283021226525307,3.097704489952176,8.968328334668509e-05,0.00012862668672769805,-0.012111540146791883,0.0008181931535717821,0.002859040197665455,-0.012431675866246225,-0.013223730251193049,-0.035,0,True,-0.03336720373903663,0.0032244136645392684
744.62,11.982890129089355,-0.03280084580183029,3.097637259804576,-0.00016176207865444288,0.00018258835078547746,-0.012774684424471654,-0.0003843829370678523,0.0009316043218918357,-0.013560073897242548,-0.011579189524054529,-0.035,0,True,-0.010824593210560568,0.025054384346921955
744.64,11.983144760131836,-0.03290232643485069,3.097936482261443,0.00033635409911732424,0.0001658427809951258,-0.013102949913428596,-0.00024369078743970417,-3.44625167348103e-05,-0.009565634280443193,-0.015079326480627061,-0.035,0,True,-0.004449605150996526,-0.08430938107612553
744.66,11.983421325683594,-0.032803550362586975,3.0977289640769645,-1.4277736106991536e-05,0.00022346060742867486,-0.01215028489985405,0.0003423817454921206,0.0009821567430118834,-0.013019449561834337,-0.013065659105777741,-0.035,0,True,0.0031186887779318787,-0.019290045796743347
744.68,11.983680725097656,-0.03285648301243782,3.097701732950837,-8.038932513152011e-05,0.00033145588519021684,-0.012467508558871281,-0.0011293608052568825,-0.0038857102884184537,-0.013276110142469407,-0.012622983753681184,-0.035,0,True,-0.0006291412781574212,0.014295126475799422
744.7,11.98386001586914,-0.032870832830667496,3.097715832344017,0.0001816036455686685,6.382100023326467e-05,-0.012525189322236976,0.00045599331235184916,-0.0006115993418484213,-0.013276110142469407,-0.012622983753681184,-0.035,0,True,-0.031892117565880555,-0.023511054788308523
744.72,11.984145164489746,-0.03285582736134529,3.0976256254383694,-0.0001987812674623633,5.7976789057190635e-05,-0.013153281215681215,0.0003555441324192423,0.0011091476013297284,-0.012214819788932801,-0.018119707107543948,-0.035,0,True,-0.03196676460173347,0.050506737658224596
744.74,11.984420776367188,-0.03288394585251808,3.0976800361296166,-0.00036803210341354223,2.8744781584811643e-05,-0.0147016543051258,-0.0002511144911223454,-0.0008987276400537605,-0.014836343824863435,-0.01522811368107796,-0.035,0,True,-0.03969417048120306,-0.02062782077879565
744.76,11.98473072052002,-0.03293114900588989,3.0977904647589436,0.00013673859635902476,7.598152356768335e-05,-0.015024849727011267,4.542093192886677e-05,0.00015482872424158115,-0.014697537869215013,-0.01542309269309044,-0.035,0,True,-0.03937016993342399,-0.059866120307196465
744.78,11.98503589630127,-0.032902393490076065,3.0976439341328126,0.00025066421736268785,5.355989130399078e-05,-0.015700722960730332,0.002116497946371102,-0.0022618250041505725,-0.01622360855340958,-0.01677291601896286,-0.035,0,True,-0.024899502699637737,-0.04665087261463433
744.8,11.985345840454102,-0.03291209042072296,3.0976380117363087,-0.00030173074979763587,2.1280159653919323e-05,-0.01630289481035227,0.0016996916730530904,-0.003680142023241633,-0.016353084146976473,-0.01613638557493687,-0.035,0,True,-0.03172499279102532,-0.08646337084901067
744.82,11.985668182373047,-0.03310828655958176,3.0974990901292845,0.00015852244810746826,7.012570322532739e-05,-0.016693614521097837,0.0013524262460130852,-0.004630797449226416,-0.017093809023499492,-0.017129828706383708,-0.035,0,True,-0.0409639893376939,0.019212631965118906
744.84,11.986027717590332,-0.033124301582574844,3.097496053397084,0.00033396110432086317,9.068972039677393e-05,-0.01756284915029459,0.004014827221918189,-0.006762240943682811,-0.012700799703598024,-0.023243259787559513,-0.035,0,True,-0.03741256053744014,0.014664797062534514
744.86,11.98636531829834,-0.03306934982538223,3.0972734703368743,-0.0002132805519817516,6.603758634542887e-05,-0.01897784210774752,-0.00015779041340040472,-0.0007248144469402737,-0.01845214232802391,-0.01813306376338005,-0.035,0,True,-0.04728414740414703,0.05733766077149267
744.88,11.986735343933105,-0.03329490125179291,3.097097032460814,0.00028051754393841984,0.0001556662546085253,-0.019295899653349012,-0.0007891851059688179,-0.0025069582582382716,-0.018148794472217563,-0.01863350495696068,-0.035,0,True,-0.0456601289226054,0.06596790273714752
744.9,11.98718547821045,-0.03316294029355049,3.0974411049735293,0.00014114497085196767,8.387025322786837e-05,-0.02047634631342616,1.7579478206086914e-06,-4.378458751117511e-05,-0.0105685480684042,-0.020721865296363832,-0.035,0,True,-0.027740741555328515,-0.06318497276529852
744.92,11.98757266998291,-0.033129893243312836,3.0972954967364252,0.0002615265547808345,6.978528250306063e-05,-0.0212156594640997,-0.0008203364439513523,-0.001484808724715809,-0.019050699919462205,-0.021557471454143527,-0.035,0,True,-0.03853424671883671,-0.018264610013730212
744.94,11.988001823425293,-0.03314179182052612,3.0972699675698734,-0.00026662069002293296,3.496756867887484e-05,-0.021197101432174938,0.0011825780103880373,-0.005779612268166741,-0.022010661065578464,-0.022425145059823993,-0.035,0,True,-0.017436027292501054,-0.03432813683897141
744.96,11.988433837890625,-0.033304497599601746,3.0969782477628365,0.00019159506473602595,1.5110176701043354e-05,-0.022378639390857526,0.0017075294015796193,-0.003968127059337436,-0.022010661065578464,-0.022425145059823993,-0.035,0,True,-0.035360464442361815,0.02618237700152473
744.98,11.988875389099121,-0.03333259001374245,3.0969787359920757,0.00021152603033390796,0.00012454910989878146,-0.021871228496826958,0.0023698097694446014,-0.0027900355346302925,-0.02585989698767662,-0.02756435334682465,-0.035,0,True,-0.04801792549052868,0.06745481152573622
745.0,11.989355087280273,-0.033346205949783325,3.096978046571678,-0.00023840975439810264,0.0001502030192668008,-0.024044496619490093,0.0005323063193003825,0.0006097814354072412,-0.025176195800304415,-0.02164203613996506,-0.035,0,True,-0.04572243515964125,0.04840467710170144
745.02,11.989741325378418,-0.03340922296047211,3.097046764727103,-4.658318313210526e-05,-0.0002695501268107777,-0.02503853547141374,8.05771769373622e-05,-0.000383227346112751,-0.02311887338757515,-0.023915253430604938,-0.035,0,True,-0.08124545629386529,0.019923796286599217
745.04,11.99035358428955,-0.03343283012509346,3.097027030277669,8.865600910120896e-05,3.6906738029873986e-05,-0.0260364342036255,-1.9840473142476505e-05,-9.575289120484316e-05,-0.021522732675075533,-0.020695982277393343,-0.035,0,True,-0.05234606835328789,-0.01736322806130536
745.06,11.990876197814941,-0.03342822939157486,3.0969480778043867,0.00018570489139449353,1.924830281639386e-05,-0.02837086500033027,-0.0003874952447948106,-0.0011961318317038048,-0.02774437874555588,-0.03047643393278122,-0.035,0,True,-0.056144454565956334,0.024692223509740627
745.08,11.991436004638672,-0.03343741595745087,3.0969703863403817,1.635005186003716e-05,7.467700829149657e-06,-0.028232182087755266,-0.0005532756782983107,-0.0007792768094978985,-0.02701260402798653,-0.02690230652689934,-0.035,0,True,-0.058008322911630515,-0.0006443474971659794
745.1,11.992010116577148,-0.03347954899072647,3.096951074180567,4.540454703676006e-05,-1.3996256842170858e-05,-0.029530091836692543,0.0004529702362554952,0.0015921505346675096,-0.02832267239689827,-0.028234179466962817,-0.035,0,True,-0.045256519078964524,0.01510737042699359
745.12,11.9926118850708,-0.03348936140537262,3.096964688132909,8.449794046406417e-05,-4.550184473450416e-05,-0.030677100036558314,0.00021896205057714085,-0.00014730069097814788,-0.029194751977920534,-0.02923414707183838,-0.035,0,True,-0.06337476759883214,0.008112227418633386
745.14,11.993234634399414,-0.033569857478141785,3.09707544984716,6.529678097991661e-06,1.13581763500924e-05,-0.03199138652664928,-7.162180424079333e-06,1.2457802456300687e-05,-0.030470097213983537,-0.030421070307493213,-0.035,0,True,-0.06673497664534207,-0.020453781342322043
745.16,11.993886947631836,-0.033564403653144836,3.0969586022851034,1.8128721313608483e-05,-1.6421862239143333e-05,-0.033302163495657226,0.00021526495422482172,-0.00013029861600781785,-0.03132564812898636,-0.031675272285938263,-0.035,0,True,-0.0669968352359299,0.03297978117798246
745.18,11.994566917419434,-0.03359287232160568,3.0969520708047633,4.126779192540456e-05,-4.073838781081372e-05,-0.03486888996831505,2.68519608681119e-05,-4.4151972716765694e-05,-0.03242303743958474,-0.03250475972890854,-0.035,0,True,-0.07017180506667353,0.004531696395840971
745.2,11.995272636413574,-0.033625438809394836,3.0969542642436285,8.884948685966798e-05,-7.278996406616098e-05,-0.03603684685543545,0.0007956984913459776,0.0024910818032617987,-0.034168293923139574,-0.03402377083897591,-0.035,0,True,-0.07511857844491399,0.006027498220193078
745.22,11.996021270751953,-0.0336964875459671,3.097071917689343,-4.0968240571169944e-05,3.476158202033997e-05,-0.03760513093198604,0.0001128265443931869,0.00037499351412376386,-0.03553964644670487,-0.03540221214294434,-0.035,0,True,-0.07437026053831351,-0.004131572208801101
745.24,11.996764183044434,-0.033756643533706665,3.0971578888293645,3.0377671763830303e-05,-2.822622408601945e-05,-0.03931164977125342,0.00011946759957031836,0.00035190124160787515,-0.039254691004753116,-0.03606316477060318,-0.035,0,True,-0.08648440074850976,-0.06793138757374344
745.26,11.99757194519043,-0.03373578190803528,3.0969820702858932,2.2494165078642496e-05,-4.2614838525864354e-05,-0.04081851081138318,-8.065676995045378e-05,-0.00037467774942102287,-0.03731119692325592,-0.03720989495515824,-0.035,0,True,-0.09125799968267931,-0.00592163426724426
745.28,11.998414039611816,-0.033774685114622116,3.096982416342957,3.15930277133144e-05,-6.369875408303439e-05,-0.04295559891530994,-0.0008575633372411465,-0.0029434292026327344,-0.03997498869895935,-0.039957825839519505,-0.035,0,True,-0.07803274887594007,-0.0132166622283863
745.3,11.999283790588379,-0.03383566811680794,3.097041943469389,0.000377688541412639,1.891706645001954e-05,-0.04490577090659374,6.194768116766624e-05,-9.873722725534607e-05,-0.04160740464925766,-0.04164785116910935,-0.035,0,True,-0.0854884615013103,2.531836699290092e-05
745.32,12.000200271606445,-0.03384135663509369,3.0969224144931538,-2.8963300814878283e-05,6.170238140087948e-05,-0.04555426968133182,0.0014834913730810244,-0.0007054317366635697,-0.04469107002019883,-0.043137753009796144,-0.035,0,True,-0.08463921914671906,0.07046486434539662
745.34,12.001160621643066,-0.033900726586580276,3.096974171307713,-0.00010442455139330627,0.00014847619902652652,-0.0476575877314915,0.0020925226640419047,-0.00037265228006158976,-0.044023080766201025,-0.0443261668086052,-0.035,0,True,-0.06494255136098269,0.007861920766281935
745.36,12.002049446105957,-0.034055985510349274,3.096925981804024,0.0003099061193778504,-0.00019166840399373705,-0.049726736447050925,0.0008597931865577399,0.0026937599450018797,-0.046402949988842014,-0.04604759722948075,-0.035,0,True,-0.12004290799069049,0.04940210736237872
745.38,12.003085136413574,-0.03417295962572098,3.0970121312869843,0.0003194995910802489,-0.00013645758971089664,-0.050101175015475015,0.002304568180325851,0.0005302164340475306,-0.046946215927600864,-0.04428519457578659,-0.035,0,True,-0.12120753263054843,0.027665448553229516
745.4,12.004171371459961,-0.03408770263195038,3.0971379152887537,-0.0001898363618497668,-7.076877247293283e-05,-0.055157702320578324,-0.0006995282199040427,0.003246736852323133,-0.05131433576345444,-0.05040241569280625,-0.035,0,True,-0.10202475071548757,0.0372281507798029
745.42,12.005156517028809,-0.03426353260874748,3.0970165886224366,4.3450229895333557e-05,-0.0005749345386851171,-0.057354190341926556,-0.0017551866329643746,0.0018405836041947587,-0.052571784853935245,-0.05188049733638764,-0.035,0,True,-0.019136307503367724,0.0279049524433731
745.44,12.006460189819336,-0.03419617563486099,3.09718572075221,-2.7696016343814974e-05,-6.327961633426606e-05,-0.057888716504294106,-0.0015386353388001785,0.005672012007387635,-0.05354575157165528,-0.050765497684478765,-0.035,0,True,0.16680186656747847,-0.02466592742801021
745.46,12.007675170898438,-0.03423714637756348,3.09715937797532,-6.69346644899231e-05,-0.00010477735937292297,-0.051632079615745216,-0.0013585564628984005,0.0027626126295185204,-0.06231211334466935,-0.06180475026369096,-0.035,0,True,0.3351648552221679,-0.020221675421417173
745.48,12.008803367614746,-0.03417031839489937,3.097591676249345,-0.00039040302775476425,0.00031588882367066326,-0.04181355299517322,0.0003198251415505362,0.001273462658081307,-0.059063213467597964,-0.05896218687295914,-0.035,0,True,0.4724659886065066,-0.13784947157987906
745.5,12.00928783416748,-0.03433842957019806,3.097237597632798,-0.0001727865989809885,-0.00015735701606396762,-0.03054100192413941,0.00011968541116412121,0.0002228495704805573,-0.05342874079942704,-0.054250868260860445,-0.035,0,True,0.4328470497697856,-0.04517917643826329
745.52,12.009800910949707,-0.03436887636780739,3.0972875977648564,-1.2884799499435952e-05,0.00012446467388224408,-0.020091437415807954,0.0015444087386812643,-0.005355945718992658,-0.02972566679120064,-0.02777292996644974,-0.035,0,True,0.3544045105121562,-0.005626969643940262
745.54,12.010115623474121,-0.0343550480902195,3.0971772059409584,-1.8493485192379753e-06,0.00013144423119954932,-0.017004315634193863,-0.00026348095670613225,-0.0008517214855392558,-0.024800605177879336,-0.02675449773669243,-0.035,0,True,0.24538742236632768,-0.00022681588059498536
745.56,12.010403633117676,-0.034364938735961914,3.097163200591826,-3.678965209083505e-05,0.00013727452419804668,-0.013461192154226507,0.0002931761305147171,0.0008233050865664955,-0.017296164706349374,-0.01744703181087971,-0.035,0,True,0.10856781525286008,0.05986020596527367
745.58,12.010647773742676,-0.034377772361040115,3.097169459913955,-8.146900918869176e-05,0.00016670808380242757,-0.01091000813482315,7.916994630629355e-05,0.0002047043000329492,-0.01498546324670315,-0.015489179193973543,-0.035,0,True,0.07385482469982382,0.009405477819554302
745.6,12.010875701904297,-0.034440137445926666,3.0973534621717818,-9.979090137457495e-05,0.00021089249515699932,-0.011406012195574704,-0.0003047248005333854,-0.0005671292417683144,-0.012880790680646898,-0.013242292404174806,-0.035,0,True,0.05446431178695401,-0.046259082583173135
745.62,12.010987281799316,-0.03440013527870178,3.097193582284961,0.00014647349361149865,-0.0002115161703709267,-0.011095929658204934,-3.3098321637556934e-05,-9.92832599745267e-05,-0.01211601495742798,-0.012491717711091043,-0.035,0,True,-0.018440726861449222,-0.005643951168576324
745.64,12.011316299438477,-0.03438093885779381,3.0971178302524844,-0.0001892823082843945,0.0002722448738505896,-0.009104047211267957,0.0007903421715971088,-0.0028774215200892484,-0.018040987327694893,-0.009715504720807077,-0.035,0,True,-0.0006037891393993598,0.0010449808024452758
745.66,12.011534690856934,-0.03441452607512474,3.097161517253157,-0.000326111964230666,0.00040747183677603135,-0.012385266283737746,-1.9834916359976655e-05,-0.00024681179345274615,-0.015215877294540407,-0.01697130121290684,-0.035,0,True,0.01683689924116746,-0.024536733758102388
745.68,12.011600494384766,-0.03453568369150162,3.097123268450175,0.00011383261468155584,-7.701875914205755e-05,-0.011454315326726609,-2.4748958995772985e-05,-0.0004835307775727684,-0.010214570611715318,-0.010974648296833039,-0.035,0,True,-0.051977428446823445,0.057887852077517996
745.7,12.011977195739746,-0.034442558884620667,3.0971738373414848,0.00016111921702039567,0.0004291536522831019,-0.009748977718910848,0.0008045545915284792,-0.002062221960623722,-0.010576892718672754,-0.00849414572119713,-0.035,0,True,0.006709236902534119,-0.006830941450063242
745.72,12.012231826782227,-0.034419696778059006,3.0970791477902786,-0.00024185226707690476,0.0004969604300736075,-0.01326224148701596,-0.000960281412005212,0.0017536066461145605,-0.016089793741703034,-0.016213809326291087,-0.035,0,True,0.008914408758254314,0.006683593794861897
745.74,12.012310981750488,-0.034513458609580994,3.096996539496307,-0.00012123734349580516,-0.00013705319197566962,-0.011848527331534742,-0.0002838935311587457,-0.000793287109458085,-0.011526603624224663,-0.01984744504094124,-0.035,0,True,-0.06594126808778379,0.04055185884312366
745.76,12.012663841247559,-0.03450614959001541,3.097263556981864,3.716623535773272e-06,0.0001538743137041298,-0.010741162626065899,4.004850729256347e-05,5.115672601645683e-05,-0.008511349260807039,-0.007794130742549897,-0.035,0,True,-0.012768899429036754,-0.04992958352276799
745.78,12.012925148010254,-0.03446212783455849,3.097110374372728,1.4735036450813171e-05,0.000196097436912058,-0.015024279165928753,-0.00105055614950512,0.00118192674682322,-0.015692515894770623,-0.017411707863211633,-0.035,0,True,-0.03976183664238049,0.004318815768979093
745.8,12.013090133666992,-0.03446097671985626,3.09708324032836,-4.26502740346464e-05,-0.0003740032942933693,-0.014283753441337971,-0.0007980195309442039,-0.002240760035703246,-0.013944791480898859,-0.013988475725054742,-0.035,0,True,-0.07060748905748593,0.027786261695804195
745.82,12.01351547241211,-0.03448294475674629,3.097091093636053,-5.2276728660565844e-05,0.00015193634975722804,-0.015029474262926808,-0.00012983304387128496,-0.0004477818479395808,-0.011729490756988526,-0.01222813054919243,-0.035,0,True,-0.0007853046054368477,-0.010930355198013336
745.84,12.013808250427246,-0.03449321538209915,3.0970842961790077,-7.746992860167881e-05,0.00018351712953455402,-0.016389761750667663,0.0006728334255485829,0.0022740576616819296,-0.020606071799993516,-0.021013680845499042,-0.035,0,True,-0.02043071701483244,0.0751362682577845
745.86,12.014126777648926,-0.03450524061918259,3.097074551824893,-0.00012430378331266222,0.00027686075745281935,-0.015087103534363733,9.216217806168271e-05,0.00030749833098170576,-0.015026945024728776,-0.015262152031064034,-0.035,0,True,-0.0224815955139822,0.009662195352148586
745.88,12.014397621154785,-0.034573089331388474,3.0972651649412946,0.00011978093221139898,1.663735976001086e-05,-0.015918210802525402,-0.0010748236974821995,0.003770141424922589,-0.015594705119729043,-0.015857809334993363,-0.035,0,True,-0.018286754211864247,-0.060644310842541106
745.9,12.014720916748047,-0.034544024616479874,3.0971156935025315,0.0002153940802815884,-3.551886272927405e-05,-0.01682800190404375,6.410475228902203e-05,0.0003251937802316031,-0.017168652191758157,-0.017699120044708253,-0.035,0,True,-0.04551208986514563,-0.009179656956927419
745.92,12.015084266662598,-0.03446374461054802,3.0973859074930012,-0.000429902334116627,-5.896885214050544e-05,-0.017852702087615472,-0.0007741560748161391,-0.0025774872057169463,-0.017168652191758157,-0.017699120044708253,-0.035,0,True,-0.06608211095186246,-0.09386689518592208
745.94,12.015471458435059,-0.03457022085785866,3.0971005673273115,-2.5534564014161818e-05,1.249080267292944e-05,-0.018728070723577246,-0.0001421219166259038,-0.0004268742255728634,-0.019503028988838197,-0.019001146256923677,-0.035,0,True,-0.03726995733835155,-0.00389418984516742
745.96,12.015827178955078,-0.03457433357834816,3.097058965964837,-3.650970009809876e-05,-1.5618367345756273e-05,-0.021204779678677104,0.0010770450201284469,-0.003739210189955019,-0.014886167645454407,-0.024989855587482453,-0.035,0,True,-0.03969666546901738,0.034567946973661105
745.98,12.016218185424805,-0.03459930419921875,3.0970815435644856,-7.033684162332447e-05,-5.3712623134954704e-05,-0.019809598491113398,2.7775085280520124e-05,1.3658592618050124e-05,-0.019016370028257373,-0.019201369881629946,-0.035,0,True,-0.04004008012098219,0.004397113798349366
746.0,12.016775131225586,-0.034625343978405,3.0970867706778047,-9.405125271965373e-05,0.0006118319529895911,-0.021028435325138487,6.598292150767748e-05,0.00018794855217735715,-0.02032157137989998,-0.02053045675158501,-0.035,0,True,-0.0017025707212372676,0.01700462522091061
746.02,12.017054557800293,-0.03464295715093613,3.097101660014721,-9.283750520926198e-05,2.009997472911107e-05,-0.021931277133252908,-2.456639721582128e-05,-7.5105121705234e-05,-0.02449995577335358,-0.025042974501848222,-0.035,0,True,-0.05839794265766277,-0.0037155833693836575
746.04,12.017507553100586,-0.03465445339679718,3.0970740018490113,-0.00015585365079210167,1.138651983607381e-05,-0.02134098533637596,0.0009208774995441761,-0.0023788401722834073,-0.016010074689984322,-0.015557525008916856,-0.035,0,True,-0.05640282436447117,0.0034810288486384166
746.06,12.01797103881836,-0.03467537462711334,3.097075535154749,-0.00026855086073713656,-1.6166403461955815e-05,-0.02448143390372217,-0.0001026155230042312,-0.00028358807693237213,-0.023006731718778612,-0.023234696090221406,-0.035,0,True,-0.03896880157500963,0.008023042387943278
746.08,12.018477439880371,-0.03477492183446884,3.096896463464022,0.0003290468486940925,7.763681963632626e-05,-0.02554066127429849,9.770610753467033e-05,0.00046643086006857294,-0.023789737373590473,-0.024058004319667817,-0.035,0,True,-0.05524936053512959,0.08404436253230625
746.1,12.019011497497559,-0.03472191467881203,3.0970789729685664,-0.0001440359458333593,0.00012782831135425477,-0.025048781259255273,0.0016509226675707326,0.0005667382693305566,-0.0249482199549675,-0.02545762747526169,-0.035,0,True,-0.044982362320538656,0.00583930390658522
746.12,12.019548416137695,-0.03475355729460716,3.0971113163178168,-0.00026074871013226234,0.00021506997039261403,-0.02576093417918859,-0.0003092949646806663,0.004344708830304533,-0.028827082514762882,-0.019611563682556152,-0.035,0,True,-0.04709259044026551,-0.006169887751680492
746.14,12.019967079162598,-0.03489648923277855,3.0971208742162957,8.238089395126546e-05,-0.0002555906223411239,-0.028080022889367104,5.205361020390741e-05,0.00018355623559468444,-0.025969412177801136,-0.026292020529508593,-0.035,0,True,-0.06411171543588888,-0.001908477977667006
746.16,12.020537376403809,-0.03484184294939041,3.097244040170446,-5.3913125403580746e-05,-0.00028887330527808865,-0.029308068509516304,3.2710097100833915e-05,-2.7160160065417532e-05,-0.024260559231042863,-0.024418890625238422,-0.035,0,True,-0.0686444057642724,-0.07571850900410486
746.18,12.021255493164062,-0.034825943410396576,3.097093657467414,-6.655222339142489e-05,0.00023379063257494674,-0.03017771849412172,-0.0013440449260159893,0.00041406003111733495,-0.02907494366168976,-0.02886310011148453,-0.035,0,True,-0.05160289853891501,-0.023869391295082077
746.2,12.021890640258789,-0.034860119223594666,3.0971091435050115,-0.00012081961099399276,0.0004147808863713124,-0.03125248664033319,-0.0005213536349595138,-0.0017127718900269548,-0.033404595702886584,-0.03413124576210976,-0.035,0,True,-0.04965807882444567,0.00032573245434228923
746.22,12.022383689880371,-0.03489646688103676,3.097153999018785,-8.919993846791827e-05,-0.00018184538732206554,-0.03220825477248242,-0.0004945844957070549,-0.0017259950680128585,-0.02962627783417702,-0.02978337734937668,-0.035,0,True,-0.08161784465631415,-0.012802125540845546
746.24,12.02303695678711,-0.03491135686635971,3.0971070184192437,-0.00016639872555503367,-0.00032511572328656856,-0.03328071481547399,7.164070848832485e-06,-1.1015637180210618e-06,-0.025114274322986605,-0.027067732959985737,-0.035,0,True,-0.09228918185844624,0.020496505226266608
746.26,12.023831367492676,-0.034900881350040436,3.096955577861973,-8.052273911701431e-05,-6.267351163647429e-06,-0.03670714606663019,-0.0031653576089946903,-0.0006101100121508327,-0.03403950363397599,-0.034146824181079866,-0.035,0,True,-0.06425788083327412,0.04485040024692197
746.28,12.024550437927246,-0.034979093819856644,3.097109055379914,0.0004870995013403913,8.644141820103508e-06,-0.03863562118900218,-0.003006516823717157,-7.305147192711729e-05,-0.0349991050362587,-0.03561955481767655,-0.035,0,True,-0.06834288606002913,0.013723136860543795
746.3,12.025328636169434,-0.034774526953697205,3.097105190217813,-0.0001369890499689989,8.885120778613717e-05,-0.03734888523913967,-0.0005490409859800597,0.0018620369517376356,-0.03594338148832321,-0.03539665251970291,-0.035,0,True,-0.06544118611100423,-0.003634785987804299
746.32,12.026135444641113,-0.03480852022767067,3.0971011743014896,-0.0002517180542524091,0.00017893918661128936,-0.03874814570027912,-0.0026230392345271943,0.001096749385126044,-0.03270204603672028,-0.042094047963619236,-0.035,0,True,-0.04329545469681477,-0.007000848894771126
746.34,12.02681827545166,-0.03498988226056099,3.097104540818112,0.0001983161841270243,-0.0003140184164353489,-0.04194244095551321,-0.00029330946850571454,-0.0009008928911753254,-0.038801678717136384,-0.0387626987695694,-0.035,0,True,-0.10312131653088615,-0.029158807991250986
746.36,12.027656555175781,-0.03490732982754707,3.0971967953307242,0.00017770210149104716,-0.0004198833533656552,-0.04209925756474913,0.0016282529741091887,-0.0006331193835090939,-0.03844645738601685,-0.03826268523931504,-0.035,0,True,-0.1106531489359384,-0.023716313099299002
746.38,12.028681755065918,-0.03490031138062477,3.097033118786519,-0.00018072107920952008,0.0001411772031927708,-0.045598590561614784,-0.00018995721776512205,-0.0004706676875636368,-0.041572565734386446,-0.042357409298419954,-0.035,0,True,-0.09195465407386756,0.013467266786823336
746.4,12.029494285583496,-0.03508812561631203,3.097050524750809,0.00022600705677753603,-0.00021959077142421016,-0.04760039761514614,-0.00025424194263823623,-0.0008005556628161505,-0.047360467314720156,-0.04896198302507401,-0.035,0,True,-0.11685992020433525,0.042493558061152924
746.42,12.030463218688965,-0.03513719514012337,3.097066887403107,0.0003225868633899513,-0.00019822475766947273,-0.04929881328141592,0.0001032397786707817,0.0001764884517695616,-0.04347081512212754,-0.040618778467178346,-0.035,0,True,-0.10098327837606005,0.01708985860492594
746.44,12.031461715698242,-0.035056572407484055,3.097132750877699,-0.00016519044430756072,-0.00022273461850161298,-0.05144805118110073,-0.0009359182573359999,0.0027663652613848792,-0.04785877019166947,-0.047218608260154726,-0.035,0,True,-0.09135124321194169,0.08413808063686118
746.46,12.032621383666992,-0.035084109753370285,3.0970472378626606,-9.206236830160337e-05,0.0001641349850178286,-0.05367725283170372,-0.001523850415031127,0.0008965210008311375,-0.04944862008094788,-0.04902916163206101,-0.035,0,True,-0.0630470799431046,0.10185933115342198
746.48,12.033609390258789,-0.03519625589251518,3.09727183397172,0.00029599520282602693,-0.00022175491113147016,-0.05490849707210521,0.001758395284120543,0.0059304907881361875,-0.052080971300601964,-0.053818200230598454,-0.035,0,True,-0.026017596002141947,0.014044642735402693
746.5,12.034758567810059,-0.0352066308259964,3.0971386090831734,-0.00013573039245164348,-0.00023634831819609937,-0.05434257967686687,0.0024363860524232233,0.008325234944047489,-0.051083207726478584,-0.04826313108205796,-0.035,0,True,0.06423966314970002,0.04267115020108491
746.52,12.035843849182129,-0.035391729325056076,3.0976071901407494,0.00029274905528814366,-0.0002565921822470567,-0.053529458861270196,0.0010934716265333976,0.003889936680216073,-0.05654711782932282,-0.055964636206626894,-0.035,0,True,0.17393040702911977,-0.11973027651832092
746.54,12.036955833435059,-0.035472024232149124,3.0977132566581838,0.00023433742574453502,-0.00014896604500266397,-0.048538079779732395,0.002649700008354916,0.004310213016914826,-0.05900714367628098,-0.04880731701850891,-0.035,0,True,0.264121786492107,-0.1720001625001435
746.56,12.037883758544922,-0.035471949726343155,3.097583028906137,-8.630749099576715e-05,-0.00010082789083158224,-0.040994064509788285,0.00149072301787298,-0.0036479313333207743,-0.058522914052009586,-0.05502108991146088,-0.035,0,True,0.3516496743354736,-0.09846006200586342
746.58,12.038628578186035,-0.03558873385190964,3.0974834261245268,3.892068096478237e-06,-0.000243588188787242,-0.0332128367574875,0.0009150634647889628,-0.005434778055971029,-0.04796670198440552,-0.04968473613262177,-0.035,0,True,0.3689044389578056,-0.08622532888659323
746.6,12.039114952087402,-0.03565515577793121,3.0973153556340836,6.848694810888916e-05,-0.00040292600401863374,-0.025397484914417914,0.0014563277506351832,-0.0039868682802570304,-0.039249308705329895,-0.039308474361896516,-0.035,0,True,0.3171178085853331,0.07255303885494184
746.62,12.039607048034668,-0.035662319511175156,3.097278474413706,7.039824312758276e-05,1.7139955214762102e-05,-0.01902572466309285,0.0003839089979518602,-0.0025878132940161612,-0.02673834562301636,-0.026969501823186876,-0.035,0,True,0.24479425588844472,0.05523431538203537
746.64,12.039908409118652,-0.03567827492952347,3.097264079443716,0.00014147331677159862,2.65838789322332e-05,-0.015624639822948658,-0.001236846666739504,0.0021563117750775422,-0.024603887349367144,-0.024706734120845796,-0.035,0,True,0.1588362000485284,0.049412718741862156
746.66,12.04014778137207,-0.03568684309720993,3.0972764010610057,0.00030875074138065586,-5.689851738384021e-05,-0.013629296286429731,-0.0004881916030866627,-0.0010160328254122184,-0.01584180481731892,-0.01597644418478012,-0.035,0,True,0.0817702664728641,0.03376590702834391
746.68,12.04036808013916,-0.03561169654130936,3.0974878605760896,-0.0002794995221030762,-0.00019997990701790626,-0.0126905889105472,-0.00012747807827212987,-3.3850780911653284e-05,-0.014303440377116205,-0.014137819930911065,-0.035,0,True,0.03378231661533293,-0.06192883686734476
746.7,12.040698051452637,-0.03567160665988922,3.097197191787673,-0.0002415798503017696,0.00015710478270123117,-0.012484103345260374,5.657533646031209e-05,0.00011345926825273324,-0.013934795111417772,-0.013461253419518471,-0.035,0,True,0.0208249879881492,0.022076548544515857
746.72,12.040923118591309,-0.03571284934878349,3.097261371381243,-0.00043787977215992797,0.00020101240700579986,-0.012922054493720641,0.001053249653452687,-0.0027979951743125737,-0.01237516798079014,-0.013496068865060808,-0.035,0,True,0.021615444434192294,0.012412556337358834
746.74,12.041145324707031,-0.03573568910360336,3.097285477802466,3.917259138079703e-05,0.00020171653899674538,-0.011963297247376943,0.00042233965427861857,0.0007500910581499536,-0.010381829217076302,-0.0122435399889946,-0.035,0,True,-0.0038614388247018476,0.010878968228216103
746.76,12.041397094726562,-0.03574168682098389,3.0972640209621445,0.00011855719952083206,0.00028641445809159994,-0.010961353355810931,0.00043086916181021286,0.0009591537260775615,-0.012024146094918252,-0.011829185336828233,-0.035,0,True,-0.005046024142127547,0.04571562537506334
746.78,12.04165267944336,-0.03574775159358978,3.0972571990723248,-0.00022993876273862492,0.0002885189535823712,-0.01279301845123624,0.00029630273391523167,0.00098377672650923,-0.012250977158546448,-0.012666893303394319,-0.035,0,True,0.0020291045739836613,-0.01292775978892223
746.8,12.041797637939453,-0.03578614443540573,3.0973381036793293,7.548243282216054e-05,-0.00011428627124662261,-0.013325736425090478,0.0002019173570896413,0.0008592548556891667,-0.01004691042006016,-0.012956600785255434,-0.035,0,True,-0.03093482730838558,-0.009190872974775693
746.82,12.042166709899902,-0.03580472990870476,3.0973641799405867,0.00013675583207528063,0.00040011821772595286,-0.011800968881458167,0.0013397185893002806,-0.00028412972496435384,-0.00815644919872284,-0.00780190508812666,-0.035,0,True,-0.017333679383620258,0.0017701537191093485
746.84,12.042461395263672,-0.03580498695373535,3.0973327613505997,-0.0002811059972984235,0.0005221488665370638,-0.013436139540483043,3.481196974020051e-07,0.00022388388809512974,-0.017455769702792168,-0.01718491226434708,-0.035,0,True,-0.013783338939522606,0.030648013065972795
746.86,12.042591094970703,-0.03589656576514244,3.0972344686943276,-9.073255058817602e-05,-7.814034556625811e-05,-0.01417971280192657,0.0003522957055895555,0.0011253890240380503,-0.010977920964360238,-0.014185997247695923,-0.035,0,True,-0.06171201955450645,0.04806466752468011
746.88,12.042871475219727,-0.035833731293678284,3.097356014390377,-0.00013853735018628114,-0.00021909080480653393,-0.01442840354025285,-0.002653053183901525,0.0033110959009682445,-0.009959710910916329,-0.009220954850316048,-0.035,0,True,-0.052325112403100324,-0.0019882254681532624
746.9,12.043298721313477,-0.035883188247680664,3.0974542110625096,2.4558569440228482e-05,0.00019017815229190784,-0.016737930445814193,-0.0003480091767492521,0.003561043677006558,-0.016289523467421532,-0.01625048615038395,-0.035,0,True,-0.03298026967575793,-0.030371678321403105
746.92,12.043623924255371,-0.03564399480819702,3.097597649022677,-0.0006550634302992571,0.00015947352622412074,-0.017622148532727262,-4.809256084745779e-05,6.482585064301342e-05,-0.017158833146095277,-0.018991016894578935,-0.035,0,True,-0.014979460258024036,-0.07626387350535302
746.94,12.043930053710938,-0.03592783585190773,3.0975193521884883,-6.472723742093243e-05,0.00013442031864208324,-0.016818134375988555,-0.00042279587260045994,-0.0013043452416754409,-0.013842894956469537,-0.017192199751734735,-0.035,0,True,-0.02009811310466195,-0.07278696063105951
746.96,12.044280052185059,-0.03589189052581787,3.0973612004584283,-8.398878517581207e-05,0.0001901574298332169,-0.015626760360895386,0.0028538748551303872,-0.0027900139794631183,-0.01100763000547886,-0.02342398926615715,-0.035,0,True,-0.019140821284740962,-0.0016156210484031173
746.98,12.044644355773926,-0.03590867668390274,3.0973498634431755,-0.00012688009886831385,0.0002967616210678757,-0.01834577949418797,-0.0006874188504231891,-0.0022619131734811816,-0.01742846600711346,-0.017647514641284945,-0.035,0,True,-0.021666691260065873,0.033727038933378126
747.0,12.044862747192383,-0.03592735901474953,3.0973744479043197,-0.00012541328849860245,-0.00039506605369619616,-0.019153414235507323,3.622900313206322e-05,-6.442383322930209e-05,-0.01786510139703751,-0.018161633759737016,-0.035,0,True,-0.08610044009929803,0.0335079354421003
747.02,12.045398712158203,-0.03593780845403671,3.09733839913461,-0.0001406048942160711,0.00014928227096411222,-0.018551469676792248,0.0004544326123986399,0.0013938178729923554,-0.015264445245265962,-0.014958240389823916,-0.035,0,True,-0.04205578037984252,0.03208121358002935
747.04,12.04581069946289,-0.03596251830458641,3.09735604655177,-0.00022096544869674466,0.00020975565549855363,-0.022514795568832964,-4.574909064881212e-05,-0.0001093791440975318,-0.025281441658735276,-0.026364576220512394,-0.035,0,True,-0.02406282807479871,-0.005238695031932907
747.06,12.046125411987305,-0.03601065278053284,3.097461368873015,3.0245039444776573e-05,-0.00017973978562539964,-0.021710241924572313,0.0001118498415975149,0.00030458391291883177,-0.02029200315475464,-0.020536855012178425,-0.035,0,True,-0.05584362079305924,-0.026209447722134346
747.08,12.046662330627441,-0.03600335493683815,3.097365697572792,7.75349669829479e-05,0.00022561438163584398,-0.021078440481492204,-0.00014594470458482067,-0.000483519435784149,-0.01974594697356224,-0.017565768882632258,-0.035,0,True,-0.023982382070875156,-0.001312511369313785
747.1,12.047133445739746,-0.036023370921611786,3.0973627658476435,0.00015372252151920794,0.0003516775914556729,-0.023018959340239273,-0.00024755299934717994,-0.0007029379447794649,-0.02564350560307503,-0.02582928463816643,-0.035,0,True,-0.04732928372458868,-0.005941608178305642
747.12,12.04749584197998,-0.036025408655405045,3.0973173649969072,5.553215979070602e-05,-0.00018866050554780503,-0.024433386134503958,-0.00010440048249763553,-0.00021438005364268832,-0.02240491554141045,-0.022531322389841082,-0.035,0,True,-0.0594150575933968,-0.0033194003511163184
747.14,12.047966003417969,-0.03607229143381119,3.0974051338374324,-0.00011153591504429853,-0.000300653749277612,-0.025496584622541344,-7.534025593054165e-05,-0.00017074474134586278,-0.019594693928956988,-0.020885899215936664,-0.035,0,True,-0.04878645272360762,-0.00016585143980403112
747.16,12.048615455627441,-0.036081526428461075,3.0973485471685005,-0.00012906032891660325,0.0002684659694745899,-0.025831645088959625,0.0012923319310541967,-0.000749071463873213,-0.027206306308507924,-0.025347744077444077,-0.035,0,True,-0.04697877522230144,-0.0024040162887393798
747.18,12.049171447753906,-0.03610745072364807,3.097349106268336,-0.00021780177292667738,0.00044337612830238433,-0.026921875558124333,-0.00022624162028689093,-0.0007162060599637753,-0.02998845547437668,-0.03088118597865105,-0.035,0,True,-0.04628298702352113,0.0014844092462871924
747.2,12.049555778503418,-0.03622009605169296,3.0972574392797974,-6.003387965447672e-05,-0.00023273933852524636,-0.028191688152289996,-0.00011663581125555917,-0.0004067013567419371,-0.025766672641038896,-0.026040039211511615,-0.035,0,True,-0.06285189219131128,0.021540509992155326
747.22,12.050118446350098,-0.03614946827292442,3.0973478373526353,-0.00010576302355489391,-0.0004383554116084052,-0.02919922358442493,3.048548513824925e-06,-5.199200164282663e-05,-0.023046003729104998,-0.021643221080303195,-0.035,0,True,-0.06199489113976598,0.020392304283102066
747.24,12.05086898803711,-0.03617216274142265,3.097316011059961,-0.00011914457587955111,0.0001511747476891071,-0.0308597964642671,0.0005845145845823237,0.0009741693355000947,-0.0303660623729229,-0.030159793049097064,-0.035,0,True,-0.04155741936422155,0.030888195233376235
747.26,12.051505088806152,-0.03621101379394531,3.0973449469082044,-0.00021146407636241617,0.00025847282063126784,-0.03188146684930815,0.00021388843551057354,0.0009151782826852246,-0.035612307488918304,-0.03627372115850449,-0.035,0,True,-0.06932458196364476,0.0332877913272183
747.28,12.052020072937012,-0.03637608513236046,3.0973353728266373,0.0003047451515659987,-0.00020029814025158868,-0.031516281701424696,0.0005896920457056783,0.0020643542619259146,-0.030821775197982793,-0.03066254153847695,-0.035,0,True,-0.06726574575975305,-0.0099574518829736
747.3,12.052665710449219,-0.036279380321502686,3.09742105161525,-0.00016759484316894715,-0.00035430432365285446,-0.034745190141511464,0.000754511015194835,0.002611031304532215,-0.030922815352678303,-0.029984660744667057,-0.035,0,True,-0.08065897860905964,0.015360478511121326
747.32,12.053385734558105,-0.03633084148168564,3.0974811594009153,-0.00012589890378103183,-0.00037660790957809724,-0.036241056125050096,4.402204673506103e-05,0.00017757318486179917,-0.03495391249656678,-0.03350474923849106,-0.035,0,True,-0.1034149105438629,-0.009009031402310241
747.34,12.054279327392578,-0.03639405593276024,3.097553829412567,-0.0001833744413602828,0.00033783343853825595,-0.03833418513803622,0.0007004311514937499,0.0021440165635755594,-0.03539819419384003,-0.035529601573944095,-0.035,0,True,-0.03967097575472449,-0.03363349189041717
747.36,12.054916381835938,-0.03650745376944542,3.0973495786814262,0.0003453672383260461,-1.3771365110653974e-05,-0.03978947454493796,0.0004088242728097053,0.0013436317497407266,-0.041032733619213106,-0.04189481526613236,-0.035,0,True,-0.0780130775961378,0.008757348143876452
747.38,12.055727005004883,-0.03647037222981453,3.097592572940336,-9.059659936321494e-05,-1.1792716799305773e-05,-0.03791886820189105,0.0018392902294830245,-7.964804670253539e-05,-0.03339343681931496,-0.03399869307875634,-0.035,0,True,-0.0665613293536111,-0.028188592770966973
747.4,12.056564331054688,-0.03650430217385292,3.0975886499408944,-0.0001753480263891274,1.1487699832767326e-05,-0.042482102332735444,0.0005981747060274415,0.0008781610363712781,-0.03900753080844879,-0.039251964390277866,-0.035,0,True,-0.07106851006679513,-0.030947829563677233
747.42,12.057303428649902,-0.036674488335847855,3.097547457568831,0.00027060447001592486,-0.00046820850730405013,-0.043659091486320266,-4.382328421149062e-05,-0.0001110708580997475,-0.04088931620121002,-0.04115397512912751,-0.035,0,True,-0.12705289216027008,-0.024154360088847714
747.44,12.058309555053711,-0.036704763770103455,3.097419831564336,0.00033030449724490965,7.40624938775784e-06,-0.04547495535028448,-0.0002714054899734771,-0.0011321946153547186,-0.04146765261888504,-0.03841291189193726,-0.035,0,True,-0.07863040879927363,-0.029338698270677213
747.46,12.059216499328613,-0.03662065789103508,3.097583687271688,-0.0001450424612202163,4.639485478623171e-05,-0.048083099574717854,-0.0003800666193252856,-0.002011996853811341,-0.049258843958377846,-0.04801510512828827,-0.035,0,True,-0.08334462051677251,-0.07399086749699058
747.48,12.060199737548828,-0.03664325922727585,3.097498074371666,-0.00035881048105944807,0.00012109584330673853,-0.04877253503668055,-0.0026070201570873204,-0.0014689348252840998,-0.04457362115383148,-0.04430499434471131,-0.035,0,True,-0.08706326904335701,-0.04496655266108183
747.5,12.061147689819336,-0.036813344806432724,3.097386497820526,0.0002809862056326016,-2.274643315451984e-05,-0.05032666112766548,0.00042675099265607154,-0.006030340257862021,-0.046743407547473914,-0.04711423128843308,-0.035,0,True,-0.10648589061383967,-0.011203362093874528
747.52,12.062216758728027,-0.03666839748620987,3.0973023167783134,-0.00014846109638215512,2.6906375293047073e-05,-0.052440016873746706,0.0007198336399890843,-0.004729518828237993,-0.048365657627582555,-0.04637631177902222,-0.035,0,True,-0.10554833296778685,-0.019852875830696077
747.54,12.063237190246582,-0.03683268651366234,3.0971012600510597,0.00013693047901887023,-0.00033184139253441663,-0.05660197082381728,-0.0009598513384774087,-0.002908265821320488,-0.04743947446346283,-0.05921239286661149,-0.035,0,True,-0.07761082546733279,0.06627373846105945
747.56,12.064388275146484,-0.036886535584926605,3.0971197128654073,-3.636872552917728e-05,-0.00037437889245501345,-0.05721640167409582,0.0013176125491508282,-0.0030571648917383414,-0.05309102028608323,-0.0508347374200821,-0.035,0,True,0.024861673637837277,0.03906785671682862
747.58,12.065674781799316,-0.036938030272722244,3.09715383655482,-9.370954691333453e-05,0.00019910056381716672,-0.05653552716505528,-0.00030545036224171717,-0.0007284411809745532,-0.05827718287706376,-0.0564173772931099,-0.035,0,True,0.20502506906912488,0.017459884947026685
747.6,12.066784858703613,-0.03697720170021057,3.097057743586974,0.00010677559391205764,9.372453606708583e-05,-0.050451082982718706,-0.0005496273354366932,-0.0016040902908901042,-0.06080994695425034,-0.060358482599258426,-0.035,0,True,0.33208297949558846,0.018144819989526873
747.62,12.067756652832031,-0.03700919821858406,3.0970429847565817,0.0002665291963103677,0.00013529837835339278,-0.0401999652982789,-0.00030202303149744615,-0.0015114750255576384,-0.053509256243705755,-0.05256099104881287,-0.035,0,True,0.4273832442508159,0.01489162814790372
747.64,12.068422317504883,-0.03702229633927345,3.096991385642136,0.00011447927134689328,-5.0038598999494175e-05,-0.03064976331443515,0.0006768709417391673,-0.0016055792925754489,-0.04667477697134018,0.0009691226482391359,-0.035,0,True,0.39915912417945015,0.01881042493157763
747.66,12.068888664245605,-0.037057116627693176,3.0970329185527756,0.00015794937223356973,-5.5198147077031187e-05,-0.022344867625021102,0.00015060374160418607,0.0004628890708566609,-0.03491877734661103,-0.030626741945743562,-0.035,0,True,0.30536660138135047,-0.01546215830534777
747.68,12.069231986999512,-0.0371406227350235,3.0969292972435682,0.0004019268388609422,-0.00016775163878291158,-0.018518353048391733,-3.1265716111660686e-05,-9.925629636526241e-05,-0.02438449084758759,-0.024376180619001393,-0.035,0,True,0.2009716270560853,0.03991984985871211
747.7,12.069541931152344,-0.037100862711668015,3.0970800158822502,-0.0001310952725308997,-0.00021295874684754707,-0.01577063718775836,0.001507339222300428,-0.0027484476899860928,-0.019668645262718203,-0.019623448550701143,-0.035,0,True,0.10466842266044489,-0.027925104874596096
747.72,12.069902420043945,-0.037085942924022675,3.096983445138427,3.120221002266618e-05,5.745987429684335e-05,-0.014572033149940105,-0.0007552633016931808,0.0015880086961231534,-0.018529474288225177,-0.017747435569763187,-0.035,0,True,0.07871479344385494,0.002371424622018294
747.74,12.070143699645996,-0.03723372519016266,3.0968130427375766,0.0002726809697372892,4.1400741160104017e-05,-0.013971393812181227,-0.0003114153167835365,-0.0017711193191121699,-0.016492887288331988,-0.01912795051932335,-0.035,0,True,0.027423309038413148,0.06208564117797216
747.76,12.070399284362793,-0.037132248282432556,3.097056337939258,-0.0003017756483159076,3.7625745324947274e-05,-0.012221169572880115,4.537309519907879e-05,9.045767339629819e-05,-0.014005387723445893,-0.01399843715131283,-0.035,0,True,0.02970103287095425,-0.03116914649361887
747.78,12.070659637451172,-0.03712600842118263,3.0969383263367214,-5.121991198732486e-06,5.774981302660087e-05,-0.013576772464687305,-0.001664537746284885,0.0022184036042471626,-0.014262437894940378,-0.014004355594515802,-0.035,0,True,0.005500069332250139,0.01672217448936467
747.8,12.070878982543945,-0.037133097648620605,3.0969906817522985,-0.00019437899250966746,-3.73421201414017e-05,-0.012195950520265926,-0.00025318285631553564,-0.0009055230233640884,-0.005170153118669987,-0.016202858537435534,-0.035,0,True,-0.027144102653350217,-0.00022156255524845932
747.82,12.071234703063965,-0.037149179726839066,3.0969905150259165,-6.316648760409291e-05,0.0003699167149337068,-0.013531388265600991,-0.00027638344883898497,-0.0004333453599623119,-0.012499652430415155,-0.013676251247525216,-0.035,0,True,0.01635789049388545,-0.015958424447149143
747.84,12.071374893188477,-0.03715551644563675,3.096983896097389,-0.00011417038828059152,-0.000153073470511066,-0.014392697785149244,3.9008158335247355e-05,7.273266897641237e-05,-0.025199719890952113,-0.023964269906282427,-0.035,0,True,-0.043474147810432656,0.03147421740380329
747.86,12.071742057800293,-0.037152186036109924,3.0969036587079244,5.90964449577244e-06,0.0001617857574010225,-0.0122681412251758,0.00029320858774985214,0.0009417296484745779,-0.010032932609319688,-0.010488625615835192,-0.035,0,True,-0.021782866065238427,0.019362472721697818
747.88,12.072029113769531,-0.03718756139278412,3.0969965003658166,5.7840541384113485e-05,0.00023025013295629329,-0.01567388234510232,0.0004046510267051598,0.0016124143689414626,-0.016523873582482338,-0.018921926319599155,-0.035,0,True,-0.01664505186304553,-0.014732178712096068
747.9,12.072214126586914,-0.03721645846962929,3.0970658533977944,-0.00019639844449098235,-0.0002559548283668962,-0.01527401755081848,0.00026982582061007806,0.001115652457772105,-0.014922296330332757,-0.014907826706767083,-0.035,0,True,-0.06693429326949128,-0.024620090134089147
747.92,12.072626113891602,-0.03724375739693642,3.097112889246904,-4.5775489304101104e-05,0.00010000841477768798,-0.015724301934191675,-0.0003363460707024062,-0.0011058416279902013,-0.013457185924053193,-0.012247344106435777,-0.035,0,True,-0.03377628720642762,-0.03498883652405089
747.94,12.072961807250977,-0.037228140980005264,3.096992910904546,-5.7742975070023866e-05,0.00012619804870585052,-0.017622884686737842,-0.0003089062017637491,-0.0010278775622535614,-0.01571740224957466,-0.021459073424339295,-0.035,0,True,-0.04914452779894162,-0.00710445516775537
747.96,12.073287010192871,-0.03721661493182182,3.0969080330355774,4.054545333799178e-05,-4.764726439900978e-05,-0.01837598532161791,-0.00028003180976572347,-0.0011866925529840401,-0.017162036448717118,-0.017396759986877442,-0.035,0,True,-0.043433640133684684,0.025626620668077738
747.98,12.073623657226562,-0.03725462779402733,3.096983623192814,9.476065087263348e-05,-0.000156330295743378,-0.01920557977473582,0.00012779752756691823,0.0005472960443513845,-0.016308074668049812,-0.018402647078037265,-0.035,0,True,-0.03787401737019312,0.011522419448783888
748.0,12.074095726013184,-0.037287045270204544,3.0970179538426654,0.0001370407683940353,0.0003214039827492027,-0.019198993144888227,0.0015860414204350018,0.0009442880254570668,-0.018869527131319046,-0.019022475183010104,-0.035,0,True,-0.017037569335776496,-0.04258668436620291
748.02,12.074496269226074,-0.03730687126517296,3.0970366945880943,-0.0002570610436327258,0.0003710179555114218,-0.020652806076350536,-6.328687950375158e-05,-0.00010608400635168868,-0.022851786166429522,-0.022321549355983735,-0.035,0,True,-0.017820230146810483,-0.07839996135763844
748.04,12.07481575012207,-0.03741181269288063,3.096983576077614,0.00015995428368290702,0.00019782364080021025,-0.01973899086847879,0.0021864925021816656,-0.004593627302277174,-0.01964024528861046,-0.018749366253614428,-0.035,0,True,-0.047246633628804754,-0.08811818742959374
748.06,12.075274467468262,-0.03732316195964813,3.096975136472306,-0.0004979015748211745,0.0002750546191994122,-0.020631198186479363,0.0018569818795385103,-0.005724700864253986,-0.02001797735691071,-0.01919123634696007,-0.035,0,True,-0.015160981629695505,-0.04983695656138584
748.08,12.075665473937988,-0.03753221035003662,3.096650463658483,0.00012693290051148844,0.0001466629109044366,-0.02297872383519454,0.000437469358142793,-0.006105166968914039,-0.020656187683343888,-0.022362584173679353,-0.035,0,True,-0.05791240783354768,0.029760262978683803
748.1,12.076138496398926,-0.03752889856696129,3.0965787185189537,0.0002667729150958969,0.00022379018710571273,-0.021865684606726797,0.0024818951619520737,-0.004093040531264596,-0.0237550100684166,-0.026059093177318575,0,0,True,-0.03986393000771892,0.05111583739696359
748.12,12.076650619506836,-0.037529364228248596,3.0964951627201005,-0.0003495170559101187,0.00033010494404287535,-0.024371983495164975,-0.0006897552676343184,-0.0022128062639812517,-0.023233509063720705,-0.0229936358332634,0,0,True,0.02480551323910384,0.039147848767353007
748.14,12.07701301574707,-0.03760022670030594,3.0966476932298046,-3.355095453651394e-05,-0.0001944417328496273,-0.02382031258709851,-0.00048427782122948814,-0.0016354338724948068,-0.023077731132507325,-0.025073835104703904,0,0,True,0.04852636039293791,0.015907586149242155
748.16,12.077615737915039,-0.03756498545408249,3.0964734391573647,0.00014425762695526856,0.00010162904796288331,-0.02099428277606804,0.001938842757031576,-0.0029733390675286465,-0.025830656290054325,-0.023790460228919987,0,0,True,0.1625041877894461,0.025480571618510167
748.18,12.078043937683105,-0.03757581487298012,3.0964478838091543,-0.00021469080413315922,3.2632762410179906e-05,-0.017983575775295295,-0.0010474422560034832,-0.0028204336393263807,-0.027978854030370714,-0.030325124561786654,0,0,True,0.22781826947053102,0.01108065397737274
748.2,12.07832145690918,-0.037760067731142044,3.096257295594698,0.00044011310476572583,0.00014905763109583742,-0.011371648472002636,-1.5023558682726135e-05,-0.00017436053449939554,-0.02073555573821068,-0.01982882604002953,0,0,True,0.24450953647521323,0.05812616561140323
748.22,12.07845401763916,-0.037581443786621094,3.0964220585386584,-8.647224034494906e-05,0.00020329859380979068,-0.005594851029446702,0.0015447616218317675,-0.0007489815543045341,-0.012355011478066445,-0.012095028683543207,0,0,True,0.22979267756639576,0.06903714135466323
748.24,12.078524589538574,-0.03760501369833946,3.0964594903146048,-0.00017124076902396492,0.0003406215204760887,-0.0014335198580409736,-0.0023436353804492313,0.0016767541813859906,-0.004017779603600502,-0.004684318453073502,0,0,True,0.1655194978400744,0.015311781189983872
748.26,12.078485488891602,-0.0377194806933403,3.09638796528481,0.0003481822923351537,0.000216143611157702,0.00039983843002577103,0.0009215545448692912,0.002702537669049503,-0.001985589908435941,-0.001957593932747841,0,0,True,0.0941767344068011,0.030535606375404697
748.28,12.078444480895996,-0.03757794201374054,3.096391435929209,0.00012179846661910848,-4.671824714441198e-05,0.001869911355191272,0.0003431462972450558,0.0010505819606982001,0.0013214131817221642,0.003206789512187243,0,0,True,0.04494775564166944,0.019191952435763087
748.3,12.078418731689453,-0.03765364736318588,3.096638261552182,0.00023463313812188184,-9.119538539749011e-05,0.001939287723090534,-0.0011976551636819334,0.00169386695572562,0.0031288214027881626,0.0003763556573539973,0,0,True,0.029176549106810102,-0.06778039052063953
748.32,12.078373908996582,-0.03762567788362503,3.0965435368714607,0.00021178718327662918,-2.064341056821695e-05,0.002162300593294421,0.0010051321928831974,0.003212110376247823,0.0008026187121868134,0.0008550371322780849,0,0,True,0.02021134654029425,-0.025791259090696052
748.34,12.07833480834961,-0.0376167930662632,3.096523474641268,0.00025894258892327393,0.00011143936479908543,0.0027339623585717733,-0.000822486211091943,-0.002719893572604433,0.0005710683902725577,0.0026251310762017968,0,0,True,0.020811958612491504,-0.032126680520726994
748.36,12.078268051147461,-0.03765048086643219,3.096648404759309,0.000463742432378259,0.00013938504712240703,0.003486819078415639,-0.00031845011658017343,-0.0010127187665585399,0.0020808813162148,0.00289213452488184,0,0,True,0.018165286790111358,-0.07259303014986564
748.38,12.078203201293945,-0.03757806122303009,3.0964206700663737,-6.89086568762952e-05,0.00016191094955868697,0.003604244412090706,-0.0002738950820253426,-0.0008762674859338547,0.0037776424735784533,0.003739640153944493,0,0,True,0.009158100297356904,0.039065457246386104
748.4,12.078096389770508,-0.03758769482374191,3.096462519370136,4.9901667220012105e-05,5.8140378117355056e-05,0.003615523536502008,-0.000788289902535888,-0.0025953320357361464,0.004420496597886086,0.003592809904366732,0,0,True,-0.01561973441468821,0.02701042531006316
748.42,12.078047752380371,-0.03758188337087631,3.0964533732423933,6.293294249799412e-05,0.0001628874965323216,0.0034666103823596593,0.00013099579200146852,0.00040534300710361263,0.0036037758179008963,0.003761127628386021,0,0,True,0.008296386991637171,0.03735200764317337
748.44,12.077981948852539,-0.03757443279027939,3.09644077819645,9.589478824019675e-05,0.0002569458776255976,0.0022372403252399428,0.0004009032062331976,0.0011481152582476183,0.0036037758179008963,0.003761127628386021,0,0,True,0.007556194314578665,0.036273263691568
748.46,12.077925682067871,-0.037576016038656235,3.096453097506942,0.0001684053893587104,0.0004292173063225298,0.004267955371422019,0.0006188795768561669,0.0021118931255215433,0.004619810655713082,0.004317598845809699,0,0,True,0.01846971159535788,0.0016474039579101607
748.48,12.077916145324707,-0.03761165589094162,3.096554368590796,-0.0001239577992665283,0.0007008507228964769,0.0042200190816686104,9.482002642232481e-05,0.00030652905959077783,0.004936207458376885,0.004832276925444604,0,0,True,0.04475651416089039,-0.029449527978833576
748.5,12.077704429626465,-0.03761593624949455,3.096622324692435,-3.3609392487683355e-05,0.00015759809300061663,0.004944187309989046,0.00017788284907600756,0.0005371353237364929,0.005012627243995667,0.0038006911799311643,0,0,True,-0.001312339311836044,-0.04679181830775011
748.52,12.077644348144531,-0.037566810846328735,3.096465300521217,-6.749918856228459e-05,0.0002522453768121084,0.005817761458107917,-0.00040492783023839693,-0.0012078469800569252,0.009861571043729783,0.010303545966744423,0,0,True,0.0004047870162412576,0.02428972565381582
748.54,12.077529907226562,-0.03757245093584061,3.096496068332841,0.0001494047539750522,0.00017162008946205743,0.004162968226475231,-0.0004918553230174279,-0.001631452339095061,0.004313921853899956,0.003935951180756092,0,0,True,0.009384298061340984,-0.00012484442744429154
748.56,12.077452659606934,-0.03755829855799675,3.0964577408323914,0.0002424642618211286,0.0002411458344160593,0.004252402042967882,0.0006990783645746867,0.002249707111894276,0.00550793256610632,0.006950832642614842,0,0,True,-0.01369210341338583,0.027676106315176273
748.58,12.077373504638672,-0.03756161406636238,3.0964918085053075,-7.274252625620774e-05,0.00022235726153759745,0.005694931154896709,0.0002010376507805272,0.0005271477695409445,0.004959218874573708,0.0047262320667505265,0,0,True,-0.005339715157691493,0.02764809941003677
748.6,12.077301979064941,-0.037607330828905106,3.0966452770901687,-0.00011190386911408738,0.0003802336344890364,0.0047223931850364905,0.00033350335023975584,0.0010062415251583094,0.006666335090994836,0.005107797328382731,0,0,True,-0.017300441922659643,-0.04484586011187794
748.62,12.07707405090332,-0.037567976862192154,3.096538240154404,-0.0001673975497369841,-0.00013090823247432316,0.0037357910138596934,0.0002480435923870164,0.0005803956137090121,0.005292788967490197,0.006771017685532571,0,0,True,-0.0711866394362736,-0.0065893471192677985
748.64,12.07707405090332,-0.037567976862192154,3.096538240154404,-0.0001673975497369841,-0.00013090823247432316,0.002868366689154402,-0.0003631041926114938,-0.0013379616970577947,0.009195579290390015,0.009800698384642603,0,0,True,-0.05902991481300982,-0.012578019064490307
748.66,12.07707405090332,-0.037567976862192154,3.096538240154404,-0.0001673975497369841,-0.00013090823247432316,0.0,-0.0,0.0,0.004878872409462929,0.004844463244080544,0,0,True,-0.046697387673222276,-0.0072549451713589405
748.68,12.07707405090332,-0.037567976862192154,3.096538240154404,-0.0001673975497369841,-0.00013090823247432316,0.0,-0.0,0.0,0.004878872409462929,0.004844463244080544,0,0,True,-0.035854583614411684,0.016724521213213876
748.7,12.07707405090332,-0.037567976862192154,3.096538240154404,-0.0001673975497369841,-0.00013090823247432316,0.0,-0.0,0.0,0.004878872409462929,0.004844463244080544,0,0,True,0.0,0.0
748.72,12.07707405090332,-0.037567976862192154,3.096538240154404,-0.0001673975497369841,-0.00013090823247432316,0.0,-0.0,0.0,0.004878872409462929,0.004844463244080544,0,0,True,0.0,0.0
748.74,12.07707405090332,-0.037567976862192154,3.096538240154404,-0.0001673975497369841,-0.00013090823247432316,0.0,-0.0,0.0,0.004878872409462929,0.004844463244080544,0,0,True,0.0,0.0
748.76,12.07707405090332,-0.037567976862192154,3.096538240154404,-0.0001673975497369841,-0.00013090823247432316,0.0,-0.0,0.0,0.004878872409462929,0.004844463244080544,0,0,True,0.0,0.0
748.78,12.07707405090332,-0.037567976862192154,3.096538240154404,-0.0001673975497369841,-0.00013090823247432316,0.0,-0.0,0.0,0.004878872409462929,0.004844463244080544,0,0,True,0.0,0.0
748.8,12.07707405090332,-0.037567976862192154,3.096538240154404,-0.0001673975497369841,-0.00013090823247432316,0.0,-0.0,0.0,0.004878872409462929,0.004844463244080544,0,0,True,0.0,0.0
748.82,12.07707405090332,-0.037567976862192154,3.096538240154404,-0.0001673975497369841,-0.00013090823247432316,0.0,-0.0,0.0,0.004878872409462929,0.004844463244080544,0,0,True,0.0,0.0
748.84,12.07707405090332,-0.037567976862192154,3.096538240154404,-0.0001673975497369841,-0.00013090823247432316,0.0,-0.0,0.0,0.004878872409462929,0.004844463244080544,0,0,True,0.0,0.0
748.86,12.07707405090332,-0.037567976862192154,3.096538240154404,-0.0001673975497369841,-0.00013090823247432316,0.0,-0.0,0.0,0.004878872409462929,0.004844463244080544,0,0,True,0.0,0.0
748.88,12.07707405090332,-0.037567976862192154,3.096538240154404,-0.0001673975497369841,-0.00013090823247432316,0.0,-0.0,0.0,0.004878872409462929,0.004844463244080544,0,0,True,0.0,0.0
748.9,12.07707405090332,-0.037567976862192154,3.096538240154404,-0.0001673975497369841,-0.00013090823247432316,0.0,-0.0,0.0,0.004878872409462929,0.004844463244080544,0,0,True,0.0,0.0
748.92,12.07707405090332,-0.037567976862192154,3.096538240154404,-0.0001673975497369841,-0.00013090823247432316,0.0,-0.0,0.0,0.004878872409462929,0.004844463244080544,0,0,True,0.0,0.0
748.94,12.07707405090332,-0.037567976862192154,3.096538240154404,-0.0001673975497369841,-0.00013090823247432316,0.0,-0.0,0.0,0.004878872409462929,0.004844463244080544,0,0,True,0.0,0.0
748.96,12.07707405090332,-0.037567976862192154,3.096538240154404,-0.0001673975497369841,-0.00013090823247432316,0.0,-0.0,0.0,0.004878872409462929,0.004844463244080544,0,0,True,0.0,0.0
748.98,12.07707405090332,-0.037567976862192154,3.096538240154404,-0.0001673975497369841,-0.00013090823247432316,0.0,-0.0,0.0,0.004878872409462929,0.004844463244080544,0,0,True,0.0,0.0
749.0,12.07707405090332,-0.037567976862192154,3.096538240154404,-0.0001673975497369841,-0.00013090823247432316,0.0,-0.0,0.0,0.004878872409462929,0.004844463244080544,0,0,True,0.0,0.0
749.02,12.07707405090332,-0.037567976862192154,3.096538240154404,-0.0001673975497369841,-0.00013090823247432316,0.0,-0.0,0.0,0.004878872409462929,0.004844463244080544,0,0,True,0.0,0.0
749.04,12.07707405090332,-0.037567976862192154,3.096538240154404,-0.0001673975497369841,-0.00013090823247432316,0.0,-0.0,0.0,0.004878872409462929,0.004844463244080544,0,0,True,0.0,0.0
749.06,12.07707405090332,-0.037567976862192154,3.096538240154404,-0.0001673975497369841,-0.00013090823247432316,0.0,-0.0,0.0,0.004878872409462929,0.004844463244080544,0,0,True,0.0,0.0
749.08,12.07707405090332,-0.037567976862192154,3.096538240154404,-0.0001673975497369841,-0.00013090823247432316,0.0,-0.0,0.0,0.004878872409462929,0.004844463244080544,0,0,True,0.0,0.0
749.1,12.07707405090332,-0.037567976862192154,3.096538240154404,-0.0001673975497369841,-0.00013090823247432316,0.0,-0.0,0.0,0.004878872409462929,0.004844463244080544,0,0,True,0.0,0.0
749.12,12.07707405090332,-0.037567976862192154,3.096538240154404,-0.0001673975497369841,-0.00013090823247432316,0.0,-0.0,0.0,0.004878872409462929,0.004844463244080544,0,0,True,0.0,0.0
749.14,12.07707405090332,-0.037567976862192154,3.096538240154404,-0.0001673975497369841,-0.00013090823247432316,0.0,-0.0,0.0,0.004878872409462929,0.004844463244080544,0,0,True,0.0,0.0
749.16,12.07707405090332,-0.037567976862192154,3.096538240154404,-0.0001673975497369841,-0.00013090823247432316,0.0,-0.0,0.0,0.004878872409462929,0.004844463244080544,0,0,True,0.0,0.0
749.18,12.07707405090332,-0.037567976862192154,3.096538240154404,-0.0001673975497369841,-0.00013090823247432316,0.0,-0.0,0.0,0.004878872409462929,0.004844463244080544,0,0,True,0.0,0.0
749.2,12.07707405090332,-0.037567976862192154,3.096538240154404,-0.0001673975497369841,-0.00013090823247432316,0.0,-0.0,0.0,0.004878872409462929,0.004844463244080544,0,0,True,0.0,0.0
749.22,12.07707405090332,-0.037567976862192154,3.096538240154404,-0.0001673975497369841,-0.00013090823247432316,0.0,-0.0,0.0,0.004878872409462929,0.004844463244080544,0,0,True,0.0,0.0
749.24,12.07707405090332,-0.037567976862192154,3.096538240154404,-0.0001673975497369841,-0.00013090823247432316,0.0,-0.0,0.0,0.004878872409462929,0.004844463244080544,0,0,True,0.0,0.0
749.26,12.07707405090332,-0.037567976862192154,3.096538240154404,-0.0001673975497369841,-0.00013090823247432316,0.0,-0.0,0.0,0.004878872409462929,0.004844463244080544,0,0,True,0.0,0.0
749.28,12.07707405090332,-0.037567976862192154,3.096538240154404,-0.0001673975497369841,-0.00013090823247432316,0.0,-0.0,0.0,0.004878872409462929,0.004844463244080544,0,0,True,0.0,0.0
749.3,12.07707405090332,-0.037567976862192154,3.096538240154404,-0.0001673975497369841,-0.00013090823247432316,0.0,-0.0,0.0,0.004878872409462929,0.004844463244080544,0,0,True,0.0,0.0
749.32,12.07707405090332,-0.037567976862192154,3.096538240154404,-0.0001673975497369841,-0.00013090823247432316,0.0,-0.0,0.0,0.004878872409462929,0.004844463244080544,0,0,True,0.0,0.0
749.34,12.07707405090332,-0.037567976862192154,3.096538240154404,-0.0001673975497369841,-0.00013090823247432316,0.0,-0.0,0.0,0.004878872409462929,0.004844463244080544,0,0,True,0.0,0.0
749.36,12.07707405090332,-0.037567976862192154,3.096538240154404,-0.0001673975497369841,-0.00013090823247432316,0.0,-0.0,0.0,0.004878872409462929,0.004844463244080544,0,0,True,0.0,0.0
749.38,12.07707405090332,-0.037567976862192154,3.096538240154404,-0.0001673975497369841,-0.00013090823247432316,0.0,-0.0,0.0,0.004878872409462929,0.004844463244080544,0,0,True,0.0,0.0
749.4,12.07707405090332,-0.037567976862192154,3.096538240154404,-0.0001673975497369841,-0.00013090823247432316,0.0,-0.0,0.0,0.004878872409462929,0.004844463244080544,0,0,True,0.0,0.0
749.42,12.07707405090332,-0.037567976862192154,3.096538240154404,-0.0001673975497369841,-0.00013090823247432316,0.0,-0.0,0.0,0.004878872409462929,0.004844463244080544,0,0,True,0.0,0.0
749.44,12.07707405090332,-0.037567976862192154,3.096538240154404,-0.0001673975497369841,-0.00013090823247432316,0.0,-0.0,0.0,0.004878872409462929,0.004844463244080544,0,0,True,0.0,0.0
749.46,12.07707405090332,-0.037567976862192154,3.096538240154404,-0.0001673975497369841,-0.00013090823247432316,0.0,-0.0,0.0,0.004878872409462929,0.004844463244080544,0,0,True,0.0,0.0
749.48,12.07707405090332,-0.037567976862192154,3.096538240154404,-0.0001673975497369841,-0.00013090823247432316,0.0,-0.0,0.0,0.004878872409462929,0.004844463244080544,0,0,True,0.0,0.0
749.5,12.07707405090332,-0.037567976862192154,3.096538240154404,-0.0001673975497369841,-0.00013090823247432316,0.0,-0.0,0.0,0.004878872409462929,0.004844463244080544,0,0,True,0.0,0.0
749.52,12.07707405090332,-0.037567976862192154,3.096538240154404,-0.0001673975497369841,-0.00013090823247432316,0.0,-0.0,0.0,0.004878872409462929,0.004844463244080544,0,0,True,0.0,0.0
749.54,12.07707405090332,-0.037567976862192154,3.096538240154404,-0.0001673975497369841,-0.00013090823247432316,0.0,-0.0,0.0,0.004878872409462929,0.004844463244080544,0,0,True,0.0,0.0
749.56,12.07707405090332,-0.037567976862192154,3.096538240154404,-0.0001673975497369841,-0.00013090823247432316,0.0,-0.0,0.0,0.004878872409462929,0.004844463244080544,0,0,True,0.0,0.0
749.58,12.07707405090332,-0.037567976862192154,3.096538240154404,-0.0001673975497369841,-0.00013090823247432316,0.0,-0.0,0.0,0.004878872409462929,0.004844463244080544,0,0,True,0.0,0.0
749.6,12.07707405090332,-0.037567976862192154,3.096538240154404,-0.0001673975497369841,-0.00013090823247432316,0.0,-0.0,0.0,0.004878872409462929,0.004844463244080544,0,0,True,0.0,0.0
749.62,12.07707405090332,-0.037567976862192154,3.096538240154404,-0.0001673975497369841,-0.00013090823247432316,0.0,-0.0,0.0,0.004878872409462929,0.004844463244080544,0,0,True,0.0,0.0
749.64,12.07707405090332,-0.037567976862192154,3.096538240154404,-0.0001673975497369841,-0.00013090823247432316,0.0,-0.0,0.0,0.004878872409462929,0.004844463244080544,0,0,True,0.0,0.0
749.66,12.07707405090332,-0.037567976862192154,3.096538240154404,-0.0001673975497369841,-0.00013090823247432316,0.0,-0.0,0.0,0.004878872409462929,0.004844463244080544,0,0,True,0.0,0.0
749.68,12.07707405090332,-0.037567976862192154,3.096538240154404,-0.0001673975497369841,-0.00013090823247432316,0.0,-0.0,0.0,0.004878872409462929,0.004844463244080544,0,0,True,0.0,0.0
749.7,12.07707405090332,-0.037567976862192154,3.096538240154404,-0.0001673975497369841,-0.00013090823247432316,0.0,-0.0,0.0,0.004878872409462929,0.004844463244080544,0,0,True,0.0,0.0
749.72,12.07707405090332,-0.037567976862192154,3.096538240154404,-0.0001673975497369841,-0.00013090823247432316,0.0,-0.0,0.0,0.004878872409462929,0.004844463244080544,0,0,True,0.0,0.0
749.74,12.07707405090332,-0.037567976862192154,3.096538240154404,-0.0001673975497369841,-0.00013090823247432316,0.0,-0.0,0.0,0.004878872409462929,0.004844463244080544,0,0,True,0.0,0.0
749.76,12.07707405090332,-0.037567976862192154,3.096538240154404,-0.0001673975497369841,-0.00013090823247432316,0.0,-0.0,0.0,0.004878872409462929,0.004844463244080544,0,0,True,0.0,0.0
749.78,12.07707405090332,-0.037567976862192154,3.096538240154404,-0.0001673975497369841,-0.00013090823247432316,0.0,-0.0,0.0,0.004878872409462929,0.004844463244080544,0,0,True,0.0,0.0
749.8,12.07707405090332,-0.037567976862192154,3.096538240154404,-0.0001673975497369841,-0.00013090823247432316,0.0,-0.0,0.0,0.004878872409462929,0.004844463244080544,0,0,True,0.0,0.0
749.82,12.07707405090332,-0.037567976862192154,3.096538240154404,-0.0001673975497369841,-0.00013090823247432316,0.0,-0.0,0.0,0.004878872409462929,0.004844463244080544,0,0,True,0.0,0.0
749.84,12.07707405090332,-0.037567976862192154,3.096538240154404,-0.0001673975497369841,-0.00013090823247432316,0.0,-0.0,0.0,0.004878872409462929,0.004844463244080544,0,0,True,0.0,0.0
749.86,12.07707405090332,-0.037567976862192154,3.096538240154404,-0.0001673975497369841,-0.00013090823247432316,0.0,-0.0,0.0,0.004878872409462929,0.004844463244080544,0,0,True,0.0,0.0
749.88,12.07707405090332,-0.037567976862192154,3.096538240154404,-0.0001673975497369841,-0.00013090823247432316,0.0,-0.0,0.0,0.004878872409462929,0.004844463244080544,0,0,True,0.0,0.0
749.9,12.07707405090332,-0.037567976862192154,3.096538240154404,-0.0001673975497369841,-0.00013090823247432316,0.0,-0.0,0.0,0.004878872409462929,0.004844463244080544,0,0,True,0.0,0.0
749.92,12.07707405090332,-0.037567976862192154,3.096538240154404,-0.0001673975497369841,-0.00013090823247432316,0.0,-0.0,0.0,0.004878872409462929,0.004844463244080544,0,0,True,0.0,0.0
749.94,12.07707405090332,-0.037567976862192154,3.096538240154404,-0.0001673975497369841,-0.00013090823247432316,0.0,-0.0,0.0,0.004878872409462929,0.004844463244080544,0,0,True,0.0,0.0
749.96,12.07707405090332,-0.037567976862192154,3.096538240154404,-0.0001673975497369841,-0.00013090823247432316,0.0,-0.0,0.0,0.004878872409462929,0.004844463244080544,0,0,True,0.0,0.0
749.98,12.07707405090332,-0.037567976862192154,3.096538240154404,-0.0001673975497369841,-0.00013090823247432316,0.0,-0.0,0.0,0.004878872409462929,0.004844463244080544,0,0,True,0.0,0.0
750.0,12.07707405090332,-0.037567976862192154,3.096538240154404,-0.0001673975497369841,-0.00013090823247432316,0.0,-0.0,0.0,0.004878872409462929,0.004844463244080544,0,0,True,0.0,0.0
750.02,12.07707405090332,-0.037567976862192154,3.096538240154404,-0.0001673975497369841,-0.00013090823247432316,0.0,-0.0,0.0,0.004878872409462929,0.004844463244080544,0,0,True,0.0,0.0
750.04,12.07707405090332,-0.037567976862192154,3.096538240154404,-0.0001673975497369841,-0.00013090823247432316,0.0,-0.0,0.0,0.004878872409462929,0.004844463244080544,0,0,True,0.0,0.0
750.06,12.07707405090332,-0.037567976862192154,3.096538240154404,-0.0001673975497369841,-0.00013090823247432316,0.0,-0.0,0.0,0.004878872409462929,0.004844463244080544,0,0,True,0.0,0.0
750.08,12.07707405090332,-0.037567976862192154,3.096538240154404,-0.0001673975497369841,-0.00013090823247432316,0.0,-0.0,0.0,0.004878872409462929,0.004844463244080544,0,0,True,0.0,0.0
750.1,12.07707405090332,-0.037567976862192154,3.096538240154404,-0.0001673975497369841,-0.00013090823247432316,0.0,-0.0,0.0,0.004878872409462929,0.004844463244080544,0,0,True,0.0,0.0
750.12,12.07707405090332,-0.037567976862192154,3.096538240154404,-0.0001673975497369841,-0.00013090823247432316,0.0,-0.0,0.0,0.004878872409462929,0.004844463244080544,0,0,True,0.0,0.0
750.14,12.07707405090332,-0.037567976862192154,3.096538240154404,-0.0001673975497369841,-0.00013090823247432316,0.0,-0.0,0.0,0.004878872409462929,0.004844463244080544,0,0,True,0.0,0.0
750.16,12.07707405090332,-0.037567976862192154,3.096538240154404,-0.0001673975497369841,-0.00013090823247432316,0.0,-0.0,0.0,0.004878872409462929,0.004844463244080544,0,0,True,0.0,0.0
750.18,12.07707405090332,-0.037567976862192154,3.096538240154404,-0.0001673975497369841,-0.00013090823247432316,0.0,-0.0,0.0,0.004878872409462929,0.004844463244080544,0,0,True,0.0,0.0
750.2,12.07707405090332,-0.037567976862192154,3.096538240154404,-0.0001673975497369841,-0.00013090823247432316,0.0,-0.0,0.0,0.004878872409462929,0.004844463244080544,0,0,True,0.0,0.0
750.22,12.07707405090332,-0.037567976862192154,3.096538240154404,-0.0001673975497369841,-0.00013090823247432316,0.0,-0.0,0.0,0.004878872409462929,0.004844463244080544,0,0,True,0.0,0.0
750.24,12.07707405090332,-0.037567976862192154,3.096538240154404,-0.0001673975497369841,-0.00013090823247432316,0.0,-0.0,0.0,0.004878872409462929,0.004844463244080544,0,0,True,0.0,0.0
750.26,12.07707405090332,-0.037567976862192154,3.096538240154404,-0.0001673975497369841,-0.00013090823247432316,0.0,-0.0,0.0,0.004878872409462929,0.004844463244080544,0,0,True,0.0,0.0
750.28,12.07707405090332,-0.037567976862192154,3.096538240154404,-0.0001673975497369841,-0.00013090823247432316,0.0,-0.0,0.0,0.004878872409462929,0.004844463244080544,0,0,True,0.0,0.0
750.3,12.07707405090332,-0.037567976862192154,3.096538240154404,-0.0001673975497369841,-0.00013090823247432316,0.0,-0.0,0.0,0.004878872409462929,0.004844463244080544,0,0,True,0.0,0.0
750.32,12.07707405090332,-0.037567976862192154,3.096538240154404,-0.0001673975497369841,-0.00013090823247432316,0.0,-0.0,0.0,0.004878872409462929,0.004844463244080544,0,0,True,0.0,0.0
750.34,12.07707405090332,-0.037567976862192154,3.096538240154404,-0.0001673975497369841,-0.00013090823247432316,0.0,-0.0,0.0,0.004878872409462929,0.004844463244080544,0,0,True,0.0,0.0
750.36,12.07707405090332,-0.037567976862192154,3.096538240154404,-0.0001673975497369841,-0.00013090823247432316,0.0,-0.0,0.0,0.004878872409462929,0.004844463244080544,0,0,True,0.0,0.0
750.38,12.07707405090332,-0.037567976862192154,3.096538240154404,-0.0001673975497369841,-0.00013090823247432316,0.0,-0.0,0.0,0.004878872409462929,0.004844463244080544,0,0,True,0.0,0.0
750.4,12.07707405090332,-0.037567976862192154,3.096538240154404,-0.0001673975497369841,-0.00013090823247432316,0.0,-0.0,0.0,0.004878872409462929,0.004844463244080544,0,0,True,0.0,0.0
750.42,12.07707405090332,-0.037567976862192154,3.096538240154404,-0.0001673975497369841,-0.00013090823247432316,0.0,-0.0,0.0,0.004878872409462929,0.004844463244080544,0,0,True,0.0,0.0
750.44,12.07707405090332,-0.037567976862192154,3.096538240154404,-0.0001673975497369841,-0.00013090823247432316,0.0,-0.0,0.0,0.004878872409462929,0.004844463244080544,0,0,True,0.0,0.0
750.46,12.07707405090332,-0.037567976862192154,3.096538240154404,-0.0001673975497369841,-0.00013090823247432316,0.0,-0.0,0.0,0.004878872409462929,0.004844463244080544,0,0,True,0.0,0.0
750.48,12.07707405090332,-0.037567976862192154,3.096538240154404,-0.0001673975497369841,-0.00013090823247432316,0.0,-0.0,0.0,0.004878872409462929,0.004844463244080544,0,0,True,0.0,0.0
750.5,12.07707405090332,-0.037567976862192154,3.096538240154404,-0.0001673975497369841,-0.00013090823247432316,0.0,-0.0,0.0,0.004878872409462929,0.004844463244080544,0,0,True,0.0,0.0
750.52,12.07707405090332,-0.037567976862192154,3.096538240154404,-0.0001673975497369841,-0.00013090823247432316,0.0,-0.0,0.0,0.004878872409462929,0.004844463244080544,0,0,True,0.0,0.0
750.54,12.07707405090332,-0.037567976862192154,3.096538240154404,-0.0001673975497369841,-0.00013090823247432316,0.0,-0.0,0.0,0.004878872409462929,0.004844463244080544,0,0,True,0.0,0.0
750.56,12.07707405090332,-0.037567976862192154,3.096538240154404,-0.0001673975497369841,-0.00013090823247432316,0.0,-0.0,0.0,0.004878872409462929,0.004844463244080544,0,0,True,0.0,0.0
750.58,12.07707405090332,-0.037567976862192154,3.096538240154404,-0.0001673975497369841,-0.00013090823247432316,0.0,-0.0,0.0,0.004878872409462929,0.004844463244080544,0,0,True,0.0,0.0
750.6,12.07707405090332,-0.037567976862192154,3.096538240154404,-0.0001673975497369841,-0.00013090823247432316,0.0,-0.0,0.0,0.004878872409462929,0.004844463244080544,0,0,True,0.0,0.0
750.62,12.07707405090332,-0.037567976862192154,3.096538240154404,-0.0001673975497369841,-0.00013090823247432316,0.0,-0.0,0.0,0.004878872409462929,0.004844463244080544,0,0,True,0.0,0.0
750.64,12.07707405090332,-0.037567976862192154,3.096538240154404,-0.0001673975497369841,-0.00013090823247432316,0.0,-0.0,0.0,0.004878872409462929,0.004844463244080544,0,0,True,0.0,0.0
750.66,12.07707405090332,-0.037567976862192154,3.096538240154404,-0.0001673975497369841,-0.00013090823247432316,0.0,-0.0,0.0,0.004878872409462929,0.004844463244080544,0,0,True,0.0,0.0
750.68,12.07707405090332,-0.037567976862192154,3.096538240154404,-0.0001673975497369841,-0.00013090823247432316,0.0,-0.0,0.0,0.004878872409462929,0.004844463244080544,0,0,True,0.0,0.0
750.7,12.07707405090332,-0.037567976862192154,3.096538240154404,-0.0001673975497369841,-0.00013090823247432316,0.0,-0.0,0.0,0.004878872409462929,0.004844463244080544,0,0,True,0.0,0.0
750.72,12.07707405090332,-0.037567976862192154,3.096538240154404,-0.0001673975497369841,-0.00013090823247432316,0.0,-0.0,0.0,0.004878872409462929,0.004844463244080544,0,0,True,0.0,0.0
750.74,12.07707405090332,-0.037567976862192154,3.096538240154404,-0.0001673975497369841,-0.00013090823247432316,0.0,-0.0,0.0,0.004878872409462929,0.004844463244080544,0,0,True,0.0,0.0
750.76,12.07707405090332,-0.037567976862192154,3.096538240154404,-0.0001673975497369841,-0.00013090823247432316,0.0,-0.0,0.0,0.004878872409462929,0.004844463244080544,0,0,True,0.0,0.0
750.78,12.07707405090332,-0.037567976862192154,3.096538240154404,-0.0001673975497369841,-0.00013090823247432316,0.0,-0.0,0.0,0.004878872409462929,0.004844463244080544,0,0,True,0.0,0.0
750.8,12.07707405090332,-0.037567976862192154,3.096538240154404,-0.0001673975497369841,-0.00013090823247432316,0.0,-0.0,0.0,0.004878872409462929,0.004844463244080544,0,0,True,0.0,0.0
750.82,12.07707405090332,-0.037567976862192154,3.096538240154404,-0.0001673975497369841,-0.00013090823247432316,0.0,-0.0,0.0,0.004878872409462929,0.004844463244080544,0,0,True,0.0,0.0
750.84,12.07707405090332,-0.037567976862192154,3.096538240154404,-0.0001673975497369841,-0.00013090823247432316,0.0,-0.0,0.0,0.004878872409462929,0.004844463244080544,0,0,True,0.0,0.0
750.86,12.07707405090332,-0.037567976862192154,3.096538240154404,-0.0001673975497369841,-0.00013090823247432316,0.0,-0.0,0.0,0.004878872409462929,0.004844463244080544,0,0,True,0.0,0.0
750.88,12.07707405090332,-0.037567976862192154,3.096538240154404,-0.0001673975497369841,-0.00013090823247432316,0.0,-0.0,0.0,0.004878872409462929,0.004844463244080544,0,0,True,0.0,0.0
750.9,12.07707405090332,-0.037567976862192154,3.096538240154404,-0.0001673975497369841,-0.00013090823247432316,0.0,-0.0,0.0,0.004878872409462929,0.004844463244080544,0,0,True,0.0,0.0
750.92,12.07707405090332,-0.037567976862192154,3.096538240154404,-0.0001673975497369841,-0.00013090823247432316,0.0,-0.0,0.0,0.004878872409462929,0.004844463244080544,0,0,True,0.0,0.0
750.94,12.07707405090332,-0.037567976862192154,3.096538240154404,-0.0001673975497369841,-0.00013090823247432316,0.0,-0.0,0.0,0.004878872409462929,0.004844463244080544,0,0,True,0.0,0.0
750.96,12.07707405090332,-0.037567976862192154,3.096538240154404,-0.0001673975497369841,-0.00013090823247432316,0.0,-0.0,0.0,0.004878872409462929,0.004844463244080544,0,0,True,0.0,0.0
750.98,12.07707405090332,-0.037567976862192154,3.096538240154404,-0.0001673975497369841,-0.00013090823247432316,0.0,-0.0,0.0,0.004878872409462929,0.004844463244080544,0,0,True,0.0,0.0
751.0,12.07707405090332,-0.037567976862192154,3.096538240154404,-0.0001673975497369841,-0.00013090823247432316,0.0,-0.0,0.0,0.004878872409462929,0.004844463244080544,0,0,True,0.0,0.0
