t,x,y,yaw,roll,pitch,v,lateral,w,rim_left,rim_right,cmd_v,cmd_w,publishing,a,alpha
1032.68,12.05411434173584,-0.03991895914077759,3.1006442765376376,3.6603006725372167e-05,-0.0002206377290314649,0.00789584441342371,5.934459468220649e-05,0.00011760887290168259,-0.004541283063590527,-0.004415976013988257,0.035,0,True,0.28900710124743834,0.011213582957143444
1032.7,12.053997993469238,-0.03993052989244461,3.1006937731876123,6.941661124758936e-05,-0.00011969671494168821,0.015577246278315653,-0.00018117121943623268,-0.0006932523095976782,-0.004541283063590527,-0.004415976013988257,0.035,0,True,0.3172597716897895,-0.003817207495841974
1032.72,12.053483009338379,-0.039897844195365906,3.1006536852474698,0.00013539034665603267,-0.00020722285472736095,0.023120568099774037,0.0003294961370352054,0.0008970866365706596,0.010263504683971405,0.010359415486454965,0.035,0,True,0.20791694720751636,0.010816218043252748
1032.74,12.05286979675293,-0.039853524416685104,3.10058881635287,0.00017713702787063268,-0.0002794688026060677,0.02682799504153584,0.00011524515497447177,0.00031333152501506666,0.02687035903334618,0.025988719612360003,0.035,0,True,0.027751776120025943,0.03647734497458062
1032.76,12.052265167236328,-0.03986959531903267,3.100716043468563,0.00013035555112525136,-0.00015313831839699178,0.024529200190009887,0.0003093266493704751,0.0009829063163611154,0.02786306366324425,0.02673603102564812,0.035,0,True,-0.12873306168428394,-0.029610860488913943
1032.78,12.05185317993164,-0.03985176235437393,3.1007188397096135,0.0001870162183917846,-0.00017179848618315745,0.01779738836791571,0.0006691767551919704,0.0022249352883661174,0.026577823758125306,0.08172502323985101,0.035,0,True,-0.21598073862813466,0.032214796189245255
1032.8,12.051521301269531,-0.039842378348112106,3.1007323177527786,0.00028313424482476684,-0.00039286132631740424,0.012821923165040688,-0.0004911839063549988,-0.0014717822025403012,0.021021551936864856,0.020526767373085023,0.035,0,True,-0.21602420878630788,0.009273403436910186
1032.82,12.051445007324219,-0.03984883427619934,3.100766811175939,0.00036870670355760855,0.00026801530271246683,0.009549535951300784,0.0007577511493881425,0.002890515220152343,0.01555574916303158,0.0158887142688036,0.035,0,True,-0.11982678642844898,-0.028944127355414764
1032.84,12.051241874694824,-0.03978843241930008,3.10059830089236,2.900641358555812e-05,9.00155810817538e-05,0.007247263487120976,0.00045558156527947914,0.0017247785913132557,0.014637017250061037,0.007158190160989762,0.035,0,True,-0.06558683990914503,0.04502351209143312
1032.86,12.051087379455566,-0.0398811511695385,3.1009500809272255,3.5417473287567825e-05,7.003473239864759e-05,0.00821124545364851,-7.052483248576764e-05,-9.059490006495785e-05,0.013153387457132341,0.011755466610193254,0.035,0,True,-0.027839677229302782,-0.0715161092100164
1032.88,12.05094051361084,-0.03985503315925598,3.100870300040084,6.130983879553088e-05,6.063391585526215e-05,0.007574975972298946,0.0006125045504033972,0.0021300987647813094,0.009287693798542024,0.010020628422498705,0.035,0,True,0.0007920149366638198,-0.04319603912557868
1032.9,12.050788879394531,-0.03981650620698929,3.100759563583934,6.550227010997533e-05,2.4601080780802844e-05,0.007322361772952257,-0.0007978735989833366,-0.002830773516660026,0.009753738343715668,0.009156916439533234,0.035,0,True,-0.009866549191491675,4.6206693329396294e-05
1032.92,12.050634384155273,-0.03981272131204605,3.100768708793543,5.8829651887310824e-05,-3.118468588400252e-05,0.007310624682054204,-0.0005107738784460574,-0.001730904538739717,0.008755967728793623,0.008904512152075768,0.035,0,True,-0.003777265566215416,-0.033411672370946645
1032.94,12.050504684448242,-0.039793461561203,3.100723619045892,3.230800357084644e-05,4.001492272861615e-05,0.0074219215183276505,-2.218029465891186e-05,-8.6898364598599e-05,0.008867023549973966,0.009127981364727021,0.035,0,True,0.005358412930351789,0.03891459749428913
1032.96,12.050357818603516,-0.03979033604264259,3.100731827676985,1.3546881019185007e-05,2.34915599346843e-05,0.007272794727001987,-0.00016838616159686113,-0.0005428350248919908,0.008715537898242474,0.008143157474696638,0.035,0,True,0.012669775688269283,0.02485470492312816
1032.98,12.050195693969727,-0.039790473878383636,3.100752611714766,-2.870380647316317e-05,-3.860735734357588e-05,0.0077510348073800105,9.87571600858735e-05,0.0002823942828802732,0.008816549368202687,0.00907319612801075,0.035,0,True,-0.01009941030307404,-0.002981943949201133
1033.0,12.050053596496582,-0.03977549448609352,3.1007252819915516,1.4997118138391963e-05,3.6542676013744925e-05,0.008324206737114825,8.693974677555092e-05,0.0002574718551087273,0.009057107120752335,0.009320575892925263,0.035,0,True,0.023659567966987625,0.015424031855782196
1033.02,12.049884796142578,-0.0397760383784771,3.1007462105885226,-1.187834938701165e-05,-2.0781503645329207e-05,0.006613968694082462,-0.00010425695891411006,-0.00032545388053447266,0.009056543856859209,0.008595088869333268,0.035,0,True,0.021223826984149166,-0.0032255923036103975
1033.04,12.049692153930664,-0.03977007791399956,3.1007524254253935,-6.339709258601809e-05,-0.00012258346470012672,0.009165560164359276,0.00022721344797343925,0.0006910875235694626,0.009416377171874048,0.009671657234430314,0.035,0,True,-0.012214563869240441,-0.011187693655885043
1033.06,12.049667358398438,-0.0397605337202549,3.100726575404323,-5.5701579312239836e-05,0.0005775940442394007,0.0094489409661104,7.923340888514097e-06,2.43468985916761e-05,0.009843361452221871,0.010276502519845963,0.035,0,True,0.06439294392027287,0.025657657437962746
1033.08,12.049320220947266,-0.03976371884346008,3.100780568993437,-7.253447701978169e-05,-8.477667732831517e-05,0.007347041627576478,-0.00023412450405165767,-0.0006375436373612621,0.014233108274638653,0.009283830486238003,0.035,0,True,0.011464894889257556,-0.00660282131846993
1033.1,12.049129486083984,-0.039745789021253586,3.10074815834041,-0.00016070200545763072,-0.00024066526354008942,0.011765404207699606,0.0005457867728842082,0.0017271587145006799,0.0166508436948061,0.017187701985239983,0.035,0,True,0.014340035071099638,0.0351932281294367
1033.12,12.049105644226074,-0.039727382361888885,3.1007014219344047,-0.0001843453957835776,0.00041538283082488453,0.010082751755499046,-2.784537936749231e-05,0.00016286181809234854,0.00977249398827553,0.009938390329480172,0.035,0,True,0.07258359994856242,0.04987017106810795
1033.14,12.048725128173828,-0.039765726774930954,3.1008647481014835,0.00019180646445451547,2.075142313422636e-05,0.010596143771800588,0.0008397291270959189,0.0028398051489520533,0.006863056048750878,0.005638921149075032,0.035,0,True,-0.002025555170194492,-0.0023796488316019516
1033.16,12.048514366149902,-0.039728518575429916,3.1007935979388845,2.884633346908323e-05,2.9008217870824466e-06,0.013153729623472695,0.0010239324362240425,0.0033520700480950847,0.014177915453910828,0.018429217487573625,0.035,0,True,0.02747428186821856,0.02820541834554682
1033.18,12.048279762268066,-0.03977839648723602,3.1009753427523266,3.729630248715528e-05,-5.9607067179432793e-05,0.011603359794083733,0.0004234607064949553,0.0015367868079721558,0.016011553257703783,0.014844014644622804,0.035,0,True,0.008198610220015655,-0.0607487483887072
1033.2,12.048050880432129,-0.039766307920217514,3.100969587538253,4.869055277655026e-05,3.1739949949962546e-05,0.012280694304960779,0.000783908029209576,0.002419295285740455,0.012293049842119218,0.012643148601055147,0.035,0,True,0.008264007228634516,-0.05428481462647258
1033.22,12.047796249389648,-0.03976188227534294,3.100987691046121,9.275073460947501e-05,-5.705432663750476e-06,0.011252032589401243,-0.0006198913696519739,-0.002020094722140103,0.013008921220898629,0.012426103204488755,0.035,0,True,0.02426409792315711,-0.037047804165716514
1033.24,12.047530174255371,-0.03975128009915352,3.1009871415617436,0.00017240557851785324,-7.76314639200771e-05,0.013814850201762855,-0.0002696914529040599,-0.0009907151220187721,0.013628348261117936,0.013718791753053667,0.035,0,True,0.030484786394202115,-0.08723622616705387
1033.26,12.047382354736328,-0.03969230502843857,3.1008137351745555,-0.0003106612363802721,0.000417673444133482,0.013544487627934537,-0.0003653402726871963,-0.0014270375252824696,0.014049393758177759,0.014059881418943406,0.035,0,True,0.07716876394780699,0.008677785602264305
1033.28,12.046947479248047,-0.03969988599419594,3.1008903303284914,9.527734478150772e-05,-6.88574584506102e-05,0.01471947721649473,-0.0013876377977760212,-0.004559602807617507,0.013300086930394174,0.01200419455766678,0.035,0,True,0.02891712310693008,-0.01893390356683791
1033.3,12.046714782714844,-0.03968850523233414,3.1008735280440987,0.00029559356143050904,0.0002654318946939402,0.017425533705220188,0.0021822358801226356,-0.00132587187395959,0.01859945356845856,0.021200444549322132,0.035,0,True,0.05061926172407055,0.012513738440158163
1033.32,12.046358108520508,-0.039592444896698,3.1006223733371345,-0.0003415608954568009,0.0003145814340826753,0.016128220050315157,0.0020961695522663318,-0.002505427407364427,0.017973316907882692,0.013692870140075685,0.035,0,True,0.030471613658004763,0.11486277883933642
1033.34,12.045982360839844,-0.03980999067425728,3.100707665424639,8.288152871939588e-05,0.00017414656436338079,0.017594028565856498,-0.00019270144123960636,-0.000425938450070727,0.020316470712423325,0.018904993981122973,0.035,0,True,0.01819091250393723,0.03291337442519786
1033.36,12.04565143585205,-0.03981459140777588,3.1006898961359024,0.00025729592066172545,0.00033507032309033826,0.017157206309132894,0.0014439355959132596,0.004629419499521049,0.017577638626098634,0.019426115304231644,0.035,0,True,0.0428584738055785,0.0385233476158609
1033.38,12.045309066772461,-0.03961557149887085,3.100839452968093,-7.974333623307102e-05,0.0002768510201050683,0.01888080670553798,-0.0022008517701796034,0.0013071980800613274,0.018912561535835266,0.01872178509831429,0.035,0,True,0.03410438533909531,0.0013186639860442496
1033.4,12.044981956481934,-0.03965173661708832,3.100992726897097,-0.00010898832960772537,0.0004294437541602212,0.019556897954768063,-0.0027019201575531815,0.0005764404019104013,0.021075930893421174,0.018914377540349962,0.035,0,True,0.042608305199853126,-0.11291088624527687
1033.42,12.044480323791504,-0.03957252949476242,3.100812241271044,-9.995806296335394e-05,-0.00013390371978939627,0.020322379392989396,-0.00010157785445242032,-0.00032044533118698315,0.019422264248132707,0.019320779740810395,0.035,0,True,0.017655407089471012,-0.029979256495138204
1033.44,12.044096946716309,-0.03953511267900467,3.1007360113680553,-0.000195634751933264,-0.0002651949918180626,0.020565870725127732,0.0012402185126558062,-0.00440345140011856,0.023833191096782686,0.024495252519845963,0.035,0,True,0.028924119517208576,-0.00858001121608677
1033.46,12.043684959411621,-0.03954117000102997,3.100813817341598,-0.00025790976149096134,-0.0003713886186827716,0.020293239272694375,-0.0002646575616973316,-0.0010911424395475477,0.019223437309265137,0.01910517901182175,0.035,0,True,0.0066518848042030265,-0.007368725551070789
1033.48,12.043334007263184,-0.03968366980552673,3.1006404507850878,0.00010626920053482693,-3.9537688788890866e-06,0.021870827516142645,-3.4872555658650196e-05,-0.00010996049537591598,0.02059056431055069,0.0211472786962986,0.035,0,True,0.054087851013244016,0.07349816884070538
1033.5,12.042859077453613,-0.03948519006371498,3.10072494987588,1.5048141164808428e-05,-0.00012100683022767415,0.020854530177325154,-0.0002754633083447039,-0.0009099433752721101,0.01846290692687035,0.018524367362260822,0.035,0,True,0.06444361848582053,0.015555227550992909
1033.52,12.042348861694336,-0.039460692554712296,3.1007272145284253,-6.219767728484925e-06,-0.00023320231619710543,0.024892898806183318,-0.002166370134999068,0.0014764021071325233,0.023568139970302583,0.023700667619705202,0.035,0,True,0.05065550352824478,-0.0076724583428362195
1033.54,12.04201889038086,-0.0394509881734848,3.1007410218715763,-2.903424959247811e-05,0.0005281003304567994,0.02544872875155533,-3.7980629145290077e-06,0.00015327576453075316,0.024707776159048084,0.024850943237543107,0.035,0,True,0.09488294194285382,0.009343447454432725
1033.56,12.041351318359375,-0.03942914679646492,3.1007585629536583,-2.5526387745531418e-05,-0.00010291041740656163,0.02592326779839854,-0.00023027812699632534,-0.0007237571628022553,0.021211145520210268,0.020916076600551607,0.035,0,True,0.03533049139070911,-0.02256657429238079
1033.58,12.040824890136719,-0.039401739835739136,3.1007372119370427,-7.095506345270521e-05,-0.00018585772566685115,0.028445165532746557,-4.7359091461381944e-05,-0.00016246757891817188,0.032333798706531525,0.03247399613261223,0.035,0,True,0.045498870183630566,-0.002785703699592454
1033.6,12.040277481079102,-0.03935762494802475,3.100669313955401,-3.394895415420153e-05,-0.00022987479637534835,0.027719338117437476,-9.318391800456618e-05,-0.00032892383625629783,0.026497244685888294,0.026381161212921146,0.035,0,True,0.032749959288662,0.017008248446402856
1033.62,12.039745330810547,-0.03935425728559494,3.100728024465263,-2.9812406436647664e-06,-4.5965606451587805e-05,0.029088638366242463,-2.7638784961439566e-05,-6.958053143644046e-05,0.02803463697433472,0.02783217176795006,0.035,0,True,0.04446618776651888,-0.00040579486006818503
1033.64,12.039135932922363,-0.03933097422122955,3.1007322490467577,-1.6503600797604217e-05,-9.500259617640242e-05,0.028543264541496565,0.00017975112323468712,0.0006369027129126029,0.027448749691247942,0.027212794274091723,0.035,0,True,0.06692036873271323,0.0034604023359794235
1033.66,12.03849983215332,-0.0393044613301754,3.1007316454945277,-3.9330327902996535e-05,-0.00018124559634953924,0.03200246055407494,0.00019838905551124685,-0.00019493116772368942,0.030723246783018115,0.030561167597770694,0.035,0,True,0.05208898088802596,-0.015177681782969342
1033.68,12.037995338439941,-0.03927871584892273,3.1007202661724342,-5.606124196618998e-05,0.0004502758943439665,0.03307296761606488,-1.300362237731975e-05,-5.209164937740893e-05,0.03161550790071488,0.031455047577619556,0.035,0,True,0.11508872954568855,-0.010712696384623435
1033.7,12.037186622619629,-0.03926553204655647,3.100712429971845,-2.8042202103040026e-05,-0.0001041610272504014,0.033255756837292594,-0.00039796211933089886,-0.0012837950740763346,0.029374981820583346,0.028806032091379167,0.035,0,True,0.04700934507383446,0.006685695576191493
1033.72,12.036492347717285,-0.03922182321548462,3.1007280817148075,-5.1037580178439856e-05,-0.00018987148369125392,0.037750362905143275,-2.5167232764193104e-05,-0.00022011299785649232,0.03934978663921357,0.03940657407045365,0.035,0,True,0.05220131978618843,-0.00021594317105339423
1033.74,12.035842895507812,-0.039163921028375626,3.1006289418886017,4.026960916446164e-05,5.393129208981663e-05,0.03576320815997828,-0.00015096815154512803,0.00033992447837114355,0.034674066305160525,0.03447288930416108,0.035,0,True,0.07925981262159061,0.030229429105035375
1033.76,12.034977912902832,-0.0391533263027668,3.1007026571326057,2.1657159809505747e-05,-0.0005028488574264108,0.03724907319895616,-1.9503286236236244e-05,-6.936710306166475e-05,0.036473408639431,0.03571621298789979,0.035,0,True,0.04444927236580454,0.012928412020825265
1033.78,12.03432846069336,-0.03913629800081253,3.1007396239301146,1.4972309300651165e-05,9.925626923753197e-06,0.039596541847014076,0.00034230751255821226,0.001134559254324296,0.04074546277523041,0.04025761783123017,0.035,0,True,0.09052674449266214,-0.010279313842292238
1033.8,12.033514976501465,-0.03909844905138016,3.1007225323465626,2.872502985578337e-05,4.158973748897723e-05,0.041306304694404404,0.000253698827087454,0.0008141599638085883,0.03366712257266045,0.03376810014247895,0.035,0,True,0.09232571196757697,-0.00044203563142871966
1033.82,12.032676696777344,-0.039061907678842545,3.1007197066289476,5.643288605242193e-05,0.00010706987053494944,0.04300534771938466,-0.00015668626612682182,-0.00048242062901148765,0.04139082551002503,0.041061353683471684,0.035,0,True,0.10537350689206557,-0.008563088662903357
1033.84,12.031675338745117,-0.03903858736157417,3.1007677899297104,-0.00019159888609303802,-0.0004362559720535542,0.0446351301563556,-4.273329699429882e-05,-0.00010472995357593017,0.042973060905933384,0.04260545611381531,0.035,0,True,0.07497531261121312,-0.030539037550300328
1033.86,12.030891418457031,-0.038983192294836044,3.1007010302797937,-0.00022945525211760218,3.611037557490038e-05,0.048026422398371654,0.00018065132124494556,0.00044951216129265057,0.04592885494232178,0.04791100144386292,0.035,0,True,0.09973431338081434,0.0030260900762328928
1033.88,12.029947280883789,-0.03894929587841034,3.1007141539502765,-0.00039399042487031345,0.00010907072442363013,0.047304329703313046,-0.0005424842599599299,-0.0016289630402201597,0.04165638774633408,0.04035370230674744,0.035,0,True,0.10691876803235689,-0.03502829275383709
1033.9,12.028837203979492,-0.03891928121447563,3.100755667601851,-0.00024883379305993896,-0.00038138423383472575,0.05098409278986523,-8.468260199139032e-05,-0.00024033342291238837,0.04828696966171265,0.04764947801828385,0.035,0,True,0.06071249349130626,-0.00593189561420032
1033.92,12.0278959274292,-0.03884056955575943,3.1006374728864925,-0.0001591684094449783,-7.68625670629386e-05,0.05318863159896068,0.0011516908789240396,-0.002906993373888313,0.05118303269147873,0.053012278079986576,0.035,0,True,0.08777878237011004,0.031340455196661975
1033.94,12.026816368103027,-0.03880990669131279,3.1006818036059607,-0.00024659912939335537,-6.725025239277031e-05,0.05288342187768554,-0.0001372999653246284,-2.503948784429223e-05,0.04977737218141556,0.04678236871957779,0.035,0,True,0.009025808883097543,0.0077224084293253245
1033.96,12.025691986083984,-0.03886713460087776,3.1004815944803656,0.00034848585056283614,-5.822668983444517e-05,0.05432663229291546,0.0001747210577331339,0.0008782733755105181,0.05374918997287751,0.053229009509086614,0.035,0,True,-0.08687526927196884,0.05738244516152071
1033.98,12.02461051940918,-0.038735274225473404,3.1007536644428235,3.898941561438713e-06,2.2668020046151307e-06,0.05170615750051238,5.5378138958175286e-05,0.00037745925143307566,0.05580475687980652,0.05568853467702866,0.035,0,True,-0.1910366514338906,-0.006718233130654791
1034.0,12.023552894592285,-0.03867591172456741,3.1007077347565333,0.0002082053018132462,9.172835015337976e-05,0.046238610057209494,-0.0016141178881743168,0.0016836022390291688,0.04683928549289704,0.06069940745830536,0.035,0,True,-0.32195245332983147,-0.020631807968639393
1034.02,12.022683143615723,-0.03864545002579689,3.1007120003460753,0.0003997011994280021,0.0001943045952578161,0.037600489762988194,-0.00015237632933123835,-0.0005624981382961867,0.05270329236984254,0.05190483659505844,0.035,0,True,-0.38330750667239016,-0.00019248383657834452
1034.04,12.022001266479492,-0.03858691826462746,3.100616282659488,0.00030272426535647945,7.90791388541273e-05,0.02857043602655237,-0.0001891786001893545,-0.0007722712619791323,0.04400327682495118,0.042895741462707526,0.035,0,True,-0.3800706561349478,0.004788037547701452
1034.06,12.021605491638184,-0.03860015794634819,3.10070866459176,0.0004092600343661804,0.0001284775289814551,0.021041556966749052,0.0001111930168783507,0.0003620605445068221,0.0330466665327549,0.02965002983808518,0.035,0,True,-0.3085597915162593,0.0026574382297645544
1034.08,12.021269798278809,-0.038567159324884415,3.100645953055575,0.00025915295108652135,-4.6795423700790485e-05,0.015832957566441326,0.0005674370878852718,0.0020666452428449366,0.021754018217325213,0.02211374878883362,0.035,0,True,-0.21086396912949196,0.02405084225332315
1034.1,12.021000862121582,-0.03858553618192673,3.100740965189636,0.0003455102826318851,-0.00012782876183824475,0.012915706441709906,-0.00015880272730969824,-0.0003499030799152157,0.020581324696540833,0.017254676669836044,0.035,0,True,-0.1415697697416083,-0.008486773960169655
1034.12,12.020733833312988,-0.03858042508363724,3.1007816142789153,-3.4508076492431654e-05,-0.0003225686382203632,0.011701318496208354,0.00036218142570312937,0.0011517961182849698,0.01318135976791382,0.014498569071292879,0.035,0,True,-0.0843737271530331,-0.03296262008457992
1034.14,12.020573616027832,-0.038545265793800354,3.1006806723453666,9.88954961581106e-05,-0.00012417081071785559,0.0097159753873985,-0.00010291054458965137,-0.00031688137230806256,0.011898380741477014,0.012785627767443658,0.035,0,True,-0.03711915955024826,-0.004484121245645418
1034.16,12.020333290100098,-0.03855791687965393,3.100738096745038,8.909757945650909e-05,-0.00029976365232587695,0.009083059394185633,-8.944623958334337e-05,-0.0005703643639265534,0.006826357319951058,0.007503635734319687,0.035,0,True,-0.02646284623224322,-0.020116500193686604
1034.18,12.020224571228027,-0.03854551911354065,3.100715614679851,0.00012618395472651096,0.00012710977317374893,0.009946173677684305,-0.00018918878033173626,-0.0007086327795675424,0.011636940240859987,0.01185386098921299,0.035,0,True,0.016991113681411707,-0.00591312480641962
1034.2,12.020008087158203,-0.03854359686374664,3.100735985129801,0.00014290508026212645,0.00016098013130673216,0.009584290797624805,-9.270558064929964e-05,-0.00045752389721306886,0.0071565227955579765,0.00814642831683159,0.035,0,True,0.005086425520408198,0.027305663215267378
1034.22,12.019779205322266,-0.03849762678146362,3.1006239817230012,-0.00022519331219989362,2.5900576639603186e-05,0.0110752644819102,-0.00037283057271360727,-0.0007899313568212019,0.01263715870678425,0.012902877926826479,0.035,0,True,0.015987494732961523,0.02194605450642035
1034.24,12.019567489624023,-0.03851918876171112,3.100701494833261,0.0003216150132264897,5.957069137828382e-05,0.009489973435817919,0.00046330663326197956,0.0016140886932928503,0.014589188843965532,0.012549969106912614,0.035,0,True,0.0252616630222748,0.012077430571419178
1034.26,12.019340515136719,-0.03847942873835564,3.1006524201713055,4.321386395360351e-05,-0.00010008676089822422,0.011225173256320064,0.00033589496702380575,0.001047051580944489,0.012382845580577851,0.012284138277173043,0.035,0,True,-0.005909481361062371,0.0071209173166516156
1034.28,12.019248008728027,-0.03854959458112717,3.1008651122252644,0.00013046360542340327,0.0004993593025350265,0.011605223839404951,8.506879766581767e-05,0.0005086705484995866,0.023245013728737832,0.014132692143321038,0.035,0,True,0.060937671546285474,-0.03186776981091678
1034.3,12.018880844116211,-0.03848772123456001,3.1007077458494767,5.7628795060008834e-05,-4.196801341281723e-05,0.010602505973025641,9.933275805859581e-05,-0.00022025797148959075,0.009353185743093491,0.009019859209656715,0.035,0,True,0.015874032296718084,-0.016317801734576053
1034.32,12.01863956451416,-0.03848818689584732,3.100742188477141,4.9752458448858114e-05,-0.00012859092784200046,0.014364987159516323,-0.00029690738402260615,-0.0009353328915781738,0.01875695362687111,0.01821025386452675,0.035,0,True,0.017883169932107843,-0.0021338119719930397
1034.34,12.018492698669434,-0.03845269978046417,3.1006347995335863,0.00026139245554356017,0.0002293295698769159,0.012495095840056356,-8.313651600832454e-05,-0.00025837255782040796,0.012617466896772386,0.012833766490221025,0.035,0,True,0.05562046018076538,-0.0007861651297904774
1034.36,12.01810073852539,-0.03847892954945564,3.100790285593938,6.2055825786261696e-06,-0.00014297539641621,0.013035877433972278,0.00011148744158036609,0.00033796559074029866,0.012940653637051583,0.011363692060112954,0.035,0,True,-0.01036687534271617,0.016740463460628463
1034.38,12.017882347106934,-0.038440145552158356,3.100687076044851,0.00012156599731966243,7.427031954765866e-05,0.015052142787495471,-0.00017753164943590607,-0.0002831511818729505,0.017919365614652634,0.0181769534945488,0.035,0,True,0.030360914016080986,-0.0035256390374577484
1034.4,12.017597198486328,-0.038454558700323105,3.1007692257244,0.00014913479119872173,7.957810701183268e-05,0.013535637132097426,0.00014443242060467197,0.0004039041852746915,0.014168621599674226,0.012295546978712083,0.035,0,True,0.03159040873361298,-0.006694879985650343
1034.42,12.017290115356445,-0.03838926553726196,3.1006121474390365,-0.0002010812012231951,-7.73218839891848e-05,0.014923968961347529,-0.00025086873497659294,-0.0005404236808175729,0.01578732781112194,0.016090103536844255,0.035,0,True,0.014127519146553316,0.022629675798694366
1034.44,12.01701831817627,-0.03844628110527992,3.1008225979287602,0.00033420984316401726,0.00014649453353596855,0.0155631101326662,-0.00012969201262456886,-0.00019762480811276394,0.018341634124517444,0.015598759055137636,0.035,0,True,0.04719439083353212,-0.014910818296339228
1034.46,12.016690254211426,-0.03837117925286293,3.1006438421503857,4.8273006309923236e-05,5.30647088428826e-05,0.01618234431921871,0.00048470690738422646,0.0015272228820209523,0.01631000854074955,0.013461083918809891,0.035,0,True,0.03749452579370133,0.024979069463044654
1034.48,12.016353607177734,-0.03839344531297684,3.100753415739751,3.1927157979805e-05,4.672872385513219e-05,0.017311188398776562,-0.000279398371519147,-0.0007889612784313619,0.02047859996557236,0.017160258516669274,0.035,0,True,0.03530544741641725,0.010751283778412517
1034.5,12.015995025634766,-0.03837501257658005,3.100734325269598,4.007792434902116e-05,3.341707709026561e-05,0.017923531024840907,0.0005019918262363964,0.0014579018762241817,0.017897977232933047,0.01822984293103218,0.035,0,True,0.03722732562067751,-0.040905155311720696
1034.52,12.01563549041748,-0.03836740553379059,3.100759481026486,2.7001352600588668e-05,2.226228745336409e-05,0.018387545925977012,0.00024138096308283356,0.0006624778941594552,0.01929417595267296,0.01883328214287758,0.035,0,True,0.03391385078280459,-0.01817799649545513
1034.54,12.01525592803955,-0.038352735340595245,3.1007604743004835,4.078617279564e-06,-1.5607783486178514e-05,0.0191605303688702,-0.0005729840159661476,-0.0017451895429137273,0.019084233939647675,0.019274569153785708,0.035,0,True,0.03525673272459096,-0.02674075029988211
1034.56,12.014883041381836,-0.038352690637111664,3.100806413971284,0.00038442949593688806,0.0001259304977100719,0.02002429646139846,-0.0006907788071352922,-0.0022432009980664497,0.01994739204645157,0.020042973756790164,0.035,0,True,0.0426023475352336,-0.01710997027969722
1034.58,12.01446533203125,-0.03826664015650749,3.100594710106165,0.00011942179812181805,2.277516558878626e-05,0.020744069642805618,-0.00019674593203521551,-0.0006813581477644417,0.018875379860401154,0.02072359159588814,0.035,0,True,0.041421638964801964,0.04733556511247985
1034.6,12.014037132263184,-0.038246870040893555,3.1005800249466406,0.0001486049215881455,6.064831822839741e-06,0.0217957337287926,-0.00023875986800640455,-0.0007063197282150773,0.023807129710912707,0.021108701378107074,0.035,0,True,0.03903850992813355,0.04992243732545917
1034.62,12.013598442077637,-0.03826899081468582,3.1007059656486624,8.503571318124915e-05,2.6131273202995357e-05,0.022474261486051344,0.0006701665452455654,0.0020416556660812165,0.022284554392099382,0.022471781224012378,0.035,0,True,0.045124008285598455,0.006695944219299301
1034.64,12.013141632080078,-0.03826211392879486,3.1007499083930266,0.0001197705079567532,4.264720112230505e-05,0.02314737725565518,0.0005478752052942614,0.0017505939879780025,0.023293306827545168,0.022989051491022112,0.035,0,True,0.04281851566017547,0.05616920871814938
1034.66,12.012666702270508,-0.03824671730399132,3.100758042559452,0.0001821287623384963,5.7506119100011986e-05,0.02435399030566047,0.002552856889335122,-0.00014568261021946237,0.02289894700050354,0.0242438480257988,0.035,0,True,0.04324572195985851,0.014412405398555655
1034.68,12.012185096740723,-0.03821505233645439,3.100720072465679,-0.00037155582495626804,0.00012622259571364806,0.025221214981613258,0.0011839223069981019,0.0037872169692455574,0.024974368959665302,0.02511082172393799,0.035,0,True,0.06831908335458878,0.0282565963486995
1034.7,12.011643409729004,-0.03839351236820221,3.100694311039845,0.0001494915145034813,6.92709693826071e-05,0.02593391924284671,0.0009692476161103415,0.0031946480979678973,0.02622691661119461,0.025515270233154298,0.035,0,True,0.0656558773655246,0.0764852376917931
1034.72,12.01112174987793,-0.03827430307865143,3.101052885750566,0.0002614193054606825,0.00011204249972940319,0.028612903924017313,0.0028671570075994857,0.004011121695871906,0.025864477157592776,0.029776794463396074,0.035,0,True,0.054231779540693366,-0.04215754266922341
1034.74,12.010590553283691,-0.038239363580942154,3.101013614407289,-0.0002469357382638864,0.0002474157209835158,0.029606460494897662,-0.0007420914966585087,0.005973136405118421,0.027466874271631244,0.028606802523136143,0.035,0,True,0.08089081661354294,-0.04062432427704328
1034.76,12.009888648986816,-0.03835146501660347,3.1010409622013486,0.0001640388209092004,-0.00018658557390751495,0.02955975734486478,0.00011361195340264503,0.0004146135557107518,0.02942572668194771,0.028457594960927965,0.035,0,True,0.046711887180249406,-0.04850619873606407
1034.78,12.009279251098633,-0.03823810815811157,3.101172161952254,7.86714337801778e-05,-0.00019620985388160914,0.03240518457192426,-3.6453744056520266e-05,-5.529784419260919e-05,0.030235824286937718,0.032894992083311085,0.035,0,True,0.05143614998552028,-0.0789735673852092
1034.8,12.008758544921875,-0.03818751499056816,3.1010860548350228,0.00013920906298447693,0.0003231712577882036,0.032349854898433866,-0.001612158567277767,0.0001306257969903102,0.030235824286937718,0.032894992083311085,0.035,0,True,0.087030983576791,0.003190346796656854
1034.82,12.008000373840332,-0.03813169151544571,3.1010091905797537,7.977932328187792e-05,-6.440581694507439e-05,0.03372135249373554,-0.0001242534099153722,-0.0003447489856925694,0.028766559809446337,0.029487853646278383,0.035,0,True,0.05406225927300934,0.012841833233734262
1034.84,12.007308006286621,-0.038117796182632446,3.101051412265108,0.00013786565043370178,-0.0001036851233537312,0.03652223603100173,0.00023829553828320113,0.000669841299443068,0.034540082514286044,0.03489532470703125,0.035,0,True,0.07303145733243445,0.006955646543429064
1034.86,12.006584167480469,-0.03811872377991676,3.1011445820333985,2.3274489017431713e-05,-8.348226877512986e-05,0.036730165313761075,0.0018780439731484046,0.0009720488145051973,0.03601274847984314,0.036305850148200994,0.035,0,True,0.07215806254154343,0.0017014996597842873
1034.88,12.005838394165039,-0.03808814287185669,3.1011396421389783,-0.00020730628815533394,-8.703105772416351e-06,0.038192371485039914,0.0002395690635979531,0.0006870775204657108,0.03601274847984314,0.036305850148200994,0.035,0,True,0.07184405709251787,-0.019180305043968046
1034.9,12.005058288574219,-0.038162991404533386,3.1010869544849142,0.0003854900820734808,0.00010986072358259724,0.03949399749707017,-8.218262085051345e-05,-0.00020862901290956336,0.03601274847984314,0.036305850148200994,0.035,0,True,0.08862670118456267,-0.041278251123106735
1034.92,12.004254341125488,-0.03801338002085686,3.101106378466745,-9.858181195807857e-05,0.00018037943645658836,0.042269760598414266,0.0014906306732738077,-0.0008645831040773414,0.03812905609607697,0.040426256954669955,0.035,0,True,0.09103524112458457,-0.04073065249852431
1034.94,12.003427505493164,-0.0379842109978199,3.1011278917123657,-0.00016259803146469537,0.0003486761642916868,0.04382030140853979,-0.0005611472902052207,-0.002330211275349724,0.03777441054582596,0.04172371029853821,0.035,0,True,0.09231613682534412,-0.022344566292082684
1034.96,12.00245475769043,-0.038070425391197205,3.101070475490652,0.00029149925988153553,6.723843314983454e-05,0.045475190775000056,0.0009993381877425197,-0.0025713746794132704,0.04329763025045395,0.04318077385425568,0.035,0,True,0.0819257329700989,-0.03092587924821774
1034.98,12.001557350158691,-0.03797632083296776,3.1009005375828864,0.00012051256061132912,6.050481430051533e-05,0.046879288443090986,0.0010946732099723895,-0.0019961943162745523,0.04623058289289475,0.04811265200376511,0.035,0,True,0.08548959850992252,0.03411836176212646
1035.0,12.000616073608398,-0.037945881485939026,3.1009006684923923,0.00022573228456880014,0.0001646361276265894,0.04882381923601622,0.0008063128580784852,-0.0033386534439325106,0.047060856819152834,0.044936431944370275,0.035,0,True,0.07932933721657881,0.04865071462122584
1035.02,11.999676704406738,-0.037919145077466965,3.100968196167064,-0.000225055928853506,0.00040505446438262325,0.05065946928932737,0.0002588580139436915,0.0003992576656179104,0.04763593047857285,0.04746978849172592,0.035,0,True,0.10260051311334346,0.0059551238262953235
1035.04,11.998549461364746,-0.0379759818315506,3.100803383215138,0.00013617633810566118,8.279940498838238e-05,0.05182153775232059,-0.00014321112422965724,0.0013206824902812573,0.050169894099235536,0.04904709845781327,0.035,0,True,0.05996095344198953,0.031141608353492143
1035.06,11.997507095336914,-0.03783241659402847,3.100932478196136,0.00027275600776575215,0.0002404770385187282,0.055087329492151,0.0011024508859872253,-0.0015197844101713597,0.05399967551231385,0.05569469511508942,0.035,0,True,-0.009039652954248125,-0.03501658170289912
1035.08,11.996474266052246,-0.03776537999510765,3.1010063230916147,-0.0002377387874318136,0.0004677481808062096,0.05362069551137102,-0.0006833081158351315,-0.0008473247756554049,0.05162733733654023,0.05383365660905839,0.035,0,True,-0.10641514491908946,-0.0517136114313389
1035.1,11.995269775390625,-0.03782812878489494,3.1008466134142503,0.00015422558198329616,-2.9296856686622153e-05,0.04993629705298818,0.0007364910181832667,-0.0024020688706114716,0.055453378260135654,0.054229355752468116,0.035,0,True,-0.26890436290246955,0.047136594237978134
1035.12,11.99426555633545,-0.03774730861186981,3.1007355972330854,0.00019828872416225194,3.277704403454405e-05,0.043308326158801175,0.0011867080584601866,-0.0028164064242220924,0.057762680947780615,0.060811190307140356,0.035,0,True,-0.3607620971162669,0.06272731430514568
1035.14,11.993513107299805,-0.037728555500507355,3.1007403126864865,0.00032668677745831737,0.0002646331932663363,0.033574980459911856,-0.0026630547887633964,0.0022511431288741793,0.04812958955764771,0.04673545509576798,0.035,0,True,-0.39388753892935185,0.04017611340994943
1035.16,11.993008613586426,-0.037718720734119415,3.1007810105776765,0.00044737952265161597,0.00039117377769351254,0.02475972774201389,-0.0012467295485068188,0.0041708603687659485,0.038915249407291415,0.03612029641866684,0.035,0,True,-0.34925902634147876,0.08240208560733202
1035.18,11.992594718933105,-0.03750556334853172,3.1010267048645606,-7.13603474811496e-05,0.0001271160808506337,0.018425293938579137,0.0001898544799421927,0.0008120202021906944,0.02618622809648514,0.024772209376096727,0.035,0,True,-0.2701754276153139,-0.08737698093405202
1035.2,11.992290496826172,-0.037566836923360825,3.1010692660625874,-0.0002778352012683247,9.097805082903229e-05,0.015367604051428872,-0.0026688125434591644,0.003775760424377209,0.02300133898854256,0.02114400237798691,0.035,0,True,-0.15158231058147467,-0.09303565810173826
1035.22,11.992039680480957,-0.03768395259976387,3.1008052743026617,0.00026636584300349895,9.854665415580272e-05,0.011960946250706404,0.00189372983405547,-0.004739015345843625,0.014096465408802035,0.015855305939912797,0.035,0,True,-0.09010724852003667,0.017742950387496594
1035.24,11.991788864135742,-0.03745558485388756,3.1010830714116264,-0.00018497455831808742,-0.00014299768145705085,0.012633142895506945,0.0015084447439914772,-0.003271992279366343,0.014065571427345278,0.014161697104573252,0.035,0,True,-0.05744663779410384,-0.05485254973447692
1035.26,11.991632461547852,-0.037617918103933334,3.1006475836368934,-0.0001003702448338372,0.00025843986709790494,0.01121671405698276,-0.0020786392863745037,0.002231456233189131,0.01378939636051655,0.01307259924709797,0.035,0,True,-0.0028925157994289337,0.1205590525753364
1035.28,11.991275787353516,-0.03764648362994194,3.1008075066802383,0.00028844795349099384,-0.0002523996490067081,0.010771873027904744,0.0009183947769987411,-0.0006124435543769533,0.01343961834907532,0.013624379858374598,0.035,0,True,-0.029390530971285654,0.09318714354149567
1035.3,11.99114990234375,-0.037481069564819336,3.1009837908013167,-1.2652798221672396e-05,5.968586487524136e-05,0.0117295449867523,-0.001213994591267868,0.004905708860174516,0.014806322902441027,0.017099939733743668,0.035,0,True,0.0037761975663487455,-0.021709929978798614
1035.32,11.990924835205078,-0.037493858486413956,3.1010340759272763,-6.492507567205768e-05,5.0029649524217185e-05,0.01028190041780623,-0.0014109049073223851,0.0041829792039465305,0.014670788049697877,0.008372373804450035,0.035,0,True,0.011273102866049475,0.005131324598994647
1035.34,11.99069881439209,-0.03748278319835663,3.101040040345707,-0.0001489595496849258,3.604703936388079e-05,0.011518809862290385,0.0001548446669951945,0.0004946618348868213,0.012363460436463357,0.012516181617975236,0.035,0,True,-0.004342618163983018,-0.0557838756392734
1035.36,11.990458488464355,-0.037500351667404175,3.1011421450165537,-1.8907226591768315e-05,1.4299896549268861e-05,0.011673721257187882,-0.0001360926363556473,-0.0002019375864577549,0.012418446987867357,0.01309202715754509,0.035,0,True,0.023362182220370616,-0.09845783331530583
1035.38,11.990228652954102,-0.03745608776807785,3.1010233637481077,-4.303151990395293e-05,2.5544879673773235e-06,0.011382135533632987,0.0005828174585278896,0.0004429988090240187,0.013359013199806214,0.013195078894495966,0.035,0,True,0.016124491379333097,-0.005616328061068814
1035.4,11.989992141723633,-0.03744521364569664,3.1010179209203597,-9.359172687333189e-05,-2.868040818788643e-05,0.012150874995439492,-0.0013078809445518239,-0.003693647461293159,0.012816840410232545,0.012914492636919022,0.035,0,True,0.022219795184412982,0.006179053411492877
1035.42,11.989787101745605,-0.03749243915081024,3.101075480250429,0.0003411342451522407,0.0001812112639818275,0.012808769172639525,-0.00017528573763146596,4.535559000044782e-05,0.012972954735159876,0.013445103392004968,0.035,0,True,0.03992975095327912,-0.010185526654329936
1035.44,11.98949146270752,-0.03735637664794922,3.1008466532196497,2.5489802938011252e-05,4.369503673732331e-05,0.013451304871944356,-0.00012896392857285376,0.0002923866864626307,0.011728706359863282,0.013528001233935357,0.035,0,True,0.030380987816155888,0.0807050517477054
1035.46,11.989205360412598,-0.03740056976675987,3.1010269921953078,1.4188673232817283e-05,2.4214451152454627e-05,0.01457651560989241,-0.0008115367967079546,-0.00037184332332163516,0.01739667758345604,0.014622461050748827,0.035,0,True,0.006000371635711645,0.0024589337465536253
1035.48,11.988917350769043,-0.037391070276498795,3.1010413118552766,5.673772080505462e-06,1.4711370420268406e-05,0.014581354020729752,0.0008330288021925342,0.002762756678517401,0.014742598980665208,0.015389641076326371,0.035,0,True,0.027217511362161696,-0.0031774880645459927
1035.5,11.988624572753906,-0.03738027811050415,3.1010457327845633,-8.142945225524846e-06,-1.647611200416555e-05,0.01328879890349602,5.028145024528127e-05,0.00024207028972455892,0.0155095062404871,0.01524104528129101,0.035,0,True,0.02016479179420746,0.004652549471179238
1035.52,11.988323211669922,-0.03737567365169525,3.101067673753931,-8.473659645181534e-07,-6.49098981185204e-05,0.01562870578091531,1.3395468946482913e-05,3.8187641299182485e-05,0.0155095062404871,0.01524104528129101,0.035,0,True,0.008646502536352282,-0.03699800864648064
1035.54,11.988142967224121,-0.037361495196819305,3.1010463578184857,1.5968181893964755e-05,0.000543824505634076,0.01618969895342754,7.592541313814144e-06,3.606343723653265e-07,0.01601909786462784,0.01619518041610718,0.035,0,True,0.07176767366029581,-0.004991216050890455
1035.56,11.98766803741455,-0.037341486662626266,3.1010443668665806,3.81484078626047e-06,-5.082391932401174e-05,0.015273074223637306,-4.270562176806887e-05,-0.0001970840131983581,0.013791089802980425,0.014148122966289521,0.035,0,True,0.029233020551997946,-0.0004765012431165814
1035.58,11.987330436706543,-0.037328384816646576,3.101045761635313,1.7747194679441626e-05,-0.00014083351317616499,0.019030212796314463,-1.7020544706228876e-05,-0.00015722699434631427,0.023698597103357318,0.023456156849861146,0.035,0,True,0.013404640614704538,0.001690056345702774
1035.6,11.987102508544922,-0.03732272982597351,3.101051907032875,3.269706641263425e-05,0.0003949902743225058,0.01796734742507302,8.258033796363414e-06,6.754184989064263e-08,0.017468398287892345,0.017424227967858315,0.035,0,True,0.052710055042032494,-0.015334782654741532
1035.62,11.986621856689453,-0.03729842230677605,3.101033779658938,8.949914234679328e-06,-8.285700496057021e-05,0.01726207020260293,4.2179744083786276e-05,0.00013556514202846427,0.015343667268753053,0.01525004029273987,0.035,0,True,0.01992118018993538,-0.0016928201707639696
1035.64,11.986231803894043,-0.03728388994932175,3.1010443722699286,2.5932301662388095e-05,-0.00019212126739949937,0.019489878627008055,-0.0004663003677788651,-0.0014238666255800517,0.015343667268753053,0.01525004029273987,0.035,0,True,0.02514633757486155,0.004191003423674332
1035.66,11.985950469970703,-0.0372757613658905,3.1010566068466754,4.4430172406292435e-05,0.00030199227346192916,0.020623907211512374,0.0018716004884575298,-0.0002926526080076936,0.01958548665046692,0.019541538506746295,0.035,0,True,0.06334240596119357,-0.019739891040831924
1035.68,11.985546112060547,-0.037222251296043396,3.1009379977028284,-0.00040751483802773134,0.0003374193467426595,0.019979054431065832,0.00012326696725004126,0.00033534781574448525,0.017456235438585283,0.017459552437067035,0.035,0,True,0.04488313732589957,0.034695604787955726
1035.7,11.984967231750488,-0.037381164729595184,3.1010103674502973,0.00010977554424992171,-0.00024162683887661349,0.022329462679508208,-0.0004668493959711108,-0.0014436261412411418,0.02480710878968239,0.02366231039166451,0.035,0,True,0.023669587674157045,0.018709026625037026
1035.72,11.984634399414062,-0.0372287817299366,3.101071200095188,0.0001484724370821364,0.00017270239497293985,0.023080529613076755,0.0004279208492835849,0.001351781757453882,0.022673416137695315,0.024629265516996388,0.035,0,True,0.058770774489515815,0.008612981544033463
1035.74,11.984167098999023,-0.03716596961021423,3.100941116755376,-0.00015363244104693328,0.0001280138618756057,0.022517474225443215,-0.0015669872518807577,0.0012040695219939072,0.019148671329021455,0.020014993101358416,0.035,0,True,0.038350040471823055,0.052456431110679484
1035.76,11.983699798583984,-0.037181656807661057,3.1010461402434246,-0.0002820793948852751,0.00020789373827193893,0.02468071639022282,-0.0025488269106258682,0.0010243863392665356,0.026645091027021412,0.02439256012439728,0.035,0,True,0.06230061230367245,0.008314150205677853
1035.78,11.983172416687012,-0.037182699888944626,3.1011066930120568,0.00033968915332283274,0.00012902215435431897,0.025397465917251262,-0.0019874751168230042,0.0027528883476094002,0.025287849307060243,0.025487495064735414,0.035,0,True,0.06162449280997081,-0.004148184470511346
1035.8,11.982669830322266,-0.03694500774145126,3.1011531510023294,-0.000156822811963396,0.00012944180472998753,0.028064578597366018,-0.0012687289916297729,0.0020169137739075053,0.027051275223493577,0.02831060498952866,0.035,0,True,0.0472587215303931,0.015414405814834787
1035.82,11.98214340209961,-0.03692486509680748,3.1011613478231848,-0.00028363179732656676,0.0002172459773132217,0.027447433650236396,-0.0025292621266983237,0.0008722147643533013,0.029690775722265247,0.024379287958145143,0.035,0,True,0.0720098015364642,-0.009103291429854114
1035.84,11.981460571289062,-0.036989472806453705,3.101207493345337,8.038571718160185e-05,-0.0002714289229763582,0.02846141411265083,0.0007175577525731706,0.002257538804452197,0.028657418042421345,0.027831045240163804,0.035,0,True,0.03779733043232541,-0.02527921086075028
1035.86,11.980986595153809,-0.036891769617795944,3.101176470193205,0.00011978178083242768,0.00016524376908874704,0.03115825004016316,0.0004103893454473987,0.0020246250332217335,0.03178662955760956,0.033036111593246466,0.035,0,True,0.06149709068616626,0.02502809381980659
1035.88,11.980392456054688,-0.03691043704748154,3.101333754106686,0.00021721649067246333,0.00029413479815074194,0.031088365031957894,-0.00022746015944556208,-5.423094956425522e-06,0.025964255183935168,0.02653361171483994,0.035,0,True,0.06706019876626917,-0.011625157062591424
1035.9,11.97965145111084,-0.03685695305466652,3.101323317825843,0.00014100878580277832,-0.0001926116535443784,0.032367200905139205,1.2902735863429184e-05,0.002874462269941698,0.032124543040990834,0.0320406386256218,0.035,0,True,0.06150737598958622,-0.01530959978642954
1035.92,11.978976249694824,-0.03687119111418724,3.1012070594977406,7.053740228119825e-05,-0.00025575018397269906,0.03382623001396273,-0.0009554947823648707,0.0013275262394430857,0.037424623668193824,0.03576268434524536,0.035,0,True,0.0599184938458575,0.03118220130818407
1035.94,11.978399276733398,-0.03678855672478676,3.1014064271748008,1.7011358714716538e-05,0.0002097849536368016,0.03607884011933957,0.001166417125004055,0.0007998570503050032,0.03291840195655823,0.033212049156427385,0.035,0,True,0.07983988251833303,-0.03990432015256273
1035.96,11.977691650390625,-0.03672480210661888,3.1014399562058412,-7.942430625242882e-05,0.00036424498914111467,0.035881844539622135,0.0007242502034232947,0.0024891530096960313,0.03141825288534165,0.03139546364545823,0.035,0,True,0.10092606379479384,-0.027730578097318527
1035.98,11.976763725280762,-0.0368342325091362,3.101387306389867,1.7337273049586414e-05,-0.00037530809904287945,0.03875439150660004,0.0013859805978227824,-0.00031788334226041703,0.03799453407526016,0.037339222431182865,0.035,0,True,0.06997937173901105,-0.00372989697600813
1036.0,11.976105690002441,-0.03681385517120361,3.101406191738516,2.397175028489035e-05,9.603399419773533e-05,0.041900315117538896,0.0017757495668552043,-0.0008909200083403789,0.043695920407772065,0.043437444865703584,0.035,0,True,0.09250849476916964,-0.04137436169595364
1036.02,11.975296974182129,-0.03677472844719887,3.10138099650742,3.457965860563797e-05,0.00016809638951452503,0.04167718985845536,0.00020464524273356766,0.0005014652922246241,0.03507134467363358,0.034766950607299806,0.035,0,True,0.0959195405144524,0.00874958843205746
1036.04,11.974336624145508,-0.03673207759857178,3.101368682605174,3.256989954166994e-05,-0.00031518236748007757,0.043282524121148976,-0.0002562510571148984,-0.0008207959259772494,0.04183157950639725,0.0414444962143898,0.035,0,True,0.0669614974220685,0.010734748107940714
1036.06,11.973431587219238,-0.03671655431389809,3.101427423613245,-0.00016973110676093744,-0.00040231753741514474,0.04642795474774925,0.0001430865791455841,0.0003820837323035431,0.04587512582540512,0.04593399316072464,0.035,0,True,0.07362629888426403,-0.016746904184378866
1036.08,11.972646713256836,-0.03665412962436676,3.101340528064438,-0.0002485480665158126,0.00014980048641682472,0.0472572349112995,-3.891748208035466e-06,-3.214015970590271e-05,0.04468663692474366,0.042732278108596804,0.035,0,True,0.11590691181817958,-0.0007050262314629406
1036.1,11.971585273742676,-0.03663702309131622,3.101411563206004,-6.190683424118602e-05,-0.0001896039019466462,0.047567293769191124,-0.0003006438229883981,-0.0008382870425244668,0.04468663692474366,0.042732278108596804,0.035,0,True,0.08993361432985715,-0.010066656349521839
1036.12,11.970559120178223,-0.03657963126897812,3.1013661113923976,-0.00011741037807480532,-0.00029862419231370087,0.05255507706659491,0.001460512885769922,-0.0008771980244942334,0.050036481916904456,0.05182540804147721,0.035,0,True,0.09001783945519987,0.06593890080268
1036.14,11.969630241394043,-0.03653965890407562,3.101360360649843,-0.00018358628282932475,0.00022597790341928318,0.05362264389415173,-0.00016402235318948005,-0.0004232487756597605,0.04972377240657807,0.0498139363527298,0.035,0,True,0.08804193174633122,0.08823937834733439
1036.16,11.968441009521484,-0.03660179302096367,3.1012703522224783,0.00020110606560170486,-5.468373824187909e-05,0.05445866206772941,-0.0016591127538984115,0.0052429719045186925,0.04848978221416474,0.0479306572675705,0.035,0,True,-0.039163389565357046,0.08637750448259854
1036.18,11.967299461364746,-0.036451369524002075,3.1013777033039513,0.0003205331640451316,-5.574140092118635e-05,0.054610648308911235,-0.0012955596582699615,0.006220863225275927,0.056454089581966405,0.058547768592834476,0.035,0,True,-0.1599088004671206,0.06162234460443941
1036.2,11.966211318969727,-0.036271385848522186,3.10178554914476,-0.0002415664848691738,-6.205569739275978e-05,0.04942200590136029,-0.0031554319029885513,0.006033002334127005,0.056377913355827335,0.0568409538269043,0.035,0,True,-0.2842751343423006,-0.04593594493004225
1036.22,11.965269088745117,-0.0362604521214962,3.1018580297078646,-1.1249927879104335e-05,3.5851308378191566e-05,0.040829939856793715,-0.0019086317176120102,0.004506538792690909,0.04899421840906144,0.058444363772869115,0.035,0,True,-0.3842333335525774,-0.08569847143599976
1036.24,11.964500427246094,-0.036192212253808975,3.101752992409208,9.203185536049175e-05,-0.00011016155428728162,0.031716651320366045,0.0004566177226804762,0.0015680963101186547,0.043675734698772437,0.04184120923280717,0.035,0,True,-0.41339722153002256,-0.0683405433776618
1036.26,11.964041709899902,-0.03616904467344284,3.1017382264073663,1.6287638142774305e-05,-6.726383975126555e-05,0.023871981624733,-0.0002802786991930583,-0.0006350144895978185,0.03596967548131943,0.03855473548173905,0.035,0,True,-0.33968093342215744,-0.05109947018954866
1036.28,11.963674545288086,-0.03620682656764984,3.1019109968495693,-2.355543673961105e-07,-0.0001532818441841337,0.016350228178988558,0.00015720558362715908,0.0005657588639190342,0.02462056934833527,0.024829457849264148,0.035,0,True,-0.24140393709516886,-0.04048645335965199
1036.3,11.963361740112305,-0.03616195544600487,3.101807228548697,-4.0346520662812726e-05,-0.0002926954060875734,0.013655465183045834,0.00012079283886522527,0.00041858117753073345,0.01873695880174637,0.01880173206329346,0.035,0,True,-0.17789515308653112,0.006854641331573434
1036.32,11.9631929397583,-0.03615288808941841,3.1017982531183215,-4.118873827375668e-05,1.3088483317425955e-05,0.012404336352770098,-0.0005175881731452547,-0.0016708199586505587,0.015159345418214799,0.015492266714572907,0.035,0,True,-0.05526471925534008,-0.01777150694319743
1036.34,11.962949752807617,-0.036135248839855194,3.1017717129015687,-2.2454594904094593e-05,-5.767738000040937e-05,0.009640369377823452,-1.5483132543536423e-05,-8.664318307244253e-05,0.010360831990838051,0.010499120578169823,0.035,0,True,-0.02452920930132878,-0.006209884992674246
1036.36,11.962684631347656,-0.036125972867012024,3.1017773312528774,6.397083903371326e-06,-0.0001802779774635189,0.011929050638565373,-0.00026601158096780617,-0.0008559616915354673,0.012939389422535898,0.012983858585357668,0.035,0,True,-0.0375632369922968,0.02278578519647371
1036.38,11.962591171264648,-0.036130014806985855,3.101800297094051,4.715350870311704e-05,0.00042156328727750627,0.011693128438935739,-3.4227908962478374e-05,-7.820962188416642e-05,0.012540412396192552,0.013027061969041825,0.035,0,True,0.011644954897745056,-0.0017644924840700088
1036.4,11.962240219116211,-0.036093637347221375,3.1017297761829985,-5.449072860083986e-06,-0.00010037184485063115,0.009399277393380546,4.721407558890147e-05,0.00015204285707086132,0.008848239481449128,0.009118340685963632,0.035,0,True,-0.012893728189827678,0.027233512288904485
1036.42,11.962015151977539,-0.03609529882669449,3.101765456131818,3.9714924973088235e-05,-0.00023645275833939535,0.010571965769644857,-4.116787683481498e-05,-0.00022780258179831605,0.017772435098886492,0.01713487930595875,0.035,0,True,-0.02338063282025081,0.009952699806749291
1036.44,11.961933135986328,-0.03609978035092354,3.101789494681443,0.00012087058818669777,0.0003161355555137986,0.010897552383377165,0.0004706628130071734,0.0013227192915811021,0.011178698465228083,0.011438636928796769,0.035,0,True,0.02787497247802346,0.011224580659758569
1036.46,11.961746215820312,-0.03609304875135422,3.101782072887507,-0.0002595474403452402,0.00038910076517567713,0.009822677813317375,0.00019976127739999155,0.0007180063626550528,0.007769949771463872,0.008210872486233712,0.035,0,True,0.02670541030952807,0.012597665601058615
1036.48,11.9613676071167,-0.036096569150686264,3.101835593726325,-0.00018803000662944916,-0.00030065939330285594,0.011629275191620395,0.0003708749273826356,0.0010500093098507301,0.013465225994586947,0.01137568697333336,0.035,0,True,0.002214997260293302,0.03132392742243175
1036.5,11.96122932434082,-0.03607999160885811,3.1018228966408303,-2.4110342869297503e-05,-9.459621297321298e-06,0.01270839859440516,0.0002354258786508471,0.0007800106662854566,0.01644658595323563,0.01809284254908562,0.035,0,True,0.04251990224445162,-0.003418868626334894
1036.52,11.961002349853516,-0.036092448979616165,3.101873495426231,-0.00015824874893121573,5.663928711087891e-05,0.011074752164200468,-0.001586554943367383,0.003828633485373363,0.009181735515594484,0.010221544653177263,0.035,0,True,0.01832127383678289,0.00407644927411708
1036.54,11.960729598999023,-0.03607144579291344,3.10184447374081,0.0003422279293803499,4.049574699249927e-05,0.013224269992870411,0.00016320699140512395,0.00044449687254851,0.011792528331279755,0.013750429451465608,0.035,0,True,0.005102825673236091,-0.00400157815307784
1036.56,11.960487365722656,-0.03593456372618675,3.1021418844051545,-0.00022950198186085346,7.134342941515668e-05,0.013094977098561692,0.0004136042009229067,0.0013761252517797999,0.01481815353035927,0.014748442843556406,0.035,0,True,0.03086774976349818,-0.0997674521444398
1036.58,11.960171699523926,-0.03605099767446518,3.101858456390634,-0.0003633277356245711,1.7312360332295038e-05,0.013116624648263676,0.00016992723562111295,0.0004598844140395206,0.014147110134363176,0.014218106940388681,0.035,0,True,0.0068221674972592,0.0020559138472030303
1036.6,11.959954261779785,-0.036084193736314774,3.1019835854463733,4.127924935373038e-05,0.00010746384743713892,0.013544172145278076,0.0014220172934568537,-0.0041527626861745616,0.013897374570369722,0.014062111526727678,0.035,0,True,0.026541507109104023,-0.03718076796663482
1036.62,11.959680557250977,-0.03604334592819214,3.101881264493933,0.00011551377397049318,8.80073094732082e-05,0.01377004339265065,0.0002389304002662663,0.0006089699803246029,0.0137381649017334,0.0147252556681633,0,0,True,0.03555421402835822,-0.03804226275412023
1036.64,11.959400177001953,-0.036005329340696335,3.10180966339026,-0.00037700915956710707,0.00014553687071315775,0.015218297667294118,-0.00047753780999488474,-0.0015983361855567342,0.01542973764240742,0.015472822636365891,0,0,True,0.024463282109306244,0.058310079705318624
1036.66,11.959070205688477,-0.03602636232972145,3.1019071739890602,7.175855661262299e-05,6.758394065634276e-05,0.01596096177053783,-0.000855814841398709,-0.0025834966062959794,0.016513136103749278,0.015851787105202676,0,0,True,-0.021964131424081466,-0.05368327955799339
1036.68,11.958739280700684,-0.035997599363327026,3.1018557185515285,0.00017064870978649994,7.658084139400788e-05,0.015501234714026358,0.00020665632863629027,0.0005120436902599439,0.014129582196474076,0.01794223204255104,0,0,True,-0.0956083744911302,0.02615670477031563
1036.7,11.958407402038574,-0.0359242744743824,3.101674584765429,-0.0003392611344510028,0.000111380679066939,0.012012912878720737,-0.0011689893677947105,-0.0036856923843231683,0.01747298523783684,0.017889135032892228,0,0,True,-0.17609726859842018,0.06662393410186872
1036.72,11.958160400390625,-0.035972584038972855,3.1018506268854806,6.540357982263059e-05,6.830792943759963e-05,0.007569627708010658,0.00015451782851191498,0.000494200196066613,0.026507088243961335,0.017855277657508852,0,0,True,-0.2333266088452884,-0.003084399064079483
1036.74,11.958113670349121,-0.03589456528425217,3.1016123185983147,0.00011592972173276496,7.63080446029133e-05,0.0018731802826770288,0.0008923068062111907,0.0027464181218486705,0.012616451978683474,0.01331987574696541,0,0,True,-0.2504703854643211,0.08893069519173369
1036.76,11.958133697509766,-0.03598589077591896,3.101895254567214,0.0004075845632278001,-8.448449668505353e-05,-0.003164893993579737,8.452133200845748e-05,0.00026529176513380974,0.0030237413942813874,0.0028811829537153245,0,0,True,-0.2281607983787725,-0.011802779315652587
1036.78,11.95825481414795,-0.035989612340927124,3.1018942982151767,1.22701029408397e-05,-0.00021241107324215,-0.008024717958406728,0.0010908607221346547,0.0034287632310090565,-0.0023719826154410843,-0.0014456375129520895,0,0,True,-0.17911715201308245,-0.020777939425019647
1036.8,11.958413124084473,-0.035989388823509216,3.1018718502266913,6.254406953523605e-05,-0.00047498078986973365,-0.010683236162274541,-0.0001597258236735606,-0.0004500221491847352,-0.007435143105685712,-0.006455347649753094,0,0,True,-0.13789355682132307,0.018132124200611943
1036.82,11.958751678466797,-0.036007244139909744,3.101886619656795,0.00010317308306233252,-4.220827007068371e-05,-0.012456191878356535,0.0006239022047010196,0.0010841829678486104,-0.010172716453671456,-0.010162512511014939,0,0,True,-0.07374499634367787,-0.04019413309138983
1036.84,11.958988189697266,-0.03600706160068512,3.101859252795279,0.00021474499726628144,-0.00012698905209252405,-0.01419637853927555,0.0005817845641123653,0.001715861701181446,-0.01618638463318348,-0.015664158686995507,0,0,True,-0.06440864803701368,0.038351583521729495
1036.86,11.959248542785645,-0.036079041659832,3.1019810328526045,0.000231173605776105,-0.00014310368104550545,-0.013924317665895592,4.219097899440453e-05,0.00021323258370079402,-0.01618638463318348,-0.015664158686995507,0,0,True,-0.05791420520064651,-0.009156151145262375
1036.88,11.959546089172363,-0.03608100861310959,3.102009119162786,0.00018388286118834398,-8.951323516433476e-05,-0.015835928005245595,0.0007149396530078022,0.0026181045325595538,-0.009020680636167526,-0.012238397598266603,0,0,True,-0.04845701184551476,-0.0015873409651352764
1036.9,11.959864616394043,-0.03605473041534424,3.1019036782634912,-0.0002571177792959055,-0.00014882837989971416,-0.01708932829441721,-0.00017190173167302015,0.00035169087622620475,-0.01392382450401783,-0.013544831871986391,0,0,True,-0.06697909069957253,0.032551555408213216
1036.92,11.960251808166504,-0.036114346235990524,3.1020687011578842,-0.0001935012053029611,2.4213132636818023e-05,-0.018072939486924223,-0.003051895964853316,0.0015888744239703784,-0.015711342468857768,-0.015506048426032067,0,0,True,-0.0413124649625786,-0.04386535836667437
1036.94,11.960615158081055,-0.03611954674124718,3.1020091681227027,0.000386228279618565,1.2686304387222238e-05,-0.01928264492187175,-0.0026272659095554593,0.0028173570163628845,-0.015622028633952142,-0.015622152239084246,0,0,True,-0.03512072642066443,0.05401120913910124
1036.96,11.961000442504883,-0.03589417785406113,3.1021362291167036,-0.00028143412919733805,8.044604043548732e-05,-0.019140925202248877,-0.00017905974421203355,-0.0008911241367712041,-0.0166048401594162,-0.016658959910273552,0,0,True,-0.03313949575992569,0.029977965005699846
1036.98,11.961414337158203,-0.035905759781599045,3.1021290668248,-0.0004638459442552645,0.0001124653329915018,-0.01989898640806781,-0.0021306855257590424,0.004672587607350374,-0.011851002946496011,-0.021075944453477862,0,0,True,-0.02170522487678876,-0.020027102913650407
1037.0,11.961782455444336,-0.036160435527563095,3.1019974112269426,0.00016214638604622903,3.32445602363201e-05,-0.020724099147715867,0.0012349645219019469,0.003987111624424185,-0.019072842448949814,-0.018705732077360156,0,0,True,-0.03916624049220545,0.013082103813035133
1037.02,11.962212562561035,-0.03601203113794327,3.1023829751312904,-0.000256329845209952,8.703240327566067e-05,-0.021019062912013272,0.003908273831024244,0.001215188783272309,-0.021545703411102297,-0.015692548230290416,0,0,True,-0.04158332690142237,-0.08665774740549358
1037.04,11.962653160095215,-0.03605852648615837,3.1024551980466573,-0.0004301786452559841,8.80799449842636e-05,-0.022274224441622463,2.026951804770473e-05,0.0001554441682706546,-0.02025659263134003,-0.019627201557159427,0,0,True,-0.04219630104234919,-0.10447440989462117
1037.06,11.963082313537598,-0.03628409653902054,3.1022262819274617,0.00011496863780248192,3.8979320316214695e-05,-0.023225652560178573,-0.0006665321681686516,-0.002260032185082807,-0.021050425469875338,-0.020183603018522265,0,0,True,-0.061420924782145926,0.05021414599332401
1037.08,11.963562965393066,-0.03623177856206894,3.1020098467604043,0.0002942160916067827,4.402839836731678e-06,-0.024099803231100732,0.0021251121760030205,-0.004370841167137907,-0.020787670165300372,-0.021047393232584,0,0,True,-0.05290588079078921,0.07802809862315699
1037.1,11.964071273803711,-0.036031875759363174,3.102202172556484,-0.00040091160116265736,4.2887114382380694e-05,-0.025932736894580477,-0.0016019037829830517,0.005232320462734576,-0.02221555456519127,-0.02274943068623543,0,0,True,-0.04217526756149735,0.11775701239888342
1037.12,11.96457290649414,-0.03630469739437103,3.1021055307532865,0.0001327306076238139,3.3130425476947273e-06,-0.02650669490488175,-0.0018693779892271123,0.006397692058117536,-0.023000209331512454,-0.02582521036267281,0,0,True,-0.014088993613381456,0.15716058157127255
1037.14,11.965160369873047,-0.03623774275183678,3.1026448675644813,9.946585504262933e-05,0.00013294246603292456,-0.026599673965104882,0.002954427304053431,0.007160528806846073,-0.027445232421159746,-0.022007307559251787,0,0,True,0.04180657283036062,-0.0202186276109672
1037.16,11.96568775177002,-0.036166056990623474,3.1025216621250546,-0.0002699217595971837,2.9182555007317654e-05,-0.025226922720173427,-0.0013511737981804764,0.008202005358588196,-0.027681221216917042,-0.026043972671031954,0,0,True,0.09265504007253061,-0.023496699118217976
1037.18,11.966188430786133,-0.03635090962052345,3.1027750148610327,0.00018349325543436717,0.00015412636120118217,-0.022588211068145164,0.00043283880573362246,0.003614830253854074,-0.02409950226545334,-0.0253537355363369,0,0,True,0.16001327880191402,-0.0760939209738332
1037.2,11.966593742370605,-0.03627551719546318,3.102761691181975,-8.133709045416922e-05,-5.475948867397125e-05,-0.019094291699064975,0.0013934470310606522,0.004517956128656465,0.011989172101020814,-0.020139475464820863,0,0,True,0.19502660483902332,-0.15780487309359056
1037.22,11.966964721679688,-0.036342471837997437,3.1029340539847894,-0.00010860679599963668,-0.00014791908798410103,-0.013798611660963403,-0.0007258832035525482,0.001073015128944953,-0.01906290501356125,-0.020424022823572162,0,0,True,0.269013859532406,-0.11995419522376928
1037.24,11.967209815979004,-0.036336749792099,3.102883098615347,0.00034655433545211064,-4.808473638036739e-05,-0.009624794333065751,-0.0012994659604964546,-0.004422384488887567,-0.01756892055273056,-0.017612934410572052,0,0,True,0.3100585453424135,-0.13082135955108856
1037.26,11.967293739318848,-0.036335546523332596,3.102860856071348,0.0005405490329387694,7.515302100570552e-05,-0.0010671023055722605,-0.0014014039526361133,-0.005981505364038741,-0.009588918462395669,-0.009665880128741266,0,0,True,0.30687056964401965,-0.10437695834119688
1037.28,11.967367172241211,-0.03620143607258797,3.102407900422864,-0.00010340584938618724,0.00031390512586446854,0.005710391928305546,-0.0017207292524577737,-0.005947752635421103,0.003430881574749947,-0.002760090865194798,0,0,True,0.3308526003309221,0.059191527231852135
1037.3,11.96705436706543,-0.036233749240636826,3.1024555335556667,0.00021346597106594288,-1.5167584254978935e-05,0.010751033910535841,-0.0021849473986418257,-0.007277141538343203,0.005144145712256432,-0.005803098753094674,0,0,True,0.18900265011173994,0.05253741308034519
1037.32,11.966758728027344,-0.03618130087852478,3.1024072784045136,0.0003434389024523769,3.210592811272125e-05,0.016843413693383946,4.767829543330499e-05,0.0003129376896562967,0.005144145712256432,-0.005803098753094674,0,0,True,0.09963190187487823,0.07698634343077869
1037.34,11.96644115447998,-0.036127232015132904,3.1022786847482813,7.334751890861078e-05,1.2402332783777627e-06,0.014053109703353184,-0.0008945542678506713,-0.0017785123176149486,0.014718942940235138,0.015450756251811982,0,0,True,0.012963736041290487,0.11455523192450583
1037.36,11.966020584106445,-0.03615245968103409,3.1024329354380367,0.00013434631477344315,4.892194420419182e-06,0.013680944078288555,7.279348651181253e-05,0.00021115483903559048,0.01653597228229046,0.012731431350111963,0,0,True,-0.1468870314485034,0.003957262904906398
1037.38,11.965933799743652,-0.036118052899837494,3.1023132525702573,-0.00023918962611905537,0.0003647743977759121,0.011788132793841085,0.0005775373615981033,0.0018872770156349746,0.019632428437471393,0.01976423114538193,0,0,True,-0.13704019243529908,0.0353192531946495
1037.4,11.965664863586426,-0.03614427149295807,3.1024241707916365,-0.00012268426890207017,1.3092234231792005e-06,0.005092451177480962,0.00034761979924411096,0.0006295187220494204,0.008658374696969987,0.006764354482293129,0,0,True,-0.21656187859789613,-0.007524159407799945
1037.42,11.965497016906738,-0.03613636642694473,3.1024296669095324,-0.00017548812144280068,-7.672243261105664e-05,0.0030898943085080695,0.0003043565154572253,0.001047027937962472,0.012561429440975191,0.011093568950891496,0,0,True,-0.26263553980959675,-0.03412658921404301
1037.44,11.965612411499023,-0.0361642949283123,3.1024832969358007,-5.711066710965219e-06,0.00026336534973318707,-0.0036440062095766212,-0.00016840482090996997,-0.0003907779135895685,0.007654805853962899,0.006908382363617421,0,0,True,-0.20626676687722673,-0.0543954413229147
1037.46,11.965685844421387,-0.036132704466581345,3.102397014805294,-6.473277478475543e-05,0.00013110488541013616,-0.009222710390907546,1.9109041773350684e-05,-0.0008428501214859834,0.0031800938025116922,-0.0005553440377116204,0,0,True,-0.1842340073060581,-0.015335215903342218
1037.48,11.965956687927246,-0.03614220768213272,3.1023929085585493,1.440274630398754e-05,0.00019475441821115947,-0.01140889017268217,-0.0011218779133435094,-0.003722116583779798,-0.0047912348061800005,-0.0052368026226758966,0,0,True,-0.06148029583712744,0.0017158058138209266
1037.5,11.96623420715332,-0.036166805773973465,3.1023622388998136,0.00019295091182748805,0.0003695057770274766,-0.011648826275963175,0.00012842427615544733,-0.00017978933430378962,-0.01146114766597748,-0.01204559236764908,0,0,True,0.055499356890879085,0.007555225878197323
1037.52,11.966527938842773,-0.03611038252711296,3.1021855276090986,-0.00018913368152203447,0.0003567948519842385,-0.008562429876542344,-8.743432981503819e-05,-0.0002535134484840192,-0.010124239251017571,-0.011156784892082215,0,0,True,0.1362570789796017,0.032194201000426956
1037.54,11.9666166305542,-0.036179520189762115,3.10238263165855,8.610694919596031e-06,-0.00010643928856541424,-0.0047827618396412575,-0.0003348905159830286,-0.0002384320512307473,-0.009336955919861794,-0.013144648000597956,0,0,True,0.1572793285312162,-0.09300133634721196
1037.56,11.966641426086426,-0.036162205040454865,3.1023726274826706,0.000289049408924501,-9.038180004096428e-05,-0.0005083238543239484,-0.00042305370878169247,-0.0011465805037479842,-0.00263388741761446,-0.07576594576239587,0,0,True,0.12357562050182064,-0.14964565071077127
1037.58,11.966617584228516,-0.036155033856630325,3.102343164335715,0.0005469185006526516,-4.327023000687609e-06,0.0009335200065226769,0.00022814670964033592,-0.00761989624207398,-0.0026876247487962247,-0.002958012018352747,0,0,True,0.05746162052828069,-0.14274513698819638
1037.6,11.966569900512695,-0.036078158766031265,3.102093801168799,0.00013230777485027557,-4.8426000894206963e-05,0.0013236197635943167,0.0018273970415046046,-0.012225165505334833,0.0013762346655130388,0.0007273624837398529,0,0,True,-0.005496301565814247,-0.12600593611629365
1037.62,11.966541290283203,-0.036194827407598495,3.1017730399591845,0.00021249720218996445,-8.309701976302194e-05,-0.00018583219738298372,0.0019693121713080055,-0.011658043010276072,0.006458937674760819,-0.0026956769451498986,0,0,True,-0.025327614375026408,-0.005120082671229224
1037.64,11.966529846191406,-0.03630410134792328,3.101394614242242,0.00033905334261294775,-0.00011192002402997743,-0.000948027979589938,0.003993330303815544,-0.011227055393070957,0.005743497610092164,-0.003059994988143444,0,0,True,-0.018182991373368106,0.10905186653365849
1037.66,11.966626167297363,-0.036313045769929886,3.101410520894891,2.7376624374997085e-05,-0.00011701944458037963,-0.0010926891434833515,0.002251583934350047,-0.00802950285577311,0.0031530615687370305,-0.00021650651469826702,0,0,True,0.023803944198643595,0.10219245488701263
1037.68,11.966632843017578,-0.03640041500329971,3.1011956367373514,3.0496462585436025e-05,-0.00023685738313740978,-0.00013101954627794325,0.0008801365785206981,-0.0035010161826252916,-0.004249511454254389,-0.004006996750831604,0,0,True,0.0420978019183403,0.12851815557342472
1037.7,11.966621398925781,-0.036378320306539536,3.1011306797307214,5.136161424167119e-10,-6.38070476179702e-05,0.0017184833385121842,0.0008726560330599865,-0.00348264661929926,0.0006766759045422078,-0.004262502379715443,0,0,True,0.04777544196261339,0.10133576862709669
1037.72,11.966537475585938,-0.03637487813830376,3.101114532947632,-8.853963033948824e-06,-2.5723901527973023e-05,0.002419796173874223,-0.000241836249556069,-0.0009456029472063305,0.0022504270728677515,0.010924326404929163,0,0,True,0.02726863259579915,0.04503608504070754
1037.74,11.966485977172852,-0.03637723997235298,3.1011319091653475,-2.7157764279969523e-05,-8.123531091645884e-05,0.0027293462135222434,6.87342538116702e-05,7.735863438725162e-05,0.005090489350259304,0.005275997444987297,0,0,True,-0.0018016362693685983,0.04429280112143171
1037.76,11.966440200805664,-0.03637325018644333,3.101119988501575,1.3499841927826396e-06,-1.9976101595719623e-05,0.002050471061384005,3.973798225943456e-05,0.00010187062062803448,0.0020908509567379953,0.0018603006564080716,0,0,True,-0.01653135742595463,0.013320177003502767
1037.78,11.966403007507324,-0.036374982446432114,3.1011368684214724,-1.8908805420670864e-06,-7.289806589346524e-05,0.0015743524369628275,1.2321933786669732e-05,6.077747041205426e-05,0.003599378447979689,0.003870323766022921,0,0,True,-0.022625578094876933,-0.0016438456802744176
1037.8,11.966373443603516,-0.036371417343616486,3.1011226825972824,6.2087564647135094e-06,-1.8969929490134692e-05,0.0010972875797990553,8.31313270182172e-06,0.00012001121307292175,0.0015535005275160076,0.0013825249671936036,0,0,True,-0.016374229877154096,-0.0013129290635955357
1037.82,11.966360092163086,-0.03637313097715378,3.1011367713629805,7.0111915537725695e-06,-6.170924591244975e-05,0.0009192999659337351,-1.5731046807693805e-05,-5.414902003458218e-05,0.0023776826635003093,0.0025634284503757957,0,0,True,-0.012374676821439596,-0.001767984035630849
1037.84,11.966352462768555,-0.03637036308646202,3.101129589398621,6.481676219243445e-06,-3.7872062584733605e-05,0.0007405326712128685,-2.0491845215744173e-05,-3.1637044595128535e-06,0.0018325979821383954,-0.00040192901156842713,0,0,True,-0.007619981515443312,-0.0013862238876910674
1037.86,11.966329574584961,-0.03637075051665306,3.1011325364998696,1.6925783862094796e-05,-2.5671593557838312e-05,0.0005843782912485601,5.574467849256197e-06,-8.066125243828503e-05,0.007629222753457726,0.000674041610909626,0,0,True,-0.008966035548349946,0.0003302944560224873
1037.88,11.966314315795898,-0.03636738285422325,3.1011224295009256,5.8345870610845665e-06,-3.5622881820117e-05,0.0004876890585624122,3.629219031285284e-05,9.11330205742204e-06,0.0014848475251346828,0.0015867868158966304,0,0,True,-0.009134964086934412,0.001272196596331628
1037.9,11.966313362121582,-0.036371685564517975,3.1011303184627854,2.13083261428862e-05,-2.3810304700102447e-05,0.00020201712206435312,1.987622101276501e-05,-2.772546355273213e-05,0.0008861299511045218,0.0009944656770676376,0,0,True,-0.007304728640592883,0.0010082656554766141
1037.92,11.966313362121582,-0.036371685564517975,3.1011303184627854,2.13083261428862e-05,-2.3810304700102447e-05,9.735544256703112e-06,5.422207420860314e-05,9.861202324721407e-05,0.0005387932062149048,0.0006728691793978215,0,0,True,-0.006096113232035697,-0.00011391627571787911
1037.94,11.966313362121582,-0.036371685564517975,3.1011303184627854,2.13083261428862e-05,-2.3810304700102447e-05,0.0,-0.0,0.0,-0.001506364792585373,-0.0014734711591154338,0,0,True,-0.0025252140258067105,0.0003465682944094668
1037.96,11.966313362121582,-0.036371685564517975,3.1011303184627854,2.13083261428862e-05,-2.3810304700102447e-05,0.0,-0.0,0.0,-0.001506364792585373,-0.0014734711591154338,0,0,True,-0.00012169430320889957,-0.001232650290591297
1037.98,11.966313362121582,-0.036371685564517975,3.1011303184627854,2.13083261428862e-05,-2.3810304700102447e-05,0.0,-0.0,0.0,-0.001506364792585373,-0.0014734711591154338,0,0,True,0.0,0.0
1038.0,11.966313362121582,-0.036371685564517975,3.1011303184627854,2.13083261428862e-05,-2.3810304700102447e-05,0.0,-0.0,0.0,-0.001506364792585373,-0.0014734711591154338,0,0,True,0.0,0.0
1038.02,11.966313362121582,-0.036371685564517975,3.1011303184627854,2.13083261428862e-05,-2.3810304700102447e-05,0.0,-0.0,0.0,-0.001506364792585373,-0.0014734711591154338,0,0,True,0.0,0.0
1038.04,11.966313362121582,-0.036371685564517975,3.1011303184627854,2.13083261428862e-05,-2.3810304700102447e-05,0.0,-0.0,0.0,-0.001506364792585373,-0.0014734711591154338,0,0,True,0.0,0.0
1038.06,11.966313362121582,-0.036371685564517975,3.1011303184627854,2.13083261428862e-05,-2.3810304700102447e-05,0.0,-0.0,0.0,-0.001506364792585373,-0.0014734711591154338,0,0,True,0.0,0.0
1038.08,11.966313362121582,-0.036371685564517975,3.1011303184627854,2.13083261428862e-05,-2.3810304700102447e-05,0.0,-0.0,0.0,-0.001506364792585373,-0.0014734711591154338,0,0,True,0.0,0.0
1038.1,11.966313362121582,-0.036371685564517975,3.1011303184627854,2.13083261428862e-05,-2.3810304700102447e-05,0.0,-0.0,0.0,-0.001506364792585373,-0.0014734711591154338,0,0,True,0.0,0.0
1038.12,11.966313362121582,-0.036371685564517975,3.1011303184627854,2.13083261428862e-05,-2.3810304700102447e-05,0.0,-0.0,0.0,-0.001506364792585373,-0.0014734711591154338,0,0,True,0.0,0.0
1038.14,11.966313362121582,-0.036371685564517975,3.1011303184627854,2.13083261428862e-05,-2.3810304700102447e-05,0.0,-0.0,0.0,-0.001506364792585373,-0.0014734711591154338,0,0,True,0.0,0.0
1038.16,11.966313362121582,-0.036371685564517975,3.1011303184627854,2.13083261428862e-05,-2.3810304700102447e-05,0.0,-0.0,0.0,-0.001506364792585373,-0.0014734711591154338,0,0,True,0.0,0.0
1038.18,11.966313362121582,-0.036371685564517975,3.1011303184627854,2.13083261428862e-05,-2.3810304700102447e-05,0.0,-0.0,0.0,-0.001506364792585373,-0.0014734711591154338,0,0,True,0.0,0.0
1038.2,11.966313362121582,-0.036371685564517975,3.1011303184627854,2.13083261428862e-05,-2.3810304700102447e-05,0.0,-0.0,0.0,-0.001506364792585373,-0.0014734711591154338,0,0,True,0.0,0.0
1038.22,11.966313362121582,-0.036371685564517975,3.1011303184627854,2.13083261428862e-05,-2.3810304700102447e-05,0.0,-0.0,0.0,-0.001506364792585373,-0.0014734711591154338,0,0,True,0.0,0.0
1038.24,11.966313362121582,-0.036371685564517975,3.1011303184627854,2.13083261428862e-05,-2.3810304700102447e-05,0.0,-0.0,0.0,-0.001506364792585373,-0.0014734711591154338,0,0,True,0.0,0.0
1038.26,11.966313362121582,-0.036371685564517975,3.1011303184627854,2.13083261428862e-05,-2.3810304700102447e-05,0.0,-0.0,0.0,-0.001506364792585373,-0.0014734711591154338,0,0,True,0.0,0.0
1038.28,11.966313362121582,-0.036371685564517975,3.1011303184627854,2.13083261428862e-05,-2.3810304700102447e-05,0.0,-0.0,0.0,-0.001506364792585373,-0.0014734711591154338,0,0,True,0.0,0.0
1038.3,11.966313362121582,-0.036371685564517975,3.1011303184627854,2.13083261428862e-05,-2.3810304700102447e-05,0.0,-0.0,0.0,-0.001506364792585373,-0.0014734711591154338,0,0,True,0.0,0.0
1038.32,11.966313362121582,-0.036371685564517975,3.1011303184627854,2.13083261428862e-05,-2.3810304700102447e-05,0.0,-0.0,0.0,-0.001506364792585373,-0.0014734711591154338,0,0,True,0.0,0.0
1038.34,11.966313362121582,-0.036371685564517975,3.1011303184627854,2.13083261428862e-05,-2.3810304700102447e-05,0.0,-0.0,0.0,-0.001506364792585373,-0.0014734711591154338,0,0,True,0.0,0.0
1038.36,11.966313362121582,-0.036371685564517975,3.1011303184627854,2.13083261428862e-05,-2.3810304700102447e-05,0.0,-0.0,0.0,-0.001506364792585373,-0.0014734711591154338,0,0,True,0.0,0.0
1038.38,11.966313362121582,-0.036371685564517975,3.1011303184627854,2.13083261428862e-05,-2.3810304700102447e-05,0.0,-0.0,0.0,-0.001506364792585373,-0.0014734711591154338,0,0,True,0.0,0.0
1038.4,11.966313362121582,-0.036371685564517975,3.1011303184627854,2.13083261428862e-05,-2.3810304700102447e-05,0.0,-0.0,0.0,-0.001506364792585373,-0.0014734711591154338,0,0,True,0.0,0.0
1038.42,11.966313362121582,-0.036371685564517975,3.1011303184627854,2.13083261428862e-05,-2.3810304700102447e-05,0.0,-0.0,0.0,-0.001506364792585373,-0.0014734711591154338,0,0,True,0.0,0.0
1038.44,11.966313362121582,-0.036371685564517975,3.1011303184627854,2.13083261428862e-05,-2.3810304700102447e-05,0.0,-0.0,0.0,-0.001506364792585373,-0.0014734711591154338,0,0,True,0.0,0.0
1038.46,11.966313362121582,-0.036371685564517975,3.1011303184627854,2.13083261428862e-05,-2.3810304700102447e-05,0.0,-0.0,0.0,-0.001506364792585373,-0.0014734711591154338,0,0,True,0.0,0.0
1038.48,11.966313362121582,-0.036371685564517975,3.1011303184627854,2.13083261428862e-05,-2.3810304700102447e-05,0.0,-0.0,0.0,-0.001506364792585373,-0.0014734711591154338,0,0,True,0.0,0.0
1038.5,11.966313362121582,-0.036371685564517975,3.1011303184627854,2.13083261428862e-05,-2.3810304700102447e-05,0.0,-0.0,0.0,-0.001506364792585373,-0.0014734711591154338,0,0,True,0.0,0.0
1038.52,11.966313362121582,-0.036371685564517975,3.1011303184627854,2.13083261428862e-05,-2.3810304700102447e-05,0.0,-0.0,0.0,-0.001506364792585373,-0.0014734711591154338,0,0,True,0.0,0.0
1038.54,11.966313362121582,-0.036371685564517975,3.1011303184627854,2.13083261428862e-05,-2.3810304700102447e-05,0.0,-0.0,0.0,-0.001506364792585373,-0.0014734711591154338,0,0,True,0.0,0.0
1038.56,11.966313362121582,-0.036371685564517975,3.1011303184627854,2.13083261428862e-05,-2.3810304700102447e-05,0.0,-0.0,0.0,-0.001506364792585373,-0.0014734711591154338,0,0,True,0.0,0.0
1038.58,11.966313362121582,-0.036371685564517975,3.1011303184627854,2.13083261428862e-05,-2.3810304700102447e-05,0.0,-0.0,0.0,-0.001506364792585373,-0.0014734711591154338,0,0,True,0.0,0.0
1038.6,11.966313362121582,-0.036371685564517975,3.1011303184627854,2.13083261428862e-05,-2.3810304700102447e-05,0.0,-0.0,0.0,-0.001506364792585373,-0.0014734711591154338,0,0,True,-0.009265723318199966,0.0023482362140107285
1038.62,11.966313362121582,-0.036371685564517975,3.1011303184627854,2.13083261428862e-05,-2.3810304700102447e-05,0.0,-0.0,0.0,-0.001506364792585373,-0.0014734711591154338,-0.035,0,True,-0.02669661959162201,0.0012416173464321085
1038.64,11.966313362121582,-0.036371685564517975,3.1011303184627854,2.13083261428862e-05,-2.3810304700102447e-05,-0.0007412578654574299,3.8405670842297595e-05,0.00018785889712122136,-0.001506364792585373,-0.0014734711591154338,-0.035,0,True,-0.05830236262004406,-0.0004590293466162098
1038.66,11.966313362121582,-0.036371685564517975,3.1011303184627854,2.13083261428862e-05,-2.3810304700102447e-05,-0.0021357295673338885,3.342638770650438e-06,9.932938771476064e-05,-0.001506364792585373,-0.0014734711591154338,-0.035,0,True,-0.10392002471616096,-0.0014781288207989384
1038.68,11.9663724899292,-0.03637715429067612,3.101145347174555,-3.669127742207849e-05,-8.043262794661677e-05,-0.004664189009612539,-1.7532829924753955e-05,-3.672234772936776e-05,-0.001506364792585373,-0.0014734711591154338,-0.035,0,True,-0.14355682649048604,-0.005855250552470694
1038.7,11.966484069824219,-0.03637886419892311,3.1011382648138026,-1.900141990860346e-05,-9.170893161336085e-05,-0.008313601977308944,-5.1613442552049364e-05,-0.0001182503056641436,-0.0018737327400594952,-0.00159615570679307,-0.035,0,True,-0.1786461274623958,-0.0035041655751411748
1038.72,11.966686248779297,-0.036385372281074524,3.101127380674967,-2.3290596227549393e-05,-0.00011776842201983043,-0.012225803984685868,-7.80222093216058e-05,-0.00028056114707600814,-0.005578472502529621,-0.005533193908631802,-0.035,0,True,-0.15542360745154385,0.0018076339628641652
1038.74,11.966978073120117,-0.03639445826411247,3.1011208584383323,-3.29796079792619e-05,-0.00015566794189621132,-0.016427419764312553,-2.8455967827249154e-05,-0.0001810038582962784,-0.010255912095308305,-0.010020699873566628,-0.035,0,True,-0.11742354748764772,0.0034165110678114874
1038.76,11.967350006103516,-0.036410484462976456,3.101122902282789,-3.167598678720531e-05,-0.00021013743061500052,-0.017098077605724737,3.427449333373274e-05,0.00010788836929963393,-0.01453653670847416,-0.014284992441534998,-0.035,0,True,-0.04094381613800737,0.0064369263051123286
1038.78,11.96779727935791,-0.036429762840270996,3.101123784505139,-4.5185822687724695e-05,-0.00030103620228570964,-0.017707485776312218,5.756985527988938e-05,0.00015507057976052677,-0.01837906509637833,-0.018028428107500077,-0.035,0,True,0.07272673609938768,0.005180614769266221
1038.8,11.968052864074707,-0.036443453282117844,3.101136011744511,-6.92767936678172e-05,-0.0004522598147514741,-0.015501309275723478,8.254265595763262e-05,0.00023439295733250983,-0.021257320642471315,-0.021374965608119967,-0.035,0,True,0.0993299702290764,-0.0010668383205347455
1038.82,11.968393325805664,-0.03645637258887291,3.101133264084713,-7.843027415046208e-05,5.971648126465609e-05,-0.01060928087636683,7.151648347856294e-05,0.00023344532324464233,-0.01596913792192936,-0.01619405806064606,-0.035,0,True,0.1065222294628839,-0.002825618284701801
1038.84,11.968588829040527,-0.03646723926067352,3.1011416537193757,-8.239274560023821e-05,0.00020215925367105878,-0.009151679987405853,2.0799442106047086e-05,2.2541303656931922e-05,-0.016804493740200998,-0.01694783814251423,-0.035,0,True,0.10309514650033925,-0.0028706145785401043
1038.86,11.968645095825195,-0.03646980971097946,3.1011424601309985,-8.151893298757748e-05,-0.0003027260157969211,-0.009185707419289257,-2.279379726069996e-05,-7.097888301541172e-05,-0.009802758991718293,-0.009896296784281732,-0.035,0,True,0.02555977420627656,-0.005167836844346383
1038.88,11.96878433227539,-0.03647472336888313,3.1011378150488036,-0.00012450953437228137,-0.00045873429775808786,-0.0072536975556803975,-4.008483430615695e-06,4.743791048857628e-06,-0.006189339496195317,-0.00617500338703394,-0.035,0,True,-0.014375387291909627,-0.01743953241829322
1038.9,11.969127655029297,-0.03648426756262779,3.101127585774072,-0.0001228678265535777,0.0002874785493288143,-0.008564498939860754,-4.298562077284507e-05,-0.00017998162430386732,-0.010441066846251488,-0.01061830721795559,-0.035,0,True,0.02623858320521665,0.010238808448568606
1038.92,11.969168663024902,-0.036490388214588165,3.1011420332226596,-9.608484501929953e-05,-0.00021491762286889976,-0.010301710970760845,-0.00045300972055861775,-0.001372621289809222,-0.015369400084018709,-0.015768037587404252,-0.035,0,True,-0.038482527133178096,0.0039666371704013
1038.94,11.969329833984375,-0.036494091153144836,3.101128061601054,-0.00019276934060420928,-0.000309585847979991,-0.007086620762867869,0.00028944127591167657,0.0007481257928716598,-0.005259186625480652,-0.004921490624547005,-0.035,0,True,-0.02969372923969641,0.003130769575739734
1038.96,11.969609260559082,-0.03647183999419212,3.101028005345619,-9.109564095954005e-05,6.0363939371471605e-05,-0.010332299726331845,6.795102261547082e-06,0.00032207476468067305,-0.010234370380640031,-0.010668371468782425,-0.035,0,True,0.02058041710216183,0.045097509240808895
1038.98,11.969693183898926,-0.03653033822774887,3.1011874358375016,0.00023480442459109421,-0.0003175431836877331,-0.010939997279034306,-1.0486082105685512e-05,7.047994175508359e-05,-0.011473957747220993,-0.015337131321430207,-0.035,0,True,-0.039181710557074034,0.027599038512607605
1039.0,11.96999454498291,-0.0365244522690773,3.101167799203834,-9.653592531774991e-05,0.0001017247527113358,-0.008655277602589396,0.0007268508719287754,0.0022351794494522084,-0.008265730999410153,-0.007844431772828103,-0.035,0,True,0.012155531141114072,-0.012042019958366214
1039.02,11.97020435333252,-0.036528605967760086,3.1011336999963945,-0.00016907387174662242,0.00024909994715845954,-0.01022115760743094,-0.0015587367745468345,0.0029560488738782603,-0.013908175677061083,-0.014812725335359574,-0.035,0,True,0.01833264361893218,-0.0014710096581825984
1039.04,11.970298767089844,-0.03655792400240898,3.101206819701575,0.00014118937771030575,-0.00014658705764018565,-0.009359857235043604,-0.000141275889839565,-0.0006412868319877478,-0.009713488444685937,-0.010399918332695962,-0.035,0,True,-0.029888658323856364,-0.040432670078420496
1039.06,11.970515251159668,-0.03643881529569626,3.1014239197474116,-0.0003392220282998787,-0.0001693734965301237,-0.009473385789521066,1.3109341635571855e-05,-4.720083089941725e-05,-0.00856745295226574,-0.006414624452590943,-0.035,0,True,-0.038420575973618996,-0.08345351972078328
1039.08,11.970743179321289,-0.03654339164495468,3.101116496257275,-2.882107511752777e-05,-0.00012721636889564963,-0.01104637026849573,-0.00033061518203003474,-0.0009994341568184892,-0.012581677213311196,-0.011787252947688103,-0.035,0,True,-0.03264964068663882,0.01189765365832935
1039.1,11.970961570739746,-0.03656008839607239,3.1011299239299226,-3.382160717854003e-05,-0.00017162969181777545,-0.013294803685317665,0.00127783755073959,-0.00372023270377833,-0.011409803032875062,-0.013476264402270318,-0.035,0,True,-0.03846871599104084,0.0005571368673346852
1039.12,11.971182823181152,-0.03656725585460663,3.1011268649690296,-5.1365369328535427e-05,-0.00024148075085532553,-0.011971828489972334,0.00013190715298815606,0.0003105254606777346,-0.012575901672244073,-0.012657181173563004,-0.035,0,True,-0.04220257865719699,-0.00046808118551054634
1039.14,11.971573829650879,-0.03658398240804672,3.1011263011311088,-7.529968998203701e-05,0.0004101617313503069,-0.012550883068810281,-5.165857524835871e-06,-2.6298815125562998e-06,-0.013090291470289232,-0.013316513374447824,-0.035,0,True,0.020732327406114744,0.0383336908675265
1039.16,11.971699714660645,-0.03659268096089363,3.1011413382941293,-6.226790255477516e-05,-0.00012255049357457284,-0.014422576561078015,-0.00033495711189247753,-0.0010368806516594053,-0.017260567471385005,-0.01758257552981377,-0.035,0,True,-0.039889088685185065,-0.017472997695360214
1039.18,11.971964836120605,-0.03660029545426369,3.1011297135394016,-0.00010160031408699208,-0.00016325166696377102,-0.01163621749282528,-0.0002010675286587662,-0.0006535374343702832,-0.008366464748978616,-0.008618384003639222,-0.035,0,True,-0.042624370067450706,-0.014952778903426035
1039.2,11.972336769104004,-0.03658714145421982,3.1010439145168966,-2.854509397569457e-05,0.00018812153419496018,-0.015162955584793306,-0.00031895812247308505,-0.0010873143549537843,-0.014699960947036744,-0.014948927760124207,-0.035,0,True,0.0006353666524699898,0.01804242542715759
1039.22,11.972504615783691,-0.03660556674003601,3.101074018136359,-3.241023639701327e-05,-0.0003529937609452117,-0.015960832674203236,-0.00035527528424684514,-0.0011988521937855512,-0.01806798487901688,-0.022900610715150836,-0.035,0,True,-0.06324112094299002,0.019188681012853804
1039.24,11.972912788391113,-0.036616358906030655,3.101054353145733,-6.167011451959746e-05,6.776947958936842e-05,-0.014371747228880462,0.0001762137930450586,0.0004065133825118894,-0.011754486113786699,-0.011869157254695893,-0.035,0,True,-0.011614817049498509,0.011372177492287177
1039.26,11.973241806030273,-0.03662361949682236,3.101033805363899,-9.942500245311202e-05,0.00017066164645138015,-0.01669550716825988,0.00040244296692511076,0.0008815570466566249,-0.020033354461193087,-0.020181519985198976,-0.035,0,True,-0.007762180302948824,-0.026560322632006056
1039.28,11.973484992980957,-0.036647822707891464,3.1010764355874976,0.00017034979911638616,-0.0001629749682678495,-0.016092140948752342,-5.9215800419526714e-05,-0.00017754015557163764,-0.0160343237221241,-0.016346386522054675,-0.035,0,True,-0.05022317041138584,-0.012296579590351405
1039.3,11.973837852478027,-0.03669189289212227,3.1011445427000917,0.0001393119764395512,-4.6399761862342684e-05,-0.016581807098438577,0.0011335408715005967,-0.0033236780043441033,-0.016147887632250786,-0.013488407954573633,-0.035,0,True,-0.02829887093945551,-0.028440925118405347
1039.32,11.974199295043945,-0.03666377067565918,3.1010401499332874,-0.0004450697931780004,-3.670196113241678e-05,-0.018389600861787675,-0.00018722632060326602,-0.0005772129847153283,-0.0184003084897995,-0.01738689973950386,-0.035,0,True,-0.04623740405466199,-0.0008549553595566316
1039.34,11.974563598632812,-0.0367678701877594,3.1007679111235515,-6.6601155266452e-05,-4.914997262193034e-05,-0.018959416843414262,-0.0005532098542204557,-0.0013937169628137334,-0.018278207480907444,-0.01893260642886162,-0.035,0,True,-0.05225799467040772,0.11792125344246374
1039.36,11.974955558776855,-0.03669250011444092,3.1010302585487204,-9.834253311557164e-05,-5.459716105820622e-05,-0.019791133273121937,-4.8503656282147096e-05,-0.00024593658433610596,-0.01306778907775879,-0.020312746912240984,-0.035,0,True,-0.040708531352276686,0.03647370687242134
1039.38,11.97535514831543,-0.03670957684516907,3.1010330453430663,-0.0001617895425649458,-6.971936039697106e-05,-0.020762446672079275,-0.0022790679859843836,0.006110022271071228,-0.02009974762797356,-0.01983613803982735,-0.035,0,True,-0.04797109621072424,0.015495928998858344
1039.4,11.975781440734863,-0.03672409802675247,3.1010204750065404,0.0002709363584882348,-6.761380920514335e-05,-0.021646283369976104,0.0006840689912047003,0.002340683565084018,-0.020929709672927857,-0.02102664738893509,-0.035,0,True,-0.0486659305375952,0.005493994326199533
1039.42,11.97623062133789,-0.03665304556488991,3.101256712905238,-0.00017700372600075416,-6.226698747460892e-05,-0.022797104540279618,-5.786701587606605e-05,-0.00015404264290267002,-0.0219660484790802,-0.022171579301357273,-0.035,0,True,-0.0475600005543866,-0.10801872643175663
1039.44,11.976683616638184,-0.03681742027401924,3.1012175132339275,-0.0002796019716086762,-6.969714556021526e-05,-0.023684407716137078,5.107922930460535e-05,0.0001935829617607061,-0.023206375390291217,-0.022250666767358783,-0.035,0,True,-0.054470411859973394,-0.06962334334605265
1039.46,11.977177619934082,-0.03677849471569061,3.101020721931634,0.00012087292406039533,-6.147840056955852e-05,-0.024567246716426742,0.0012208989503480507,-0.0025314758434614435,-0.02324399620294571,-0.023763372451066973,-0.035,0,True,-0.04609241632576127,-0.01321920641348857
1039.48,11.97767448425293,-0.03680466115474701,3.1010359616434813,0.00022422865307838568,-9.512493292579513e-05,-0.026003916318770012,-0.0010076282946429825,-0.003229183902595129,-0.02487972915172577,-0.025207508057355884,-0.035,0,True,-0.047220539376938424,-0.017622157401119134
1039.5,11.978190422058105,-0.0368303544819355,3.1010541948377615,-0.0002747309512324747,-0.0001266011379437034,-0.026484497846337166,-0.00033666772652828406,-0.0012115791559807938,-0.025674849152565005,-0.025645913034677507,-0.035,0,True,-0.0650882295899984,0.00211916817490329
1039.52,11.978765487670898,-0.03682122379541397,3.10095917852172,-0.0003645444030430666,6.642171141549289e-06,-0.027462050866288716,-0.00035735081299144314,-0.0012161896303275424,-0.027208814918994906,-0.026582172363996508,-0.035,0,True,-0.039192191107760996,0.03986804153907932
1039.54,11.97929573059082,-0.03683745115995407,3.1009237955991558,9.382480481172879e-05,-8.663636199755418e-05,-0.029774305083621878,-0.0007082246357004951,-0.0023619423894693345,-0.026763000935316087,-0.026792626529932025,-0.035,0,True,-0.053622466101706213,0.01944925450584541
1039.56,11.979870796203613,-0.036865342408418655,3.100938666473055,0.0001695525572312141,-0.00013324739560515496,-0.02913929160738804,0.0009858887416865517,-3.974057947168381e-05,-0.02787993133068085,-0.027985532879829408,-0.035,0,True,-0.05164328715578253,0.02628402942303731
1039.58,11.980572700500488,-0.03687058761715889,3.100865239446604,-0.00025426068355597,0.00028484759984176753,-0.030774295134469762,0.00011543041670285963,0.000344361204485424,-0.029547869414091113,-0.02955523043870926,-0.035,0,True,-0.0464386805690884,0.028039272667229317
1039.6,11.981091499328613,-0.036994773894548416,3.1009559992753624,0.00010310921173826693,-9.529436438461941e-05,-0.03159351383874756,0.00031341678143367684,0.0008865327235135298,-0.032189870178699495,-0.0341162483394146,-0.035,0,True,-0.0677508470794162,-0.0017069408526141198
1039.62,11.981755256652832,-0.036946918815374374,3.1009513444955146,0.0001870710639086005,-0.00016862416488501076,-0.03348939952914557,-7.426254885596183e-06,-0.00011880057609302906,-0.029571541100740437,-0.026890034675598147,-0.035,0,True,-0.06273746916863862,-0.004045977396168668
1039.64,11.98239517211914,-0.03699307516217232,3.1010095890909364,0.00016295483174299694,-0.00031363824641815935,-0.03455935937375181,0.0004883815358944692,-0.00017629584768107733,-0.03362967804074288,-0.033566510081291204,-0.035,0,True,-0.09328315796483222,-0.02482847353207779
1039.66,11.98324966430664,-0.03697884827852249,3.1008557354005166,-0.00030306442075640945,0.000313531061887137,-0.03579329266797055,1.9901160463265625e-05,2.0683012791304906e-05,-0.03462409853935242,-0.034441739767789845,-0.035,0,True,-0.06827673335845649,0.03597620805688489
1039.68,11.98385238647461,-0.037145983427762985,3.100941895607548,0.00012981576024566604,-0.00013137062158588548,-0.03905616647594856,-0.000715120505403368,-0.0010997451590565321,-0.03966673940420151,-0.04084377110004425,-0.035,0,True,-0.07507199453496081,-0.004623035188917286
1039.7,11.98461627960205,-0.03706512600183487,3.100952999136538,0.00023112208997336968,-0.00025144987495406655,-0.03895153819783265,0.0008197836130304807,0.0027592960684633245,-0.03216272085905075,-0.03189078956842423,-0.035,0,True,-0.08013980609271473,-0.022997614433819556
1039.72,11.985519409179688,-0.03706289082765579,3.100921609478212,-0.00015597525619342093,0.00017581692465900212,-0.040565118936543215,1.0207762662131073e-05,-0.0005461386627941238,-0.038454991877079014,-0.03909100025892258,-0.035,0,True,-0.06742890567992665,-0.02086251564812811
1039.74,11.986360549926758,-0.037170980125665665,3.1010764790859935,-0.00026354326552171283,0.0002895800609540157,-0.0422044771553819,0.0010190908591603297,-0.0018191261419125862,-0.04303651154041291,-0.04416094690561295,-0.035,0,True,-0.093781779261127,-0.05784513046555003
1039.76,11.98709487915039,-0.03727874904870987,3.1008982045145244,0.00019256859118698292,-0.0001973263748887124,-0.04445047893033779,0.0010810500098168436,-0.002768746410905263,-0.040979302823543555,-0.040610857307910926,-0.035,0,True,-0.10005628668748655,-0.02995040365714915
1039.78,11.98798656463623,-0.03728334605693817,3.100807469045185,0.0003285287203558617,-0.00031867222934070527,-0.04645408053871598,0.0010554716756868993,-0.0018683143687764697,-0.04016664862632752,-0.03849054843187333,-0.035,0,True,-0.10728188823260695,0.031137291170561538
1039.8,11.989068984985352,-0.03729397431015968,3.1007001097653397,4.714087325846234e-05,0.0002438071804597849,-0.04856962187153486,-0.0009012980059827052,-0.0029421709553638766,-0.045496368408203126,-0.045499040782451636,-0.035,0,True,-0.10485894776343388,0.06638899370244301
1039.82,11.990070343017578,-0.03740687668323517,3.1009270139364915,0.00011508418979368952,0.0004058804431528167,-0.05078702821398265,0.00023533127812264305,0.0006718571517300714,-0.053349360227584845,-0.050145008265972145,-0.035,0,True,-0.08575529079261435,0.007453154675918691
1039.84,11.99098014831543,-0.03736555203795433,3.1006628308380955,7.077539669154186e-05,-0.00010555448869529567,-0.05283919475140487,0.0008042821171152926,0.002542373085285348,-0.04779867827892304,-0.04779677778482438,-0.035,0,True,-0.10044512153622764,0.03118564298227941
1039.86,11.992045402526855,-0.03746733441948891,3.1008612176173234,0.0001256299854888429,-0.0002559303813261114,-0.05331450380211889,-0.0003995126167186914,-0.0012720619947035167,-0.04599414765834809,-0.04635125279426575,-0.035,0,True,-0.04658675684992424,0.0044962523076539865
1039.88,11.993289947509766,-0.037531230598688126,3.100903499612163,0.0001649187004784521,0.0003417727810992633,-0.0566052315944486,-0.00015801809817784715,-0.0004473195167767022,-0.05395811498165131,-0.05367828339338303,-0.035,0,True,0.05624636303895311,-0.03958674675647829
1039.9,11.994333267211914,-0.037548620253801346,3.100825248976915,0.00013161068082450148,-0.00015327517988106157,-0.05451396876198379,0.0003403408762386504,0.0010315573363430855,-0.05978813409805298,-0.05907305181026459,-0.035,0,True,0.13007155233139553,0.019636263045232024
1039.92,11.995505332946777,-0.03753712773323059,3.1006270452767533,4.4919079272811366e-05,-0.00026059239050888405,-0.04833948570827992,-0.00011412641397793243,-0.0006245666552390357,-0.05270067840814591,-0.053415706455707555,-0.035,0,True,0.3006725631906122,0.044426649703980775
1039.94,11.9964017868042,-0.03767228126525879,3.100943742204231,-3.923601260846693e-05,-0.00045991833742058103,-0.04290877961558714,0.00013962783038124946,0.00029883904891808125,-0.062274967133998875,-0.060282268822193154,-0.035,0,True,0.3719375000675941,-0.02288789069452234
1039.96,11.997154235839844,-0.037680484354496,3.100853534279744,-4.731816783558556e-05,-0.0006399318114413874,-0.0325514265392215,0.0009793412368570738,0.003106812459538527,-0.047728503942489627,-0.032671456634998326,-0.035,0,True,0.37498411601221265,0.013156841648955316
1039.98,11.997762680053711,-0.03769927844405174,3.1008491561008285,-3.18359929606725e-05,-0.00016041546042299768,-0.024758968756603328,-0.00023144472852806256,-0.0007994739192170365,-0.03593935936689377,-0.03570900529623032,-0.035,0,True,0.3554909270784368,0.0049259204792324275
1040.0,11.998104095458984,-0.03772146999835968,3.100875590273516,-4.328768356311085e-05,-0.0001838795963995234,-0.018340756427330195,7.584528369540728e-05,0.00042798067667643234,-0.03037624701857567,-0.030653811991214756,-0.035,0,True,0.24358807642223668,0.0017617059826950815
1040.02,11.998381614685059,-0.03773446008563042,3.1008797842906937,-6.601980034540369e-05,-0.00022610655286332113,-0.014469505449338057,0.0002297042675759454,0.000692912687256317,-0.018693020045757295,-0.01864075854420662,-0.035,0,True,0.1536178781151114,0.012631528246454745
1040.04,11.99862003326416,-0.03774627298116684,3.100887772733878,-8.32543509039012e-05,-0.0003178708056789147,-0.013064380425460294,-0.0014612365032890577,0.0032477489381540054,-0.015806859508156777,-0.015882479771971703,-0.035,0,True,0.07784012227236589,-0.0014207010939235913
1040.06,11.998918533325195,-0.03776475414633751,3.100904589115809,0.00024365803448035358,-4.3887463809761385e-05,-0.012469538507405592,4.541643103245989e-05,0.00021104834049842414,-0.01708035692572594,-0.015390966832637788,-0.035,0,True,0.03668390955714139,-0.010165993935426837
1040.08,11.999153137207031,-0.037647198885679245,3.101135410188568,-0.00027307414682148454,3.4169404071513927e-06,-0.012113546645546588,9.621300268550801e-05,0.0003143245891626484,-0.01708035692572594,-0.015390966832637788,-0.035,0,True,0.012932397997160481,-0.05065637956019302
1040.1,11.999378204345703,-0.037778668105602264,3.1008966681579335,-0.00048668090739788114,9.874378210338633e-05,-0.011534792684769415,-5.6435056093178846e-05,-0.00012036682757709024,-0.01708035692572594,-0.015390966832637788,-0.035,0,True,0.025902813950757258,0.04487169394276571
1040.12,11.999588012695312,-0.03779315948486328,3.100912918701011,3.520571344273566e-05,2.826204921424904e-05,-0.012029788585688397,0.002138912111633573,-0.0008047614266577508,-0.01052184097468853,-0.012278123870491982,-0.035,0,True,-0.005585899571550204,0.012224920465872403
1040.14,11.99984073638916,-0.03779778629541397,3.1008949597696027,7.17709915643166e-05,0.00011851934405293707,-0.010397313391341007,0.0010160062996692632,0.003800783855926619,-0.011797041222453118,-0.011225784197449686,-0.035,0,True,-0.017458026594158203,0.031760479543110204
1040.16,12.000107765197754,-0.037857308983802795,3.1010710292744355,-0.00022002017916487605,0.00018749786507106677,-0.012560418611271468,0.00022933898215773572,0.0012923182264343307,-0.01262440547347069,-0.012874034643173219,-0.035,0,True,0.015567904205983677,0.02394555795497375
1040.18,12.000205993652344,-0.03789372369647026,3.1012007308664082,0.00012622273573031434,-0.00037370714423577673,-0.01293143481230477,0.0005557634596033485,0.0024204715358766365,-0.010476522222161295,-0.021290760263800623,-0.035,0,True,-0.0631134805705803,-0.06566253054838929
1040.2,12.000591278076172,-0.037852197885513306,3.101016304159126,-0.0002213182391600297,0.0001791874095219765,-0.010784356249207296,0.00026822789069249893,0.0011108832097438514,-0.01721605632454157,-0.006822975650429726,-0.035,0,True,-0.02926581917371164,-0.014593725745132353
1040.22,12.000872611999512,-0.03788398578763008,3.1010885974924727,-0.0003674421899312035,0.00034579933389059913,-0.01544639183698284,-0.0003902124645815191,-0.001452218587939746,-0.017234243750572205,-0.019208619296550752,-0.035,0,True,-0.00972896573600997,-0.022430962470134368
1040.24,12.000968933105469,-0.03791374713182449,3.101159899931215,3.4462798876527756e-06,-0.00025964828454456274,-0.01490168414516627,6.552083014042852e-06,0.00012482016682480418,-0.012966717630624772,-0.01332677572965622,-0.035,0,True,-0.07082943203547876,-0.026451516277870943
1040.26,12.001441955566406,-0.03791256994009018,3.101084553379373,5.522051113954464e-05,0.000231236157938492,-0.01370975207118486,0.0006222652312605876,0.0006259945382675189,-0.011026933789253237,-0.008119330368936063,-0.035,0,True,-0.020966009579148244,0.04875500983868839
1040.28,12.001782417297363,-0.037900909781455994,3.101026289772472,-0.0004502275859517974,0.0003409009057890324,-0.016450710812040442,-0.0003379385968565005,-0.0010052380924838993,-0.020461397469043734,-0.020302066802978518,-0.035,0,True,-0.00583124457052719,0.013173482925159616
1040.3,12.00196647644043,-0.037978142499923706,3.101138677055534,-6.424090024252813e-05,-0.00021318041784963712,-0.017123672603313173,0.0006669066758867038,0.0024481821991517777,-0.014501136615872384,-0.016720493882894517,-0.035,0,True,-0.04886502179913809,-0.017660585688795978
1040.32,12.00228500366211,-0.03794010728597641,3.1010794808838162,-0.00012746222545174482,-0.0003216421242804363,-0.01536818371080802,0.00032931234737655494,0.0011786988008366148,-0.0137339336425066,-0.01109416663646698,-0.035,0,True,-0.04009124455819781,0.02192587424643062
1040.34,12.002808570861816,-0.038021281361579895,3.101280407955305,-0.0001305175855267809,0.00044185782809407913,-0.017618953815112352,-0.000655418856983405,-0.0007868523168348744,-0.018098803758621218,-0.018380054980516435,-0.035,0,True,-0.015382676655123126,-0.06275370237838736
1040.36,12.003009796142578,-0.037977028638124466,3.1011205856765387,-0.00010793123317316512,-0.0001628096759630431,-0.01965801037669335,0.00020125023752011896,0.000748831847228955,-0.022980057001113895,-0.023965767771005633,-0.035,0,True,-0.05141203105619835,-0.022691150470081876
1040.38,12.003376960754395,-0.03798255696892738,3.101075728870187,-0.00019675474287396698,-0.00023682344073926964,-0.0183542867357254,-0.000763547086470126,-0.0025721139911289133,-0.01325682356953621,-0.012596050873398781,-0.035,0,True,-0.0534289879054154,-0.002632035017252899
1040.4,12.00385570526123,-0.038019824773073196,3.1011393874315947,-0.00017354790164129694,9.637135107099996e-05,-0.019481146195311837,0.0014325595048641664,-0.0006365932367734437,-0.01962405562400818,-0.019979442805051807,-0.035,0,True,-0.027076075724811344,-0.023105450678523036
1040.42,12.004278182983398,-0.03801972419023514,3.1010746388360144,-0.00031582685721214866,0.00023101061488724954,-0.021893272847553845,0.001187036218394298,-0.0009974151182155133,-0.021729203313589098,-0.024467606693506245,-0.035,0,True,-0.05785434027036678,0.033016012237384915
1040.44,12.004562377929688,-0.038154568523168564,3.1010696582175967,0.00010654942065453413,-0.0002776104347689063,-0.021824096434682444,0.0012461701011909241,-0.0010996042070564604,-0.020479186177253726,-0.020562115311622622,-0.035,0,True,-0.05381588320673349,-0.02065706785083412
1040.46,12.005123138427734,-0.038148388266563416,3.10099593566073,0.0002526745795594907,0.00021163274062179093,-0.022982633957350534,0.0015668937097629643,6.916698785947769e-05,-0.018907603770494462,-0.01671951234340668,-0.035,0,True,-0.015790036900295228,-0.005121448536727793
1040.48,12.005596160888672,-0.038190167397260666,3.1010514190950302,-2.2878676978338364e-06,0.00020124529125348234,-0.0237864168518466,-0.0006736283348106393,-0.00228915866483867,-0.026498673707246782,-0.025650897920131685,-0.035,0,True,-0.05274434361232199,-0.012849969869786544
1040.5,12.006110191345215,-0.03821959346532822,3.101080172195043,2.1012143912917778e-05,0.0003953937200454601,-0.023156475799576314,-0.00032019989931532627,-0.0014071310011533641,-0.020708341747522355,-0.0251192581653595,-0.035,0,True,-0.028974372098553747,-0.0314406637161191
1040.52,12.006465911865234,-0.03817784786224365,3.10088652552441,-1.5871645553521657e-05,-0.00023821061489013014,-0.026043643923664365,-0.0006182564820268798,-0.002127601796638449,-0.023368800878524783,-0.024280467480421068,-0.035,0,True,-0.052988501541125305,0.028150722106139028
1040.54,12.006975173950195,-0.038197822868824005,3.100883365180638,-1.8636513300053164e-05,-0.0003991871498349417,-0.025300583725232726,-0.0007005299356363606,-0.002446086109427763,-0.02020388573408127,-0.020576422214508058,-0.035,0,True,-0.09336918262871512,0.016609876426309747
1040.56,12.00767993927002,-0.03822553530335426,3.1008812109512993,-1.8586063982831584e-05,0.0002753761852370268,-0.02802549697513277,3.2028776112487563e-07,-3.7100896349596e-05,-0.027555017769336703,-0.027632556259632114,-0.035,0,True,-0.04968690094666081,0.02672417746448603
1040.58,12.008134841918945,-0.038245972245931625,3.100884485306289,-1.7223415199646167e-05,-0.00015629647607067235,-0.03062601040986673,-9.502838416931359e-06,-7.834088704979278e-05,-0.03281649395823479,-0.03309238374233246,-0.035,0,True,-0.07018403184081987,0.032789988315668546
1040.6,12.008706092834473,-0.038269124925136566,3.100883557452702,-2.5031184517832584e-05,-0.0002686018736191038,-0.030018595999393615,1.6421428326263967e-05,1.0332400518489063e-05,-0.024506838023662568,-0.024514549523591996,-0.035,0,True,-0.052045921015496835,0.00013087014132188329
1040.62,12.00942325592041,-0.03829677402973175,3.100877097909674,-3.054485288898075e-05,0.00020047694268857338,-0.03091530627249321,6.2840160300051e-05,0.00017711295582333494,-0.02999250575900078,-0.03005332469940186,-0.035,0,True,-0.041420345540065275,-0.001843313265488339
1040.64,12.010079383850098,-0.03832458332180977,3.100882037543341,-5.473520074309616e-05,0.00036620209163865726,-0.032189170656380564,-4.088761368639757e-06,-2.6631285043825104e-05,-0.034127018153667456,-0.03437967643141747,-0.035,0,True,-0.04786777344323857,0.01101039846128658
1040.66,12.010605812072754,-0.03835166618227959,3.100898654342755,-3.494209833915121e-05,-0.00018708422054120478,-0.033939638053078355,-8.610508405614589e-05,-0.0002258059482891449,-0.030815000385046008,-0.030957828462123874,-0.035,0,True,-0.07577616910685228,0.02519621136903288
1040.68,12.011279106140137,-0.03837360441684723,3.1008814269498983,-6.936270477443515e-05,-0.00034577123576933475,-0.0338480178748601,0.0003001798030922143,0.0008911642774231177,-0.028488211482763294,-0.028152604252099995,-0.035,0,True,-0.08031458860231802,0.018298421508818476
1040.7,12.012136459350586,-0.038400352001190186,3.1008590334338106,-9.366354113496647e-05,0.00025600275364027813,-0.03697739980105311,0.0006780084885856517,0.002192809865349861,-0.03524295866489411,-0.0352912700176239,-0.035,0,True,-0.05576991922622225,0.022431754197920786
1040.72,12.012784004211426,-0.03845878690481186,3.1009533306855346,0.00018401138674081308,-5.874144905097356e-05,-0.03861433774456016,0.0001557834472476463,0.0014372424356603214,-0.04033866107463837,-0.040849485099315644,-0.035,0,True,-0.09273564966593328,-0.012209583921488082
1040.74,12.013559341430664,-0.038526326417922974,3.101074079131983,0.0001668222595079071,8.624895302913208e-06,-0.03840123159117208,0.0004958280874669031,0.0015687343875428858,-0.03352133318781853,-0.0328506986796856,-0.035,0,True,-0.07558997928059265,-0.04792945579453315
1040.76,12.014365196228027,-0.03851156309247017,3.100996406344751,-0.0003398201357140633,7.791012681527639e-06,-0.04126686984812802,-4.0009246991689175e-05,-8.560243629504042e-05,-0.03879678457975388,-0.037699559032917024,-0.035,0,True,-0.07707853625625605,-0.024388711842199217
1040.78,12.015204429626465,-0.03856442868709564,3.100984532184814,3.36253663427825e-05,3.765126116242339e-05,-0.04302459814349502,-0.0005316371518357091,-0.0016415465982093033,-0.03964715242385865,-0.039720003306865696,-0.035,0,True,-0.10466295896683453,-0.025243399707335194
1040.8,12.016082763671875,-0.03858957439661026,3.100946482490631,7.619828928425157e-05,3.753678711684065e-05,-0.04478062064505504,0.00010798789902118837,-0.0005138545117138416,-0.041398168802261354,-0.04139188945293427,-0.035,0,True,-0.09350718892242112,0.000290504012237482
1040.82,12.017000198364258,-0.038623563945293427,3.1009427554041262,0.00016560282234545572,3.425577737212151e-05,-0.046774268308511224,-0.00015586216249457367,-0.0004507375890420931,-0.043172026574611666,-0.04330630451440812,-0.035,0,True,-0.11614152750146088,0.007986840479237887
1040.84,12.0179443359375,-0.0386657677590847,3.100955297983814,5.294263299673881e-05,3.879190121886509e-05,-0.0487474449619149,-4.223496669951573e-05,-6.2362115316063e-05,-0.04506965845823288,-0.04491699725389481,-0.035,0,True,-0.10205983649356459,0.026566498763285148
1040.86,12.018943786621094,-0.0387040376663208,3.1009484731776906,9.964756088496654e-05,2.231182698843977e-05,-0.05231592034360344,-0.0003071329804378289,-0.0010025993598708535,-0.046789699494838716,-0.046517513692379005,-0.035,0,True,-0.10746278273010942,0.0061798780299969856
1040.88,12.019979476928711,-0.03874463215470314,3.1009414935214057,0.00019919467319637362,-1.4956025795318857e-05,-0.052945407564555985,0.0005026125356819358,0.001611465389353078,-0.04896981239318848,-0.04899351537227631,-0.035,0,True,-0.07720267726296669,0.01829062946023102
1040.9,12.021183013916016,-0.03876907378435135,3.1008625474553364,-0.00021315986593929204,0.00047074601690475437,-0.055371290926936594,8.279412950387786e-06,4.365265335862124e-05,-0.050998814105987555,-0.05090291947126389,-0.035,0,True,0.020814145240773668,0.02823674027062838
1040.92,12.022174835205078,-0.03887807950377464,3.1010842152149625,0.00022494652367944677,0.00012638604903457925,-0.054923659142964175,0.00045650419732884157,0.0014008882415052467,-0.054791000783443455,-0.05645458817481995,-0.035,0,True,0.08791398149915665,-0.041875881470218076
1040.94,12.023369789123535,-0.038885071873664856,3.1009519653899593,-0.00015668991576790175,0.00015957051261887066,-0.05065078872433833,0.0004071650935183013,0.001256339861783783,-0.0480034351348877,-0.05039282977581025,-0.035,0,True,0.23298729934286816,-0.004688979361879049
1040.96,12.024368286132812,-0.038959063589572906,3.101053564580726,7.256828467714645e-05,-0.00027185940404554745,-0.04591228904462985,-0.0005183776233679096,-0.0017386051282613215,-0.05841717898845673,-0.057759983539581304,-0.035,0,True,0.3312758101250834,-0.03930550500637552
1040.98,12.025230407714844,-0.03896625339984894,3.100963054644279,9.555710329529912e-05,-0.00010578627082340531,-0.03673230697952409,-6.27127629841092e-05,-0.00033146569559136145,-0.053564036786556246,-0.05167995035648346,-0.035,0,True,0.3704425307853413,-0.022728572896160412
1041.0,12.025846481323242,-0.03898550197482109,3.1009451268047017,0.00010246324526370207,-0.0001431657598205046,-0.028421594332981606,-0.0005260426967943133,-0.0017435521590019357,-0.04306882411241532,0.011798889040946961,-0.035,0,True,0.369986861119077,0.025244633767827884
1041.02,12.02630615234375,-0.038999419659376144,3.100925448134312,0.00012688665806018885,-0.00011881432308168905,-0.02101538626153798,-0.00016396135442488962,-0.0005619459699073963,-0.03092242941260338,-0.03006010264158249,-0.035,0,True,0.29586578171413785,0.0033378128130234427
1041.04,12.026641845703125,-0.03900941088795662,3.100914080408006,0.0002160831677674759,-0.00013495234664124626,-0.01631334015513061,9.67585630714385e-05,0.0002809655731630724,-0.02304250001907349,-0.0233318966627121,-0.035,0,True,0.18828618745164918,0.018129961967433224
1041.06,12.026910781860352,-0.03902149945497513,3.1009180989666865,0.00037489411160080457,-0.0001650354022242528,-0.01306304444241459,-2.8948697608813267e-05,-6.44406705497289e-05,-0.017855875343084335,-0.01799973502755165,-0.035,0,True,0.12385431808977142,-0.01584515196040849
1041.08,12.02715015411377,-0.039046309888362885,3.1009676040505547,-7.304265709770247e-05,-0.0002130083222353098,-0.01335869933686337,-9.265650451925812e-05,-0.00029315520160859713,-0.015086341723799707,-0.015061153918504716,-0.035,0,True,0.07037301780365918,-0.010256028511734282
1041.1,12.027350425720215,-0.039039600640535355,3.100920292880668,-0.00012816493906654192,-0.00031423560015561406,-0.011107040814365277,0.0011596838995504414,-0.0018295581267389228,-0.01378042221069336,-0.013505673035979273,-0.035,0,True,0.03053904300950553,0.0019676953919664075
1041.12,12.0277099609375,-0.03904540836811066,3.1008906279918773,-0.0001714581538917828,0.00031277393551035025,-0.010683498730842995,-0.00015978620006150786,-0.0005395167077749239,-0.012086399793624879,-0.012709528207778932,-0.035,0,True,0.030646851474265817,0.005977053696413849
1041.14,12.02779483795166,-0.03915032744407654,3.100771734316547,-3.388382846558592e-05,-0.00016134460401535274,-0.010619921001649426,3.546277643588216e-05,9.297496080788796e-05,-0.015500665083527567,-0.016827211007475855,-0.035,0,True,0.0036841951609305514,0.04845257308229078
1041.16,12.02800464630127,-0.0390683151781559,3.1009244427139326,-5.8967915992553813e-05,-0.00021516866863380477,-0.010906951218917367,5.4206538602948864e-05,0.0001850090941054349,-0.007251698225736619,-0.006788315623998642,-0.035,0,True,-0.0042521010098593845,0.006312910718316764
1041.18,12.028199195861816,-0.03907710686326027,3.1009277308775327,-9.964975146010434e-05,-0.0003082323958722067,-0.010812305201490263,-0.0010990071326540088,0.0020466477198518313,-0.01193225845694542,-0.011965077966451645,-0.035,0,True,-0.03136402523433291,0.01595564912099569
1041.2,12.028581619262695,-0.03908521682024002,3.1009054287194058,-0.00010890408125411437,0.00042206896334651714,-0.011023666811632403,-9.707204629002728e-06,-3.448385030860674e-05,-0.012071245387196542,-0.012292089164257052,-0.035,0,True,0.015489407782393584,0.0010405516642859886
1041.22,12.02866268157959,-0.03909764438867569,3.100935466134135,-9.929923683267108e-05,-0.0001454026324307,-0.013129043020393777,0.00042051861140111424,0.0013694268904863823,-0.01627922147512436,-0.017182717099785805,-0.035,0,True,-0.009480006158398753,-0.027628450069131245
1041.24,12.028885841369629,-0.03910341113805771,3.100921684005908,-0.00016525973354958393,-0.00019434657119948514,-0.009667798596327007,9.472161089201631e-05,0.0002682532272482383,-0.006643002405762673,-0.006439599990844727,-0.035,0,True,-0.04023629452226419,-0.0018029192386975245
1041.26,12.029247283935547,-0.039153411984443665,3.1010372850287715,-5.6322902930212255e-05,0.0003045163012880398,-0.011570705694161474,-5.2029011152763974e-05,-0.00016362828567665803,-0.012667701169848443,-0.013027381151914598,-0.035,0,True,0.018165707540802444,-0.03304196736954771
1041.28,12.029354095458984,-0.03912423551082611,3.1009268889775856,-5.346346417223095e-05,-0.0002796935996227156,-0.014242570373410611,-6.8717434450622e-05,-0.00017871738940427752,-0.014307783767580988,-0.016918644905090333,-0.035,0,True,-0.05138835655075661,-0.0040202392832884145
1041.3,12.029587745666504,-0.03913101553916931,3.100922375871281,-8.292486967605073e-05,-0.0004367847459177585,-0.011675786417130903,-0.0004028356268386503,-0.0012739304990750306,-0.008700157925486566,-0.008743604868650437,-0.035,0,True,-0.05428640148886715,-0.012352880045303084
1041.32,12.030024528503418,-0.03914424031972885,3.1009073866147556,-9.494992881126302e-05,0.00029064563061388166,-0.013778867120383797,-2.9706089159008305e-05,-5.336591541454241e-05,-0.01966484844684601,-0.020434261709451677,-0.035,0,True,0.01528469601135591,0.005160408959385368
1041.34,12.030181884765625,-0.03915918990969658,3.1009353705888456,-9.061632896576141e-05,-0.00018721054307438206,-0.015913617813266896,-0.00034377856023499575,-0.001151858689300006,-0.01966484844684601,-0.020434261709451677,-0.035,0,True,-0.06100299362088708,0.012084334441093905
1041.36,12.030455589294434,-0.03916669636964798,3.1009226197043525,-0.0001510196881947482,-0.00028074215513711046,-0.01301979469250325,8.103973291933545e-05,0.00023411532734617647,-0.010424935594201089,-0.010206554010510446,-0.035,0,True,-0.04638710571332202,0.0009323715802183737
1041.38,12.030860900878906,-0.03915528208017349,3.1008302271761368,-6.653449090464535e-05,0.00010355391454563069,-0.0165560259068113,-9.757079752135479e-05,-0.00030718374378564976,-0.015642350465059282,-0.015927887707948687,-0.035,0,True,-0.015104361521052614,0.029015768851710536
1041.4,12.031064987182617,-0.03919306769967079,3.1009261158409434,-5.697710294471968e-05,-0.0003970096626776897,-0.01748983557745673,-1.7373778731285833e-05,2.1223811003071638e-05,-0.016193728968501093,-0.017058227956295014,-0.035,0,True,-0.05131392766825373,0.002747774246683555
1041.42,12.031505584716797,-0.039205364882946014,3.1009107958893427,-6.633753516632334e-05,4.465247653962391e-05,-0.01712196673495344,0.000324264010469859,0.001169402818841323,-0.013747942224144936,-0.013576330319046976,-0.035,0,True,-0.02151130067319027,0.004320310663868674
1041.44,12.031853675842285,-0.03922219201922417,3.1009243176092327,-0.00010770794985940328,0.00012805236811118048,-0.017124908905971483,0.00010370254970286624,0.0004539372670812857,-0.021309899240732195,-0.02186266347765923,-0.035,0,True,-0.01901842153166368,0.018927307282417195
1041.46,12.032228469848633,-0.03923691064119339,3.100923779401644,-0.0001799794668355553,0.00027699415287502993,-0.018276929960664958,-2.572077208733007e-05,3.844110932352983e-05,-0.01724160008132458,-0.017490851134061815,-0.035,0,True,-0.013812634303466794,-0.006446065217447574
1041.48,12.03243350982666,-0.03925705701112747,3.10096243082231,-0.00014914142527010154,-0.0004672851188393148,-0.01901130929998844,0.0004308443207717117,0.00153540839359507,-0.01780758693814278,-0.01816028505563736,-0.035,0,True,-0.0658926479305663,0.001398725256107393
1041.5,12.032966613769531,-0.03926275670528412,3.1009138711780886,-0.00021664058279453663,7.235457755564673e-05,-0.01822697747922978,0.00021246360217703401,0.0006537176014459862,-0.014680682197213175,-0.014046180024743081,-0.035,0,True,-0.038654892253140574,7.670505432225217e-05
1041.52,12.033371925354004,-0.03931840881705284,3.10104715028072,-0.00034139510301080717,0.0001629265485102967,-0.022396320740411993,5.749521992826079e-05,0.0005658352875697754,-0.014680682197213175,-0.014046180024743081,-0.035,0,True,-0.04188683467424628,-0.015401435552828396
1041.54,12.033684730529785,-0.039313193410634995,3.1009760768097596,-0.00012304559849822435,-0.00034199653784626607,-0.02136932134091339,3.234675650384334e-05,4.457751366930442e-05,-0.020099898874759676,-0.020409054607152942,-0.035,0,True,-0.08001413837216997,-0.015379822026443054
1041.56,12.034223556518555,-0.03933427855372429,3.1010076976453154,-3.0277383073196582e-05,-3.984205677830681e-05,-0.022362256073925096,9.910016381734724e-05,0.00030329354936991897,-0.02012882873415947,-0.017440224140882494,-0.035,0,True,-0.025050928064604072,-0.021138598546090043
1041.58,12.034674644470215,-0.03933475911617279,3.100917437379182,-5.962719097341927e-05,-4.409048125618315e-05,-0.024628108548997555,-0.0002208392484107193,-0.0005766681606683392,-0.02012882873415947,-0.017440224140882494,-0.035,0,True,-0.05276191843155119,-0.0007181843239564996
1041.6,12.03515911102295,-0.0393989160656929,3.1010714137646698,-4.87740497782069e-07,-1.5144589693255844e-05,-0.024400394985578496,-0.00024327937935072997,-0.0011252525961158901,-0.023594212830066682,-0.02362824022769928,-0.035,0,True,-0.050507420255071274,-0.0029393542266825346
1041.62,12.035654067993164,-0.039375659078359604,3.100929943356906,-1.6828860938948146e-05,8.231710054715455e-06,-0.025590274815433647,-3.126759998006278e-05,-1.2877232247163291e-05,-0.02469079583883286,-0.024724093079566956,-0.035,0,True,-0.03708580461667992,0.030727941164778137
1041.64,12.036174774169922,-0.03939390927553177,3.100917677437626,-3.0781907852812134e-05,3.147213009209195e-05,-0.026402849694338607,-1.0373083801770364e-07,6.814521123486171e-05,-0.025103504508733752,-0.02507701858878136,-0.035,0,True,-0.05428484983963899,0.016281013668225083
1041.66,12.036720275878906,-0.03941548243165016,3.1009164072006024,-5.6738186492906964e-05,6.850515320254357e-05,-0.027594972918337683,0.0005626584392312479,0.001881567132518663,-0.027173358500003818,-0.025995916873216632,-0.035,0,True,-0.03479218170707379,0.01379934270620483
1041.68,12.037269592285156,-0.03948479890823364,3.1010768653815686,7.509794197543434e-06,1.8174569115081985e-05,-0.02874318297275801,5.127704070852462e-05,0.00017722849734463385,-0.027140574455261232,-0.02716772168874741,-0.035,0,True,-0.04381278994254784,-0.024537923511536743
1041.7,12.037858009338379,-0.03951040655374527,3.101080468727508,3.72119372737273e-05,5.3383141333051863e-05,-0.02837364935200493,0.00035358213411710747,0.0010910701842513568,-0.02773538947105408,-0.02769156649708748,-0.035,0,True,-0.0635267151074257,-0.03839179369316847
1041.72,12.038472175598145,-0.03949114680290222,3.1009318557174135,5.686345666069744e-05,0.00010712564875678091,-0.029907872889739246,-0.0006508749484365494,-0.0018948886696862925,-0.029367236942052843,-0.02936917394399643,-0.035,0,True,-0.06543192796857841,0.007604800226018681
1041.74,12.038987159729004,-0.039535678923130035,3.1010036928153424,-0.00012430957157184727,-0.00039010530551963733,-0.03267711012692712,-0.00032403645104523717,-0.001189776362932021,-0.03029817029833794,-0.030295044183731083,-0.035,0,True,-0.08221629883947282,-0.008391120745689094
1041.76,12.03966236114502,-0.03953003138303757,3.100925274287994,-3.209172194179243e-05,-0.00041292678812270255,-0.03397773721023952,0.0002646473812934946,0.000785612515425575,-0.030029453784227375,-0.028356703966856005,-0.035,0,True,-0.09459258926307025,0.03170680454445346
1041.78,12.040471076965332,-0.03959058225154877,3.1009852866184735,-5.361511874154492e-05,0.00017141207537824435,-0.03495095325915677,0.0001413919703390173,0.0004197805245968398,-0.0336827427148819,-0.03390650033950806,-0.035,0,True,-0.06030361900990535,0.017312227621153326
1041.8,12.041187286376953,-0.03962281346321106,3.1009947047186475,-0.00011421199057277003,0.00029750700068837093,-0.037475280030777984,0.0003125178267651611,0.0006416556938676773,-0.03870658934116364,-0.038791733980178836,-0.035,0,True,-0.04669343411122722,-0.0063890900992227845
1041.82,12.041780471801758,-0.0396604910492897,3.10103727525731,-7.385332786026374e-05,-0.00030366159754922846,-0.03750139964771516,7.606913007494475e-05,0.00019520184675898546,-0.034167909026145936,-0.034260385483503346,-0.035,0,True,-0.07779255618743025,-0.031285836599847634
1041.84,12.042656898498535,-0.039676692336797714,3.100976606743503,-0.00010464467112727494,0.00011761238850860347,-0.0377132119391343,0.001175633403875094,0.00027448530748821717,-0.03226521715521813,-0.0317327544093132,-0.035,0,True,-0.04551912623834565,0.018877475116531307
1041.86,12.043468475341797,-0.039718300104141235,3.101000902766214,-0.00019110474269599416,0.00019068115603161945,-0.04117435775414553,0.002088726806494397,-0.0020830864033886945,-0.042009994387626655,-0.042468845844268806,-0.035,0,True,-0.08441404844780144,0.026032608697771485
1041.88,12.044198036193848,-0.03983929380774498,3.1010166635432466,0.00014626292811591808,-0.00018508121345045184,-0.041116810129852674,0.0006726972765670053,0.0021518537031931005,-0.03942296087741852,-0.03937657088041306,-0.035,0,True,-0.10273424243370216,0.041079246249807105
1041.9,12.045064926147461,-0.03996112197637558,3.1008706283450387,0.00022674409958187353,-0.00018019299864362087,-0.044254523523552323,0.0006620284280483885,0.0022778105425847292,-0.038156341016292575,-0.03790101766586304,-0.035,0,True,-0.08177093981118054,0.07150901171897589
1041.92,12.045941352844238,-0.03986389562487602,3.101148755039759,0.0001055033426386148,-0.0002121212573305414,-0.04593195133384636,-2.932451641632079e-05,0.003560825007479137,-0.043688034713268285,-0.04305556446313859,-0.035,0,True,-0.11269603320248672,-0.015226871014649243
1041.94,12.047003746032715,-0.03991534933447838,3.1011831276096213,0.00011692789707932741,0.000399343225810308,-0.04771603293905262,-0.0016396807529924827,0.0036376345341404327,-0.044073793292045596,-0.04406517326831818,-0.035,0,True,-0.09790246415717878,-0.0024346890548017095
1041.96,12.047869682312012,-0.039985522627830505,3.1013015295438446,0.00012308323102834867,-2.516489395027457e-05,-0.05013249278604341,0.0002975117697593681,0.0009337040220222689,-0.04332534492015839,-0.04946889340877533,-0.035,0,True,-0.09894621121019419,-0.07764803089165243
1041.98,12.048884391784668,-0.039984267204999924,3.1011616391077697,0.00021538703661250224,-9.515345944436252e-05,-0.0520867206561195,-0.0021293440146386224,0.0020830354182007696,-0.043368349075317385,-0.04379475444555283,-0.035,0,True,-0.11068050539295876,-0.013166178619457649
1042.0,12.049947738647461,-0.040049225091934204,3.1012234513615207,6.874770075345803e-05,-5.2724589040408605e-05,-0.053847648230654695,0.0012961050154502189,-0.002651017463847407,-0.043368349075317385,-0.04379475444555283,-0.035,0,True,-0.0699667991706171,0.017519112965148857
1042.02,12.05117416381836,-0.039913568645715714,3.1013497704430772,-0.0005001996949978443,0.00039138561494388066,-0.05657047337048127,0.00048390949090068277,0.0025843402445847787,-0.0505876961350441,-0.050418529212474826,-0.035,0,True,0.013280837795735563,-0.031614844070564696
1042.04,12.052169799804688,-0.04026298224925995,3.101089448146737,-3.779876722551101e-05,-0.00021175661065279622,-0.05572983671968769,-0.0011412726752457378,0.002335233059232903,-0.056360112130641946,-0.05754409909248353,-0.035,0,True,0.10836656429720432,0.07066207905497365
1042.06,12.053404808044434,-0.04020502418279648,3.1013683863273362,-8.339794658291794e-05,0.00015489901663236425,-0.05102425363246162,0.0025975409686775346,-0.0004461521074421054,-0.05116294294595719,-0.052143143117427834,-0.035,0,True,0.2667111490258675,-0.08041790867192432
1042.08,12.05440616607666,-0.04013852775096893,3.101410270006259,-0.00021716921319845953,-0.0001040751939389885,-0.045178323086886234,-0.0009575365297820076,0.003001948860545344,-0.05775198310613633,-0.01977183520793915,-0.035,0,True,0.367694935377632,-0.023481114862628587
1042.1,12.055244445800781,-0.04028535261750221,3.101314078274482,-0.0002948681955887951,-0.00021064283849930266,-0.03523358144843127,0.0012462842878818042,-0.0038490924491633156,-0.04727014064788819,-0.04858184665441514,-0.035,0,True,0.37972622891456853,-0.034369513808714176
1042.12,12.055784225463867,-0.040331631898880005,3.1013296040555804,-0.0004119980178759202,-0.00028982690816884994,-0.026314241889503886,0.0004766990456938861,0.00045674387022432415,-0.041333476901054385,-0.04187385767698289,-0.035,0,True,0.3536220429552088,-0.08879235079171868
1042.14,12.056217193603516,-0.040418148040771484,3.1010604589314026,-1.8209851193526212e-06,-0.00023521701946988954,-0.02064615531923743,0.0010304256092091369,-0.003195713212144554,-0.028978793472051623,-0.029271738678216936,-0.035,0,True,0.2589264862743105,0.03947941709162344
1042.16,12.05650806427002,-0.040261369198560715,3.101446809515877,-0.00012978947214424018,-0.0003776005119168813,-0.01688855965041485,0.00046738148628641706,-0.004101439202805879,-0.022434391975402833,-0.024418711215257648,-0.035,0,True,0.15774318258997472,-0.02669633845898776
1042.18,12.056891441345215,-0.04043464735150337,3.10105842121751,0.00019532106673794206,-1.9301479521566877e-05,-0.0145194625464464,-0.00029995707168276855,-0.0006907390818273361,-0.017604569420218468,-0.017179178446531298,-0.035,0,True,0.0907494191943903,0.03219688050575041
1042.2,12.057132720947266,-0.04042321816086769,3.1010014889193553,-9.066869464977521e-05,-0.00013827064241630647,-0.01369478728228152,0.0008389133557267646,-0.0016789632064988244,-0.016658559888601304,-0.005282538607716561,-0.035,0,True,0.05923410908667132,0.046741699165986736
1042.22,12.057378768920898,-0.04044124111533165,3.1010051998048564,0.0002816959646333534,-0.00014141442136466294,-0.01338620178369281,-0.00029637345622712097,-0.0006199627716868638,-0.011367324069142343,-0.014276832938194275,-0.035,0,True,0.03326327048738126,0.0008436435339918926
1042.24,12.057600021362305,-0.04037288576364517,3.1013124924593574,-0.00027831893287125854,-0.0001943522384645146,-0.012149830923485455,0.001591156908768989,-0.00036210326953034126,-0.013936508372426035,-0.01438691556453705,-0.035,0,True,0.01666112576026372,-0.03411901455473809
1042.26,12.057962417602539,-0.04045441001653671,3.101008824195775,-0.0003147810882192111,0.00019959666999529808,-0.01185840090745832,0.0008625501648033835,-0.0006232475991080461,-0.01409912943840027,-0.01288831651210785,-0.035,0,True,0.011865826260112112,0.03781724682273775
1042.28,12.058098793029785,-0.04058954864740372,3.100972520657793,6.760016323391436e-05,-0.00018423950383635948,-0.012361897221461634,0.002094714721598565,-0.004408484370875389,-0.010842302925884725,-0.01601989530026913,-0.035,0,True,0.0029124458609828263,0.0279419786595134
1042.3,12.058323860168457,-0.04054867848753929,3.100955339996928,0.00013054495111966706,-0.0002628244087777218,-0.012436935682884705,-0.0016360301270390747,0.002405416974129405,-0.011411317065358162,-0.009818458408117296,-0.035,0,True,-0.02365767585758691,0.018772368633113316
1042.32,12.058581352233887,-0.04058048501610756,3.1009598137096877,8.042315906323383e-05,-0.0002203942459583103,-0.011916835254607041,-0.0012233041821213672,0.0018732550232286977,-0.01442241631448269,-0.013650039136409761,-0.035,0,True,-0.02353993695789342,0.07891644229430321
1042.34,12.058961868286133,-0.04036405682563782,3.101201257553705,-0.0004971242645567114,0.00024284765413433505,-0.013751014976063552,-0.0010102551180254087,0.0008785418915396532,-0.014662295281887056,-0.013570169880986215,-0.035,0,True,-0.007604737437138646,-0.03666613830618983
1042.36,12.05905532836914,-0.0405304916203022,3.101122381059651,-0.00021236049518618812,-0.00033411740852637434,-0.014245092178091395,-0.0008879013369026375,0.0019048310126631262,-0.015956623554229738,-0.018084375858306887,-0.035,0,True,-0.05035693824259612,-0.03709438391694775
1042.38,12.059426307678223,-0.04051234573125839,3.101025623348251,-0.00016846463224977877,3.792008772232459e-05,-0.013045314677856973,0.0021810158972812256,-0.0005278740903714508,-0.01149556152522564,-0.006924517527222634,-0.035,0,True,-0.025004754996121595,0.0034226173694084745
1042.4,12.059722900390625,-0.040555618703365326,3.101112200190701,-0.00030762917600348763,0.00014946401329555525,-0.015945390314022517,-0.00044170256556875864,-0.0010942956901328572,-0.016621367260813716,-0.019050086587667468,-0.035,0,True,-0.01854177579197056,-0.03070164499751976
1042.42,12.05999755859375,-0.04058071970939636,3.1011590276264753,0.0002145571646656067,8.544701627281232e-05,-0.015751395375757146,0.00036652834967017094,0.0011523512810928604,-0.016621367260813716,-0.019050086587667468,-0.035,0,True,-0.04846544542556618,-9.556408943850292e-05
1042.44,12.060331344604492,-0.040546808391809464,3.1010348374044403,-8.737117558265944e-05,7.112131860163712e-05,-0.015728434241451907,-0.00020236948971202542,-0.0005513005871432016,-0.012952547892928126,-0.014583604186773302,-0.035,0,True,-0.01966999905724635,0.026508324895919606
1042.46,12.060684204101562,-0.040592581033706665,3.1011178114507385,-0.00015618733973567182,0.00019884869091032955,-0.01692255031189874,-0.0001756472258629089,-0.0005355192175265241,-0.021011482030153277,-0.01833278775215149,-0.035,0,True,-0.031143864046636213,-0.014719017784144545
1042.48,12.060980796813965,-0.04059046134352684,3.1010680961437296,4.510893352164275e-05,-8.326963816100834e-05,-0.017518990238600794,0.00040984493149947513,0.0010263703015387822,-0.017181512862443925,-0.01751431316137314,-0.035,0,True,-0.04972019179888047,0.014637070552158108
1042.5,12.06135082244873,-0.04062145948410034,3.1011161860890732,7.012361584942948e-05,-8.310020627935185e-05,-0.018242904499485776,2.1304289352193882e-05,-2.5170141637632227e-05,-0.014193731173872948,-0.016548877805471422,-0.035,0,True,-0.04379377938051214,0.007015939007411481
1042.52,12.06173038482666,-0.040636349469423294,3.1011169470285633,0.00011396887630754116,-8.713645796441521e-05,-0.019706049585358727,0.0002089735536429686,0.000619665057028382,-0.01922571957111359,-0.01941399157047272,-0.035,0,True,-0.04496625328016249,0.038735570932481
1042.54,12.062142372131348,-0.04065334051847458,3.1011157978394075,2.076112816032559e-05,-5.0739024232862465e-05,-0.020426052662336526,1.7095914797394477e-05,2.5755903065883927e-05,-0.01977979600429535,-0.020022436529397968,-0.035,0,True,-0.044961589196654834,-0.005613179276327759
1042.56,12.062555313110352,-0.040670957416296005,3.101117669348292,2.689996481652074e-05,-3.6847588345362556e-05,-0.02111629050101052,-0.0029719623556788257,0.004125215976134444,-0.021007059365510942,-0.021297393739223482,-0.035,0,True,-0.03589248527755021,-0.015438094467391085
1042.58,12.062983512878418,-0.040688950568437576,3.1011182465613185,3.909970074453071e-05,-1.618819569177266e-05,-0.02183983163521489,-0.00013037972426073333,-0.0004742244837434445,-0.020952713787555696,-0.021173045933246613,-0.035,0,True,-0.05316630631237579,-0.01717781189186362
1042.6,12.063427925109863,-0.040467143058776855,3.101446964306654,-0.0006677266125150546,-0.00013691905787730196,-0.02257744840756013,-0.00017594238008361584,-0.0006153825003617816,-0.021781295835971836,-0.022047383785247805,-0.035,0,True,-0.018524299141236555,-0.10357948962240059
1042.62,12.063888549804688,-0.04071361571550369,3.101077859880708,-7.09436278135853e-05,-0.00012017024387789479,-0.02467935716732272,-0.0004250955245962791,-0.0013484690482819558,-0.020761975944042207,-0.023695331215858463,0,0,True,0.01691360902354788,-0.003282826506993292
1042.64,12.064360618591309,-0.04072938486933708,3.1010684387482628,-0.0001435193718822646,-0.00017569438593735594,-0.02259823443231231,0.0029780787545706042,-0.004161143193673618,-0.018433059677481652,-0.031714723706245423,0,0,True,0.08662393813588774,0.014082283685578987
1042.66,12.064957618713379,-0.04073493927717209,3.1010103690374557,-0.00010592592269643813,0.0002221120288695021,-0.020486742913328446,-0.00025340048805961126,-0.0007368506043034154,-0.024432539343833926,-0.02488558188080788,0,0,True,0.17738233275448434,0.030600941411444593
1042.68,12.065224647521973,-0.04077843576669693,3.1011140728511593,-0.00010222457839779284,-0.00036121023265957926,-0.01564753335667572,0.0001576049806857354,0.0005112001944867148,-0.02516524136066437,-0.02593065440654755,0,0,True,0.2178344924634555,0.036469901735768466
1042.7,12.065526962280273,-0.0407598540186882,3.1010189118323637,-3.149985273382946e-05,-0.0001415925423084124,-0.010488770546936548,0.0003343633939965865,0.0010996062646383429,-0.016563917472958566,-0.015843284949660304,0,0,True,0.24476003591835366,0.03164583699626441
1042.72,12.065610885620117,-0.040792640298604965,3.1011093347638217,-6.244453125837085e-05,-0.00023313056087424902,-0.005171475035251721,0.0007243843117384922,-0.001243551054814794,-0.011434649229049684,-0.011830171048641206,0,0,True,0.217219201153657,-0.005376459725074732
1042.74,12.065794944763184,-0.0407957024872303,3.1010983375386267,-8.981917707442232e-05,0.0004662231949389453,-0.0009059400398779623,0.0005693372738534754,0.0017948163553954347,-0.0051220347359776505,-0.005074816010892391,0,0,True,0.1773187714479981,-0.012091913171815917
1042.76,12.065635681152344,-0.04085308313369751,3.101014588766774,2.3535672848955113e-06,-0.00010688768066122052,0.001730002735601038,0.00029277517010333886,8.10834164811274e-05,-0.005266040191054345,-0.005783116444945336,0,0,True,0.09817815585019397,0.02710198726924785
1042.78,12.065597534179688,-0.0408082976937294,3.101162497140795,-6.578742672409855e-05,-0.00010385357364354491,0.0036967311688903986,4.398236543083917e-05,0.0001322532108939493,0.006159874014556408,0.006732876114547253,0,0,True,0.05360531479462038,-0.028904862486353444
1042.8,12.065471649169922,-0.04081042855978012,3.10111582143714,-2.8359932706002402e-05,-0.0004404186359409087,0.0026827774327566525,-0.0008435228023008019,0.0009246079267230618,0.0008880066499114038,0.0018720539659261705,0,0,True,0.017002092337232485,-0.0015585690149601632
1042.82,12.065499305725098,-0.040787264704704285,3.1011089177954982,-6.95336175300831e-06,-0.0001034762854283113,0.0033824851436877676,-0.0001504915208162355,-0.0005175726435107375,0.003524226788431406,0.0038123053684830667,0,0,True,0.014334592487574318,-0.0011382748851853455
1042.84,12.065423965454102,-0.040776971727609634,3.101088557400912,1.958590411972216e-05,-6.209362033411294e-05,0.0030901701225784,-0.000297235416207813,-4.360210471557224e-05,-0.0007813870534300805,-0.000744906459003687,0,0,True,0.035308477880385866,-0.007825772770089605
1042.86,12.065327644348145,-0.04078531637787819,3.1011210913293143,-3.094458735613912e-05,-7.699475992586818e-05,0.004843498567895301,9.014820451421786e-06,4.11912200792045e-05,0.0038524091057479384,0.0033215654827654364,0,0,True,0.0166445513726828,0.007426778184719491
1042.88,12.065225601196289,-0.040776658803224564,3.101112333268763,-5.716884118114145e-05,-0.00011159701257586373,0.005507455663192981,0.00011182094266407154,0.00029854610511468346,0.004078039582818747,0.004534239657223225,0,0,True,0.024005321810644013,0.00012627812212394435
1042.9,12.065112113952637,-0.04077230766415596,3.1011122130931046,-0.00010236406433089156,-0.00018103839557736178,0.004714049253504965,-3.509980116601531e-05,7.656961126797003e-05,0.0047449107840657236,0.004672564491629601,0,0,True,0.0016349357816833978,0.011431920217537007
1042.92,12.064983367919922,-0.040768079459667206,3.101112441089321,-0.00018580885943399666,-0.0003016760329665998,0.005010595867433632,7.389172671710541e-06,-3.3499854945637166e-05,0.004863035306334496,0.00480186901986599,0,0,True,-0.006460190609872097,-0.018118838454062182
1042.94,12.064950942993164,-0.04076724871993065,3.101127216898216,-0.00013288820773849305,-2.2746015244276916e-05,0.004974293430430226,0.0003145986890521732,0.0009557448374839327,0.00490784451365471,0.004833483770489693,0,0,True,0.00790321098904297,0.009138436972164125
1042.96,12.064825057983398,-0.04076102748513222,3.1011096532803673,-0.0002399666976023126,-1.8642155040276897e-05,0.004990640414403683,-0.00038357646287758994,-0.0011509609712089728,0.005412335209548474,0.005046911239624024,0,0,True,0.021958887747392356,-0.013835705753887003
1042.98,12.064713478088379,-0.040781356394290924,3.1011886726801032,0.00022530488914195322,8.779709861148378e-05,0.0053463061326278274,0.0002612891076657258,0.000807644569040435,0.0060258456319570546,0.005943175703287125,0,0,True,0.026411194554722784,-0.035913415108025745
1043.0,12.06458568572998,-0.040721260011196136,3.1010203642116245,-1.7926771560135407e-05,3.1325115052859305e-05,0.006767306887223423,-0.0003572874866465131,-0.0011403563152555909,0.0063122747093439105,0.005781902037560941,0,0,True,0.03063126082669965,0.016860227654808126
1043.02,12.064522743225098,-0.04077085852622986,3.101191828463739,6.192666392948759e-05,0.0003055048855003322,0.007087188994806127,-0.0005995540794978846,-0.0019173283711555141,0.0063122747093439105,0.005781902037560941,0,0,True,0.012041393400402613,-0.03405488514621834
1043.04,12.064285278320312,-0.040710508823394775,3.101018424775147,1.4900656153204959e-05,-0.00013616705647286322,0.007441141280537427,8.980092765155002e-05,0.00019785724117445068,0.00585797030478716,0.004662681557238102,0,0,True,0.0004000842070686992,0.039669198507594206
1043.06,12.064148902893066,-0.040710531175136566,3.101035286410411,9.440630961507534e-06,-0.0002232197070662622,0.00630961760465916,-0.000545042066835718,-0.0019167462426545546,0.01063113920390606,0.010002416744828225,0,0,True,-0.024889423180462653,0.04674671869627585
1043.08,12.063990592956543,-0.04070429131388664,3.1010361927909185,-3.952377636342615e-07,-0.00037732357836429764,0.00679931362378889,0.0006177976432047599,0.0020331795653490588,0.0059717451781034474,0.005909109450876714,0,0,True,-0.05406797191351436,0.020165276587824726
1043.1,12.064020156860352,-0.0407068245112896,3.1010384887643268,-1.9161956276426892e-05,0.00038275446015544333,0.0050960351403709254,0.0005483894187697084,0.001822409124543153,0.00607520267367363,0.006005161069333554,0,0,True,-0.035292346372576146,0.04623907429053592
1043.12,12.063739776611328,-0.04073783755302429,3.1011810791403747,-8.781833523971903e-06,-0.00015142862815085243,0.0031157035274602114,0.0005456496947998814,0.0018110793681989615,0.0017234520427882674,0.0015799951180815697,0,0,True,-0.08499142029719686,-0.025414744566814116
1043.14,12.063739776611328,-0.04073783755302429,3.1011810791403747,-8.781833523971903e-06,-0.00015142862815085243,0.0034862298948476122,0.0005289405639915308,0.0017823797005954683,0.012549068927764894,0.01250483497977257,0,0,True,-0.06370043925451345,-0.022780114056745387
1043.16,12.063739776611328,-0.04073783755302429,3.1011810791403747,-8.781833523971903e-06,-0.00015142862815085243,0.0,-0.0,0.0,0.0074415536224842075,0.007246771231293679,0,0,True,-0.038946294093177375,-0.022638492102443265
1043.18,12.063739776611328,-0.04073783755302429,3.1011810791403747,-8.781833523971903e-06,-0.00015142862815085243,0.0,-0.0,0.0,0.0074415536224842075,0.007246771231293679,0,0,True,-0.04357787368563479,-0.022279746257463616
1043.2,12.063739776611328,-0.04073783755302429,3.1011810791403747,-8.781833523971903e-06,-0.00015142862815085243,0.0,-0.0,0.0,0.0074415536224842075,0.007246771231293679,0,0,True,0.0,0.0
1043.22,12.063739776611328,-0.04073783755302429,3.1011810791403747,-8.781833523971903e-06,-0.00015142862815085243,0.0,-0.0,0.0,0.0074415536224842075,0.007246771231293679,0,0,True,0.0,0.0
1043.24,12.063739776611328,-0.04073783755302429,3.1011810791403747,-8.781833523971903e-06,-0.00015142862815085243,0.0,-0.0,0.0,0.0074415536224842075,0.007246771231293679,0,0,True,0.0,0.0
1043.26,12.063739776611328,-0.04073783755302429,3.1011810791403747,-8.781833523971903e-06,-0.00015142862815085243,0.0,-0.0,0.0,0.0074415536224842075,0.007246771231293679,0,0,True,0.0,0.0
1043.28,12.063739776611328,-0.04073783755302429,3.1011810791403747,-8.781833523971903e-06,-0.00015142862815085243,0.0,-0.0,0.0,0.0074415536224842075,0.007246771231293679,0,0,True,0.0,0.0
1043.3,12.063739776611328,-0.04073783755302429,3.1011810791403747,-8.781833523971903e-06,-0.00015142862815085243,0.0,-0.0,0.0,0.0074415536224842075,0.007246771231293679,0,0,True,0.0,0.0
1043.32,12.063739776611328,-0.04073783755302429,3.1011810791403747,-8.781833523971903e-06,-0.00015142862815085243,0.0,-0.0,0.0,0.0074415536224842075,0.007246771231293679,0,0,True,0.0,0.0
1043.34,12.063739776611328,-0.04073783755302429,3.1011810791403747,-8.781833523971903e-06,-0.00015142862815085243,0.0,-0.0,0.0,0.0074415536224842075,0.007246771231293679,0,0,True,0.0,0.0
1043.36,12.063739776611328,-0.04073783755302429,3.1011810791403747,-8.781833523971903e-06,-0.00015142862815085243,0.0,-0.0,0.0,0.0074415536224842075,0.007246771231293679,0,0,True,0.0,0.0
1043.38,12.063739776611328,-0.04073783755302429,3.1011810791403747,-8.781833523971903e-06,-0.00015142862815085243,0.0,-0.0,0.0,0.0074415536224842075,0.007246771231293679,0,0,True,0.0,0.0
1043.4,12.063739776611328,-0.04073783755302429,3.1011810791403747,-8.781833523971903e-06,-0.00015142862815085243,0.0,-0.0,0.0,0.0074415536224842075,0.007246771231293679,0,0,True,0.0,0.0
1043.42,12.063739776611328,-0.04073783755302429,3.1011810791403747,-8.781833523971903e-06,-0.00015142862815085243,0.0,-0.0,0.0,0.0074415536224842075,0.007246771231293679,0,0,True,0.0,0.0
1043.44,12.063739776611328,-0.04073783755302429,3.1011810791403747,-8.781833523971903e-06,-0.00015142862815085243,0.0,-0.0,0.0,0.0074415536224842075,0.007246771231293679,0,0,True,0.0,0.0
1043.46,12.063739776611328,-0.04073783755302429,3.1011810791403747,-8.781833523971903e-06,-0.00015142862815085243,0.0,-0.0,0.0,0.0074415536224842075,0.007246771231293679,0,0,True,0.0,0.0
1043.48,12.063739776611328,-0.04073783755302429,3.1011810791403747,-8.781833523971903e-06,-0.00015142862815085243,0.0,-0.0,0.0,0.0074415536224842075,0.007246771231293679,0,0,True,0.0,0.0
1043.5,12.063739776611328,-0.04073783755302429,3.1011810791403747,-8.781833523971903e-06,-0.00015142862815085243,0.0,-0.0,0.0,0.0074415536224842075,0.007246771231293679,0,0,True,0.0,0.0
1043.52,12.063739776611328,-0.04073783755302429,3.1011810791403747,-8.781833523971903e-06,-0.00015142862815085243,0.0,-0.0,0.0,0.0074415536224842075,0.007246771231293679,0,0,True,0.0,0.0
1043.54,12.063739776611328,-0.04073783755302429,3.1011810791403747,-8.781833523971903e-06,-0.00015142862815085243,0.0,-0.0,0.0,0.0074415536224842075,0.007246771231293679,0,0,True,0.0,0.0
1043.56,12.063739776611328,-0.04073783755302429,3.1011810791403747,-8.781833523971903e-06,-0.00015142862815085243,0.0,-0.0,0.0,0.0074415536224842075,0.007246771231293679,0,0,True,0.0,0.0
1043.58,12.063739776611328,-0.04073783755302429,3.1011810791403747,-8.781833523971903e-06,-0.00015142862815085243,0.0,-0.0,0.0,0.0074415536224842075,0.007246771231293679,0,0,True,0.0,0.0
1043.6,12.063739776611328,-0.04073783755302429,3.1011810791403747,-8.781833523971903e-06,-0.00015142862815085243,0.0,-0.0,0.0,0.0074415536224842075,0.007246771231293679,0,0,True,0.0,0.0
1043.62,12.063739776611328,-0.04073783755302429,3.1011810791403747,-8.781833523971903e-06,-0.00015142862815085243,0.0,-0.0,0.0,0.0074415536224842075,0.007246771231293679,0,0,True,0.0,0.0
1043.64,12.063739776611328,-0.04073783755302429,3.1011810791403747,-8.781833523971903e-06,-0.00015142862815085243,0.0,-0.0,0.0,0.0074415536224842075,0.007246771231293679,0,0,True,0.0,0.0
1043.66,12.063739776611328,-0.04073783755302429,3.1011810791403747,-8.781833523971903e-06,-0.00015142862815085243,0.0,-0.0,0.0,0.0074415536224842075,0.007246771231293679,0,0,True,0.0,0.0
1043.68,12.063739776611328,-0.04073783755302429,3.1011810791403747,-8.781833523971903e-06,-0.00015142862815085243,0.0,-0.0,0.0,0.0074415536224842075,0.007246771231293679,0,0,True,0.0,0.0
1043.7,12.063739776611328,-0.04073783755302429,3.1011810791403747,-8.781833523971903e-06,-0.00015142862815085243,0.0,-0.0,0.0,0.0074415536224842075,0.007246771231293679,0,0,True,0.0,0.0
1043.72,12.063739776611328,-0.04073783755302429,3.1011810791403747,-8.781833523971903e-06,-0.00015142862815085243,0.0,-0.0,0.0,0.0074415536224842075,0.007246771231293679,0,0,True,0.0,0.0
1043.74,12.063739776611328,-0.04073783755302429,3.1011810791403747,-8.781833523971903e-06,-0.00015142862815085243,0.0,-0.0,0.0,0.0074415536224842075,0.007246771231293679,0,0,True,0.0,0.0
1043.76,12.063739776611328,-0.04073783755302429,3.1011810791403747,-8.781833523971903e-06,-0.00015142862815085243,0.0,-0.0,0.0,0.0074415536224842075,0.007246771231293679,0,0,True,0.0,0.0
1043.78,12.063739776611328,-0.04073783755302429,3.1011810791403747,-8.781833523971903e-06,-0.00015142862815085243,0.0,-0.0,0.0,0.0074415536224842075,0.007246771231293679,0,0,True,0.0,0.0
1043.8,12.063739776611328,-0.04073783755302429,3.1011810791403747,-8.781833523971903e-06,-0.00015142862815085243,0.0,-0.0,0.0,0.0074415536224842075,0.007246771231293679,0,0,True,0.0,0.0
1043.82,12.063739776611328,-0.04073783755302429,3.1011810791403747,-8.781833523971903e-06,-0.00015142862815085243,0.0,-0.0,0.0,0.0074415536224842075,0.007246771231293679,0,0,True,0.0,0.0
1043.84,12.063739776611328,-0.04073783755302429,3.1011810791403747,-8.781833523971903e-06,-0.00015142862815085243,0.0,-0.0,0.0,0.0074415536224842075,0.007246771231293679,0,0,True,0.0,0.0
1043.86,12.063739776611328,-0.04073783755302429,3.1011810791403747,-8.781833523971903e-06,-0.00015142862815085243,0.0,-0.0,0.0,0.0074415536224842075,0.007246771231293679,0,0,True,0.0,0.0
1043.88,12.063739776611328,-0.04073783755302429,3.1011810791403747,-8.781833523971903e-06,-0.00015142862815085243,0.0,-0.0,0.0,0.0074415536224842075,0.007246771231293679,0,0,True,0.0,0.0
1043.9,12.063739776611328,-0.04073783755302429,3.1011810791403747,-8.781833523971903e-06,-0.00015142862815085243,0.0,-0.0,0.0,0.0074415536224842075,0.007246771231293679,0,0,True,0.0,0.0
1043.92,12.063739776611328,-0.04073783755302429,3.1011810791403747,-8.781833523971903e-06,-0.00015142862815085243,0.0,-0.0,0.0,0.0074415536224842075,0.007246771231293679,0,0,True,0.0,0.0
1043.94,12.063739776611328,-0.04073783755302429,3.1011810791403747,-8.781833523971903e-06,-0.00015142862815085243,0.0,-0.0,0.0,0.0074415536224842075,0.007246771231293679,0,0,True,0.0,0.0
1043.96,12.063739776611328,-0.04073783755302429,3.1011810791403747,-8.781833523971903e-06,-0.00015142862815085243,0.0,-0.0,0.0,0.0074415536224842075,0.007246771231293679,0,0,True,0.0,0.0
1043.98,12.063739776611328,-0.04073783755302429,3.1011810791403747,-8.781833523971903e-06,-0.00015142862815085243,0.0,-0.0,0.0,0.0074415536224842075,0.007246771231293679,0,0,True,0.0,0.0
1044.0,12.063739776611328,-0.04073783755302429,3.1011810791403747,-8.781833523971903e-06,-0.00015142862815085243,0.0,-0.0,0.0,0.0074415536224842075,0.007246771231293679,0,0,True,0.0,0.0
1044.02,12.063739776611328,-0.04073783755302429,3.1011810791403747,-8.781833523971903e-06,-0.00015142862815085243,0.0,-0.0,0.0,0.0074415536224842075,0.007246771231293679,0,0,True,0.0,0.0
1044.04,12.063739776611328,-0.04073783755302429,3.1011810791403747,-8.781833523971903e-06,-0.00015142862815085243,0.0,-0.0,0.0,0.0074415536224842075,0.007246771231293679,0,0,True,0.0,0.0
1044.06,12.063739776611328,-0.04073783755302429,3.1011810791403747,-8.781833523971903e-06,-0.00015142862815085243,0.0,-0.0,0.0,0.0074415536224842075,0.007246771231293679,0,0,True,0.0,0.0
1044.08,12.063739776611328,-0.04073783755302429,3.1011810791403747,-8.781833523971903e-06,-0.00015142862815085243,0.0,-0.0,0.0,0.0074415536224842075,0.007246771231293679,0,0,True,0.0,0.0
1044.1,12.063739776611328,-0.04073783755302429,3.1011810791403747,-8.781833523971903e-06,-0.00015142862815085243,0.0,-0.0,0.0,0.0074415536224842075,0.007246771231293679,0,0,True,0.0,0.0
1044.12,12.063739776611328,-0.04073783755302429,3.1011810791403747,-8.781833523971903e-06,-0.00015142862815085243,0.0,-0.0,0.0,0.0074415536224842075,0.007246771231293679,0,0,True,0.0,0.0
1044.14,12.063739776611328,-0.04073783755302429,3.1011810791403747,-8.781833523971903e-06,-0.00015142862815085243,0.0,-0.0,0.0,0.0074415536224842075,0.007246771231293679,0,0,True,0.0,0.0
1044.16,12.063739776611328,-0.04073783755302429,3.1011810791403747,-8.781833523971903e-06,-0.00015142862815085243,0.0,-0.0,0.0,0.0074415536224842075,0.007246771231293679,0,0,True,0.0,0.0
1044.18,12.063739776611328,-0.04073783755302429,3.1011810791403747,-8.781833523971903e-06,-0.00015142862815085243,0.0,-0.0,0.0,0.0074415536224842075,0.007246771231293679,0,0,True,0.0,0.0
1044.2,12.063739776611328,-0.04073783755302429,3.1011810791403747,-8.781833523971903e-06,-0.00015142862815085243,0.0,-0.0,0.0,0.0074415536224842075,0.007246771231293679,0,0,True,0.0,0.0
1044.22,12.063739776611328,-0.04073783755302429,3.1011810791403747,-8.781833523971903e-06,-0.00015142862815085243,0.0,-0.0,0.0,0.0074415536224842075,0.007246771231293679,0,0,True,0.0,0.0
1044.24,12.063739776611328,-0.04073783755302429,3.1011810791403747,-8.781833523971903e-06,-0.00015142862815085243,0.0,-0.0,0.0,0.0074415536224842075,0.007246771231293679,0,0,True,0.0,0.0
1044.26,12.063739776611328,-0.04073783755302429,3.1011810791403747,-8.781833523971903e-06,-0.00015142862815085243,0.0,-0.0,0.0,0.0074415536224842075,0.007246771231293679,0,0,True,0.0,0.0
1044.28,12.063739776611328,-0.04073783755302429,3.1011810791403747,-8.781833523971903e-06,-0.00015142862815085243,0.0,-0.0,0.0,0.0074415536224842075,0.007246771231293679,0,0,True,0.0,0.0
1044.3,12.063739776611328,-0.04073783755302429,3.1011810791403747,-8.781833523971903e-06,-0.00015142862815085243,0.0,-0.0,0.0,0.0074415536224842075,0.007246771231293679,0,0,True,0.0,0.0
1044.32,12.063739776611328,-0.04073783755302429,3.1011810791403747,-8.781833523971903e-06,-0.00015142862815085243,0.0,-0.0,0.0,0.0074415536224842075,0.007246771231293679,0,0,True,0.0,0.0
1044.34,12.063739776611328,-0.04073783755302429,3.1011810791403747,-8.781833523971903e-06,-0.00015142862815085243,0.0,-0.0,0.0,0.0074415536224842075,0.007246771231293679,0,0,True,0.0,0.0
1044.36,12.063739776611328,-0.04073783755302429,3.1011810791403747,-8.781833523971903e-06,-0.00015142862815085243,0.0,-0.0,0.0,0.0074415536224842075,0.007246771231293679,0,0,True,0.0,0.0
1044.38,12.063739776611328,-0.04073783755302429,3.1011810791403747,-8.781833523971903e-06,-0.00015142862815085243,0.0,-0.0,0.0,0.0074415536224842075,0.007246771231293679,0,0,True,0.0,0.0
1044.4,12.063739776611328,-0.04073783755302429,3.1011810791403747,-8.781833523971903e-06,-0.00015142862815085243,0.0,-0.0,0.0,0.0074415536224842075,0.007246771231293679,0,0,True,0.0,0.0
1044.42,12.063739776611328,-0.04073783755302429,3.1011810791403747,-8.781833523971903e-06,-0.00015142862815085243,0.0,-0.0,0.0,0.0074415536224842075,0.007246771231293679,0,0,True,0.0,0.0
1044.44,12.063739776611328,-0.04073783755302429,3.1011810791403747,-8.781833523971903e-06,-0.00015142862815085243,0.0,-0.0,0.0,0.0074415536224842075,0.007246771231293679,0,0,True,0.0,0.0
1044.46,12.063739776611328,-0.04073783755302429,3.1011810791403747,-8.781833523971903e-06,-0.00015142862815085243,0.0,-0.0,0.0,0.0074415536224842075,0.007246771231293679,0,0,True,0.0,0.0
1044.48,12.063739776611328,-0.04073783755302429,3.1011810791403747,-8.781833523971903e-06,-0.00015142862815085243,0.0,-0.0,0.0,0.0074415536224842075,0.007246771231293679,0,0,True,0.0,0.0
1044.5,12.063739776611328,-0.04073783755302429,3.1011810791403747,-8.781833523971903e-06,-0.00015142862815085243,0.0,-0.0,0.0,0.0074415536224842075,0.007246771231293679,0,0,True,0.0,0.0
1044.52,12.063739776611328,-0.04073783755302429,3.1011810791403747,-8.781833523971903e-06,-0.00015142862815085243,0.0,-0.0,0.0,0.0074415536224842075,0.007246771231293679,0,0,True,0.0,0.0
1044.54,12.063739776611328,-0.04073783755302429,3.1011810791403747,-8.781833523971903e-06,-0.00015142862815085243,0.0,-0.0,0.0,0.0074415536224842075,0.007246771231293679,0,0,True,0.0,0.0
1044.56,12.063739776611328,-0.04073783755302429,3.1011810791403747,-8.781833523971903e-06,-0.00015142862815085243,0.0,-0.0,0.0,0.0074415536224842075,0.007246771231293679,0,0,True,0.0,0.0
1044.58,12.063739776611328,-0.04073783755302429,3.1011810791403747,-8.781833523971903e-06,-0.00015142862815085243,0.0,-0.0,0.0,0.0074415536224842075,0.007246771231293679,0,0,True,0.0,0.0
1044.6,12.063739776611328,-0.04073783755302429,3.1011810791403747,-8.781833523971903e-06,-0.00015142862815085243,0.0,-0.0,0.0,0.0074415536224842075,0.007246771231293679,0,0,True,0.0,0.0
1044.62,12.063739776611328,-0.04073783755302429,3.1011810791403747,-8.781833523971903e-06,-0.00015142862815085243,0.0,-0.0,0.0,0.0074415536224842075,0.007246771231293679,0,0,True,0.0,0.0
1044.64,12.063739776611328,-0.04073783755302429,3.1011810791403747,-8.781833523971903e-06,-0.00015142862815085243,0.0,-0.0,0.0,0.0074415536224842075,0.007246771231293679,0,0,True,0.0,0.0
1044.66,12.063739776611328,-0.04073783755302429,3.1011810791403747,-8.781833523971903e-06,-0.00015142862815085243,0.0,-0.0,0.0,0.0074415536224842075,0.007246771231293679,0,0,True,0.0,0.0
1044.68,12.063739776611328,-0.04073783755302429,3.1011810791403747,-8.781833523971903e-06,-0.00015142862815085243,0.0,-0.0,0.0,0.0074415536224842075,0.007246771231293679,0,0,True,0.0,0.0
1044.7,12.063739776611328,-0.04073783755302429,3.1011810791403747,-8.781833523971903e-06,-0.00015142862815085243,0.0,-0.0,0.0,0.0074415536224842075,0.007246771231293679,0,0,True,0.0,0.0
1044.72,12.063739776611328,-0.04073783755302429,3.1011810791403747,-8.781833523971903e-06,-0.00015142862815085243,0.0,-0.0,0.0,0.0074415536224842075,0.007246771231293679,0,0,True,0.0,0.0
1044.74,12.063739776611328,-0.04073783755302429,3.1011810791403747,-8.781833523971903e-06,-0.00015142862815085243,0.0,-0.0,0.0,0.0074415536224842075,0.007246771231293679,0,0,True,0.0,0.0
1044.76,12.063739776611328,-0.04073783755302429,3.1011810791403747,-8.781833523971903e-06,-0.00015142862815085243,0.0,-0.0,0.0,0.0074415536224842075,0.007246771231293679,0,0,True,0.0,0.0
1044.78,12.063739776611328,-0.04073783755302429,3.1011810791403747,-8.781833523971903e-06,-0.00015142862815085243,0.0,-0.0,0.0,0.0074415536224842075,0.007246771231293679,0,0,True,0.0,0.0
1044.8,12.063739776611328,-0.04073783755302429,3.1011810791403747,-8.781833523971903e-06,-0.00015142862815085243,0.0,-0.0,0.0,0.0074415536224842075,0.007246771231293679,0,0,True,0.0,0.0
1044.82,12.063739776611328,-0.04073783755302429,3.1011810791403747,-8.781833523971903e-06,-0.00015142862815085243,0.0,-0.0,0.0,0.0074415536224842075,0.007246771231293679,0,0,True,0.0,0.0
1044.84,12.063739776611328,-0.04073783755302429,3.1011810791403747,-8.781833523971903e-06,-0.00015142862815085243,0.0,-0.0,0.0,0.0074415536224842075,0.007246771231293679,0,0,True,0.0,0.0
1044.86,12.063739776611328,-0.04073783755302429,3.1011810791403747,-8.781833523971903e-06,-0.00015142862815085243,0.0,-0.0,0.0,0.0074415536224842075,0.007246771231293679,0,0,True,0.0,0.0
1044.88,12.063739776611328,-0.04073783755302429,3.1011810791403747,-8.781833523971903e-06,-0.00015142862815085243,0.0,-0.0,0.0,0.0074415536224842075,0.007246771231293679,0,0,True,0.0,0.0
1044.9,12.063739776611328,-0.04073783755302429,3.1011810791403747,-8.781833523971903e-06,-0.00015142862815085243,0.0,-0.0,0.0,0.0074415536224842075,0.007246771231293679,0,0,True,0.0,0.0
1044.92,12.063739776611328,-0.04073783755302429,3.1011810791403747,-8.781833523971903e-06,-0.00015142862815085243,0.0,-0.0,0.0,0.0074415536224842075,0.007246771231293679,0,0,True,0.0,0.0
1044.94,12.063739776611328,-0.04073783755302429,3.1011810791403747,-8.781833523971903e-06,-0.00015142862815085243,0.0,-0.0,0.0,0.0074415536224842075,0.007246771231293679,0,0,True,0.0,0.0
1044.96,12.063739776611328,-0.04073783755302429,3.1011810791403747,-8.781833523971903e-06,-0.00015142862815085243,0.0,-0.0,0.0,0.0074415536224842075,0.007246771231293679,0,0,True,0.0,0.0
1044.98,12.063739776611328,-0.04073783755302429,3.1011810791403747,-8.781833523971903e-06,-0.00015142862815085243,0.0,-0.0,0.0,0.0074415536224842075,0.007246771231293679,0,0,True,0.0,0.0
1045.0,12.063739776611328,-0.04073783755302429,3.1011810791403747,-8.781833523971903e-06,-0.00015142862815085243,0.0,-0.0,0.0,0.0074415536224842075,0.007246771231293679,0,0,True,0.0,0.0
1045.02,12.063739776611328,-0.04073783755302429,3.1011810791403747,-8.781833523971903e-06,-0.00015142862815085243,0.0,-0.0,0.0,0.0074415536224842075,0.007246771231293679,0,0,True,0.0,0.0
1045.04,12.063739776611328,-0.04073783755302429,3.1011810791403747,-8.781833523971903e-06,-0.00015142862815085243,0.0,-0.0,0.0,0.0074415536224842075,0.007246771231293679,0,0,True,0.0,0.0
1045.06,12.063739776611328,-0.04073783755302429,3.1011810791403747,-8.781833523971903e-06,-0.00015142862815085243,0.0,-0.0,0.0,0.0074415536224842075,0.007246771231293679,0,0,True,0.0,0.0
1045.08,12.063739776611328,-0.04073783755302429,3.1011810791403747,-8.781833523971903e-06,-0.00015142862815085243,0.0,-0.0,0.0,0.0074415536224842075,0.007246771231293679,0,0,True,0.0,0.0
1045.1,12.063739776611328,-0.04073783755302429,3.1011810791403747,-8.781833523971903e-06,-0.00015142862815085243,0.0,-0.0,0.0,0.0074415536224842075,0.007246771231293679,0,0,True,0.0,0.0
1045.12,12.063739776611328,-0.04073783755302429,3.1011810791403747,-8.781833523971903e-06,-0.00015142862815085243,0.0,-0.0,0.0,0.0074415536224842075,0.007246771231293679,0,0,True,0.0,0.0
1045.14,12.063739776611328,-0.04073783755302429,3.1011810791403747,-8.781833523971903e-06,-0.00015142862815085243,0.0,-0.0,0.0,0.0074415536224842075,0.007246771231293679,0,0,True,0.0,0.0
1045.16,12.063739776611328,-0.04073783755302429,3.1011810791403747,-8.781833523971903e-06,-0.00015142862815085243,0.0,-0.0,0.0,0.0074415536224842075,0.007246771231293679,0,0,True,0.0,0.0
1045.18,12.063739776611328,-0.04073783755302429,3.1011810791403747,-8.781833523971903e-06,-0.00015142862815085243,0.0,-0.0,0.0,0.0074415536224842075,0.007246771231293679,0,0,True,0.0,0.0
1045.2,12.063739776611328,-0.04073783755302429,3.1011810791403747,-8.781833523971903e-06,-0.00015142862815085243,0.0,-0.0,0.0,0.0074415536224842075,0.007246771231293679,0,0,True,0.0,0.0
1045.22,12.063739776611328,-0.04073783755302429,3.1011810791403747,-8.781833523971903e-06,-0.00015142862815085243,0.0,-0.0,0.0,0.0074415536224842075,0.007246771231293679,0,0,True,0.0,0.0
1045.24,12.063739776611328,-0.04073783755302429,3.1011810791403747,-8.781833523971903e-06,-0.00015142862815085243,0.0,-0.0,0.0,0.0074415536224842075,0.007246771231293679,0,0,True,0.0,0.0
1045.26,12.063739776611328,-0.04073783755302429,3.1011810791403747,-8.781833523971903e-06,-0.00015142862815085243,0.0,-0.0,0.0,0.0074415536224842075,0.007246771231293679,0,0,True,0.0,0.0
1045.28,12.063739776611328,-0.04073783755302429,3.1011810791403747,-8.781833523971903e-06,-0.00015142862815085243,0.0,-0.0,0.0,0.0074415536224842075,0.007246771231293679,0,0,True,0.0,0.0
1045.3,12.063739776611328,-0.04073783755302429,3.1011810791403747,-8.781833523971903e-06,-0.00015142862815085243,0.0,-0.0,0.0,0.0074415536224842075,0.007246771231293679,0,0,True,0.0,0.0
1045.32,12.063739776611328,-0.04073783755302429,3.1011810791403747,-8.781833523971903e-06,-0.00015142862815085243,0.0,-0.0,0.0,0.0074415536224842075,0.007246771231293679,0,0,True,0.0,0.0
1045.34,12.063739776611328,-0.04073783755302429,3.1011810791403747,-8.781833523971903e-06,-0.00015142862815085243,0.0,-0.0,0.0,0.0074415536224842075,0.007246771231293679,0,0,True,0.0,0.0
1045.36,12.063739776611328,-0.04073783755302429,3.1011810791403747,-8.781833523971903e-06,-0.00015142862815085243,0.0,-0.0,0.0,0.0074415536224842075,0.007246771231293679,0,0,True,0.0,0.0
1045.38,12.063739776611328,-0.04073783755302429,3.1011810791403747,-8.781833523971903e-06,-0.00015142862815085243,0.0,-0.0,0.0,0.0074415536224842075,0.007246771231293679,0,0,True,0.0,0.0
1045.4,12.063739776611328,-0.04073783755302429,3.1011810791403747,-8.781833523971903e-06,-0.00015142862815085243,0.0,-0.0,0.0,0.0074415536224842075,0.007246771231293679,0,0,True,0.0,0.0
1045.42,12.063739776611328,-0.04073783755302429,3.1011810791403747,-8.781833523971903e-06,-0.00015142862815085243,0.0,-0.0,0.0,0.0074415536224842075,0.007246771231293679,0,0,True,0.0,0.0
1045.44,12.063739776611328,-0.04073783755302429,3.1011810791403747,-8.781833523971903e-06,-0.00015142862815085243,0.0,-0.0,0.0,0.0074415536224842075,0.007246771231293679,0,0,True,0.0,0.0
1045.46,12.063739776611328,-0.04073783755302429,3.1011810791403747,-8.781833523971903e-06,-0.00015142862815085243,0.0,-0.0,0.0,0.0074415536224842075,0.007246771231293679,0,0,True,0.0,0.0
