t,x,y,yaw,roll,pitch,v,lateral,w,rim_left,rim_right,cmd_v,cmd_w,publishing,a,alpha
1214.8,12.049633026123047,-0.02584737166762352,3.1059966126228984,0.0003216444384861075,0.0010403709474309487,0.00219262609673796,-0.0002727601251423817,-0.0024031514082000984,0.0027873319759964947,0.0013743934966623783,0,0.2,True,0.03156642710173394,0.006474759137595132
1214.82,12.049589157104492,-0.025827573612332344,3.105942697633285,0.0001651443964476862,0.0009978730344368954,0.003786968917558449,-0.00015790818792072947,-0.0004035030670316637,-0.00016156462021172047,0.0033848003298044206,0,0.2,True,0.028909850948358098,0.09528134766124091
1214.84,12.049480438232422,-0.025783540681004524,3.105825356216151,0.00017978723153698383,0.0009446066158406343,0.002783413841193852,-0.0017802685593984642,0.0002555344071503764,0.00034954146016389135,0.0022242018580436707,0,0.2,True,0.006013996931049077,0.40436190042796766
1214.86,12.049363136291504,-0.0258034560829401,3.105897930777434,0.0002386522487865443,0.0009373927548755203,0.003127685609722751,-0.0007356088946030188,0.006686124118869109,0.00038415917661041024,0.002950305081903935,0,0.2,True,-0.04850727281015845,0.7118495897297623
1214.88,12.049415588378906,-0.025697078555822372,3.1060170553754705,0.00011992342021164099,0.0011425968314424137,0.002673745851222816,0.0006206655678003755,0.02994580062609983,0.0024106336338445547,0.07666470006108285,0,0.2,True,-0.030644335083221928,1.1211883269464096
1214.9,12.049341201782227,-0.025759832933545113,3.1064775875627957,0.0002595573645683197,0.0007791340716018447,-9.361290726172714e-05,0.0023252426129529284,0.05654446411145938,-0.021602540388703347,0.12354250550270082,0,0.2,True,-0.04176882766746037,1.4593993777488952
1214.92,12.049264907836914,-0.025825554504990578,3.1082210202662437,0.00031529452708327116,0.0004990132226767394,0.00033186703453136004,0.00113490309031864,0.08995060056303648,-0.0068772101402282725,0.06610551834106446,0,0.2,True,-0.03646559574558953,1.4888959994590723
1214.94,12.04936408996582,-0.025989623740315437,3.1104214879063594,0.0004308334172391592,0.0006225194911833148,-0.0002138206036805371,0.0011198956251813894,0.12343807433900636,-0.027459223270416264,0.03253147512674332,0,0.2,True,0.02574037097515667,1.4844661249517515
1214.96,12.049386024475098,-0.025786934420466423,3.113213103420507,-0.00013740908028226444,0.0004489974300879869,-0.00024350180842169317,-0.00024442537489947734,0.14905748058271728,-0.020813518762588502,0.0397921808809042,0,0.2,True,0.021999804266265945,1.3329733807580058
1214.98,12.049355506896973,-0.02584991417825222,3.116352633509907,2.6283356456304858e-05,0.0001465125121011187,0.0019656167707489338,-0.005118116131679254,0.1753017541074915,-0.08582374751567841,0.08337788879871369,0,0.2,True,0.034368469579571494,1.1343598945881366
1215.0,12.049284934997559,-0.02580656111240387,3.1201456187128502,4.0673486468826215e-05,-0.00017232196206478647,0.0020918513758310347,0.00031303704816845366,0.19658847102357996,-0.12195431411266328,0.13768723011016848,0,0.2,True,0.004195507262760751,0.8683692899327637
1215.02,12.049217224121094,-0.025576336309313774,3.124445628234946,-0.0005368648965918242,-0.000547655599850853,0.0025356569626826817,-0.0018598378307685443,0.21418686590597474,-0.07402217984199524,0.15910137176513672,0,0.2,True,-0.07644616008259207,0.5024258825893857
1215.04,12.04921817779541,-0.025808382779359818,3.128940181102379,0.00010864476117112304,-0.000671366500367746,9.213877259886161e-05,0.003082390529507998,0.2185270237772752,-0.13358793735504151,0.15737365365028383,0,0.2,True,-0.08365486262112658,0.25813060514900354
1215.06,12.049155235290527,-0.025697670876979828,3.1334875827823696,-0.00010110151360046793,-0.00099573161904275,-0.00415007603585287,0.010475402468245621,0.2154958247146058,-0.14188258647918703,0.15918492674827578,0,0.2,True,-0.11929953948210041,-0.033987316865852595
1215.08,12.049274444580078,-0.026053039357066154,3.1376277806150163,0.00041918027479761403,-0.0008143077346042226,-0.004600537633853005,0.008773490282268998,0.21723891943548146,-0.1739023530483246,0.13475329279899598,0,0.2,True,-0.09418574172717864,-0.11041879244740747
1215.1,12.049542427062988,-0.02641703188419342,-3.1415000129674873,0.0005688530420477143,-0.00015677861897422807,-0.007008306195876671,0.012953926055383494,0.211467880556709,-0.11849377512931825,0.06898362576961518,0,0.2,True,0.06258907956236673,-0.11486712164717511
1215.12,12.049583435058594,-0.026511715725064278,-3.136866012522385,0.00011237842481501112,0.00018902298105415575,-0.007442720565568576,0.00924676098392782,0.20969352038149064,-0.08342412650585175,0.05647668898105622,0,0.2,True,0.08189548244341857,-0.2327835788960707
1215.14,12.049715995788574,-0.02673393301665783,-3.1327802939526475,8.03320440407259e-05,0.0005812786700385283,0.0008570503291461452,0.005264705996573019,0.20630645498281402,-0.17433389663696292,0.15179950654506685,0,0.2,True,0.1676971683983546,-0.06481891975588583
1215.16,12.049873352050781,-0.026789957657456398,-3.1287820449340185,-1.4122515765226082e-05,0.0012704244976871142,0.0019511009616331426,0.005264069489822575,0.1986162331237598,-0.13887932598590852,0.053545622229576116,0,0.2,True,0.2157313017654908,0.045673486406351056
1215.18,12.049477577209473,-0.026838796213269234,-3.1249954965688302,0.00011359275698446134,0.00040858083074841474,0.006407467276017626,-0.0004142465891981296,0.20628236697622812,-0.14034808039665223,0.1035238814353943,0,0.2,True,0.0632385868816512,0.23388515529449985
1215.2,12.049432754516602,-0.026934806257486343,-3.1209767138724533,0.00019123520292234624,0.0004205161026140299,0.009815783575704045,0.0007128053500558277,0.21334739929400579,-0.15387933969497683,0.12204882979393007,0,0.2,True,0.06747074071634508,0.42805750404536425
1215.22,12.049202919006348,-0.026709305122494698,-3.116277704594564,-0.0004720233977222049,6.391244716640095e-05,0.005916137279673639,-0.00041323786276150536,0.225017267406357,-0.17973079085350038,0.12174408316612245,0,0.2,True,-0.023061325250657544,0.2665229822409318
1215.24,12.049089431762695,-0.026863157749176025,-3.1117142529905135,-1.0139577908211833e-06,-0.00019557139571754344,0.00734876021893584,-0.0055133297685664015,0.2328608334473578,-0.1642585575580597,0.13526918828487397,0,0.2,True,-0.08968118239848268,0.1573064536984721
1215.26,12.049003601074219,-0.026817727833986282,-3.106994115176338,7.271795434831308e-05,-0.00044930150528418693,0.004562561255966701,0.0032760578503527567,0.22760420555548327,-0.1408819752931595,0.13720719158649447,0,0.2,True,-0.06634859218688242,-0.033586032281213166
1215.28,12.048831939697266,-0.026511499658226967,-3.1023478471966817,-0.0007176215244944272,-0.0008358688245858254,0.0026412889838319563,0.0022474079476769732,0.2259319155898721,-0.13833431184291842,0.1484863841533661,0,0.2,True,-0.1369185553830035,-0.24317003407703253
1215.3,12.048847198486328,-0.02698385901749134,-3.098069368150142,0.00020837953938876382,-0.0007081759852307195,0.0006082499047278731,0.005472939248031046,0.2223303848238624,-0.14026732087135316,0.1544639825820923,0,0.2,True,-0.10422828022435342,-0.1811735591549554
1215.32,12.048885345458984,-0.027051102370023727,-3.09363969974334,0.00022369591166020142,-0.0004676392404921038,-0.0036047242116944776,0.0094406869290068,0.2134072307212129,-0.15661879658699038,0.14320107877254487,0,0.2,True,-0.06252976021693264,-0.2450483649580519
1215.34,12.04897403717041,-0.027257265523076057,-3.0892076843904452,0.0003122268613078534,2.990887733151424e-05,-0.003775701161973989,0.0033480205431580573,0.21311032082310002,-0.13552094638347628,0.06256807506084443,0,0.2,True,-0.042558771765574016,-0.20839208352435723
1215.36,12.049156188964844,-0.027252063155174255,-3.085275268739,0.00010623212849439984,0.0005240455863029398,-0.0023610918335181053,0.0030182194962238263,0.20632804639324578,-0.134616916179657,0.12087083637714387,0,0.2,True,0.03293806566224253,-0.05755425964551801
1215.38,12.049162864685059,-0.027235517278313637,-3.081020542484261,-0.00010479521900019198,0.0004843292555879599,-0.0027964518365246284,-0.000620941666900889,0.2056590181418816,-0.15349628269672394,0.11486010134220125,0,0.2,True,0.018344431038870596,-0.009479975718994987
1215.4,12.049087524414062,-0.027281545102596283,-3.0771334560318486,0.00011038277899170532,-3.648360530284919e-05,-0.0009696789587099827,-0.0005873313437626382,0.20880288994956256,-0.10981505513191224,0.07878535211086274,0,0.2,True,-0.05113310718111734,0.14953463993955496
1215.42,12.0491943359375,-0.02719413861632347,-3.072754962939063,-1.3037626153057793e-05,0.00019909623664783916,-0.0023081466788615053,-0.0010680842522169634,0.21235192276557896,-0.14307509541511537,0.12082864165306093,0,0.2,True,-0.027838014582886934,0.1583819374445132
1215.44,12.049230575561523,-0.027200177311897278,-3.068571037543003,0.00020098054125430664,-0.00020629541501962346,-0.0064517404080153985,-0.004047176384096245,0.2182908175884333,-0.14708754539489746,0.12203279972076417,0,0.2,True,-0.06200646780508889,0.18677664574007236
1215.46,12.049341201782227,-0.027137571945786476,-3.0640323886630303,0.00015538589032247256,-0.0002164490643933087,-0.005023493003153558,-0.0018668972231187567,0.21832957313743112,-0.14708754539489746,0.12203279972076417,0,0.2,True,-0.04765499232465881,0.21373736663302192
1215.48,12.049578666687012,-0.026920977979898453,-3.05967019062479,-0.0003794075574107015,0.0004463962578026805,-0.005930196383112582,-0.0014265572290188117,0.22374502160875476,-0.12190877318382265,0.13872189581394198,0,0.2,True,0.025561845937031168,0.2267155748791148
1215.5,12.049583435058594,-0.027014097198843956,-3.0552885970880843,-0.0003796075751956655,-8.493854856475629e-05,-0.0061205460648307425,-0.00048649271959340346,0.22945091209620516,-0.17359581232070925,0.09766433894634248,0,0.2,True,-0.01559400833992784,0.2454181454422275
1215.52,12.049694061279297,-0.027047613635659218,-3.0506714358143188,-0.000502144970083727,-0.00017981432911466942,-0.004406792733054765,0.007333840071877408,0.236428063578746,-0.12442435145378114,0.1445130205154419,0,0.2,True,0.00314045773413606,0.10826186716597866
1215.54,12.049825668334961,-0.02705659158527851,-3.0456763156953506,-0.00047030945427954006,-0.00023613244605125554,-0.00627101367034665,0.00851003770367282,0.23796302477279146,-0.1769438695907593,0.13949738919734955,0,0.2,True,0.008331918990472573,-0.11373066318466495
1215.56,12.049983024597168,-0.02747325226664543,-3.0407559455385074,0.0005374135751221549,-9.269094525531427e-05,-0.005678959764381926,0.005688247851684225,0.23240597098202517,-0.17816179633140566,0.20928433775901797,0,0.2,True,0.010801610857275172,-0.3105223426221375
1215.58,12.050148010253906,-0.027643725275993347,-3.0362515551062783,0.0010049624034465863,0.00019524649488661332,-0.005453992545593543,0.005104357692945596,0.22035245904144024,-0.08979543805122377,0.14597360551357272,0,0.2,True,0.01659170727443046,-0.4072922729722479
1215.6,12.050191879272461,-0.02745462767779827,-3.0320789581357737,0.0005124342057623167,0.0004113081480816127,-0.003542663864473537,-0.00026175853167521385,0.21158627616899758,-0.1658415961265564,0.06422261893749237,0,0.2,True,0.02954777110146467,-0.3421078457617418
1215.62,12.050302505493164,-0.02741679921746254,-3.0280481189720514,0.0003108915201828678,0.0005779790676629424,-0.004943677088393421,-0.003160161988018198,0.20537964293504127,-0.1658415961265564,0.06422261893749237,0,0.2,True,-0.01605915899978556,-0.13252226474215784
1215.64,12.050262451171875,-0.027421461418271065,-3.023829043444955,0.00017363026667683074,-0.0001745982862633717,-0.0033151380762601835,-0.0017418812507606662,0.20503734332103293,-0.12666263699531558,0.06326592147350311,0,0.2,True,-0.062430899333257094,-0.036024332726115646
1215.66,12.050512313842773,-0.027347730472683907,-3.0198211836714433,-6.353835929449918e-05,0.00025937669939132325,-0.006738725265578871,-0.0020706503359724546,0.20975067786204712,-0.11337239623069764,0.1068644952774048,0,0.2,True,-0.06163506865148605,-0.008165374255056894
1215.68,12.05043888092041,-0.027285082265734673,-3.0156759706700593,4.692069777252821e-05,-0.0004423583570381975,-0.008537135811143758,-0.0015640684070826719,0.20870432955090276,-0.19757135272026063,0.1420230853557587,0,0.2,True,-0.10792141915814342,0.05788162548214055
1215.7,12.050817489624023,-0.027186889201402664,-3.011268064743055,-2.4594865016269157e-05,0.0001785673419883758,-0.009874482580521834,0.0007056656030119932,0.20472641299463545,-0.12791631639003756,0.12898767352104187,0,0.2,True,-0.02259042105214412,-0.0755868671785114
1215.72,12.050924301147461,-0.02721155621111393,-3.007132697080898,-0.00040676151004426144,2.894334455847023e-05,-0.011948851608903806,0.003086156654796183,0.20966787335959997,-0.13756427586078646,0.13231194436550142,0,0.2,True,0.024418578599187824,-0.007695256319190162
1215.74,12.051302909851074,-0.027301045134663582,-3.0034430706318873,-0.0005985852568774177,-0.00022337062989172913,-0.008545958949748756,0.010902280238426989,0.2037037284877717,-0.1257023972272873,0.09302315711975098,0,0.2,True,0.13700585427331607,0.14033709254933874
1215.76,12.051419258117676,-0.027401601895689964,-2.9989025408013066,-0.0007598932638967119,-0.00045636909298527994,-0.006583649523210508,0.012434781855825337,0.2080887090453681,-0.1121327942609787,0.14653316855430604,0,0.2,True,0.19575915617399336,0.03864028622145691
1215.78,12.051614761352539,-0.027956612408161163,-2.9949717664640483,0.00027175924230396026,-0.00044866009547970225,0.0010859857613334833,0.014942080683844415,0.21595338039857234,-0.12603541135787966,0.14231566548347474,0,0.2,True,0.1516455768941054,0.10357864607198845
1215.8,12.051587104797363,-0.028121329843997955,-2.9904856003572835,0.00019549763414544052,-0.00047647099206832544,0.0037118808850014205,0.016378972273765363,0.2127590962573137,-0.10021964192390442,0.12347219347953797,0,0.2,True,0.11792060615436842,-0.026659363957594984
1215.82,12.0513916015625,-0.028496278449892998,-2.9861668002000172,0.0005437953314035747,-0.0007983467847795251,0.003585687201768643,0.009407582933777997,0.21199002017352325,-0.11948088049888612,0.18542263925075533,0,0.2,True,-0.010949409572082673,-0.13443088544726042
1215.84,12.051322937011719,-0.028741689398884773,-2.981881813100737,0.0007160878216662686,-0.0003760526746532167,0.0028499989691303847,0.005774284270401796,0.20595595992876245,-0.09403714478015901,0.1604787063598633,0,0.2,True,-0.052054361030845174,-0.0584935712026388
1215.86,12.051447868347168,-0.02874455228447914,-2.978012564850182,0.0007700601332749144,6.85150440164176e-05,0.00021003299556766598,0.003834545830983886,0.2051989095628013,-0.09218748420476915,0.06701932847499847,0,0.2,True,-0.040953387799015764,0.05152207575122268
1215.88,12.051435470581055,-0.028613653033971786,-2.9740091235629507,0.00013114180690464535,0.00018742555615179,-0.0004524679974742415,0.0015419977425423885,0.20807961056109356,-0.15518602013587954,0.048409948945045474,0,0.2,True,-0.05373138405200817,0.19515963259987343
1215.9,12.051424980163574,-0.028801683336496353,-2.9697508874349614,0.00031071504418671574,-0.0001684035080041384,0.0003094161778410502,-0.0021211628874960296,0.21611178623362903,-0.11624417006969454,0.11724468111991883,0,0.2,True,-0.05955249145771859,0.27120939135830596
1215.92,12.051379203796387,-0.028857283294200897,-2.9652354442558173,0.00022174773582413223,-0.0005431357656904516,-0.001448511755038576,0.004238177224948876,0.2215687305367825,-0.12920587778091433,0.12127913177013398,0,0.2,True,-0.07625499217636414,0.27782953617285094
1215.94,12.05139446258545,-0.028581591323018074,-2.960723621951458,-0.0008407240039122782,-0.0005321479064502518,-0.0045541663210590284,0.0039232203779817065,0.2268956608715077,-0.1397169703245163,0.07989939630031587,0,0.2,True,-0.07721935284869251,0.18501583544345418
1215.96,12.05160903930664,-0.028927117586135864,-2.956283625120024,-0.0004743382268149777,-0.00029438219194422016,-0.0065528673715778245,0.007033936719183597,0.23030597345490142,-0.17303840637207032,0.13602071583271028,0,0.2,True,-0.013027856237543071,0.0987277143724568
1215.98,12.051839828491211,-0.02904488332569599,-2.9515992345652573,-0.0005155771565616862,0.00011410763076280276,-0.005868132050048732,0.0137988919410679,0.2309130530690919,-0.13771384954452515,0.0723700225353241,0,0.2,True,0.07035815401722127,-0.04366767802619856
1216.0,12.051998138427734,-0.029313774779438972,-2.946810966379442,-0.0002214396246122015,0.0002918824296753678,-0.0024907402540410737,0.010039979252691946,0.22946694768657186,-0.12489995479583742,0.1731565582752228,0,0.2,True,0.09265229031627599,-0.16082528572097923
1216.02,12.052063941955566,-0.0295769814401865,-2.9422505777059476,0.0002736777329515796,0.0003980499946183939,0.0010744860003135547,0.009231527493430288,0.223402246629415,-0.13734186589717867,0.14109639525413514,0,0.2,True,0.11074935564170786,-0.31953888145755244
1216.04,12.051959991455078,-0.029676560312509537,-2.937926269305115,0.0005376402122270046,0.00026525204384170517,0.0008593158537175137,0.0026283379134612065,0.21743995059723478,-0.13734186589717867,0.14109639525413514,0,0.2,True,0.05464006802146331,-0.3114587936790933
1216.06,12.051901817321777,-0.029785802587866783,-2.9337270548349204,0.0008878694041021801,0.00010175930570635574,0.002991816401279839,-0.0029130976069810127,0.20534994255251096,-0.12898776531219483,0.14120822608470918,0,0.2,True,-0.002748562856666308,-0.19424974017429847
1216.08,12.051973342895508,-0.02953360043466091,-2.929415770331679,0.0004912128665911754,0.0004424123311604823,0.001880465187672016,-0.0037243682237498438,0.20455024419226706,-0.1005075114965439,0.125333713889122,0,0.2,True,-0.00395167218225282,-0.24934304007917818
1216.1,12.05178165435791,-0.029398344457149506,-2.9258225823017616,-5.004620596247724e-05,0.00016621822575008447,0.00085460097178045,-0.005065328001524977,0.20786226741548525,-0.12872475862503052,0.03957938551902771,0,0.2,True,-0.07384635489882026,-0.02058120556772137
1216.12,12.051750183105469,-0.029416972771286964,-2.9215622497697487,-0.0001590213999906415,-0.00010621342155892328,0.0005431820791375756,0.0016640454996239458,0.19749250739091867,-0.1640033280849457,0.20258270740509035,0,0.2,True,-0.09493678692189339,0.022851610694401663
1216.14,12.051748275756836,-0.02940461039543152,-2.9170980734416494,-0.0004527351327421192,-0.00016645343883908218,-0.0029158919906371998,0.0037771460339891287,0.20370344610709007,-0.1582735824584961,0.1587542510032654,0,0.2,True,-0.15313029331715863,-0.014251967070414779
1216.16,12.051959991455078,-0.029672998934984207,-2.913616369740375,-0.00021586638095872935,-0.00015469040789929152,-0.005714477766094133,0.006489756727722837,0.20637837304782272,-0.13070999681949616,0.07800539433956147,0,0.2,True,-0.16484978173068077,0.3249622726579855
1216.18,12.05207633972168,-0.029641004279255867,-2.909526306613163,-0.0005078155879311677,-0.0001712037842009616,-0.011395822493615917,0.010349680553981295,0.20672211004984986,-0.11403085172176362,0.1657282841205597,0,0.2,True,-0.1252953237793227,0.2853470458179786
1216.2,12.052312850952148,-0.029819399118423462,-2.905051979925891,-0.00028351528445995383,-0.00022477949824027655,-0.012644800459342373,0.009045381384641046,0.22348948920360776,-0.14112966537475588,0.18657089233398438,0,0.2,True,-0.058984472293719684,0.22491011511753276
1216.22,12.052825927734375,-0.0300007164478302,-2.9005603046376764,0.00011237120664215533,0.0005136357756456643,-0.012939517892973899,0.007237924577580518,0.2265312097725076,-0.16702850162982943,0.1866114890575409,0,0.2,True,0.07375581398796112,0.11675498478136914
1216.24,12.053112983703613,-0.03013942390680313,-2.8957372106041026,0.0003374576245694592,0.0007761516167957683,-0.010433235549587416,0.007009679649375548,0.22437118225720898,-0.1409681171178818,0.12902760267257693,0,0.2,True,0.10719965332262223,-0.15381005391293606
1216.26,12.05321979522705,-0.02995620109140873,-2.891403809831379,-3.121757280143433e-05,0.001008557222108803,-0.005495357374584394,0.002377013950521739,0.2160625088323509,-0.1393879532814026,0.17904914140701295,0,0.2,True,0.11950224060663059,-0.1936486412147722
1216.28,12.053258895874023,-0.030160166323184967,-2.8871022853453305,0.0006149823598575884,0.00014125395849192538,-0.004068828193540393,-0.0040876365019727155,0.21118468489058406,-0.1349200564622879,0.15410318076610566,0,0.2,True,0.05293341094585883,-0.2141285953455038
1216.3,12.053298950195312,-0.03007611073553562,-2.883275303931104,0.0008017047848271421,-0.00034505164866773224,-0.0033793386444521466,-0.0060699846867245215,0.2110393184753399,-0.07116651952266694,0.19635765671730043,0,0.2,True,-0.06780322395088743,-0.11152636865831163
1216.32,12.053345680236816,-0.02974099852144718,-2.8788424358128712,0.00023022901545437515,-0.0006773507097575917,-0.006198562673922561,-0.006936151142579954,0.20724089462958425,-0.11844212591648103,0.16299336671829226,0,0.2,True,-0.09236853908583788,-0.06022951009912732
1216.34,12.053357124328613,-0.029417652636766434,-2.874520664353367,-0.0004280453841225261,-0.0009732756867361674,-0.010919615290650456,-0.004586152407133087,0.20714039933969408,-0.13721781849861148,0.16783741116523745,0,0.2,True,-0.09014283147413277,-0.04216009777816663
1216.36,12.053593635559082,-0.029495518654584885,-2.870523013774979,-0.0004778608451646485,-0.0009781898238313412,-0.011458311320400703,0.006317698238868413,0.20636632408265826,-0.1515572988986969,0.1614422255754471,0,0.2,True,-0.03918696655385911,0.057454050586941745
1216.38,12.054044723510742,-0.029491683468222618,-2.8667040719838965,-0.0006776579736719443,-6.507180035134519e-05,-0.010590765162396706,0.007858470572239887,0.20766651065308006,-0.13255483627319337,0.1600428694486618,0,0.2,True,0.08865386565775926,0.18590920463220617
1216.4,12.054364204406738,-0.029982510954141617,-2.8623331298862267,0.0003278690343355661,0.00015584029002587931,-0.009333519998237349,0.013120416858816555,0.21183721867654848,-0.1345247578620911,0.08453426122665406,0,0.2,True,0.15923704886715176,0.2239197608804282
1216.42,12.054343223571777,-0.029792746528983116,-2.8579073435010884,-0.00030576592955444703,0.00023368305165138566,-0.0038273060380160082,0.011021383996936765,0.22201313571029932,-0.15625206589698792,0.13885064959526064,0,0.2,True,0.1637647927956184,0.2489269394416351
1216.44,12.054600715637207,-0.030298670753836632,-2.8535760362808222,0.0005418184717127673,0.0005585301142062623,0.0012806525889960594,0.00826776849851624,0.22427990495312713,-0.12972055077552797,0.13542598843574524,0,0.2,True,0.15130528397366258,0.17926614210171385
1216.46,12.054585456848145,-0.030252452939748764,-2.8489430211270887,0.00011852721006166182,0.0007555091514030447,0.00251041826124085,0.011017853162420092,0.22758066580839276,-0.0816385716199875,0.1350462067127228,0,0.2,True,0.08163274603810912,0.010250869967120362
1216.48,12.05445384979248,-0.030645789578557014,-2.844390737489993,0.000665225003219045,0.00019573028507411923,0.002770902719644648,0.00045795182509645856,0.22617851004467254,-0.13318681836128235,0.15942901194095613,0,0.2,True,-0.029243925241133797,-0.2452132496909585
1216.5,12.054405212402344,-0.030694637447595596,-2.8397008902364336,0.0007326954317736256,-0.00019268675333150814,0.0027033136450267826,-0.0009015118725010958,0.2228332053076682,-0.18851146578788758,0.13455479860305788,0,0.2,True,-0.08156483157688187,-0.42435479100198215
1216.52,12.054399490356445,-0.030398616567254066,-2.835481755477265,0.0001989486404469187,-0.0001580526836561991,-0.0010588614302925168,-0.006475441642429785,0.2046628449778683,-0.17125431180000306,0.0811036503314972,0,0.2,True,-0.09214854690085107,-0.3945383873592512
1216.54,12.054357528686523,-0.030247895047068596,-2.8311163647024915,-0.00020223133386861693,-0.00024704376762021757,-0.004014768264903765,-0.008220662697877067,0.19363228252826506,-0.12484202206134798,0.05929019212722779,0,0.2,True,-0.15614118392931295,-0.3501186235845818
1216.56,12.054378509521484,-0.030126309022307396,-2.8280177098917783,-0.0006165098923072733,-0.0010138030634050223,-0.004600981032416733,-0.0012033632474550936,0.19461543905596115,-0.06455679297447205,0.06919293045997621,0,0.2,True,-0.11752141725223814,0.09314184856826507
1216.58,12.054510116577148,-0.029970303177833557,-2.8242103076341865,-0.001202781861010569,-0.0010588888979518917,-0.009787981069306893,0.0035498663579776124,0.19482371542092713,-0.0682516685128212,0.08738425135612489,0,0.2,True,-0.03447173207183296,0.35326637965874336
1216.6,12.054719924926758,-0.030193503946065903,-2.819912520352802,-0.0005655196247137946,-0.0010675688105647922,-0.010460574810463016,0.007070265776576613,0.21211419286332273,-0.1570193022489548,0.08170428156852723,0,0.2,True,0.01194261425465057,0.38720955138903046
1216.62,12.055190086364746,-0.030273329466581345,-2.8155304674688315,-0.0001818423043451786,7.345885685633477e-05,-0.0067725068306478935,0.011381270037245698,0.22189359290093882,-0.05995895743370057,0.1496138256788254,0,0.2,True,0.10657043944386677,0.40983375905762204
1216.64,12.055351257324219,-0.03039833903312683,-2.8110485744626796,9.434781607796388e-05,0.00020542619758315682,-0.003645571892042841,0.008732214352475584,0.22559220316714346,-0.12275604724884034,0.09892552852630616,0,0.2,True,0.15994893033065788,0.21012509014806893
1216.66,12.055315017700195,-0.030659284442663193,-2.806458820202077,0.0005520289935243094,-3.860540829678227e-05,-0.0012623459137810753,0.006959030732870091,0.22761041614560026,-0.12225566029548646,0.1400668865442276,0,0.2,True,0.11839593204189781,0.03129728778001802
1216.68,12.055222511291504,-0.03075960837304592,-2.801865144099396,0.0008165224938579616,-0.00023527232669552452,0.002335339616014344,-0.0010121934492294872,0.22892420007520073,-0.12225566029548646,0.1400668865442276,0,0.2,True,0.0596147456794782,-0.13733245431962054
1216.7,12.055468559265137,-0.030765864998102188,-2.7973216341771483,0.001055759816744012,0.00028916747369227654,0.0026991677327222368,-0.005717045054885498,0.2243973759233451,-0.1778472948074341,0.17607401490211488,0,0.2,True,0.05042234788417096,-0.2142559282993005
1216.72,12.055148124694824,-0.0303842481225729,-2.7927346384566802,6.582154826971456e-05,-4.744918165447437e-05,0.001123607762311078,-0.004932022832148588,0.2146056068215838,-0.18605925261974338,0.1157780170440674,0,0.2,True,-0.042828280181377534,-0.3059869620600252
1216.74,12.054957389831543,-0.030301637947559357,-2.7885070301282258,-0.00035428938230837705,-0.0002728098424872237,0.002771441916948932,-0.006303798727107754,0.2104699418816718,-0.16335562467575074,0.12189227581024172,0,0.2,True,-0.1415719618518262,-0.2752551000633779
1216.76,12.05500316619873,-0.030419539660215378,-2.7846966955536847,-0.00038137389291942087,-0.00031049434221650364,-0.0010909227984927422,0.0016464764448600186,0.20444524311042098,-0.12947740435600283,0.1943262851238251,0,0.2,True,-0.16418850552351782,-0.051712948581871865
1216.78,12.055086135864258,-0.030369339510798454,-2.78048403882663,-0.0007631527638871382,-0.0003697780640846106,-0.008626589215413559,0.0069175087605416186,0.2023769679182949,-0.07273561835289002,0.09158211946487428,0,0.2,True,-0.19236354078957163,0.03484593364681208
1216.8,12.055275917053223,-0.03047717548906803,-2.7763790190078614,-0.0006719066546563784,-0.0005954801207835148,-0.012011472679558403,0.004901835440467607,0.21046857093503782,-0.11232865571975709,0.20371935725212098,0,0.2,True,-0.22037451141520661,0.21317398296154144
1216.82,12.055798530578613,-0.030575517565011978,-2.772316872694777,-0.00021243411014867795,0.00022170482997123885,-0.012617641346202803,0.006899641906938097,0.21325761657341424,-0.1182485717535019,0.17051932752132418,0,0.2,True,-0.07930685903062862,0.3291636192332924
1216.84,12.05604076385498,-0.030442632734775543,-2.767859209878897,-0.0005355647117464366,0.00014670599001904934,-0.018720883711693236,0.005191078741857156,0.22149916174732878,-0.13062130987644197,0.15975459933280947,0,0.2,True,-0.051791691434550896,0.1575833456283663
1216.86,12.05622673034668,-0.030519764870405197,-2.7634234295007722,-9.624823019915614e-05,-0.0003319564698990744,-0.014971137937858078,0.002514077887904325,0.22871005745693435,-0.07189293384552002,0.15308749914169312,0,0.2,True,-0.07430723755476963,0.05553685767619707
1216.88,12.056821823120117,-0.030317004770040512,-2.758659086068041,5.449434115197211e-05,0.0009534642563024902,-0.016154807994330483,-0.00015991975676710526,0.2230752385853315,-0.14370474934577943,0.1377339893579483,0,0.2,True,0.04002043301690247,-0.14767409970163742
1216.9,12.056985855102539,-0.030320221558213234,-2.754020068098187,0.000461727555627237,0.0006497552031384177,-0.018562220350595862,-0.0026375048038687248,0.2177005651875186,-0.15185320854187012,0.13797849178314212,0,0.2,True,-0.07744672212225402,-0.3810492943293943
1216.92,12.057234764099121,-0.029947875067591667,-2.750013190792036,0.00040845577156280465,0.0005415574982043079,-0.015519249070334851,-0.007193768427688729,0.20968523377117496,-0.12661664962768557,0.1251382863521576,0,0.2,True,-0.07509566951938396,-0.2819711594178581
1216.94,12.05752182006836,-0.029763178899884224,-2.746007384285737,0.0005669211478377266,-0.0001503730369630159,-0.021166875707650374,-0.01009975662759214,0.1982261139105239,-0.07109670817852021,0.1471006089448929,0,0.2,True,-0.07087611531201145,-0.25325580807160175
1216.96,12.05774974822998,-0.029311232268810272,-2.741884267366362,0.00019760577611310483,-0.0006648410297925262,-0.022162461555875736,-0.007400257634840101,0.20051754583192336,-0.1271228486299515,0.09203207552433015,0,0.2,True,-0.14482531338849583,-0.175292928366433
1216.98,12.058237075805664,-0.02892211079597473,-2.7381619789853593,-0.00018461882373440537,-0.0003056450843316264,-0.02423230957555162,-0.002081985226728169,0.19744010054180888,-0.1261792689561844,0.14685228466987613,0,0.2,True,-0.10149570590866992,-0.05128508962902055
1217.0,12.058637619018555,-0.02871255949139595,-2.7339717871254967,-0.0006103427791959461,-0.00034008911296838846,-0.02710527414140398,0.0029331651934773554,0.19566179950187307,-0.167280268073082,0.09700525760650636,0,0.2,True,-0.1234383274500011,-0.14493776082118193
1217.02,12.059239387512207,-0.028848949819803238,-2.7302121762424068,-0.00022613839596532362,-0.00040836909213543075,-0.029286532180336583,0.009606311080657607,0.19412330674020598,-0.11946361541748048,0.08378159776329995,0,0.2,True,-0.19895472292459127,-0.18566291411350108
1217.04,12.059833526611328,-0.028667040169239044,-2.7262313234062265,-0.00047424895823159014,-0.00024894359258019884,-0.03203752775186684,0.01096061545128758,0.18892252496623935,-0.1246551561355591,0.19005731225013733,0,0.2,True,-0.1521438874095166,-0.2051815382525086
1217.06,12.060691833496094,-0.02868962287902832,-2.722632114446157,0.00022637863448947532,0.00022647255750529632,-0.04014868740950445,0.009299925835060134,0.1825870674127423,-0.06803125500679016,0.0856184732913971,0,0.2,True,-0.06159711200911174,-0.15062801089400565
1217.08,12.061336517333984,-0.02848062664270401,-2.7188579851282113,3.0126539995305916e-05,0.00017653910544015216,-0.03927678513415424,0.009044436148217615,0.1792472764416873,-0.14084125339984896,0.18051607251167298,0,0.2,True,-0.028290546456013654,-0.09303827702799822
1217.1,12.06247615814209,-0.028221962973475456,-2.7156052108494007,0.00010297226773616863,0.0014372316508450122,-0.03421430114106104,0.0023192825655847966,0.18207306586869648,-0.1455370593070984,0.08092490792274476,0,0.2,True,0.1441453860271289,0.12641199567512343
1217.12,12.062995910644531,-0.028037818148732185,-2.7118915412909046,-2.143070183281066e-05,0.0007840573889867685,-0.03430077146834588,0.00160879682148872,0.18147946280400626,-0.14730350077152254,0.11807683467864992,0,0.2,True,0.1609786466678723,0.2440167863032325
1217.14,12.063261032104492,-0.027727540582418442,-2.708066269176633,-0.00019893351994350222,-0.00022905238966101948,-0.02861705652731185,-0.00285189050333569,0.19270002706677172,-0.060722426176071174,0.1802468574047089,0,0.2,True,0.03623541467292929,0.23478848513098785
1217.16,12.063884735107422,-0.027454456314444542,-2.7043396281038627,-2.9873777067733358e-05,7.459962218042786e-05,-0.026398493400699566,-0.004733023213571533,0.19876861934598364,-0.11680270671844484,0.07543160796165467,0,0.2,True,0.017982798321404304,0.1862551525316206
1217.18,12.064457893371582,-0.027053216472268105,-2.700189208684029,-6.752153791578839e-05,-9.351919107075404e-05,-0.031315467967221094,0.0003586170263890579,0.2008561446792118,-0.06763424158096314,0.20546787023544313,0,0.2,True,-0.12321741659273065,-0.0782764338500265
1217.2,12.064748764038086,-0.026800518855452538,-2.695990051743195,-0.0001241760764123717,-0.0012438996007184608,-0.03286214760263075,0.0014246888845390552,0.1963798750065647,-0.06763424158096314,0.20546787023544313,0,0.2,True,-0.22519435854858216,-0.19995246303676986
1217.22,12.06553840637207,-0.026683220639824867,-2.6919977776023107,0.00021888526841335753,-0.0010551275773254176,-0.038474449854721336,0.003874838709342637,0.1864379123587753,-0.18782788872718814,0.19704456329345704,0,0.2,True,-0.1715753562795394,-0.27903223336000466
1217.24,12.066306114196777,-0.026424210518598557,-2.688629238103352,0.00030140760156618343,-0.0011115503496853668,-0.044414042084569755,0.004630828700358875,0.1827724223030566,-0.14479265809059144,0.0837922215461731,0,0.2,True,-0.1336181710099473,-0.18024794763994173
1217.26,12.067364692687988,-0.025994716212153435,-2.6852741756953407,0.00021172096946636736,0.00017948653694147858,-0.045041496469571764,0.005741884970935123,0.17853356601043174,-0.12243000090122225,0.06760007962584497,0,0.2,True,-0.011198943008228162,-0.04781479886752487
1217.28,12.068105697631836,-0.025578664615750313,-2.681368257958964,-0.0004097408138544949,0.0005111255285528332,-0.04355160128341681,0.004824474158974662,0.18196003919538248,-0.12811748504638673,0.15833360970020297,0,0.2,True,0.07873435546612283,-0.04387361302677848
1217.3,12.068975448608398,-0.02550778165459633,-2.677715092321489,-0.00011279052150685168,0.0007098993039305059,-0.039370365295378774,0.004965904630383263,0.1826127284493768,-0.14318835318088532,0.076304692029953,0,0.2,True,0.1340441798358186,-0.026656724167809953
1217.32,12.069599151611328,-0.02522253803908825,-2.6740724349677345,-0.0003085524057218485,0.000550177597354756,-0.03811529364728566,0.007109291451639089,0.1792625332609175,-0.13415168523788454,0.12300992071628572,0,0.2,True,0.09869677513688577,-0.007460196870816129
1217.34,12.070359230041504,-0.02494080178439617,-2.670665157419404,-0.0003595727476814043,0.000631726589357789,-0.03431796208271603,0.0055061227664117834,0.1764010280770089,-0.12422409653663637,0.15553796827793123,0,0.2,True,0.10938619987182673,0.04297312912627479
1217.36,12.071084022521973,-0.02471216954290867,-2.6670272552981036,-0.00015168466079865515,0.0005436406072007998,-0.03565585927247313,0.005700324849493342,0.18136322344571773,-0.09148739933967591,0.1649079591035843,0,0.2,True,0.14252174778248242,0.1920259169843287
1217.38,12.071621894836426,-0.024654682725667953,-2.663603010075301,8.344445533164895e-05,-0.00033559773022295646,-0.030619469305615724,0.0035589990343451988,0.18605057877948541,-0.09148739933967591,0.1649079591035843,0,0.2,True,0.05718140684266318,0.28139121280934315
1217.4,12.072344779968262,-0.024324728175997734,-2.659563377092049,0.00017140676933959895,3.052643787983307e-05,-0.026713553824665028,0.0026085644434422992,0.1946246066196935,-0.11933531224727632,0.09082505524158478,0,0.2,True,0.12912848531747534,0.23939287015053484
1217.42,12.072665214538574,-0.024066826328635216,-2.655781111117016,-6.456683029533279e-05,-0.0007631904801211418,-0.029743449535294134,0.006296533215955644,0.19891232510179985,-0.14117507278919222,0.12010886132717134,0,0.2,True,0.11932982964606095,0.16325629140643663
1217.44,12.073074340820312,-0.023906370624899864,-2.651457286768498,-0.00021115689910488895,-0.0009229348059200185,-0.02532558044705514,0.005081196351180284,0.20051465305779753,-0.1324193775653839,0.08535642206668854,0,0.2,True,0.05185775359174223,0.044036732694805056
1217.46,12.07396125793457,-0.023989083245396614,-2.6476900240671717,0.0007007669718449565,-0.00012940264580019208,-0.02107308293393953,0.005042433092294605,0.19911108209198847,-0.1324193775653839,0.08535642206668854,0,0.2,True,0.13800378773832142,-0.0039033331173597115
1217.48,12.074323654174805,-0.023729614913463593,-2.64352220484744,0.00044467119191067686,9.236043541749618e-05,-0.022564933537329423,0.0032212146846148223,0.1981475452352747,-0.12966124534606935,0.17006511569023133,0,0.2,True,0.12081362661548864,-0.028828381721368788
1217.5,12.0743408203125,-0.02362280897796154,-2.6398522245496716,0.0004981355189111744,-0.0006150679744610594,-0.018703146516238462,-0.0032855858277043223,0.19860005845241135,-0.1260380482673645,0.06966622233390808,0,0.2,True,-0.002414387601431075,0.04067721601463044
1217.52,12.074783325195312,-0.023270361125469208,-2.6356054831496905,0.00022654874703431792,0.00013018327478221719,-0.01566049031782484,-0.007405490278880786,0.19820838252009013,-0.15364651560783388,0.08261310160160065,0,0.2,True,0.07051618086295791,0.029566100606862915
1217.54,12.075146675109863,-0.02303900755941868,-2.6318020193909932,0.00045272603578757036,-4.779152730152201e-05,-0.02126623394205384,-0.007502135253020773,0.20236525937315594,-0.13344855248928073,0.1478688132762909,0,0.2,True,0.07684754802213445,0.024443658345657565
1217.56,12.075132369995117,-0.022604195401072502,-2.627665534245847,-0.0003128495711083959,-0.0005654297845374322,-0.01692363906829792,-0.0026011461050193183,0.20051283328382158,-0.12510825395584108,0.07454110026359559,0,0.2,True,0.045369049443300655,0.051652546514247485
1217.58,12.075532913208008,-0.02226872742176056,-2.623663003799834,-0.0007468050763093161,7.033942367664332e-05,-0.012555342674473297,-0.0032285822238220345,0.20055555112006218,-0.061558142900466926,0.08013482131063938,0,0.2,True,0.17585387091173954,0.06785876268923445
1217.6,12.075860023498535,-0.022423576563596725,-2.6195644564869993,-0.00020063710892111639,-5.574839821320975e-05,-0.012030966362364087,0.00033922001564754,0.20234058624122617,-0.1213752579689026,0.08137159705162049,0,0.2,True,0.1347959359921634,0.10301896525626024
1217.62,12.075891494750977,-0.022317321971058846,-2.615757575301403,-0.0003090490299280545,-0.0006628885907968087,-0.0071979242691274726,0.0021556718937518456,0.20779396038828976,-0.12627674698829652,0.17658411502838137,0,0.2,True,0.07640309078651891,0.1434892831159387
1217.64,12.075980186462402,-0.02214778959751129,-2.6114782873465177,-0.0004681018995405824,-0.0008044741550463985,-0.006139964188904004,0.002608351610266653,0.20875435050433833,-0.17144132375717164,0.08098525643348695,0,0.2,True,0.12337877814198323,0.13492814955375124
1217.66,12.076117515563965,-0.02212885208427906,-2.6070394869687386,-0.00015263271184358493,-0.0004965423848589176,-0.006443095411539972,0.006315793537333202,0.21203469376935946,-0.13197804987430573,0.09388543695211411,0,0.2,True,0.07811949720813222,0.029064291483038608
1217.68,12.07638931274414,-0.02235523983836174,-2.60286410844662,0.0006773915039899144,-8.969182405375509e-05,-0.0021606641109863534,0.0066319681880273726,0.21313483820554713,-0.13847349226474764,0.0959798836708069,0,0.2,True,0.08993429214298233,0.11135348537186227
1217.7,12.076592445373535,-0.022489501163363457,-2.5987947997998213,0.0013314696384138071,-7.928715002665315e-06,-0.0009483644924648173,0.004336028126789642,0.21011910370693734,-0.10037546157836914,0.1282410901784897,0,0.2,True,0.06208471210815894,0.171570035911038
1217.72,12.076400756835938,-0.022514518350362778,-2.5944275002900894,0.0008596804929224783,-0.00030130232138575144,0.001054779182528039,-0.0010410934819468098,0.2176626293340792,-0.1280586886405945,0.08137942850589754,0,0.2,True,-0.028811719013077608,0.10211531748125491
1217.74,12.076361656188965,-0.022386686876416206,-2.590229958672199,0.0003505251922339856,-0.00015079970532935768,-0.0014763184428917735,-0.0039252709914805485,0.22576029664223002,-0.1222997033596039,0.15387837171554566,0,0.2,True,-0.05779865953519789,0.20466242885683103
1217.76,12.076273918151855,-0.02232801355421543,-2.5854510980999095,0.00010982342096698407,-0.00048243051927131025,-0.004465601632030466,-0.003526029917685252,0.2213040636040401,-0.08417237460613251,0.08566158175468445,0,0.2,True,-0.08529607789270505,0.05910227526978102
1217.78,12.076528549194336,-0.02216014452278614,-2.5807339760684593,4.49617059126732e-05,-4.449582846728002e-05,-0.005572257255276443,-0.0023268234229491423,0.22649209801546893,-0.1744387471675873,0.18052240610122683,0,0.2,True,-0.06708620223224586,-0.13445600778160866
1217.8,12.076555252075195,-0.02208635024726391,-2.5767231752017823,-0.0005122409416940075,-0.00022474309273145876,-0.005768907048882158,-0.0027559800565204397,0.2223908113556574,-0.15862657785415651,0.14274901986122132,0,0.2,True,-0.015775029864298646,0.05850500124470101
1217.82,12.076640129089355,-0.021991942077875137,-2.572110590830978,-0.0007621000798499894,-0.0003078726647703371,-0.006843214621466562,0.0036157916022733763,0.2150038160197111,-0.1372761768102646,0.18639979362487794,0,0.2,True,0.02370739479122101,-0.04413995805691806
1217.84,12.076545715332031,-0.021894734352827072,-2.567659833191473,-0.0011001649704961945,-0.000859301463053859,-0.00572760402117321,0.0026461249059215636,0.22598446370361192,-0.08295474410057069,0.1371515202522278,0,0.2,True,0.019831739773300466,-0.03573640165329334
1217.86,12.07714557647705,-0.022108569741249084,-2.563533670786898,0.00014890170427592477,0.000124210148829153,-0.003675665671980487,0.005623612800157184,0.2229609013709187,-0.12614215195178988,0.0769534718990326,0,0.2,True,0.050472884833388125,0.13847271314546017
1217.88,12.077054977416992,-0.022015342488884926,-2.5586444181054584,-4.876081890897463e-05,5.1783314069530035e-05,-0.004182367867015055,0.00602234880975965,0.2195318992233884,-0.13831689655780793,0.12295205056667328,0,0.2,True,-0.007657008288139748,-0.2795353520973608
1217.9,12.077132225036621,-0.022208064794540405,-2.55427371872127,0.000784936100661221,-5.7077285432194755e-05,-0.0028053838347877075,-0.0021921097808458626,0.22608163307136933,-0.14732700347900393,0.1438011634349823,0,0.2,True,-0.09323118901968964,-0.3292520188042512
1217.92,12.0770902633667,-0.022112764418125153,-2.550097281253568,0.0009795707434262302,-0.00012914587797173933,-0.0063401646842255735,-0.007514551933302242,0.20362163553577983,-0.16947645902633668,0.14783465862274173,0,0.2,True,-0.05961030577248622,-0.3571837390689535
1217.94,12.077235221862793,-0.021838223561644554,-2.5454471401411536,0.0011694115991663409,4.894159456870177e-05,-0.011134160793570073,-0.015794399188309497,0.1966207398665277,-0.07329498946666718,0.1098301422595978,0,0.2,True,-0.06124215075033294,-0.587181653216628
1217.96,12.077140808105469,-0.021233487874269485,-2.542354687262611,0.0004650500248961005,-6.734650940070069e-05,-0.008951192328809615,-0.015683919703125052,0.1909572000978981,-0.19446495652198795,0.07425477966666222,0,0.2,True,0.014802129091734532,-0.23977279183721187
1217.98,12.077159881591797,-0.02066235989332199,-2.538544059531962,-0.0005722151106146738,0.0004657663786227045,-0.0077047558948098865,-0.0186713508946833,0.17910710081408182,-0.21826219677925113,0.12920953691005707,0,0.2,True,0.14922122161629636,-0.07080639155081628
1218.0,12.076973915100098,-0.02067277766764164,-2.53482070524575,-0.0007220952522622418,-0.00048262947688896033,-0.005155994356887888,-0.01192281833776115,0.18443981218882033,-0.11338022351264955,0.15527595877647402,0,0.2,True,0.1190146582449217,0.12104387524998321
1218.02,12.076895713806152,-0.020258406177163124,-2.53111857207604,-0.0011935839627010931,-0.00033139875276995146,0.0008035369357227797,-0.004091845602735695,0.19095622854246755,-0.11338022351264955,0.15527595877647402,0,0.2,True,0.15321972035845877,0.41832960427243016
1218.04,12.076935768127441,-0.02021472342312336,-2.5275995022875186,-0.0006096526120123659,-0.0003105680463720281,0.0005699803307754616,-0.0029157906147403967,0.20064071011788795,-0.06844113484025002,0.265783269405365,0,0.2,True,0.14197441163001184,0.5351809929909933
1218.06,12.076919555664062,-0.02043098956346512,-2.5232675612485784,-8.553238476118391e-05,-0.00048409832468710156,0.004552821733855665,0.00498097036705756,0.2125734691558458,-0.13642771780490875,0.11252992868423463,0,0.2,True,0.013124563430222547,0.3750208720132223
1218.08,12.076802253723145,-0.02050838991999626,-2.5187694484363337,0.0001822609301959661,-0.0003503818212854654,0.00620195857350273,0.0034449262205856913,0.22725429162806085,-0.11641653716564179,0.12953642189502718,0,0.2,True,-0.005365818101469559,0.2205134355298684
1218.1,12.07682991027832,-0.020794237032532692,-2.514112694543588,0.001155182195973904,-0.00028945904424739535,0.0018535020101396286,0.001540403735755282,0.22095789830349805,-0.14422246396541596,0.1587891608476639,0,0.2,True,-0.13774421962730007,0.025153565780169876
1218.12,12.076693534851074,-0.020727993920445442,-2.5094191589572903,0.001021078862738943,-6.522146660674304e-05,0.00014071488265828726,-0.0005341557112463881,0.21828178496026138,-0.1331740927696228,0.14181319236755371,0,0.2,True,-0.18953467634978674,-0.22304089489617407
1218.14,12.076871871948242,-0.020617803558707237,-2.5055909293842644,0.0011339364953315252,0.0004169850529054275,-0.006466715836349638,-0.0059687088538899575,0.21458575441826327,-0.17223897218704226,0.13021229267120363,0,0.2,True,-0.09905601208452355,-0.20938042203369361
1218.16,12.076767921447754,-0.0204805675894022,-2.501306905639479,0.0002810418517632654,0.00013831134715613333,-0.008960815534509513,-0.0033881102464267993,0.20941102003633244,-0.07579742908477784,0.14546796560287478,0,0.2,True,-0.09780037579880181,-0.271984890557618
1218.18,12.0769624710083,-0.020102811977267265,-2.4969458341900936,-0.00041289961840268116,0.0006574899578789437,-0.006070978956637571,0.002934700408048232,0.20420746454077018,-0.12635697662830353,0.12299527168273927,0,0.2,True,0.06549236369427741,-0.22939748455860406
1218.2,12.077106475830078,-0.02008236013352871,-2.4926662773543513,-0.0008044340276712042,0.0006762273172087176,-0.007683315181260979,0.006815013818328459,0.19652299371560988,-0.08525790095329286,0.06751071989536286,0,0.2,True,0.10391478728006424,-0.16332134409387736
1218.22,12.077401161193848,-0.020513610914349556,-2.4892543322210177,-0.00018055287597978266,0.0002792323578994463,-0.0012273267408122101,0.010509739123445251,0.19623395565359164,-0.0816366982460022,0.0741701763868332,0,0.2,True,0.06342275251328032,0.0336472468113945
1218.24,12.077587127685547,-0.02054348587989807,-2.4855850661422445,-0.00023857638909288023,0.00028264269523784575,-0.0006476325521119338,0.011823037135507159,0.19634531250883414,-0.16478144168853762,0.06179561078548432,0,0.2,True,0.10637984663869646,0.274601246866582
1218.26,12.077550888061523,-0.020711347460746765,-2.4812471177378206,-0.00024210834188716926,-0.00041110222388491673,-0.0009971587555797604,0.0057902525427643865,0.2068992442856793,-0.12191394686698914,0.07807467997074127,0,0.2,True,0.03758951374364373,0.34724343338559543
1218.28,12.07772445678711,-0.0208002757281065,-2.476958652353659,-5.805780288962482e-05,4.6138654831871146e-05,0.0008270725498269963,0.003916074500303613,0.21849109346491646,-0.12636600971221926,0.13318757355213168,0,0.2,True,0.02181866816025825,0.3114822010677596
1218.3,12.07774829864502,-0.02083052136003971,-2.4727023926781784,-1.2699459734175531e-05,1.7731439618588034e-05,0.0017798343586765528,0.005462034233645482,0.224013430324414,-0.12636600971221926,0.13318757355213168,0,0.2,True,0.04554948036118516,-0.06278541252326186
1218.32,12.077728271484375,-0.020830895751714706,-2.468105778665067,-0.00011259853314085032,-0.00017589914871100592,0.0010978609007071386,0.005274865424211685,0.22126388859423224,-0.12203709721565248,0.11439687728881837,0,0.2,True,0.042006105794770196,-0.3764512771080533
1218.34,12.077710151672363,-0.021142445504665375,-2.4633260433118838,0.00041826295290400047,-0.0007870721708247,0.0026467996733117384,0.007996489599371387,0.20187641128382292,-0.1360755902528763,0.07218177556991578,0,0.2,True,-0.000983224127670606,-0.6291367591683862
1218.36,12.077919006347656,-0.021184904500842094,-2.4592575412661364,0.0006103392546399383,-5.5285960716739035e-05,0.0041875610134055555,0.004378666136409111,0.1883749912962996,-0.13854160130023957,0.10121300578117372,0,0.2,True,0.08050403426832402,-0.7150664214202221
1218.38,12.077984809875488,-0.021461503580212593,-2.4565522797754413,0.0010587883688009936,-9.668240454336168e-05,0.0017011764284627522,-0.0014788513882771144,0.17368248959084584,-0.1053563290834427,0.053543369174003604,0,0.2,True,0.06406408614584383,-0.2828961421573788
1218.4,12.077689170837402,-0.021314015612006187,-2.453035779361334,0.00013322481630675622,7.352574332395257e-05,0.0075381836421855065,0.003701031291892606,0.1640585748805039,-0.11755809783935547,0.13627075076103212,0,0.2,True,0.0836775661057077,0.00014488517708153878
1218.42,12.077529907226562,-0.02113693580031395,-2.4494314441445892,-0.0007513930714915522,0.0005332281806491272,0.007771926564989149,-0.0005992054435671351,0.17924471991118887,-0.15826740324497224,0.07035863220691682,0,0.2,True,0.14757045705194793,0.2890556627883552
1218.44,12.077641487121582,-0.02179672382771969,-2.4461328552756707,8.521573329183855e-05,0.00016928361052017603,0.01088176630187511,0.005838850418772645,0.18838658211046613,-0.07216872036457063,0.09569311141967775,0,0.2,True,0.08363026974201447,0.5660836616474985
1218.46,12.077475547790527,-0.021821403875947,-2.4422127021825593,-0.000413898847213202,0.000401084023917195,0.01350681299260785,0.010908005007435485,0.19680694261389323,-0.12424771189689637,0.12109389305114747,0,0.2,True,0.11008999627356979,0.5116159940533477
1218.48,12.077320098876953,-0.02223043143749237,-2.4379648527925104,-2.7235096688366846e-05,-0.00016052277741942738,0.01422860522154058,0.004184493947800282,0.2093452678122626,-0.12297276198863984,0.11548199474811555,0,0.2,True,0.04921976393612281,0.5095361427936539
1218.5,12.077264785766602,-0.022500310093164444,-2.433686888735492,0.00012786259307573117,-6.21236346154656e-05,0.016579126266866723,0.009360721675438118,0.22017399943541946,-0.15690787613391877,0.12123089969158174,0,0.2,True,0.008853305650738089,0.5071379194430468
1218.52,12.076990127563477,-0.022788437083363533,-2.429385233850705,-0.0002242661303129711,-0.0001444571246281462,0.014819347416761353,0.008299088990073688,0.22914947353392137,-0.09212185978889466,0.12573097348213197,0,0.2,True,-0.031437818512694095,0.4748494713633123
1218.54,12.07695484161377,-0.02325276844203472,-2.4245987822277417,0.00047275471742950576,-0.0002061151175949708,0.014215077444666253,0.006999721721541039,0.23737797616930006,-0.12814847707748414,0.1378577655553818,0,0.2,True,-0.09435369272041275,0.3021304515574079
1218.56,12.07685661315918,-0.02350773476064205,-2.4196328949098134,0.0006912855079317043,-0.0001539428944804029,0.011713579740527339,0.003706171586736505,0.24733322552129303,-0.0611631864309311,0.13117476463317873,0,0.2,True,-0.11541757695046398,0.03941319939749302
1218.58,12.076775550842285,-0.023669695481657982,-2.4146966506419654,0.000924483475129046,0.00026406433601747404,0.009030830849240569,0.0007010353701202478,0.2443444355599901,-0.14174966454505922,0.14523848772048953,0,0.2,True,-0.0747480475195714,-0.2577678454507108
1218.6,12.076482772827148,-0.023630239069461823,-2.4095985758090195,0.00020345824053714752,-7.321549784562728e-05,0.005585941260732632,0.00213235918465709,0.23230252948571795,-0.09573424220085144,0.13141942560672762,0,0.2,True,-0.07493769466437948,-0.5524839221057636
1218.62,12.076452255249023,-0.02377479337155819,-2.4050512273829603,1.192362872798059e-05,-0.00017396315956687093,0.00823523364310598,0.0009185278584569619,0.21675654853326196,-0.09573424220085144,0.13141942560672762,0,0.2,True,-0.05929442110056554,-0.5826200650077996
1218.64,12.076638221740723,-0.023933297023177147,-2.40104869255092,-8.019967191614854e-06,0.0002680034727853291,0.005718564167365395,0.005266585071647568,0.20313451175274652,-0.1796101272106171,0.04605059921741486,0,0.2,True,-0.003171054047600995,-0.3880574952785471
1218.66,12.076336860656738,-0.02416667900979519,-2.397356126759271,-0.0005078388364258807,-0.00036107296158705433,0.004287277161186157,0.005940227170102038,0.19773483035927605,-0.024956862926483157,0.10128858745098115,0,0.2,True,-0.0896087529512066,-0.0815410533212004
1218.68,12.07642936706543,-0.024249881505966187,-2.3933478148687684,-0.00038401774905535415,3.459306870561229e-05,0.005332256936924062,0.0059016598827154425,0.20125792986337418,-0.024956862926483157,0.10128858745098115,0,0.2,True,-0.04292592865011489,0.10631973825786467
1218.7,12.076521873474121,-0.02435670606791973,-2.3892324409541876,-0.0005407033015739997,0.00022073953647912291,0.001066533406995597,0.007297343685263895,0.21023326426755332,-0.08790130674839021,0.14307878375053407,0,0.2,True,-0.04075892669167286,0.12722505816128837
1218.72,12.07664680480957,-0.024569541215896606,-2.3849480581618647,-0.00014177368201393492,7.45428377826413e-05,0.002284489875359327,0.010077827113626547,0.21164009081336796,-0.18197061181068422,0.16262268066406252,0,0,True,-0.05104960882918431,-0.028001357245728345
1218.74,12.07667350769043,-0.024651195853948593,-2.380537465617882,-8.996121124222642e-05,9.220654529548371e-05,0.0010265630258552943,0.007300247270701363,0.20791283501216987,-0.12049407541751862,0.1237113094329834,0,0,True,0.0054272540013959505,-0.3579656072879704
1218.76,12.076849937438965,-0.02496158517897129,-2.3764166076037143,0.0005164434905825036,-0.00028910468433016414,0.0012482882305930323,0.00417393729769738,0.19901782128371795,-0.12933618366718294,0.12462534070014955,0,0,True,0.010786621081439145,-0.6530842871461329
1218.78,12.076865196228027,-0.024836240336298943,-2.372599414153229,0.00010690179984885518,0.0002300694022971895,0.0015007137271068783,0.005116365855709225,0.18159601568454173,-0.08280493676662445,0.12692411243915558,0,0,True,0.021943570894897693,-0.9728372019142049
1218.8,12.07680606842041,-0.02487955242395401,-2.3690266324591818,-5.558913308107242e-05,0.0002611122637861219,0.0031474195618736737,0.004629753284335552,0.15939334784172485,-0.08280493676662445,0.12692411243915558,0,0,True,0.03642791217435509,-1.2563871645866314
1218.82,12.076871871948242,-0.02502881921827793,-2.366009784363132,0.00036485434410889797,0.00023186050999953663,0.0027820486974455133,0.0062255141690182045,0.13008585885910426,-0.11622610807418825,0.13205064833164215,0,0,True,0.002590082013215371,-1.3579913204225076
1218.84,12.07692813873291,-0.02540256828069687,-2.363665139776388,0.0008604008214494421,-0.00019126586738498912,0.004162521204538789,0.006535294867986721,0.09850684811687885,-0.07907590866088868,0.11583482742309571,0,0,True,-0.06537367516004042,-1.408509409696345
1218.86,12.077054977416992,-0.025347672402858734,-2.3621925454445103,0.0010171927821550858,0.00022206277822781897,0.0017079202881639195,0.002678336000734687,0.07295671005083992,-0.11020772516727449,0.08688099801540376,0,0,True,-0.08110098288891213,-1.2877536261223559
1218.88,12.076935768127441,-0.025485698133707047,-2.3611460846098162,0.0011329987150730564,4.255615645419366e-05,-0.0020824744509396675,0.0013531391472765125,0.04671259506579948,-0.01108851730823517,0.04627585053443909,0,0,True,-0.16664707966879688,-1.0745500041153628
1218.9,12.076925277709961,-0.025277268141508102,-2.3601732475590533,0.000627684668296232,0.00018689978486555894,-0.0037060299336799953,-0.0008751077541397138,0.02706556876911668,-0.00305404968559742,0.07179482579231262,0,0,True,-0.15904524103409023,-0.9232211240137201
1218.92,12.077122688293457,-0.025362273678183556,-2.3599281321711167,0.00112371350021039,-4.192453884386896e-06,-0.009169245168990727,-0.001335379682038956,0.012542847787483685,-0.048239093273878104,-0.0006544542312622071,0,0,True,-0.14597174573935628,-0.5784630388709804
1218.94,12.077216148376465,-0.025089163333177567,-2.3600272999429768,0.0010613437155494807,0.0001031186083504783,-0.011015698994587889,-0.0006754494081088617,-0.0009009798704004291,-0.005318959355354309,-0.0013214702904224397,0,0,True,-0.14718497970606279,-0.3807919546218539
1218.96,12.077381134033203,-0.024893125519156456,-2.3601426567868184,0.001111043005758136,0.0002020927012491376,-0.01376021411007755,-0.0023767525991890822,0.0004355519561631347,-0.007505976408720017,-0.013341347053647043,0,0,True,-0.07301300213934032,-0.1942822348213117
1218.98,12.077512741088867,-0.02461816370487213,-2.3602453259486853,0.00078280492823064,0.00014421503105762983,-0.01548082831015431,-0.0003212737947292741,-0.0033977876006039227,-0.00971385195851326,-0.010305527299642564,0,0,True,-0.03358184462204185,0.0388562135984773
1219.0,12.077770233154297,-0.024451978504657745,-2.3598932880146237,0.0008226330012701191,-7.717739196699765e-06,-0.01501028534013264,-0.001127703911688943,-0.0029997309982071146,-0.015233863666653635,-0.014183241426944734,0,0,True,0.008993601943949877,-0.07782227936945219
1219.02,12.07807731628418,-0.02419874258339405,-2.360299122951025,0.0008810552736418328,0.00017751162632028994,-0.013702246564348793,0.0011494798270781214,0.0022075172174749282,-0.015233863666653635,-0.014183241426944734,0,0,True,0.042787290360217535,0.03507608332931896
1219.04,12.078169822692871,-0.02398313395678997,-2.360382635266675,0.0005783329927356148,3.410010090281893e-05,-0.013040725954562214,-0.0001144789922922244,-0.005790230393387378,-0.013693255037069321,-0.011903437077999117,0,0,True,0.0405101401702909,0.12346983412682674
1219.06,12.07835578918457,-0.023911526426672935,-2.3600687245712875,0.0006880367252675868,-0.00022247716577137246,-0.01205784508134002,-0.0010830579578611004,-0.0005917009342609578,-0.012938508018851281,-0.01305882327258587,0,0,True,0.03544469224143406,0.02606826707347058
1219.08,12.07850456237793,-0.02371087670326233,-2.3603565064460943,0.00050102263835697,-0.00031807846372361394,-0.011769474126512317,-6.809944535627645e-05,0.006877855731930041,-0.01244640052318573,-0.011584853976964953,0,0,True,0.07554005652789496,0.21117114062946604
1219.1,12.07870101928711,-0.023457791656255722,-2.3603464590257657,0.0004283155604369109,0.00010119299275053545,-0.010866671185036647,-0.0016970256216334526,0.004292978583350678,-0.012741823047399523,-0.010942632481455805,0,0,True,0.11542568096769602,0.22194540704726787
1219.12,12.078834533691406,-0.023316260427236557,-2.359832406808121,0.0003631957061692339,0.00021842881298058918,-0.006997521432336113,0.0005824828736175629,0.011103460856954541,-0.019277288466691973,0.025485405772924425,0,0,True,0.17497122831179995,0.1991743163222692
1219.14,12.078877449035645,-0.02320297621190548,-2.3597252862846188,0.00016039054990836545,0.00036078972520543236,-0.002823790603906493,-0.00028909609983137794,0.017163931629554787,-0.008030462712049486,-0.007627297192811967,0,0,True,0.17766879365849841,0.21436086295498458
1219.16,12.078934669494629,-0.023349549621343613,-2.359468229577536,0.000507890533660152,-2.8591963289561854e-05,0.0022282241384587328,0.0011434381881928837,0.022811801037742375,-0.006191959455609322,-0.0037943766266107563,0,0,True,0.1355310053604626,0.1324151550067912
1219.18,12.078845024108887,-0.023282207548618317,-2.3589733444953986,0.0003368693208770837,8.007602314136859e-05,0.0033468323076706963,0.00023791499192948136,0.02144184761978259,0.00017240855842828753,0.008008247427642346,0,0,True,0.07081423224904192,0.03264398874565668
1219.2,12.07877254486084,-0.023506788536906242,-2.358007462725098,0.0006119252943465293,-0.0003294363072504384,0.0038449589965218506,-0.0022381428136257204,0.021696673257518312,-0.0035473465546965602,0.0014861691743135454,0,0,True,-0.029652826803663553,-0.18491565596920112
1219.22,12.07870101928711,-0.023405270650982857,-2.3580099384750377,0.0005031390264747038,5.969781573002977e-05,0.0028413479760117074,-0.0034480736648242393,0.019775450729204946,0.0016385473124682906,0.007727359980344773,0,0,True,-0.03642294067625675,-0.1367230374853662
1219.24,12.078590393066406,-0.023439820855855942,-2.3577324957169363,0.0005425603686357235,-0.00015967021167523465,-0.00014400200583219395,-0.005783944848841414,0.008018548560219739,-0.004395483769476414,-0.002113223746418953,0,0,True,-0.04583899960937916,-0.14144709082916013
1219.26,12.078489303588867,-0.023247240111231804,-2.3573913084370637,0.0003526010292526199,0.0001509106240869436,0.000432997053572806,-0.005051624837540392,0.010504004620963242,-0.0011903933063149453,0.0041149651817977435,0,0,True,-0.009140369059227766,-0.1594435769322735
1219.28,12.07845401763916,-0.023170962929725647,-2.357365978840281,0.0004731103169869127,0.0002844360749135335,0.00017783902777485355,-0.006843209786629329,0.010380905991195793,-0.007240372709929944,-0.0006110551394522191,0,0,True,0.040863432624790696,0.007408386509407809
1219.3,12.078391075134277,-0.023143630474805832,-2.3571696181053614,0.0005605865325592006,0.00026689022219514747,0.002110118451274151,-0.005412102755973439,0.0070199645746346654,-0.0036161671020090583,4.1193692013621336e-05,0,0,True,0.0053069227463163685,-0.009779594611502677
1219.32,12.078193664550781,-0.02306230552494526,-2.3569020232376414,0.00019593839842796005,0.00019248692636082639,0.0031250726041480888,-0.003534420754779805,0.008611219480971825,-0.0023248886689543726,0.0019711571186780933,0,0,True,-0.025052011429638824,-0.08106920781938419
1219.34,12.07806396484375,-0.023060036823153496,-2.3568297112710934,8.156780743070345e-05,0.00022818457969401228,0.0008575508732777293,-0.003308115250068066,0.009721637052043739,-0.0010896614473313094,0.005417979061603547,0,0,True,-0.06819743147778451,0.032944654230591286
1219.36,12.07807731628418,-0.023147540166974068,-2.356677081281804,0.0003648996757442139,-0.00025772892902355983,-0.0018263218865944295,-0.001473880966491375,0.0038953693656509567,0.0007351179886609316,0.0046925732679665095,0,0,True,-0.1318366926729962,-0.05042938585224362
1219.38,12.078155517578125,-0.02300485596060753,-2.3563918871411964,0.0005740256617999221,-3.817086394717714e-05,-0.003345676066959154,-0.0023858592897970407,0.009655536913087062,-0.0022828101832419634,0.001186076644808054,0,0,True,-0.1419270246549787,-0.08597986568671355
1219.4,12.078213691711426,-0.022875627502799034,-2.3565903936883887,0.0007525998263019088,5.39475367477969e-05,-0.00742186280971199,-0.0037848115747947967,0.004576868612784538,-0.011176729127764703,-0.006674585863947869,0,0,True,-0.14521721983147634,0.029454503108661274
1219.42,12.078118324279785,-0.022735822945833206,-2.356057268318045,0.0005092219682694902,-0.00021807086153643025,-0.01049661109914251,-0.002790343857932946,0.0028432477970933615,-0.00879468195140362,-0.005608682483434678,0,0,True,-0.19012931700479743,-0.08662563799529727
1219.44,12.078283309936523,-0.022513676434755325,-2.3563109317927804,0.00045238502850338154,-0.00022387121856656968,-0.01344369947313499,-0.002200741877983319,0.0062517296143484126,-0.006659233272075653,-0.006121181435883046,0,0,True,-0.13951126472932407,0.04285476241340976
1219.46,12.078591346740723,-0.02225317247211933,-2.356164427317429,0.000275808110208813,-9.11865593501754e-05,-0.018556021427329115,0.0011355099165352954,0.002725485873469583,-0.014404938444495202,-0.01368452288210392,0,0,True,-0.09658445911286229,0.05856939371138677
1219.48,12.078849792480469,-0.021990718320012093,-2.3560902553192413,0.0002168872064867756,-0.00012953620477192392,-0.018582763988047764,0.0013797767263663743,0.008005249605854201,-0.018038348853588106,-0.016260216534137728,0,0,True,-0.008635822006166548,0.018038009965933924
1219.5,12.079232215881348,-0.02175033651292324,-2.3558392294481676,0.0002939285868276882,0.00026880154089930895,-0.018223367828164465,0.0018780576572834714,0.007528799294000041,-0.017055507078766824,-0.016276530846953394,0,0,True,0.1181221847172737,0.05846464228538105
1219.52,12.079412460327148,-0.021540410816669464,-2.3556705118243126,-6.613841173760839e-05,7.669877512278756e-05,-0.014134565233627685,0.0023089043331565437,0.007694770411621814,-0.023993348926305773,-0.017221356481313708,0,0,True,0.16028026844917784,-0.11493535918325005
1219.54,12.079728126525879,-0.021328138187527657,-2.3555621233739097,-9.285837960036396e-05,0.00026557398441679663,-0.009106246649955813,0.0007445467929867947,0.007402657256295813,-0.013475967124104501,-0.015411148369312289,0,0,True,0.27440582188958895,-0.05487242085970835
1219.56,12.079779624938965,-0.021321270614862442,-2.355474673686312,9.287173203694328e-06,-0.000324268463523582,-0.005760342512125198,0.00043065285142628636,-0.0011895791287974404,-0.014683022350072862,-0.013235829994082453,0,0,True,0.2643677635578285,-0.051496656064629914
1219.58,12.079789161682129,-0.02127697505056858,-2.3552470168676645,5.674247248875237e-05,-0.0003509654490770287,0.003729097922982685,-0.0034866754696825887,0.0031390056252273662,-0.002582666650414467,-0.001682587116956711,0,0,True,0.21463253499815332,-0.0627547284499142
1219.6,12.07976245880127,-0.021238666027784348,-2.3557656781546163,-3.308684322079415e-05,4.170000787539239e-05,0.0070148558509793586,-0.003287433235892529,0.0035750379264551675,-0.0024537412822246553,-0.0025330767408013348,0,0,True,0.21746638176381097,0.1558391142157617
1219.62,12.079319953918457,-0.021342238411307335,-2.3553110029238917,-0.0004562053877965881,-0.00012787885436944132,0.008064356149880833,-0.004549091538391181,0.0023822789803072428,0.003437301088124514,0.0020950376242399216,0,0,True,0.044319629399881245,0.09955477495541037
1219.64,12.07919692993164,-0.021532375365495682,-2.355188670652195,-0.0004998925808002914,-0.00017380741770104565,0.011636968029013303,-0.004874547973031372,0.011277550008487588,0.014320186525583268,0.012552497014403344,0,0,True,0.012434052666855346,0.11152189284208039
1219.66,12.079075813293457,-0.02147645875811577,-2.3550564345492395,-0.0006523781057216744,0.00019782698074978744,0.007274668274980037,-0.0018352472652415396,0.011103387621675589,0.009625581726431848,0.010178856551647188,0,0,True,0.017546841591915375,0.1460565779890001
1219.68,12.078828811645508,-0.021622145548462868,-2.3548634741539356,-0.0003880996743785774,-0.0003579640243622834,0.008009580064329709,-0.004285408782622508,0.012496789353838841,0.00406019676476717,0.003463525846600533,0,0,True,-0.06284572995710595,0.053054118932399995
1219.7,12.078804969787598,-0.02165052480995655,-2.354422731914156,-0.00018922285689383723,0.00011134672227207746,0.009468103477236776,-0.0050382837448921655,0.014066805219449833,0.0058525525406003,0.011836232915520668,0,0,True,-0.010405001211339367,0.007011173945988579
1219.72,12.07850170135498,-0.02174397185444832,-2.354188927503889,-0.00022027650301694704,-6.048681946868252e-05,0.006609309632449399,-0.004336592328701983,0.015521879523075727,0.0009737734869122506,0.02674979239702225,0,0,True,-0.012010858881658069,-0.03543631536699127
1219.74,12.078255653381348,-0.021728500723838806,-2.3539310901316846,-0.0003074075273081863,-0.00019057324399856715,0.0064422681780736445,-0.005495891925923681,0.011664281537354165,0.007179354541003705,0.048447968214750295,0,0,True,-0.0274770339879495,-0.0964117727952579
1219.76,12.07820987701416,-0.021751951426267624,-2.3536217237920907,-0.0003536306492198254,8.010801245661029e-05,0.007048711353797937,-0.0034467263467970657,0.009661884124482118,0.006254988294094802,0.010600509122014047,0,0,True,-0.006918889235115241,-0.08231089209041459
1219.78,12.078129768371582,-0.021705588325858116,-2.3534895893911685,-0.00038755648467293997,0.00028732547030908763,0.0072699407582028155,-0.0010246235757184175,0.006353863395836217,0.0017750946059823037,0.002443650253117085,0,0,True,-0.038470457896917935,-0.09426999239888427
1219.8,12.077908515930176,-0.02194925770163536,-2.353415976773931,-0.0001850904502792533,-0.0002318802727546743,0.006055798493640683,-0.0010556512047253403,0.008937008155848549,0.0012802363745868207,-0.024560742899775508,0,0,True,-0.13582753537990216,-0.09074909529710523
1219.82,12.077787399291992,-0.022083057090640068,-2.353422781060018,-0.00013329831730656553,-0.0003103758863618955,0.003364631546323009,-0.0003862781281779241,0.004122682145450282,0.011425818502902986,0.020348845869302752,0,0,True,-0.23324605937969253,-0.03785578549219506
1219.84,12.077808380126953,-0.02203591912984848,-2.3529067631396234,-6.85459719207346e-05,3.217933943669488e-05,-0.0038174914765843537,0.00032440635242177076,0.0024019565007203023,0.006964065432548523,0.007109408378601075,0,0,True,-0.261396074188443,-0.15360428337676946
1219.86,12.07791805267334,-0.02187465690076351,-2.3531597748195328,-2.473820133125299e-05,-3.893689625595567e-05,-0.011389743992155615,0.0007976073086954005,0.0033254005564633663,-0.010092205442488195,0.006844042502343655,0,0,True,-0.24359819171173053,-0.12700879496702314
1219.88,12.078142166137695,-0.021750889718532562,-2.353223820253873,0.00010132491457189704,-0.00037608310172430393,-0.014855887441475174,0.0009988447174943856,-0.0033513345143167572,-0.005921197719871998,-0.01081271253526211,0,0,True,-0.1554035886118002,-0.0590586680456542
1219.9,12.078474998474121,-0.02148178592324257,-2.3531567490155005,0.000136918690800263,0.00014066267615537122,-0.016123223790653098,-0.00031030874620050115,-0.006038021451931207,-0.013794181495904924,-0.013310308083891869,0,0,True,0.01900492025923913,-0.11611797427421475
1219.92,12.078702926635742,-0.02124938555061817,-2.3531748699007693,0.00024367465945764744,0.0001807660607891093,-0.0162497785655524,-0.00026831866237866236,-0.0023227369429411645,0.04855825006961823,-0.01797506928443909,0,0,True,0.1032772397694151,-0.03377462601578127
1219.94,12.07880973815918,-0.020942322909832,-2.353642816535688,-3.969263435586181e-05,0.00027044779634870697,-0.009869350371413546,-0.0002676887437555054,-0.005964037385491767,-0.013398058861494066,-0.012949856221675875,0,0,True,0.16637961532718665,0.09442496557213075
1219.96,12.0790433883667,-0.02081375941634178,-2.3534096392093082,-5.2444607548619315e-06,0.0002714064848783732,-0.006593708259929482,-0.0012613096440797782,-0.006053304595576801,-0.007559421807527542,-0.01258071079850197,0,0,True,0.19947010883154329,0.06113128635316951
1219.98,12.07901668548584,-0.02090696431696415,-2.3536338720063394,-7.802791150440864e-07,-0.00040141973837695634,-0.0028128545644902714,0.0011363961684472674,0.0015159757938323826,-0.010811702832579614,0.043826895952224734,0,0,True,0.11966220375272955,0.10284564768139161
1220.0,12.07900333404541,-0.02080420032143593,-2.353659134268415,-3.7611209577558666e-05,-0.00010650939408841756,-0.00029216985904345074,0.001945856993804135,0.002567765965307948,0.0028527047485113147,0.053158619254827504,0,0,True,0.09164811342279065,0.0805988459187052
1220.02,12.079032897949219,-0.020846916362643242,-2.3535215384721817,-0.0001547728200128493,-3.912475548767051e-06,-0.000296374071203888,-0.00042930475914349214,0.0022636144290120778,0.0023249376937747005,-0.00021505421958863737,0,0,True,0.05207085949284145,-0.03678333381121087
1220.04,12.079170227050781,-0.02090698480606079,-2.353204217932084,0.0003000719575407168,0.00010898734650526795,0.0007381408138871025,0.0008009736878804801,0.0003946030779137502,0.000766859082505107,0.00284865602850914,0,0,True,0.042886994782536866,-0.12020155483822786
1220.06,12.079009056091309,-0.02086593396961689,-2.3534527828520186,-0.0001571486631368488,0.00016704141002234533,0.001352814194933256,0.002892185473657461,-0.0014266909110618106,-0.0018760292138904336,8.268322795629502e-05,0,0,True,0.03839461064596412,-0.11336893359286443
1220.08,12.079007148742676,-0.020891254767775536,-2.353627566022182,-0.00016280865289343,0.00027959970093027753,0.0031387897235563783,-0.00010588416185973708,-0.007048358421741534,0.0072130713611841205,0.0024508388433605436,0,0,True,0.026793934693911562,-0.1153972928901251
1220.1,12.079120635986328,-0.021086810156702995,-2.3536356737450665,0.00046462152294092865,0.00023724701904182947,0.0027751947804704477,0.0028619231664479454,-0.006805900258408828,0.005392128247767687,0.0008158648665994407,0,0,True,0.019935530953070164,-0.07139503924955634
1220.12,12.078987121582031,-0.02107902243733406,-2.3537680866058226,0.00029149424369800774,2.7682597594974885e-05,0.002881655589398078,0.0019763522599106163,-0.00883718035328786,0.0016261388175189497,0.005707062259316445,0,0,True,0.005073294818399163,0.03895510108913305
1220.14,12.079014778137207,-0.021184803918004036,-2.3539972548726924,0.00038434311715797645,-3.3090692483845395e-05,0.0029476566711819515,-0.0016239811671895678,-0.0071382940510373565,0.005100812204182148,-0.0007239315286278725,0,0,True,0.008268359912717037,0.135915160624605
1220.16,12.078956604003906,-0.021166188642382622,-2.3543345404504463,0.0003634156523187983,-5.690271366974942e-05,0.0035446533090290958,0.00099054400690404,-0.003931950334604867,0.007067375071346761,-0.0011938379518687727,0,0,True,0.024070101030127907,0.20517500180890558
1220.18,12.078862190246582,-0.021162256598472595,-2.3542067372691506,0.00017439000072663432,7.605720778090487e-05,0.003436663573489089,-0.0023144086890645923,0.0040673125915805875,0.008301324583590031,0.0033947133831679823,0,0,True,0.02333569879479525,0.1940126248687079
1220.2,12.078843116760254,-0.021335840225219727,-2.3540826426325916,0.0005062716928207743,0.00013082644346989078,0.004807263671812032,-0.001757241771522381,0.00757681979145631,0.0017408087849617006,0.007600896283984185,0,0,True,0.0005947433452490701,0.13207005551917403
1220.22,12.078689575195312,-0.021248934790492058,-2.3536718698653663,-3.8733575402418383e-05,0.0001272385869714106,0.004814512574763874,-0.0009945485722607896,0.008382715938445159,0.00446971269324422,0.0072706139832735064,0,0,True,0.00787194588730469,0.02313457696610833
1220.24,12.078585624694824,-0.021339507773518562,-2.3537283948671304,6.197348402122251e-05,0.00018918904241202865,0.003592232776648978,-0.0029001084787861507,0.006633654106919445,0.0018677482567727567,0.0022246480360627176,0,0,True,-0.03495386481830558,-0.050002557574917915
1220.26,12.078534126281738,-0.021379174664616585,-2.3535361199940756,0.00017383372286428717,0.00025816955309207397,0.0040664192444728915,-0.0014029122275666195,0.005918078748867571,0.006992023400962354,0.005921309068799019,0,0,True,-0.03754354420290774,-0.06886177721722488
1220.28,12.078475952148438,-0.021375898271799088,-2.3535519503040385,7.031146234704949e-05,0.00021564061938499302,0.002010954486350129,-0.0008412733570045113,0.0035766151854665145,0.0029227773845195773,0.004097317941486836,0,0,True,-0.031306546081511205,-0.04442671511153717
1220.3,12.078380584716797,-0.02140042744576931,-2.3531984235654573,-8.585066102760113e-05,8.130678106020799e-05,0.0018110290385339864,-0.0008219095890535981,0.0028737737610721784,0.0030000110343098643,0.0037141763232648377,0,0,True,-0.0518108735110368,-0.09578935528627276
1220.32,12.078424453735352,-0.021406101062893867,-2.3534422656522933,1.2298436681211475e-05,0.00012800261340983342,0.0010877090901303594,-0.0005490772650608739,0.003079516897999704,0.0026762453839182855,0.0016204588487744333,0,0,True,-0.02447996777856653,-0.03419001723745979
1220.34,12.078385353088379,-0.02143557369709015,-2.35330621809319,4.9269675419990166e-05,-1.1392925448524577e-06,-7.84506364062829e-05,-0.00027972185060886744,-0.0017450696740272799,0.002212667725980282,0.0028818339668214323,0,0,True,-0.0343227561973031,-0.061850539785498065
1220.36,12.078383445739746,-0.021406622603535652,-2.3533055889521988,5.755888744270489e-05,0.00011184759685240378,5.255706406658814e-05,0.0010104383228093335,0.0008414138064722189,0.0012059850245714188,0.006536405757069588,0,0,True,-0.03176177751385054,-0.07375172845404873
1220.38,12.078369140625,-0.021380199119448662,-2.3533380291393797,-3.3898692459080673e-06,0.00015184114786487727,-0.0009347914572555684,0.0008356665491587048,-0.0020742694217772296,0.0016840084455907347,0.005440306998789311,0,0,True,-0.0250571336652299,-0.03313093463813733
1220.4,12.078478813171387,-0.021466076374053955,-2.3533749525477754,0.00015763509810061736,0.00019637521131736537,-0.001453233110982595,0.0008581013688457846,-0.002820621378335597,0.0012900131102651358,0.0038631192035973078,0,0,True,-0.02375041347347661,-0.07448382190366135
1220.42,12.078485488891602,-0.021429680287837982,-2.3534721596469326,3.8546721704097525e-05,0.0001686919059850942,-0.0020830213296285493,0.0008873827319460305,-0.004395544445083389,0.0011773755215108395,-0.0009479524008929731,0,0,True,-0.02000172779039798,0.029046815955606445
1220.44,12.078514099121094,-0.021372588351368904,-2.353531238662466,0.0001184787902056413,0.0002153241925416556,-0.0018474760138152129,-0.0011146587199899975,-0.0051172919458322055,-0.0009079589694738389,-0.004020444545894861,0,0,True,-0.01887963430413336,0.07774110295993798
1220.46,12.078536987304688,-0.021312106400728226,-2.353689672694986,7.132715090579742e-05,0.00011989994651549223,-0.0025349296804859514,8.432146384482761e-05,0.0002494758546691726,-0.0016602996643632652,-0.0027189200557768346,0,0,True,-0.001782180475687345,0.12218295887560258
1220.48,12.078519821166992,-0.021298402920365334,-2.3537843359034416,4.583523278191275e-05,0.00016098372377726776,-0.0029636038553118903,0.0006161170952352735,0.0033986668584537853,-0.0009903077594935895,-0.004127934463322163,0,0,True,-0.005096773426117632,0.14599592895617375
1220.5,12.078633308410645,-0.02129068225622177,-2.353452201578559,6.414550591693656e-05,9.647010632385547e-05,-0.002225595767683407,0.0009473644457012815,0.005379092264955928,-0.005830309223383665,8.137520402669907e-05,0,0,True,0.01685374901210964,0.027015343186852798
1220.52,12.078716278076172,-0.021239306777715683,-2.35325934531379,0.0001984159157483704,0.00013304139208507258,-0.0022552178879042526,0.001220733758612978,0.0065623823706510735,-0.0044801152125000954,-0.0034456474334001543,0,0,True,0.03704504819143232,-0.042483335730710954
1220.54,12.078716278076172,-0.021239306777715683,-2.35325934531379,0.0001984159157483704,0.00013304139208507258,-0.0011866297595184065,0.00028273994178286074,0.0024107033096154307,-0.004454161785542966,-0.0035064615495502952,0,0,True,0.02781994709606789,-0.06723865331201026
1220.56,12.078716278076172,-0.021239306777715683,-2.35325934531379,0.0001984159157483704,0.00013304139208507258,-0.0,0.0,0.0,-0.0045258766226470475,-0.0044646614417433745,0,0,True,0.028190223598828796,-0.08202977963321302
1220.58,12.078716278076172,-0.021239306777715683,-2.35325934531379,0.0001984159157483704,0.00013304139208507258,-0.0,0.0,0.0,-0.0045258766226470475,-0.0044646614417433745,0,0,True,0.014832871993993572,-0.03013379137022029
1220.6,12.078716278076172,-0.021239306777715683,-2.35325934531379,0.0001984159157483704,0.00013304139208507258,-0.0,0.0,0.0,-0.0045258766226470475,-0.0044646614417433745,0,0,True,0.0,0.0
1220.62,12.078716278076172,-0.021239306777715683,-2.35325934531379,0.0001984159157483704,0.00013304139208507258,-0.0,0.0,0.0,-0.0045258766226470475,-0.0044646614417433745,0,0,True,0.0,0.0
1220.64,12.078716278076172,-0.021239306777715683,-2.35325934531379,0.0001984159157483704,0.00013304139208507258,-0.0,0.0,0.0,-0.0045258766226470475,-0.0044646614417433745,0,0,True,0.0,0.0
1220.66,12.078716278076172,-0.021239306777715683,-2.35325934531379,0.0001984159157483704,0.00013304139208507258,-0.0,0.0,0.0,-0.0045258766226470475,-0.0044646614417433745,0,0,True,0.0,0.0
1220.68,12.078716278076172,-0.021239306777715683,-2.35325934531379,0.0001984159157483704,0.00013304139208507258,-0.0,0.0,0.0,-0.0045258766226470475,-0.0044646614417433745,0,0,True,0.0,0.0
1220.7,12.078716278076172,-0.021239306777715683,-2.35325934531379,0.0001984159157483704,0.00013304139208507258,-0.0,0.0,0.0,-0.0045258766226470475,-0.0044646614417433745,0,0,True,-0.019229972346538792,-0.03380637230042992
1220.72,12.078716278076172,-0.021239306777715683,-2.35325934531379,0.0001984159157483704,0.00013304139208507258,-0.0,0.0,0.0,-0.0045258766226470475,-0.0044646614417433745,0,-0.2,True,-0.022154627815728706,-0.031488462697697554
1220.74,12.078716278076172,-0.021239306777715683,-2.35325934531379,0.0001984159157483704,0.00013304139208507258,-0.0015383977877217042,-0.0003023017745404261,-0.002704509784031934,-0.0045258766226470475,-0.0044646614417433745,0,-0.2,True,-0.03642738538353683,-0.025800800746064473
1220.76,12.078716278076172,-0.021239306777715683,-2.35325934531379,0.0001984159157483704,0.00013304139208507258,-0.0017723702252566845,-0.0007534278990807908,-0.002519077015813513,-0.0045258766226470475,-0.0044646614417433745,0,-0.2,True,-0.06756268195585496,-0.018106704514941525
1220.78,12.07878589630127,-0.02113497629761696,-2.3534757060965124,0.000351767107077262,0.000102438941092739,-0.002914190830680296,0.0003129126276725574,-0.0020640640596832805,-0.0045258766226470475,-0.0044646614417433745,0,-0.2,True,-0.06134747283633058,-0.010843137275512742
1220.8,12.078773498535156,-0.021096257492899895,-2.353460871475055,0.00010753579637859062,4.278822554856659e-06,-0.005405014556463482,0.0007443300811789196,-0.0014485363611940044,-0.0045258766226470475,-0.0044646614417433745,0,-0.2,True,-0.09032190257278792,-0.19469834251404078
1220.82,12.078898429870605,-0.021091660484671593,-2.3534244704385645,0.00018458879130893262,-8.036563968352807e-05,-0.006446195614623687,0.001037237553238559,-0.0035719607660721644,-4.993373528122902e-05,-0.002765312530100346,0,-0.2,True,-0.08193904348140792,-0.3902899486842851
1220.84,12.079063415527344,-0.02097470872104168,-2.3533752282226854,0.0003248853664427534,-7.130198064699318e-05,-0.008998122431073147,-0.0009452974034981198,-0.01809494441692261,0.03827435575425625,-0.006479657441377641,0,-0.2,True,-0.04320651895602987,-0.6999883109511984
1220.86,12.079208374023438,-0.020827827975153923,-2.353761462957798,0.000543476337391238,-6.49949006625622e-05,-0.009469314309186967,-0.0008630515766935333,-0.03328725995439769,0.04335232578217984,-0.009431447610259058,0,-0.2,True,-0.022549279870557166,-0.9032898567303586
1220.88,12.079227447509766,-0.02053249068558216,-2.3549084670284115,0.00023508377845799774,-0.00010467745489564076,-0.008861536072952552,-0.0021039328799836413,-0.05744760123739811,-0.002501560300588608,-0.02401810541749001,0,-0.2,True,0.04981700172068462,-0.8497263489134166
1220.9,12.079383850097656,-0.020505990833044052,-2.3560874512349215,0.00036638053885988713,-0.0001094809904176851,-0.008250138004271747,-0.0063772522190661835,-0.07583514930464051,0.012346536442637444,-0.07807128787040711,0,-0.2,True,0.0458334269185261,-0.9253790823492422
1220.92,12.079444885253906,-0.02035391703248024,-2.357971036321686,0.0004278738044040724,7.149997615964567e-06,-0.005012762293410675,-0.009556795101709705,-0.08607305233012731,0.055741477310657504,-0.02799883060157299,0,-0.2,True,0.0543678657401202,-0.8926580519289524
1220.94,12.079314231872559,-0.020000366494059563,-2.359828274902181,-8.588219623661537e-05,1.7244771478918465e-05,-0.005802640155697793,-0.009872005161789921,-0.10731758654248015,0.05666940711438656,-0.07583352386951447,0,-0.2,True,0.04708106079920322,-0.8944364267028851
1220.96,12.078971862792969,-0.019707856699824333,-2.3617943112148154,-0.0005652002630931664,-0.0003725420573535886,-0.004512106813746891,-0.012124384829427187,-0.12886024539164936,0.14652713119983674,-0.04852368235588074,0,-0.2,True,-0.06794932336098823,-1.1582743165238887
1220.98,12.079156875610352,-0.01961846835911274,-2.364672858158312,0.0002606757178293556,6.138033674740459e-05,-0.004483653140338915,-0.010545569032121843,-0.14739006344080624,0.04551271349191666,-0.044694319218397144,0,-0.2,True,-0.04539159804138842,-1.0927669455547855
1221.0,12.079019546508789,-0.01941041834652424,-2.3682798559530087,9.604469446550968e-05,-6.608812895954806e-05,-0.010448708162284789,-0.006471937592809271,-0.17873499765195414,0.09184256851673127,-0.0917535436153412,0,-0.2,True,-0.08798319966185963,-0.8710972186133535
1221.02,12.078978538513184,-0.01914730854332447,-2.3716194799774346,-0.0002850087135486218,-0.0003618386563745526,-0.009433967999005564,-0.007948597662489579,-0.19473894218678348,0.09131451487541199,-0.08893379032611848,0,-0.2,True,-0.10531664962775059,-0.8038040190694367
1221.04,12.079208374023438,-0.018753468990325928,-2.3760931110269587,-0.0004028529667565778,0.0005413644749577182,-0.01155076278668926,-0.00565419418009334,-0.19854802288065426,0.11790672898292542,-0.14796284914016725,0,-0.2,True,0.018896432137045772,-0.39106673711141254
1221.06,12.079256057739258,-0.01863657496869564,-2.3802519735332406,-8.880697408679297e-05,0.0004145680421781682,-0.012908985110551299,-0.007705100544547115,-0.2116943849663027,0.11846063435077668,-0.13647764801979068,0,-0.2,True,0.019678025308013606,-0.20736624960758773
1221.08,12.07937240600586,-0.018443988636136055,-2.3841636977834466,0.00033308948500506026,0.00016768870361511426,-0.008936993591322502,-0.00551281758519491,-0.2100203366208387,0.07911040544509888,-0.12201692819595338,0,-0.2,True,0.09917124165050285,-0.08798483763880817
1221.1,12.079300880432129,-0.017988618463277817,-2.3885550307747234,0.0001699451137982943,0.00029796424238021806,-0.007859725974365907,-0.006450679831719659,-0.2113282421553754,0.12438373804092408,-0.1293352657556534,0,-0.2,True,0.20959752864511785,0.08694108680585798
1221.12,12.079424858093262,-0.017941800877451897,-2.3928947379566106,0.000720073712167802,9.885154445848308e-05,-0.003617063454656247,-0.011055668905781586,-0.20558680989175251,0.14712887227535248,-0.17782401323318484,0,-0.2,True,0.17099140494253812,0.06744033073427327
1221.14,12.079361915588379,-0.017830058932304382,-2.3971582329057033,0.0006797620804868809,0.000180408370985954,0.003858817181090535,-0.007370610925054725,-0.2047390980218206,0.12567450523376467,-0.055741362571716316,0,-0.2,True,0.19588640992081652,0.15430171751627303
1221.16,12.07898235321045,-0.017599092796444893,-2.4006106425748186,-9.008088854723619e-05,-0.00032038112520508833,0.004742318804106985,-0.010905060050729394,-0.2046251101620864,0.12368680119514466,-0.12343221426010133,0,-0.2,True,0.12247741651712232,-0.03809959008100458
1221.18,12.07867431640625,-0.01776411384344101,-2.4049341586165007,-5.8123387575439e-05,-0.0010444027549414456,0.007811186819329701,-0.01076450268311052,-0.1989841047540497,0.1747488844394684,-0.07474018275737764,0,-0.2,True,-0.022644468359708143,-0.05877949201408934
1221.2,12.078556060791016,-0.017554225400090218,-2.409264746769609,-0.00039589813206626504,-0.00036519297975554413,0.006181129866732476,-0.005552590247708416,-0.20863477709823877,0.15586053490638735,-0.15127864599227905,0,-0.2,True,-0.05422845058452641,-0.10663018321918367
1221.22,12.078320503234863,-0.017611997202038765,-2.413076961286013,-0.0004700853232688929,-0.0009328313884310783,0.0020472597123155313,-0.004849865724276221,-0.20944145738294348,0.1082838410139084,-0.11181767106056215,0,-0.2,True,-0.12709910642682884,-0.34405184303712555
1221.24,12.078317642211914,-0.01759938895702362,-2.4173014247426625,-0.00023328389002192526,-0.0005330253944682496,0.0004040427573488172,-0.004976579007295045,-0.21315552481961333,0.14471592485904694,-0.13803019106388092,0,-0.2,True,-0.10697610699857514,-0.3461648402943629
1221.26,12.078293800354004,-0.01758364960551262,-2.421689475207121,2.2302569172720078e-05,-0.00030376039718906764,-0.002356741694807359,-0.006466494318750512,-0.22650825219699472,0.11703468382358552,-0.12125756919384004,0,-0.2,True,-0.067957658074004,-0.3981769030360654
1221.28,12.078268051147461,-0.017277458682656288,-2.4263171887551627,-0.00026004583791004076,0.0006165876059381115,-0.002376958693145751,-0.0062078924804394005,-0.23632796432176262,0.1270959496498108,-0.12296367049217226,0,-0.2,True,0.004871176619716931,-0.3187312683129268
1221.3,12.078121185302734,-0.01709873415529728,-2.431197621461756,-0.0004951186057331259,0.0006895852729509683,-0.0033893529335998446,-0.0071756610948674445,-0.24129560962579974,0.12500416278839113,-0.17207431554794314,0,-0.2,True,0.07760420905491659,-0.04043288505322061
1221.32,12.07813549041748,-0.017099766060709953,-2.4362076618883863,0.00013215144169010526,0.0005796459716503482,0.0007937368869258173,-0.005595337991026976,-0.2386540262846243,0.14389288365840913,-0.12868441224098207,0,-0.2,True,0.12920606720683656,0.19393980475895434
1221.34,12.078125,-0.016971632838249207,-2.4409931239771674,0.0001491561834736441,0.0006555588666739253,0.003851595029580322,-0.0007952755470129831,-0.22974288300124943,0.18974991202354433,-0.1547863531112671,0,-0.2,True,0.17604378172730584,0.3912865521159094
1221.36,12.077929496765137,-0.016977820545434952,-2.4454095108579152,5.891322790339288e-05,0.0002012520587953593,0.007959526683391772,-0.0018901501452746072,-0.22081277994106038,0.13632272958755495,-0.1373536276817322,0,-0.2,True,0.1133314026233263,0.4137049178948403
1221.38,12.077844619750977,-0.017248740419745445,-2.4495770521018914,0.0004599600681527511,-0.0002037705736828659,0.01069414960461184,-0.0064318136038951906,-0.2099926854564665,0.19087931871414188,-0.06736654102802277,0,-0.2,True,0.05550264308491414,0.41783530403448427
1221.4,12.077549934387207,-0.017392093315720558,-2.4538726842837053,0.0003329342145191801,-0.0007031438629667393,0.009860249096809444,-0.0043920971157926925,-0.2055576328529731,0.1342714434862137,-0.1519914418458939,0,-0.2,True,-0.024297548182560053,0.32240095650325107
1221.42,12.07713794708252,-0.017121359705924988,-2.457792538813717,-0.0006309855414240023,-0.0007817737534262923,0.008291806476382035,-0.007185879910214729,-0.19631605867842608,0.1361272644996643,-0.15450748324394228,0,-0.2,True,-0.027824917790043847,0.14662073120392574
1221.44,12.077096939086914,-0.01720704510807991,-2.461854121486185,-0.000248023544574243,-0.0003494525050712581,0.006015722828783211,-0.008335424713475146,-0.19502070342075045,0.12619080126285553,-0.10337008118629457,0,-0.2,True,-0.048434865174051725,0.08256747287174128
1221.46,12.076967239379883,-0.017222177237272263,-2.465282336796151,-0.00010342530937672608,-0.0003157720371264888,0.008468156181410356,-0.003942387248349875,-0.1982630269601631,0.07853097796440126,-0.0636395375430584,0,-0.2,True,-0.056544064888184094,-0.1658069849186607
1221.48,12.076756477355957,-0.017175985500216484,-2.469474340557351,-0.00011360462691767152,-1.3864452576328649e-05,0.00598545988288883,-0.007143368519030551,-0.1989522350232398,0.11598304927349092,-0.12276463389396669,0,-0.2,True,-0.0306751490340194,-0.21739717434595507
1221.5,12.076412200927734,-0.01729942113161087,-2.473653580970516,-0.00014950451371952375,-0.0006936558832872033,0.0037682812853314213,-0.008349779183099464,-0.20958061747190687,0.12549325525760652,-0.1282916170358658,0,-0.2,True,-0.1254585012704727,-0.2142021936936139
1221.52,12.076366424560547,-0.017058013007044792,-2.4777703002880296,-0.00025580243038397354,0.0002801620764192331,0.0035617109060638906,-0.007326504786213536,-0.21241247736841104,0.1551755726337433,-0.12025297343730927,0,-0.2,True,-0.09602382044364403,-0.234720061328141
1221.54,12.076316833496094,-0.016884461045265198,-2.4820487861938885,-0.00029693099447867,0.0009537406851038726,-0.0015685239202183317,-0.00715893811662902,-0.21539920245563662,0.1426390290260315,-0.1320424622297287,0,-0.2,True,-0.024861963561568112,-0.11804335645988083
1221.56,12.076170921325684,-0.016889890655875206,-2.4864673387468086,-9.810579288881875e-05,0.0006077571426106385,-0.0016964457525957056,-0.0034797926410846084,-0.217729839929474,0.08225814521312715,-0.1738047915697098,0,-0.2,True,-0.017742596720011012,-0.11605129578342735
1221.58,12.076160430908203,-0.016769930720329285,-2.490885517166951,-1.7502304745238362e-05,0.0007376021835636797,0.0017793242004077812,0.0002707916326839063,-0.21902408598868875,0.13327034413814545,-0.1477638626098633,0,-0.2,True,0.07497526448577038,-0.05140914150318392
1221.6,12.07630443572998,-0.016754576936364174,-2.4951886874823717,0.00012039765480932632,0.000872468526368855,0.0021423031684643006,0.002502737516170735,-0.22169658103107678,0.11401596069335938,-0.14721735477447512,0,-0.2,True,0.10098040945710197,0.07071525873505599
1221.62,12.076216697692871,-0.01698792353272438,-2.4995707130729676,0.00038619873321461893,-6.841635459173949e-05,0.004429497238637844,0.0013056925100258258,-0.2195119337758876,0.17423900961875918,-0.13305400490760805,0,-0.2,True,0.040009280284122616,0.15139812911629164
1221.64,12.076154708862305,-0.017152944579720497,-2.504203065229329,0.0004988002962424504,-0.0007089080803390753,0.006381987003988066,-0.0008965641215158055,-0.2120726192306586,0.15276472806930544,-0.12456036090850832,0,-0.2,True,-0.02520034611367827,0.2272188468061779
1221.66,12.075939178466797,-0.017065783962607384,-2.508446471869056,-0.00015955010225491748,-0.001128981352875306,0.004980066623143776,-0.0027242552955055377,-0.206912235659362,0.1434514433145523,-0.1302026879787445,0,-0.2,True,-0.07919154902232191,0.21444817893355778
1221.68,12.075851440429688,-0.017000768333673477,-2.512154497020857,-0.00025326120276087494,-0.000691798113683386,0.0001262754793661426,-0.004524582713812063,-0.20351907328654742,0.1388047915697098,-0.12969282984733582,0,-0.2,True,-0.10321404211407732,0.03340043461650488
1221.7,12.075766563415527,-0.017047956585884094,-2.5161236919257486,-0.00028365775111796485,-0.0009673665050151854,-0.0019058266831601528,-0.007383047769915434,-0.20235607946116982,0.0763504332304001,-0.1615317761898041,0,-0.2,True,-0.11436228764685862,-0.10262784371804988
1221.72,12.075933456420898,-0.0168662928044796,-2.520484591092238,-4.942118121626677e-05,4.370161757664602e-06,-0.0018751363651306101,-0.006840325981716973,-0.20940058446134063,0.11769575536251069,-0.12889669179916383,0,-0.2,True,-0.022786159788042153,-0.09621920802425363
1221.74,12.075716972351074,-0.016497690230607986,-2.524634958225935,-0.0005374587626753789,0.000285615727207377,-0.004168916388596593,-0.010410305947303976,-0.21512246315679853,0.12466239094734193,-0.13254553198814392,0,-0.2,True,0.0649110129545434,-0.1411526532514376
1221.76,12.075654983520508,-0.01646844856441021,-2.528906543777749,8.387076336228946e-05,0.0006450939903413459,-0.0016966173036755718,-0.010042159551344961,-0.2112166099284807,0.1428606337308884,-0.095555157661438,0,-0.2,True,0.05120212652107614,-0.04388286855319322
1221.78,12.075556755065918,-0.016175713390111923,-2.533333488978277,-0.00011722807156776236,0.0010518107546434554,0.003287054353198597,-0.00358222936849448,-0.21364829172127456,0.13409210443496705,-0.15910094618797305,0,-0.2,True,0.1627541319726513,0.02065397020290937
1221.8,12.075582504272461,-0.016130995005369186,-2.537381919886501,-7.346610567298427e-05,0.0011519931313693135,0.002221033756551756,-0.0012311562817202241,-0.2129112139455929,0.12893421769142152,-0.15928648948669435,0,-0.2,True,0.1345911886666666,-0.10787371964195637
1221.82,12.075337409973145,-0.016412779688835144,-2.5417268215636213,0.00019754392497703808,-3.33130724275177e-05,0.008851414169203667,0.004474089196689393,-0.21347014554056729,0.12893421769142152,-0.15928648948669435,0,-0.2,True,0.021512601880778148,-0.018452794988433944
1221.84,12.07545280456543,-0.016488337889313698,-2.545939440893381,0.0003543963004248293,0.00031829278860560163,0.009070677789647964,0.0036304083827983593,-0.21984650749982937,0.16592402875423434,-0.06415986716747285,0,-0.2,True,0.09403255418881712,-0.11074983143065517
1221.86,12.075174331665039,-0.016870902851223946,-2.5504111006215067,0.0006008001623171536,-0.0009743589276562685,0.005008062503659283,-0.002634952179526191,-0.21512451532034793,0.12133724808692933,-0.10844656586647035,0,-0.2,True,-0.016487570494105288,-0.06486728651750652
1221.88,12.07514476776123,-0.01677853800356388,-2.5549696404865214,0.0002746234060181474,-0.00048575165575255017,0.009743638091671664,-0.005174818397148969,-0.22177120046006243,0.1426454210281372,-0.1880180299282074,0,-0.2,True,0.02309384049345827,-0.004251546063087127
1221.9,12.0748872756958,-0.016461055725812912,-2.5589367827892824,-0.0004347577443231219,-0.0002525970664191155,0.007532408529672695,-0.011750798726120094,-0.21865952846197784,0.1247162973880768,-0.08399544298648835,0,-0.2,True,0.059572957053119865,-0.08061022231525548
1221.92,12.07457447052002,-0.016575053334236145,-2.5636811369302204,-0.0003346380273378032,-0.0003402158087075353,0.010918185029128197,-0.013701074598472841,-0.220186631184877,0.07749397575855256,-0.1384466850757599,0,-0.2,True,-0.0447865791619784,0.06329775584728543
1221.94,12.074153900146484,-0.016417518258094788,-2.5679038628984987,-0.0008415113871776763,-0.0005493294231924509,0.009773899067918083,-0.008222820680334565,-0.22157333310558083,0.12671749889850617,-0.07293126285076142,0,-0.2,True,-0.06356488484814911,-0.027250067095493043
1221.96,12.073814392089844,-0.016337597742676735,-2.5725845709812956,-0.0009766976269390746,-0.0004753418071977593,0.00616071175871665,-0.013665143147592023,-0.2167073799922842,0.11170399188995363,-0.14631098389625552,0,-0.2,True,-0.1346646735602109,0.08085687323224898
1221.98,12.073873519897461,-0.01633291505277157,-2.5766626494377127,-0.00020678131081977016,0.0004007213014081201,0.002447217741825391,-0.008675522527637976,-0.2208395338296153,0.19776538252830508,-0.09490904808044434,0,-0.2,True,-0.10103767316886218,0.06770173575134981
1222.0,12.073570251464844,-0.0159196425229311,-2.5810177273295873,-0.0005034782212988573,0.0006077099965884482,0.0001450111443211232,-0.005621019116990381,-0.21371808132630296,0.07085857689380647,-0.13887902557849885,0,-0.2,True,-0.0248921351530861,-0.0022955780181653567
1222.02,12.073616981506348,-0.015936123207211494,-2.585571025604852,0.00014325951274199312,0.0009598467311423987,0.0016908852144164603,-0.006719778807480333,-0.21615719424547777,0.13436066865921023,-0.10799442350864412,0,-0.2,True,0.046708255760566385,0.07539718121639173
1222.04,12.073565483093262,-0.015962908044457436,-2.5896820174873842,0.0004566347623207013,0.0011199175760519553,0.0041693409464715735,0.00222406194584846,-0.21689102623373727,0.12641008615493776,-0.13917052507400515,0,-0.2,True,0.0887055127928827,-0.05705076226932683
1222.06,12.073474884033203,-0.01594771072268486,-2.593955224977335,0.0001977612986261134,0.0006087251676596975,0.006183878202667303,0.0021035972833956876,-0.21480775933230944,0.11160566687583924,-0.1251251268386841,0,-0.2,True,0.10724400079308403,0.0002672585628977003
1222.08,12.073379516601562,-0.01624603383243084,-2.5983690094282705,0.0005754384672662491,-0.0006038353505385366,0.007241452167745285,-0.0005071041926395592,-0.21828214230784496,0.06996448516845703,-0.08673449933528901,0,-0.2,True,0.09842307715309646,0.04665600462912058
1222.1,12.073282241821289,-0.016337381675839424,-2.602755646351421,0.0005567539031846397,-0.0007147323946778548,0.01027040527785538,0.0017532394708372253,-0.21613581356044598,0.14582263827323916,-0.1570254397392273,0,-0.2,True,0.10982360930760722,0.03917078924364763
1222.12,12.07304859161377,-0.01622762717306614,-2.607144588871996,-0.0001411375521088639,-0.0006209195116400924,0.012043187118712129,-0.00544421782344547,-0.21315854586341101,0.16146852374076845,-0.1617776679992676,0,-0.2,True,0.0687618578795302,0.028118944011778835
1222.14,12.07284164428711,-0.016489706933498383,-2.6112460900622043,9.78888577516543e-05,-0.0005217689202611164,0.014969766947292861,-0.007252630318759444,-0.21167409619281158,0.1597436845302582,-0.12507750809192658,0,-0.2,True,0.04794736764680373,-0.06657008250058402
1222.16,12.072328567504883,-0.016361983492970467,-2.6154216930973764,-0.0006654010232571883,-0.0006735234394858859,0.012742400798118333,-0.005285444253050655,-0.2160326267868983,0.08926367521286012,-0.13560670018196108,0,-0.2,True,-0.05637859370330818,-0.1115113547401829
1222.18,12.071955680847168,-0.01644264906644821,-2.6196895740468786,-0.0007583812892395281,-0.0006661780732627896,0.014106194689607091,-0.008517946761446592,-0.221461420160503,0.1391067761182785,-0.18271080732345582,0,-0.2,True,-0.1701431866318057,-0.15724555302080245
1222.2,12.071954727172852,-0.016373950988054276,-2.6244271990149812,-0.0005525013224254156,0.0005870805855642806,0.007532899622438758,-0.004960422071631573,-0.2220794542426429,0.14456135690212252,-0.0892805564403534,0,-0.2,True,-0.11141602812557695,-0.020477677585155923
1222.22,12.071523666381836,-0.016461579129099846,-2.6289630036750284,-0.00041114808836104956,-0.00011217485982918173,0.001358312016760786,-0.004051732531270982,-0.22425374043446433,0.0963010734319687,-0.09489199995994568,0,-0.2,True,-0.16894361635454616,0.1047961173935955
1222.24,12.071608543395996,-0.016314998269081116,-2.6331880494367716,-0.00017688939003056834,0.0006853150610477606,0.003829118548080284,-0.00248359446694704,-0.21767084099370929,0.1752655351161957,-0.13849036097526551,0,-0.2,True,-0.04715673525671046,0.1736709307803252
1222.26,12.071702003479004,-0.016213472932577133,-2.6376298732816195,0.00011781987243815821,0.0010688864220754185,0.0005907053812556906,-3.9708857944779056e-05,-0.21307773076902298,0.12083474576473237,-0.13933868646621705,0,-0.2,True,0.05408940295081815,0.2265661020150973
1222.28,12.071590423583984,-0.016349509358406067,-2.641840866294462,0.0005762634233288242,0.00023381139662549764,0.0037603608019053524,0.0011906772758793667,-0.2081857797802295,0.12700152575969698,-0.13274351716041566,0,-0.2,True,0.05005459302255035,0.12678870011372848
1222.3,12.071480751037598,-0.016481617465615273,-2.6460092221365348,0.0008196109331434934,-0.0005296589112867996,0.0056854642528223025,-0.0015403648365570875,-0.20612845227327303,0.13664303898811342,-0.12767559826374056,0,-0.2,True,0.10766112150502032,0.021040192349621303
1222.32,12.071390151977539,-0.016542762517929077,-2.649842911819175,0.0008081005918324934,-0.0004855565629702698,0.00783348598988067,-0.0039068234673316354,-0.20752774498462023,0.13199807286262513,-0.11539581537246706,0,-0.2,True,0.10485822745587978,-0.2729630658536696
1222.34,12.071243286132812,-0.016321364790201187,-2.6541201494634663,0.00019187230664807582,-8.351513930850264e-06,0.009203595101649482,-0.0041961883384221445,-0.2113945153810548,0.18469234466552736,-0.1289427626132965,0,-0.2,True,0.0855752616663493,-0.37712356115052514
1222.36,12.070890426635742,-0.0163698960095644,-2.6584430858932167,-0.000162061292790323,-0.0004172197730518665,0.012149018998368104,-0.00845552838937609,-0.23002282504850322,0.16558277010917666,-0.12221849322319032,0,-0.2,True,0.034459087578230865,-0.452027293065577
1222.38,12.070672988891602,-0.01652989722788334,-2.662920783367052,2.6678825138635574e-05,-0.0003316565519813421,0.012531485186143478,-0.005640350889098486,-0.23629833716537335,0.14702341675758362,-0.1365093618631363,0,-0.2,True,-0.011191117058251775,-0.41921413463979024
1222.4,12.070215225219727,-0.01639527454972267,-2.6682447378230907,-0.0006824804361865013,-0.0008014396862686937,0.010590212996144467,-0.006990072432259532,-0.24368992842993628,0.13761935472488404,-0.0812595158815384,0,-0.2,True,-0.10838894218705954,0.0031004258334426968
1222.42,12.070145606994629,-0.0163826122879982,-2.6730240164367327,-0.0006177550827913326,0.00015302784898024981,0.00830830573698761,-0.0055741359658821946,-0.24493164615230284,0.14667633771896363,-0.22879717588424686,0,-0.2,True,-0.10662538602821477,0.17204869638003975
1222.44,12.069881439208984,-0.016258396208286285,-2.6779382801676492,-0.000982686304543684,0.00038885115950918343,0.003477903623386582,0.00039840048608314155,-0.22977479098182732,0.1431331115961075,-0.1761989384889603,0,-0.2,True,-0.0799841779225906,0.3607452538125426
1222.46,12.069878578186035,-0.016432199627161026,-2.6825153150592183,-0.0004107423323508067,0.0005791196135542943,0.004001454303894053,0.0028223625293942465,-0.2225344414549827,0.1431331115961075,-0.1761989384889603,0,-0.2,True,-0.05472059779629386,0.4873717261190946
1222.48,12.06998062133789,-0.016548212617635727,-2.68662672110162,5.124880016494823e-05,0.0007138869016887659,0.004191478762343038,0.006967567156694859,-0.21483030812495912,0.08314473927021028,-0.12613531768321992,0,-0.2,True,0.05202799711858726,0.26554343930964847
1222.5,12.069958686828613,-0.016726873815059662,-2.690826771753115,0.000536061187701562,0.00026949284680256034,0.003930657913288083,0.004536610794194472,-0.20594190806281074,0.15163171648979187,-0.1856919836997986,0,-0.2,True,0.05226467238722274,0.16017402859011573
1222.52,12.069825172424316,-0.01690644957125187,-2.6951247048176303,0.000905869084419057,-0.0001974905216218992,0.007640143392869777,0.0017415284558063306,-0.20853131583707477,0.1284397429227829,-0.1833528280258179,0,-0.2,True,0.03643899308259678,0.043513270506163555
1222.54,12.069753646850586,-0.016895869746804237,-2.698990667704228,0.0008223156624341201,-0.00012699886091334424,0.008182628094868069,-0.001245096631575104,-0.20972051916778509,0.13077316164970398,-0.07021157026290895,0,-0.2,True,0.06090856498114046,-0.15030773890797497
1222.56,12.069489479064941,-0.01693778857588768,-2.703309226368571,0.00043511022172797506,-0.00047943529064976007,0.007106598208948129,-0.0014101674106635027,-0.2113492464844692,0.09022703379392624,-0.13347330272197724,0,-0.2,True,0.013285409917410795,-0.13421410332602565
1222.58,12.069324493408203,-0.01691722869873047,-2.7076044132865227,-0.00010303577290222706,-0.000524728258819259,0.008803343111774888,-0.001587083434929314,-0.2179665271754378,0.12946969389915466,-0.14485518455505372,0,-0.2,True,-0.03097190349126462,-0.19625002457513815
1222.6,12.069262504577637,-0.017045574262738228,-2.7120326445363725,-8.972498879164413e-05,-0.0002567218248020726,0.008702976186261674,-0.0038432428066864726,-0.21926844410314705,0.13098275005817414,-0.13855203211307526,0,-0.2,True,-0.04321628922435285,-0.14991575799028486
1222.62,12.069061279296875,-0.01707681268453598,-2.7164279898782473,-0.00036934322074898144,-0.000235887050688096,0.005704875815569153,-0.003613990953671528,-0.22542052113378186,0.14356110453605653,-0.13351013600826264,0,-0.2,True,-0.09547153424318679,-0.06252785264517768
1222.64,12.06872844696045,-0.01694822497665882,-2.7208507018968566,-0.0009682660469848868,-0.0006462105584515562,0.0036492950709932194,-0.002555970345218223,-0.22334250712371517,0.14010376155376436,-0.09971823275089264,0,-0.2,True,-0.14046309353891046,-0.04578729875585814
1222.66,12.0687894821167,-0.01684209704399109,-2.72563805497726,-0.0009012431925592572,0.0001938505585051111,0.001165620372305183,-0.000960552979737803,-0.22296875538706168,0.1427047473192215,-0.0901350861787796,0,-0.2,True,-0.07122965862997066,0.10709292736679804
1222.68,12.068912506103516,-0.016978170722723007,-2.7299000451063042,-0.0004606490368249035,0.0007959735228960862,-0.0025340712968728815,0.0031931741650249356,-0.22293142800362278,0.14375243902206422,-0.14136617362499238,0,-0.2,True,-0.02135636777245794,0.17102396460335703
1222.7,12.068944931030273,-0.017044199630618095,-2.7342654903092467,-0.00012099141882579785,0.0005548157693457272,6.50312516048716e-06,0.005040345737705694,-0.21685308694442146,0.16313204646110535,-0.14423161387443545,0,-0.2,True,0.016206890883515887,0.27295656473899593
1222.72,12.069016456604004,-0.017101211473345757,-2.7386852161371302,0.00028820812045903703,0.0004917991471933333,0.0019407856491981382,0.004948675674654708,-0.20966058995545905,0.10957829236984254,-0.16947074294090272,0,-0.2,True,0.10290441368761988,0.3236910890596837
1222.74,12.068948745727539,-0.01721253991127014,-2.742986301932798,0.0005092921384661463,-8.542613447244341e-05,0.002462171642985275,0.00658340788231145,-0.20113223020796187,0.10807071030139924,-0.13271635532379153,0,-0.2,True,0.07509919596184894,0.31225204489616826
1222.76,12.068924903869629,-0.017403241246938705,-2.7466728923027257,0.0009860132954910257,-0.00012054779295850429,0.005698281798129222,0.002330467683811578,-0.19703614087887164,0.13180467307567598,-0.12519534289836884,0,-0.2,True,0.08610540688194472,0.1508624442752399
1222.78,12.068967819213867,-0.017606034874916077,-2.750356068725869,0.0011990013633017902,0.00017631342914038815,0.0060144388021029374,0.0005753542813783903,-0.19187292335275072,0.20036325573921204,-0.07054398357868195,0,-0.2,True,0.11156078255927891,-0.12474838522550312
1222.8,12.0686674118042,-0.017448684200644493,-2.7544481074074256,0.00030131883813900293,-3.405172069199972e-05,0.008829218199747451,-0.001962885301429504,-0.19759159441345084,0.12200217485427857,-0.10518976986408235,0,-0.2,True,0.04819998456752772,-0.2976069221970007
1222.82,12.068521499633789,-0.01743857003748417,-2.758336135801004,-6.0200302170749664e-05,7.33570268355899e-05,0.01138703424771947,-0.006537921354016689,-0.21111210102599304,0.1264766764640808,-0.14341389238834382,0,-0.2,True,0.0734515069258165,-0.48739934197291984
1222.84,12.068211555480957,-0.017524506896734238,-2.7624802198557874,-0.00031636484913022286,-9.197011908924734e-05,0.009554280563527933,-0.007132615450257892,-0.22084469465461004,0.12917602479457857,-0.15685959815979006,0,-0.2,True,0.0006265968065071804,-0.4365565947003429
1222.86,12.067927360534668,-0.017461594194173813,-2.767245036807933,-0.0008053114062546889,-9.758095078478354e-05,0.011890559356162914,-0.005301673239922383,-0.23086487071054884,0.16352338969707492,-0.13224842905998233,0,-0.2,True,-0.07937217799838892,-0.24871876928283052
1222.88,12.06774616241455,-0.01720147207379341,-2.7721156829798286,-0.0013684438992311468,0.0003766542959661902,0.008879345944268122,-0.0034796768434830175,-0.23251612198954577,0.15288659334182741,-0.159173778295517,0,-0.2,True,-0.08970360147675478,-0.08518354064345045
1222.9,12.06748104095459,-0.017391646280884743,-2.7768053254578837,-0.0010524885436090873,-0.00017785759511337672,0.005037260007836085,0.0021302809736358573,-0.23100960256865793,0.08231926560401917,-0.07481277287006378,0,-0.2,True,-0.17996295117206704,0.05778969372024666
1222.92,12.067448616027832,-0.017521444708108902,-2.781081509614987,-0.0007877282765598171,-0.00035884971933490827,0.0023779924453736804,0.005969957458565657,-0.22765937790609925,0.14284897625446322,-0.1661974620819092,0,-0.2,True,-0.1422261289715535,0.09293102917406953
1222.94,12.067611694335938,-0.017764566466212273,-2.7857258050134615,0.00025040745507595626,1.5471319632695147e-05,-0.002506476737630275,0.0048557611520717685,-0.22624169521292017,0.15743466138839723,-0.18274435281753543,0,-0.2,True,-0.08036476833954945,0.12618873195799551
1222.96,12.067736625671387,-0.01771547459065914,-2.7903284332123,0.0007707006469663589,-8.915386358918058e-06,-0.0024987443734458092,0.0016695299454790994,-0.22508163965562697,0.12251820385456086,-0.17441480636596682,0,-0.2,True,-0.020509259333486435,0.09386534223855966
1222.98,12.067804336547852,-0.01768590696156025,-2.794904661074901,0.001126997693338854,-6.169473685960255e-05,-0.001391921459322023,-0.004519344710712254,-0.22091450401202747,0.15319257497787478,-0.14855279922485354,0,-0.2,True,0.056992201618251546,0.07560047442463226
1223.0,12.067682266235352,-0.017578069120645523,-2.799088040787421,0.001207963839488621,-0.0004110320985499859,0.0007372516986962579,-0.008651822480472266,-0.2201501505270213,0.1328361636400223,-0.15518020808696747,0,-0.2,True,0.07146058128954247,-0.03368176146801339
1223.02,12.067593574523926,-0.017386693507432938,-2.8033989653344076,0.0008193746142931595,-0.00032934753707688526,0.0020528993918257016,-0.0070618296401387904,-0.2201936572589551,0.12354782521724703,-0.1269077026844025,0,-0.2,True,0.060449822637490144,-0.09154991196874684
1223.04,12.067448616027832,-0.017083339393138885,-2.8079404452544456,-0.00034103869968680464,-0.0005704215450450745,0.003218102129712389,-0.006950015396594461,-0.2277761805730656,0.16799264669418337,-0.18183753132820132,0,-0.2,True,0.017916321640647676,-0.05075748420244957
1223.06,12.067461967468262,-0.017207451164722443,-2.8125201536556013,-0.0005151546002160223,-0.00022023153519680323,0.00344406435167279,-0.003268022337122623,-0.22823849696952056,0.13417062759399415,-0.1638445293903351,0,-0.2,True,-0.016365970893543174,-0.009491463832606323
1223.08,12.067256927490234,-0.017137043178081512,-2.8173101352332495,-0.0010468851958377674,-0.00012831494256753287,0.0021705574299467683,0.002266848021811903,-0.22421074926321358,0.143556364774704,-0.16773358702659608,0,-0.2,True,-0.06061271613499887,0.09010454055840389
1223.1,12.067248344421387,-0.017228320240974426,-2.8216580450919526,-0.00090088083921143,9.367857962170947e-05,0.0007436217203434384,0.005049327346911715,-0.2209529743655629,0.09511122643947602,-0.12945174455642702,0,-0.2,True,-0.11389463228192752,0.041168202001532164
1223.12,12.067341804504395,-0.01731056347489357,-2.8258773051954864,-0.0006439691068695093,0.0002744371175494938,-0.00163091516108311,0.007868702180714896,-0.22056781732839983,0.12571238160133363,-0.13113165199756624,0,-0.2,True,-0.08677870924375176,-0.016979197935366806
1223.14,12.067532539367676,-0.01760960929095745,-2.8301963916048805,0.0002809845479741883,0.0004429382490666186,-0.005667506230899021,0.007059452331653055,-0.22494504080939162,0.0885439282655716,-0.12985961019992828,0,-0.2,True,-0.020385228879496346,-0.0857311893495598
1223.16,12.06757640838623,-0.01769491471350193,-2.8349555606195556,0.0005266571851550802,0.00018201417792239213,-0.00477173930956679,0.009059107127376006,-0.22556908509804555,0.11931974530220033,-0.1408403104543686,0,-0.2,True,0.009587293689476733,-0.06089132582987246
1223.18,12.067852973937988,-0.01762699894607067,-2.8396536483567387,0.0005085461793271222,0.0005294475125600652,-0.000887196590019421,0.002162458808271357,-0.22781146951354095,0.1328049296140671,-0.1841461706161499,0,-0.2,True,0.14278243009551908,0.0873041750237918
1223.2,12.067924499511719,-0.01788625679910183,-2.843922832003365,0.0012415675096952414,0.0001590396467904869,-0.0008639316659234892,-0.0015560850482409683,-0.22543912339479905,0.11812694013118745,-0.15988745868206025,0,-0.2,True,0.15250076028532922,0.10300096325384436
1223.22,12.067651748657227,-0.01775367371737957,-2.848421309165947,0.0008780565466376218,-0.0005339415538773042,0.005755088176732117,-0.0006941206248533811,-0.21796070680749463,0.16909333527088166,-0.10982758462429047,0,-0.2,True,0.06921822455199671,0.16000955428184507
1223.24,12.067605972290039,-0.017555631697177887,-2.852990690491123,0.00027423743684101544,-0.00035941140189255934,0.007428321513248451,-0.01020474211687584,-0.2173290080377455,0.1241333442926407,-0.14747201263904572,0,-0.2,True,0.07230830265791757,0.14851081641293384
1223.26,12.06739616394043,-0.017706891521811485,-2.8570905049013224,0.00011672994283147241,-0.0005719569267672246,0.004650261374135279,-0.006650590485279925,-0.21501070517100498,0.13097775995731356,-0.05995855689048768,0,-0.2,True,-0.025364503420489678,0.06389208320465248
1223.28,12.067122459411621,-0.01727277599275112,-2.8613091526463688,-0.0011549575906869378,-0.0008243944322900778,0.004920732546704655,-0.00790023773327023,-0.21355825808177514,0.17724922537803653,-0.08363797068595887,0,-0.2,True,-0.0742784937145185,0.031002816361009555
1223.3,12.067145347595215,-0.017347432672977448,-2.865622165579612,-0.0007764029195660165,-0.00030994479155077364,0.003725927903094788,-0.011080600880110888,-0.21284934015112708,0.12200708150863648,-0.14596845269203187,0,-0.2,True,-0.10342812647813099,0.08699820233311342
1223.32,12.067052841186523,-0.01705717295408249,-2.8700753511376496,-0.0010087709263732444,0.00029231069578545236,0.0014860420160923745,-0.007641164213656317,-0.21484878272886698,0.12200708150863648,-0.14596845269203187,0,-0.2,True,-0.13877121684896773,0.10611674601977537
1223.34,12.06686782836914,-0.016935205087065697,-2.874118452113397,-0.0006488255429094776,0.0001779800487412277,-0.003623988744107674,-0.011329883421048449,-0.20805084898436224,0.12927904367446902,-0.08269161224365235,0,-0.2,True,-0.1888726429938765,0.05587507650776013
1223.36,12.06684398651123,-0.01671576127409935,-2.8784970552646625,-0.000613660299936736,6.591487275016658e-05,-0.006180964801202667,-0.005209639183352876,-0.20506891840020083,0.13013948142528536,-0.06694652557373047,0,-0.2,True,-0.13998487232279774,0.14188703407470152
1223.38,12.067185401916504,-0.016396647319197655,-2.882266233498393,-0.00032415528052217495,0.0006530858466061852,-0.011383883536444532,-0.005021584431362407,-0.20837933403049763,0.08033875048160553,-0.15319000482559206,0,-0.2,True,-0.01663062622976663,0.049773539680923996
1223.4,12.067421913146973,-0.01652614399790764,-2.8864808646096973,0.0003680876712048805,0.0008010174015837468,-0.009712747769753088,-0.001577525521553993,-0.20349782000286892,0.03910730361938477,-0.18208729505538943,0,-0.2,True,0.015217095677794617,-0.016972722321674672
1223.42,12.067645072937012,-0.016313377767801285,-2.890788798835869,0.0001862607468897702,0.000821872275005773,-0.004954438842491576,0.00040321633908341117,-0.20406896580988063,0.15781602025032046,-0.09705631017684938,0,-0.2,True,0.13861709908841202,0.04750979523588888
1223.44,12.067564010620117,-0.016397560015320778,-2.8947768808649235,0.00030950888060982785,-0.00016728204889425845,-0.004963597146976745,-0.00072010999796696,-0.20642673618593743,0.09947796106338502,-0.15368530154228213,0,-0.2,True,0.06535886339713055,0.009316134603896416
1223.46,12.067577362060547,-0.016329526901245117,-2.8985917507631687,0.0001807095543330904,-0.000700705986964435,-0.00029451560938165627,-0.0013862167330166467,-0.20457855041162998,0.1371202862262726,-0.12235863745212557,0,-0.2,True,-0.0026561056569349042,-0.09860512695654289
1223.48,12.067792892456055,-0.01637326553463936,-2.9029950035045573,0.0004834807617630092,-0.0003875176713388053,-0.0044840386979874,-0.006632430203399184,-0.2027525292345579,0.0737234789133072,-0.12973830819129945,0,-0.2,True,0.034183093050818215,-0.08602817169004306
1223.5,12.067641258239746,-0.016200069338083267,-2.9071550828687847,0.0003037558818086607,-0.0007809502834922597,-0.005166927295046175,-0.005982468697317212,-0.21195737596639688,0.08964639216661455,-0.1327532470226288,0,-0.2,True,-0.04186277415451681,-0.18872885978078344
1223.52,12.067787170410156,-0.015797216445207596,-2.9109970832036733,-0.00016513657048702155,-0.0004169039515287676,-0.002228949702913775,-0.010537262383590384,-0.21330898992113462,0.07419001996517183,-0.16881152391433718,0,-0.2,True,0.038587900024422486,-0.24403593486810307
1223.54,12.06786823272705,-0.015768000856041908,-2.915548340840465,0.00014759705743456672,-0.00030946497497241613,-0.0036435375417399546,-0.010843453855725924,-0.21967685919407892,0.157321457862854,-0.16623260140419008,0,-0.2,True,0.06463448561745144,-0.04974761373360192
1223.56,12.067773818969727,-0.01551184244453907,-2.9200597226982326,-0.00042893399894449705,-0.00032013157360363424,-0.0013970066960364085,-0.006745128047878251,-0.22227540402398838,0.17994446396827699,-0.13606142103672028,0,-0.2,True,-0.013013331789013777,0.017164725769553205
1223.58,12.067730903625488,-0.01528933271765709,-2.924729231604295,-0.000824713103900237,-0.00013457479916994112,3.831554345237829e-06,-0.00458105869202088,-0.21593718506508142,0.13788513600826266,-0.14591428756713867,0,-0.2,True,-0.03400112114762174,0.1644386916098452
1223.6,12.067777633666992,-0.015246236696839333,-2.9287791155255762,-0.0008169523868117823,9.302502876738515e-05,-0.0032700162460339304,0.0004447214095273257,-0.2119358118595716,0.14843283236026766,-0.17580551743507386,0,-0.2,True,-0.054939513763981256,0.11586303729628161
1223.62,12.067789077758789,-0.015410166233778,-2.932823315645656,-0.0006282800241484963,-0.0005274999334312965,-0.00636362723354722,0.005336003229120911,-0.20652176386530327,0.16562045454978944,-0.09095159769058228,0,-0.2,True,-0.09099230116812278,0.0307197097976115
1223.64,12.068037033081055,-0.015491364523768425,-2.937014587647031,-0.0002016670985027284,-0.00020910977732519016,-0.005792167797163403,0.005061083490517869,-0.21300636104026793,0.08599679470062256,-0.12557339727878572,0,-0.2,True,0.0065154084939838585,-0.06721834273661928
1223.66,12.068317413330078,-0.01560143195092678,-2.941250972713551,0.0003021029470778826,0.0002260384696280756,-0.007275552539118653,0.007121832355804593,-0.21347960828126775,0.0937844228744507,-0.14188448071479798,0,-0.2,True,0.09469746534139377,-0.1474978153967859
1223.68,12.068313598632812,-0.015548544004559517,-2.9458196244088306,0.00021747238824924362,-0.00027680322811277785,-0.0027487835665142143,0.0043400146672909505,-0.21731327927851155,0.09800108313560486,-0.1401329678297043,0,-0.2,True,0.11782521509586391,-0.0459892571829707
1223.7,12.068472862243652,-0.015852687880396843,-2.94990168430819,0.0009146483447562945,-0.0002391107636294547,0.0012121699937789226,0.0009274043080180854,-0.21832158909706895,0.16956690669059754,-0.1450737726688385,0,-0.2,True,0.1839127613066897,-0.16804221930404786
1223.72,12.068320274353027,-0.015789156779646873,-2.954399649989296,0.0006791108645151418,-0.0004930076826369309,0.0036338494104971365,-0.0013769373621975918,-0.21668550161490224,0.08034196317195894,-0.1695961755514145,0,-0.2,True,0.11535684017018154,-0.14456144024266243
1223.74,12.068236351013184,-0.01569274067878723,-2.958716699841301,0.00025317861859777815,-0.00010515837781389416,0.007437468365403143,-0.004818209719480083,-0.22692298582557935,0.14171558499336245,-0.12572184443473816,0,-0.2,True,0.09436540754493279,0.0010129354614826973
1223.76,12.068007469177246,-0.01549441460520029,-2.963154464538007,-0.00041057955424037826,4.999978083485642e-05,0.006479763647091916,-0.0030269409971928865,-0.22887819449791402,0.1826681411266327,-0.18103722095489505,0,-0.2,True,0.0631801851170163,0.10393494133937671
1223.78,12.067817687988281,-0.015581863932311535,-2.96805552317422,-0.000619701977530074,0.00010053213430579213,0.00876140259736668,-0.00041970977649998615,-0.2182405542601504,0.16457391023635864,-0.1472951686382294,0,-0.2,True,-0.03352115719792585,0.3162009517249299
1223.8,12.067767143249512,-0.015642855316400528,-2.9727099055491126,-0.0008183256885740883,0.00015249796489920876,0.008688264219853843,0.004287730925914237,-0.20837070630775967,0.17348703980445865,-0.14552338659763336,0,-0.2,True,-0.008576649038416305,0.3909374693868445
1223.82,12.067540168762207,-0.015780692920088768,-2.976175944182097,-0.0010255686684241473,-0.00027589485466891095,0.0047557757895715135,0.00734800572026225,-0.20162690968760796,0.1407817852497101,-0.08044524908065796,0,-0.2,True,-0.08539382161167836,0.04165332767661907
1223.84,12.06737995147705,-0.01594937965273857,-2.9798241210426126,-0.00085513060654404,-0.0005915100203292574,0.005793631724019236,0.0061919653412820675,-0.1976031969469949,0.15076305508613588,-0.15911909580230715,0,-0.2,True,-0.10494995877683325,-0.19491339125477347
1223.86,12.06753921508789,-0.01622432842850685,-2.984185675949214,-7.462721265282465e-05,6.74382384135169e-05,0.0019298968684386248,0.0065316631831717,-0.2149082880460239,0.07250046610832216,-0.09248302459716798,0,-0.2,True,-0.01889195720767833,-0.2551586955987612
1223.88,12.067389488220215,-0.016206396743655205,-2.9885181613049028,6.7180919260048635e-06,-0.0002733378115106291,0.0002922675176909564,0.006038005067718276,-0.22396377760817168,0.10912681341171265,-0.21093802213668825,0,-0.2,True,-0.03864794002859681,-0.2025459765194747
1223.9,12.067469596862793,-0.0163209680467844,-2.993368607225812,0.00035952613891432973,-0.00019915321322780304,0.003244419212954326,0.005503296155969785,-0.2220396053355483,0.12457136750221254,-0.08496074795722962,0,-0.2,True,-0.0004983122272560249,0.12120872041867958
1223.92,12.06743049621582,-0.016430336982011795,-2.997741223251301,0.0006556886781231563,-0.00046138435734713144,0.0027017965217255155,0.008008125157202017,-0.2138068750685842,0.19338126182556153,-0.1363553321361542,0,-0.2,True,0.038787937766143386,0.19101480796918985
1223.94,12.067347526550293,-0.016698095947504044,-3.001948844376092,0.0009594824769143052,-0.0008809370682844576,0.0018900318902580658,0.002740975779266021,-0.2052115904125108,0.14207454681396486,-0.11551750540733338,0,-0.2,True,-0.0016882510922104352,0.14022102411713427
1223.96,12.067267417907715,-0.016871415078639984,-3.005622711310374,0.0008846582283483262,-0.001003586490063971,0.0033953025389796047,0.0024791268629437645,-0.2086825929706504,0.19313691794872287,-0.07261071145534516,0,-0.2,True,0.018803662137440492,-0.021527005920101715
1223.98,12.067350387573242,-0.016559157520532608,-3.009785534458798,-0.00014272742575465808,-0.00030029777856392247,0.003109359125577614,-0.00194384610616009,-0.21082192340618777,0.12909640431404115,-0.11252727925777437,0,-0.2,True,0.036549519250484275,-0.08691753722070977
1224.0,12.067188262939453,-0.016663655638694763,-3.014435830688938,-0.00048681945341939767,-0.0003380947520941974,0.004206089492719387,-0.0018815859319152542,-0.21552903554219077,0.16706455886363986,-0.11779373407363893,0,-0.2,True,-0.006470229029750137,0.020078109144695
1224.02,12.0670804977417,-0.016576629132032394,-3.018814598248572,-0.001208162620183823,-3.307546491442635e-05,0.004813993430294148,0.005430189651515325,-0.21216499339016126,0.14238503456115725,-0.12093708455562592,0,-0.2,True,-0.027270407118646794,0.0834738584696563
1224.04,12.066914558410645,-0.016764774918556213,-3.0228650341537335,-0.0010553837872898475,-0.00041791715596793124,0.0028776842166000644,0.0030895319864193255,-0.20707634423907625,0.12324480175971986,-0.1561458092927933,0,-0.2,True,-0.07802213185167346,0.09070053838394583
1224.06,12.067021369934082,-0.017037468031048775,-3.0267587339299955,-0.00040886208682465165,0.00021723708007356012,0.0009277265560878547,0.005962538428371965,-0.20414401472862134,0.03252106308937073,-0.12394049108028413,0,-0.2,True,-0.08804943713483983,-0.03815579660405855
1224.08,12.066988945007324,-0.016936346888542175,-3.031001938228049,-0.000670715119215588,-7.554027330178581e-05,-0.002035681055408814,0.0041345192941121605,-0.2082729924714817,0.1491811764240265,-0.15292671859264376,0,-0.2,True,-0.06315220219165471,-0.1798631669985366
1224.1,12.067061424255371,-0.017058994621038437,-3.0351461194268468,-0.0002562562920145749,1.0246252692262468e-05,-0.0022299615404866315,0.0019069849386344443,-0.21521745711848317,0.07972103357315065,-0.10188568472862244,0,-0.2,True,-0.022765579300485717,-0.27235290495879955
1224.12,12.067112922668457,-0.017075542360544205,-3.039526873551437,-1.8443804737755274e-05,0.0003546005000023446,-0.002174491958727718,0.004275127555042139,-0.2214653975989461,0.15812008261680605,-0.1306493353843689,0,-0.2,True,0.07048956976332232,-0.2510834934511386
1224.14,12.067214965820312,-0.01717020943760872,-3.0439761304995074,0.00023211973981254882,0.00021431203789378523,-0.0008935197879545227,0.0009054869444876276,-0.2259322471253674,0.07717810153961183,-0.08198231279850007,0,-0.2,True,0.1801974310036238,-0.10551780968180963
1224.16,12.0671968460083,-0.01725885272026062,-3.048719170035999,0.0004826516953787127,7.85617084962908e-05,0.0036034845256678713,0.005139014373319517,-0.22835967194761161,0.1740649485588074,-0.13608184039592744,0,-0.2,True,0.15851128589389582,0.023226846546325414
1224.18,12.067139625549316,-0.017124122008681297,-3.053220699196911,-0.00023520042948450126,-2.7355893140110177e-05,0.012185832939831132,0.005434268848559158,-0.22365888189304425,0.13266822755336763,-0.14320255994796754,0,-0.2,True,0.19848013179628946,0.09488409869847007
1224.2,12.066864013671875,-0.017511626705527306,-3.057795647307281,0.00010278177237616276,-0.0007443348007267578,0.010506410912808456,0.0024567205006581893,-0.21960724987523647,0.14621005535125733,-0.12732183516025544,0,-0.2,True,0.09140557616550975,0.20812213474389732
1224.22,12.066282272338867,-0.01768929325044155,-3.0618688410509347,-4.87019024620805e-06,-0.001690025111152874,0.014984890755734193,0.005093992589955133,-0.2183415192294967,0.15012803554534915,-0.0805314326286316,0,-0.2,True,-0.09714395413848019,0.10298252274774168
1224.24,12.066375732421875,-0.017525050789117813,-3.0662877500260017,-0.0007097735169970383,-0.0004948145387626448,0.010915930618902,-0.0022025631239918947,-0.21170990116811497,0.20392011284828188,-0.12932791829109194,0,-0.2,True,-0.03879212506557673,0.11803070632296957
1224.26,12.065977096557617,-0.01762581802904606,-3.070688020735255,-0.0001910366637750288,-0.0009595761788830116,0.0044143166087597845,-0.0038080091785495356,-0.2154202800732324,0.12387702167034151,-0.09033920884132386,0,-0.2,True,-0.1666767730630492,0.11326408486021577
1224.28,12.065979957580566,-0.017401620745658875,-3.074732439400715,-0.0002681872494898587,-0.0003972991860678926,0.007403040907565141,-0.00363557594272736,-0.2101647933694075,0.16951744794845583,-0.12696399569511416,0,-0.2,True,-0.1326781468580365,0.02163753125218351
1224.3,12.065908432006836,-0.017410436645150185,-3.0791024634567776,0.00017339526498612618,-0.000367898881762664,0.0016507489107023844,-0.009696289914390161,-0.2092803924406877,0.1258791869878769,-0.17575242042541506,0,-0.2,True,-0.0019075526128264672,0.12850599897872012
1224.32,12.065765380859375,-0.01727442257106304,-3.083100933495539,0.00033272882995285673,-0.0003420263690677291,0.00030167887026873283,-0.011569826289095827,-0.20997889866794187,0.12011258304119111,-0.14194680690765382,0,-0.2,True,-0.025574492747602953,-0.09556898615613198
1224.34,12.065796852111816,-0.0168598759919405,-3.0874304521304947,5.2837595351434814e-05,0.0002313003111560182,0.004261712399733806,-0.01608062877738975,-0.20513980015494415,0.16066217184066775,-0.17664570689201356,0,-0.2,True,0.12438268721850379,-0.14297309063388572
1224.36,12.065901756286621,-0.01647902838885784,-3.091530751294135,-8.94587538027935e-05,0.0009811654159978078,0.005357081487758765,-0.018147476301108443,-0.2178103122618911,0.1726988583803177,-0.09782384276390077,0,-0.2,True,0.23769853284969175,-0.23745275201951946
1224.38,12.065498352050781,-0.01614432968199253,-3.095513647469205,-0.00010656136161968312,0.000493318826270543,0.011601363888201918,-0.012122106652452584,-0.22071823969142065,0.2139140582084656,-0.08968910321593286,0,-0.2,True,0.18655763691056007,-0.38301260943669635
1224.4,12.065264701843262,-0.01584588922560215,-3.100525758476524,-0.0003545610244169984,0.0003730930780199207,0.019317561498280823,-0.008098715846896726,-0.22897511882954014,0.18550815105438234,-0.11887117445468903,0,-0.2,True,0.133486264334832,-0.1732333979464321
1224.42,12.064825057983398,-0.015933888033032417,-3.1050879113058425,-0.00013367233180933943,0.00021046391030893886,0.019186323352607455,-0.005750927964962098,-0.23578080890993908,0.1481802773475647,-0.18943085849285127,0,-0.2,True,-0.006217712532965401,-0.10207660202846712
1224.44,12.0643310546875,-0.015895124524831772,-3.1098487608005336,-0.0002860009074264213,-2.73673716120654e-05,0.016035982634565963,0.0013213597155733664,-0.23166898409763245,0.1481802773475647,-0.18943085849285127,0,-0.2,True,-0.2094558214703168,0.05478420011356699
1224.46,12.063947677612305,-0.01574058085680008,-3.114376112181983,-0.0008112353271619874,-0.00046122819361035355,0.011103946885565139,0.0035577297155903794,-0.2288843678536906,0.14041858434677126,-0.18118709921836854,0,-0.2,True,-0.30426111119719473,0.2218221365496301
1224.48,12.063985824584961,-0.015992261469364166,-3.1190592772043177,-0.00033153355647306957,-0.00021892368093148258,0.0025610957806707175,0.0030611165579453098,-0.22459238282045876,0.13833079040050508,-0.1007781493663788,0,-0.2,True,-0.27424811033700575,0.24860835683999338
1224.5,12.063944816589355,-0.016242574900388718,-3.123398660734121,0.0005614067205455089,-0.00049243151515682,-0.005154565543145987,0.000442467508595087,-0.2180350379859848,0.08001444399356843,-0.13558724880218506,0,-0.2,True,-0.20781645008052985,0.267741131323719
1224.52,12.064131736755371,-0.016144568100571632,-3.127816151426154,0.0009919032049339783,-0.0001350858955123205,-0.005903866192374546,-0.005369579877495909,-0.21178031555045107,0.18427081465721132,-0.07916974008083344,0,-0.2,True,-0.06584857882904141,0.21892270692957963
1224.54,12.064360618591309,-0.015768470242619514,-3.1318189152208458,0.0006274332079221826,0.0003319916693203343,-0.0055213691208621275,-0.014812014252400639,-0.20746507734781255,0.16736682295799257,-0.1705711102485657,0,-0.2,True,0.07672503806047931,0.09562657619324409
1224.56,12.064452171325684,-0.015556229278445244,-3.1360017024483384,0.0006162158090536643,0.0006498193183973819,-0.0027067905256478036,-0.012917891017143085,-0.20707856626610832,0.1593774712085724,-0.15370253324508668,0,-0.2,True,0.11343054284573659,-0.04293042062657756
1224.58,12.064374923706055,-0.015053353272378445,-3.139995866921931,-0.00019656688904653806,0.00037306698824154754,0.0009834375016867746,-0.011223660784489253,-0.21038491189053224,0.1331049156188965,-0.07054134249687195,0,-0.2,True,0.11111759008781794,-0.14793549603640502
1224.6,12.064342498779297,-0.01510994229465723,3.1388028704521593,-1.0495815199572778e-05,0.0003805400990757369,0.0031705772352761266,-0.008401973297229918,-0.21521474920057415,0.18691588521003724,-0.048587397933006295,0,-0.2,True,0.020876663428114034,-0.13916339496153818
1224.62,12.06428050994873,-0.014870704151690006,3.134535599007513,-0.0008329309817286077,0.0003033795443599646,0.0033680380861552213,0.0008032703038374371,-0.2192999170307142,0.13633090734481812,-0.06828280866146089,0,-0.2,True,0.0027020637884036043,-0.09023330513347623
1224.64,12.064200401306152,-0.014883366413414478,3.1299664247951684,-0.0012446448605474586,0.00015387774228628777,-0.0010366574513954532,0.0009794884237930735,-0.2182116378630529,0.1403785425424576,-0.16571811199188233,0,-0.2,True,-0.04774672726040441,0.021085180346231046
1224.66,12.064105033874512,-0.015115711838006973,3.125645446895164,-0.0007606963217049562,-0.00015465445587927172,0.0011996026047594807,0.003276416077300565,-0.2176035763012243,0.06435922503471375,-0.1310264050960541,0,-0.2,True,-0.08744918523423068,0.08200207168525722
1224.68,12.064424514770508,-0.015189260244369507,3.1213459394230814,-1.559560905785367e-05,0.000791304770424889,-0.0006491609455636087,-0.0032712649937945712,-0.2135279347728724,0.07347106628119947,-0.12895811676979066,0,-0.2,True,0.021576474408319984,0.052290488770690244
1224.7,12.064180374145508,-0.015131253749132156,3.1171273129033814,0.0005965546822319759,-0.0003811274716117677,-0.003627896732596754,-0.008167762237838492,-0.21273975129588094,0.07347106628119947,-0.12895811676979066,0,-0.2,True,-0.012802360316754724,-0.026358392540497648
1224.72,12.064257621765137,-0.014622770249843597,3.112884190013354,0.0005349696567796391,-0.0004218807463936343,0.0006894605012685758,-0.013211586399820804,-0.21402839876140148,0.11740446031093599,-0.1299721419811249,0,0,True,0.04474818478796735,-0.13019551874114732
1224.74,12.064411163330078,-0.014469586312770844,3.108626266791509,0.0008524553741437336,0.00011733631102230184,0.00017541377942003423,-0.017254306707072852,-0.21971224770446218,0.17256665825843812,-0.1905606031417847,0,0,True,0.13220723721350972,-0.08234115367608258
1224.76,12.064399719238281,-0.014131185598671436,3.104223667522185,0.0006841901513561418,0.0003729296343202898,0.0029306938374705233,-0.014254201274359557,-0.22394357627215472,0.15548797130584718,-0.12973454475402832,0,0,True,0.11126291876533344,0.09091687898056405
1224.78,12.06421184539795,-0.013751196675002575,3.0995503330870404,0.00023063887214428585,-6.123622837596512e-05,0.006948682244474404,-0.01315548353475249,-0.21932704358996155,0.12882415592670443,-0.166663852930069,0,0,True,0.12734738851996327,0.43691050566406914
1224.8,12.064065933227539,-0.013474470935761929,3.094968703911598,-0.0001954053977414259,-0.00029344019663255275,0.009590494002487156,-0.01039334444226611,-0.20675504844296297,0.17585514307022096,-0.11455521702766419,0,0,True,0.07201909656206416,0.8158076374368847
1224.82,12.063899993896484,-0.013394713401794434,3.091080103304328,-0.00018919028157934485,-9.1611465370215e-05,0.010363204861007832,-0.0047738928081215125,-0.18475940725136844,0.1390726172924042,-0.13948164701461793,0,0,True,0.06334590106196428,1.1050364911755626
1224.84,12.063672065734863,-0.013264862820506096,3.087683263646763,-0.0005499110362204268,-7.320577054063806e-05,0.008692221562430416,-0.0015701360013126236,-0.1586789652772633,0.13625548005104066,-0.109153670668602,0,0,True,0.02510696131275085,1.2809435624471304
1224.86,12.063403129577637,-0.01332791242748499,3.0847695805069444,-0.0006655953905886368,-0.0001073851077855205,0.012016354329426937,0.0015998941048590474,-0.13092412429599695,0.09024755120277406,-0.061637120842933664,0,0,True,-0.015750270931854958,1.4404635055349329
1224.88,12.06337833404541,-0.013311573304235935,3.0822743866893925,-0.0009214960473036565,0.0005939691837142521,0.011599050907511106,0.0031595059543685355,-0.10427956344699449,0.09024755120277406,-0.061637120842933664,0,0,True,0.03764154410227014,1.4728568245164801
1224.9,12.062932968139648,-0.01346790324896574,3.080606173360628,-0.0005898321675949797,5.6615305842683826e-05,0.009103183186457,0.0040661733039814045,-0.06952232680835109,0.09342658758163452,-0.092999946475029,0,0,True,-0.10042825271756683,1.4740130271950223
1224.92,12.06273078918457,-0.013462168164551258,3.079340898570987,-0.0007005728024102462,7.84430877028562e-05,0.011703545090617848,0.003475430647594989,-0.04085041931571716,0.08545477211475373,-0.005273848176002503,0,0,True,-0.1330776728745436,1.3087976949258755
1224.94,12.06265640258789,-0.013608215376734734,3.0792077943622655,-0.0006130344048795798,0.00014397397606878866,0.003982094112006062,0.00336675517120356,-0.013003082120167266,0.08545477211475373,-0.005273848176002503,0,0,True,-0.11652413019804397,0.878578541087557
1224.96,12.062426567077637,-0.013530821539461613,3.079006353144138,-0.0010037816985527,-0.00031256427704686867,0.0009528370775572999,0.002520964517398647,0.00042425214698032783,0.006006563752889634,0.0009430260583758355,0,0,True,-0.1893801928187079,0.5074705198588674
1224.98,12.06259822845459,-0.013716858811676502,3.0795659267910156,-0.0008747452371068936,0.0001039221212918901,-0.0002187472293780385,0.0002528076367746009,0.0007639564785895402,0.00712765108793974,0.008068981356918813,0,0,True,-0.0677355449581427,0.07538714376420341
1225.0,12.062642097473145,-0.013658682815730572,3.0793748387427455,-0.0009470785659871934,9.577307853909411e-05,-0.003446870334865007,-7.957029065124927e-05,-0.00025277772704469196,-0.00444240365177393,-0.00467502485960722,0,0,True,-0.020002594658931658,-0.08891272125217474
1225.02,12.06267261505127,-0.013629485853016376,3.0792689108805527,-0.0009025501645373245,0.00013914363432115928,-0.0014367494846404263,-0.002241408983941132,-0.006972110619036478,-0.0021674557588994506,-0.0022796532325446606,0,0,True,0.0025864895495024123,-0.08707900641206098
1225.04,12.062702178955078,-0.013541613705456257,3.0789861309259745,-0.0010360906451884148,0.0001533128282237014,-0.0006473704951557774,-0.00034315678412382946,-0.006688765553187182,-0.0019354986026883128,-0.0013575407583266497,0,0,True,0.04831433366885445,-0.029090924879207797
1225.06,12.062724113464355,-0.013545053079724312,3.079008157941493,-0.0012442992273210603,0.00017984343497525534,-1.18280654180337e-05,-0.00019245677950520705,-0.006202364034369003,0.001665463373064995,0.0003927759733051062,0,0,True,0.03131834816370696,0.04882026935346464
1225.08,12.062695503234863,-0.013634524308145046,3.078839737498491,-0.0008689959335527123,0.00013119548061745222,0.00041827635863983395,0.0009469375640094599,-0.002580051717379199,0.0021553041227161886,0.0009802124602720141,0,0,True,0.020365406669717777,0.07320859330385186
1225.1,12.062674522399902,-0.013614178635179996,3.0787727217578036,-0.0008102577302956271,0.0001134680364900996,0.0010687183684538518,0.000859480878007821,-0.0030664890707628586,0.007661838829517365,-0.0005338336806744338,0,0,True,0.011766727189231376,0.07909961539194275
1225.12,12.062664031982422,-0.013615121133625507,3.0787797267885844,-0.000824464252331105,0.0001214480690789469,0.0009818620384201631,-0.00022829547579316484,-0.0008320780888843599,0.012346588857471944,0.0029445431008934975,0,0,True,0.010183011997763012,0.022913783943384933
1225.14,12.062634468078613,-0.013608308508992195,3.0787628388158317,-0.0008423593395918873,0.00010618115492396883,0.0009295101097222957,3.434396731018294e-05,0.0001256051969986475,0.0032323018461465837,0.0023307562619447712,0,0,True,-0.006819763481465838,0.03968140814206467
1225.16,12.062618255615234,-0.013611366041004658,3.07877317125138,-0.0008191214368882098,0.00011335676099458891,0.0012329173184624494,-0.00023177867724506957,-0.0007469490019048616,0.0038385679386556152,0.002908248826861382,0,0,True,-0.0078020680557132115,0.011378932124911798
1225.18,12.062600135803223,-0.013612251728773117,3.0787827701735635,-0.0008335834371442249,0.00012112697868187028,0.0005231372899355304,3.847711686012213e-05,0.00010802358060845006,0.0032832475006580354,0.002379039842635393,0,0,True,-0.014707352616654169,0.003346066310288555
1225.2,12.062566757202148,-0.01359042339026928,3.078719970868432,-0.000774506196228756,5.792243560450426e-05,0.00035769659396189986,1.0154570411016087e-05,7.823648111034319e-05,0.003434662874788046,0.0026074660383164886,0,0,True,-0.02519561859428436,0.020883080855208305
1225.22,12.062592506408691,-0.013608753681182861,3.0787714807022803,-0.0007668687166829398,9.723859107422718e-05,-0.00024707809960896763,0.00013017126739505038,0.00039329050182148847,0.0017922548577189448,0.0012418868392705918,0,0,True,-0.015121792333752595,0.0017787847228533267
1225.24,12.062589645385742,-0.013610378839075565,3.078779430169869,-0.0008191479987349591,0.00011128303762604887,-0.0007827321690784661,0.0002907205381948556,0.0009236974665102834,0.002565884711220861,0.0013544392213225365,0,0,True,-0.017966127214378964,0.0011326570655022026
1225.26,12.06261920928955,-0.013623885810375214,3.078814233413709,-0.0008380158277726049,0.00013376555136198156,-0.0006866060967635768,9.182095164767657e-05,0.00025032635843658677,0.00233987957239151,0.0014017214439809324,0,0,True,-0.008991278823239529,-0.013529016666427215
1225.28,12.062627792358398,-0.013617565855383873,3.0787938666657526,-0.00085926287445627,0.0001367993053460012,-0.0010795935831871102,7.300936862859395e-05,0.000168849046350437,0.00015422360971570017,-0.0001111418753862381,0,0,True,-0.006501001176508958,-0.010601222874778571
1225.3,12.062646865844727,-0.013619530946016312,3.0787915068109553,-0.0008590001784432953,0.00013694421636015902,-0.0009663804054674758,-0.00020778940831820496,-0.0006890308314917042,-0.0010049667349085213,-0.0007284229714423419,0,0,True,-0.010520202883844523,-0.0024410089128548817
1225.32,12.062675476074219,-0.013621628284454346,3.078792938093577,-0.0008585560537898875,0.00014437177116150476,-0.0013028122631987098,1.3748476498969884e-05,7.559963652876914e-05,-0.0010049667349085213,-0.0007284229714423419,0,0,True,-0.0047600658982772945,-0.007039094625514903
1225.34,12.062697410583496,-0.01361214742064476,3.07875911094719,-0.0008831224648829499,0.0001049898835585603,-0.0015282223274703732,-1.0707357264371859e-05,5.504564540837384e-05,-0.00015287640504539014,-0.002323921471834183,0,0,True,-0.007747348396144237,0.015621879820465655
1225.36,12.062731742858887,-0.01362520456314087,3.078799914636675,-0.0008759861837851657,0.00011398743572435955,-0.0014603988550489473,-0.00013949605639971768,-0.0003942785236902431,-0.0015939600206911566,-0.0012368247006088497,0,0,True,-0.00417649666674891,-0.0008826438063762
1225.38,12.062768936157227,-0.01362635288387537,3.078795910462588,-0.0008678819837934182,0.00014460967801308507,-0.0015861682771602125,0.0001510499218024151,0.0005607195541479636,-0.0016731653548777104,-0.0011402160115540029,0,0,True,-1.8879666144844598e-05,0.0002196812822641937
1225.4,12.062792778015137,-0.013617821969091892,3.0787613958116817,-0.0008839543538764706,0.00011464808821594291,-0.0016369319965392683,8.515370990933932e-06,4.9881320185366695e-06,-0.0016512670367956163,-0.0011879674578085544,0,0,True,-0.0024647641057330073,0.011236803497310406
1225.42,12.062823295593262,-0.013632170855998993,3.078803968511522,-0.0008610847400011947,0.00011614661483976818,-0.0015297327007619637,1.3376824374240992e-05,7.26201479895433e-05,-0.0016527469735592606,-0.0012994380667805674,0,0,True,-0.0007718825624621143,-0.0071957559883499235
1225.44,12.062862396240234,-0.013634107075631618,3.0788003136872364,-0.0008543557583009003,0.00015607383232493102,-0.001657579983507969,0.00014701010513899334,0.0005046657560963268,-0.001553602945059538,-0.0009533744677901269,0,0,True,0.00277196579137885,-0.0043197081767914125
1225.46,12.062891006469727,-0.013635099865496159,3.078801720074427,-0.0008358564874537902,0.00015427735694421724,-0.0016479188821571255,-6.643418789208333e-06,-1.4940924919506758e-05,-0.0017419982235878707,-0.0012854383513331415,0,0,True,0.0019130411388712902,-0.023619928977953952
1225.48,12.0629243850708,-0.01363788079470396,3.0788017690721694,-0.0008366908103934721,0.00016149914179313215,-0.001415174733229162,-9.888021745755178e-05,-0.000340588522124462,-0.0014569008350372315,-0.0009766434598714115,0,0,True,0.009814365318601054,-0.005819066585543468
1225.5,12.062954902648926,-0.013639912940561771,3.0788027732375283,-0.0008314638763886923,0.00016021237253707792,-0.0013766894096523996,0.0008088358414036581,-0.0018169741702450542,-0.0016643408220261336,-0.0011849520402029158,0,0,True,0.01432550514339048,0.0001189503651829403
1225.52,12.062975883483887,-0.01363331638276577,3.0787730666054665,-0.0007750868474963067,0.00013791659722555764,-0.0008724307580205989,7.67898355210306e-06,3.9140429253272726e-05,-0.0015991833806037904,-0.0011127366544678807,0,0,True,0.014769374142847453,0.008890177815525997
1225.54,12.062996864318848,-0.013706590048968792,3.0786563621408076,-0.0007323092609126935,0.00016873907026205203,-0.0005018784706869293,3.2724214580742085e-06,-5.424895704880188e-06,-0.0007640824001282454,-0.0010366096161305905,0,0,True,0.018435249132124663,0.04582632462774026
1225.56,12.062994003295898,-0.013642875477671623,3.0788049003065097,-0.000808792042854608,0.00016915233904951041,-0.0002336248018024404,0.00010624963074712682,0.0003706257031169709,-0.001129339705221355,-0.0003488531894981861,0,0,True,0.01105977287409395,-0.0008164040669200734
1225.58,12.062994956970215,-0.013642699457705021,3.078802339245872,-0.0008232392418531014,0.00016849703563377624,9.813052091623218e-05,-0.000800863321586073,0.0018491317999708322,-0.00016503429971635343,0.00027380482759326697,0,0,True,0.006427047373410583,0.00027292921797586136
1225.6,12.062994003295898,-0.013642972335219383,3.078802716661716,-0.0008216374953000637,0.0001637529444374012,1.2351071906112404e-05,-6.467122325365814e-06,-2.617189610027375e-05,-3.969038370996714e-05,0.00032797564868815245,0,0,True,0.003523399890651508,-0.004409770173876013
1225.62,12.062993049621582,-0.01364215463399887,3.078804292684805,-0.0008209370408951335,0.00016288904961429376,1.2285319185449676e-05,-5.421468505623576e-06,1.6409441733168864e-05,6.110767833888532e-05,0.0004285002360120416,0,0,True,-0.0006280250430923352,-0.023319691082299678
1225.64,12.062993049621582,-0.013642297126352787,3.0788028065548216,-0.000820212789424075,0.0001622063716771259,4.8247189450225026e-05,-7.464645640709253e-06,1.7844089206208098e-05,4.546841024421156e-05,0.00045161905698478224,0,0,True,0.00043797250376464774,0.0003687155623170154
1225.66,12.062994003295898,-0.0136422049254179,3.0788036520012105,-0.0008254410758747903,0.00016598288121198688,4.7888517468748264e-05,-1.7599579599467683e-06,-1.644348661674774e-05,5.0130160525441175e-05,0.00038340062834322456,0,0,True,0.000731783410020182,-0.00040675923094934946
1225.68,12.062990188598633,-0.01364213414490223,3.0788041441888523,-0.0008210082722723286,0.0001625123653450397,4.738887220735194e-05,6.18713536408565e-06,3.32534888514449e-06,2.1548462100327015e-05,0.0004109103488735855,0,0,True,-0.00031421889093968954,-0.0004358229789559942
1225.7,12.062989234924316,-0.013641773723065853,3.078802977205876,-0.0008227356912096122,0.00016257736143765396,7.082799198717738e-05,1.3341483587914408e-05,-1.6131296742841984e-05,0.00013463226146996022,0.0005156715819612146,0,0,True,-1.059214873854826e-05,0.00026698133655235343
1225.72,12.062989234924316,-0.013642553240060806,3.0788030725827324,-0.0008237473974013886,0.00016549349419488565,2.3109678175072725e-05,1.2394275302934836e-05,-1.702174911023973e-05,7.12184119038284e-05,0.00041522849351167685,0,0,True,-0.00028609517523729895,-0.0002862941345804438
1225.74,12.06298828125,-0.013642914593219757,3.078802361497471,-0.0008267414287303533,0.0001681066781209411,4.7041145569665174e-05,1.1717668992409089e-05,4.91502030742111e-06,5.5336920777335766e-05,0.00040343086933717135,0,0,True,-0.0002871634531541523,0.00034302528234615655
1225.76,12.06298828125,-0.013643007725477219,3.0788027824489235,-0.0008261498668665435,0.0001658369512900353,2.450125818838884e-05,-9.73913376300304e-06,-1.957818188127018e-05,5.749032949097455e-05,0.00039683734881691636,0,0,True,0.000313762446693561,9.837420399134841e-05
1225.78,12.06298542022705,-0.01364247314631939,3.0788033704075004,-0.0008240469754393229,0.00016413559855850787,4.7854915734866096e-05,-1.2254892711218818e-06,1.1310725844825581e-05,0.00010130110429599882,0.0004686711868271232,0,0,True,-0.000436620951522506,-0.00019168656502401187
1225.8,12.062987327575684,-0.013641652651131153,3.078801506328182,-0.0008282687653570291,0.0001690206446790886,4.821067391053477e-05,-6.883653407262317e-06,-9.151812790939014e-06,9.995733038522304e-05,0.00046694100834429266,0,0,True,0.00043400942223421944,0.00033345058797520276
1225.82,12.062984466552734,-0.013642576523125172,3.0788032663555387,-0.0008235563739018653,0.0001642051233209799,1.2111469447896466e-05,-2.6562311652383864e-06,-1.0419904894485892e-05,4.4828593963757164e-05,0.0003595625539310277,0,0,True,-0.00015381313740927568,-9.479997599456899e-05
1225.84,12.062984466552734,-0.013642216101288795,3.0788020503039,-0.0008253863794406939,0.00016594327371079152,5.922201196709482e-05,7.957701104229597e-06,7.097865156721777e-06,0.00013291497481986882,0.0005110199609771371,0,0,True,-3.2325038959725037e-06,0.0002278506936592701
1225.86,12.062984466552734,-0.013642200268805027,3.078802536815109,-0.0008255179373720655,0.00016683352467118225,3.554986474213523e-05,4.509699505532769e-06,3.72672776526696e-06,5.8537607546895746e-05,0.0003828894370235503,0,0,True,0.00045196122866778666,0.00010537000258433356
1225.88,12.062982559204102,-0.013641990721225739,3.0788020741573945,-0.0008217005689242297,0.0001626250000282886,4.795207359885647e-05,-2.7706997674828127e-06,9.076242701837822e-06,5.8537607546895746e-05,0.0003828894370235503,0,0,True,-0.0002867615687539873,6.73297259614237e-05
1225.9,12.062981605529785,-0.013642758131027222,3.07880356449376,-0.0008225660873814586,0.00016225237702473805,4.8268367741389273e-05,-7.801621363415369e-06,-1.990304687722916e-06,6.41866831574589e-05,0.000404037160333246,0,0,True,2.0225565454774194e-05,-0.0001850287235230066
1225.92,12.062980651855469,-0.013641754165291786,3.0788027764033163,-0.0008228481238536537,0.00016288751179861208,3.62810864667315e-05,-7.120518554137645e-06,1.2484243233646082e-05,0.00010795765789225699,0.000444955169223249,0,0,True,5.661237406336616e-06,-3.5614522233848764e-05
1225.94,12.062980651855469,-0.01364133507013321,3.078802377590734,-0.0008250025351975555,0.00016533777798133096,3.7167909978520296e-05,-2.122547314611281e-05,-1.1075570116602177e-05,6.909015937708319e-05,0.0004108229093253613,0,0,True,-1.6253344837521817e-05,1.6758916476112355e-06
1225.96,12.062979698181152,-0.013641240075230598,3.078803072896853,-0.0008254025193670418,0.0001644916945494819,4.840497259136299e-05,-9.97427418327016e-06,6.227080923132512e-06,4.2713640723377474e-05,0.00037727320217527453,0,0,True,0.0002860951235517617,-0.00016406837853618494
1225.98,12.062978744506836,-0.013640876859426498,3.0788026784481506,-0.0008272001886371757,0.00016556677016700785,4.696810015438871e-05,1.2879513170670247e-05,-1.856233355914139e-06,8.130972622893752e-05,0.0004487365670502186,0,0,True,0.0002742152996180939,0.0001896674801941231
1226.0,12.062976837158203,-0.013640714809298515,3.07880327456979,-0.0008232197469751355,0.00016232787924084146,5.916869635085162e-05,8.805785766774517e-06,-6.41227049236776e-07,6.88595324754715e-05,0.00042815997963771226,0,0,True,-2.1841564025145602e-05,-0.00016021184039179126
1226.02,12.062976837158203,-0.013642127625644207,3.0788022290920654,-0.0008257420554410777,0.00016487664234714455,5.910513394794786e-05,9.816665004312609e-06,4.097828298913871e-06,0.00012396735837683082,0.00048707658424973493,0,0,True,0.00016561054215200117,8.07447859964364e-05
1226.04,12.06297492980957,-0.01364164613187313,3.0788030215986892,-0.0008233698456019696,0.00016298420536114632,4.665764746935293e-05,1.7817398284009826e-05,-6.589866308199131e-06,4.579205065965653e-05,0.00037560546188615264,0,0,True,-0.00043888556936302035,-0.00022611920995382393
1226.06,12.062973976135254,-0.013641363941133022,3.0788030062744145,-0.0008247739501862527,0.00016392141500502745,6.0216943526536755e-05,-7.866876614764673e-06,4.603349523794899e-06,0.00010027780896052719,0.0004617144213989377,0,0,True,-0.00044355146373933234,-0.0001979247393756864
1226.08,12.062973022460938,-0.013641903176903725,3.0788027473804855,-0.0008220336422493673,0.00016125969025609146,2.4057850801841922e-05,-2.686648209149307e-06,-1.8730763845526237e-05,6.738649797625841e-05,0.0004327965574339033,0,0,True,-0.0002792010147046796,9.380956254870167e-05
1226.1,12.062972068786621,-0.013641197234392166,3.0788025973600273,-0.0008255840721813192,0.00016415722925693774,2.3621016848833546e-05,4.2612727107354555e-06,-1.1736150851126637e-05,0.00010770808439701797,0.00045128611847758296,0,0,True,-0.0006016471104492678,-9.879600706952744e-05
1226.12,12.062973022460938,-0.01364131085574627,3.0788015231375816,-0.0008250765020541912,0.00016470456692923536,2.4321566292998876e-05,-6.880929759433038e-06,9.148986956901776e-07,4.151444765739143e-05,0.00040162762627005583,0,0,True,0.0002958471117531324,0.00038051947037684393
1226.14,12.062972068786621,-0.01364158559590578,3.0788020673823464,-0.0008235166062513336,0.00016076119495094735,1.2085174690502315e-05,-2.237947388298097e-06,-3.3003310417825723e-06,6.5244595753029e-05,0.0003711715189274401,0,0,True,0.00030033049363994367,0.00031907270922541017
1226.16,12.062971115112305,-0.013641231693327427,3.078802820572381,-0.0008253834387304449,0.00016358285909016994,4.772561974213826e-05,8.310276452985435e-07,1.1710793784680113e-05,8.743830956518651e-05,0.00045003781095147137,0,0,True,0.00013938582196031858,4.324864695536214e-05
1226.18,12.062971115112305,-0.01364095788449049,3.078802333333544,-0.0008267328052762202,0.0001642735287226673,4.7647456340075475e-05,2.074240096244895e-06,1.3789665886955511e-05,5.1060385303571826e-05,0.00040848177857697013,0,0,True,0.00028965623349970363,0.00017207008699857287
1226.2,12.062969207763672,-0.01364113762974739,3.0788024600010844,-0.000825832417816312,0.0001636139840868222,3.5472432049845914e-05,5.741272852622801e-06,4.374790452125836e-06,7.071222411468625e-05,0.00041441746521741156,0,0,True,-0.00045152296892500104,-3.536077652875138e-05
1226.22,12.062968254089355,-0.013641512021422386,3.0788031705556174,-0.0008239559154657091,0.00016213660371214558,3.525767337045753e-05,9.15711347188604e-06,1.0465275918090737e-05,9.329888620413841e-05,0.00044192586559802297,0,0,True,-0.0005955932042514851,-0.00017237082358710065
1226.24,12.062968254089355,-0.013641512021422386,3.0788031705556174,-0.0008239559154657091,0.00016213660371214558,1.160378222817103e-05,5.4186909063715715e-06,8.881931662382575e-06,0.0001051682874094695,0.00048013530205935243,0,0,True,-0.0004434054006234772,-5.4684880651622684e-05
1226.26,12.062968254089355,-0.013641512021422386,3.0788031705556174,-0.0008239559154657091,0.00016213660371214558,0.0,-0.0,0.0,9.441728936508299e-05,0.000464458866044879,0,0,True,-0.00044072091713111993,-0.00013081594897625318
1226.28,12.062968254089355,-0.013641512021422386,3.0788031705556174,-0.0008239559154657091,0.00016213660371214558,0.0,-0.0,0.0,9.441728936508299e-05,0.000464458866044879,0,0,True,-0.0001450472778522698,-0.00011102414577988317
1226.3,12.062968254089355,-0.013641512021422386,3.0788031705556174,-0.0008239559154657091,0.00016213660371214558,0.0,-0.0,0.0,9.441728936508299e-05,0.000464458866044879,0,0,True,0.0,0.0
1226.32,12.062968254089355,-0.013641512021422386,3.0788031705556174,-0.0008239559154657091,0.00016213660371214558,0.0,-0.0,0.0,9.441728936508299e-05,0.000464458866044879,0,0,True,0.0,0.0
1226.34,12.062968254089355,-0.013641512021422386,3.0788031705556174,-0.0008239559154657091,0.00016213660371214558,0.0,-0.0,0.0,9.441728936508299e-05,0.000464458866044879,0,0,True,0.0,0.0
1226.36,12.062968254089355,-0.013641512021422386,3.0788031705556174,-0.0008239559154657091,0.00016213660371214558,0.0,-0.0,0.0,9.441728936508299e-05,0.000464458866044879,0,0,True,0.0,0.0
1226.38,12.062968254089355,-0.013641512021422386,3.0788031705556174,-0.0008239559154657091,0.00016213660371214558,0.0,-0.0,0.0,9.441728936508299e-05,0.000464458866044879,0,0,True,0.0,0.0
1226.4,12.062968254089355,-0.013641512021422386,3.0788031705556174,-0.0008239559154657091,0.00016213660371214558,0.0,-0.0,0.0,9.441728936508299e-05,0.000464458866044879,0,0,True,0.0,0.0
1226.42,12.062968254089355,-0.013641512021422386,3.0788031705556174,-0.0008239559154657091,0.00016213660371214558,0.0,-0.0,0.0,9.441728936508299e-05,0.000464458866044879,0,0,True,0.0,0.0
1226.44,12.062968254089355,-0.013641512021422386,3.0788031705556174,-0.0008239559154657091,0.00016213660371214558,0.0,-0.0,0.0,9.441728936508299e-05,0.000464458866044879,0,0,True,0.0,0.0
1226.46,12.062968254089355,-0.013641512021422386,3.0788031705556174,-0.0008239559154657091,0.00016213660371214558,0.0,-0.0,0.0,9.441728936508299e-05,0.000464458866044879,0,0,True,0.0,0.0
1226.48,12.062968254089355,-0.013641512021422386,3.0788031705556174,-0.0008239559154657091,0.00016213660371214558,0.0,-0.0,0.0,9.441728936508299e-05,0.000464458866044879,0,0,True,0.0,0.0
1226.5,12.062968254089355,-0.013641512021422386,3.0788031705556174,-0.0008239559154657091,0.00016213660371214558,0.0,-0.0,0.0,9.441728936508299e-05,0.000464458866044879,0,0,True,0.0,0.0
1226.52,12.062968254089355,-0.013641512021422386,3.0788031705556174,-0.0008239559154657091,0.00016213660371214558,0.0,-0.0,0.0,9.441728936508299e-05,0.000464458866044879,0,0,True,0.0,0.0
1226.54,12.062968254089355,-0.013641512021422386,3.0788031705556174,-0.0008239559154657091,0.00016213660371214558,0.0,-0.0,0.0,9.441728936508299e-05,0.000464458866044879,0,0,True,0.0,0.0
1226.56,12.062968254089355,-0.013641512021422386,3.0788031705556174,-0.0008239559154657091,0.00016213660371214558,0.0,-0.0,0.0,9.441728936508299e-05,0.000464458866044879,0,0,True,0.0,0.0
1226.58,12.062968254089355,-0.013641512021422386,3.0788031705556174,-0.0008239559154657091,0.00016213660371214558,0.0,-0.0,0.0,9.441728936508299e-05,0.000464458866044879,0,0,True,0.0,0.0
1226.6,12.062968254089355,-0.013641512021422386,3.0788031705556174,-0.0008239559154657091,0.00016213660371214558,0.0,-0.0,0.0,9.441728936508299e-05,0.000464458866044879,0,0,True,0.0,0.0
1226.62,12.062968254089355,-0.013641512021422386,3.0788031705556174,-0.0008239559154657091,0.00016213660371214558,0.0,-0.0,0.0,9.441728936508299e-05,0.000464458866044879,0,0,True,0.0,0.0
1226.64,12.062968254089355,-0.013641512021422386,3.0788031705556174,-0.0008239559154657091,0.00016213660371214558,0.0,-0.0,0.0,9.441728936508299e-05,0.000464458866044879,0,0,True,0.0,0.0
1226.66,12.062968254089355,-0.013641512021422386,3.0788031705556174,-0.0008239559154657091,0.00016213660371214558,0.0,-0.0,0.0,9.441728936508299e-05,0.000464458866044879,0,0,True,0.0,0.0
1226.68,12.062968254089355,-0.013641512021422386,3.0788031705556174,-0.0008239559154657091,0.00016213660371214558,0.0,-0.0,0.0,9.441728936508299e-05,0.000464458866044879,0,0,True,0.0,0.0
1226.7,12.062968254089355,-0.013641512021422386,3.0788031705556174,-0.0008239559154657091,0.00016213660371214558,0.0,-0.0,0.0,9.441728936508299e-05,0.000464458866044879,0,0,True,0.0,0.0
1226.72,12.062968254089355,-0.013641512021422386,3.0788031705556174,-0.0008239559154657091,0.00016213660371214558,0.0,-0.0,0.0,9.441728936508299e-05,0.000464458866044879,0,0,True,0.0,0.0
1226.74,12.062968254089355,-0.013641512021422386,3.0788031705556174,-0.0008239559154657091,0.00016213660371214558,0.0,-0.0,0.0,9.441728936508299e-05,0.000464458866044879,0,0,True,0.0,0.0
1226.76,12.062968254089355,-0.013641512021422386,3.0788031705556174,-0.0008239559154657091,0.00016213660371214558,0.0,-0.0,0.0,9.441728936508299e-05,0.000464458866044879,0,0,True,0.0,0.0
1226.78,12.062968254089355,-0.013641512021422386,3.0788031705556174,-0.0008239559154657091,0.00016213660371214558,0.0,-0.0,0.0,9.441728936508299e-05,0.000464458866044879,0,0,True,0.0,0.0
1226.8,12.062968254089355,-0.013641512021422386,3.0788031705556174,-0.0008239559154657091,0.00016213660371214558,0.0,-0.0,0.0,9.441728936508299e-05,0.000464458866044879,0,0,True,0.0,0.0
1226.82,12.062968254089355,-0.013641512021422386,3.0788031705556174,-0.0008239559154657091,0.00016213660371214558,0.0,-0.0,0.0,9.441728936508299e-05,0.000464458866044879,0,0,True,0.0,0.0
1226.84,12.062968254089355,-0.013641512021422386,3.0788031705556174,-0.0008239559154657091,0.00016213660371214558,0.0,-0.0,0.0,9.441728936508299e-05,0.000464458866044879,0,0,True,0.0,0.0
1226.86,12.062968254089355,-0.013641512021422386,3.0788031705556174,-0.0008239559154657091,0.00016213660371214558,0.0,-0.0,0.0,9.441728936508299e-05,0.000464458866044879,0,0,True,0.0,0.0
1226.88,12.062968254089355,-0.013641512021422386,3.0788031705556174,-0.0008239559154657091,0.00016213660371214558,0.0,-0.0,0.0,9.441728936508299e-05,0.000464458866044879,0,0,True,0.0,0.0
1226.9,12.062968254089355,-0.013641512021422386,3.0788031705556174,-0.0008239559154657091,0.00016213660371214558,0.0,-0.0,0.0,9.441728936508299e-05,0.000464458866044879,0,0,True,0.0,0.0
1226.92,12.062968254089355,-0.013641512021422386,3.0788031705556174,-0.0008239559154657091,0.00016213660371214558,0.0,-0.0,0.0,9.441728936508299e-05,0.000464458866044879,0,0,True,0.0,0.0
1226.94,12.062968254089355,-0.013641512021422386,3.0788031705556174,-0.0008239559154657091,0.00016213660371214558,0.0,-0.0,0.0,9.441728936508299e-05,0.000464458866044879,0,0,True,0.0,0.0
1226.96,12.062968254089355,-0.013641512021422386,3.0788031705556174,-0.0008239559154657091,0.00016213660371214558,0.0,-0.0,0.0,9.441728936508299e-05,0.000464458866044879,0,0,True,0.0,0.0
1226.98,12.062968254089355,-0.013641512021422386,3.0788031705556174,-0.0008239559154657091,0.00016213660371214558,0.0,-0.0,0.0,9.441728936508299e-05,0.000464458866044879,0,0,True,0.0,0.0
1227.0,12.062968254089355,-0.013641512021422386,3.0788031705556174,-0.0008239559154657091,0.00016213660371214558,0.0,-0.0,0.0,9.441728936508299e-05,0.000464458866044879,0,0,True,0.0,0.0
1227.02,12.062968254089355,-0.013641512021422386,3.0788031705556174,-0.0008239559154657091,0.00016213660371214558,0.0,-0.0,0.0,9.441728936508299e-05,0.000464458866044879,0,0,True,0.0,0.0
1227.04,12.062968254089355,-0.013641512021422386,3.0788031705556174,-0.0008239559154657091,0.00016213660371214558,0.0,-0.0,0.0,9.441728936508299e-05,0.000464458866044879,0,0,True,0.0,0.0
1227.06,12.062968254089355,-0.013641512021422386,3.0788031705556174,-0.0008239559154657091,0.00016213660371214558,0.0,-0.0,0.0,9.441728936508299e-05,0.000464458866044879,0,0,True,0.0,0.0
1227.08,12.062968254089355,-0.013641512021422386,3.0788031705556174,-0.0008239559154657091,0.00016213660371214558,0.0,-0.0,0.0,9.441728936508299e-05,0.000464458866044879,0,0,True,0.0,0.0
1227.1,12.062968254089355,-0.013641512021422386,3.0788031705556174,-0.0008239559154657091,0.00016213660371214558,0.0,-0.0,0.0,9.441728936508299e-05,0.000464458866044879,0,0,True,0.0,0.0
1227.12,12.062968254089355,-0.013641512021422386,3.0788031705556174,-0.0008239559154657091,0.00016213660371214558,0.0,-0.0,0.0,9.441728936508299e-05,0.000464458866044879,0,0,True,0.0,0.0
1227.14,12.062968254089355,-0.013641512021422386,3.0788031705556174,-0.0008239559154657091,0.00016213660371214558,0.0,-0.0,0.0,9.441728936508299e-05,0.000464458866044879,0,0,True,0.0,0.0
1227.16,12.062968254089355,-0.013641512021422386,3.0788031705556174,-0.0008239559154657091,0.00016213660371214558,0.0,-0.0,0.0,9.441728936508299e-05,0.000464458866044879,0,0,True,0.0,0.0
1227.18,12.062968254089355,-0.013641512021422386,3.0788031705556174,-0.0008239559154657091,0.00016213660371214558,0.0,-0.0,0.0,9.441728936508299e-05,0.000464458866044879,0,0,True,0.0,0.0
1227.2,12.062968254089355,-0.013641512021422386,3.0788031705556174,-0.0008239559154657091,0.00016213660371214558,0.0,-0.0,0.0,9.441728936508299e-05,0.000464458866044879,0,0,True,0.0,0.0
1227.22,12.062968254089355,-0.013641512021422386,3.0788031705556174,-0.0008239559154657091,0.00016213660371214558,0.0,-0.0,0.0,9.441728936508299e-05,0.000464458866044879,0,0,True,0.0,0.0
1227.24,12.062968254089355,-0.013641512021422386,3.0788031705556174,-0.0008239559154657091,0.00016213660371214558,0.0,-0.0,0.0,9.441728936508299e-05,0.000464458866044879,0,0,True,0.0,0.0
1227.26,12.062968254089355,-0.013641512021422386,3.0788031705556174,-0.0008239559154657091,0.00016213660371214558,0.0,-0.0,0.0,9.441728936508299e-05,0.000464458866044879,0,0,True,0.0,0.0
1227.28,12.062968254089355,-0.013641512021422386,3.0788031705556174,-0.0008239559154657091,0.00016213660371214558,0.0,-0.0,0.0,9.441728936508299e-05,0.000464458866044879,0,0,True,0.0,0.0
1227.3,12.062968254089355,-0.013641512021422386,3.0788031705556174,-0.0008239559154657091,0.00016213660371214558,0.0,-0.0,0.0,9.441728936508299e-05,0.000464458866044879,0,0,True,0.0,0.0
1227.32,12.062968254089355,-0.013641512021422386,3.0788031705556174,-0.0008239559154657091,0.00016213660371214558,0.0,-0.0,0.0,9.441728936508299e-05,0.000464458866044879,0,0,True,0.0,0.0
1227.34,12.062968254089355,-0.013641512021422386,3.0788031705556174,-0.0008239559154657091,0.00016213660371214558,0.0,-0.0,0.0,9.441728936508299e-05,0.000464458866044879,0,0,True,0.0,0.0
1227.36,12.062968254089355,-0.013641512021422386,3.0788031705556174,-0.0008239559154657091,0.00016213660371214558,0.0,-0.0,0.0,9.441728936508299e-05,0.000464458866044879,0,0,True,0.0,0.0
1227.38,12.062968254089355,-0.013641512021422386,3.0788031705556174,-0.0008239559154657091,0.00016213660371214558,0.0,-0.0,0.0,9.441728936508299e-05,0.000464458866044879,0,0,True,0.0,0.0
1227.4,12.062968254089355,-0.013641512021422386,3.0788031705556174,-0.0008239559154657091,0.00016213660371214558,0.0,-0.0,0.0,9.441728936508299e-05,0.000464458866044879,0,0,True,0.0,0.0
1227.42,12.062968254089355,-0.013641512021422386,3.0788031705556174,-0.0008239559154657091,0.00016213660371214558,0.0,-0.0,0.0,9.441728936508299e-05,0.000464458866044879,0,0,True,0.0,0.0
1227.44,12.062968254089355,-0.013641512021422386,3.0788031705556174,-0.0008239559154657091,0.00016213660371214558,0.0,-0.0,0.0,9.441728936508299e-05,0.000464458866044879,0,0,True,0.0,0.0
1227.46,12.062968254089355,-0.013641512021422386,3.0788031705556174,-0.0008239559154657091,0.00016213660371214558,0.0,-0.0,0.0,9.441728936508299e-05,0.000464458866044879,0,0,True,0.0,0.0
1227.48,12.062968254089355,-0.013641512021422386,3.0788031705556174,-0.0008239559154657091,0.00016213660371214558,0.0,-0.0,0.0,9.441728936508299e-05,0.000464458866044879,0,0,True,0.0,0.0
1227.5,12.062968254089355,-0.013641512021422386,3.0788031705556174,-0.0008239559154657091,0.00016213660371214558,0.0,-0.0,0.0,9.441728936508299e-05,0.000464458866044879,0,0,True,0.0,0.0
1227.52,12.062968254089355,-0.013641512021422386,3.0788031705556174,-0.0008239559154657091,0.00016213660371214558,0.0,-0.0,0.0,9.441728936508299e-05,0.000464458866044879,0,0,True,0.0,0.0
1227.54,12.062968254089355,-0.013641512021422386,3.0788031705556174,-0.0008239559154657091,0.00016213660371214558,0.0,-0.0,0.0,9.441728936508299e-05,0.000464458866044879,0,0,True,0.0,0.0
1227.56,12.062968254089355,-0.013641512021422386,3.0788031705556174,-0.0008239559154657091,0.00016213660371214558,0.0,-0.0,0.0,9.441728936508299e-05,0.000464458866044879,0,0,True,0.0,0.0
1227.58,12.062968254089355,-0.013641512021422386,3.0788031705556174,-0.0008239559154657091,0.00016213660371214558,0.0,-0.0,0.0,9.441728936508299e-05,0.000464458866044879,0,0,True,0.0,0.0
1227.6,12.062968254089355,-0.013641512021422386,3.0788031705556174,-0.0008239559154657091,0.00016213660371214558,0.0,-0.0,0.0,9.441728936508299e-05,0.000464458866044879,0,0,True,0.0,0.0
1227.62,12.062968254089355,-0.013641512021422386,3.0788031705556174,-0.0008239559154657091,0.00016213660371214558,0.0,-0.0,0.0,9.441728936508299e-05,0.000464458866044879,0,0,True,0.0,0.0
