t,x,y,yaw,roll,pitch,v,lateral,w,rim_left,rim_right,cmd_v,cmd_w,publishing,a,alpha
1149.8,12.086715698242188,-0.046126589179039,3.0841952077627535,0.00030276372478431097,-0.00026314747237069565,-0.008926001569812086,0.005306140144947657,0.02955392248219414,-0.008742574304342271,-0.0010961352661252022,0,0.07,True,-0.05611200639710224,0.4102332102425509
1149.82,12.086862564086914,-0.046351704746484756,3.0850239371735673,0.00047309785624132715,-0.00013849101603291978,-0.008512719377294215,0.002731805162826877,0.04121697600155545,-0.0053502447530627256,0.0008320201747119428,0,0.07,True,-0.05661038342044838,0.34729010685424494
1149.84,12.087014198303223,-0.04633559286594391,3.085744451502521,5.603661505964165e-05,-0.00015710678527013457,-0.009542356481920406,0.004959551510761202,0.043007032554454185,-0.04005633443593979,0.04578881645575166,0,0.07,True,-0.030115741540111412,0.2260928631446692
1149.86,12.087300300598145,-0.046431396156549454,3.08674027284528,2.2554446320356363e-05,-9.218707128193958e-05,-0.011578302146348193,0.006044211023672335,0.04833070191857621,-0.030576217174530032,0.05684349483810366,0,0.07,True,0.009492264002621691,0.033554781510918556
1149.88,12.087455749511719,-0.04656534641981125,3.0876357703671165,0.00012650290184038724,-0.00012736967394521792,-0.011335260893025655,0.009612387330197921,0.04764135153380263,-0.011214945279061795,-0.0005502342432737351,0,0.07,True,0.026298304713446945,0.0017306668259605936
1149.9,12.087760925292969,-0.04688529670238495,3.088890393327061,0.00030818396741448897,8.876117639309453e-05,-0.007753338257083012,0.009390061100635158,0.043901358522434125,-0.05279097899794579,0.0556248438730836,0,0.07,True,0.13663615379417296,-0.1520621325570163
1149.92,12.087878227233887,-0.04715237021446228,3.0895557596252328,0.0003535497554706745,0.0002702718484309311,-0.007438492104840585,0.009199967004707472,0.0431454859005313,-0.06560629650950432,0.0026984627544879916,0,0.07,True,0.180072526095339,-0.3025014112964893
1149.94,12.08788013458252,-0.04721423238515854,3.0902523815270815,0.0001588466331129352,0.0003343672247984027,-0.0006474098427932301,0.004236418810106098,0.036165731313991395,-0.045806334614753724,0.008295695334672929,0,0.07,True,0.0968481121362608,-0.3195644054165072
1149.96,12.088011741638184,-0.047331299632787704,3.091087409239156,6.449288777177653e-05,0.0007449334388105299,0.003070541194588362,0.004428165251292648,0.023441238630105502,-0.06597775757312775,0.04892772406339646,0,0.07,True,0.07993288265669804,-0.37961579980774435
1149.98,12.08779525756836,-0.047226421535015106,3.0917836518321775,-0.00033849090234516543,0.00035888696344398425,-5.4892861891956204e-06,0.0034621609282564788,0.0183362060891368,0.000778162106871605,0.006507991440594197,0,0.07,True,-0.06901779574414249,-0.3056970343452712
1150.0,12.087615013122559,-0.047493770718574524,3.0914310587156395,0.00016025545581177967,-0.0003093853040325981,-0.0010438614923105572,-0.002744753335360862,0.012776221915939374,0.0036818093806505205,0.053114586099982264,0,0.07,True,-0.15735553421995163,-0.00928787107836196
1150.02,12.08786678314209,-0.047490883618593216,3.091719278014211,0.0008434425771346771,0.0002099263641548873,-0.006168833502319607,-0.0026696131550828822,0.01170996856639194,0.0018691432476043704,0.06862027049064637,0,0.07,True,-0.0815864717121539,0.10666248723081835
1150.04,12.088106155395508,-0.04711618274450302,3.09210950699243,0.00010045408295534908,0.0004410970328500654,-0.009517901542996319,-0.004231567998554747,0.02269820894383722,-0.004192172754555941,0.06475947175174952,0,0.07,True,-0.058133672994014854,0.23379335802120108
1150.06,12.088298797607422,-0.047037720680236816,3.092720449317488,-0.00033440987235810825,0.0005740387484074621,-0.006532407023155572,-0.005289390957074376,0.026869205067594507,-0.07684536695480347,0.07190798029303551,0,0.07,True,0.029675984226060593,0.2826765844683607
1150.08,12.08839225769043,-0.04719332233071327,3.093246915431145,-1.6812927028586325e-05,0.0006092539816674579,-0.005694555331827516,-0.0009531992385499986,0.03147969055761845,-0.07207004591822624,0.0501703155040741,0,0.07,True,0.0913918780582696,0.18573647895652187
1150.1,12.088409423828125,-0.047093767672777176,3.0938688144196167,-1.4457086056907865e-05,0.0004353505782942614,-0.003794754764236919,-0.002507676206933811,0.03432409532384023,-0.02160613223910332,0.05794320089742542,0,0.07,True,0.006971002143767824,0.16825194188363965
1150.12,12.0885648727417,-0.04706203192472458,3.094627882237037,-3.7263372482002564e-05,0.0008041829836524546,-0.0022065512983414004,-0.004851189195026075,0.037557127260345456,-0.01701372802257538,0.00817941263318062,0,0.07,True,0.003015076052256897,0.10246327624191348
1150.14,12.088611602783203,-0.04685181751847267,3.0954663769434005,-0.000325999668991333,0.0007287966629294492,-0.005974726851653068,-0.005774763197580252,0.04032936041831169,-0.06804884552955628,0.04089817926287651,0,0.07,True,-0.0064777991765523546,0.06800294555204887
1150.16,12.088586807250977,-0.04681394249200821,3.0962514856119783,-9.63225852597966e-06,0.00020987955789293587,-0.005453349247646498,-0.006577803294795542,0.03967675265698737,-0.003200415372848511,0.039351633936166766,0,0.07,True,-0.058343269060162954,0.00445662179792995
1150.18,12.088908195495605,-0.046654317528009415,3.097095163253088,-0.00011162539253526498,0.0006282608424524223,-0.004312978698362109,-0.0039017274468541355,0.039764330968014655,-0.06587866067886353,0.00719211794435978,0,0.07,True,-0.005008863215195146,-0.008421649889232248
1150.2,12.089024543762207,-0.04655612260103226,3.0978020224496023,-0.00016711999714546586,0.0007674173474350621,-0.006874012823163457,-0.007874954230326397,0.03791365700418054,-0.05892885833978653,0.023494266346096995,0,0.07,True,0.003913885709170784,0.0821252199493713
1150.22,12.088970184326172,-0.04655533656477928,3.098647523420839,0.0001859787728751932,0.000306175697486971,-0.006375435908868315,-0.00879736891232791,0.039655628427173725,-0.023624781370162967,0.009667401984333994,0,0.07,True,-0.006973353039141686,0.10565345971607977
1150.24,12.089163780212402,-0.04620862379670143,3.09928457817231,3.2920373996807824e-05,0.00021592893461815159,-0.00514023839091312,-0.007382020154620638,0.0462467702529311,-0.051467954516410834,0.03794348411262036,0,0.07,True,0.07175037352455588,0.17865143116348764
1150.26,12.089447975158691,-0.045973073691129684,3.100267613527259,-0.000352882667643448,0.0006486854427134638,-0.004870846941492936,-0.008873645573234333,0.04821660774529335,-0.07972238957881929,0.04501447437331081,0,0.07,True,0.11315063331050672,0.2024188678464507
1150.28,12.089460372924805,-0.04598348215222359,3.1015017640698335,1.6142218886928164e-05,0.0004107837403303985,-0.0011339829412042074,-0.010395395374029224,0.052205771497246554,-0.021881742477416994,0.07196590572595597,0,0.07,True,0.13142154417909016,0.13917996946164246
1150.3,12.089388847351074,-0.04586214944720268,3.102504852040459,0.00012536105968704076,0.0003912928971075341,0.002676614755963989,-0.005295531540754455,0.05584913785487505,-0.016952802687883378,0.08051090583205224,0,0.07,True,0.1312767108998457,0.0638810597692032
1150.32,12.089287757873535,-0.045381296426057816,3.103461039892086,-0.000510758555181479,0.0002531912379130151,0.00537348514340453,-0.010141832704388657,0.05738116780985237,-0.06900510072708131,0.08046547859907151,0,0.07,True,0.09728568108021528,0.03212966129025025
1150.34,12.089250564575195,-0.04554138705134392,3.104735544555645,0.0003268793902051279,-4.0256752247183e-05,0.0056312899304851675,-0.01166770277403867,0.05332709252682496,-0.044095295369625094,0.02965920686721802,0,0.07,True,0.034412317295764425,0.03070199074339078
1150.36,12.089061737060547,-0.045156337320804596,3.1060922574946175,1.6433917945532557e-05,-0.00035400769995410877,0.006648871545205937,-0.009201546190778398,0.05477614440046424,-0.0558843731880188,0.06402156710624696,0,0.07,True,-0.023965737916975663,0.0037124823439326007
1150.38,12.088973045349121,-0.04491276666522026,3.106771019442613,7.627963870439287e-05,-0.0005659564776587336,0.005429600139630463,-0.013419721635605899,0.05830529711435106,-0.0619120854139328,0.015076437145471574,0,0.07,True,-0.059626309200423916,0.08343480298975647
1150.4,12.08878231048584,-0.04462675750255585,3.1078431314441315,-0.00030167420952387447,-0.0012197160396687048,0.003456226110042772,-0.010868508092154085,0.05767816639736755,-0.06036484748125077,0.05953060045838356,0,0.07,True,-0.0947073171982438,0.0206632407607169
1150.42,12.08885383605957,-0.04445333778858185,3.109399968324802,-0.0003524225505281079,-0.0008090011650735392,0.0008611851944420352,-0.006001373495303501,0.060001876766018376,-0.07686856925487519,0.05412751346826554,0,0.07,True,-0.07966434853535231,-0.12270557544945017
1150.44,12.088814735412598,-0.04427802190184593,3.110706510806416,-0.0005745953076860624,-0.0008326905208755599,-0.0009277138306682104,-0.0027851088458585313,0.056429203661324784,-0.015909588411450386,0.019568850547075273,0,0.07,True,-0.07814591573172262,-0.21196098743896286
1150.46,12.088919639587402,-0.0444306880235672,3.11157116958389,-9.597465247950314e-05,-0.000744700251519919,-0.0009435477431919254,-0.0019400843303333994,0.04848885107840398,-0.033180145733058455,0.012455834150314333,0,0.07,True,-0.03663902107081327,-0.26670721899400784
1150.48,12.088863372802734,-0.04440634697675705,3.1123574677370334,-0.00019754338893218282,-0.0007907403378566878,-0.0027954471484893514,0.001386130692539935,0.040721287402265945,-0.005847404673695565,0.03507362693548203,0,0.07,True,-0.030474852679439002,-0.27272832317759216
1150.5,12.088933944702148,-0.044300466775894165,3.1132790764110707,-0.000466309572843952,-0.000794334299348052,-0.002069936491220361,0.002345152709291393,0.038665299246517154,-0.1019843477010727,0.0074079841375350956,0,0.07,True,-0.05219326238503615,-0.2298930921426653
1150.52,12.089035034179688,-0.04439540207386017,3.113964213798594,-0.0004971652117762173,-0.0007582523271568854,-0.003365702045021113,0.0039820542580239785,0.034610937807137254,-0.07403260439634324,0.028671451918780805,0,0.07,True,-0.029876310242244984,-0.1624178672533267
1150.54,12.089079856872559,-0.044622913002967834,3.1146643935236087,5.655244270308945e-07,-0.0007770636769427671,-0.005119008733991019,0.004098892662184938,0.030097403707007482,-0.04051892012357712,0.005112419286742807,0,0.07,True,-0.06606020158614453,-0.13332035950965707
1150.56,12.089123725891113,-0.0447322279214859,3.115126342761602,9.200726862736744e-05,-0.0007054595908856148,-0.005185551967866776,0.004884592310068772,0.027727858022011626,-0.00758305385708809,0.008265719786286355,0,0.07,True,-0.07559080732336211,-0.07328844289393728
1150.58,12.089334487915039,-0.044639285653829575,3.115686868707629,-0.000346526845070498,-0.0007079800936371998,-0.0073547526181071176,0.004028895583781794,0.02799967048575429,-0.0022665512515231967,0.003230240195989609,0,0.07,True,-0.005779187346314441,0.013464699010714528
1150.6,12.089439392089844,-0.044797010719776154,3.116182442440353,0.00011253983998382211,-0.0008405359554553178,-0.009412966630884582,0.003923349208280032,0.028747862375627604,-0.03589656526222825,0.04812959842383862,0,0.07,True,0.02446728631257314,0.014518140938890199
1150.62,12.089659690856934,-0.04496035724878311,3.116904367162467,0.00020512484385343773,-0.000699411602746446,-0.005581343721695754,0.006786948837013659,0.031174579627863665,-0.036064360141754154,0.04495828684419394,0,0.07,True,0.10398561713832874,-0.039157820946333514
1150.64,12.089868545532227,-0.045065127313137054,3.1174261717516565,0.00030097700942147864,-0.0005720025015348478,-0.003228169062857142,0.007754865261306334,0.028889309297125087,-0.01894354417920113,0.042475961614400155,0,0.07,True,0.17640883066183935,-0.0013267203198734227
1150.66,12.089767456054688,-0.04519309848546982,3.118180835077863,0.00021494816293582064,-0.0009547624258078828,0.0009640967529752593,0.007204528377720419,0.024867044810041553,-0.05183218598365784,0.0032463006488978865,0,0.07,True,0.11270605544565576,0.04430015664991992
1150.68,12.089682579040527,-0.04542345926165581,3.1184935871841275,1.428738875450847e-05,-0.0008250022096863726,0.00469973982208984,0.01025147837782945,0.028641724750037525,0.0010848024487495422,0.08598134458065033,0,0.07,True,0.05886918351732864,0.13829798786102585
1150.7,12.089569091796875,-0.045534756034612656,3.118893730747274,-0.0002726002216970971,-0.0006672116793083233,0.003435140713974132,0.007833012759734179,0.03471859215986411,-0.03641365703195334,0.011541304290294648,0,0.07,True,0.01855624156678841,0.2567658206572054
1150.72,12.089473724365234,-0.04587634280323982,3.1197175097316574,0.0004693299628956108,-0.0007249801703114655,0.0014813656185248653,0.006956214954038654,0.03995314832599709,-0.04613539038226009,0.011628626883029939,0,0.07,True,-0.03404644462719313,0.18084197538513067
1150.74,12.089478492736816,-0.045813340693712234,3.1209583224506496,-1.3239457563184473e-05,-0.000509995982348276,0.0024485960783169817,0.008458812358655273,0.0454083104625993,-0.025308362022042275,0.03190829873085022,0,0.07,True,-0.007885636286602887,0.007855774037266275
1150.76,12.08955192565918,-0.04597723111510277,3.1216898390502044,-4.965023444323927e-05,-0.0003301707405674622,0.001976024251916867,0.00735082573214071,0.04310908278083482,-0.0548105001449585,0.018173280805349353,0,0.07,True,0.03441842065303922,-0.004473545505500983
1150.78,12.089359283447266,-0.04620727524161339,3.122526395584279,0.00016231306456348114,-0.0004518227268278928,0.002804289811046475,0.010505790735795856,0.03534705408284484,-0.008392767608165742,0.019790870398283006,0,0.07,True,0.025465242633548237,-0.0467150518651
1150.8,12.089303970336914,-0.04646114632487297,3.123166236354121,0.0001862264054810292,-0.00023560336859006057,0.004234839270765498,0.00893889166979325,0.03959526468555734,-0.03707822054624558,0.07619800984859468,0,0.07,True,0.0709139367766052,0.10365417504629158
1150.82,12.089238166809082,-0.046649374067783356,3.1237860867772747,0.00028377992726791643,-1.678895664469956e-05,0.004485815488998988,0.009883330284446526,0.0416711063133947,-0.0398001766204834,0.0182120917737484,0,0.07,True,0.04591820138130389,0.22840328838831073
1150.84,12.089200019836426,-0.04668597877025604,3.124857460225046,-0.00030925870946709615,0.0002404112219610899,0.0076491391940401235,0.008144804935100306,0.051401416784530606,-0.052116714045405396,0.04510219529271126,0,0.07,True,0.07682027073295032,0.13612521425316784
1150.86,12.08898639678955,-0.04699142649769783,3.1258600840893473,0.00011569746696336239,-0.00011272234564542645,0.006477745921547445,0.00808867350657466,0.05361931715389308,-0.07099190980196,0.015022706985473634,0,0.07,True,0.07673731156404795,0.13410842368320697
1150.88,12.0886812210083,-0.04710239917039871,3.1272783496968914,-9.068722878295345e-05,-0.00018684987415954634,0.010380460929413401,0.010254624195689614,0.05048528182583181,-0.052641464769840246,0.05902791768312455,0,0.07,True,0.007970060437330721,-0.09151830663899992
1150.9,12.088709831237793,-0.047288235276937485,3.1280756321495944,-9.1653664158451e-05,0.0008367594246069937,0.010624800414134689,0.006886736452910556,0.05239978020807199,-0.0008358126878738404,0.02180351242423058,0,0.07,True,0.04867137103201929,-0.0659866099448191
1150.92,12.088357925415039,-0.04749437794089317,3.1288962827711204,4.678575952387464e-05,0.0004167627468926997,0.008286744029027814,0.007430426843466198,0.04407995225339646,-0.012482729479670525,0.05856659829616547,0,0.07,True,-0.024325988976315386,-0.03824174387262154
1150.94,12.088129043579102,-0.047530826181173325,3.130052066506001,-9.03123214452188e-05,0.0006173182597083039,0.010371455604116514,0.006236286927538106,0.04834038835829735,-0.04244897097349167,0.037206870019435886,0,0.07,True,-0.022403991169543534,-0.17655090313892224
1150.96,12.088010787963867,-0.04768836870789528,3.13080474587716,8.63086868159662e-05,0.0007893443058811964,0.00843438181130994,0.004988125352521384,0.04742594231602487,-0.01438026696443558,0.02094985991716385,0,0.07,True,-0.01028269666481099,-0.04897159064225806
1150.98,12.087874412536621,-0.047777529805898666,3.1319428632182547,6.482238317409103e-05,0.0009865598690024901,0.008832481120572836,0.0038448325503757045,0.03827570795697106,0.000748329982161522,0.0626672449707985,0,0.07,True,-0.05090382843974679,-0.16168879132300293
1151.0,12.087678909301758,-0.04788612574338913,3.132690358156399,0.0002604136498950417,0.0009697382306152415,0.0074641282958436824,0.0038677933478371957,0.04016222500201938,-0.056619525924324995,0.06682844668626786,0,0.07,True,-0.056480296014229485,-0.17647012895066938
1151.02,12.087419509887695,-0.04783158004283905,3.133114123142556,-0.00011063320901284304,0.0007537741488332169,0.006299149328940474,0.0008549338257027709,0.03540528505246888,-0.05672869741916657,0.0650773259997368,0,0.07,True,-0.06549994677402017,-0.018838729657736808
1151.04,12.087410926818848,-0.047992464154958725,3.1340177238773186,0.00040063349968765677,0.0009158296475501717,0.003915958130175691,-0.0007631939796157322,0.03330833199998416,0.001465558409690857,0.039434297084808355,0,0.07,True,-0.08004462338594891,0.018328433620920532
1151.06,12.087369918823242,-0.04784164950251579,3.1347752860224496,-0.00019423162045892938,0.0009149975282652319,0.0035924853786559875,-0.0006164128504273908,0.03676860958435348,-0.008706466481089593,0.03427357628941536,0,0.07,True,-0.08027853276862959,-0.010946816570154142
1151.08,12.087366104125977,-0.04782269895076752,3.1353550247163953,-0.000243799989625503,0.0010325400020241185,0.0010605584249735941,-0.0018430271603798753,0.04162849969169169,-0.08648944929242135,0.018596369177103046,0,0.07,True,-0.033110790365926374,0.003214617420442433
1151.1,12.087132453918457,-0.04778030887246132,3.1360556119093017,-0.00024638235267972203,0.0004409866175691579,-0.0001231332925440522,0.0007083449438502183,0.03452953972685734,-0.006019098721444608,0.06240979164838791,0,0.07,True,-0.039590286277031504,-0.10050677326929792
1151.12,12.087327003479004,-0.04784449562430382,3.137348003852651,-0.00025032423878273323,0.0007609762734879905,0.00126709490090399,0.0019921401864014076,0.03356550139361932,-0.0007065389305353165,0.04069059252738953,0,0.07,True,0.01601166284820262,-0.23070413190360167
1151.14,12.087379455566406,-0.047898370772600174,3.1375376492006035,-0.00015747894173784446,0.0008511392662166422,0.00042526247648734614,0.003900226233471207,0.02872806772279411,-0.007795434333384038,-0.000922553762793541,0,0.07,True,0.07919334618822534,-0.019400806513944206
1151.16,12.087264060974121,-0.047981638461351395,3.13804026482789,-0.00021798294641567353,0.0005040419444411966,0.0023414914528322793,0.0019553997490819493,0.023172169139367885,-0.0018585121631622317,0.006501433327794076,0,0.07,True,0.07219295119772531,-0.01839191007696075
1151.18,12.08709716796875,-0.04809218645095825,3.1383538573271297,-0.00010431359167746893,0.00039737746956283157,0.006212334402526219,0.0032182059183991354,0.03297747520573881,0.0015089282952249052,0.0459183406829834,0,0.07,True,0.08349946353644873,0.14907857954460157
1151.2,12.087139129638672,-0.048000261187553406,3.139201777383804,-0.0004156657267620902,0.0008550984458275258,0.007042530996733178,0.0011536134355174265,0.03209414858745962,-0.03580245677381754,0.0044459842890501025,0,0.07,True,0.059549843964850704,0.23912366975684682
1151.22,12.086881637573242,-0.04815421625971794,3.1401758472170602,1.451324096146362e-05,0.0005112856628558517,0.007105219559397169,-0.00023910887784146817,0.04065435408635139,-0.05102960169315338,0.0013537009805440904,0,0.07,True,-0.027735268115056173,0.18048097401074958
1151.24,12.086700439453125,-0.04807258024811745,3.1406077967148844,-0.0001467595396749668,0.0003325887732442365,0.0071054789700160026,-0.0006111212104673383,0.04230206271989823,-0.005525769516825677,0.027522053923457863,0,0.07,True,-0.05685738286592151,0.1398245117304753
1151.26,12.086528778076172,-0.04807225242257118,-3.1415791015255516,-7.53350579624848e-05,0.0002121793689757013,0.003993512953323743,0.0001293531514107254,0.04741595312658564,-0.06162882938981057,0.03758816681802273,0,0.07,True,-0.1037802423830992,0.021127529387793408
1151.28,12.086570739746094,-0.04795081168413162,-3.140599364778194,-0.0002897547638625476,0.0005668663208929082,0.0024939403674635935,0.002481640724839062,0.04328010952588747,-0.007859900146722795,0.017368279695510865,0,0.07,True,-0.07759905080951264,-0.053471402774518124
1151.3,12.086562156677246,-0.04816456884145737,-3.1392161837124024,0.0001875919712797026,0.00018796390446623062,-0.0011971998312432165,-0.0021475382162275173,0.042344556437373324,-0.05503937877714635,0.025370651185512544,0,0.07,True,-0.04834623063906249,-0.21919216465490748
1151.32,12.086501121520996,-0.048271309584379196,-3.139115101702634,0.00046831626438607963,-2.291835868368823e-05,0.0008975549052606375,0.001405614347357705,0.03802435049794067,-0.05503937877714635,0.025370651185512544,0,0.07,True,-0.04688984591447968,-0.06332325406232918
1151.34,12.086624145507812,-0.04790022224187851,-3.138191537010565,-0.0002889549340436516,0.0004653931281916294,0.00012581450220226182,-0.0015631496639689994,0.02988057995420899,-0.0563488781452179,0.03272974975407124,0,0.07,True,0.013843187608145896,-0.12092499625318168
1151.36,12.086499214172363,-0.04806343838572502,-3.1375574167383613,0.00017751097348676152,-9.133682342851773e-05,-0.0012572473056913695,-0.004327008907514827,0.03821424920090574,-0.055508659482002266,0.00672877237200737,0,0.07,True,0.012150117541470792,-0.04519044834338732
1151.38,12.086551666259766,-0.048039551824331284,-3.136825737316061,0.00014089696803945768,-9.037809527600002e-05,-8.974482258940437e-05,0.0036804976425614706,0.03267055673710009,-0.026802653670310976,0.0021419919282197955,0,0.07,True,0.019380285485508447,0.17850188124936733
1151.4,12.086600303649902,-0.047924745827913284,-3.136057961766556,-6.473975101683527e-05,4.77494930135705e-06,0.0018695643085801794,0.003937309892837881,0.0344091146304627,-0.007025031447410584,0.03765585131943226,0,0.07,True,0.03878519318518798,0.078224208928627
1151.42,12.08663272857666,-0.04819462448358536,-3.135577892471592,0.0005621039619294519,3.660030081858474e-05,0.001676237341045934,0.0031918160745609647,0.044160730454185976,-0.02604111880064011,0.008252187371253968,0,0.07,True,0.002867911073662819,0.08830788126079919
1151.44,12.08635139465332,-0.04837924614548683,-3.134804687567919,0.0010318178094909521,-0.0007444795331714496,0.0018455681491296656,-0.00032680988958301284,0.044472185915208,-0.0039672269299626355,0.005139775462448598,0,0.07,True,-0.07205461384700691,-0.027920034582081997
1151.46,12.086419105529785,-0.048295699059963226,-3.1332928788797294,0.0011177154689256644,-0.0008733417778150244,0.0001396880633034125,-0.003278410159763695,0.0397351872379576,-0.0004986764304339887,2.4059712886810304e-05,0,0.07,True,-0.039955662954926766,-0.34411426853543786
1151.48,12.08645248413086,-0.047899603843688965,-3.1325001868933424,0.0005150399352691906,-0.0009824972962635464,-0.0038948047991751314,-0.004859446899203571,0.03217551186389817,-0.08946103870868684,0.02794441357254982,0,0.07,True,-0.05588523877149024,-0.47207167808270384
1151.5,12.08661937713623,-0.0479324534535408,-3.132399077492558,0.0008872987826812394,-0.0007126126572101188,-0.0015202156953453,-0.004563713863961773,0.016631588971375982,-0.012767114639282227,0.0496188759803772,0,0.07,True,-0.020832530703442383,-0.2855507199427458
1151.52,12.08665943145752,-0.0479876734316349,-3.1322306466188095,0.0012178765821715602,-0.0007549463184696091,-0.002625250952585487,0.0022762890356375466,0.006706451668626039,-0.013156535476446154,0.046355242580175406,0,0.07,True,0.01864710593645263,-0.1062995297864401
1151.54,12.08653736114502,-0.04792949929833412,-3.1319623517620205,0.0011506539822714972,-0.0011133435672651339,-0.0015269143929704625,0.002375577605350269,0.01689112964255872,-0.002363209128379822,0.0009523686766624451,0,0.07,True,-0.03622742082727895,0.13501547455847385
1151.56,12.086664199829102,-0.048079732805490494,-3.131963670759853,0.001196746011928322,-0.0008209496375962475,-0.002403036324260278,0.0005299421841411656,0.0236715494809907,-0.05701394677162171,0.004740565828979016,0,0.07,True,-0.01060307762810451,0.4043101552687614
1151.58,12.086743354797363,-0.048121314495801926,-3.1310477871211546,0.000964758311995538,-0.0006144688934483499,-0.00441840936152498,0.0026878777994667614,0.027432826936044066,-0.048019350469112404,0.007938998825848103,0,0.07,True,-0.0252044283889003,0.25505825352292666
1151.6,12.086852073669434,-0.048028215765953064,-3.130336922660332,0.00029666469092093703,-0.00036872429500721025,-0.0034734971628330763,0.0049147412282633295,0.039051264090097536,-0.0459377607703209,0.007316972166299821,0,0.07,True,-0.018869843973245176,0.23304944205124867
1151.62,12.086893081665039,-0.048140790313482285,-3.129767725607139,0.00012394173349700673,-0.00037841151097252004,-0.0035432686640806525,0.004828861028102587,0.037295789924374295,-0.05001416310667992,0.06390396960079671,0,0.07,True,-0.020128517878001493,0.27746797002552853
1151.64,12.086946487426758,-0.04846975952386856,-3.128839569632639,0.0004043850410582042,-0.00042277280872701745,-0.0039126238421228095,0.009172015827043942,0.042315504845126625,-0.011051699668169023,0.004786816313862801,0,0.07,True,-0.06886558835654366,0.22197499276529484
1151.66,12.087031364440918,-0.04850424453616142,-3.128064123927199,0.00023992303803741075,-0.00018775480957113863,-0.0060286907917682115,0.005571840757174224,0.04963026453812925,-0.013718294203281405,0.004342891024425626,0,0.07,True,-0.10200685763590771,0.36059901152440826
1151.68,12.087174415588379,-0.048757925629615784,-3.1269516822727152,0.0006730416293396312,-0.00037339780924863715,-0.008982744231367216,0.002893472346603723,0.05680926351135544,-0.019509440287947658,0.011676914766430856,0,0.07,True,-0.09351919517834477,0.24899743333842098
1151.7,12.087381362915039,-0.048579972237348557,-3.125797304444081,3.038963644688717e-05,-0.000316851976447397,-0.01170381727496904,0.002517157353986808,0.06614371084638271,-0.029388872012495997,0.010125794485211373,0,0.07,True,-0.09811044846838589,0.13444186478972045
1151.72,12.087668418884277,-0.04869069159030914,-3.1242948285517347,-4.370833907201053e-06,-0.0002237139532878675,-0.011394159456383586,0.00022855067687280623,0.062235299512182186,-0.07638620048761369,0.0007884112931787968,0,0.07,True,-0.06713379981863757,0.024258203419796582
1151.74,12.087970733642578,-0.0486908033490181,-3.122772627059493,-0.0005060426340803849,-0.00010154957251744724,-0.013877526669231944,0.00511504807192734,0.0603856137212971,-0.050769265294075015,0.050736560523509985,0,0.07,True,-0.046591168934842477,-0.1527332501586464
1151.76,12.088086128234863,-0.048760440200567245,-3.121972858311745,-0.00048108737177251804,-0.0004496323424260663,-0.014353448216853337,0.004968778880920408,0.058749919784937404,-0.01472433462738991,0.04708062112331391,0,0.07,True,-0.08791986838373773,-0.0035466855923741393
1151.78,12.088499069213867,-0.04896821081638336,-3.1209664553463816,-0.0003884624959147855,-9.040854167244523e-05,-0.015431110789753049,0.007987819844804839,0.05392505083370211,-0.005448633134365082,0.013011505976319315,0,0.07,True,-0.07032491199611098,0.08075074657561945
1151.8,12.088824272155762,-0.049065589904785156,-3.119594834968944,-0.0004279656369640158,-4.4234357649355956e-05,-0.018427748927076208,0.00842331550769787,0.06195156466479251,-0.012922517061233521,0.05330228492617608,0,0.07,True,-0.06714202785051612,0.021924296016065197
1151.82,12.089218139648438,-0.049304232001304626,-3.118458622992801,-0.0005101602011962099,-0.00010617768005967055,-0.019503519628915705,0.010494458424837972,0.06684567344734078,-0.028211793377995495,0.00752508357167244,0,0.07,True,-0.007103182783673669,-0.057110750380490606
1151.84,12.089574813842773,-0.04940171539783478,-3.1170167331385663,-0.0008232566044412189,-0.00012577682600509356,-0.019724810444889742,0.01012075812225445,0.060503863466221025,-0.03925580814480782,0.008463960513472557,0,0.07,True,0.044292621250541044,-0.2663018509105944
1151.86,12.090078353881836,-0.04977145045995712,-3.115618801470599,-0.0005653121578827671,0.00024678084878131947,-0.015999365412446426,0.010249085233796116,0.04935619080326702,-0.07256176382303238,0.008250127546489239,0,0.07,True,0.141301571260429,-0.3806678361889539
1151.88,12.090421676635742,-0.04983622953295708,-3.114754525891637,-0.0007778997134129345,0.0006248943879498124,-0.014884339227026077,0.011932419410250252,0.04064741659190379,-0.10292032122612,0.02214653700590134,0,0.07,True,0.17842225263663525,-0.3319746218200752
1151.9,12.090518951416016,-0.050090640783309937,-3.114510127728532,-0.0005319220671083162,0.0005150643072072328,-0.008199393928059538,0.005475163584958465,0.036392246552165615,-0.012767659127712251,0.04678407102823258,0,0.07,True,0.16622541085775516,-0.15949173938409186
1151.92,12.090790748596191,-0.05032401159405708,-3.1137649398112077,-9.436973862125875e-05,0.000926498981692333,-0.005451030233931335,0.00596021518320046,0.03394589372056368,-0.005585833787918091,0.0198050594329834,0,0.07,True,0.17408363058377954,-0.15061337715894638
1151.94,12.09074592590332,-0.05019154027104378,-3.1127074217464203,-0.000478695136019857,0.0006273229929344087,-0.002701332543800312,0.00020238718990882011,0.03659685165251501,-0.011513979472219944,-0.005278705544769765,0,0.07,True,0.10741353068547282,-0.22471846424844816
1151.96,12.09087085723877,-0.050300728529691696,-3.1120388543939943,-0.0001633562439881328,0.0009079893916750566,-0.0009576487803363796,-0.0013306169912627233,0.028598346419199037,-0.007413456402719022,0.007868699841201306,0,0.07,True,0.12947711324510186,-0.323133871885683
1151.98,12.09073543548584,-0.05010058358311653,-3.1115823795963333,-0.0005369564698417779,0.0006880955888587345,0.0003936885267704718,-0.002776995908416022,0.018414769412306114,-0.007723468765616417,0.007203599140048028,0,0.07,True,0.09320798615109314,-0.3994457855615774
1152.0,12.090864181518555,-0.05021534487605095,-3.111477072097674,-0.00023243645467852393,0.0010910212021329139,0.004907138825667392,-0.0021956619231111095,0.008095183969732557,-0.04237151958048344,0.02241495363414288,0,0.07,True,0.12524140891539906,-0.301075227643117
1152.02,12.090707778930664,-0.04997042566537857,-3.111234240193437,-0.000839174112684601,0.000973762032713761,0.004755306348280358,0.0006755803446140195,0.004641188807617882,-0.0019952730275690556,0.002091920897364617,0,0.07,True,0.09821488439346372,-0.13032639457839892
1152.04,12.090473175048828,-0.050136975944042206,-3.1113912396764163,-0.000621084741512594,0.0007322177810084735,0.009061663932886434,-0.0016577294180471407,0.004512328207771584,0.003724254965782166,0.007895160987973214,0,0.07,True,0.014726418706136711,0.11581422524227754
1152.06,12.090356826782227,-0.05016615241765976,-3.1112110844917242,-0.000436724677795884,0.0010247346296634035,0.008250879278240425,0.0034591141933188073,0.007988657846043683,0.009903540201485157,0.014433090686798097,0,0.07,True,0.015152196328183728,0.2943692263593563
1152.08,12.09013557434082,-0.05010467767715454,-3.1111160858410525,-0.000508676675496339,0.0009656759125286933,0.006085252322157258,0.0012639700223275323,0.017360321989106333,-0.05852268405258656,0.07383610613644123,0,0.07,True,-0.0567785549652605,0.4187475212627881
1152.1,12.090056419372559,-0.05026707798242569,-3.1105951475657543,1.8847424029954864e-05,0.0009227303115499894,0.005967482054533953,-0.00217389978263625,0.02819072691634497,-0.05852268405258656,0.07383610613644123,0,0.07,True,-0.05166053866425282,0.4406405305691199
1152.12,12.08998966217041,-0.05025288090109825,-3.110002413917289,0.00012864353522694288,0.0009125037824938298,0.004519379535669725,0.0011035431286029933,0.03801212990876416,-0.05903761886060238,0.014031112194061281,0,0.07,True,-0.009860848884652234,0.31681232582045793
1152.14,12.089874267578125,-0.05000711977481842,-3.1089558263384123,-0.0004031466482574786,0.0006969820391910462,0.004118036185092212,-0.002096252085200506,0.0432399002916414,-0.013227407634258271,0.018846048414707186,0,0.07,True,-0.010076682641466493,0.10922101100435827
1152.16,12.089776992797852,-0.050204336643218994,-3.1080751154483455,6.390475266108788e-05,0.0006777981275006147,0.005296384411383554,-0.006387689273817637,0.04270530805479195,-0.013227407634258271,0.018846048414707186,0,0.07,True,-0.02563114892437747,0.02580007988723386
1152.18,12.0897216796875,-0.050110217183828354,-3.1071359555424163,5.445324209554233e-05,0.0006082550974684232,0.005161347443215076,-0.0007930445629336176,0.03692840779671052,-0.014258415251970292,0.0230858588218689,0,0.07,True,-0.0401792179405785,-0.03634653700122877
1152.2,12.08954906463623,-0.04975635185837746,-3.106585989272899,-0.00031903179522783405,0.0004510079654634109,0.002468887621715565,-0.004094583459828998,0.04007613629974686,-0.03863726511597634,0.023294819295406343,0,0.07,True,-0.07102636642289831,0.015674598284143162
1152.22,12.089459419250488,-0.049957938492298126,-3.106001553714678,0.00025649079368868753,0.00035094891591895094,0.0009036987498488552,-0.005775695294909442,0.040332177331545746,-0.040290533564984805,0.03418847441673279,0,0.07,True,-0.07063917463049084,0.10110972866521709
1152.24,12.089568138122559,-0.049883883446455,-3.1048690245443686,0.0004682944895346067,0.000371905087730543,-0.0003857249024431427,-0.0007581827438157395,0.043959275917522266,-0.011200017482042314,0.02040367960929871,0,0.07,True,0.01177904464149238,-0.15974937304410933
1152.26,12.089632987976074,-0.04965102672576904,-3.1039093813558956,4.295474314252421e-05,0.0003104085306379535,-0.0004897865272190509,-0.0038151117853028192,0.04501718608992053,-0.04354852676391602,0.036667812913656235,0,0.07,True,0.028762551474591246,-0.18179444850876839
1152.28,12.089577674865723,-0.04969460517168045,-3.1030692471995005,0.0001981202989231669,0.00012083468012824813,0.003411211193034098,-0.004351636221480046,0.027296186456229735,-0.010004664324223997,0.05330457553267479,0,0.07,True,0.04112500721378214,-0.20174076914627262
1152.3,12.089487075805664,-0.04965147003531456,-3.1024001788274878,0.00012205738394949264,5.9805096307560906e-05,0.003204702867814062,-0.002852715481579802,0.025788621450857502,-0.012447136677801611,0.0066933086514472965,0,0.07,True,0.048399050425227755,-0.11155594676337548
1152.32,12.089282035827637,-0.04954652115702629,-3.1026853296278722,6.794070138181016e-05,-0.00015681757891469072,0.002904275674656436,-0.0038480633663218315,0.027820014385835135,-0.0013943282142281535,0.005119174867868424,0,0.07,True,-0.010139896100587081,0.39381552842077233
1152.34,12.089367866516113,-0.04943303018808365,-3.101846291639829,0.00010351847054500168,0.0001700630117861732,0.003382137506795648,-0.002252974710305802,0.03609271034885861,-0.06653964472934604,0.006626238655298949,0,0.07,True,0.042673805093391394,0.30357795023138495
1152.36,12.089333534240723,-0.049396030604839325,-3.1008436460486357,0.00019935045121726634,0.00015253636490125945,0.0026000195049878695,-0.002948388054540415,0.05880142872986287,-0.06789491176605225,0.015630235271528365,0,0.07,True,0.03394068384133078,0.25755248959635835
1152.38,12.08920955657959,-0.04948212578892708,-3.0995127619995735,0.0004183583659215,0.00013725034127640942,0.006618607275291972,0.000770084639111781,0.050074857469415236,-0.029751490354537967,0.02778262332081795,0,0.07,True,0.022482474412944445,0.11670953691573768
1152.4,12.089064598083496,-0.0493193194270134,-3.097981215329474,-0.0001729418379464708,9.351178470917032e-05,0.0056195303819681465,0.00217436363208718,0.048424213553583624,-0.003461360149085522,0.04625500924885274,0,0.07,True,0.021057185461059013,-0.2410884155830642
1152.42,12.088841438293457,-0.04951685667037964,-3.097840303042268,9.073269617481032e-05,-0.0004388250629574688,0.0051807354598346796,0.0011380880335219192,0.04542947330213567,-0.00620292354375124,0.013167099021375181,0,0.07,True,-0.0455446377592421,-0.018059848303555687
1152.44,12.088891983032227,-0.04958941414952278,-3.0969697089643415,1.5149633993117448e-05,0.0001082182972363359,0.004284594341875846,0.005895252546018646,0.039514355483180455,-0.0023224116116762165,0.05487157881259919,0,0.07,True,-0.010041774210806514,0.12644383146125837
1152.46,12.088799476623535,-0.04959121346473694,-3.095878404135406,4.339185936016045e-06,7.919503631121874e-05,0.002975036254555918,0.0013834537931382326,0.048630069605132095,-0.005778334438800812,0.012326698601245882,0,0.07,True,0.006119039713076757,0.19812186785256267
1152.48,12.088743209838867,-0.04980576038360596,-3.0948200668908226,0.0004944085052375999,-0.00023081524021935205,0.004816188445104356,-0.00036476854948132195,0.058539720070475094,-0.04696346379816532,0.049531292095780374,0,0.07,True,0.03812028729441904,0.2658726099388061
1152.5,12.088608741760254,-0.0496382936835289,-3.093949897473861,8.788309247316793e-05,-0.00020919993686211566,0.005670258636880375,0.0007799753564888595,0.061279222730326266,-0.004042634926736355,0.03195963501930237,0,0.07,True,0.04439127951755041,0.1030878558407543
1152.52,12.088505744934082,-0.04957827925682068,-3.092286531358708,-8.404009769446392e-05,-0.00019152067797968426,0.007334217325426596,-0.0013324617543403626,0.0607841642782656,-0.026943568475544456,0.05475438758730889,0,0.07,True,0.03274988620465294,-0.07604801275679045
1152.54,12.088349342346191,-0.049675144255161285,-3.0909760663169843,0.0005117531305438868,-0.0005045361228303609,0.006526338615956721,0.002537052552854756,0.05687709807238494,-0.05984332978725434,0.029720018506050112,0,0.07,True,0.022903781335690536,-0.19991752322522374
1152.56,12.088151931762695,-0.049728211015462875,-3.0899573337485657,0.0009917374520005979,-0.0009432403240822548,0.0074361793414742085,0.0002218564675529956,0.05245587904993739,-0.0670521430298686,0.047620774507522584,0,0.07,True,-0.0025728590686867818,-0.20127858060361667
1152.58,12.08809757232666,-0.0498674139380455,-3.089399729628074,0.0013974305675707893,-0.0010862562387078754,0.007502561143733951,-0.0005704813983987577,0.04528582087232291,-0.005012310668826104,0.011671375483274462,0,0.07,True,0.026823052725088614,-0.05215577636617455
1152.6,12.087912559509277,-0.049626708030700684,-3.0880900610347166,0.0010030330671422906,-0.001173957229656059,0.007128388599931841,-0.0001968523215876673,0.04468187782999091,-0.00040705412626266483,0.056423179954290394,0,0.07,True,0.0026872851832069554,-0.018852239775227635
1152.62,12.087747573852539,-0.049660880118608475,-3.0873532006472018,0.0010634764939531731,-0.001287788586688977,0.008672182833961858,-0.0032091797808371713,0.05270463596309477,-0.02749470576643944,0.0665162754058838,0,0.07,True,-0.007456828061228437,0.17199404317090827
1152.64,12.087581634521484,-0.04974298179149628,-3.0863827835221596,0.001172660449791766,-0.0014377698356107425,0.0076511621561311804,-3.282257934391508e-05,0.050947699867916266,-0.09736497461795808,0.019566688239574435,0,0.07,True,-0.01507751717859462,0.16457655084161169
1152.66,12.087390899658203,-0.04964866861701012,-3.0851833587510185,0.001117076999558814,-0.0016763401750544797,0.0069060148988345236,-0.0001274854680792715,0.05904534432602217,-0.12915815472602846,0.07374840229749681,0,0.07,True,-0.08931206018940893,0.15332877714461543
1152.68,12.087301254272461,-0.04965786263346672,-3.0840142450452754,0.0011549325621322331,-0.0014321428502521098,0.00592218722564194,-0.0008356944615371309,0.05784800189734529,-0.039551339149475104,0.04023163884878159,0,0.07,True,-0.1263963431522799,0.16350727117103522
1152.7,12.08719539642334,-0.04968184605240822,-3.082629573101111,0.0011134469585003435,-0.0014205800118260992,0.0015272180187953356,0.0013937398788125787,0.06497093813468771,-0.12841737091541292,0.09665091454982759,0,0.07,True,-0.16287467407732362,0.01546215030280826
1152.72,12.087104797363281,-0.04970350116491318,-3.081754943370376,0.0009545801186966482,-0.001676270156002093,-0.002460545296042016,0.00019214635913771466,0.06402828156158719,-0.011777092814445497,0.006662735939025879,0,0.07,True,-0.20891549698622872,0.1301503479867883
1152.74,12.087275505065918,-0.04976717382669449,-3.079985683700248,0.0009973976477286135,-0.0012137181507498645,-0.006123959027339515,-0.0028540568111590156,0.0602823163502457,-0.03325672328472138,0.08445285081863405,0,0.07,True,-0.1491717249612479,-0.04498585881662472
1152.76,12.087498664855957,-0.049661435186862946,-3.078891982520353,0.0008421711559522102,-0.0009933181492987493,-0.010791052533241157,-0.003318000892263595,0.06826002973627888,-0.04704574570059777,-0.0007149466872215271,0,0.07,True,-0.10220735337854359,0.050665241543591054
1152.78,12.08767032623291,-0.04942379146814346,-3.0778069877930956,0.000475968592456848,-0.0009266619951882125,-0.010406519978093642,-0.006954589342283772,0.061372069429361006,-0.09547801971435547,-0.0014601510763168337,0,0.07,True,-0.07089647024371251,0.12196469698148824
1152.8,12.087949752807617,-0.04938448965549469,-3.076294140991479,0.0003175186602478865,-0.0005305151162112421,-0.010637133566318065,-0.006468288911419281,0.06808150088507078,-0.09547801971435547,-0.0014601510763168337,0,0.07,True,0.007451299816128084,0.04570567759885757
1152.82,12.0880708694458,-0.04915887117385864,-3.0750759181459038,1.1237898582679068e-05,-0.0004334632388915181,-0.011795676646831357,-0.005076459308888805,0.07003949210875589,-0.08069950848817826,-0.0002710144873708487,0,0.07,True,-0.020676277168520916,0.11535807000014571
1152.84,12.088314056396484,-0.049089547246694565,-3.0734454624495524,-0.00015824430774965417,-0.00019254454212998395,-0.010194948547951452,-0.006517517393897721,0.07191648394418416,-0.038528122305870056,0.006507272887974978,0,0.07,True,-0.0383183388980212,-0.11477007650483488
1152.86,12.088584899902344,-0.048955850303173065,-3.0722038284244,-0.00039489198979451845,-4.4314621000864436e-05,-0.01206062215157381,-0.0055507557252564375,0.07060071502936427,-0.038528122305870056,0.006507272887974978,0,0.07,True,-0.033326490451260536,-0.16692134290477173
1152.88,12.088727951049805,-0.048808760941028595,-3.070540822275933,-0.0006580221102524803,-0.0004623811062758477,-0.013702600678165686,-0.0016048435467963132,0.05889989476466625,-0.05144657969474793,0.05421064528636635,0,0.07,True,-0.10607340805818155,-0.29003765634339645
1152.9,12.08900260925293,-0.048648983240127563,-3.0694278609435437,-0.0009690632247574655,-0.0005031108953445661,-0.014461795882937353,0.0019863440531656435,0.05668578467634834,-0.12485475599765779,-0.0012509705126285554,0,0.07,True,-0.058453654036511496,-0.3215486131939111
1152.92,12.089398384094238,-0.04888366162776947,-3.06873347086837,-0.0005709980034192211,-0.00028924099542163554,-0.018680821192622377,0.007221303655095833,0.048713471436667606,-0.02303173750638962,0.02423743072897196,0,0.07,True,-0.009407524527338994,-0.19041753237107856
1152.94,12.089750289916992,-0.04903092607855797,-3.0676689656502836,-0.000577713874592902,-0.00021630479780603473,-0.016736914474503768,0.012886778259574475,0.044876825973801666,-0.057828261554241187,-0.002450850121676922,0,0.07,True,0.022813265891961095,-0.2744189126630804
1152.96,12.09026050567627,-0.049276143312454224,-3.066643744561003,-0.0005458493127683435,0.00032496394788947915,-0.01445520264035212,0.01127378857340259,0.04366649217499382,-0.060627505779266365,0.003216750025749207,0,0.07,True,0.14593826978778882,-0.28914924402702186
1152.98,12.090414047241211,-0.0495782196521759,-3.065837714865643,-0.0001585080262788717,0.00015995219340249564,-0.012636734611582125,0.008504740391527356,0.03473227166332188,-0.073904128074646,0.051735022179782396,0,0.07,True,0.13929111388750304,-0.20090623090095636
1153.0,12.090619087219238,-0.04969644173979759,-3.0652401514943737,4.909513117444646e-06,0.0003323167826027777,-0.007005759609609889,0.008130799823103834,0.025581531914526896,-0.04709362104535103,0.016974281296133997,0,0.07,True,0.14898741022000617,-0.1472498575701739
1153.02,12.09080982208252,-0.04963284358382225,-3.0648903839172204,-0.0005030135020360058,0.0005188049748488732,-0.00559362536351366,0.0060909518298114815,0.028804327501739776,-0.004965705275535584,0.00634788602590561,0,0.07,True,0.14188032453735216,-0.04502444784644368
1153.04,12.090868949890137,-0.049881961196660995,-3.064597222007843,-0.00012588868013146457,0.0003739619500911141,-0.0025362098227624686,0.00695511216382438,0.03188650356939062,-0.011296507194638252,0.050588279217481616,0,0.07,True,0.11513296005191552,0.11186961904086999
1153.06,12.090897560119629,-0.05002977326512337,-3.0635333686655057,-0.00012854683033201284,0.0005100786704421404,-0.0012863086486042765,0.009543034578443925,0.03113031583560966,-0.005243208445608616,0.024828927963972094,0,0.07,True,0.1075033688447528,0.01582725936352799
1153.08,12.090864181518555,-0.05023559555411339,-3.0626892312088247,-0.00020208659122329607,0.0005645654083124029,0.002204877194534976,0.007166184837715698,0.034531101437788356,-0.011355807408690454,0.048097232133150106,0,0.07,True,0.05542267953092224,-0.137950800915366
1153.1,12.090971946716309,-0.050385937094688416,-3.062399958650374,-3.976241493683083e-05,0.0011358623111488878,0.003006644144058741,0.00579020936603192,0.030070508250820863,-0.002979482933878899,0.011479882970452309,0,0.07,True,0.08013385413741754,-0.04161663027188601
1153.12,12.090738296508789,-0.05046737566590309,-3.0618347338928222,-8.907055925360572e-05,0.0004884770232447318,0.0018976045397072774,0.0027944343392375254,0.02085043949617138,-0.04144090905785561,0.04456931792199612,0,0.07,True,-0.004430430342272065,-0.15493249504186854
1153.14,12.090694427490234,-0.05051056668162346,-3.0611277280054354,-0.00015104179720040249,0.0006599575022129513,0.005124399682401517,0.004223136875946476,0.027800985413852345,-0.003085146024823189,0.05564438104629517,0,0.07,True,-0.024356617942445907,-0.15880749580978337
1153.16,12.090730667114258,-0.05047053471207619,-3.061021196049128,-7.731666640307013e-05,0.001006623746852689,0.0018504427671525256,0.0029212437764779544,0.02213650183441492,-0.008094801269471647,0.005212188512086869,0,0.07,True,0.02758863106546048,0.053857031277740455
1153.18,12.090590476989746,-0.05075564607977867,-3.0601758798172614,0.0003022005221052195,0.0006238761028109161,0.0010581147086593024,0.0015342684523884636,0.01736590858601364,-0.006004992742091418,0.0043317582830786705,0,0.07,True,-0.007453597399625676,-0.12390567719684872
1153.2,12.090609550476074,-0.050712231546640396,-3.0600638137460656,0.0004753757160313887,0.0008198421461482149,0.004104695024948381,0.0039790390968405965,0.025159001998398944,-0.047830892801284795,0.016922964304685595,0,0.07,True,0.023905064897809955,0.04190908235220339
1153.22,12.090620040893555,-0.05063978582620621,-3.0597384553185556,6.0273156741304245e-05,0.001086694985693156,0.0045281118904320055,-0.0004995415296668843,0.017888531238113462,-0.052190138101577764,0.007604678496718407,0,0.07,True,0.05707977038528537,0.0934666048800111
1153.24,12.090429306030273,-0.050814542919397354,-3.0590084758892577,0.0003908635640857463,0.000708356376662626,0.0037628479589755827,0.0012391682050139127,0.02548922842258814,-0.05637301830574871,0.006034963205456734,0,0.07,True,-0.031442208405671614,-0.044544934098775774
1153.26,12.090226173400879,-0.05074543505907059,-3.0587447973182136,8.2223883059492e-05,0.00041704730546802087,0.005624496339477979,0.005646728662212299,0.024843236976407727,-0.004119863882660866,0.017360163480043413,0,0.07,True,-0.040621389867842805,0.0733066981142784
1153.28,12.090317726135254,-0.05083585903048515,-3.0580246754722604,-6.941765703028845e-06,0.0009910535196526002,0.0015893183524969396,0.0046924117097590185,0.021595407270500123,-0.005205728970468045,0.008237451240420341,0,0.07,True,-0.009311634244366644,-0.025864595996952122
1153.3,12.090209007263184,-0.05112721025943756,-3.057750996360445,0.00031330104888233453,0.0005955854911795451,0.0012784007010075366,0.004108710603805284,0.0237530670872504,-0.010576445758342745,0.0022864125296473505,0,0.07,True,-0.009140344858827662,0.07668632863431701
1153.32,12.090333938598633,-0.05119923874735832,-3.0572808433076193,0.000588653713121914,0.00085578447613584,0.0030179172194269286,0.00258514109481965,0.023420060742833853,-0.010576445758342745,0.0022864125296473505,0,0.07,True,0.07710023445244733,0.1396780672464823
1153.34,12.0901517868042,-0.051081541925668716,-3.0568445519512353,0.00016643797183416852,0.0005172559708199849,0.004893268750772431,-0.001971087080648493,0.03097814326714751,-0.011302735954523087,0.0022001778706908226,0,0.07,True,0.09332592769441961,0.15692183743740828
1153.36,12.090094566345215,-0.051062267273664474,-3.0561510706128354,0.00012315238877045576,0.0008700525953631798,0.007757337108687116,-0.0020452501878178773,0.03276965265020854,-0.011302735954523087,0.0022001778706908226,0,0.07,True,0.11277471535524984,0.18892174642365947
1153.38,12.089805603027344,-0.05100322514772415,-3.055272744899068,-7.343389038935262e-05,0.00048110694079708474,0.008744474916575535,-0.003759851016833844,0.036306814082267325,0.0031934147328138355,0.017857192754745486,0,0.07,True,0.0889093407059614,0.09417152018419643
1153.4,12.089701652526855,-0.051089175045490265,-3.0546592710955975,7.818403555068452e-05,0.000798653173095949,0.012039894447864352,-0.001487572479549823,0.03853380045675582,-0.04300722520798445,0.02973013430833817,0,0.07,True,0.06289562470476397,0.05382336059567176
1153.42,12.089428901672363,-0.05084218457341194,-3.0539400068246483,-0.0005891134309995383,0.0007200935380833683,0.01200601600726309,-0.002278067258739116,0.038511864881897784,-0.0075325194373726855,0.009165232926607134,0,0.07,True,0.05666528131857797,0.10639434778895847
1153.44,12.08912467956543,-0.051027338951826096,-3.053068366576289,-3.569146403377932e-05,0.0005203245604587505,0.012788987085077958,-0.0042316283954653856,0.037075521497870606,0.009635403119027615,0.03900069132447243,0,0.07,True,-0.004502202973818869,0.14954850297986902
1153.46,12.08883285522461,-0.05090576037764549,-3.052191795708519,-0.0003186931766166598,0.00038377837480785113,0.013277697422057649,-0.0027550744848664384,0.04481836190537626,-0.0018599252775311473,0.02819846644997597,0,0.07,True,0.011322929142214644,0.2565406009473973
1153.48,12.088652610778809,-0.05084242299199104,-3.0516932293757706,-0.00041503662202861295,0.00029511259489978616,0.01167971820995917,-0.0067971959790797615,0.05049768069513446,-0.06459843476768584,0.013603247553110124,0,0.07,True,0.0013511966835569771,0.37022751649869906
1153.5,12.088351249694824,-0.05071749538183212,-3.0503545378722214,-0.0005784192084204353,-0.00024855540541010395,0.012911850338639438,-0.0063300510955485055,0.0590351129576709,-0.003111267518252135,0.01966274950653315,0,0.07,True,0.017100654954732893,0.24200916721349056
1153.52,12.08814525604248,-0.050569646060466766,-3.049028552120682,-0.0006634487477648439,-0.00012691051873623,0.012897082819762418,-0.005512919124086121,0.0666937228177396,-0.06772635530680418,0.059810752272605905,0,0.07,True,0.019612228261541097,0.2693645815552607
1153.54,12.08775806427002,-0.05049557611346245,-3.04746898667191,-0.0006069414052269544,-0.0008943007350737487,0.014645749818435036,-0.007466195336308671,0.0641790952824379,-0.006320119984447957,0.015514864027500155,0,0.07,True,-0.030658872316175225,-0.01773115145663646
1153.56,12.087584495544434,-0.05049864575266838,-3.0463577315503563,-0.00022799508331327724,-0.0006516533025510563,0.013248696470881031,-0.004469820055578364,0.07204684721953572,-0.10195755302906037,0.07026273965835572,0,0.07,True,-0.030858607111678767,-0.11283356814568185
1153.58,12.087128639221191,-0.050232961773872375,-3.045220210249631,-0.00033360266494923376,-0.001047534937202814,0.010459140553347651,-0.0031832965256712665,0.057616620841141275,-0.06701378136873246,0.024939836710691454,0,0.07,True,-0.07619002074626169,-0.10579756962144511
1153.6,12.087056159973145,-0.050314467400312424,-3.0432648043431243,0.00013970905094761368,-0.0007830367523237934,0.010428394250830362,-0.001873504507025741,0.05766703736609326,0.0019499278068542483,0.0835499992966652,0,0.07,True,-0.03757778166132734,-0.3903849008661629
1153.62,12.08690071105957,-0.05032260715961456,-3.0428596570046227,0.0002775102534651535,-0.0006573902387838385,0.008550548158739645,0.0019082100478314131,0.05571528971272999,0.002177167693153024,0.024403954744338992,0,0.07,True,-0.014174546794689402,-0.19122972695024043
1153.64,12.086739540100098,-0.05043138936161995,-3.04174436856106,0.000492636959029052,-0.000829379998269872,0.010242473937969034,0.00022979820356472521,0.04081605515018233,-0.005865220371633769,0.012543315812945367,0,0.07,True,-0.014588022212418004,-0.3218077777246926
1153.66,12.08646297454834,-0.050452303141355515,-3.040762987072604,0.0003045803056795815,-0.0010081164853473407,0.009325176809770307,0.0012173860661811636,0.042318242685092475,-0.02879942782223225,0.04018527805805207,0,0.07,True,0.012660689765874393,-0.34411117180946343
1153.68,12.08624267578125,-0.05041443929076195,-3.0399995199311034,0.00026951295202613595,-0.0010447443412475081,0.009261352473834666,0.0023382339094699307,0.031922415148068095,-0.03843648070469499,0.0271410970389843,0,0.07,True,-0.011879902906041575,-0.2141275278238844
1153.7,12.08616828918457,-0.05049459636211395,-3.0394741975898087,0.0003842562831703735,-0.0009910940386475956,0.009563403340011553,0.0050350745567514805,0.02818639596791971,-0.0043445633444935084,0.0345075310766697,0,0.07,True,0.00047222560067252984,-0.28893576374067953
1153.72,12.086021423339844,-0.05069262534379959,-3.0391905753492168,0.000362057897261906,-0.0008335452281603092,0.009292081705486573,0.0072760649404374055,0.023685852924287158,-0.005180413518100977,0.04924385905265809,0,0,True,0.010412915255056773,-0.27409334269168256
1153.74,12.085742950439453,-0.05093100294470787,-3.0385080753951725,0.00035108170570214716,-0.0007117929141921645,0.009362954857824075,0.006980048905037324,0.019203381585859134,-0.032399971261620523,0.046727301068603996,0,0,True,-0.0575521446509301,-0.3006178623911254
1153.76,12.085562705993652,-0.0510694645345211,-3.038104651697162,-5.924874805226907e-05,-0.0007117175401130471,0.01009438569423845,0.0030289583829801675,0.009994947732753431,-0.04825360879302025,0.054614715874195106,0,0,True,-0.0874008483854488,-0.3098660069808608
1153.78,12.085480690002441,-0.0511271134018898,-3.0379379270629414,-0.00016024806806945105,-0.0006479057507458983,0.004959231767941333,0.0011265049072147933,0.004136966976651545,-0.013552101105451585,0.011562989950180055,0,0,True,-0.10494377680632913,-0.28370106650510685
1153.8,12.085243225097656,-0.051017068326473236,-3.0383909795305972,-0.0002524292511981837,-0.00117092834270892,0.002300013834657027,-0.0003572626615272958,-0.0011034276341591641,0.003773062825202942,0.005167855210602284,0,0,True,-0.1487712163639731,-0.09409706111211183
1153.82,12.085357666015625,-0.05106168985366821,-3.0381771180370407,-2.6235787492517246e-05,-0.0007834483889808556,0.0009674527133253801,-0.0010713768731092548,-0.0034927037345287696,0.008813513219356538,0.010314046144485474,0,0,True,-0.06804319665405771,-0.05630226527048643
1153.84,12.085376739501953,-0.051059991121292114,-3.038192925907895,5.005285088245475e-06,-0.0007560628085418751,-0.0018073116148685743,0.0007162394299328027,0.0024671828437913324,-0.0068235274404287345,-0.006150255501270295,0,0,True,-0.03195708781781762,0.011060886743182508
1153.86,12.085394859313965,-0.0510498508810997,-3.0382173433617035,7.246146940437763e-06,-0.0007068348079433275,-0.0004842239643783342,-4.653290744718099e-05,-0.0003672142449832724,-0.0005530780740082264,-0.0010603653360158206,0,0,True,-0.012574169556709359,0.04712984187805766
1153.88,12.085392951965332,-0.051059138029813766,-3.0381936049030935,1.1038347782649916e-05,-0.0007466955289094283,-0.00025655319077332365,-4.69259035690429e-05,-0.00021855669470285342,1.5084682963788511e-05,-0.0007738318527117373,0,0,True,0.020396052321809303,-0.033265136997004834
1153.9,12.085395812988281,-0.05105398967862129,-3.0382064951766394,-1.2793173434812538e-05,-0.0007387987100273754,-3.8480851213312534e-05,9.116421511809906e-05,0.00027768361572313055,5.14810485765338e-05,2.0387643016874792e-05,0,0,True,0.004288689061975975,0.005192390693363151
1153.92,12.085396766662598,-0.05105413869023323,-3.038210410443471,-1.1421250379404192e-05,-0.0007325633338952871,-0.00017562742912067658,-7.555090423010786e-05,-0.0001940281159741974,0.0004652518033981324,0.00014155797078274193,0,0,True,0.0011610249505997355,0.005167970195606412
1153.94,12.08539867401123,-0.05105678737163544,-3.0381951286724456,9.293232429620395e-06,-0.0007429614395019339,-0.0001411288394195931,2.592729385738703e-05,4.817701048658248e-05,0.0003263117384631187,0.0003084634360857308,0,0,True,-0.0024266436944382786,-0.005753236852757459
1153.96,12.085406303405762,-0.05105167627334595,-3.0382091271523715,-9.21715487997668e-06,-0.0007296017557116932,-0.00016367119472542927,3.9687254516329725e-05,0.00019488092094528358,-5.508837406523526e-05,-0.0001575725281145424,0,0,True,0.0004403643692812392,0.003320817783889419
1153.98,12.085407257080078,-0.05105488747358322,-3.0382026410158005,-8.287385116543762e-06,-0.0007367842136920401,-0.00023261234676819826,-4.7211921618364306e-05,-0.00018257533249704756,0.00031138456892222167,2.8264650609344247e-05,0,0,True,-0.0009760412998978913,-0.0014336018238523803
1154.0,12.085410118103027,-0.051055945456027985,-3.0381948199697955,5.870915229322377e-06,-0.0007371560071862424,-0.00014039827957820948,3.2967586567476676e-05,7.163730673671451e-05,0.00011752761900424958,0.00011516553699038923,0,0,True,0.0005472107402715466,-0.0023254821929261757
1154.02,12.085416793823242,-0.05105111002922058,-3.0382097346990453,-7.507945977906563e-06,-0.0007310763121657231,-0.0002192121434113534,-3.35758803611361e-05,-6.651113542150364e-05,-3.937151865102351e-05,-0.0001972460758406669,0,0,True,0.0005081457561916752,0.002219438610399789
1154.04,12.085417747497559,-0.05105314031243324,-3.0382033961678325,-8.032981887912615e-06,-0.0007416816205238363,-0.00011989433550374536,-4.3429014716990905e-07,8.842345511358701e-06,0.00023656046949326994,-5.3907182300463324e-05,0,0,True,-0.0003044216947971168,0.000851299991265647
1154.06,12.085424423217773,-0.05105040594935417,-3.0382079619066342,1.279947772115936e-05,-0.000722908622619504,-0.00019196068627290122,-1.9463123622224775e-06,-5.020243665225923e-06,2.6436813641339544e-05,1.5977283474057914e-05,0,0,True,0.0012666417176080342,0.0013818243403694362
1154.08,12.085419654846191,-0.05105492100119591,-3.0381941125821545,2.2605343237208354e-05,-0.0007485048692552549,-0.00016475201516195668,2.9268291300335485e-05,0.00013974130603790433,-0.00011157716624438763,-0.0002700509736314416,0,0,True,-0.0006253661489175489,-0.0009836977458981004
1154.1,12.085432052612305,-0.0510493703186512,-3.0382101363185385,-1.2447543447846415e-06,-0.0007224749603238452,-0.00011788080600280282,1.8971935161542827e-05,4.403481180795071e-05,3.775889053940773e-05,4.8629215452820066e-05,0,0,True,0.0013502228922434398,0.0004261101629168008
1154.12,12.085431098937988,-0.05105410888791084,-3.0381922168633495,8.827667526017775e-06,-0.0007559270643299194,-0.00016992362741710378,-2.056893605952925e-05,-6.985347416041775e-05,0.0002630058722570539,-3.477245103567839e-05,0,0,True,0.0017600247994539128,-0.0019941294201991965
1154.14,12.085433959960938,-0.05105094239115715,-3.0382044391216896,-1.0578122573310793e-05,-0.0007528061170889222,-8.394285489321727e-05,-4.66201795813192e-07,2.9068569368184026e-05,-4.6348705654963855e-05,-5.860557896085084e-05,0,0,True,0.0016698427208645963,0.0011119296233073998
1154.16,12.085433006286621,-0.05105188116431236,-3.0381997008600874,-1.5974437307601145e-05,-0.0007601200580069703,-2.3950031205371528e-05,1.911352920529496e-07,-1.9789047578339715e-05,0.00034807433374226096,5.6706885807216174e-05,0,0,True,0.002157028640501386,0.0017951798225680606
1154.18,12.08543872833252,-0.0510486401617527,-3.038207810832989,4.12454503013185e-06,-0.0007250326408035979,1.570661166662306e-05,3.5870061238398427e-05,0.0001329891816727146,0.00022636022651568058,0.00018812160007655623,0,0,True,0.002023832132441367,0.001825837544354638
1154.2,12.085433006286621,-0.05105392634868622,-3.0381937999871558,1.7533462596580026e-05,-0.0007515725826349444,2.638663823340594e-06,2.5428265595734002e-05,7.376091164530467e-05,-5.149429896846414e-05,-0.00031811126158572735,0,0,True,0.00029937539006741635,0.0002473630947294714
1154.22,12.085433006286621,-0.05105392634868622,-3.0381937999871558,1.7533462596580026e-05,-0.0007515725826349444,7.796371570194486e-05,5.834193305591147e-05,0.0001751355729164222,7.558835204690696e-05,4.809360951185227e-05,0,0,True,-0.00019633264583296682,-0.0016623647709104444
1154.24,12.085433006286621,-0.05105392634868622,-3.0381937999871558,1.7533462596580026e-05,-0.0007515725826349444,-0.0,0.0,0.0,0.0003908795700408519,0.00010327106108888984,0,0,True,-3.2983297791787424e-05,-0.0009220113955671469
1154.26,12.085433006286621,-0.05105392634868622,-3.0381937999871558,1.7533462596580026e-05,-0.0007515725826349444,-0.0,0.0,0.0,0.0003908795700408519,0.00010327106108888984,0,0,True,-0.0009745464462751972,-0.0021891946614572685
1154.28,12.085433006286621,-0.05105392634868622,-3.0381937999871558,1.7533462596580026e-05,-0.0007515725826349444,-0.0,0.0,0.0,0.0003908795700408519,0.00010327106108888984,0,0,True,0.0,0.0
1154.3,12.085433006286621,-0.05105392634868622,-3.0381937999871558,1.7533462596580026e-05,-0.0007515725826349444,-0.0,0.0,0.0,0.0003908795700408519,0.00010327106108888984,0,0,True,0.0,0.0
1154.32,12.085433006286621,-0.05105392634868622,-3.0381937999871558,1.7533462596580026e-05,-0.0007515725826349444,-0.0,0.0,0.0,0.0003908795700408519,0.00010327106108888984,0,0,True,0.0,0.0
1154.34,12.085433006286621,-0.05105392634868622,-3.0381937999871558,1.7533462596580026e-05,-0.0007515725826349444,-0.0,0.0,0.0,0.0003908795700408519,0.00010327106108888984,0,0,True,0.0,0.0
1154.36,12.085433006286621,-0.05105392634868622,-3.0381937999871558,1.7533462596580026e-05,-0.0007515725826349444,-0.0,0.0,0.0,0.0003908795700408519,0.00010327106108888984,0,0,True,0.0,0.0
1154.38,12.085433006286621,-0.05105392634868622,-3.0381937999871558,1.7533462596580026e-05,-0.0007515725826349444,-0.0,0.0,0.0,0.0003908795700408519,0.00010327106108888984,0,0,True,0.0,0.0
1154.4,12.085433006286621,-0.05105392634868622,-3.0381937999871558,1.7533462596580026e-05,-0.0007515725826349444,-0.0,0.0,0.0,0.0003908795700408519,0.00010327106108888984,0,0,True,0.0,0.0
1154.42,12.085433006286621,-0.05105392634868622,-3.0381937999871558,1.7533462596580026e-05,-0.0007515725826349444,-0.0,0.0,0.0,0.0003908795700408519,0.00010327106108888984,0,0,True,0.0,0.0
1154.44,12.085433006286621,-0.05105392634868622,-3.0381937999871558,1.7533462596580026e-05,-0.0007515725826349444,-0.0,0.0,0.0,0.0003908795700408519,0.00010327106108888984,0,0,True,0.0,0.0
1154.46,12.085433006286621,-0.05105392634868622,-3.0381937999871558,1.7533462596580026e-05,-0.0007515725826349444,-0.0,0.0,0.0,0.0003908795700408519,0.00010327106108888984,0,0,True,0.0,0.0
1154.48,12.085433006286621,-0.05105392634868622,-3.0381937999871558,1.7533462596580026e-05,-0.0007515725826349444,-0.0,0.0,0.0,0.0003908795700408519,0.00010327106108888984,0,0,True,0.0,0.0
1154.5,12.085433006286621,-0.05105392634868622,-3.0381937999871558,1.7533462596580026e-05,-0.0007515725826349444,-0.0,0.0,0.0,0.0003908795700408519,0.00010327106108888984,0,0,True,0.0,0.0
1154.52,12.085433006286621,-0.05105392634868622,-3.0381937999871558,1.7533462596580026e-05,-0.0007515725826349444,-0.0,0.0,0.0,0.0003908795700408519,0.00010327106108888984,0,0,True,0.0,0.0
1154.54,12.085433006286621,-0.05105392634868622,-3.0381937999871558,1.7533462596580026e-05,-0.0007515725826349444,-0.0,0.0,0.0,0.0003908795700408519,0.00010327106108888984,0,0,True,0.0,0.0
1154.56,12.085433006286621,-0.05105392634868622,-3.0381937999871558,1.7533462596580026e-05,-0.0007515725826349444,-0.0,0.0,0.0,0.0003908795700408519,0.00010327106108888984,0,0,True,0.0,0.0
1154.58,12.085433006286621,-0.05105392634868622,-3.0381937999871558,1.7533462596580026e-05,-0.0007515725826349444,-0.0,0.0,0.0,0.0003908795700408519,0.00010327106108888984,0,0,True,0.0,0.0
1154.6,12.085433006286621,-0.05105392634868622,-3.0381937999871558,1.7533462596580026e-05,-0.0007515725826349444,-0.0,0.0,0.0,0.0003908795700408519,0.00010327106108888984,0,0,True,0.0,0.0
1154.62,12.085433006286621,-0.05105392634868622,-3.0381937999871558,1.7533462596580026e-05,-0.0007515725826349444,-0.0,0.0,0.0,0.0003908795700408519,0.00010327106108888984,0,0,True,0.0,0.0
1154.64,12.085433006286621,-0.05105392634868622,-3.0381937999871558,1.7533462596580026e-05,-0.0007515725826349444,-0.0,0.0,0.0,0.0003908795700408519,0.00010327106108888984,0,0,True,0.0,0.0
1154.66,12.085433006286621,-0.05105392634868622,-3.0381937999871558,1.7533462596580026e-05,-0.0007515725826349444,-0.0,0.0,0.0,0.0003908795700408519,0.00010327106108888984,0,0,True,0.0,0.0
1154.68,12.085433006286621,-0.05105392634868622,-3.0381937999871558,1.7533462596580026e-05,-0.0007515725826349444,-0.0,0.0,0.0,0.0003908795700408519,0.00010327106108888984,0,0,True,0.0,0.0
1154.7,12.085433006286621,-0.05105392634868622,-3.0381937999871558,1.7533462596580026e-05,-0.0007515725826349444,-0.0,0.0,0.0,0.0003908795700408519,0.00010327106108888984,0,0,True,0.0,0.0
1154.72,12.085433006286621,-0.05105392634868622,-3.0381937999871558,1.7533462596580026e-05,-0.0007515725826349444,-0.0,0.0,0.0,0.0003908795700408519,0.00010327106108888984,0,0,True,0.0,0.0
1154.74,12.085433006286621,-0.05105392634868622,-3.0381937999871558,1.7533462596580026e-05,-0.0007515725826349444,-0.0,0.0,0.0,0.0003908795700408519,0.00010327106108888984,0,0,True,0.0,0.0
1154.76,12.085433006286621,-0.05105392634868622,-3.0381937999871558,1.7533462596580026e-05,-0.0007515725826349444,-0.0,0.0,0.0,0.0003908795700408519,0.00010327106108888984,0,0,True,0.0,0.0
1154.78,12.085433006286621,-0.05105392634868622,-3.0381937999871558,1.7533462596580026e-05,-0.0007515725826349444,-0.0,0.0,0.0,0.0003908795700408519,0.00010327106108888984,0,0,True,0.0,0.0
1154.8,12.085433006286621,-0.05105392634868622,-3.0381937999871558,1.7533462596580026e-05,-0.0007515725826349444,-0.0,0.0,0.0,0.0003908795700408519,0.00010327106108888984,0,0,True,0.0,0.0
1154.82,12.085433006286621,-0.05105392634868622,-3.0381937999871558,1.7533462596580026e-05,-0.0007515725826349444,-0.0,0.0,0.0,0.0003908795700408519,0.00010327106108888984,0,0,True,0.0,0.0
1154.84,12.085433006286621,-0.05105392634868622,-3.0381937999871558,1.7533462596580026e-05,-0.0007515725826349444,-0.0,0.0,0.0,0.0003908795700408519,0.00010327106108888984,0,0,True,0.0,0.0
1154.86,12.085433006286621,-0.05105392634868622,-3.0381937999871558,1.7533462596580026e-05,-0.0007515725826349444,-0.0,0.0,0.0,0.0003908795700408519,0.00010327106108888984,0,0,True,0.0,0.0
1154.88,12.085433006286621,-0.05105392634868622,-3.0381937999871558,1.7533462596580026e-05,-0.0007515725826349444,-0.0,0.0,0.0,0.0003908795700408519,0.00010327106108888984,0,0,True,0.0,0.0
1154.9,12.085433006286621,-0.05105392634868622,-3.0381937999871558,1.7533462596580026e-05,-0.0007515725826349444,-0.0,0.0,0.0,0.0003908795700408519,0.00010327106108888984,0,0,True,0.0,0.0
1154.92,12.085433006286621,-0.05105392634868622,-3.0381937999871558,1.7533462596580026e-05,-0.0007515725826349444,-0.0,0.0,0.0,0.0003908795700408519,0.00010327106108888984,0,0,True,0.0,0.0
1154.94,12.085433006286621,-0.05105392634868622,-3.0381937999871558,1.7533462596580026e-05,-0.0007515725826349444,-0.0,0.0,0.0,0.0003908795700408519,0.00010327106108888984,0,0,True,0.0,0.0
1154.96,12.085433006286621,-0.05105392634868622,-3.0381937999871558,1.7533462596580026e-05,-0.0007515725826349444,-0.0,0.0,0.0,0.0003908795700408519,0.00010327106108888984,0,0,True,0.0,0.0
1154.98,12.085433006286621,-0.05105392634868622,-3.0381937999871558,1.7533462596580026e-05,-0.0007515725826349444,-0.0,0.0,0.0,0.0003908795700408519,0.00010327106108888984,0,0,True,0.0,0.0
1155.0,12.085433006286621,-0.05105392634868622,-3.0381937999871558,1.7533462596580026e-05,-0.0007515725826349444,-0.0,0.0,0.0,0.0003908795700408519,0.00010327106108888984,0,0,True,0.0,0.0
1155.02,12.085433006286621,-0.05105392634868622,-3.0381937999871558,1.7533462596580026e-05,-0.0007515725826349444,-0.0,0.0,0.0,0.0003908795700408519,0.00010327106108888984,0,0,True,0.0,0.0
1155.04,12.085433006286621,-0.05105392634868622,-3.0381937999871558,1.7533462596580026e-05,-0.0007515725826349444,-0.0,0.0,0.0,0.0003908795700408519,0.00010327106108888984,0,0,True,0.0,0.0
1155.06,12.085433006286621,-0.05105392634868622,-3.0381937999871558,1.7533462596580026e-05,-0.0007515725826349444,-0.0,0.0,0.0,0.0003908795700408519,0.00010327106108888984,0,0,True,0.0,0.0
1155.08,12.085433006286621,-0.05105392634868622,-3.0381937999871558,1.7533462596580026e-05,-0.0007515725826349444,-0.0,0.0,0.0,0.0003908795700408519,0.00010327106108888984,0,0,True,0.0,0.0
1155.1,12.085433006286621,-0.05105392634868622,-3.0381937999871558,1.7533462596580026e-05,-0.0007515725826349444,-0.0,0.0,0.0,0.0003908795700408519,0.00010327106108888984,0,0,True,0.0,0.0
1155.12,12.085433006286621,-0.05105392634868622,-3.0381937999871558,1.7533462596580026e-05,-0.0007515725826349444,-0.0,0.0,0.0,0.0003908795700408519,0.00010327106108888984,0,0,True,0.0,0.0
1155.14,12.085433006286621,-0.05105392634868622,-3.0381937999871558,1.7533462596580026e-05,-0.0007515725826349444,-0.0,0.0,0.0,0.0003908795700408519,0.00010327106108888984,0,0,True,0.0,0.0
1155.16,12.085433006286621,-0.05105392634868622,-3.0381937999871558,1.7533462596580026e-05,-0.0007515725826349444,-0.0,0.0,0.0,0.0003908795700408519,0.00010327106108888984,0,0,True,0.0,0.0
1155.18,12.085433006286621,-0.05105392634868622,-3.0381937999871558,1.7533462596580026e-05,-0.0007515725826349444,-0.0,0.0,0.0,0.0003908795700408519,0.00010327106108888984,0,0,True,0.0,0.0
1155.2,12.085433006286621,-0.05105392634868622,-3.0381937999871558,1.7533462596580026e-05,-0.0007515725826349444,-0.0,0.0,0.0,0.0003908795700408519,0.00010327106108888984,0,0,True,0.0,0.0
1155.22,12.085433006286621,-0.05105392634868622,-3.0381937999871558,1.7533462596580026e-05,-0.0007515725826349444,-0.0,0.0,0.0,0.0003908795700408519,0.00010327106108888984,0,0,True,0.0,0.0
1155.24,12.085433006286621,-0.05105392634868622,-3.0381937999871558,1.7533462596580026e-05,-0.0007515725826349444,-0.0,0.0,0.0,0.0003908795700408519,0.00010327106108888984,0,0,True,0.0,0.0
1155.26,12.085433006286621,-0.05105392634868622,-3.0381937999871558,1.7533462596580026e-05,-0.0007515725826349444,-0.0,0.0,0.0,0.0003908795700408519,0.00010327106108888984,0,0,True,0.0,0.0
1155.28,12.085433006286621,-0.05105392634868622,-3.0381937999871558,1.7533462596580026e-05,-0.0007515725826349444,-0.0,0.0,0.0,0.0003908795700408519,0.00010327106108888984,0,0,True,0.0,0.0
1155.3,12.085433006286621,-0.05105392634868622,-3.0381937999871558,1.7533462596580026e-05,-0.0007515725826349444,-0.0,0.0,0.0,0.0003908795700408519,0.00010327106108888984,0,0,True,0.0,0.0
1155.32,12.085433006286621,-0.05105392634868622,-3.0381937999871558,1.7533462596580026e-05,-0.0007515725826349444,-0.0,0.0,0.0,0.0003908795700408519,0.00010327106108888984,0,0,True,0.0,0.0
1155.34,12.085433006286621,-0.05105392634868622,-3.0381937999871558,1.7533462596580026e-05,-0.0007515725826349444,-0.0,0.0,0.0,0.0003908795700408519,0.00010327106108888984,0,0,True,0.0,0.0
1155.36,12.085433006286621,-0.05105392634868622,-3.0381937999871558,1.7533462596580026e-05,-0.0007515725826349444,-0.0,0.0,0.0,0.0003908795700408519,0.00010327106108888984,0,0,True,0.0,0.0
1155.38,12.085433006286621,-0.05105392634868622,-3.0381937999871558,1.7533462596580026e-05,-0.0007515725826349444,-0.0,0.0,0.0,0.0003908795700408519,0.00010327106108888984,0,0,True,0.0,0.0
1155.4,12.085433006286621,-0.05105392634868622,-3.0381937999871558,1.7533462596580026e-05,-0.0007515725826349444,-0.0,0.0,0.0,0.0003908795700408519,0.00010327106108888984,0,0,True,0.0,0.0
1155.42,12.085433006286621,-0.05105392634868622,-3.0381937999871558,1.7533462596580026e-05,-0.0007515725826349444,-0.0,0.0,0.0,0.0003908795700408519,0.00010327106108888984,0,0,True,0.0,0.0
1155.44,12.085433006286621,-0.05105392634868622,-3.0381937999871558,1.7533462596580026e-05,-0.0007515725826349444,-0.0,0.0,0.0,0.0003908795700408519,0.00010327106108888984,0,0,True,0.0,0.0
1155.46,12.085433006286621,-0.05105392634868622,-3.0381937999871558,1.7533462596580026e-05,-0.0007515725826349444,-0.0,0.0,0.0,0.0003908795700408519,0.00010327106108888984,0,0,True,0.0,0.0
1155.48,12.085433006286621,-0.05105392634868622,-3.0381937999871558,1.7533462596580026e-05,-0.0007515725826349444,-0.0,0.0,0.0,0.0003908795700408519,0.00010327106108888984,0,0,True,0.0,0.0
1155.5,12.085433006286621,-0.05105392634868622,-3.0381937999871558,1.7533462596580026e-05,-0.0007515725826349444,-0.0,0.0,0.0,0.0003908795700408519,0.00010327106108888984,0,0,True,0.0,0.0
1155.52,12.085433006286621,-0.05105392634868622,-3.0381937999871558,1.7533462596580026e-05,-0.0007515725826349444,-0.0,0.0,0.0,0.0003908795700408519,0.00010327106108888984,0,0,True,0.0,0.0
1155.54,12.085433006286621,-0.05105392634868622,-3.0381937999871558,1.7533462596580026e-05,-0.0007515725826349444,-0.0,0.0,0.0,0.0003908795700408519,0.00010327106108888984,0,0,True,0.0,0.0
1155.56,12.085433006286621,-0.05105392634868622,-3.0381937999871558,1.7533462596580026e-05,-0.0007515725826349444,-0.0,0.0,0.0,0.0003908795700408519,0.00010327106108888984,0,0,True,0.0,0.0
1155.58,12.085433006286621,-0.05105392634868622,-3.0381937999871558,1.7533462596580026e-05,-0.0007515725826349444,-0.0,0.0,0.0,0.0003908795700408519,0.00010327106108888984,0,0,True,0.0,0.0
1155.6,12.085433006286621,-0.05105392634868622,-3.0381937999871558,1.7533462596580026e-05,-0.0007515725826349444,-0.0,0.0,0.0,0.0003908795700408519,0.00010327106108888984,0,0,True,0.0,0.0
1155.62,12.085433006286621,-0.05105392634868622,-3.0381937999871558,1.7533462596580026e-05,-0.0007515725826349444,-0.0,0.0,0.0,0.0003908795700408519,0.00010327106108888984,0,0,True,0.0,0.0
1155.64,12.085433006286621,-0.05105392634868622,-3.0381937999871558,1.7533462596580026e-05,-0.0007515725826349444,-0.0,0.0,0.0,0.0003908795700408519,0.00010327106108888984,0,0,True,0.0,0.0
1155.66,12.085433006286621,-0.05105392634868622,-3.0381937999871558,1.7533462596580026e-05,-0.0007515725826349444,-0.0,0.0,0.0,0.0003908795700408519,0.00010327106108888984,0,0,True,0.0,0.0
1155.68,12.085433006286621,-0.05105392634868622,-3.0381937999871558,1.7533462596580026e-05,-0.0007515725826349444,-0.0,0.0,0.0,0.0003908795700408519,0.00010327106108888984,0,0,True,0.008617362391913217,-0.0058852944165406675
1155.7,12.085433006286621,-0.05105392634868622,-3.0381937999871558,1.7533462596580026e-05,-0.0007515725826349444,-0.0,0.0,0.0,0.0003908795700408519,0.00010327106108888984,0,0,True,0.015373106721120928,-0.014087476725389105
1155.72,12.085433006286621,-0.05105392634868622,-3.0381937999871558,1.7533462596580026e-05,-0.0007515725826349444,0.0006893889913524304,-0.00017078743433641605,-0.0004708235533228252,0.0003908795700408519,0.00010327106108888984,0,-0.07,True,0.02681564982941437,-0.10324325845743237
1155.74,12.085433006286621,-0.05105392634868622,-3.0381937999871558,1.7533462596580026e-05,-0.0007515725826349444,0.0012298485376885558,-0.00039082056591873755,-0.0011269981380301033,0.0003908795700408519,0.00010327106108888984,0,-0.07,True,0.053953876442622645,-0.19618369831353058
1155.76,12.085376739501953,-0.05104602873325348,-3.0382314658714216,-1.72473508404768e-05,-0.0008106965472299888,0.0021452519863511986,-0.001155805509627023,-0.008259460676587078,0.0003908795700408519,0.00010327106108888984,0,-0.07,True,0.04855538477896434,-0.3285749384853302
1155.78,12.085331916809082,-0.051032982766628265,-3.038283959838198,-5.581126560219613e-05,-0.0008889513806727516,0.004316310115405886,-0.0018324553051233422,-0.01569469586506817,0.001856212429702282,-0.004366519814357162,0,-0.07,True,0.014983389082567185,-0.5041414798493693
1155.8,12.08525276184082,-0.05097966268658638,-3.038854556841282,-4.46570810630821e-05,-0.0010552520994186283,0.004573819773666044,-0.005154314020464153,-0.026756818632125333,0.011395369917154313,-0.06356086913496256,0,-0.07,True,0.003503096550788101,-0.34200529168323446
1155.82,12.085074424743652,-0.05094372108578682,-3.03944937565636,5.322853563189064e-05,-0.0013228418451240777,0.0024285196642928404,-0.006820921882651952,-0.041458316525942965,0.01218286082148552,-0.006058623678982258,0,-0.07,True,-0.009971951035570113,-0.28589484028838563
1155.84,12.084970474243164,-0.050673384219408035,-3.0403720113619896,-0.00010497353499765326,-0.001478208405338518,0.0024254997104139918,-0.007146308546413736,-0.03561988401122095,0.0551588997244835,-0.1305584704875946,0,-0.07,True,0.0024108227773635706,-0.12306599229228485
1155.86,12.0850830078125,-0.05050996318459511,-3.0416006251602705,-8.940442033848693e-05,-0.0010064926658710322,0.003518554032561002,-0.0072028714172030555,-0.03856628308811822,0.054030148610472686,-0.0640247005224228,0,-0.07,True,0.10087147421751673,0.20834461326208065
1155.88,12.085001945495605,-0.05043049156665802,-3.0417041475621853,-0.00022681076173385436,-0.000906215011541875,0.004766685595855503,-0.004439109912993227,-0.03660209801552715,0.05937352050095797,-0.01817752927541733,0,-0.07,True,0.14635017782481885,0.0014687432104380498
1155.9,12.084736824035645,-0.05039846897125244,-3.0425346783034155,-0.00014672688802855192,-0.001321387384200277,0.010498237601709775,-0.005624537925348859,-0.0247907474649443,0.06508024871349335,-0.03824686795473099,0,-0.07,True,0.10044128889965112,0.03417180991031528
1155.92,12.084555625915527,-0.05035805329680443,-3.0433001792032375,-0.00027649213338254143,-0.0013807552432139201,0.014133513936422128,-0.0013505203473542715,-0.03550238455438568,0.018213805556297303,-0.014931241273880007,0,-0.07,True,0.04813421562089168,0.13801735742945676
1155.94,12.084202766418457,-0.050145264714956284,-3.04358388495747,-0.000549330060500962,-0.0012764890902447405,0.011553857144548622,-0.001028634463834135,-0.035832538295287715,0.015935123041272165,-0.044480626285076146,0,-0.07,True,-0.07778673916900056,-0.041011390766299574
1155.96,12.083866119384766,-0.0504339300096035,-3.0445443383265336,0.00019860506999367158,-0.0011379258267931083,0.008617422845523335,-0.003016609307825719,-0.02556070942118065,0.019632675647735597,-0.05238819316029549,0,-0.07,True,-0.1892569799763232,0.11997960722585524
1155.98,12.083808898925781,-0.05040701851248741,-3.045401281367036,0.00023352190986375,-0.0008702409140548064,0.00427529846819539,-0.0017401575326617873,-0.028071658726245282,0.03333777904510498,-0.051472691148519524,0,-0.07,True,-0.16834290220545373,0.14254592786552397
1156.0,12.083846092224121,-0.05018465965986252,-3.04534503595693,4.2825254834591e-05,-0.0006636636705525395,-0.001007044461669959,-0.007949763933624383,-0.02590401597632599,0.019597665667533876,-0.004859125576913357,0,-0.07,True,-0.1427984729637365,-0.195593558525659
1156.02,12.08384895324707,-0.05003954470157623,-3.0458296176555675,0.00011289468969172427,-0.0007846351242645475,-0.001913575031875429,-0.006830497923503288,-0.02442886406605617,0.03917544160038233,-0.06594293117523194,0,-0.07,True,-0.08634837017997753,-0.1897483370637952
1156.04,12.083885192871094,-0.04979315027594566,-3.046616659604638,-0.0001794375278097153,-0.0004901342093526734,-0.0028064549915651953,-0.006204941715414431,-0.04120819410321914,0.031226994805037978,-0.06465438835322858,0,-0.07,True,-0.017359348640242633,-0.2588464895528765
1156.06,12.083909034729004,-0.049848444759845734,-3.0473555904923186,0.0003325223473251225,-0.0005302159308853773,-0.0026325711461965304,-0.003909075376683963,-0.04325152569133509,0.007117982506752015,-0.012605663388967516,0,-0.07,True,-0.03252787528136123,-0.3430346036538713
1156.08,12.084022521972656,-0.049669209867715836,-3.0486416914851846,0.00020466006651612023,-0.0001991629340549182,-0.0023957923528881066,-0.0052794370396673194,-0.04661173514053728,0.010372256338596345,-0.06235261201858521,0,-0.07,True,-0.021522762804277465,-0.05910559948828426
1156.1,12.084029197692871,-0.04970838874578476,-3.049289739710871,0.0006387618136624233,-0.0001954426588267384,-0.004515805054381961,-0.009725970730295337,-0.05187163235834091,0.0008848865330219269,-0.06825865715742112,0,-0.07,True,0.00034008352137566235,0.027858160493137774
1156.12,12.084036827087402,-0.049354828894138336,-3.0503455984158774,0.00044808989751788086,-0.00020090426763652025,-0.0045282760159058265,-0.009325154648715818,-0.04593664206227758,0.0073704711534082895,-0.0513376272469759,0,-0.07,True,0.0227352859522312,0.121969044800737
1156.14,12.084197044372559,-0.049040380865335464,-3.051505321080994,0.00036151962298570543,-6.476468758505003e-05,-0.002605364464486425,-0.011086412116984438,-0.04102287285187976,0.00571202889084816,-0.017595706880092623,0,-0.07,True,0.09521201140848755,0.22415828096069682
1156.16,12.084315299987793,-0.048893291503190994,-3.052316622850174,0.0005245372546952823,0.0003418612687439825,-0.0005769694767060955,-0.009119708621482155,-0.03685421155645946,-0.0011671847477555276,-0.0189262592792511,0,-0.07,True,0.1541530587656492,0.09722309980219097
1156.18,12.08415699005127,-0.0488063208758831,-3.052571569539028,0.0005761988710308757,0.0002677564486852763,0.0031011558583117645,-0.011784527133683984,-0.03393896988145051,0.08834499180316926,-0.00896620623767376,0,-0.07,True,0.14225363613370576,0.04468713083163657
1156.2,12.084017753601074,-0.04862404242157936,-3.0532939353404,0.0007022797220488111,0.0006198015953793508,0.007803968685369944,-0.010531523862971792,-0.03815879407808727,0.015299289375543595,-0.00310390766710043,0,-0.07,True,0.12134785553127851,-0.0008833730937637659
1156.22,12.083866119384766,-0.04812340810894966,-3.0542204386715075,-3.492563722913603e-05,0.000795576771051354,0.008774926426199686,-0.013348878378930897,-0.03744790238535209,0.0166038815677166,-0.004154419340193272,0,-0.07,True,0.0851029790026642,-0.0028247569434282725
1156.24,12.083619117736816,-0.048109106719493866,-3.055369326376418,0.0002620899914998119,0.0004453521018349552,0.009130858965787357,-0.011197914812667136,-0.0369248814039605,0.07153571397066116,-0.0036054234951734547,0,-0.07,True,0.009904313789262747,0.13740420887403698
1156.26,12.083364486694336,-0.047803740948438644,-3.0555674017298533,-0.0001253947629809611,0.0004564194437069203,0.009909394178518709,-0.0049689982293937545,-0.034164950436924565,0.0574077631533146,0.0017605766095221045,0,-0.07,True,-0.03620316250449187,0.08195333898301432
1156.28,12.083212852478027,-0.047794442623853683,-3.056247925852714,-0.00015131416009226474,0.00035665564923407296,0.008596313788510243,-0.00286880529593328,-0.02716645736817431,0.042583793923258784,-0.018229825850576163,0,-0.07,True,-0.04172783243395489,0.17765436671407905
1156.3,12.08304214477539,-0.04779547080397606,-3.056953634706459,-9.739749512955993e-05,0.0007223611379873981,0.00587867342584297,0.001321790491688981,-0.030891635266716906,0.005993124172091485,-0.000602059867233038,0,-0.07,True,-0.03761616442527586,0.10238295577891122
1156.32,12.082914352416992,-0.047939058393239975,-3.05754264296587,0.0002638413669572117,0.0004406329456322574,0.005792632371074001,0.001449217008420189,-0.022712532066847098,0.025766037404537204,-0.0019390388205647471,0,-0.07,True,-0.015417742798911166,0.028999651571318258
1156.34,12.082904815673828,-0.04794886335730553,-3.0580387325511884,0.0002742485596565706,0.0008788168329982524,0.006900101024499377,0.005114108166657307,-0.025974313974619117,0.016637480780482293,-0.006011569760739804,0,-0.07,True,0.055518610887888606,0.040716046232316144
1156.36,12.08276081085205,-0.04794887453317642,-3.05806492841806,-8.220015335171691e-05,0.000812338247930157,0.007362894364598471,0.0016418812154952458,-0.024846485242470958,0.014973372370004656,-0.000959542989730835,0,-0.07,True,0.05898965161621383,-0.1585287250327847
1156.38,12.082526206970215,-0.04824924096465111,-3.0590315798244325,0.0003303684080790413,0.0004683022630751666,0.010320162296882643,0.0038695676811061467,-0.02763435156812532,0.013900443315505983,0.0011462229862809182,0,-0.07,True,0.008052095795946611,-0.12647143328960403
1156.4,12.082338333129883,-0.04811909422278404,-3.0595303617852716,-0.00020985009609654403,0.0003556335084116641,0.010511804500380228,0.00419225850922616,-0.035394830069494385,0.02652697302401066,-0.04676765710115433,0,-0.07,True,-0.04650790901671587,-0.3320375575864443
1156.42,12.082107543945312,-0.04832546040415764,-3.0602494806766427,3.82152988706738e-05,-8.555733509225502e-05,0.007544268688176351,0.0020197303420627834,-0.03609202863780699,0.013961860463023187,-0.0016170344455167652,0,-0.07,True,-0.12264763447227237,-0.3509586996879275
1156.44,12.081950187683105,-0.04835205897688866,-3.060896514823625,-0.00017065696708732742,-0.0001840311060367361,0.0036422616432540108,0.004516573188068159,-0.05140948984943784,0.020370437130331993,-0.014831149931997063,0,-0.07,True,-0.1394775667052564,-0.3416346256011947
1156.46,12.081937789916992,-0.04845932498574257,-3.0619189421154545,-9.505436800059242e-05,0.00016255676165317405,0.0005083515391097759,0.0021730632721376573,-0.05571104754313398,0.06670144841074944,-0.04234601676464081,0,-0.07,True,-0.09481921995558742,-0.377917676869712
1156.48,12.082077026367188,-0.04850273206830025,-3.063643120973223,-0.00016647825758055564,0.00021307660782655008,-0.0006464008360301364,0.003971154996919119,-0.0627256001175651,0.05258116215467454,-0.004039516374468804,0,-0.07,True,-0.049144400509517225,-0.0873089081810031
1156.5,12.082080841064453,-0.04850199073553085,-3.0647063644800894,-0.00028096420584648155,0.00019457735308627734,-4.1268908263743904e-05,0.005051472849226167,-0.06632544278735646,0.026384202837944033,-0.08057315796613694,0,-0.07,True,0.01094491818388026,0.0234906355282571
1156.52,12.082026481628418,-0.04866475984454155,-3.0659145628330258,-0.00017109277052601733,-1.5969244334781393e-05,-0.0002892903975037916,0.006591008034422737,-0.05839420250391174,0.07289560616016388,-0.07934420168399811,0,-0.07,True,0.004403302571828283,0.06939846872471148
1156.54,12.081972122192383,-0.048861995339393616,-3.067224977538438,-0.00020880573279773957,-0.0002669131737571653,0.0013839449938194003,0.007825359502961756,-0.05383179670087512,0.03663243263959885,-0.0025282663106918337,0,-0.07,True,-0.03388924798970042,0.1644496026022507
1156.56,12.08213996887207,-0.04902675375342369,-3.0683146571735316,-0.00023295773304890527,0.0003450900571837401,-0.0002941366302841941,0.005437144757041426,-0.057173722619593234,0.04134493827819825,-0.007224290743470193,0,-0.07,True,-0.02580216537029168,0.053382521506142235
1156.58,12.082016944885254,-0.0491345152258873,-3.0690129082161555,-0.00038944974404033156,-0.0003635228586263552,-0.002752408747437312,0.002748455659960421,-0.053169474579188365,0.0016878192126750947,-0.01380049839615822,0,-0.07,True,-0.07629909464784052,-0.02055902962026335
1156.6,12.08208179473877,-0.04909684136509895,-3.070488460642589,-0.00043567495984253915,-0.00015748664842470694,-0.0023534636271252485,0.0020263041522253617,-0.05412360078342424,0.04935424104332924,-0.024565231278538706,0,-0.07,True,-0.07091936556128314,-0.036203703286435296
1156.62,12.082207679748535,-0.049065325409173965,-3.0714785355047693,-0.0006673840118688424,-0.00028013581797550123,-0.004719982578002289,0.00034576511110906346,-0.055476519070494695,0.003096142709255219,-0.018310768306255342,0,-0.07,True,-0.028838425286410917,-0.17648920985588062
1156.64,12.0823392868042,-0.04917507246136665,-3.072644545236214,-0.0003548864684285757,-0.00037979367033299,-0.005967685875197811,0.0014852655526163777,-0.060070018882513655,0.003096142709255219,-0.018310768306255342,0,-0.07,True,-0.07204067097825877,-0.2820784001074765
1156.66,12.082395553588867,-0.04913565516471863,-3.0734510297418036,-0.0002640884851778356,-0.000499350456719671,-0.005059482770354644,0.0011493566900347089,-0.0672886113676861,0.009087684005498886,-0.008661912307143213,0,-0.07,True,-0.05344025120794331,-0.3123556821140459
1156.68,12.082566261291504,-0.04918248951435089,-3.0752940621531994,-0.0002541949655599024,-0.0005779012932154843,-0.008116717305397089,0.0008306425360479494,-0.07668987279206597,0.10698339819908143,-0.034197944030165676,0,-0.07,True,-0.043558502663614204,-0.1920247135551855
1156.7,12.08261775970459,-0.04912950098514557,-3.0768616244141946,-0.00041102336837541367,-0.0012168704978584959,-0.008995202674646017,-0.00018281055095581216,-0.08046497363966666,0.08298498928546906,-0.08347998142242433,0,-0.07,True,-0.10525771596993753,-0.07859197475122115
1156.72,12.082991600036621,-0.04919835925102234,-3.0787797350595736,-0.0002504375748050571,-0.0005972498019961713,-0.009452366088283778,-0.0025368551316781703,-0.07543199596691452,0.05640700697898865,-0.0884717658162117,0,-0.07,True,-0.05154917869495456,0.09951203258387656
1156.74,12.083112716674805,-0.04907451197504997,-3.079888227632971,-0.0005184038045004225,-0.0009050917942015955,-0.013480100047941987,-0.0005104959669113429,-0.07357596934777808,0.04738255143165589,-0.025076798498630527,0,-0.07,True,-0.05165268857619275,0.11635558676851063
1156.76,12.083308219909668,-0.04893247410655022,-3.081328621830547,-0.0006589622053599129,-0.0013012064781526076,-0.012240651600989702,-0.0025644523414148314,-0.06872891018536309,0.013542959019541742,-0.0645680519938469,0,-0.07,True,-0.04879920101497176,0.14509948381027957
1156.78,12.083691596984863,-0.049022238701581955,-3.0827477019620115,-0.00030963493659292364,-0.0008963505326762702,-0.013127417760737678,-0.0006692259123111755,-0.07115652669819428,0.013542959019541742,-0.0645680519938469,0,-0.07,True,0.026591001040463105,0.08408030243005381
1156.8,12.083956718444824,-0.04893459752202034,-3.0842780478743976,-0.00035508215845972884,-0.0011657751361900338,-0.013356302169477969,-0.00199116694257282,-0.06382403726210271,0.00074843606678769,-0.07004618346691133,0,-0.07,True,0.03147025049957928,0.061479048780682895
1156.82,12.084157943725586,-0.04895930364727974,-3.0855807497688215,-4.3949851970075105e-05,-0.0012340677356992619,-0.011352819964706874,-0.0018845268996134814,-0.06684954515337989,0.03879465047619306,-0.07216873705387117,0,-0.07,True,0.04075954274684509,0.2007755342839696
1156.84,12.084365844726562,-0.04871223494410515,-3.0864345448115107,-0.0002870437633282259,-0.000872530057962242,-0.00972303156102565,-0.0037595435123856814,-0.06381058628291293,0.004361766688525677,-0.012461679577827454,0,-0.07,True,0.1037196985424536,0.15783589762306027
1156.86,12.084589958190918,-0.048820868134498596,-3.088095665574277,-0.00012497965730881146,-0.0010084253203464526,-0.009866654340993037,-0.006797632550842379,-0.05509448395549132,0.06610432766377926,-0.05405565977096558,0,-0.07,True,0.15253138504256983,0.29069817848497115
1156.88,12.084716796875,-0.048591408878564835,-3.0893828947770405,-0.00033256650673678384,-0.0010371017493305908,-0.0050587262860656455,-0.007259201799399654,-0.05119716545223349,0.016108889430761338,-0.08113880008459091,0,-0.07,True,0.18829888355762467,0.2941254238025819
1156.9,12.084917068481445,-0.04837406426668167,-3.0899883084852693,-0.00021315955059161626,-0.00050712101345012,0.000849690838722297,-0.012668845041064233,-0.04359369087453725,0.016108889430761338,-0.08113880008459091,0,-0.07,True,0.26666232246071553,0.20517228533035772
1156.92,12.084739685058594,-0.048111170530319214,-3.0905303180476973,-0.0003596584579079086,-0.00038378039732028145,0.005340879123613437,-0.012042004774563374,-0.040280552378660905,0.0057853895798325545,-0.01005888916552067,0,-0.07,True,0.22027942948660373,0.1424041832436357
1156.94,12.08446979522705,-0.047812215983867645,-3.091583160844247,-0.0005277318353354114,-0.0003454288520553284,0.011466331455905436,-0.011288568470383254,-0.03868070112903098,0.06320103034377099,-0.011329503506422044,0,-0.07,True,0.11553416562628843,0.17018423547115616
1156.96,12.084240913391113,-0.04765111207962036,-3.0926053389673305,-0.00022971998187267412,6.151240961465646e-05,0.012563628072846625,-0.010310075783819098,-0.039804830792752995,0.06539750397205353,-0.014365241117775441,0,-0.07,True,0.045801728439726054,0.23563890165453746
1156.98,12.083955764770508,-0.047517962753772736,-3.093082764575589,-3.295131434782661e-05,0.00014602400960526553,0.010092424088816965,-0.007469079715746862,-0.029978952036857142,0.030993593633174898,-0.06262137129902841,0,-0.07,True,-0.05190895326434171,0.21740358217015718
1157.0,12.083695411682129,-0.04733657091856003,-3.0937147045111146,-0.00012918387925065324,-0.00022846981384263857,0.009005017398788189,-0.0065931776206776494,-0.021429440246315053,0.057284092307090764,0.0018165813386440278,0,-0.07,True,-0.08818840531320667,0.279585189244836
1157.02,12.083634376525879,-0.047254543751478195,-3.093981477007193,3.0704044419921276e-05,7.393700929881377e-05,0.007313615194761877,-0.006558631086192573,-0.02128841455543422,0.01223991945385933,-0.004333431255072356,0,-0.07,True,-0.025306611220830322,0.16727324379339664
1157.04,12.08349609375,-0.04715874046087265,-3.094319694187034,0.00023550252485940646,0.0001228544071928158,0.005508555647796508,-0.00540482596806087,-0.017438015653186457,0.007791005671024323,-0.0034370652213692667,0,-0.07,True,-0.033043953251249605,0.11087428422636898
1157.06,12.083346366882324,-0.047021713107824326,-3.094785837740022,1.5239555637153093e-05,-4.7515420542329396e-05,0.00806789519115238,-0.005084612661999367,-0.01659709253339758,0.017972571887075902,-0.0018791905650869013,0,-0.07,True,-0.00014122008492621247,0.11579014859223971
1157.08,12.083234786987305,-0.04692549258470535,-3.0951097457633683,0.00013340317432227695,0.00033221145006652675,0.006361501138690624,-0.0038315878327400184,-0.0125594975082136,0.011834477409720422,-0.0477274214848876,0,-0.07,True,0.01795683386537604,0.0283982673090702
1157.1,12.08297061920166,-0.04687841981649399,-3.0953092444098638,0.000249728810009374,-6.414533946258394e-05,0.00730231758796779,-0.0018276004639717282,-0.01202520266806347,0.0075773289054632195,-0.05450953599065543,0,-0.07,True,-0.05278686226471046,-0.00854999683032498
1157.12,12.08297348022461,-0.04687619209289551,-3.0953244539876903,0.00016477590809153858,9.77289366517795e-05,0.006945102357025285,-0.0012954220770568412,-0.015166154268462908,0.020472657009959223,-0.0002993069589138031,0,-0.07,True,-0.0470484756433173,-0.18160913550422186
1157.14,12.082756042480469,-0.04690269008278847,-3.095747853953469,0.0003265026712992136,-0.0002194962960465279,0.003844946209967382,-0.002029298260874462,-0.0172810922798249,0.003707594349980355,-0.0003938085585832596,0,-0.07,True,-0.12732362032218295,-0.33741269748645153
1157.16,12.082674980163574,-0.046847667545080185,-3.0963230381048477,0.00018675623873095867,-0.00032688179217499173,0.0025976230872179658,-0.0014010938723740527,-0.027088228348579428,0.020352355837821964,-0.04978683853521944,0,-0.07,True,-0.14253838439619088,-0.3021542690724791
1157.18,12.082655906677246,-0.046730343252420425,-3.0966917317922524,4.856481877219916e-05,-0.00016514151068923604,-0.0028835720378265327,-0.005749283184717221,-0.03901821846703176,0.00902888759970665,-0.009869122430682184,0,-0.07,True,-0.13720721150361392,-0.33156386075598315
1157.2,12.08276081085205,-0.046773623675107956,-3.097491512255581,0.00033227191139776816,-0.00047438048090658283,-0.0044579683946920235,-0.0036768221900830133,-0.039338495794307954,0.00021015558391809466,-0.003275428302586079,0,-0.07,True,-0.12183080056092949,-0.17242503879455404
1157.22,12.082965850830078,-0.04643285647034645,-3.0988693114308288,-0.00034589348599921554,-0.00047598613698880763,-0.007131630710311749,-0.0038234427724929535,-0.04380620114027943,0.008701226301491262,-0.010817483589053154,0,-0.07,True,-0.03992207747900634,0.07049467660855464
1157.24,12.08301830291748,-0.046538084745407104,-3.0994701177683894,5.05427991650553e-05,-0.0004960864608039494,-0.007148840957647529,-0.003724414741635477,-0.040882231452131206,0.035161368325352674,-0.006290936656296254,0,-0.07,True,-0.015113992516390392,0.03553766313210213
1157.26,12.083212852478027,-0.04640037938952446,-3.1001962278834716,-0.00014060451631575768,-0.0003576527637139237,-0.006077338236144135,-0.0024102276409501224,-0.03337864433835252,0.0046615937538445,-0.024837329983711246,0,-0.07,True,0.06113333325875117,0.08313083524330436
1157.28,12.083319664001465,-0.04645185172557831,-3.1007620907717484,1.8669953202939942e-06,-0.0003208897654774764,-0.005667087796002155,-0.002334457476605453,-0.03649548274374237,0.0023477342352271084,-0.028687567263841633,0,-0.07,True,0.08448681973558836,0.023213370285824486
1157.3,12.083443641662598,-0.0462200827896595,-3.1015396029778945,-0.0005190882774544737,-0.0002815269875198474,-0.002240964049616103,-0.001439395350865923,-0.03715573432082113,0.000632576383650303,-0.03490463890135288,0,-0.07,True,0.06595299619308187,-0.06714327722658889
1157.32,12.083463668823242,-0.04633297771215439,-3.102389756387886,2.707737968463879e-05,-0.000311858109446978,-0.00038989537880660795,-0.00476974718285863,-0.039025161829266936,0.0038814997300505643,-0.009792969152331353,0,-0.07,True,0.061240376290838276,-0.036917557167862665
1157.34,12.08338737487793,-0.04627814143896103,-3.1031686866291346,0.00015144536288088872,-0.0003338020980688411,-0.0008010985407023842,-0.0025295761056219534,-0.038750106516474744,0.050299600735306746,-0.015566686391830446,0,-0.07,True,0.006220232900694199,-0.062296720932144146
1157.36,12.083335876464844,-0.04606934264302254,-3.103884103718087,-0.00013611191435556382,-0.0007418468997043965,-0.0007678576927395496,-0.005807727999116941,-0.039448887317168696,0.037459526732563975,-0.03384733781218529,0,-0.07,True,-0.06178307378874583,-0.006219559360495214
1157.38,12.083499908447266,-0.04601540416479111,-3.1046396114992185,-3.4543879536416495e-05,-0.00039927308205924363,-0.0017433454175596055,-0.006176737099607319,-0.04213947199540229,0.04845706388354302,-0.009012547209858895,0,-0.07,True,-0.04149868294390531,-0.027565871220410952
1157.4,12.083507537841797,-0.04586637392640114,-3.1055456673732658,-7.104513351617405e-05,-0.0005054700573873902,-0.005332541281915827,-0.004642583592493429,-0.039522726578107514,0.011227066665887834,-0.050699201524257664,0,-0.07,True,-0.03593415668100829,-0.013267623056381832
1157.42,12.083508491516113,-0.045779187232255936,-3.1065398443887733,2.2967991898203066e-06,-0.000706408418444472,-0.004120993176221225,-0.005946447496327098,-0.04095537621411188,0.0012668509036302567,-0.03579564988613129,0,-0.07,True,-0.03549466968785652,-0.0002281026624238555
1157.44,12.083748817443848,-0.04568280279636383,-3.1070459218443416,0.00013278832281330533,-0.0002195342189469853,-0.003642590227225769,-0.009449908516281974,-0.040510297161681294,0.035237928405404094,-0.008069124910980463,0,-0.07,True,0.02582897357482476,-0.20199196421714447
1157.46,12.083812713623047,-0.04552842676639557,-3.1079160415963445,0.00020911683253512704,-0.00013416388633856086,-0.004582918992585544,-0.009993088411021292,-0.042157720208396185,0.035237928405404094,-0.008069124910980463,0,-0.07,True,0.04473573261875073,-0.2840123153925348
1157.48,12.083772659301758,-0.04510076716542244,-3.1087864911461973,-0.00027713848489877566,-0.00021810911181530495,-0.0032662233959317257,-0.008302147839830892,-0.055682083715464376,0.011105211824178696,-0.006184252128005029,0,-0.07,True,0.023960828989201686,-0.38555547607074153
1157.5,12.083847999572754,-0.04496784880757332,-3.109912462005442,-0.00031843602677649385,-0.00018547530190877247,-0.0005421345667244213,-0.006569131226152388,-0.063676361445494,0.00540942057967186,-0.04589859046041966,0,-0.07,True,0.04398312072729107,-0.44779996319221493
1157.52,12.083988189697266,-0.04501041769981384,-3.1115004885415747,0.0001065379222742259,0.00039327540663938883,-0.0017257239080913772,-0.0002768195648942665,-0.07135473524731256,0.010613536946475507,-0.018708423227071763,0,-0.07,True,0.023759524150607322,-0.3409776066826781
1157.54,12.083839416503906,-0.045001786202192307,-3.1130101505119794,6.660876878919495e-05,-2.0839015679469355e-05,-0.0010642693344054591,0.0015680174444262756,-0.0779817172637408,0.008014040961861611,-0.08624937474727631,0,-0.07,True,-0.04288381993227051,-0.10501605807523531
1157.56,12.08390998840332,-0.045074477791786194,-3.114494869965977,0.00025044713975266923,1.8802137405643762e-05,-0.0013654614638848686,0.0006594551641325634,-0.08296029225005382,0.015984867587685588,-0.04254298388957978,0,-0.07,True,-0.07219203623260673,0.09322821892255857
1157.58,12.08393669128418,-0.04509080573916435,-3.1161509993865355,0.00019422504333037964,-6.805185113838528e-05,-0.0039728401613029415,0.0013317262520310385,-0.07207764609150519,0.05963958889245988,-0.07295369744300843,0,-0.07,True,-0.11879507608834124,0.2444829698386665
1157.6,12.084098815917969,-0.04506019502878189,-3.118137311921573,-5.842412038725812e-05,1.9245596399836526e-05,-0.007501086806694663,-0.0015572295657247102,-0.06389647773351466,0.06527482092380524,-0.02589293867349625,0,-0.07,True,-0.12544388339885432,0.388270613528297
1157.62,12.084159851074219,-0.04510020464658737,-3.1187763621992945,0.00019371158926264546,-0.0006661304656941079,-0.010567875421464114,-0.006409700468926845,-0.05842307967666527,0.005307268500328064,-0.0716302964091301,0,-0.07,True,-0.12689132528998362,0.1747296654228244
1157.64,12.08450698852539,-0.044935859739780426,-3.119606588184668,0.0003151721354366845,-5.809977941737274e-05,-0.01140097213581261,-0.007131486680669772,-0.051898643167730026,0.02312592944130302,-0.010911285281181337,0,-0.07,True,-0.10222445857869368,-0.05493756883168855
1157.66,12.084770202636719,-0.044558875262737274,-3.1208248457606778,-0.0001440107278104268,-1.5823391969011736e-05,-0.014124146184521251,-0.010656548709432296,-0.05809927285765222,-0.007985470704734326,-0.04984621241688729,0,-0.07,True,-0.06283500998263589,-0.18644811132813036
1157.68,12.08499813079834,-0.04446976259350777,-3.1222892033749994,0.00020754971362882808,-5.460539282965291e-05,-0.015679043493005963,-0.009886705924338289,-0.06829148324005824,0.0176139709725976,-0.04005602985620499,0,-0.07,True,-0.03501832902688547,-0.33303604233649736
1157.7,12.085271835327148,-0.04422440007328987,-3.1234243040279157,0.00029998105101191745,-0.00014972249434007156,-0.0155946762200847,-0.009160411814603447,-0.07333892858294452,0.06348732590675354,-0.06958405673503876,0,-0.07,True,0.01942927039414431,-0.2876014763340321
1157.72,12.085745811462402,-0.04412085935473442,-3.125069906843868,0.0006366126383991215,0.0005738506856692185,-0.0142024384579609,-0.006655481754796685,-0.07854152655462558,0.04653641641139985,-0.06724824100732804,0,-0.07,True,0.07976542593151238,-0.1511213397149797
1157.74,12.086004257202148,-0.04380349814891815,-3.126691960047308,0.00017037436115345997,0.0006747381058787228,-0.01256980455299112,-0.005052005013395682,-0.08110739096435386,-0.0012871779501438141,-0.03853196501731873,0,-0.07,True,0.09823411122459662,0.06288630098651485
1157.76,12.086125373840332,-0.04391862452030182,-3.1285725254993637,0.0004783633166441916,0.00045808721953357283,-0.009297809418490776,-0.004477915778594245,-0.08038119041724562,0.012291099280118943,-0.03910749763250351,0,-0.07,True,0.10414350517808967,0.2017797491940038
1157.78,12.086271286010742,-0.04380530118942261,-3.129912895305058,0.0004185945478373393,0.00038102473160670115,-0.007735947322124119,0.0031701725278880503,-0.06830802450402791,0.10239672362804414,-0.034321663379669194,0,-0.07,True,0.1160508374284692,0.2797797282758317
1157.8,12.086484909057617,-0.04375297203660011,-3.1315004020772417,0.0004890447213468062,0.0006151583506337197,-0.005870958043721303,0.0006300898735304046,-0.06239914661911996,0.020084916055202486,-0.010759258270263673,0,-0.07,True,0.16774995081063823,0.3351763329241679
1157.82,12.086626052856445,-0.04404986649751663,-3.1321566020076252,0.0011614323557991599,0.0005321818674174676,-0.0032857375587220282,0.0017492788234024414,-0.058725012702307684,0.007120124734938145,-0.0889921110868454,0,-0.07,True,0.20204871659591017,0.027692683653960205
1157.84,12.08659553527832,-0.043964289128780365,-3.1335644572288888,0.0008557730225962291,0.00030371636518164923,0.004122186646348078,0.00264747801686715,-0.05356708378333658,0.013206418231129648,-0.003143020868301392,0,-0.07,True,0.20263783754081208,-0.0042147056196356865
1157.86,12.086535453796387,-0.043942756950855255,-3.1346108963212385,0.0007360898550275913,0.0004976226708939419,0.008427950005533992,-0.0017578960401279623,-0.06609260981171311,0.009392919316887856,-0.06809868395328522,0,-0.07,True,0.24568654451069885,-0.13507267843808426
1157.88,12.086156845092773,-0.043967410922050476,-3.135785768779917,0.00048177680732562373,-6.812357413423885e-05,0.010340068959574993,-0.00333961230560376,-0.06273632306869147,0.04873534962534905,0.011385882049798967,0,-0.07,True,0.12923733156642814,-0.23001591164827334
1157.9,12.08595085144043,-0.04391394555568695,-3.1374440107925725,0.00025484164127490396,7.557059031842933e-06,0.016369186002171868,-0.002485458238859181,-0.06953082697737531,0.045245008766651156,-0.04008564814925194,0,-0.07,True,0.10170665424789477,-0.08089134748681649
1157.92,12.085766792297363,-0.04370192810893059,-3.138583363074394,-0.0002454443599195378,0.00024315195152132616,0.014461173171682312,-0.0036221411992826327,-0.07196835671523401,0.050122401043772705,-0.005143062733113766,0,-0.07,True,0.10991059323624706,-0.14670266800815554
1157.94,12.085225105285645,-0.043749354779720306,-3.1401733624794392,-9.34484795449157e-05,-0.00032294191138860785,0.0165644823453813,-0.003963660223249375,-0.07256391761067094,0.03416201353073121,-0.004762772507965565,0,-0.07,True,0.008895595058315794,-0.018974367318850147
1157.96,12.084999084472656,-0.04368112236261368,-3.1415432373171304,-0.00021354060670846338,0.00017166412401522713,0.01913291641846676,-0.00353280008144517,-0.07447253650933323,0.0198007170855999,-0.026102027967572213,0,-0.07,True,0.0864276598458387,0.05162289731941467
1157.98,12.084625244140625,-0.043598733842372894,3.1399361829781656,-0.0002747806235033862,0.0002545848092945585,0.017080833606836484,-0.006061027385199196,-0.07104877636288194,0.0916447439789772,-0.012159726843237878,0,-0.07,True,0.03412822497385943,0.2764813826892781
1158.0,12.084236145019531,-0.043419379740953445,3.1386441411844515,-0.0006155796297792723,0.0001083724281142591,0.02137538595934312,-0.00440506026667992,-0.06783852492968459,0.08829446494579316,-0.004796165972948075,0,-0.07,True,-0.00682367686762509,0.44544874842485294
1158.02,12.08385944366455,-0.04326220974326134,3.1373280425911223,-0.0008560973924241226,0.00024173472035749312,0.01929474034328757,-0.004319930516256353,-0.05044540699554881,0.04673501908779145,0.006583462283015252,0,-0.07,True,-0.031878319391825324,0.6077956035966172
1158.04,12.083290100097656,-0.04332367703318596,3.136214987868086,-0.0006603599173302869,-0.000358041872781585,0.01858702226905725,-0.00037660889629336446,-0.03883663663537741,0.03060670018196106,-0.006392262615263463,0,-0.07,True,-0.1055941548254298,0.7490580301040264
1158.06,12.083083152770996,-0.0432465597987175,3.1359005504185253,-0.0008388782072561605,1.8687221530249422e-05,0.014530568055492778,0.002319131514177858,-0.02242512807519678,0.07143015623092652,-0.003591016978025437,0,-0.07,True,-0.1264902631263714,0.5211572637994172
1158.08,12.082749366760254,-0.043381255120038986,3.135537210253624,-0.0004805871089369624,-0.00047491192479750773,0.012927853573316418,0.0010885089599113834,-0.007913882521416985,0.011821928620338441,-0.04831361152231694,0,-0.07,True,-0.16561033745109716,0.412519375179013
1158.1,12.082695960998535,-0.04344112053513527,3.135534032345108,-0.0003028778163702844,7.39417284265547e-06,0.00917551929318706,0.000621333957559146,-0.008752825891633356,0.011821928620338441,-0.04831361152231694,0,-0.07,True,-0.12170304416078846,0.13811822822269645
1158.12,12.082255363464355,-0.04340449348092079,3.135581877266373,-0.00022284290801157406,-0.0007703561056231863,0.005338195272981526,-0.0015711205571565905,-0.005835086621086386,0.01025608941912651,-0.05311619400978089,0,-0.07,True,-0.16966776134482212,-0.1165283647678079
1158.14,12.082348823547363,-0.04329181835055351,3.1352003243471933,-0.00034635259662743763,1.8310067270647548e-05,0.004794324522610883,-0.004044717266945214,-0.011375669817359707,0.03155524596571923,-0.04739492654800415,0,-0.07,True,-0.09589606068245561,-0.15084382897214263
1158.16,12.08232307434082,-0.04325300082564354,3.1350704033239363,-0.0002091542580438745,7.869809509730779e-05,-0.0006455673342955839,-0.005203662306140289,-0.017236151702859633,0.0009205917268991471,-0.02442801654338837,0,-0.07,True,-0.057006066120365254,-0.2884881018423528
1158.18,12.082314491271973,-0.043115098029375076,3.1346239787597177,-0.0004983167325745022,0.00011998753839882223,0.0015038344385757845,-0.0053846630736151735,-0.02082033220942809,0.006113554686307907,-0.0001786686107516289,0,-0.07,True,-0.06873900927321061,-0.23740752531483167
1158.2,12.08230972290039,-0.04298854619264603,3.1342029851301416,-0.0005111190559336198,0.00018716889683793265,0.0007777099833434912,-0.006835562772093846,-0.028914134768519215,0.011239045411348344,-0.04039302229881287,0,-0.07,True,-0.01216454188131686,-0.2108242030729007
1158.22,12.082231521606445,-0.04286021739244461,3.1335346977704406,-0.000591157277924052,-0.00035896824544030863,-0.0007047962192409643,-0.00573913381264609,-0.03036827184252897,0.00829207792878151,-0.006675313413143159,0,-0.07,True,-0.05363277363560604,-0.12719598098949
1158.24,12.08226490020752,-0.0427057109773159,3.132757272542457,-0.0006718988936097368,-0.0004472371273288895,-0.0016187306848000477,-0.00703809925583061,-0.03410208794867635,-0.0022578253224492077,-0.03763518448919058,0,-0.07,True,-0.0710639258341446,-0.014650449345092735
1158.26,12.082374572753906,-0.04265643656253815,3.1321945170123175,-0.00022157075389943676,-0.0003362561542985643,-0.0027867874522687964,-0.006643716781593872,-0.030996010688578036,0.0254204585775733,-0.011032380759716034,0,-0.07,True,-0.03975373847913253,-0.026128913069695416
1158.28,12.082444190979004,-0.042426664382219315,3.13147481809425,-0.000638708379351794,-0.00035083219918129714,-0.004907404083382906,-0.005134935548441053,-0.030086170716125567,0.0045162817090749745,-0.009834176078438759,0,-0.07,True,-0.03629147743118641,0.047840748288331306
1158.3,12.082459449768066,-0.04233083873987198,3.1310550169153566,-0.0007760500395458372,-0.00043958489941965754,-0.0038850952975686744,-0.006915228559868268,-0.0324585848881027,-0.00030353091657161715,-0.009200783222913744,0,-0.07,True,-0.0364526751336981,-0.07855362784039778
1158.32,12.082661628723145,-0.04229890927672386,3.130350378885169,-0.00029904397141360453,-0.00021482895403248902,-0.00452204887929232,-0.00603044875866223,-0.030274828085613326,0.0008466948941349984,-0.00586878888309002,0,-0.07,True,-0.010303367770046954,-0.06706478299503599
1158.34,12.082691192626953,-0.04210652410984039,3.1295978302212717,-0.0004370240604448654,-0.0003338570144682104,-0.005703001462961992,-0.007585142779835364,-0.03728030091580414,0.00191405663266778,-0.011407377868890763,0,-0.07,True,-0.04930190049298392,-0.026439987935993652
1158.36,12.08281135559082,-0.04194832593202591,3.129052831847403,-0.00042126487097267156,-0.0004484251663816652,-0.005731673504985913,-0.0040215084053462,-0.03545135335572357,0.006423744894564152,-0.03175949275493622,0,-0.07,True,-0.03857700546144207,-0.12044877352240733
1158.38,12.08292293548584,-0.04172954335808754,3.1280725928420865,-0.0009389314731991353,-0.00022375294973636894,-0.00782924733701501,-0.0037872472850421237,-0.03457378392298628,0.006514261402189732,-0.01675786226987839,0,-0.07,True,-0.033980320987571165,-0.025254756889894436
1158.4,12.083124160766602,-0.04198296368122101,3.1275142706167056,-0.0003013525841801736,-0.00010365610726439353,-0.00760820931621365,-0.0049455392216017705,-0.039910729967424535,0.0019984334334731103,-0.009530988335609437,0,-0.07,True,-0.030094674952460633,-0.16112310114119002
1158.42,12.083321571350098,-0.04181203991174698,3.1268319275074274,-0.0005508963039124601,-0.00018530936984659908,-0.008421427141972939,-0.0013216610135233225,-0.0393006814669996,0.0045469172671437266,-0.03880776405334473,0,-0.07,True,-0.00472006916895013,-0.16230940536626476
1158.44,12.083425521850586,-0.04156129062175751,3.125859973450003,-0.0007621280379145766,-0.00029691849099932824,-0.008139247501187417,-0.008573875409429171,-0.04834120144704368,0.00388032952323556,-0.01914774611592293,0,-0.07,True,0.016870024759756543,-0.095992644738651
1158.46,12.083598136901855,-0.041633766144514084,3.1249285383247294,-8.829999433129409e-05,-0.00010694577917838803,-0.008206852870530678,-0.0069070773128840695,-0.04755853635227565,0.011679964736104012,-0.018743578195571903,0,-0.07,True,0.01140497822609403,-0.02774345870612034
1158.48,12.083786010742188,-0.04130738228559494,3.1236469745009456,-0.0005559246613480866,-0.00017044241378332936,-0.006258607335434354,-0.007356947997948688,-0.04759014154650963,0.006688530296087266,-0.0358563332259655,0,-0.07,True,0.04242875092832248,0.17263269652869653
1158.5,12.08398723602295,-0.04127049073576927,3.123027244599249,-0.0003956655779209607,0.00033204425832137225,-0.007509028883886246,-0.008479830733296985,-0.04152015816348721,0.006688530296087266,-0.0358563332259655,0,-0.07,True,0.026941880518066987,0.14120748399652092
1158.52,12.08393669128418,-0.04098181426525116,3.1220527621262857,-0.000549364420100589,-0.00011791007523769361,-0.004744947426924705,-0.007956547050854869,-0.03453058572476052,0.011551846712827683,-0.008842057138681412,0,-0.07,True,-0.034679944257823545,0.20733507691275935
1158.54,12.084211349487305,-0.04096664860844612,3.1216069256716534,-0.0003250113757075412,0.0004997981518089831,-0.006051502429087279,-0.007435258498638853,-0.03626193763256425,0.012279190421104433,-0.04312681369483471,0,-0.07,True,-0.010360556979319679,0.04713401863998513
1158.56,12.08417797088623,-0.040678396821022034,3.1208845276429673,-0.00042248028399933976,8.765878047799154e-05,-0.009033002876057714,-0.008301248010847643,-0.03100333539350397,0.0010566914081573486,-0.016018184125423433,0,-0.07,True,-0.07913628013266819,-0.06687261374956996
1158.58,12.08448314666748,-0.040685463696718216,3.1201262895886464,-2.8743222684009157e-05,0.000661538334139259,-0.008337873442231067,-0.010401933383305622,-0.03774943667229183,0.07392966322600843,-0.046700376793742185,0,-0.07,True,-0.04924656367663167,-0.095801467148092
1158.6,12.084672927856445,-0.040332820266485214,3.1195724952948076,-0.0003285200060234049,0.0006911351379459494,-0.011075849837532402,-0.009266536708342496,-0.03988039482472125,0.06603128485381604,-0.050953316986560825,0,-0.07,True,-0.03653674562297556,-0.21564333905669492
1158.62,12.084896087646484,-0.04014900326728821,3.118586970737873,-0.0003455793340792351,0.0008605263083972411,-0.009991227523214229,-0.011451017834387909,-0.04392605500440464,0.06603128485381604,-0.050953316986560825,0,-0.07,True,-0.04356281068802989,-0.16755993203973044
1158.64,12.08508014678955,-0.03995676338672638,3.1176940960569834,-0.00032715998064849897,0.0007073168439241003,-0.011955942525901408,-0.0051628368088934415,-0.0482548025180729,0.0023318880051374437,-0.05135685384273529,0,-0.07,True,-0.02822053285183407,-0.15122415558081673
1158.66,12.08530330657959,-0.03978801146149635,3.116612205188287,-0.0004018964962273038,0.0005862944272808035,-0.011822898297280194,-0.006935941877467457,-0.05115423123549617,0.008351421169936658,-0.021130978465080264,0,-0.07,True,-0.07752394957131935,-0.04036715341589723
1158.68,12.085638999938965,-0.03994276747107506,3.1157121110933543,0.0001934990538291177,0.0007778565775241598,-0.01333349246568349,-0.004551438552922241,-0.05197832727120997,0.03498917359858752,-0.039539215937256816,0,-0.07,True,-0.02232884981066308,-0.0321820768952145
1158.7,12.085855484008789,-0.03961792588233948,3.1144946322390252,-0.0002440750749772888,0.000357032833723546,-0.016193143488931763,-0.001372437528964979,-0.04715542727768266,0.0026477937772870067,-0.05849120855331422,0,-0.07,True,-0.005720480515842943,0.05740119919830322
1158.72,12.086155891418457,-0.03962037339806557,3.1135358298752904,-0.00018201630079564372,0.0004917403533151581,-0.01374225051075283,-0.003684310915076002,-0.05082936866968772,0.008411698229610921,-0.033795160800218584,0,-0.07,True,0.01444822008169486,0.12448045801043575
1158.74,12.086601257324219,-0.039713356643915176,3.112839771006076,1.9493708039404597e-05,0.001134412200503052,-0.012280536738547213,0.001136276317574549,-0.04656213529963609,-0.004322310313582421,-0.02895236805081368,0,-0.07,True,0.05626350542820822,-0.00832009726636888
1158.76,12.086746215820312,-0.03967897966504097,3.111645761599783,-6.499932656008703e-05,0.00041449226272505935,-0.012177634859148953,3.0266532962121794e-05,-0.042019890630384166,0.01564971201121807,-0.08009686410427094,0,-0.07,True,0.042944194022886184,0.03149642964917108
1158.78,12.086834907531738,-0.0397370345890522,3.1107696614150577,9.669401547488645e-05,0.00015001977217642633,-0.0116920630546792,-0.0018043152351411077,-0.047821035058991566,0.01564971201121807,-0.08009686410427094,0,-0.07,True,0.017660220600630407,-0.005562952853445755
1158.8,12.087129592895508,-0.039651963859796524,3.1101742386248628,-0.00010382043050671993,-0.00015205757435129071,-0.01030671498892506,-0.0003175445305185961,-0.04830965429775633,0.0016713912039995195,-0.0412835967540741,0,-0.07,True,0.012787862957167254,-0.10419449208223429
1158.82,12.087540626525879,-0.03959790617227554,3.10901408820136,-8.25878948403639e-05,0.0005004042047417587,-0.010867719090498065,-0.0014029400764214905,-0.04700717152791135,0.01370354685932398,-0.033432106971740726,0,-0.07,True,0.03534650508389144,-0.07381058479579072
1158.84,12.087571144104004,-0.03967949002981186,3.107780989255966,4.003038319450921e-05,-0.00011386468212874487,-0.011154605822576503,0.0028850322407033436,-0.05035544999695533,0.007415670081973077,-0.0350752218067646,0,-0.07,True,0.0208879106475695,0.014938599721396792
1158.86,12.08770751953125,-0.03965317830443382,3.1070090876928282,4.9550812470988516e-05,-0.0003328657033657369,-0.008864342647970456,0.0031547380460930988,-0.05372588184264945,0.013799824565649033,-0.04182787969708443,0,-0.07,True,0.0031852861439299654,-0.0232191130609016
1158.88,12.088013648986816,-0.03991280123591423,3.1061458026250985,0.0003190732529970974,-7.811571898208889e-05,-0.00863568213711627,0.0036861509467938885,-0.047114566320042274,0.03508754268288613,-0.01155978873372078,0,-0.07,True,0.03926105451185278,-0.008228781990225895
1158.9,12.088240623474121,-0.03987465426325798,3.10471601765394,-5.1929296758131385e-05,-0.00011921483206996776,-0.010612896198983176,0.0031263561793260725,-0.048864700572787065,-0.001064843088388443,-0.05236790418624879,0,-0.07,True,0.009250264553135023,0.21449410234334676
1158.92,12.088251113891602,-0.03999868035316467,3.1040118239503554,0.0001870071922649846,-0.0007847556738174407,-0.00801372146162221,0.0027809887585696184,-0.05101375255617467,0.07342758178710938,-0.059246466159820564,0,-0.07,True,-0.03492919531613793,0.24334829853167986
1158.94,12.088546752929688,-0.039934419095516205,3.1030999116469977,0.00012165581204981014,-0.0004126148216490795,-0.008124321483718224,0.0037211497682550403,-0.03656635365514855,0.002195643596351147,-0.04912500619888306,0,-0.07,True,0.0002602107964079051,0.3658768067505961
1158.96,12.088645935058594,-0.040159210562705994,3.1020647024206083,0.0006664658461420813,-0.0009950061783926705,-0.011430017762404763,0.0012278874067528007,-0.02764670243752559,0.03338466085493565,-0.036189821958541875,0,-0.07,True,-0.08579866072781268,0.5079793769538706
1158.98,12.088878631591797,-0.040197137743234634,3.1017907093615307,0.0007158049676292978,-0.0012261224644271281,-0.010592079335270562,0.0008461207383644226,-0.019594556032766,0.06190929269418121,-0.018354959487915042,0,-0.07,True,-0.09051334229846075,0.33265930399017374
1159.0,12.089160919189453,-0.04013296961784363,3.1018000877553553,0.0008030240584864766,-0.0013946340242050417,-0.014877614319840983,-0.002985536039021322,-0.010375402399901978,0.04990864969789982,-0.010483916103839875,0,-0.07,True,-0.04552770701482977,0.11594248077527729
1159.02,12.089390754699707,-0.04003577306866646,3.101532347164378,0.0007968038405936442,-0.0016741673517800151,-0.015365388867588498,-0.004194509302006532,-0.009953609335958851,0.03571547031402588,-0.04863907635211945,0,-0.07,True,-0.09180548189881883,-0.057295058239169416
1159.04,12.089844703674316,-0.03996790573000908,3.101234670228617,0.0007946054715222368,-0.0011755246087678428,-0.015072234323587832,-0.005223397773963149,-0.018371303975511843,0.03571547031402588,-0.04863907635211945,0,-0.07,True,-0.013149678845653243,-0.2455801830905267
1159.06,12.090120315551758,-0.03991107642650604,3.1009944206146547,0.0007864492540008964,-0.0012575550726738544,-0.01793651788716939,-0.004880216065974295,-0.024178160691895385,0.01602050341665745,-0.05822002515196801,0,-0.07,True,-0.0025463555441792435,-0.357756760617058
1159.08,12.09038257598877,-0.03976408764719963,3.1003303834373157,0.0008097458957026344,-0.0013746957250347944,-0.015929588627492285,-0.00834212146405853,-0.030021817047126247,-0.0008056650310754777,-0.06764420613646507,0,-0.07,True,0.023425102514831604,-0.30578101257291196
1159.1,12.090840339660645,-0.039703916758298874,3.099598094309028,0.0008969337005465554,-0.0008392138188738815,-0.015569097311122652,-0.010824503208971995,-0.038574150185297466,-0.004798950348049402,-0.0725870355963707,0,-0.07,True,0.12504756340145587,-0.27384170501870464
1159.12,12.091145515441895,-0.03935367241501808,3.098832924864849,0.00043045388995979235,-0.0006779783162141657,-0.013198226122403008,-0.012511540128655992,-0.04283378498132255,-0.004798950348049402,-0.0725870355963707,0,-0.07,True,0.12384266360332223,-0.18903771829025656
1159.14,12.091401100158691,-0.03909816965460777,3.097908488599825,0.0002032411501047403,-0.0005519013001675207,-0.007932712815033586,-0.012062980212861552,-0.0460854970934341,0.004355050809681416,-0.06481689780950547,0,-0.07,True,0.17846378553005288,0.02222928041722422
1159.16,12.091480255126953,-0.038809213787317276,3.0969036806388033,5.181517522257657e-05,-0.0005072345844174522,-0.006022175539207359,-0.009160064245734617,-0.045144834510376,0.045409124437719585,-0.05768293112516404,0,-0.07,True,0.17748092742512098,0.21156966610875666
1159.18,12.091516494750977,-0.03876751288771629,3.095911254541546,0.0005682807423229413,-0.0004298185137739404,-0.0012919944686908304,-0.007500641151954558,-0.03679580775191609,0.010052485167980196,-0.05182924240827561,0,-0.07,True,0.09785040903038916,0.17344179291868203
1159.2,12.091659545898438,-0.03864312171936035,3.095221338104012,0.0005650093679527089,-0.00010119079294969745,0.0010002480716341101,-0.004581877213273719,-0.025908211692589306,0.010685587525367737,-0.01190327122807503,0,-0.07,True,0.1045089620234932,0.19590056360381677
1159.22,12.091531753540039,-0.03850346431136131,3.0949648239796743,0.0003047307082363228,-2.159411816961315e-05,-0.00010468009260957187,-0.008498278238522637,-0.032210153659952154,-0.0006578285992145539,-0.010207713134586812,0,-0.07,True,0.01870889443796515,0.025380213471195005
1159.24,12.09141731262207,-0.038439348340034485,3.094831023703398,0.00035288478692303274,-0.0003927652047252821,0.0023385414226644937,-0.009934823647122185,-0.02947278942208491,0.013215402811765671,0.0010970701277256013,0,-0.07,True,-0.010087933852135265,-0.22269472342419358
1159.26,12.091556549072266,-0.038088779896497726,3.0933344422487523,0.0001124771885894349,-0.0002596873522903663,0.00020471708634502047,-0.007451382404866391,-0.03476539067422234,0.05508780434727669,-0.008686533458530904,0,-0.07,True,0.046040930930184146,-0.08374909685826515
1159.28,12.091509819030762,-0.03784045949578285,3.0928635149502473,2.9366470026908094e-05,-0.0001736846007368655,0.0001932133634640229,-0.009590777236957377,-0.04372378956650859,0.01802361845970154,-0.01365960340946913,0,-0.07,True,0.0075365015105272075,-0.1473113491302818
1159.3,12.091544151306152,-0.03790725767612457,3.092183592725739,0.000506323147532435,0.00020991348167947936,0.0035785943818018103,-0.005268563861505119,-0.03891008140860727,0.051366931051015856,-0.0018805415183305743,0,-0.07,True,0.0688300301088827,-0.1627521425313776
1159.32,12.091439247131348,-0.037672244012355804,3.0913331205380805,0.0003307990816610091,0.00040336020011918426,0.002941461543506122,-0.007222099949652882,-0.041257697352496736,0.04701135218143464,-0.11125594675540926,0,-0.07,True,0.08082450066430953,-0.10065456274203428
1159.34,12.091291427612305,-0.03765366971492767,3.0902216357360666,0.00082179194204229,0.0004434933721515232,0.005711119495050628,-0.009855420990411323,-0.0477855620767207,0.08730425119400025,-0.057640258669853214,0,-0.07,True,0.04087555264094329,-0.0676908350139911
1159.36,12.091303825378418,-0.03725159913301468,3.0895628991620505,0.0003765923433602279,0.0006392638767032823,0.006659173416602905,-0.009365054492969564,-0.05177615458586401,0.08730425119400025,-0.057640258669853214,0,-0.07,True,0.03719424957650881,-0.09333637021544637
1159.38,12.0911283493042,-0.037096403539180756,3.088360747759594,0.00035857625543069736,0.0008153900615826301,0.006848638593083593,-0.010013128009976472,-0.04432534820973703,0.018403222858905794,-0.08691079102456571,0,-0.07,True,-0.042534940277707774,0.0031623273573704674
1159.4,12.090946197509766,-0.036896347999572754,3.0871910281712034,0.00016983709390160648,0.0006917246899087842,0.005917001509632577,-0.00737067047826127,-0.04872460696974688,0.06660310357809067,-0.01804945819079876,0,-0.07,True,-0.08930365423333622,0.10215468492280505
1159.42,12.090786933898926,-0.036824602633714676,3.0866756078792807,3.8295555071755024e-05,0.0007424546046544129,0.0023083242728274295,-0.008979196652874354,-0.04753257588813058,0.005645780712366105,-0.005219128914177419,0,-0.07,True,-0.1522022499431928,-0.06990140909758141
1159.44,12.090863227844238,-0.0366370789706707,3.0856649306044632,-9.771047754730901e-05,0.0009947586863150318,-0.00048511892207780076,-0.005196912178950909,-0.04360377979202381,0.03425878643989563,-0.009893191531300546,0,-0.07,True,-0.14448596923133636,0.20868504280683625
1159.46,12.090983390808105,-0.03636901453137398,3.084558141688547,-0.0002879231679800488,0.0011927619079810912,-0.005327541402360757,-0.006863537126032819,-0.04991746093753845,0.004933456853032113,-0.04501739069819451,0,-0.07,True,-0.07981749495311512,0.32409667714120677
1159.48,12.091008186340332,-0.036483414471149445,3.0837027257878447,0.0002467504928119514,0.0007369812335961643,-0.005641876028863819,-0.0077301643058973035,-0.03202980354521516,0.02120549149811268,-0.02974642097949982,0,-0.07,True,-0.07635764176887362,0.34443939603140605
1159.5,12.091243743896484,-0.03630070760846138,3.0826822110042813,0.00022788835289516517,0.0006907706278505627,-0.004077075323415972,-0.002142867111728833,-0.021604841716857615,0.003437661081552506,-0.0025370860844850544,0,-0.07,True,0.0077773095879160835,0.4746782874364866
1159.52,12.091349601745605,-0.03604581579566002,3.0831025463208483,-0.0006601155464653993,0.00030200239528949206,-0.006593730263582135,-0.0030229542473336865,-0.016048628109536386,0.04804301824420691,-0.008740388788282871,0,-0.07,True,0.0036966373236862037,0.016102964153873307
1159.54,12.09131908416748,-0.036217086017131805,3.0828297543512,-0.0003373730990533484,-0.0001136571209713105,-0.004705356635328037,-0.0010082851031920255,-0.011943197942654065,0.05479376077651978,-0.02888246960937977,0,-0.07,True,-0.04280370429988536,-0.23172039984830325
1159.56,12.091548919677734,-0.03627282753586769,3.082418835539083,-0.00026252524335964515,0.0003474445537188263,-0.005346145042969192,0.0005406645227536737,-0.030741566412906467,0.0741252362728119,-0.05925509974360466,0,-0.07,True,0.021662118429710154,-0.36827397452514016
1159.58,12.09162425994873,-0.0362422913312912,3.08172675516887,-0.0003431590596031916,0.00024478380018254104,-0.007501371667403687,-0.001368146169354937,-0.040142473704705015,0.04042570412158966,-0.02028942465782166,0,-0.07,True,-0.035946755109825826,-0.4814746942412147
1159.6,12.091773986816406,-0.03611428663134575,3.080643221007818,-0.0005108113361271224,0.0001377399704263345,-0.004860760789206899,-0.003719820599508612,-0.0455105460715208,0.060487696118652824,-0.004870661795139313,0,-0.07,True,-0.006538384904099395,-0.19005288559745778
1159.62,12.091924667358398,-0.03614373505115509,3.0796183564548265,-0.00017441493835586758,0.00013087306119810034,-0.007581097044111487,-0.0023621375303000377,-0.050461173481916206,0.05907001435756684,-0.018875695914030075,0,-0.07,True,0.02215890293694137,-0.060145273004595295
1159.64,12.091955184936523,-0.03599948063492775,3.078777991853354,-0.00026536237813352937,-3.5544859690911426e-05,-0.005869215835298154,0.0012105464398431463,-0.045945797260732474,0.05907001435756684,-0.018875695914030075,0,-0.07,True,0.0006670000279518568,0.033907735966939724
1159.66,12.092241287231445,-0.03609124571084976,3.0776898612903087,-0.00011159697371872889,0.0005644368640406589,-0.005728659432444951,0.0027205863665562273,-0.04495409554508194,0.0455322820879519,-0.039715634882450106,0,-0.07,True,0.052880667095753,0.09716521919928911
1159.68,12.092236518859863,-0.036240413784980774,3.0769675572269524,5.5207758660770045e-05,0.00011933629596873883,-0.004807400786970647,0.004325377135805257,-0.04279792719416038,0.0379552036523819,-0.011094636544585229,0,-0.07,True,0.01555204628066412,4.057578824856341e-05
1159.7,12.092368125915527,-0.03639020398259163,3.076022028811213,0.00019202356824642107,-2.0678036565261064e-05,-0.003350643676443071,0.003905805120362325,-0.042687955945958055,0.015434232279658318,-0.04770522445440293,0,-0.07,True,0.0247260039255358,-0.03933539045341059
1159.72,12.092316627502441,-0.036369625478982925,3.0753541576778245,0.00015844497829763907,-0.00010274725176254534,-0.004625052132846156,0.0011034225265894064,-0.04594255119767259,0.030870895460247995,-0.012215693891048433,0,0,True,-0.011237555708484833,-0.139692207299276
1159.74,12.092488288879395,-0.03642060235142708,3.074274824814635,0.0002693785115592063,0.00037706413880942926,-0.003750579118403886,0.00246488498876636,-0.04810092678135192,0.03979808419942856,-0.04173793114721776,0,0,True,-0.0069897002138133105,-0.21260933575958751
1159.76,12.092599868774414,-0.036352984607219696,3.073292153131142,-0.00019883949808167454,0.0003693849750305032,-0.005706405243648616,0.0009732512804149925,-0.0539733037780923,0.047133628427982334,-0.04362628638744355,0,0,True,0.01279519615856383,-0.1956634445874577
1159.78,12.09265422821045,-0.036607131361961365,3.0721739546687084,0.0003169672123358017,-1.7720175776311458e-05,-0.0039098196935476275,0.0007200211884442696,-0.059696702806709585,0.047133628427982334,-0.04362628638744355,0,0,True,0.009051352321634384,-0.0983011171215975
1159.8,12.092766761779785,-0.03647845983505249,3.071036293375581,-0.00018687235869162977,-0.0001619965448612295,-0.0036014364401619806,0.005640838016119987,-0.06159562676465497,0.03570059441030026,-0.004841011166572571,0,0,True,0.05038065857625015,0.14667422541459413
1159.82,12.092796325683594,-0.036499761044979095,3.069499088590103,-0.0003195331002605008,-0.00031812968435816785,-0.003026470932673794,0.0038427227666866914,-0.05596501615107257,0.02658970654010773,-0.02422146558761597,0,0,True,0.04954963269069493,0.4436063444585043
1159.84,12.092855453491211,-0.036823440343141556,3.068364502989974,0.0002766319852805285,-0.00028410990712574545,-0.0016759525575522705,0.007040893355099614,-0.04223936574493544,0.08565056264400484,-0.06693736732006074,0,0,True,0.05907214241496566,0.6309157475267301
1159.86,12.092873573303223,-0.03693119063973427,3.0676967533766266,0.0003116118327933971,-0.00026266017764484155,5.41509217043618e-05,0.006373103562386533,-0.024208195250061525,0.007786409854888917,-0.05202962249517441,0,0,True,0.05585897818398911,0.6793489638635831
1159.88,12.092859268188477,-0.0370500311255455,3.0676571441159797,0.00036344303487518116,-6.395378083003923e-05,0.0011243349530444056,0.0022499142330230596,-0.011122366962419014,0.042339122518897064,-0.014519297182559968,0,0,True,0.03511875022598241,0.49676640381885245
1159.9,12.092754364013672,-0.0370078980922699,3.067562432970094,0.00029229854819956324,-0.000404832673264158,0.001442247322053972,0.0010229620147001548,-0.0016170990418808817,0.0008239363599568606,0.011161502748727799,0,0,True,-0.0069185807453876055,0.30831308813435565
1159.92,12.092752456665039,-0.03699629753828049,3.0674747136329787,0.0003947151524192382,-0.0005059489237352999,0.0011335474605317524,-0.0007771998609434116,-0.002498053439350441,0.00435442965477705,0.006782157793641091,0,0,True,-0.010671239250121554,0.13487858732257338
1159.94,12.092752456665039,-0.037004269659519196,3.067567385453276,0.00033320972346459135,-0.0003919137302453866,-0.0004993355379277163,0.00012453014808358874,0.00045685180073459704,0.00035414826124906544,0.0005368327349424362,0,0,True,-0.019087080026662047,0.020810727961570297
1159.96,12.0927734375,-0.036981310695409775,3.067457299840832,0.0003842648016934204,-0.000408745570397575,0.00027063581303545767,-0.0002639881327951748,-0.00033207997662295876,-0.001128115844912827,0.001646885769441724,0,0,True,-0.017199407919853353,0.03944510906226065
1159.98,12.092793464660645,-0.037020787596702576,3.067598981114153,0.00030556335845308716,-0.00018384973176752232,-8.471908007760305e-05,1.4078397409815064e-05,4.775919504322781e-05,-0.00017160365823656323,-0.000762932924553752,0,0,True,0.0050862832929043506,-0.03753933632458129
1160.0,12.092732429504395,-0.036973632872104645,3.067448147234849,0.00039633765677635934,-0.000574344311103213,-0.00024240517305526427,0.00020575363673681896,0.0006575552856275409,-0.0008075012126937509,0.0022284385934472086,0,0,True,0.005180193312034818,-0.006748929354134579
1160.02,12.092759132385254,-0.037005893886089325,3.0675712061888794,0.00033192564267398863,-0.0003929900898844878,-9.243287449573833e-05,-0.0008490740833909195,-0.002546295105229175,0.0031476483680307867,0.0027459114789962773,0,0,True,0.01612194789194656,0.0013062664912268265
1160.04,12.092791557312012,-0.036999162286520004,3.067509904263682,0.0003902511070143248,-0.0003844554862896929,0.0006850512779978662,-0.000371832413090023,-0.000871994324953234,0.0003184965252876282,-0.005449968539178372,0,0,True,0.026451698975540228,-0.032707857433648777
1160.06,12.092805862426758,-0.03695359453558922,3.0673952775057347,0.0002750820268501059,-0.00016877563675548793,0.0012050367512769487,3.0926582239965966e-05,0.0001522605143412789,-0.00025957638397812845,-0.0008116257190704347,0,0,True,0.03445668199495224,0.06761348406723229
1160.08,12.092679977416992,-0.03693991154432297,3.0673783876888527,0.0001795171797363599,-0.0005583103860262547,0.0018737307449860293,-0.0007632476915208333,-0.0019590733090619813,-0.000514799386728555,0.002437455197796226,0,0,True,0.023577787366770762,0.0544952415753893
1160.1,12.092662811279297,-0.03700121492147446,3.0675833870300266,0.00012955686762907356,-0.0005444049671293031,0.002664101685097934,0.0011496186393054378,0.0028627836201444894,0.004461352657526732,0.006838459670543672,0,0,True,0.036196509899999944,0.015917196172085212
1160.12,12.092646598815918,-0.036927156150341034,3.067353178398957,0.0001456248225359335,-0.0006151794863557312,0.0025712742673378117,0.0011089801145578817,0.003487625001073945,0.0005989827774465085,0.0019162102043628695,0,0,True,0.021440378909716888,0.06524248975177177
1160.14,12.092586517333984,-0.03702955320477486,3.0676243001953467,0.00018076279556159672,-0.000700103395902526,0.0041007575432825405,0.0004749201163514187,0.0014256362081105569,0.0007225339952856303,0.00027091017924249175,0,0,True,0.009784872185590801,-0.05262750575578111
1160.16,12.09246826171875,-0.03701312839984894,3.067657397688939,0.00011200090600309255,-0.0008310667973265066,0.0035889610577666954,0.001252099531720088,0.003260325871089847,0.0010613963892683387,0.003971552327275277,0,0,True,-0.007573316890793834,-0.06948428509416443
1160.18,12.09233283996582,-0.03701486065983772,3.0676974379266757,5.320585167417327e-05,-0.0009711538804814766,0.003446891459946711,-0.0005420723577181973,-0.0013474168403261363,0.0022021528147161008,0.005139313377439976,0,0,True,-0.05069771786432543,-0.037491942991938816
1160.2,12.092352867126465,-0.037005841732025146,3.067614004468645,0.00017381688255383986,-0.0005366460453798461,0.001965408916073134,-0.0005515216657147686,-0.0020711178064699537,0.004100975245237351,0.004811941534280778,0,0,True,-0.03567176233065423,-0.04588799652514392
1160.22,12.092314720153809,-0.03696594759821892,3.0675165068481207,0.00023050088006289918,-0.0005529349102541411,4.494011414019476e-05,-0.00028341387924244956,-0.0015737192312418205,0.00033311922103166584,0.00019919410347938538,0,0,True,-0.027812131196424655,0.027582679549326347
1160.24,12.092314720153809,-0.0369575060904026,3.0674917082644217,0.0003498147243198731,-0.0006173577252283716,0.0007352200713169524,-8.139327011614161e-05,-0.00041071385091832777,0.0022531244158744816,0.001939753331243992,0,0,True,-0.0020828066524636083,0.04099839345843811
1160.26,12.092330932617188,-0.03699198365211487,3.0675715403881765,0.00025220136540689855,-0.0004592287061889274,0.0012219209642347624,0.00012549391635552067,0.0008591975236179648,3.7514548748731615e-05,-0.0002724901866167784,0,0,True,0.026370013955083347,0.011795154615198228
1160.28,12.092294692993164,-0.036994993686676025,3.0675811473605714,0.0002259978711872003,-0.00040325258450852323,0.001798784383876197,0.00024506630696091356,0.0012087536702021118,-0.0010284471791237593,0.0007861947128549219,0,0,True,0.011365964759403026,-0.006603368094699543
1160.3,12.092216491699219,-0.03696873039007187,3.06758524265001,0.00019930148691542037,-0.0005063185682552924,0.002154541230544944,-0.00020012645762567692,-0.0006301068620268204,0.001290007894858718,0.0028396312892436984,0,0,True,-0.005250670057537919,-0.010867048370491439
1160.32,12.092169761657715,-0.036966416984796524,3.067588408558038,0.00017957326920654118,-0.0005120888080289044,0.0016444972520683675,-0.00041482432682189507,-0.0009389832984938107,0.0019695522729307417,0.0031941242888569835,0,0,True,-0.01655941286703181,-0.050616232708860544
1160.34,12.09216022491455,-0.03696327283978462,3.0675211318392144,0.00025872593738612745,-0.0004917691500833242,0.0008018673596321109,-1.3058333228202304e-05,-1.016634602055955e-05,0.0018275371473282578,0.002333956826478243,0,0,True,-0.025576620719249446,0.019514733916469983
1160.36,12.09216594696045,-0.036952171474695206,3.067506028696692,0.0003263701494351799,-0.0005222134311255232,0.0004740313545148572,-0.000910841085343811,-0.0028405449465030486,0.0015352952387183906,0.0009996902104467155,0,0,True,-0.01614291525578596,0.022882363541282674
1160.38,12.09215259552002,-0.03696294128894806,3.0675844293423284,0.00020938380322682988,-0.000523779186275927,0.00010841157300103372,0.00031126851935762767,0.0009310718512937957,-0.000253218412399292,-0.0003121380973607302,0,0,True,0.004595814110021817,-0.0256208396095128
1160.4,12.092137336730957,-0.036890942603349686,3.067361164962317,0.00024163178747319493,-0.0006187786771457793,0.00035306403160299474,0.00039612559860281423,0.0008916057848123414,-0.0005320646148175001,0.0010518517391756178,0,0,True,0.003851566967838512,0.0660675323433232
1160.42,12.09214973449707,-0.036987464874982834,3.067595617587318,0.0001847921345694438,-0.0005167073920163121,0.001169532488434567,-0.0006190314872408582,-0.002059833514785545,0.0005032044788822532,1.8001790158450605e-05,0,0,True,0.013085493229050633,-0.04274721473536719
1160.44,12.092135429382324,-0.03698167949914932,3.067577357159477,0.00013563281124538438,-0.0004103387442955173,0.0007821567119425337,0.0010587427011612938,0.0024448576409730224,-0.00044310819823294883,0.0013472802937030794,0,0,True,0.0065772478442317085,-0.04131187130285336
1160.46,12.092062950134277,-0.036906637251377106,3.0674196426611458,0.00013122777196674005,-0.0005148495704476215,0.0011552510313241322,-0.000907766711552883,-0.002488705327532469,0.0011503387894481422,0.0029568023048341277,0,0,True,-0.021207166574409287,0.058483004948368465
1160.48,12.092068672180176,-0.03697078302502632,3.067556753573595,0.00024144698820210332,-0.00045087127332283126,0.0008792438591410529,-0.0008951415669453401,-0.0024133439194129213,0.0021858651004731658,0.0038670829124748713,0,0,True,-0.009576855355589595,-0.015983781720298115
1160.5,12.092062950134277,-0.03690819442272186,3.0673965211611156,0.0002827786260825954,-0.000493214854925216,-0.0005270408375166331,0.0008185100722242264,0.0026188068810796775,0.0012894287891685964,0.0009125918149948121,0,0,True,-0.009118494586817676,0.03282488530736015
1160.52,12.092070579528809,-0.036905061453580856,3.0673842896459242,0.00031300415726968753,-0.0006721499660977999,1.6008283496062837e-05,0.00010625307545927551,0.0011661551033503362,-2.643037587404251e-06,-6.911111064255238e-05,0,0,True,-0.004583443058260714,0.031210615167644045
1160.54,12.092100143432617,-0.036975063383579254,3.067629147211632,0.0003075920953672343,-0.0005150776531225998,0.0004257714643793816,-9.980053478328806e-05,0.0001372854970539544,-0.000747508523054421,-0.0011316794343292714,0,0,True,0.012985567390338192,-0.07427337128918986
1160.56,12.092066764831543,-0.03697916492819786,3.0676500459818627,0.00023743015084467793,-0.00047181300288053713,0.0005125684144805292,1.9385770125037097e-05,8.350529399633146e-05,-0.0027556095924228434,-0.00024859671480953694,0,0,True,0.00533450517250803,-0.05177837889043758
1160.58,12.092029571533203,-0.03689771518111229,3.06740750400088,0.00023633675521928974,-0.0006028756130505796,0.0005118045537094774,-0.0009353100018797337,-0.003323062822050107,0.0004470140486955643,0.0023329636827111246,0,0,True,-0.001751161415729569,-0.0007800516527197425
1160.6,12.092029571533203,-0.03690357878804207,3.067390970069444,0.00028374929004947345,-0.0006801490622802699,0.00044276869729631716,-0.0008104368731243817,-0.0029761152078809023,0.0031577386474236848,-0.001323682274669409,0,0,True,0.0012751516134270014,0.002262021185488963
1160.62,12.09206485748291,-0.036897409707307816,3.067363302185868,0.0001626864406591661,-0.0004890319582062378,0.0002856785511211435,0.00017706502647960872,7.488136483643175e-05,-0.00027656038757413627,-0.0005329335667192936,0,0,True,0.011954699225652432,0.04925165601881983
1160.64,12.092036247253418,-0.03691188246011734,3.067411956765232,0.00013442780982517128,-0.00046611446280145667,0.0006145805435548865,9.442292592103026e-05,0.0002644669888357982,-0.0018619269505143166,-8.416655473411084e-06,0,0,True,0.011423093670941993,0.0349408553871445
1160.66,12.092005729675293,-0.03691014647483826,3.067413494510067,0.00012557102208158403,-0.0004583789309113646,0.0014681804917635202,0.00018960997853076128,0.000617069659463094,0.0010524541512131691,0.002128307614475489,0,0,True,0.010413763282065822,0.027540634589375855
1160.68,12.09197998046875,-0.03690746799111366,3.067412127428551,0.00010678580974088291,-0.00043894298973424335,0.0013566161909734427,-7.853424475468588e-05,-0.0001808467769039403,0.0014269410632550717,0.0021840044390410186,0,0,True,0.008496768591960175,-0.004868372958446458
1160.7,12.091946601867676,-0.036903832107782364,3.0674126677586253,0.00011289587495330536,-0.0004483762321050152,0.0011187796136880193,0.0007090372590143079,0.002278132131990758,0.0013138524070382118,0.0019184161256998779,0,0,True,-0.005154178061232244,0.02173336964949352
1160.72,12.091928482055664,-0.03689757362008095,3.0673974890230795,0.00014434546134917988,-0.00047714479834253074,0.0012943220309110824,-4.4528466843042825e-05,-0.00012500284783956416,0.0015561493020504714,0.0022831485979259015,0,0,True,0.0002764709379119149,0.005995734651067867
1160.74,12.091912269592285,-0.03696008026599884,3.067595745080626,0.000167543136998564,-0.00045072566999643796,0.0010558462468653158,0.000753279400301171,0.0023557392314209943,0.001150077171623707,0.0009541667206212879,0,0,True,0.007256724915112435,-0.02893944839944531
1160.76,12.091876983642578,-0.0368962399661541,3.0674021272007237,0.00019974994529162247,-0.0005116787555181313,0.0013787338660063758,0.00010639942419595605,0.0002988119951810528,0.000641187378205359,0.0019375768769532445,0,0,True,0.00685335964733459,0.0014309596663873373
1160.78,12.09185791015625,-0.03695768490433693,3.067601126897139,0.00016331888228522721,-0.00048668305605587014,0.001699317606896486,-2.564999405172712e-05,-3.7023739962760785e-05,0.0012420699000358583,0.0009368742257356645,0,0,True,0.011478366820629811,-0.030456995868177628
1160.8,12.091817855834961,-0.03689788654446602,3.067421393982694,0.00011636056342576254,-0.0004481428279358944,0.001842590802697351,-2.2963555832744364e-05,-1.0526074528681287e-05,0.00034662027843296534,0.0019074656628072263,0,0,True,0.006323194462977198,-0.007145561642527528
1160.82,12.091776847839355,-0.036947984248399734,3.067592783181429,0.00014958507288102133,-0.00043473309209194233,0.0019741155925148655,-2.3801101836650303e-05,-8.082043803099982e-05,0.0015522125829011202,0.0024669798091053966,0,0,True,0.0005455746933240326,0.0011658146754912728
1160.84,12.091730117797852,-0.036883484572172165,3.0674012851147614,0.0001645108156995595,-0.0004895518956865282,0.0018845894230440916,-0.00010548943025879076,-0.0002728329362206295,0.0019242539256811143,0.002607372682541609,0,0,True,-0.002549952751728268,-0.00027673692948171303
1160.86,12.091700553894043,-0.036944109946489334,3.0675946612620963,0.00014278179114261708,-0.0004697258958822125,0.001742963582362369,3.059419274608404e-05,5.62414340764562e-05,0.0019242539256811143,0.002607372682541609,0,0,True,-0.0021695739241369984,0.003114059263153162
1160.88,12.091668128967285,-0.03687829524278641,3.0673995673477963,0.0001723986881925587,-0.0005001142042979623,0.0016385945825586952,-1.240429371234962e-05,-3.266502888726112e-05,0.001698193568736315,0.0017534730955958368,0,0,True,0.0030341287235519238,0.0035455250628346775
1160.9,12.09163761138916,-0.03694011643528938,3.067597282496155,0.00012484128238835195,-0.0004850530659016683,0.0018005496785835702,6.002653003258497e-05,0.0001683043030217346,0.0016399930883198978,0.0012542707566171886,0,0,True,0.012809631441146505,-0.04315924417688347
1160.92,12.091599464416504,-0.036872778087854385,3.0673986719124504,0.0001578509648333339,-0.0005362964712369654,0.0021273197209287146,6.180373921086719e-06,1.0809068806692917e-05,0.0008164783287793398,0.002214363515377045,0,0,True,0.0048744298971265115,0.0015163772618830718
1160.94,12.091556549072266,-0.036938250064849854,3.067608125606338,9.339558245917603e-05,-0.0005497098536939909,0.00276773409765607,-0.001054609841354563,-0.003396498100080895,0.001616252949461341,0.0012191422563046217,0,0,True,0.004125676046220238,-0.03509470284468698
1160.96,12.091498374938965,-0.03686617314815521,3.067400432073301,0.00013058077450198066,-0.0006549074446389133,0.0020285489743284615,4.842478111887353e-05,8.86451520632743e-05,0.0009104937221854926,0.002530799824744463,0,0,True,-0.0068945264726843454,0.0003886255627729004
1160.98,12.091423034667969,-0.03683961182832718,3.067325562648149,-6.761435892712379e-05,-0.0007357387455205857,0.002130603762280889,-0.0008411179287860839,-0.0026392719245506703,0.001883905977010727,0.001485515618696809,0,0,True,-0.023219243695655582,0.08259847435876137
1161.0,12.091437339782715,-0.03686461225152016,3.0674057635246155,2.2916543026185818e-05,-0.0004707757750263896,0.0015757576031144686,2.8862760937417795e-05,4.189911382849668e-05,0.0023053930886089806,0.0016941941995173694,0,0,True,-0.004259400834071822,-0.001969997490834072
1161.02,12.091391563415527,-0.03685849905014038,3.0673969838523742,5.601404864535187e-05,-0.0005124433024413455,0.0009101946020053129,0.0006203339389657854,0.0032113798486140053,0.00019348342902958396,7.007583044469357e-05,0,0,True,-0.008492796628860353,0.062495911094503795
1161.04,12.0913724899292,-0.03685913234949112,3.067403784002407,4.3118515171080765e-05,-0.0004208144708540745,0.0016877969076030256,-3.107422844472109e-05,-6.895464720330811e-05,0.002314196433871985,0.0020826878026127815,0,0,True,0.005287737300187983,-0.0011461633064195652
1161.06,12.091346740722656,-0.036883704364299774,3.0675824730360377,8.233338003104813e-05,-0.00041218014903339733,0.0014511800319726787,0.0007415157393369471,0.0023604009630050866,0.0010787656158208847,0.0015728074405342342,0,0,True,0.014428831076103057,-0.045947895353016154
1161.08,12.091302871704102,-0.03685212507843971,3.067400247152839,0.00010252267095354116,-0.00044483998741428346,0.0019987765871291225,-3.349544709263817e-05,-4.9793950684985144e-05,0.0018147080298513175,0.001578550646081567,0,0,True,0.006805795590328612,0.021992877054560142
1161.1,12.09127140045166,-0.0369090735912323,3.0675858159294145,6.428108606132148e-05,-0.0004390270750740577,0.0020645010880925075,0.0002081656000224486,-0.0004644517796239439,0.0018232044484466315,0.0013541534170508386,0,0,True,0.0007292093851395675,-0.030820480122587788
1161.12,12.09121322631836,-0.036844607442617416,3.0673998004863523,7.015054608904479e-05,-0.0004922600916469444,0.0022322605548288194,0.0005242099001129126,0.001690475517159903,0.0012435890175402165,0.002190218074247241,0,0,True,-0.004448355628534144,0.0031528637456958073
1161.14,12.091180801391602,-0.03688810020685196,3.0675453168936677,0.00011542229947200804,-0.0005752797480480009,0.0015095167827839568,-4.519184538119481e-05,-0.00010523744680670166,0.0022350832819938663,0.0018938110768795015,0,0,True,-0.004532730946355082,-0.016376015905955353
1161.16,12.091121673583984,-0.03688070923089981,3.0675354851942123,0.00014188960996127506,-0.0007322929833471014,0.0016429081368457032,9.03268209488896e-05,0.00020243514897116691,0.0011644563078880312,0.0010023979842662812,0,0,True,-0.009489893731332718,-0.042135378052512516
1161.18,12.091151237487793,-0.03689653426408768,3.06757739693367,8.187898357272917e-05,-0.0004396202630126506,0.0017018826123834001,-0.000543815985318596,-0.0017745330521029043,0.0010196376731619239,0.0006818037247285247,0,0,True,0.00955156837782681,-0.025242061966379264
1161.2,12.091081619262695,-0.036842089146375656,3.06741599529827,4.359500606107073e-07,-0.00045126862010826536,0.0014730690563207348,-0.0005196005316770198,-0.0016803547270476133,-0.0015060103405267003,-0.000943504897877574,0,0,True,0.001162842232172815,0.02226344611310544
1161.22,12.091048240661621,-0.03683464601635933,3.0674033542494996,9.565341040854787e-07,-0.0003851046079294785,0.0022736422530094066,-0.0006758548532477804,-0.0021246024041152063,0.0025596270710229875,0.003206319082528353,0,0,True,0.0038392810415442003,0.02202818085242208
1161.24,12.091007232666016,-0.03683052211999893,3.0674010568160486,-6.387383148419708e-06,-0.0003673535212970451,0.0017359355154194438,0.0006078815993123706,0.0019835108380179822,0.002098989924415946,0.0020548162795603277,0,0,True,0.005316884637309599,0.022066404620739336
1161.26,12.090973854064941,-0.036829132586717606,3.067407428741341,9.237931726893253e-06,-0.0003604400123743737,0.002009025095706657,-1.0568181711209906e-05,-1.2278583910740946e-05,0.0023415430262684824,0.0022814564593136312,0,0,True,-0.004220723862415137,0.026570707606761206
1161.28,12.09093952178955,-0.03688029199838638,3.0675746761653113,3.785013131764263e-05,-0.00033911533395245447,0.0018984198273051158,2.982947701494232e-05,8.49576426099281e-05,0.0022999978810548786,0.002105666883289814,0,0,True,0.0029636296607977596,-0.025350012731161258
1161.3,12.090888023376465,-0.036821890622377396,3.0674023719627868,1.1595911551980943e-05,-0.00036741360008981603,0.0019359843440165028,7.173606015104764e-06,1.0542044237569921e-06,0.002143215071409941,0.002106134966015816,0,0,True,-0.00030009403855301716,0.00013361665961194566
1161.32,12.090855598449707,-0.036821670830249786,3.0674078534274574,-9.467748990355466e-06,-0.000343051179420999,0.001973025888283049,-8.715166291518438e-06,-4.449018047307401e-05,0.0027129575423896317,0.0023095060884952548,0,0,True,0.001560442425889708,0.022868976906247014
1161.34,12.090819358825684,-0.03681822493672371,3.0674075130776948,-1.7390122797325532e-05,-0.00033535545674768223,0.0019850175726224373,-9.224091445220596e-06,-1.5892511417950155e-06,0.0021481523662805558,0.0021661205496639017,0,0,True,0.003914943571732214,-0.0011144457356211987
1161.36,12.090782165527344,-0.0368678979575634,3.0675711169508735,1.8616478029130805e-05,-0.0003251181262304828,0.002023255221376179,0.0006031570977444997,0.0019144757951080251,0.002350051831454039,0.002205153303220868,0,0,True,0.004082941165088813,-0.026979703297810458
1161.38,12.090729713439941,-0.03680938482284546,3.0674022448226954,-1.8050836613279052e-05,-0.00034311121227444645,0.002249179829755685,-2.506717405562154e-05,-8.81014544261112e-05,0.0023104405589401723,0.002091132327914238,0,0,True,0.0004578435791704613,-0.0010842150474633123
1161.4,12.090690612792969,-0.03685782104730606,3.0675610114910663,2.975385542745833e-06,-0.0003331437843642666,0.0022996611814907852,-0.0007061209724388807,-0.002202866444302082,0.002649719696491957,0.002476037926971913,0,0,True,-0.0004678291013575484,-0.023799183568503416
1161.42,12.0906400680542,-0.03680288791656494,3.0674004649613407,-3.121543123082491e-05,-0.00033820946811644975,0.002021645058956145,-1.9515424247423872e-05,-8.832645493902763e-05,0.002356529887765646,0.0022021528799086813,0,0,True,-0.004047451266978188,0.001043856161368918
1161.44,12.09060287475586,-0.03679795563220978,3.067394887635329,-5.075593528971183e-05,-0.0003308294129207871,0.0019858288932675027,-2.011196138208105e-05,1.0541109624072215e-05,0.0027521592751145367,-0.0051728166267275815,0,0,True,-0.005394781834728934,0.05276792647420199
1161.46,12.090568542480469,-0.03679583966732025,3.0673951787063003,-6.134883543394386e-05,-0.0003243594088251451,0.0019253837283977246,-1.1017536446383212e-05,-4.5929615166737246e-06,0.002372482251375914,0.00203720104880631,0,0,True,0.001473979117658796,0.0015725129052402713
1161.48,12.090532302856445,-0.036844439804553986,3.0675618547798362,-2.6460577854872518e-05,-0.00030674753077122006,0.001868078634712863,0.0006001189909336079,0.0020185676736302377,0.0022866404429078106,0.001978062577545643,0,0,True,0.002573362649315769,-0.001396191867608407
1161.5,12.090486526489258,-0.03679059073328972,3.0674000975244193,-6.0010429449832666e-05,-0.00031189959270381645,0.0021395633883687414,2.2778576117247107e-06,3.7474577480079646e-05,0.002240200312808156,0.001925314608961344,0,0,True,0.004478155978221559,-0.00045782319227444257
1161.52,12.090450286865234,-0.036834780126810074,3.0675563730492192,-4.089497105378802e-05,-0.0003041846310682157,0.002191697905212577,-5.629269312558684e-05,-0.00010115423978449876,0.0026887211576104167,0.0021783540025353434,0,0,True,0.005664766863903414,-0.02637621336014996
1161.54,12.090397834777832,-0.036783333867788315,3.0673981766724987,-7.719914955947246e-05,-0.00030171550937481764,0.0022836362066551235,-6.153750086065044e-06,-4.1218816898595817e-05,0.002301163394004107,0.002001884924247861,0,0,True,0.00202083598045841,0.0061354171829980965
1161.56,12.090357780456543,-0.036826979368925095,3.0675537624406535,-5.1207728463026736e-05,-0.0002989301419094983,0.002321259983824724,-3.028717043601631e-05,-9.152939517984014e-05,0.0028403753973543647,0.0023362834192812445,0,0,True,0.0026762859491765412,0.0005031472833541811
1161.58,12.090304374694824,-0.03677655756473541,3.0673968000190674,-8.728896487255864e-05,-0.0002951718241818501,0.002301230266805267,-0.0002428451620166014,0.0005283079521194809,0.002403885256499052,0.002052623722702265,0,0,True,0.0033121937215522023,-0.00014842849622836353
1161.6,12.090265274047852,-0.03681862726807594,3.067549050697605,-6.457611967958796e-05,-0.0002879895528572547,0.0024058007811465056,-4.1935596576742865e-05,-6.090245711620089e-05,0.002963424436748028,0.002405251953750849,0,0,True,0.00253306176237552,0.0003432637726166576
1161.62,12.090215682983398,-0.03675031289458275,3.067440441308668,-0.00012735183783367358,-0.00027808547760600446,0.0025486117043790587,-3.307330414853158e-05,-5.30930965968541e-05,0.002963424436748028,0.002405251953750849,0,0,True,0.0048074928674675796,-0.014083574968771077
1161.64,12.090166091918945,-0.036809395998716354,3.067548890244084,-9.191069894708484e-05,-0.00026812775777504297,0.002523904924815157,-2.2621459675440628e-05,-6.406829337045446e-05,0.002910504620522261,0.0022734028287231924,0,0,True,0.0017550358555517725,-0.0003388442901976335
1161.66,12.09010124206543,-0.03675881400704384,3.0673925525713397,-0.00012165520290597872,-0.0002987460114241399,0.002685829696203417,0.00021165589582849138,-0.0005983780453843828,0.0026959335431456567,0.002064837357029319,0,0,True,-0.0006780986269657333,0.002564284994547792
1161.68,12.09006404876709,-0.036801885813474655,3.067543925234135,-9.558825968524928e-05,-0.0002721556165866448,0.0025462036495909187,-9.229566380930033e-07,-8.801000033206396e-05,0.0031859706528484825,0.002615407016128302,0,0,True,-0.0018666516371988932,-0.0013410343772299296
1161.7,12.09000015258789,-0.03675127029418945,3.0673925710650374,-0.0001438040845547118,-0.0003014722892671988,0.002494363814221695,5.360352684488924e-05,0.0001520497029673657,0.0024509898945689204,0.0017422532569617035,0,0,True,-0.0007198672304311908,0.007983259686157798
1161.72,12.08996295928955,-0.03679425269365311,3.0675418494440576,-0.00010969548351176172,-0.0002664779169808633,0.0023745727938393815,5.676433805959659e-05,-0.00017135104354875125,0.0032183435931801797,0.0025877448916435245,0,0,True,0.0024374320219301016,-0.00010605245917580259
1161.74,12.0899019241333,-0.03674829751253128,3.067404716547577,-0.0001456754998402374,-0.00028360759495043116,0.002628240317768974,2.1498353705426225e-05,4.028272950766021e-05,0.0024230619147419933,0.0016777712758630516,0,0,True,0.0044467916303658084,-0.004342641311280276
1161.76,12.089874267578125,-0.03679236024618149,3.0675302171506513,-0.00011766179827219497,-0.0002195806806482165,0.0027411982113451495,-5.123127682508149e-05,-9.649419706612045e-05,0.0032297160476446153,0.0026063099130988125,0,0,True,0.005113874322053231,0.001664388522701595
1161.78,12.089790344238281,-0.03673740103840828,3.067395793683398,-7.773044411270203e-05,-0.00024348438077241707,0.0028501071446506362,-6.858985711864253e-05,-0.00019536160193474043,0.0025617990270257,0.0016595236118882896,0,0,True,0.0017987062584711234,-0.00035847231301465427
1161.8,12.089744567871094,-0.036773938685655594,3.0675341299082923,-0.00012280971784944277,-0.00023082574970879603,0.002783682739603268,2.0597170723777962e-05,-3.819996173274476e-05,0.0034957828745245936,0.0035488334670662884,0,0,True,-0.0017757801563142977,-0.00046023094675161396
1161.82,12.089674949645996,-0.03672592341899872,3.0673890876194223,-0.00019803869021132748,-0.00028115893388135847,0.002772136818446533,1.5473359625229124e-05,1.1604944466513951e-05,0.0033206943795084957,0.0018553058616817,0,0,True,0.00019023834449979402,0.0040205610911420685
1161.84,12.089652061462402,-0.03677752614021301,3.0675271611537127,-0.00015443895462540985,-0.00018752199996150152,0.002599135798840135,9.125259747450363e-05,-0.00013331267280621608,0.0035375298559665682,0.0025457955524325372,0,0,True,0.004314486196209778,0.0003294078911032234
1161.86,12.089569091796875,-0.03672219440340996,3.0673967220789553,-0.00010164987470094973,-0.00022467280732364734,0.002865326212210606,4.8294678353766275e-05,0.00012628328535633246,0.00239799908362329,0.0013324882928282024,0,0,True,0.0021388459248418783,-0.0005488641876393979
1161.88,12.089536666870117,-0.03676583245396614,3.067523464894468,-0.0001525291892990974,-0.00016781353842743754,0.0031288416353007172,-0.0001202719969494294,-1.1847330444435953e-05,0.003555079568177462,0.0036458014324307446,0,0,True,0.0051484640861538585,-0.019557759215317595
1161.9,12.089446067810059,-0.03671278432011604,3.067399190282251,-8.918449344826979e-05,-0.00020048595138658223,0.002943244492434214,-3.5060714974598114e-05,-3.230419054472274e-05,0.003338148519396782,0.0015328998677432539,0,0,True,-0.007233428854303541,0.01732587074114508
1161.92,12.08940315246582,-0.03674940764904022,3.067526213367277,-0.00017081906554633974,-0.00018064112323630218,0.0030110129257332396,-0.0006265965645594419,-0.0016979334100346477,0.0037773549742996697,0.003822403308004141,0,0,True,-0.004818079654990016,-0.02173069598255915
1161.94,12.089334487915039,-0.03670194372534752,3.0673941377437117,-0.0002467461694230109,-0.00024733784172374076,0.0022866519038652043,0.0004357172313507749,0.0015123529446506177,0.003618217539042235,0.0013975890818983317,0,0,True,-0.008664516328927205,-0.0017034874504094073
1161.96,12.089300155639648,-0.03669801726937294,3.067387630221665,-0.0002366169893392161,-0.0002070721769863113,0.0027433952629018665,-0.0005626842337849164,-0.0017503030090475866,0.0035420834273099905,0.0022879390791058544,0,0,True,-0.009712916720811478,0.041816421969341225
1161.98,12.089261054992676,-0.03673398494720459,3.0675201785178228,-0.00021616750895906805,-0.0001935518390394388,0.002250083186120668,-3.7545737480230307e-05,-0.0001685831865773514,0.002153464062139392,0.0010889883991330863,0,0,True,0.005497859232977028,-0.0399817495137822
1162.0,12.089187622070312,-0.036688245832920074,3.0673861891265535,-0.0002793864442638535,-0.0002594132365823881,0.002233979588069028,0.0005010212956443412,0.0016473803475096078,0.002553001940250397,0.0014267321862280371,0,0,True,-0.007692578225724105,0.021775979261282802
1162.02,12.089155197143555,-0.036685626953840256,3.0673806510887855,-0.00027759082167679077,-0.00020659939715896315,0.0027264806425029665,-0.0004958888467383228,-0.0016861870164490492,0.003468552064150572,0.0025898172333836556,0,0,True,-0.0009239823463057913,0.022552795139781867
1162.04,12.089118957519531,-0.03672473877668381,3.067519420649466,-0.00024409287903167322,-0.00016672343724889155,0.002127989004844498,-3.0855539921412797e-06,-8.224668146546697e-06,0.0023481475561857226,0.000944148674607277,0,0,True,0.006122546747728778,-0.01939376432644943
1162.06,12.089046478271484,-0.0366782508790493,3.067385283556507,-0.00030514233511622286,-0.0002486185930542316,0.002176164598416272,0.00047473198738074037,0.001635640424603557,0.0024940098915249113,0.0012891874462366106,0,0,True,0.002586819161824218,0.047107546424519135
1162.08,12.089017868041992,-0.03667540103197098,3.0673855311531018,-0.00028715412396339795,-0.00018368379731573204,0.0027237833278868848,2.2721604100167393e-05,9.587920139506438e-05,0.003487262073904276,0.0024904053285717967,0,0,True,0.03178733192939253,0.034182042935280994
1162.1,12.08897876739502,-0.03671059384942055,3.0675115023227537,-0.00026671300573452415,-0.00015857619309237874,0.0029334261754487157,0.0007411052807449491,0.002082416697509054,0.0022610530070960523,0.0007345277350395918,0,0,True,0.052048797562321766,-0.006360351883816442
1162.12,12.08890151977539,-0.03671039640903473,3.0675270909855774,-0.00029036628693749684,-0.0002207126992278592,0.004670975559193587,0.0008448656584733041,0.0027263387666734457,0.002618100643157959,0.0013246334344148636,0,0,True,0.0496323104790413,-0.007586202380978797
1162.14,12.088808059692383,-0.03672000765800476,3.067551876892308,-0.00026380084667046054,-0.00026719662937014837,0.0063400684034100605,-6.2262475908952e-05,0.0011268122738972582,0.0036298248171806337,0.002673930916935206,0,0,True,0.028495063417239355,-0.053219186941313244
1162.16,12.088640213012695,-0.036715153604745865,3.067603638254436,-0.00020448161524414156,-0.0003973704145510213,0.006694368166217862,-0.00016576361197097843,-0.0005110169890844123,0.004135272148996592,0.0037345018051564696,0,0,True,0.008037011390007362,-0.06501128367688051
1162.18,12.088473320007324,-0.03666810691356659,3.0676016473046657,-0.00040025077854313225,-0.0006639483083600979,0.00521303124883227,-0.000661854903527455,-0.002175118257804234,0.004135272148996592,0.0037345018051564696,0,0,True,-0.014821631166615131,-0.025400257959446514
1162.2,12.08836841583252,-0.036657582968473434,3.0674862096264506,-0.00034990846631240043,-0.0007911105530579705,0.005313936470395419,-0.0007312798593030047,-0.0024745639274870467,0.006464943736791611,0.004299365002661944,0,0,True,-0.021823950890275407,0.006974134273413174
1162.22,12.088396072387695,-0.03663637489080429,3.067377867431684,-0.00026668168342395133,-0.0002090380882316161,0.005154337910081928,0.0001307071996939796,-0.0009052083628566149,0.0037079063616693025,0.0031390756741166118,0,0,True,0.010433226625899355,0.04568097738898141
1162.24,12.088220596313477,-0.03662533685564995,3.0674056731402373,-0.00024632938693163684,-0.00027324452506192554,0.004948452094997418,5.71602672427222e-06,4.691375278813407e-05,9.228844195604325e-05,-0.0026608951389789585,0,0,True,-0.014833782466891848,0.04469138331097769
1162.26,12.088061332702637,-0.03664796054363251,3.067529230635637,-0.0005305553120436727,-0.0005106385417065131,0.006047689378903459,0.00033409926040201915,0.0014793599333109552,0.007288444936275483,0.007215585708618165,0,0,True,-0.029251516466343372,-0.018767519905752712
1162.28,12.087973594665527,-0.03662869706749916,3.0674899627266736,-0.0005067678896194038,-0.0004748473517886395,0.00412723387304515,0.00027899063812999065,0.0011007467373879162,0.007477937079966069,0.004903925396502019,0,0,True,-0.019633345010922596,0.008011242288525483
1162.3,12.087911605834961,-0.03662722930312157,3.0674962162263486,-0.00045590789677919645,-0.00039579608202702777,0.002814216592776587,-0.0007126985787657052,-0.002406609955315466,0.0047333440557122235,0.004332801755517722,0,0,True,-0.03329720037867797,-0.059367544520952525
1162.32,12.087889671325684,-0.03662315011024475,3.067493732879228,-0.00044044567560909984,-0.00013016415021537215,0.0033777844941250386,0.0008741176634866421,0.0006878131358695899,0.004277063272893429,0.0037737937644124033,0,0,True,0.0033500597020559623,-0.05389172201079657
1162.34,12.087841033935547,-0.036574434489011765,3.067336701839212,-0.00034598550799547624,6.431247163076658e-05,0.0033839133486116444,-0.0009771286397780212,-0.0032700436283609273,0.0027531490288674834,-0.0013545320555567743,0,0,True,0.03933920711152727,0.015420150816748223
1162.36,12.087698936462402,-0.03667842969298363,3.067544987777543,8.218285841405944e-06,8.08674694605893e-05,0.004395238649209383,-0.0009167097263002179,-0.003210591023471888,0.0038753184303641323,0.0018770913966000083,0,0,True,0.029374320944330314,-0.06329329735466255
1162.38,12.087647438049316,-0.036529190838336945,3.0672346127360792,-0.00040358060310260877,-4.559417952870893e-05,0.005961353161704851,0.0002097770084361651,-0.001172997889973224,0.0067741740494966516,0.0067141994833946235,0,0,True,0.016431071374551482,0.02719004103839994
1162.4,12.087544441223145,-0.03652400150895119,3.06723688559735,-0.00034117931819066457,-0.0001154990602003051,0.005727730169676005,-0.0019495932363609687,-0.004375650652513201,0.00914837881922722,0.0018096028640866282,0,0,True,-0.02434636375031284,0.0287051993955132
1162.42,12.087364196777344,-0.03655574098229408,3.067242862008014,-0.00021904837683309523,-0.00020948368889377945,0.0046983990585783035,-0.00016713179875782268,-0.0010948403452847278,0.004458543248474598,0.004042342472821475,0,0,True,-0.05250399216686862,0.0031145319491832813
1162.44,12.08725357055664,-0.0364888533949852,3.0671949357253414,-0.0005826926521418003,-0.00047093226267556774,0.002447529549180592,-0.00011959787619687101,-0.000914175071826394,0.007001483365893364,0.006643083766102792,0,0,True,-0.05121500901386423,0.05853110430791662
1162.46,12.087273597717285,-0.03648793697357178,3.0671470255084565,-0.0004069905417516653,-0.00013756554421540855,0.0017610337883591808,-0.0008522025941426485,-0.0009238353340387882,0.00553341243416071,0.002683442384004593,0,0,True,-0.009691844788314278,0.031474444007114154
1162.48,12.087349891662598,-0.036499906331300735,3.067163751591604,-0.0006425180245235765,0.00030643138304342675,0.001630529448570593,9.618080761476634e-05,0.0003068376921158704,0.0032230843976140027,0.002259299457073212,0,0,True,0.039786357911135044,0.017855382804276294
1162.5,12.087228775024414,-0.03647727519273758,3.067168955181291,-0.0005390538664683852,3.4533557909180723e-05,0.0039230514755138664,0.00029204130220235303,0.0014231151752821145,0.0019610037654638293,0.001813853355124593,0,0,True,0.04736086465417574,0.0032824479237529604
1162.52,12.087122917175293,-0.036486826837062836,3.0672194827407107,-0.0004650021549847619,-4.153881616350243e-05,0.005630438182068501,0.00015887466501569137,0.0005142555525144102,0.00552161205559969,0.004346556346863509,0,0,True,0.0378093402018675,-0.006860229860376754
1162.54,12.086958885192871,-0.03648789972066879,3.067260874722479,-0.0004136086606272336,-0.00011231852549027181,0.005549902960689794,-4.3989192885283675e-05,-0.0006612395001387902,0.004156752191483975,0.003965615760535002,0,0,True,-0.009623923231146764,-0.033742590167590604
1162.56,12.086899757385254,-0.03647911176085472,3.067204892035805,-0.0005230714455033553,-6.214187275593488e-05,0.004655276664717242,-6.944589662580866e-05,-0.0002419806967137708,0.007214980721473694,0.006659042648971081,0,0,True,-0.013174125415637684,0.0007485105243069716
1162.58,12.086786270141602,-0.03644079342484474,3.06711605602128,-0.0005040321153378731,-0.0003283208984606596,0.0031531376170228255,-0.00044396369440164775,-0.001276292038122679,0.005242452472448349,0.004893678687512875,0,0,True,-0.0005694558833767746,0.024061669555637804
1162.6,12.086751937866211,-0.03645360842347145,3.0672001242849736,-0.00017890681867306673,-2.0380214275473807e-05,0.0045765081488184445,2.5100504653166654e-05,0.0005741363944589135,0.006721074432134629,0.006707782186567784,0,0,True,0.010156382042954926,0.0015762378344244604
1162.62,12.086709976196289,-0.036433711647987366,3.0671587713594293,-0.0004609148389864624,-1.6499906141951552e-05,0.0055043464900196935,0.00024694083414177943,0.0012636940643104835,0.0026819114014506344,-0.0005096310004591942,0,0,True,0.054952762432184776,0.030447528496787928
