t,x,y,yaw,roll,pitch,v,lateral,w,rim_left,rim_right,cmd_v,cmd_w,publishing,a,alpha
712.14,12.035941123962402,-0.03538234159350395,3.0977664152289637,0.000177611767113822,-0.0006218853850180792,-0.003529543147580248,-0.000327805318998063,-0.0015094440909038513,-0.005483746640384197,-0.0063046088442206384,0.03,0,True,0.07763911288122574,-0.04252876416159816
712.16,12.035913467407227,-0.035350486636161804,3.0976915729847834,0.00010043347706278476,-0.0008716277655399171,-0.0012863519522070342,-0.0008683796145919401,-0.001639839463212494,0.08017617531120778,-0.008403023444116116,0.03,0,True,0.09392999959851474,0.050629073406417584
712.18,12.035948753356934,-0.03534910827875137,3.0976525066797653,0.0002452104324794564,-0.0005910960534313025,0.0020717048115738014,-0.0009822711894914525,-0.00297186897541949,0.002117186412215233,-7.862459868192673e-05,0.03,0,True,0.1155778205795659,0.035313832312246614
712.2,12.035863876342773,-0.035355161875486374,3.0977140640490703,0.00034618912991235713,-0.000785312738256634,0.003743208762477076,8.129142353422401e-05,0.00028123436252566243,0.020017357505857945,0.04261204656213522,0.03,0,True,0.10101842094168101,0.026547950895456668
712.22,12.035778999328613,-0.03529655560851097,3.09752866571093,0.00026087656636212316,-0.0006463369411763396,0.005716682498789755,0.00024772812991668224,0.0013156624940773229,0.0035630682669579986,0.003977356553077698,0.03,0,True,0.06067996999292918,0.055740959119501755
712.24,12.035614013671875,-0.035343848168849945,3.0977140717337854,0.0003151766558649131,-0.0007892094609962453,0.006795121723131581,0.00014472197392627386,0.00048399660842512625,0.011182448342442513,0.007620771154761315,0.03,0,True,0.048119517568802554,-0.02962975684848781
712.26,12.035490989685059,-0.035348761826753616,3.0977577596792916,0.00028592794933182913,-0.0006257320137847752,0.006926102411010619,0.0004228904297514806,0.0014874077541429315,0.006291506178677082,0.006267082691192628,0.03,0,True,0.022559943891506562,-0.059801668287225364
712.28,12.035320281982422,-0.03534288331866264,3.0977527837777443,0.0003257602698828589,-0.0007218112447605664,0.007592770167977779,-0.000629901996244631,-0.0020891461853512067,0.012909947931766511,0.00961896911263466,0.03,0,True,0.028612868772342807,-0.0438235248768541
712.3,12.035223960876465,-0.03530607372522354,3.0976476583312613,0.0006000981418542708,-0.0004046787450228399,0.007521478010108639,0.001265017705975815,-0.003468470968896355,0.007485785484313966,0.007326830849051476,0.03,0,True,0.04440136384610391,-0.05782861036970399
712.32,12.035009384155273,-0.03526688367128372,3.0975469400389573,0.00019590130733656758,-0.0006280318596504926,0.009084151224920177,-0.0008920156155516853,-0.003021885381724995,0.09165418282151223,0.003730782829225064,0.03,0,True,0.04933562886270507,0.028232321597184355
712.34,12.03488540649414,-0.03542343154549599,3.0974802820017797,0.00046808344922656545,-0.0001864036490641984,0.010478211518700748,0.0021299043821458147,-0.003138881075435755,0.019965494722127917,0.008839431181550027,0.03,0,True,0.06756610771676065,0.04403219373084775
712.36,12.034597396850586,-0.03523959219455719,3.097511032947206,-7.207319282927978e-05,-0.00028385924820458034,0.011539620476996203,-1.9791513696004693e-05,0.00016943954242469727,0.016768352538347246,0.014467658922076227,0.03,0,True,0.055294106654773106,0.04882802819380083
712.38,12.034379005432129,-0.03543933480978012,3.0973965478452263,0.0005420798198194529,-0.00014552808994541534,0.012926766627452256,-0.0022440312034682545,5.4104529573267084e-05,0.016768352538347246,0.014467658922076227,0.03,0,True,0.03654829582995032,0.05230722631271306
712.4,12.034087181091309,-0.03522462025284767,3.097560495202351,0.00014985279142380576,-0.00023476364387695566,0.013507679757298002,0.00026864477389723125,0.0008843568737755186,0.013068386763334276,0.013585486486554147,0.03,0,True,0.01898198670076323,0.0021363280303058566
712.42,12.033860206604004,-0.0351983942091465,3.0974846103641456,0.00015674388145676824,-0.0001328287799610026,0.013402075185094115,-0.0027452052321429036,0.0010456970295774839,0.013400664478540422,0.013556906059384347,0.03,0,True,-0.00019093106419955494,-0.001099042412494425
712.44,12.033516883850098,-0.035213496536016464,3.0975817814971083,3.666910478844988e-05,-0.000623248828728347,0.013058179413058039,0.00017915713747164094,0.0003403457848492532,0.013400664478540422,0.013556906059384347,0.03,0,True,0.013767212655026806,-0.025118293492451378
712.46,12.033317565917969,-0.035172656178474426,3.0974802036075926,0.00012027727201639281,-0.00033521969400288613,0.012911492142316284,-1.1038114832157995e-05,-3.381886342633191e-05,0.01644931517541409,0.016624628975987436,0.03,0,True,0.01980155448793349,0.0232930192950038
712.48,12.033042907714844,-0.035192977637052536,3.097587722865139,8.471255412208091e-05,-0.00032231936111324174,0.01460905676970071,-0.0003550339677937166,-0.0011251066056216195,0.013237250149250031,0.01124955862760544,0.03,0,True,0.00042478795031549186,-0.0051231452467164745
712.5,12.032828330993652,-0.03515196219086647,3.0974819048550715,0.00022037032300286245,0.00010572041190904128,0.014986199544129605,0.0008351558983390117,0.0029091385731787414,0.01429442085325718,0.01479192264378071,0.03,0,True,0.02152229162079165,0.030858741033325043
712.52,12.032350540161133,-0.03513370826840401,3.0974917729686586,0.00012838525053541017,-0.0005025667600604567,0.013092162449083247,-4.9313320249272136e-05,-6.950583488769196e-05,0.01614072948694229,0.014117305129766465,0.03,0,True,-0.04489989710142163,0.043779746366735754
712.54,12.032116889953613,-0.035186536610126495,3.0977129346934467,-7.3538362921193e-05,-0.0005241577277630658,0.01463327547197805,0.0007211025775488464,0.0024348804192374264,0.022917249947786333,0.022728288471698763,0.03,0,True,-0.054506423744820176,-0.03440259509755999
712.56,12.031996726989746,-0.03514286130666733,3.097582162398348,-0.0001247778702302608,4.253218191302796e-05,0.011017065001590247,0.00073604155031752,0.002377273103714055,0.010173923298716546,0.013024367690086367,0.03,0,True,-0.016592704273911137,0.05715857162768949
712.58,12.031656265258789,-0.03515824303030968,3.0976766952886106,0.0001503700464157695,-0.00030933672951684847,0.01062568564454176,-0.0001324343474968713,0.00015693096537253447,0.009618380814790727,0.008488778807222845,0.03,0,True,-0.04952176624312446,-0.04221226068382286
712.6,12.03146743774414,-0.03515375778079033,3.097681954816956,2.3269116778989284e-05,-0.00017925442842545495,0.011764746107169677,0.0013721968091618027,0.004503179895329806,0.013705231696367266,0.016864330098032954,0.03,0,True,0.0029088824025879545,-0.05524594361960207
712.62,12.031268119812012,-0.035138633102178574,3.0977254891706765,-0.00014812201917910786,-9.173049444679943e-05,0.010671534172526066,-0.0003620837905442341,-0.0009421004354701299,0.010154491215944292,0.012103331089019776,0.03,0,True,0.020729239101618262,-0.027018816588588936
712.64,12.031051635742188,-0.035211216658353806,3.0979424167899747,0.00028983542466168364,-1.280756222914241e-05,0.011249775593797402,-0.0007651124720790824,-0.002042402385856371,0.01799944818019867,0.012583702355623247,0.03,0,True,0.033386987149965665,-0.09954389515451155
712.66,12.030804634094238,-0.03509186580777168,3.097601327253773,-0.00015984362793163608,6.73831520549624e-05,0.012284024772669712,-0.00039623940437228603,-0.0020045743617126146,0.008230590373277665,0.011216088756918909,0.03,0,True,0.041188869267218896,0.025824718893886794
712.68,12.030570983886719,-0.03505333513021469,3.0975185626260875,-0.00023452086255436547,0.00027591767533653185,0.014435705079164501,-0.0010223864518537095,-0.003460331717023874,0.014749480187892915,0.014683279991149904,0.03,0,True,0.02952488732830457,0.05678704978658615
712.7,12.030287742614746,-0.03506374731659889,3.0975651232217394,-9.978092648603295e-05,0.0003047297011056279,0.013966643713905264,0.0004139536557861618,0.0011238770760418704,0.016525242626667023,0.016683557331562043,0.03,0,True,0.02540962287265494,0.038370489894003684
712.72,12.029901504516602,-0.03507862240076065,3.0976655902526127,-0.00015804470688328225,-0.00016846155405997882,0.013611766580062976,0.0008859934696697869,0.0025005615970728453,0.01924243599176407,0.020046623498201372,0.03,0,True,0.003261777752151157,0.03578600791839244
712.74,12.02968692779541,-0.03507577255368233,3.0976912374198564,-0.00039505382669816405,-4.963257515871268e-05,0.014316794602483147,0.00031980725290645877,0.0010650648298092507,0.01924243599176407,0.020046623498201372,0.03,0,True,0.0009645989474526468,-0.0255556500250544
712.76,12.02947998046875,-0.0350763276219368,3.0977186075538534,-0.000686372800171076,0.00022663396374256024,0.014696647299336727,-0.00017877352590207776,-0.0005974510835510143,0.011664677336812021,0.013648140206933022,0.03,0,True,0.018159827732549046,-0.036606039743467676
712.78,12.029142379760742,-0.03503904119133949,3.097650328408124,-0.0004437680920141358,-2.877526048832518e-05,0.014043811629701405,-0.0002559305833370384,-0.0009205749259606219,0.013041494041681291,0.013856211975216868,0.03,0,True,0.024630808127856632,-0.01845497558009005
712.8,12.028727531433105,-0.03501276671886444,3.0976177941659286,-0.00014621297529756632,-0.0006494147830088459,0.015064552798665578,-0.0001314123388722867,-0.00042792158240190545,0.018144675344228745,0.017929081916809083,0.03,0,True,0.007263901704736647,0.0004559703961727757
712.82,12.028565406799316,-0.03500596433877945,3.0976175914257795,-0.00022646332007180057,-7.919667804469972e-05,0.016287259252712686,0.0005549544517272073,-0.00041133321659870875,0.018454116880893708,0.01862346425652504,0.03,0,True,0.04383643022589285,0.01915538928017561
712.84,12.028276443481445,-0.03501284494996071,3.0976843738272613,-0.00047084819294337455,0.00012523017467737767,0.015277759435715957,0.00044644645871927966,-0.0005609734518571736,0.0104110287129879,0.010405279248952867,0.03,0,True,0.04456049969392044,0.0078634004878991
712.86,12.027838706970215,-0.03502611443400383,3.097617421750796,-0.0003216481410845351,-0.00017541044906533025,0.017550726047774627,0.0008573605602723399,0.000611856216454211,0.014932732358574868,0.01709393106400967,0.03,0,True,0.01695546976583,0.008465089327006662
712.88,12.027504920959473,-0.03499479964375496,3.09757291628978,-0.0003816301694069134,-0.00013821887639079106,0.018629392774181037,0.0007496020924818694,0.00020115045663034433,0.020855365097522737,0.019094969332218173,0.03,0,True,0.03133958040500271,0.011397757506211399
712.9,12.027159690856934,-0.03501276299357414,3.097666539923096,-0.0006193219358446049,-2.20495935099127e-05,0.017643696833977852,9.965708531417452e-05,0.0002658739295612083,0.018024093061685564,0.01814007431268692,0.03,0,True,0.021632513146542253,-0.01619725524162326
712.92,12.026784896850586,-0.03500717133283615,3.0977004658637917,-0.00028911486377573316,2.924286978846483e-05,0.017784925868113893,0.00014376189593614174,0.000350847148638909,0.018460259586572648,0.019299587458372118,0.03,0,True,0.007882631903971234,-0.014691368293492577
712.94,12.02642822265625,-0.03497209772467613,3.097638691665161,-0.00034036329086070574,0.00018383893401904708,0.019281327099498893,-0.0002367909189661089,-0.0006839242028763126,0.0185597862303257,0.021724201738834385,0.03,0,True,0.0212210406835703,-0.022615959698606247
712.96,12.026082992553711,-0.03494386002421379,3.097600984061671,-0.00047846252227452986,0.0003663477892410165,0.019260003326499058,-0.00029358895856933557,-0.0009741590068496631,0.01878603994846344,0.02123923882842064,0.03,0,True,0.016711269978134442,-0.010189847226905233
712.98,12.025619506835938,-0.03492606058716774,3.0976118259868657,-0.00013146369423632304,5.667869618911221e-05,0.019341380088664345,-0.0005161408022588153,-0.0015434028463282173,0.019081220477819443,0.020707931816577912,0.03,0,True,0.012086701786231403,0.018989757252183184
713.0,12.025246620178223,-0.034915946424007416,3.0976225331432437,-0.000239453922765602,0.00017577513512434387,0.019121827466365333,-0.00013689750244042192,-0.00046434062951392665,0.022181639820337298,0.024311589896678927,0.03,0,True,0.01949606793342985,0.014356633791101798
713.02,12.024884223937988,-0.03486281633377075,3.097515219437455,-0.0002589699476071728,0.00023536634410670484,0.020248263242396525,0.0002982152336175767,0.0008352563772969605,0.019536576569080356,0.02104691445827484,0.03,0,True,0.024240373036146762,0.03595966228651946
713.04,12.024555206298828,-0.03486567735671997,3.09756383681131,-0.0004981078298636672,0.0005045938625442906,0.020819688761172028,5.7000893739349756e-05,0.00017437169643743606,0.02001493573188782,0.01978027790784836,0.03,0,True,0.06645011226181918,0.013723876815038593
713.06,12.02400016784668,-0.03487851843237877,3.0976786464970494,-7.645942623330799e-05,6.173868443073726e-05,0.021280609931554322,0.0004274303209870665,0.001333370136590723,0.01935075789690018,0.02093951463699341,0.03,0,True,0.04891847414722622,-0.02133656379035143
713.08,12.023582458496094,-0.034847192466259,3.0976364828789587,-0.00019213600213835411,0.00022699949372706807,0.024437836447313586,0.00026744110566325407,0.0006335695156897225,0.025067917704582218,0.028974565863609317,0.03,0,True,0.03982749325037901,-0.02132471338359682
713.1,12.023181915283203,-0.034822240471839905,3.097621889048382,-0.00023464666636879942,0.000349686447225248,0.024161741174176625,-0.00023721666073718388,-0.000871668725932027,0.021990638077259067,0.023637691587209703,0.03,0,True,0.07269144378505368,-0.020198491785234814
713.12,12.022601127624512,-0.034801144152879715,3.0976145223725653,0.000188902998000891,-9.418752794083364e-05,0.02400588822120398,-0.000491542575481888,-0.0015316053742511822,0.022746547609567645,0.02223239928483963,0.03,0,True,0.03349207023384552,0.003125752819217588
713.14,12.022069931030273,-0.03477459400892258,3.097608912998975,0.00023638937440534347,-0.00012384020560243214,0.02709592543436159,6.162154353633268e-05,-0.00028250920622888853,0.02856664285063744,0.028151351511478427,0.03,0,True,0.05052957809632347,0.02187487531412662
713.16,12.021665573120117,-0.03472347557544708,3.0975139544490187,-0.00028599577328493266,0.0003215269319540253,0.02711720206601879,0.0003932775262495029,0.0008836297412269022,0.026306016594171526,0.02618024602532387,0.03,0,True,0.0755290838432563,0.04581769327179883
713.18,12.021016120910645,-0.03473185375332832,3.097599288311884,2.1949476583485285e-05,-8.671869348130865e-05,0.028204107421878826,0.00036786724451517245,0.0008783212991965109,0.023001088649034503,0.02256697073578835,0.03,0,True,0.035697664526545145,0.06037947116720052
713.2,12.020432472229004,-0.034736983478069305,3.0976852127518635,-9.023575174900055e-05,-8.108502676626078e-05,0.030048214928667574,0.0007610891481428714,0.0021338100874945995,0.029786351174116137,0.033514114022254946,0.03,0,True,0.04786942335492313,0.03245735115400913
713.22,12.019814491271973,-0.03470476344227791,3.0976791787029105,-0.0002707836504633213,-8.768002459761277e-05,0.029951738596486664,-0.0013881030494655086,0.004547848487149625,0.02791889563202858,0.029405479431152348,0.03,0,True,0.036722840787614536,0.026748439051578355
713.24,12.019261360168457,-0.03467879071831703,3.0976846592560183,0.00026501783077534705,4.818019322135247e-06,0.0309467559344146,-0.0017653075247088276,0.003480217833548961,0.029918545037508015,0.031103195399045946,0.03,0,True,0.017436260020423897,0.017003864617802338
713.26,12.018627166748047,-0.03451572358608246,3.097963116190856,-0.0001269241826607995,-7.476970804046345e-05,0.031141934684889492,-0.0018828407362631435,0.003018196423323874,0.029022675901651387,0.02754759103059769,0.03,0,True,0.031007741474033394,-0.06589774683758556
713.28,12.017965316772461,-0.034487225115299225,3.097963630178547,-0.0002205127329880143,-0.00020939194605708758,0.03144311573030022,-0.001675389018160271,0.0034941192569175493,0.02699678882956505,0.03549627929925919,0.03,0,True,0.0030857348458434696,-0.05563423616295406
713.3,12.017332077026367,-0.034445617347955704,3.0979206344167762,-0.00031047771380241374,-0.0002963890483827575,0.03243235791440708,-0.00028106164987524475,-0.0007239712598524255,0.03201986253261566,0.030966434925794605,0.03,0,True,0.03308961555220745,-0.03459920001858564
713.32,12.016754150390625,-0.034435175359249115,3.097964188796572,0.0002588210890012603,9.998223571687082e-05,0.031193614722082205,-0.0003334761733456595,-0.0009705210594896405,0.031876495182514196,0.03201828017830849,0.03,0,True,0.03665568494479099,-0.05590112539966177
713.34,12.016036033630371,-0.0343799851834774,3.097905198490068,3.9057485448308676e-05,-5.892627132381805e-05,0.03378910392906744,7.342152869278416e-05,0.0002502604218356071,0.028180469125509266,0.031804385930299765,0.03,0,True,0.03393931726438256,0.001273863639837806
713.36,12.015473365783691,-0.03435173258185387,3.097885988493788,0.00020773878621941388,0.00038463641253634606,0.034375570525884996,-0.0002395593444960754,-0.0009779707750576807,0.03705092519521714,0.03301912605762482,0.03,0,True,0.07989302859163713,0.002749125357638367
713.38,12.014631271362305,-0.03433343023061752,3.097940655250523,4.357628980421909e-05,-0.00014308190798516048,0.035147503295559074,-0.00015780026630536279,-0.0006220621686653489,0.0341414637863636,0.03281802937388421,0.03,0,True,0.03902266146077412,-0.005199445941505413
713.4,12.014007568359375,-0.03429587185382843,3.0978859511345673,0.00019683623548480867,0.00026244789766982873,0.03758505700940736,-0.00023249903350239373,-0.0007505910308787712,0.040776554942131046,0.0387818393111229,0.03,0,True,0.0732752637320923,0.03646488869216929
713.42,12.013227462768555,-0.03424467146396637,3.0978554335165747,-0.00012730809417787442,0.00011899870707243783,0.03691091684592653,-9.571444651433614e-05,-0.00016569525348444764,0.03470176845788956,0.031721536070108414,0.03,0,True,0.09064277274531159,0.02830798765672145
713.44,12.012470245361328,-0.03420177474617958,3.0978259412113176,-8.81185615517155e-05,0.00016033139387062738,0.04023759162445538,0.0005063586127505588,0.0019392203203173546,0.03928442925214768,0.03952857702970505,0.03,0,True,0.06474649498710078,0.025203401952455545
713.46,12.01168155670166,-0.03419667109847069,3.0979273996302443,0.00015908932375326574,8.44465475062178e-05,0.04239892511518771,0.00046713178604171584,0.0016425768438735257,0.03903302162885666,0.03894258856773377,0.03,0,True,0.1027806109395698,0.052306571373204706
713.48,12.01078987121582,-0.03419550135731697,3.098041088760193,0.00031812200461224684,-4.199394537087515e-05,0.042764776608378074,0.0035682842025716826,0.0012656811253187038,0.044272437691688545,0.04372030138969422,0.03,0,True,0.08536612365710948,0.02361172503234056
713.5,12.00983715057373,-0.034133944660425186,3.0979868396640846,-9.567927992701888e-05,-0.00040789689554320837,0.04513336572109632,0.0012409442277849833,0.00401883045637407,0.04251542150974274,0.04207378298044205,0.03,0,True,0.05004918916684642,0.023936505431999627
713.52,12.009039878845215,-0.03433801606297493,3.097927195701343,0.0006117593344525608,-5.862164232623535e-05,0.047066881517017926,0.0012308913257649745,0.0038281583229028814,0.03900694146752358,0.04790865033864975,0.03,0,True,0.02429309275828286,0.03588979078739686
713.54,12.00806999206543,-0.034138455986976624,3.098248906066754,0.00027850274602510093,-0.0002623495648560536,0.04640286024853178,0.0011284842623792409,0.0035574972784317544,0.03997576475143433,0.0464691710472107,0.03,0,True,-0.04853441749072087,-0.10658071858227601
713.56,12.007023811340332,-0.034129515290260315,3.0983473414260247,0.00036859869863565474,-0.000598833514932409,0.044708224029038936,-0.0019002328702128818,0.004136864388307841,0.05017647176980973,0.04818460166454316,0.03,0,True,-0.17397151092599875,-0.2083909831526667
713.58,12.006124496459961,-0.03406328707933426,3.0982714394463593,0.0002602850651735262,-0.0006623556296594562,0.04125061232183667,-0.0014053757215508164,-0.004507627030212372,0.0480228990316391,-0.005876089930534363,0.03,0,True,-0.22538298749437566,-0.13598597817735458
713.6,12.005473136901855,-0.03403151407837868,3.098258144852408,0.0004354426200053165,-0.00033180020684630976,0.03314916064293091,0.00023593943520755284,-0.012843120329318981,0.04466888159513474,0.04279184430837631,0.03,0,True,-0.22472352504444298,-0.1524258779238157
713.62,12.004777908325195,-0.03388321399688721,3.097888295904337,0.0001399802071791347,-0.0006931733815962055,0.028372221248972505,-0.002117796221568582,-0.007321380975762179,0.03506951719522477,0.030912109166383747,0.03,0,True,-0.22810158946810105,-0.028806047620508562
713.64,12.004373550415039,-0.03403348848223686,3.0973198917996787,0.00017506370418860005,-0.00018582237002391788,0.0267303420254743,0.00024068376494077045,-0.008057205845603654,0.03618088483810425,0.026687067747116093,0.03,0,True,-0.1414718706800251,0.17684709975013355
713.66,12.003864288330078,-0.03379485756158829,3.097685728968299,-0.00042572768676330365,-0.0002966403333165306,0.02300248516440518,0.0025180192623425954,-0.006812110839850961,0.02269867539405823,0.02124990224838257,0.03,0,True,-0.13591910989269868,0.13543000993937995
713.68,12.003335952758789,-0.03395610675215721,3.09761356838476,-0.0005695613760028925,-0.0005313343246230655,0.021831410988539194,-0.00015745766996642702,0.0013046476506788352,0.028564678728580477,0.02558090925216675,0.03,0,True,-0.15543242456021938,0.07214298009865219
713.7,12.002930641174316,-0.034003689885139465,3.0973433270371484,-0.00021266517151374053,-0.0003864678322731086,0.01749869245755105,0.0009540333120903824,0.0035130198193937603,0.022589037120342256,0.022733378708362582,0.03,0,True,-0.15744322095260707,0.14476849219985977
713.72,12.002629280090332,-0.03394411876797676,3.097424263611733,1.6735609883580604e-05,-0.0005857343993920346,0.014295748060650388,0.0002579129434672714,-0.0022857674377085267,0.09167092427611352,0.017297701686620714,0.03,0,True,-0.1451567109591868,-0.020105387114109734
713.74,12.002462387084961,-0.03380918130278587,3.0979667705538505,-0.00027465756093517855,-0.0005289483184347537,0.01040702748819017,-0.0016876338297483525,0.004769368536143744,0.015683430135250094,0.018880273997783664,0.03,0,True,-0.11338815429577555,-0.1062198270636728
713.76,12.002192497253418,-0.03392622247338295,3.0974307069897433,-0.0003322693120708432,-0.0005845723152766427,0.01021887411179831,0.0015160474967771086,-0.0003037833184507664,0.012478814274072648,0.013969247043132783,0.03,0,True,-0.118597366842112,0.03217600407898095
713.78,12.002104759216309,-0.03383249789476395,3.0977248765200396,-0.000540008537492877,-0.00013033947619744778,0.008427640113897255,0.001554463755087144,-0.004984566345692334,0.012952280864119531,0.013361327797174454,0.03,0,True,-0.08801544189893908,-0.0617127020288926
713.8,12.00180721282959,-0.034029193222522736,3.097399960946257,-0.00019061515853451038,-0.0006036060436809442,0.0048079587132900566,1.968950427230209e-05,0.0002883128886076082,0.00820833493024111,0.008412366323173047,0.03,0,True,-0.11074389181188933,0.07725310378201973
713.82,12.00178337097168,-0.033903852105140686,3.097568005246195,-0.0004714124754817089,-0.00046734451943592495,0.003365792136271441,-0.001373165552681549,-0.00016764762617018953,0.006470330208539964,0.012751394361257554,0.03,0,True,-0.06550131890962879,0.07003061316930052
713.84,12.001808166503906,-0.033910803496837616,3.097453772020832,-0.0006848577997129049,-0.00033824384934085655,0.0013593627668426309,-0.0034906865139388717,0.005876464984113973,0.00048627588897943503,0.0052086681127548225,0.03,0,True,-0.00461401123941723,0.06599099339140242
713.86,12.001840591430664,-0.03371090069413185,3.097711464709946,-0.0008049124548147733,5.332284535598393e-05,0.0031875346011242703,-0.0005794780936651223,0.0006178827078545736,0.03761771796271205,0.0025407662056386475,0.03,0,True,0.025909730189399377,0.0313867294768469
713.88,12.001710891723633,-0.0337454117834568,3.0978700781449864,-0.0009592302867006339,0.00017142741981198995,0.004438837814136489,-0.001909385124049836,0.005567592359922503,0.00588577337563038,0.0028502716310322288,0.03,0,True,0.052237008661129396,-0.1028156557282271
713.9,12.001530647277832,-0.033846352249383926,3.0976174358628232,-0.0005503445786685014,5.5883001273324545e-05,0.005438570551421506,0.0006021847254777965,0.0023432907319752786,0.0040357159078121185,0.0076992705836892135,0.03,0,True,0.002772026472305921,0.031224538881531688
713.92,12.001460075378418,-0.03374267742037773,3.0978991794096253,-0.0006696661270669903,0.00011239310572800138,0.005538323459729181,0.0010521419606828342,-0.0023487874741367127,0.009087224528193475,0.009969075694680215,0.03,0,True,-0.021693668091347026,-0.06760260096552925
713.94,12.00140380859375,-0.03373990207910538,3.097898927968504,-0.0008870672773697799,0.0002078258694935218,0.0034092967189088574,-0.0010151335793074994,0.0031158458183783867,0.006615175865590573,0.006917513757944108,0.03,0,True,-0.00900111213435344,-0.0036196545962222776
713.96,12.001264572143555,-0.033810149878263474,3.0976821751470554,-0.0005048430502284955,5.911499949152025e-05,0.0027033443668278393,0.00012101882718299552,0.00015938428267739564,0.005597032830119133,0.006284068748354912,0.03,0,True,-0.027086754967289354,0.09320088349945113
713.98,12.001261711120605,-0.03375330567359924,3.0978667035282936,-0.0005076496257515101,0.00026866962482868475,0.004718481580672862,0.0006990799644267463,0.0020537183642773483,0.005966077726334334,0.01201778955757618,0.03,0,True,0.04016068057763329,-0.01603791439233773
714.0,12.001243591308594,-0.03374285623431206,3.0979119301522395,-0.0006496098803135784,0.0005052849557356137,0.0033713830623449243,-0.00014805972544842648,0.005107283205823192,0.005252318717539311,0.004651565961539746,0.03,0,True,0.04849530626492298,0.0014983896427101374
714.02,12.00102424621582,-0.03377927467226982,3.098063225437646,-0.0003327181780080592,-6.974550886084248e-05,0.006622151165116599,0.0002793982621233715,0.0018328126669925353,0.005779397599399091,0.006263075172901154,0.03,0,True,0.024546274620080525,-0.07741169949323845
714.04,12.000995635986328,-0.03378653898835182,3.098090757803521,-0.0003583484493454147,6.15481562970896e-05,0.006582968868018149,8.305216603234184e-05,0.0002792554540940976,0.009239332899451256,0.013637527897953989,0.03,0,True,0.09254750383583221,-0.07681822034409472
714.06,12.000731468200684,-0.03375258296728134,3.098013328541653,-6.168282381404678e-05,-0.0004464552658936361,0.006682183550277518,-0.0016445260669641951,-0.004139217595176096,0.006461834311485291,0.006440307199954988,0.03,0,True,0.029557199387277883,-0.012929004907810581
714.08,12.000717163085938,-0.03372659161686897,3.097934270588567,1.9681433993142696e-05,0.00016268127628671881,0.01077518336921529,-0.0002804027000387797,-0.0010381744217075291,0.009886772930622102,0.02022596046328545,0.03,0,True,0.06353036376252531,0.022342920918488857
714.1,12.000495910644531,-0.033624548465013504,3.097732088030032,2.9173533912091303e-05,0.0002563434457979216,0.00898672711610004,0.00023481997394872675,0.0007984922743671597,0.004588050916790962,0.0046418796479702,0.03,0,True,0.08047831564869545,0.1386742373263122
714.12,12.00013542175293,-0.03372650593519211,3.098007703849784,-0.00010351509684825625,-0.0002523419540979911,0.011665397969022774,0.0006470044054420834,0.0020666891275741206,0.011874995380640031,0.012676635682582857,0.03,0,True,0.01609999266154309,0.014551836112422742
714.14,12.000012397766113,-0.03373982757329941,3.0980772079236023,-0.00016601810541873565,0.00013522449137503097,0.013120448802176448,0.002581090292949312,0.006954721390934557,0.015474485829472544,0.018037047088146213,0.03,0,True,0.04241582509150162,-0.006782377713138089
714.16,11.99978256225586,-0.03373764082789421,3.098099605718773,-0.0002524743062253748,0.00021126966145304407,0.012063182782137565,0.0002807115694759246,0.0001259724672852313,0.008396331295371056,0.008842606320977211,0.03,0,True,0.03137395336158387,-0.0493222718708637
714.18,11.999438285827637,-0.03378517925739288,3.098288465741306,5.896779823399602e-05,-0.00017271238751228254,0.012379993123417083,0.00012790579870898007,0.00025590205731660607,0.013312647193670275,0.013155314549803735,0.03,0,True,0.004080346325461609,-0.1323668574996237
714.2,11.999170303344727,-0.03370698168873787,3.098017781647167,-3.0149499126772318e-05,-0.00021203857658588148,0.014175314237950768,-0.0005426127575526987,-0.001879092622096994,0.01526203624904156,0.01689111851155758,0.03,0,True,0.024354983698892337,-0.016036904384318634
714.22,11.999022483825684,-0.03370717540383339,3.0980976800881876,-6.481534357451718e-05,0.0002918721901167803,0.013446876508213544,-0.001079909137186557,-0.0036346272090407583,0.013119237497448923,0.013311350122094156,0.03,0,True,0.04613933370718779,-0.0664544311156309
714.24,11.998651504516602,-0.03364487364888191,3.097949278309005,0.0002336428914087527,-2.017141056429432e-05,0.014011581478049949,-0.000616798449878546,-0.0011569798834609156,0.01037141613662243,0.010880474224686623,0.03,0,True,0.015652723930594914,0.03150826941225459
714.26,11.998367309570312,-0.03365209326148033,3.0979976955645827,0.00018351984401028065,4.216786608472129e-05,0.016071139819993994,0.000584259154670256,-0.0050604524319365855,0.016979033052921297,0.018642429560422898,0.03,0,True,0.030776145092631917,0.01580541939425547
714.28,11.998052597045898,-0.033608779311180115,3.0979252232564902,-0.00030311303064564535,4.523728189970579e-06,0.015427532152397222,0.00029451280323196014,0.0006415689308810806,0.015608198419213296,0.016097841113805772,0.03,0,True,0.029485534473848926,0.01475779173837889
714.3,11.997735977172852,-0.033697839826345444,3.097692843893633,0.00019622973243524277,-4.37446603889667e-05,0.01590896811562186,0.0012888521604892487,-0.002370193657501471,0.01607121177017689,0.0169165076315403,0.03,0,True,0.007355106692869906,0.0933695888884838
714.32,11.997417449951172,-0.03361453488469124,3.0980006038234755,0.00020535351483049838,2.270819145309484e-05,0.01637042423595907,1.4730155874066709e-05,2.3643455609999703e-05,0.016453350335359575,0.016499549970030787,0.03,0,True,0.017494860932054664,-0.027047595406725557
714.34,11.997091293334961,-0.03369924798607826,3.0978080800719825,0.00036296130446404043,0.0001426275782659211,0.016659548355423888,-0.0014066481501284547,0.0024091146791459404,0.015411605760455133,0.018049125969409944,0.03,0,True,0.041433303841685296,0.047239637194125834
714.36,11.996744155883789,-0.03355288505554199,3.097927114732939,-3.43429007400461e-05,0.00013594406333400168,0.01682712102696231,-0.0006051005367808036,-0.0015222387016580708,0.015411605760455133,0.018049125969409944,0.03,0,True,0.04544514990001505,-0.007594475864086927
714.38,11.99640941619873,-0.033527079969644547,3.097885573067965,-5.607770377135933e-05,0.00021091461684683065,0.019223632422958378,-0.0016520394662649265,0.001408977318030529,0.02212887138128281,0.019441585242748263,0.03,0,True,0.02905913884980826,-0.01670257084932623
714.4,11.996074676513672,-0.03350741043686867,3.097878824727343,-0.00011078750422125075,0.0003573580109359915,0.020006036227956967,-0.00017042569665405506,-0.0005839146135164019,0.01732888773083687,0.022971194982528687,0.03,0,True,0.06159970570772949,0.0368801407538731
714.42,11.995560646057129,-0.03350001573562622,3.097920798257425,-6.708708238891273e-05,-0.00020056596403325968,0.018984279463406434,0.00027349547686734955,0.0010729090112010572,0.019527311921119693,0.019654777497053147,0.03,0,True,0.0248998484961426,-0.007687978381288272
714.44,11.995145797729492,-0.03346932306885719,3.0978804015638577,-0.00012346499894631038,-0.0003854328997236796,0.021755097483583192,0.0004892393932051232,0.0014281725586532867,0.025746538043022158,0.02398341253399849,0.03,0,True,0.006957595083705283,0.024030100408966325
714.46,11.994891166687012,-0.0334826335310936,3.097971405788861,-0.00017049271311847267,0.0002699239665679995,0.021215620302650805,0.00027274695655318175,0.0007939390475271527,0.019585476219654084,0.019734830856323243,0.03,0,True,0.07648139731522537,-0.013499895094568252
714.48,11.99433422088623,-0.033470459282398224,3.0979930785320353,9.400481161404708e-05,-0.00014170183469559464,0.020562643834653675,0.0004703260048199013,0.0013384934192018877,0.01617968909442425,0.01585130259394646,0.03,0,True,0.0353426085484851,-0.019973978282958188
714.5,11.993864059448242,-0.03344780206680298,3.097984313381227,1.3252294826613264e-05,-0.00014078149884817157,0.025102791248627594,6.212525426176475e-05,-7.082596364955454e-06,0.025041783303022386,0.027363420426845555,0.03,0,True,0.051786656666130824,0.008108749949903741
714.52,11.993500709533691,-0.033435214310884476,3.0979874810373937,2.8913657244332637e-05,0.0004167952802361636,0.02458250616745943,-4.646559212672665e-05,-0.00016974570398191512,0.02174243062734604,0.022577068805694583,0.03,0,True,0.06948395158896224,0.014002405660916267
714.54,11.992884635925293,-0.033400051295757294,3.097970839181152,2.817235327004096e-05,-7.334663582377514e-05,0.025358552835937503,0.0004904182054944959,0.001442639043518862,0.02155714809894562,0.022029113173484806,0.03,0,True,0.031270754017226475,0.005644223588641042
714.56,11.992369651794434,-0.03338101878762245,3.0979794988757168,6.257896317268092e-05,-0.00012826256915952038,0.026121359961765598,0.0007833878308299803,0.00245868587207417,0.03050225853919983,0.03011830031871796,0.03,0,True,0.05093651552839371,0.026714507580075757
714.58,11.991835594177246,-0.03339853137731552,3.0980997245047086,-1.557818609395101e-05,-7.031271866735653e-05,0.02760445157000699,0.00015369844699007307,0.0004444552907265589,0.03050225853919983,0.03011830031871796,0.03,0,True,0.05837518001644843,-0.033870657012562484
714.6,11.991410255432129,-0.03340671584010124,3.0981841759071598,5.744965990250131e-06,0.0005458481856158432,0.02865742740973301,0.0006332801724894459,0.001967414902425239,0.02518962755799294,0.027952815592288974,0.03,0,True,0.07435586047914965,-0.01752005281341833
714.62,11.990677833557129,-0.033316317945718765,3.09800639560441,-1.7298731324133423e-05,-5.252848303596339e-05,0.030028567237255766,-0.00043403258374027074,-0.0012670135174875229,0.02588282495737076,0.025445928275585176,0.03,0,True,0.04719505026974748,-0.013345221910049148
714.64,11.990077018737793,-0.03333214670419693,3.098136892067911,-2.128002648920298e-05,-0.0001077684413281691,0.03206982880010061,0.0003642730044470374,0.0010570816469999867,0.03620391607284546,0.03565192788839341,0.03,0,True,0.048419430753667586,-0.017749591036404902
714.66,11.989437103271484,-0.03325916826725006,3.0979983634233097,-8.694536018277623e-05,-0.00021952140744522527,0.031380055591583356,-0.00023220915183178883,-0.0006231624620764019,0.030513034611940385,0.030010487437248233,0.03,0,True,0.042443538520104816,0.045375634050205345
714.68,11.988845825195312,-0.03332437574863434,3.0982687424389197,0.0003570048176155555,6.298109687031243e-05,0.032530981870022894,0.00018278103044559778,0.0005474476195141384,0.031576531082391744,0.031145112663507463,0.03,0,True,0.07075904765247873,-0.023797151873639046
714.7,11.988170623779297,-0.0331883542239666,3.097956542607444,-3.215373925613644e-05,6.103102156545629e-05,0.03342405031886589,0.0007805867020087773,0.002363037206530762,0.030138549655675893,0.031297592371702196,0.03,0,True,0.08672428766562167,0.026211057994606685
714.72,11.987476348876953,-0.033234041184186935,3.098180687877472,-7.162739574879353e-05,0.0001229661200826423,0.03773055261230181,-0.0002983592175603918,-0.0008466905028921111,0.03595857083797455,0.034517919123172765,0.03,0,True,0.07899018116687297,-0.027758460478187405
714.74,11.986763000488281,-0.03320491313934326,3.0981874063998323,-0.00013910207953772149,0.00025927885959469696,0.03831799860483664,0.00046175535438301957,0.0014737221774932055,0.03616814255714417,0.035809862911701205,0.03,0,True,0.11347522612608021,-0.03925346786484881
714.76,11.985831260681152,-0.03316953405737877,3.0982010071986883,-0.00015318038858917887,-0.00047378520478582513,0.038850196363375965,-0.0005284939609236806,-0.0016732292187419903,0.037929020226001746,0.03698090940713883,0.03,0,True,0.031350945904022834,0.008828387949026033
714.78,11.985106468200684,-0.03309224545955658,3.098074440381643,-4.61457998667489e-05,-0.00032506906803234407,0.04250206840894405,-0.00026206040629480915,-0.0007772402226542873,0.043042127490043644,0.04309351593255997,0.03,0,True,0.06049324462724201,-0.0069680436702076
714.8,11.984373092651367,-0.03305698186159134,3.098046829539973,0.00010727265129850098,1.6424006547592747e-05,0.04023862828462135,-7.146117563171998e-05,-0.00014041946697067076,0.038951961696147924,0.037520545423030856,0.03,0,True,0.09468894009520985,0.04541025187867744
714.82,11.983366966247559,-0.03303604573011398,3.09812522718202,7.676964515958007e-05,-0.0006359366198613779,0.043157458175018475,0.0003044061671667682,0.0009162786838763123,0.04124046951532364,0.04063842803239823,0.03,0,True,0.04561465132352617,0.009867993879798644
714.84,11.98261547088623,-0.033023688942193985,3.0981897736413306,0.00015935949559264248,-2.1900672994835872e-05,0.04642531157099663,0.0006127374220271167,0.0019595909315540637,0.046904014945030215,0.04557026863098145,0.03,0,True,0.12871865817463254,-0.025755403423740032
714.86,11.981656074523926,-0.03296654671430588,3.0981477426763533,-2.804075758529524e-05,-9.446456946638202e-05,0.04615124051482801,5.66447046555711e-05,1.2199287730008105e-05,0.03868241906166077,0.03816162317991257,0.03,0,True,0.06804447822263403,-0.047275796595682644
714.88,11.980660438537598,-0.032944805920124054,3.098203596814497,-9.469431694041795e-05,-0.00010829158226164135,0.050536120938597225,-0.0006286096957763723,-0.0022008517408709273,0.04942192763090134,0.046691722869873054,0.03,0,True,0.0009160035804965665,-0.02311186713178457
714.9,11.9796781539917,-0.03288022056221962,3.0981262031250383,0.00016047252719822826,-0.0001977594422645045,0.048601016432824246,-0.0011242554446255935,-0.002865785043774859,0.04908620983362198,0.04834333777427674,0.03,0,True,-0.0494003374121073,0.0178853624736667
714.92,11.978578567504883,-0.03279808536171913,3.098013705502061,0.00026708065559214237,-0.0003618655649178219,0.04649859185743629,-0.00024116344895505886,0.00011064156101297963,0.05242734521627427,0.04935253977775574,0.03,0,True,-0.213921799439353,0.07343251036257552
714.94,11.977775573730469,-0.03270774334669113,3.097918479872851,8.791575853101304e-06,-3.9536795459307604e-05,0.042199213521857404,0.00012258029044891184,0.001443028285624076,0.052580571770668036,0.05322786837816239,0.03,0,True,-0.266134958246162,0.08318603963898158
714.96,11.976944923400879,-0.03276347368955612,3.0982124481393782,2.0961718702900946e-06,-4.931054975613819e-05,0.03342237698344023,0.0008151594683142601,0.0036737490881381197,-0.03853871375322342,0.03917298644781113,0.03,0,True,-0.35118035777260376,-0.004688281963899265
714.98,11.97630500793457,-0.03274262323975563,3.0982416453878883,-2.610407191474221e-05,-0.00011837853096868861,0.02731021977312039,0.0011567018222034852,0.0037890981273470724,0.0416516062617302,0.03302575170993805,0.03,0,True,-0.3728048362954243,-0.029680892333309217
715.0,11.97590446472168,-0.032747283577919006,3.0983076054291123,-0.0001593135107752351,-9.823950081103254e-05,0.018404163235613613,-0.00011214071958474763,-0.00026442099609915343,0.03238048285245896,0.03224279925227166,0.03,0,True,-0.3052482949120184,-0.07242518441068319
715.02,11.97558879852295,-0.032705508172512054,3.0982216077230387,-9.70101518957918e-05,-0.0002563614403489477,0.012374826618250585,-0.0003023062017058918,-0.0009314431010385017,0.01924115300178528,0.020659372210502628,0.03,0,True,-0.25767379812215013,-0.04984174310026067
715.04,11.97547435760498,-0.03269080072641373,3.0981912944596903,-0.00015234970094191307,0.00013642057309721416,0.00900251339050097,-0.0006798517891111954,-0.002120265664711266,0.015533942505717279,0.015483920499682427,0.03,0,True,-0.14987109675586333,-0.03174613950520268
715.06,11.975317001342773,-0.03267553821206093,3.0981671299398053,-0.00025262521801254945,0.00014246366202335566,0.006696315923367128,-5.4406665574840095e-05,-0.0001982413206701546,0.007574891485273839,0.008330433070659638,0.03,0,True,-0.09743795035512015,0.0029799824127204146
715.08,11.975187301635742,-0.03266169875860214,3.0981379841759353,-0.0004138815543190678,0.000138553193902762,0.006414475495138413,-0.0009816564444692928,-0.002804112156516667,0.009411633238196373,0.009559404477477074,0.03,0,True,-0.04329239828374793,0.03499972819097766
715.1,11.975053787231445,-0.03267790377140045,3.098205748417385,5.705111417796302e-05,7.497934787711882e-05,0.004579790589836985,-0.00022513676969111978,-0.0006930445080207465,0.0080589946359396,0.008035468980669976,0.03,0,True,-0.026900491479931753,0.02558784948405279
715.12,11.97496509552002,-0.032590050250291824,3.097966965487169,-6.453346765737164e-05,0.00013984209128945329,0.005539121527799364,0.0002150936035805039,0.0006797125905683787,0.007385896891355515,0.008356642313301564,0.03,0,True,-0.04574486548618059,0.07472802779166986
715.14,11.97495174407959,-0.03264165297150612,3.0981116863791636,8.295694854207546e-06,0.00035809670424507585,0.004544276604971487,0.0005920362988417298,0.001848786638055116,0.004556849487125874,0.006555727794766427,0.03,0,True,-0.00973808831745311,0.021938695750839798
715.16,11.974743843078613,-0.032659564167261124,3.0981923611831808,7.75993581292967e-05,-0.00021307636895435028,0.002754886256247294,0.0011322872634224053,0.003174130066811484,0.005057186894118786,0.004333311431109906,0.03,0,True,-0.04607898930650364,-0.013640865593604118
715.18,11.974688529968262,-0.03270941972732544,3.0983536513484293,-8.011370143574422e-05,-0.000216595964684887,0.003800743524441445,0.00040499547725503053,0.0010620511520448412,0.009100696444511414,0.009627785235643388,0.03,0,True,-0.03197536412154748,-0.052012149029855445
715.2,11.974740982055664,-0.03267098590731621,3.098220895892514,-0.0002512736461102798,0.0002397772078594536,0.001852802383277187,-7.647940680254731e-05,-0.0004115566569205091,0.003098387159407139,0.013123299777507784,0.03,0,True,0.008598795273418496,-0.08108835821485724
715.22,11.97464656829834,-0.03266087919473648,3.098196650471327,-3.810919919808449e-05,8.34789033456614e-05,0.0019862474752463796,-0.0006764302454277916,-0.002312185284335449,0.0009647598955780268,0.0009629885479807854,0.03,0,True,-0.01596326731225242,-0.007659668447899394
715.24,11.97459602355957,-0.0326470248401165,3.098159436650627,-1.614852358462789e-05,4.606116834566245e-05,0.0034427898781211256,-0.0009691097335941153,-0.0033129385903804148,0.006186376363039018,0.006610717475414277,0.03,0,True,0.010951129301596791,0.00838707779165005
715.26,11.974532127380371,-0.03264846280217171,3.0981686765256824,0.0002578764294420423,-3.538588904068678e-05,0.0025236821394605978,0.00013669108749745108,0.00044927767621257616,0.004440222308039666,0.004215114545077086,0.03,0,True,0.00971633074096574,0.02295897016620999
715.28,11.974469184875488,-0.032581571489572525,3.0979558608052837,-7.865723638262015e-05,-4.6165555945285504e-05,0.0027288927274041336,8.247330442650729e-05,0.0002594095664108847,0.004563022702932358,0.0042657388001680376,0.03,0,True,-0.010039248004074616,0.0961233642085856
715.3,11.974444389343262,-0.03266303986310959,3.098232592685424,-4.100017951143138e-05,7.325377765079154e-05,0.002763553934522932,-0.00016660826596209968,-0.0004754676710403204,0.004563022702932358,0.0042657388001680376,0.03,0,True,0.010430862108294357,0.0005596620890250212
715.32,11.974377632141113,-0.03264409303665161,3.09818018941594,-5.4928121298302155e-06,2.2837598382017165e-06,0.0026396500377947455,0.001312637093315615,0.004376930546310368,0.002685226704925299,0.003996310643851758,0.03,0,True,0.01234630941297324,0.0027562205286908877
715.34,11.974311828613281,-0.03262556344270706,3.098130639111999,0.00013604742483869768,-5.705985820293693e-05,0.0033581511081245733,0.00015471346684790707,0.0004940506433346008,0.004841158501803875,0.0045825476199388504,0.03,0,True,-0.000775624657124522,0.046947589282818857
715.36,11.97425365447998,-0.03267731890082359,3.0983060152489887,9.877279796106079e-05,-7.937141434594917e-06,0.003716597480442498,0.00014359411648109808,0.00047990720870626853,0.004910789392888547,0.004183619618415833,0.03,0,True,0.004555599132039831,-0.07401477024753136
715.38,11.974175453186035,-0.0326637327671051,3.098272116736891,-0.0001020197605846087,-1.585482683417535e-05,0.0027015039619529384,0.0009893141300695463,0.0032803394715871094,0.01289910588413477,0.004734675288200379,0.03,0,True,0.005129668731712625,-0.0041235096273644955
715.4,11.974080085754395,-0.032642703503370285,3.0982185819926364,-0.00013376844223892824,-0.00012751000238191956,0.0030040979683576005,-0.00048524269427246367,-0.001544251073486756,0.004278151988983155,0.005615696161985398,0.03,0,True,-0.0035589236027734786,-0.013144374279636733
715.42,11.974092483520508,-0.03269527480006218,3.098393066269726,-0.00019521318579001834,0.0002553086660810658,0.00376852460666121,4.642263121905692e-05,0.0001641698731457412,0.0053857874870300295,0.005547702908515931,0.03,0,True,0.022683647472088647,-0.06921349843416878
715.44,11.974015235900879,-0.03262811526656151,3.0981824751631097,-0.00042739904249025726,0.00032280039008239573,0.003431883592220474,-0.00016922762485398088,-0.0005716427336652081,0.0024782784655690195,0.0029011631757020952,0.03,0,True,0.04090694460546758,0.04084899501834431
715.46,11.97387409210205,-0.032654423266649246,3.0982852503267426,-2.2391231138864965e-05,0.00016491054388496277,0.004516195759720959,-0.0006858246557565665,-0.002256740403149227,0.00627430759370327,0.00625139057636261,0.03,0,True,0.02830631587757684,0.001750984858498732
715.48,11.973806381225586,-0.03261726349592209,3.098172850573943,2.082161782955906e-05,0.0002194312872839692,0.006276653536796681,0.0005416891016901625,0.0017236685279824605,0.00737818643450737,0.00918481469154358,0.03,0,True,0.02173288068535802,0.01593770888383913
715.5,11.973733901977539,-0.03262481838464737,3.098212527037474,7.599048853680215e-05,0.0003018812044125724,0.006033029876868516,0.00010689971365282231,0.00030424866182571144,0.0063209359347820284,0.0060962473601102836,0.03,0,True,0.01828190632283177,0.027286419772714933
715.52,11.973511695861816,-0.03264961391687393,3.098320368645348,-0.0001307259597942697,-0.00017223654532919552,0.0051705140470475345,0.00018514700151926454,0.0007033739770407623,0.006539056487381459,0.006757816970348359,0.03,0,True,-0.021734658038097213,-0.013839705902929423
715.54,11.97339153289795,-0.03264203667640686,3.0983095902196887,-0.00035331087760449647,-0.000274569743197414,0.00597874826554617,-1.764218363290202e-05,-7.382682133401761e-05,0.015091830156743528,0.011016705334186555,0.03,0,True,-0.01882888632841817,-0.018769960467970935
715.56,11.973392486572266,-0.03261416777968407,3.0982291204921064,-0.00021858486987408007,5.461039545044928e-05,0.004537880893750485,0.00019051641931530001,0.0006164920557491136,0.011341866366565229,0.006007783375680447,0.03,0,True,0.02991193008517881,0.002621726010439229
715.58,11.97325611114502,-0.032602712512016296,3.098206620891767,0.0002487005400002237,-3.0498971875799224e-05,0.0045267189705942915,-0.00037692300754510087,-0.0011973481756127316,0.006416228711605073,0.005346212461590768,0.03,0,True,0.003855780088157823,0.0344370957788261
715.6,11.973148345947266,-0.03264910355210304,3.098369688009808,0.0002327475165089553,9.080274193986472e-05,0.007563468453863064,0.00030978047904894635,0.0009131120578760079,0.007477437965571881,0.007749705649912358,0.03,0,True,0.039091302254957286,-0.022141755598099135
715.62,11.973031044006348,-0.03259620442986488,3.0982138023656396,-0.0002807072797307965,0.00014168879028375923,0.006287210672598954,0.00029872510046290005,0.00268114084097348,0.007779538556933404,0.008113324828445912,0.03,0,True,0.04778542163782483,0.027963359471525086
715.64,11.972786903381348,-0.03261278197169304,3.0983021694567365,-9.027079078713541e-05,-0.00033161435325287073,0.007665185074148668,-0.0003856140232567525,-0.0011548483920997233,0.0077558705210685735,0.008283870182931424,0.03,0,True,-0.014935227780305003,-0.017903998646921958
715.66,11.972752571105957,-0.032604776322841644,3.098421112159045,-0.00017928588482244765,0.00010802546315086352,0.0083495527016168,0.0003428823182049276,0.0010397205821072407,0.009295248314738274,0.011686813086271288,0.03,0,True,0.023146907887546104,-0.06696321790273373
715.68,11.97253704071045,-0.032591745257377625,3.0982773001384403,-8.844180366792797e-05,-0.0001701072897812806,0.00636865023143975,-0.00020372216549590153,-0.0005192078338764459,0.0039832272753119475,0.004457695223391057,0.03,0,True,-0.02210981815441281,0.011683559040459824
715.7,11.972362518310547,-0.03259478136897087,3.098296980012208,-0.0002203230415577917,-0.00025439913870014413,0.00813896330360359,-0.00030459603759395147,-0.0026759165912479586,0.00962613195180893,0.010941974297165872,0.03,0,True,-0.0048377835810531926,-0.014606296814810403
715.72,11.972278594970703,-0.03257443755865097,3.0982606328300264,-4.6374994432268986e-05,-2.53413263920376e-06,0.005896399621794738,-4.445807480860922e-05,-0.00022016366886245926,0.0073431206494569785,0.009336535036563873,0.03,0,True,0.03614420512890732,0.004003957074081442
715.74,11.972103118896484,-0.03255224972963333,3.098207038831745,-4.493639744496863e-05,-6.357476741488997e-05,0.007962530015132347,-8.70975718498611e-05,-0.00012878316307818937,0.007296890765428544,0.00500201441347599,0.03,0,True,-0.00403428282031442,0.04382200228436962
715.76,11.972065925598145,-0.03256775811314583,3.0982596870449313,-9.987844492004327e-05,0.0006019446598102683,0.009260186641753815,-1.9690800819815134e-05,-0.00019889126794976668,0.009529033079743386,0.009646065235137941,0.03,0,True,0.06828005192433148,0.0034829657848831058
715.78,11.971726417541504,-0.03256019204854965,3.098286677359162,-1.71594927909723e-05,-4.086658355584323e-05,0.00781622067797873,0.0002595573392679825,0.0008298435914984223,0.006376521475613118,0.007168888524174691,0.03,0,True,0.02214417106246939,-0.007407683284545012
715.8,11.971538543701172,-0.03254077211022377,3.0982447215285904,-4.4471295358903666e-06,-0.0001623919217570821,0.011358803775736288,1.3632603124535036e-05,5.847359392793578e-05,0.016903428435325624,0.016854839622974398,0.03,0,True,-0.0068163172167544795,0.010064287304163875
715.82,11.971477508544922,-0.03254592418670654,3.0982734263190648,-4.1947595244607514e-05,0.0004303140752558876,0.009734063700130805,-0.00021647910276834348,-0.0007213978258420934,0.009794750213623048,0.009923521205782892,0.03,0,True,0.03223362645899788,0.011283801836117564
715.84,11.971158027648926,-0.03252946957945824,3.0982643649324455,9.45538971775772e-06,-4.804619103324086e-05,0.008714881264413178,0.00017308019085326336,0.0006062517163837551,0.006678995490074158,0.0075471546500921255,0.03,0,True,-0.0032294036466373917,0.006746797244012562
715.86,11.970949172973633,-0.03250916674733162,3.0982289655330946,5.069483917252159e-05,-0.00019053109238129852,0.010394910794699879,0.000503620438271593,0.0017325477383882892,0.015786946043372156,0.01597369723021984,0.03,0,True,0.020961700209775218,0.028491326508698022
715.88,11.970841407775879,-0.03252440690994263,3.098293221665901,3.7825702058710074e-05,0.00031365681459320045,0.011100451484005165,0.0001926155303641515,0.0005982173734492168,0.010837448686361315,0.010857540518045427,0.03,0,True,0.05736385224089399,0.0034501435243486224
715.9,11.9706449508667,-0.03255012631416321,3.0984120301381357,0.00012051753502044412,0.0005015098856684556,0.011410999716911297,0.0004606935104149555,0.0015579082948516754,0.00781774401664734,0.009085684940218927,0.03,0,True,0.04704618678657848,-0.03002471523690103
715.92,11.970270156860352,-0.03250642493367195,3.0983122223223214,-4.402970925616751e-05,1.5235439438360189e-05,0.013303989443680523,0.00028256721810542907,0.0008822631983313938,0.013477842062711716,0.013592819347977639,0.03,0,True,0.021129572181849486,-0.017621029985418847
715.94,11.970035552978516,-0.03250658139586449,3.0983535981966828,-2.2774008948126253e-05,-3.8918776221205966e-05,0.014158605737628083,-0.00016542244390818943,-0.000669429480565022,0.017781310677528382,0.018974049091339113,0.03,0,True,0.02185184812625022,-0.041135884389353686
715.96,11.96977710723877,-0.032500941306352615,3.0983638027217677,-0.00014366611448081386,3.2747135270925575e-05,0.012790817258553988,-0.00026733287652029255,-0.0008114650253850121,0.012890317663550378,0.012821796089410782,0.03,0,True,0.017888446905547025,-0.012983360279859064
715.98,11.969513893127441,-0.03248794376850128,3.0983584757796905,0.00019875912720914725,0.00014223717757809505,0.01315914756701221,-0.0005068913078231903,-0.0017329624562983034,0.01236297331750393,0.014326627552509309,0.03,0,True,0.0144294828235929,-0.006205664806075847
716.0,11.96924877166748,-0.03244083747267723,3.0982473051202906,0.0003950441033938539,0.0001861031760037666,0.014735065196125018,2.589688960732777e-05,-0.00015640562405786276,0.013500497788190843,0.01567716382443905,0.03,0,True,0.04292112972816476,0.027563580609426958
716.02,11.968985557556152,-0.0324205681681633,3.098214961200179,-0.00017457042520750292,0.0002968496978972066,0.015312964363514465,-0.0003673334251172391,-0.0011658826650506383,0.01564429841935635,0.015482120141386987,0.03,0,True,0.025619714852221018,0.01846093645185492
716.04,11.968599319458008,-0.03245193138718605,3.098351290271843,8.8355392844578e-05,-1.2775497632454592e-05,0.016224507636804046,7.221718994132381e-05,0.0013936214233671391,0.016208025962114337,0.015839922055602074,0.03,0,True,-0.04970480563739678,0.009937766209312353
716.06,11.968291282653809,-0.032405462116003036,3.0982652051664865,0.00019748339564203127,-8.958898266342812e-05,0.015208724755188027,-0.00016595310208237244,-0.000256087540151253,0.022952113896608353,0.01670275889337063,0,0,True,-0.11092635525869576,0.05259484871411056
716.08,11.967951774597168,-0.03239050135016441,3.09835879483416,-0.0002560119097427905,-0.00018680502336334453,0.010758680745131241,9.371708963053005e-05,0.0006386156726875322,0.016227327659726145,0.0159768582880497,0,0,True,-0.19581681655829442,-0.006849152328603119
716.1,11.96777057647705,-0.032354604452848434,3.098194474196967,-0.00029740033329453045,-0.00013741017497168861,0.006438855942814264,-0.0007204076751378215,0.0030417052320803593,0.015727681294083598,0.016969648972153667,0,0,True,-0.2323714722336301,0.02557013391011339
716.12,11.96773910522461,-0.03242222219705582,3.098402379525658,0.0002050920141211325,-0.00010060429026731141,0.000559162312132479,0.0005902389295035867,0.0008456892370786093,0.010870679169893266,0.01017088271677494,0,0,True,-0.2049126068714382,-0.006054290326090362
716.14,11.967779159545898,-0.032325536012649536,3.098508541585053,-0.00014970312575375916,-0.00013546813888620665,-0.0033809930235118926,0.0006518224501829493,0.0017895231726588645,0.0018813201785087587,0.0010404417663812638,0,0,True,-0.17158493563649949,-0.0843496130822549
716.16,11.967905044555664,-0.03243574500083923,3.098426449973126,8.702983835145164e-05,-8.459490291656568e-05,-0.005634327804568906,5.5636524335169894e-05,0.0001542724466007438,-0.003132602442055941,-0.0014907604269683362,0,0,True,-0.10431382097072597,-0.018291371581196286
716.18,11.968038558959961,-0.032418351620435715,3.0983376360507795,5.7721415926066604e-05,-6.225539979242462e-05,-0.007287938908093211,0.0024218126579494286,-0.0037062638144938955,-0.005441121123731137,-0.006879374533891679,0,0,True,-0.0634382387331728,-0.01585028538768521
716.2,11.968189239501953,-0.03244611993432045,3.098414721321386,0.00014421298649645045,-0.0001580156780857702,-0.007785943365529867,-0.00013158755897465198,-0.0006176204894178421,-0.007168074138462544,-0.005645785406231881,0,0,True,-0.06802918080281493,-0.021572498193142844
716.22,11.968353271484375,-0.03254431113600731,3.0982120404798934,0.00019772224486197607,-0.00013741246181115413,-0.008456052122168312,0.00018629466276474672,0.0005215003416433991,-0.0075861794501543055,-0.007705452144145967,0,0,True,-0.03487234362580655,0.08588660929950306
716.24,11.968527793884277,-0.032452113926410675,3.0983770403339728,0.00010866528328350346,-0.00014691644926348373,-0.011076662268796885,-0.00046625853774978605,-0.0015715274088515666,-0.009070161283016206,-0.007903668358922006,0,0,True,-0.039937533230564225,-0.010413620221143264
716.26,11.968713760375977,-0.032462578266859055,3.098379356078111,-5.4682843073639115e-05,-0.0001565017159220812,-0.010077726398159162,-0.0009404988730166863,0.0031646649294698654,-0.008309186287224294,-0.008263885527849199,0,0,True,-0.06380273674509547,-0.022099136940201734
716.28,11.969076156616211,-0.03244713693857193,3.098288999128678,-0.00011186988220675812,0.0005141432278100931,-0.010980946023972099,-0.0004722701984765115,-0.0014507101071085456,-0.009359888583421709,-0.008789850398898125,0,0,True,-0.0056299820687647755,0.030951986655296655
716.3,11.969161987304688,-0.032503969967365265,3.0984652136742508,-2.0125194961547182e-05,-7.270786778703821e-05,-0.013560271061771307,-0.0004257316380944942,-0.0012464306135711318,-0.014016989916563036,-0.013633309155702593,0,0,True,-0.05051680059818412,-0.07011584883252599
716.32,11.969407081604004,-0.03245239704847336,3.098260983525404,-5.971050739775023e-06,-0.00019730866372498406,-0.011527060834298298,0.00028958527848671587,0.0009046315235734327,-0.005382090546190739,-0.004716330617666245,0,0,True,-0.05068511323018661,0.019848760334905017
716.34,11.969799041748047,-0.03247532248497009,3.0982796416290252,-2.0294534057771028e-05,0.00034680160275523574,-0.01411907044601596,-0.0007481161330436891,-0.0024446029771350835,-0.012377293780446054,-0.012414905726909639,0,0,True,-0.00883973809817012,0.03577826487902767
716.36,11.969996452331543,-0.03251022845506668,3.098361369650564,0.000375647396043569,8.45442371549336e-05,-0.015035755082389102,3.092001664364852e-05,0.0001371907196846682,-0.01665631100535393,-0.01584616541862488,0,0,True,-0.04921502877520748,0.0012114420964303536
716.38,11.970293045043945,-0.03249308466911316,3.09826964543608,-6.198961964877368e-05,0.00011590009682415278,-0.014267450109625279,0.00047273424733596415,0.0016158305767525456,-0.01067471705377102,-0.00853902481496334,0,0,True,-0.024887865479560563,0.05500940208377182
716.4,11.970608711242676,-0.032506853342056274,3.098271958782979,-7.411026804986267e-05,0.00012700043497365773,-0.015464263136311315,0.0002805923038250608,0.0010015468912877728,-0.01346461318433285,-0.013254798948764803,0,0,True,-0.021969081000947223,0.013001558568285582
716.42,11.970937728881836,-0.03256253898143768,3.0984089080751653,-5.9832234332773156e-05,0.0001536884547265547,-0.016110099684378994,0.0005945853135212099,0.0019561491895626597,-0.013827239871025087,-0.01415717586874962,0,0,True,-0.026920024412283524,-0.03996827236235791
716.44,11.971231460571289,-0.0325862318277359,3.098441493401867,-2.9767141620180547e-05,7.237546840429617e-05,-0.01679328156246578,0.0003899863710764373,0.0011773154051480468,-0.014722893089056017,-0.014692108109593392,0,0,True,-0.02537262404242287,-0.027432337411988143
716.46,11.971578598022461,-0.032596245408058167,3.098426137371245,5.3309707310479405e-06,4.9034511360089653e-05,-0.016421052062609062,-0.0002169901759430773,-0.001581631212237723,-0.014540847763419153,-0.013535036817193032,0,0,True,-0.012895471764132796,-0.03954730713071938
716.48,11.971949577331543,-0.03259597718715668,3.0983661440153907,-0.00011438632586952251,0.00016008553921163346,-0.017494073059706183,-0.001065281678355014,-0.0011930401016724016,-0.016193745657801628,-0.016295123770833017,0,0,True,-0.008273414723644472,-0.01641482053193539
716.5,11.972250938415527,-0.03260188549757004,3.0982823775781863,8.105929344323594e-05,-0.00013394162183519875,-0.017141737425510145,-0.0006594929311377994,-0.0012076353808965093,-0.010513253286480905,-0.016493410393595698,0,0,True,-0.035155987578583806,0.0283260499200329
716.52,11.972633361816406,-0.032561566680669785,3.0983460501937334,-7.2611617443816e-05,2.660393922055716e-05,-0.017455154740356735,-3.434153634336763e-05,-0.00013587023740559013,-0.01421008199453354,-0.01412624277174473,0,0,True,-0.030018160425806704,0.0015316618285017719
716.54,11.97295093536377,-0.032602909952402115,3.0983295265407733,-9.32113794960261e-05,-9.088054285989878e-05,-0.01923353106889321,-2.319746274420827e-05,0.0006844527813628482,-0.01894153103232384,-0.018662674725055697,0,0,True,-0.05535160330489247,0.03424386494198268
716.56,11.973344802856445,-0.032653603702783585,3.0983552743963982,-0.000288155371160866,-8.625706535540732e-05,-0.019895525893768536,0.00038552963513962743,-0.0010705071553923713,-0.017170545905828477,-0.01722568839788437,0,0,True,-0.08973339971650032,0.02090774845487687
716.58,11.973788261413574,-0.03266657888889313,3.0983371338006953,-7.299384153192182e-05,4.724831479039918e-05,-0.021569865689903808,0.0007495723435254839,0.0015318738144635066,-0.020563809275627138,-0.018369239270687104,0,0,True,-0.057381772390140924,-0.012297753333368971
716.6,11.974222183227539,-0.03266117721796036,3.098260409621302,-0.0001012259136210114,-3.4766037451728547e-07,-0.024633826717680433,0.0004115230826345995,0.001536749638985415,-0.020563809275627138,-0.018369239270687104,0,0,True,-0.06856682542184285,0.026145861109138902
716.62,11.974672317504883,-0.03273743763566017,3.0984520764459305,-0.00011508724002365355,-0.00010430408019640511,-0.02382407286010683,-9.711802105730367e-05,-0.00029936748530717285,-0.02073503211140633,-0.020635738074779513,0,0,True,-0.06438877413211697,-0.0008695494166380902
716.64,11.975312232971191,-0.03277186304330826,3.098478214367517,-0.00017890815857927238,0.0005424065861589864,-0.02538087192751877,0.0003106869534685295,0.001021161733339811,-0.022065167278051377,-0.02181966453790665,0,0,True,-0.008006919792563754,-0.11278650654205127
716.66,11.975692749023438,-0.032741013914346695,3.0983131844018708,-9.65190447572744e-05,-3.4279174485054655e-05,-0.02672096762046848,0.00039076532207706245,0.0014623098611325227,-0.02708212330937386,-0.026391613930463794,0,0,True,-0.04268691646158115,-0.009814371024192874
716.68,11.976249694824219,-0.03277352452278137,3.098342102559969,-0.0002980490045620966,1.0621646798996148e-05,-0.02527438030108495,0.00032699098754744344,-0.00748617088437048,-0.018947844803333284,-0.018190690875053407,0,0,True,-0.030321301958500007,-0.0778147195450242
716.7,11.976806640625,-0.03286115825176239,3.098569061234821,-0.0004223088110938088,-7.087177896981116e-05,-0.02723902617703507,-0.000315779751684156,-0.0010845171672430045,-0.02812335938215256,-0.0257177709043026,0,0,True,0.037030718295912,-0.1021416647977038
716.72,11.977331161499023,-0.03288542106747627,3.097879320696767,0.00016460316687910657,-3.605459559377587e-05,-0.02780657608420001,-0.001539537826404372,-0.005204015830265309,-0.02735696375370026,-0.026630170792341236,0,0,True,0.07347815682043,0.05480416729232425
716.74,11.97787094116211,-0.03280949965119362,3.0982264230284913,0.00029380052602733935,-0.0001447680174962909,-0.023758510156794005,-0.0018878407160744864,-0.006709023322687962,0.039352677017450335,-0.025856577903032304,0,0,True,0.15258371616931646,-0.03626554073475674
716.76,11.978477478027344,-0.03274768963456154,3.0979257812935477,-9.916713864293823e-05,0.00023486031162294588,-0.019396127755447544,-0.00340968946397911,-0.0031018375009822974,0.024405054152011874,-0.030123111009597782,0,0,True,0.23522442625284753,0.045300019222931066
716.78,11.97871208190918,-0.032792672514915466,3.0980323393690066,0.0001957937174864381,-0.00015265406599283422,-0.015032328883500855,-0.0011478521722457107,-0.003985760426020905,-0.004139229208230973,-0.03985968858003617,0,0,True,0.25791945128217475,0.06148897331122245
716.8,11.978893280029297,-0.03268064185976982,3.097631173696689,-4.044439637042934e-05,-0.0004098116776745969,-0.008988621983989323,-0.00046336695510704184,-0.0015800142924341197,-0.014792944341897965,-0.013788066953420641,0,0,True,0.2603313444268909,0.1456252339257257
716.82,11.979076385498047,-0.032770127058029175,3.0979075621944094,-0.00014045698220932045,-0.0005336129607435249,-0.0031249540542094677,-0.0005759522993994095,-0.0017899054577876494,-0.010621808320283891,-0.012746765688061715,0,0,True,0.3017196396419459,0.11033779812164109
716.84,11.97919750213623,-0.03274225816130638,3.097799380150153,-2.0434131441233763e-05,-7.85667050395146e-05,0.0014303797987143818,0.0024849986844278516,0.00854818121308172,-0.00879010282456875,-0.008743950128555299,0,0,True,0.3035048771652552,0.10556240035092262
716.86,11.978963851928711,-0.032757557928562164,3.0978891469323835,-0.0003623309512244822,-0.00015592872780332236,0.009105242287867164,0.0013441473912595607,0.004841263423714898,0.0005917984247207642,-0.0012106116116046906,0,0,True,0.21366014590224777,0.09615711786388143
716.88,11.97877025604248,-0.03287424147129059,3.0983150281937357,0.00023994378241755843,-6.78160259506064e-05,0.015291768189243516,0.002048519308148587,0.0068649777356440105,0.013208668678998949,0.010737475603818894,0,0,True,0.164292534780881,-0.10136908549851369
716.9,11.978343963623047,-0.03284573182463646,3.0982948632683063,0.00010526214049586929,-0.0003052416984068256,0.013967857617954807,0.0017596806119660993,0.005902663971315869,0.00464592132717371,0.014817139655351641,0,0,True,0.034457218829004634,-0.0519664401764703
716.92,11.977968215942383,-0.032853059470653534,3.098348578369004,0.00019593593549420703,-0.00043843988215662823,0.014573782581172907,0.00016694957078285116,0.00043865437320800044,0.019550452679395678,0.01722250282764435,0,0,True,-0.07524985536575148,-0.09460359566083615
716.94,11.9778413772583,-0.032849833369255066,3.098361360050089,0.00027997436531079344,-4.955706536734574e-06,0.011861819794188945,0.0002449760444269517,0.0006839482095951475,0.014439343437552453,0.014760789796710016,0,0,True,-0.0695940896697961,-0.08393590068759908
716.96,11.977604866027832,-0.03283718228340149,3.0983501205435924,0.0004597059455639994,1.5708201486404647e-05,0.009271779759980317,-0.0002884983970118026,-0.000703309917226753,0.005805942714214325,0.006104491874575615,0,0,True,-0.13770163687284204,-0.005755855897038358
716.98,11.977395057678223,-0.03282430022954941,3.098349579125074,3.63712981885007e-08,-2.4537060799104015e-05,0.00840033044436827,-0.00027907863054235226,-0.0008122080836954928,0.010692375898361207,0.010786089450120927,0,0,True,-0.162768127703999,-0.03011065781423449
717.0,11.977228164672852,-0.03279793635010719,3.0982923135756257,-0.00021363479950942555,1.3175779823491424e-05,0.003557651631339908,-4.343514000455562e-05,-2.1814098555303775e-05,0.010243688225746155,0.011177226677536966,0,0,True,-0.20554433791462456,0.008236194439934454
717.02,11.977170944213867,-0.03279847651720047,3.0982963834033934,-0.00046092200192047534,-9.490903893681344e-05,-0.0011596304221191327,-0.000499697451639511,-0.001724904415541421,0.008011384755373002,0.008041795007884503,0,0,True,-0.25980308206409064,-0.0044514114309763845
717.04,11.977320671081543,-0.03282139077782631,3.098348375415708,-0.0001476858791976545,0.00012737743583991843,-0.007171767273174694,1.3512850564562876e-05,-4.4414362032596005e-05,0.0016855312138795854,0.0013514755666255952,0,0,True,-0.20351970243464332,0.00434367532171503
717.06,11.977489471435547,-0.03278837725520134,3.0982115867718307,-7.422741431002626e-05,0.0001502379899068947,-0.01238391612074008,-0.0003131376991637549,-0.0011683209981732797,-0.005747942961752415,-0.006590672321617604,0,0,True,-0.1723125914271726,0.048828691751096165
717.08,11.977801322937012,-0.032823819667100906,3.098288760426663,-0.00016792462558642694,0.00023191361138434697,-0.012723924563439888,9.90067306186564e-05,0.0003256799271820764,-0.011228852421045304,-0.01036197990179062,0,0,True,-0.08482643344601147,-0.03902259181525169
717.1,11.978161811828613,-0.032816413789987564,3.0982029177235395,-0.00024617351758555566,0.0003830992056612255,-0.014944637736299992,0.0006780422816344544,0.002181390924548271,-0.015495100766420366,-0.01572678841650486,0,0,True,-0.009051585112202928,-0.004128754142415839
717.12,11.978337287902832,-0.03287336975336075,3.0983744298098825,0.00012997674314741464,-3.879746255098263e-05,-0.013957881948859083,-0.000888815178200068,-0.0031662217072543283,-0.012475972399115564,-0.008780469447374345,0,0,True,-0.02814147445088414,0.020760681037285057
717.14,11.978681564331055,-0.032894428819417953,3.0983860980457947,0.00021515617599258906,-0.00010781819895345038,-0.013108042929716684,-0.00039849192653637427,-0.0014986213295667158,-0.017227840274572373,-0.01650191202759743,0,0,True,0.08222387756774285,-0.0354501400425813
717.16,11.978919982910156,-0.03280102461576462,3.098035462690083,-3.5490887601113574e-05,-0.0002944672677231777,-0.014975242519508571,0.0005538162543963071,0.0019865344101633706,-0.017227840274572373,-0.01650191202759743,0,0,True,0.13687134829903191,0.08848673837515876
717.18,11.97921085357666,-0.03282985836267471,3.0980830280171743,-7.277870427496224e-05,-0.0004579280400263348,-0.008366727530886546,-0.0002226145511911022,-0.0006546202788556536,-0.017347019091248514,-0.01889481768012047,0,0,True,0.1848445005545014,0.05958311727203466
717.2,11.979532241821289,-0.032969798892736435,3.0985333525626957,5.1139282517583735e-05,-9.610165501914502e-05,-0.003008174084930928,0.001138210434289439,0.0039127173627619945,-0.01846599966287613,-0.015693793669342995,0,0,True,0.26806868271502227,-0.0757479951923827
717.22,11.979351043701172,-0.03290574997663498,3.098333728423486,-7.587028020926117e-05,-0.00022367392301096865,0.0016795171146509946,0.0008941493959203548,0.003268028052198495,-0.014222796112298966,-0.010266781002283096,0,0,True,0.2091379011240443,-0.0038837559157005224
717.24,11.979156494140625,-0.03290235623717308,3.098348480079104,-9.475886800341654e-06,-0.00034589778624712585,0.006470252097704182,-0.001173781398813397,-0.004073305205230345,0.003367138355970383,0.0031089220196008683,0,0,True,0.1770981592925,-0.05274541148266744
717.26,11.979073524475098,-0.032895512878894806,3.0983444702613503,-6.553760200187087e-05,-0.0003294643802159592,0.00836430455904556,-0.00027369656501232965,-0.0009653207521118543,0.006938650235533715,0.0073739272728562365,0,0,True,0.17930107947561474,-0.051226043926037426
717.28,11.979019165039062,-0.03285360708832741,3.0982074881462776,3.3498516119191896e-05,0.00022360813568178203,0.011159678658456186,-7.168186891657924e-05,-0.0003069155558475629,0.0039928736910223965,0.003922199849039317,0,0,True,0.14254345152107417,0.05386612455549392
717.3,11.978683471679688,-0.032854944467544556,3.0982565027633173,9.386137878611645e-05,-7.769695187804993e-05,0.01602360347268713,-0.0002463571662074119,-0.0008300554618807715,0.008999695405364038,0.0018654774688184263,0,0,True,0.11641950822056872,0.013636794012412
717.32,11.978264808654785,-0.03285790607333183,3.0983239268346363,0.00013358116493395494,-3.9586646332787086e-05,0.017873728219395948,1.276580098522734e-05,0.00023598475921137314,0.016735215932130815,0.015201855152845384,0,0,True,0.025524439065463617,0.002059476111658052
717.34,11.97779369354248,-0.032820288091897964,3.0982780658244,-0.00016748882916420987,-0.00016639313781143992,0.017677865216695822,0.0017795799279279171,0.00012562276888166373,0.019599977135658267,0.01944205462932587,0,0,True,-0.13456347823325987,0.02384418669648143
717.36,11.977590560913086,-0.03279277682304382,3.0982263669270145,-0.0002841049372696601,0.00023241090765753218,0.01320163378369432,-0.00010782671321249839,-0.00014215746691483447,0.02121104747056961,0.019898075163364413,0,0,True,-0.20648105603095174,0.009301711384610929
717.38,11.977264404296875,-0.032935939729213715,3.098266552584828,7.657663070607921e-05,-0.00010586353271848796,0.005258525214020833,0.00035694356654641506,0.001077479473838719,0.01339180037379265,0.013197018504142762,0,0,True,-0.30108151111670844,0.02701090180746677
717.4,11.97721004486084,-0.032803501933813095,3.098312554237283,0.0001186219525918775,-0.0003285028138032154,0.0013552437369348305,0.0003913457049728918,0.0009801216699795706,0.011741372495889664,0.014468712434172632,0,0,True,-0.2683724669605643,-0.011098815485541256
717.42,11.977372169494629,-0.03283059597015381,3.098364264182307,0.00019358732879770353,-2.251392474445928e-05,-0.006408655672618948,-0.0010772635692560795,0.00228649491347704,0.0007219551503658295,0.0017293484508991244,0,0,True,-0.17132875726269645,-0.02331106597738359
717.44,11.9774808883667,-0.032819364219903946,3.098304776660613,0.0003619710056264862,-0.00010862239586116182,-0.00826816357316181,-0.0002936270195221046,-0.0010300627057585891,-0.010149339959025384,-0.008368746750056744,0,0,True,-0.1446174981472428,-0.030842156434335712
717.46,11.97778034210205,-0.032871995121240616,3.098449472177906,0.0003393632871496808,1.3195816196820411e-05,-0.008447775367001895,-0.00027878889500368876,-0.0007874058043529222,0.03636024344712496,-0.007065129056572915,0,0,True,-0.03318139559505421,-0.10671100367600124
717.48,11.977871894836426,-0.032808657735586166,3.0982301492208224,9.964120914152035e-05,-0.00016227491880764725,-0.010214156114850513,-0.0005444726059519747,-0.0014872508447685488,0.03636024344712496,-0.007065129056572915,0,0,True,0.008450357122505508,0.03839155939848062
717.5,11.978048324584961,-0.032837461680173874,3.0983012717179585,-0.00018076767335662979,-0.000279001755263137,-0.009063167320224642,-0.0017735574466193435,-0.0062503853806074264,0.10296493589878083,-0.011015727445483209,0,0,True,0.014573033689402949,-0.0008785709944978564
717.52,11.978299140930176,-0.03281126916408539,3.0981857965930315,-0.00011923851660904665,0.00014018853682282355,-0.007592135003361984,0.000624862218134482,0.0020412620461170675,-0.008505064696073534,-0.010771695449948313,0,0,True,0.07075044965613723,-0.0013925629882995975
717.54,11.978510856628418,-0.032761622220277786,3.097949441347458,-0.0003273771731663689,0.0001115828365582113,-0.00728193267185072,-0.00019915206042416542,-0.0008576914839126868,-0.006784291416406632,-0.011205543726682664,0,0,True,0.07785697524698655,0.07388488037520725
717.56,11.978476524353027,-0.032884955406188965,3.0983934501845116,-0.00013561968449621388,-0.0003986394466762508,-0.004554120142364683,-0.00036688870100569826,-0.0015986558838324153,-0.00685718845576048,-0.00889832928776741,0,0,True,0.032857090826598545,-0.09688083854979922
717.58,11.978631019592285,-0.03284696117043495,3.0982326563992455,-4.164803499903802e-05,-0.00013646552738391248,-0.0028346093004625317,-0.00012079506863816912,-0.0003395949505878221,-0.004069935493171215,-0.0003091012313961983,0,0,True,0.028892547379603405,-0.030569479001721
717.6,11.97866439819336,-0.0327976793050766,3.098057904122325,-0.00014092945983725901,-0.0002228839556208875,-0.004963567737232756,-0.0016490246543045897,-0.005709205037870834,-0.009070792868733408,-0.00956228755414486,0,0,True,-0.01846442520642302,0.02694674797491423
717.62,11.978737831115723,-0.032761797308921814,3.097922273751411,-0.0001748868054984231,-0.00034265286347905127,-0.004970528881481265,-0.0009391540536025283,-0.0033032498040516177,-0.007343874536454679,-0.005515773408114911,0,0,True,-0.017878925307655866,0.04453706687850385
717.64,11.97887897491455,-0.032770439982414246,3.0979367137814817,-9.966369428059036e-05,-8.08087296518192e-05,-0.00603127415887928,0.00012507710405500324,0.0005570839541618259,-0.0045655246637761595,-0.004032423160970211,0,0,True,0.05054646848097797,0.084319191826879
717.66,11.979031562805176,-0.032789260149002075,3.0979683964149216,-0.00010346985606101893,-2.1397065553033913e-05,-0.0042649233250737,0.0009368605175019005,0.003223370399689246,-0.007755565159022809,-0.008663179650902748,0,0,True,0.09181522162026033,0.0655083501827691
717.68,11.979146003723145,-0.03282873332500458,3.0981024708386578,-7.92221169735519e-05,0.00019330616537187483,-0.0009198502587581963,0.0002987798543830168,0.0010363303082733504,-0.006182594150304795,-0.004776763617992402,0,0,True,0.13216689345751043,-0.03957477940030589
717.7,11.97907543182373,-0.032851554453372955,3.098180143383386,0.00026226976676677353,6.846350848350449e-05,0.0023746888481433197,0.0005450658390924049,0.0019374182105725915,-0.00514451313763857,-0.006249786578118801,0,0,True,0.12629900684553602,-0.05628798262633639
717.72,11.978951454162598,-0.032797519117593765,3.0980196202061436,-4.073072024304067e-05,-3.6251638527873224e-05,0.004542077317726961,-0.000726712289953632,-0.002608898397864265,0.0007045810669660569,0.001737530641257763,0,0,True,0.08119995730935128,-0.0289670790048977
717.74,11.978839874267578,-0.03282457962632179,3.0981233898717675,-0.00012202778969005605,-0.00011357912820119592,0.00583899722257435,-0.0003697602416322635,-0.0012796682104199689,0.0023480879701673987,0.0021320358477532864,0,0,True,0.03956964091581356,-0.0030333718842324563
717.76,11.978785514831543,-0.03275482356548309,3.0978937589668285,-0.0002422277384073534,2.185650582201906e-05,0.00557614632599323,-0.0003587088997964005,-0.0012810360121196511,0.002290290119126439,0.0007412683544680477,0,0,True,0.028833070194211417,0.09268762378962038
717.78,11.978610038757324,-0.03280170261859894,3.0980777699265527,-8.620942037884749e-06,-0.00010692313984528344,0.005540260121405525,0.00046291441176495203,0.0016947484598342157,-0.00027500270865857604,-7.153369951993228e-05,0,0,True,-0.017959797147566948,0.043066257388708375
717.8,11.978507041931152,-0.03274936228990555,3.097917137325174,-7.627869300385666e-05,-0.00010637965810757953,0.006848722933261777,0.0030129796843977267,0.004806111505298622,0.003602148480713368,0.003812671750783921,0,0,True,-0.008905885823402564,0.07932713089160424
717.82,11.978395462036133,-0.03284229710698128,3.0982589697485543,-6.97837276956658e-05,0.00010432130255084053,0.004402213450768259,0.0005674914852520309,0.002165632380678464,0.003453355021774769,0.0016717009991407397,0,0,True,-0.003817430940184829,-0.006614635967961142
717.84,11.978227615356445,-0.032971709966659546,3.0982782478872526,0.000351452683918585,-0.0003117931291718572,0.004863675460120661,0.0014833410499470623,0.005065134459211936,0.006369155496358872,0.004162552114576102,0,0,True,-0.02894445509828911,-0.11875721970841875
717.86,11.978256225585938,-0.03283180296421051,3.098251020517007,-1.4155920231062606e-05,7.898859899561519e-05,0.005234865646190583,0.0003521773840391805,0.0011655775823970536,0.002974478751420975,0.005216206461191178,0,0,True,0.010978528570798866,-0.057887789498995694
717.88,11.978113174438477,-0.032851070165634155,3.0983223480819113,0.00020378906293264413,0.00010600475201327724,0.004533166525397463,-0.00300763401271134,-0.004694466071379739,0.0020330374594777823,-0.0005356801301240921,0,0,True,-0.00299731326946217,-0.10489907290041357
717.9,11.977975845336914,-0.03285229951143265,3.098352215955146,0.0002982482888822625,0.00015952457368357444,0.0052804957364313695,-0.0007021358279470076,-0.00246539077923698,0.007282607853412629,0.007633015625178815,0,0,True,-0.04649589745838475,-0.06191428293086841
717.92,11.977875709533691,-0.03271563723683357,3.0979026906015426,-8.315104642961802e-05,0.00022089021898538845,0.004623890398563905,-0.0009579917746494985,-0.003326791372813517,0.007140948288142682,0.0072745484858751305,0,0,True,-0.07800709156846512,0.08264953019323945
717.94,11.977836608886719,-0.03275742381811142,3.098053789254668,-0.00023880027831306387,0.00043636310258052204,0.0015151938495178998,-0.0010909493246262071,-0.0037875650520749534,0.008884075060486794,0.00559891950339079,0,0,True,-0.12472679714303919,0.026180711015893962
717.96,11.977746963500977,-0.03275834769010544,3.098056204772086,-9.822725417789898e-05,2.3664818868778086e-05,-0.0017074008000829382,0.0005728493862527665,0.0019174963440827994,0.07041109867393971,0.001581098958849907,0,0,True,-0.15948912043441335,0.04020433658091647
717.98,11.977858543395996,-0.032759830355644226,3.09804921075098,-1.458714353787978e-05,-6.445706471126866e-05,-0.004697648035016871,-8.386722460175373e-05,-0.00037093389796439153,0.000806415299884975,0.0019894364662468435,0,0,True,-0.12474805152577625,0.04055630726190012
718.0,11.978010177612305,-0.032767366617918015,3.0980560903090693,5.407793222036109e-06,-0.00011635899077547181,-0.008135239236195692,-5.8428928783602996e-05,-0.00011044444633855397,-0.006013632714748383,-0.006600489802658559,0,0,True,-0.08008302161832782,-0.024417185888479805
718.02,11.978212356567383,-0.03276707977056503,3.098024114542831,8.397841284544098e-06,-0.00021634886329309708,-0.008464650272535124,-0.00016627090651238354,-0.0005430604711258945,-0.00897229939699173,-0.0101280115544796,0,0,True,-0.017619922052806047,0.013008476586832239
718.04,11.978397369384766,-0.03278200328350067,3.098047369216379,-2.471924085951687e-05,-0.00032746342690208086,-0.008114042529543338,2.7374460495918997e-06,-3.58785269938083e-05,-0.00897229939699173,-0.0101280115544796,0,0,True,0.0287021686912194,-0.01810007896006111
718.06,11.978535652160645,-0.032776035368442535,3.09800576591329,8.147347020875682e-06,-0.0001695322650446348,-0.006107241799240073,0.0002259812621382082,0.000669744228981241,-0.009078716896474362,-0.010435972437262537,-0.03,0,True,0.05398701123100959,0.06174631119628047
718.08,11.978658676147461,-0.03279584273695946,3.0980532200269097,-0.00011755337800650037,-0.00033426753856700703,-0.005839065740896965,9.644535197594764e-05,-0.0015584507631441833,-0.0039769899100065235,-0.0063715410232543955,-0.03,0,True,0.05008102037534827,0.022152435662719922
718.1,11.978699684143066,-0.032806430011987686,3.0980776940811494,-0.00018477547361183774,-0.000554762326719524,-0.004145689374052147,0.0012157432289649065,0.004396644424579071,-0.006197335496544838,-0.006623493917286396,-0.03,0,True,0.03124080110171233,-0.015555208932588169
718.12,11.978863716125488,-0.032810043543577194,3.0979226931553274,-2.5745943090485343e-05,-0.00026127978301396297,-0.004107560899513427,0.0006113037320824604,0.0017363163260246922,-0.0037923615239560606,-0.008986010178923608,-0.03,0,True,0.044275389886825466,0.08525010380632587
718.14,11.978862762451172,-0.03288763016462326,3.0983574974672563,-4.7417353344394715e-06,-0.0005019518505596809,-0.0036079777111018077,-0.00017202926187687595,-0.0005746724856264493,-0.0037923615239560606,-0.008986010178923608,-0.03,0,True,-0.015996722383575343,-0.06237219449300708
718.16,11.978984832763672,-0.03285904601216316,3.0981921253329916,7.57082304948333e-05,-0.00015144196163464246,-0.00229703454995415,0.0009637922663452859,0.005261557541355683,-0.003233109712600708,-0.0007107563689351083,-0.03,0,True,-0.027444631020960446,-0.002378349301141548
718.18,11.978988647460938,-0.03280515596270561,3.0980317202822993,-0.00028709825116984535,-0.00011902294420212428,-0.0054254271647370105,-8.593485870816726e-05,-0.0005931311348569575,-0.00036493554711341863,-0.00741539653390646,-0.03,0,True,-0.05044460757599897,0.004482023830484977
718.2,11.979043960571289,-0.0328950472176075,3.098343617758636,8.075439597439052e-05,-8.480698563729995e-05,-0.006303131381191386,0.0003448042505494157,0.001546048381933271,0.0011646512337028982,0.00019125025719404223,-0.03,0,True,-0.07279192589100791,-0.11629434487808177
718.22,11.979296684265137,-0.03289966285228729,3.0983100469764677,0.00020622784339193172,4.4800848474388016e-05,-0.00764354631718379,-0.00011388438615119196,-0.0002161105791874678,-0.00240895202383399,-0.002004165425896645,-0.03,0,True,0.015548054569525578,-0.015052392015271625
718.24,11.979487419128418,-0.03290840610861778,3.0983158092035463,0.00028673379162376817,0.00019768750244048832,-0.008120388621237762,-0.0012262300630056348,-0.004041990048895617,-0.0105694779753685,-0.011768007054924966,-0.03,0,True,0.03288341156152715,-0.03130579338381092
718.26,11.979599952697754,-0.032822512090206146,3.0980144314359643,-6.631531559972758e-05,0.00015489254299986578,-0.004181582799174328,0.00148957293574412,-0.0017973224960793038,-0.008607670515775682,-0.008553042523562909,-0.03,0,True,0.05959388128166748,0.05129787629352221
718.28,11.979697227478027,-0.03282514587044716,3.0980202585547247,-0.00038702804768212136,0.00018796800034337192,-0.0036724584562716064,-0.0003350478656577841,-0.0009584150887693246,-0.0034145466610789304,-0.007285022847354413,-0.03,0,True,0.07155966762837648,0.09249934321433276
718.3,11.979625701904297,-0.03303328901529312,3.0981662611767815,8.120729311821108e-05,-0.00030884593101250665,-0.0028760358146547272,-0.001089616473960088,0.003887719524290577,-0.0036076052300632005,-0.005584645196795464,-0.03,0,True,0.003700244336610647,0.0013396559924883364
718.32,11.979782104492188,-0.032894425094127655,3.0982391359964447,0.0002811248932018349,4.8166450272474775e-05,-0.0023956152109647147,0.001036947650977727,0.003357957408254789,-0.0025045412965118887,1.5642568469047548e-05,-0.03,0,True,0.012333800613333636,-0.021731594990496286
718.34,11.979833602905273,-0.03274541348218918,3.0983254489979077,-0.0002688786272559952,2.1712134572329718e-05,-0.0038855632522453248,-0.0025797642938935384,-0.001690150016680182,-0.005806468687951565,-0.00787254672497511,-0.03,0,True,0.0006072375614966068,-0.09602731202696914
718.36,11.97988510131836,-0.03291632980108261,3.0982888951473853,0.00014433341468635526,5.476003450177821e-05,-0.0026857544072044106,-0.000802379396790656,-0.0026969426880099167,-0.0026816156879067425,-0.00353055177256465,-0.03,0,True,-0.0022740788683604934,-0.040834905552180764
718.38,11.979945182800293,-0.032840546220541,3.098031049175447,-5.394310822762917e-05,7.054339478292619e-05,-0.002827456809734974,0.0010838216059695668,-0.003794465437870885,-0.0030026420764625076,-0.0033988180384039884,-0.03,0,True,0.025418431694097195,0.07645629126802878
718.4,11.979999542236328,-0.03283959627151489,3.098023380581404,-0.00025401427318072874,7.246264374082653e-05,-0.0025775415204333887,4.013348516947686e-06,9.116496408329899e-05,-0.0019130801782011988,-0.003991898279637099,-0.03,0,True,0.006798988811169295,0.07518004173503885
718.42,11.980055809020996,-0.03284188732504845,3.0980218917628783,-0.0005249938601516155,7.396621906402006e-05,-0.0018520887167193985,0.0008804509173341478,0.004426353284756557,-0.002599576432257891,-0.003933250643312932,-0.03,0,True,0.013234018959829856,0.049662660311175444
718.44,11.980091094970703,-0.03292563185095787,3.098296188344512,-4.065644931040818e-05,-2.8432290586192487e-06,-0.002141835302310589,0.0009644584083655216,0.0033174606507962684,-0.0030193215981125835,-0.0041972030140459545,-0.03,0,True,0.00989215901847068,-0.04000481060842429
718.46,11.980090141296387,-0.03291736915707588,3.0983851574382277,7.781316201271251e-05,-0.00018441075684015267,-0.0017687352929480437,6.452391265136421e-05,0.00017854738702518272,-0.00363375136628747,-0.0031805377639830116,-0.03,0,True,-0.009058987680589943,-0.10868884136188486
718.48,11.980167388916016,-0.032924097031354904,3.098288777433468,0.00017119967169312118,-2.5709796663863704e-05,-0.0017861687989553295,-0.000910313969681338,-0.0031092198845922817,-0.003030525203794241,-0.0023217269591987136,-0.03,0,True,-0.00020172515853093172,-0.07909069010056559
718.5,11.980196952819824,-0.032853156328201294,3.0980361755538404,-0.00016848487842185657,-9.441457422974609e-05,-0.0025768077311669646,-0.0008341153565127278,-0.004268754024198681,-0.003964690025895834,-0.005765002295374871,-0.03,0,True,-0.019118743003341362,-0.007604522403659416
718.52,11.980237007141113,-0.032859060913324356,3.0980474507537448,-0.00035366098417368813,-0.00010160773307733311,-0.0021579733149930487,-0.0008619803361124708,-0.003009794557243224,-0.002159924451261759,-0.003582497220486403,-0.03,0,True,-0.007495054344856399,0.037108723661694654
718.54,11.98029899597168,-0.0328596793115139,3.098043657116292,-5.597251301445879e-05,-8.503113266427839e-05,-0.0032982347332139615,-0.00016055200920529574,-0.00042981440526701714,-0.0032986874505877496,-0.003944344725459814,-0.03,0,True,0.0016147489822713828,0.04117265763981565
718.56,11.980342864990234,-0.032862719148397446,3.0980479938688887,-0.00010061347642077262,-8.422656149900616e-05,-0.002385773146543296,-1.548702017241026e-05,-0.00014052199165940943,-0.0035101759620010855,-0.004693088810890913,-0.03,0,True,-0.0031920161125259016,0.02666877644145869
718.58,11.980461120605469,-0.03285181149840355,3.098001790401419,-0.0002500474041443441,0.00016999307711662812,-0.002447627812585188,-0.0002388557282621904,-0.0009749414130117435,-0.0034947215393185617,-0.0037693887017667296,-0.03,0,True,0.02944695969027226,0.001638316333908663
718.6,11.980427742004395,-0.03286613151431084,3.098036208994412,-9.046900548667968e-06,-0.00014304809499808563,-0.0024133346039952514,-0.00020446281425573124,-0.0008762924419254371,-0.0038084240630269052,-0.014302022308111192,-0.03,0,True,0.012928299751510148,-0.007355743991346735
718.62,11.98049545288086,-0.03284912183880806,3.097965661803251,3.681268663946766e-05,-0.0001350353000403895,-0.0009424779579909756,-3.948422346805061e-06,-0.00029874909855425705,-0.002277085557579994,-0.00044131439179182055,-0.03,0,True,0.024155365493105443,0.01409749739445526
718.64,11.980536460876465,-0.03285478428006172,3.0979778904735347,-7.690554437003682e-05,-0.0002441503680689684,-0.001351509166421955,-0.00020095860000513853,-0.0007289815109674493,-0.003687390256673098,-0.005439205765724183,-0.03,0,True,0.030166682549968078,0.010953655524077927
718.66,11.980536460876465,-0.03285478428006172,3.0979778904735347,-7.690554437003682e-05,-0.0002441503680689684,-0.0005151985731385101,4.836336752621069e-05,0.00015285837854365166,-0.003707562927156687,-0.004637051224708558,-0.03,0,True,0.011780974474881167,0.0037343637319263026
718.68,11.980536460876465,-0.03285478428006172,3.0979778904735347,-7.690554437003682e-05,-0.0002441503680689684,0.0,-0.0,0.0,-0.0059460879862308505,-0.007178857773542405,-0.03,0,True,0.016893864580265795,0.009112268887088455
718.7,11.980536460876465,-0.03285478428006172,3.0979778904735347,-7.690554437003682e-05,-0.0002441503680689684,0.0,-0.0,0.0,-0.0059460879862308505,-0.007178857773542405,-0.03,0,True,0.006439982164228081,-0.0019107297317946682
718.72,11.980536460876465,-0.03285478428006172,3.0979778904735347,-7.690554437003682e-05,-0.0002441503680689684,0.0,-0.0,0.0,-0.0059460879862308505,-0.007178857773542405,-0.03,0,True,0.0,0.0
718.74,11.980536460876465,-0.03285478428006172,3.0979778904735347,-7.690554437003682e-05,-0.0002441503680689684,0.0,-0.0,0.0,-0.0059460879862308505,-0.007178857773542405,-0.03,0,True,0.0,0.0
718.76,11.980536460876465,-0.03285478428006172,3.0979778904735347,-7.690554437003682e-05,-0.0002441503680689684,0.0,-0.0,0.0,-0.0059460879862308505,-0.007178857773542405,-0.03,0,True,0.0,0.0
718.78,11.980536460876465,-0.03285478428006172,3.0979778904735347,-7.690554437003682e-05,-0.0002441503680689684,0.0,-0.0,0.0,-0.0059460879862308505,-0.007178857773542405,-0.03,0,True,0.0,0.0
718.8,11.980536460876465,-0.03285478428006172,3.0979778904735347,-7.690554437003682e-05,-0.0002441503680689684,0.0,-0.0,0.0,-0.0059460879862308505,-0.007178857773542405,-0.03,0,True,0.0,0.0
718.82,11.980536460876465,-0.03285478428006172,3.0979778904735347,-7.690554437003682e-05,-0.0002441503680689684,0.0,-0.0,0.0,-0.0059460879862308505,-0.007178857773542405,-0.03,0,True,0.0,0.0
718.84,11.980536460876465,-0.03285478428006172,3.0979778904735347,-7.690554437003682e-05,-0.0002441503680689684,0.0,-0.0,0.0,-0.0059460879862308505,-0.007178857773542405,-0.03,0,True,0.0,0.0
718.86,11.980536460876465,-0.03285478428006172,3.0979778904735347,-7.690554437003682e-05,-0.0002441503680689684,0.0,-0.0,0.0,-0.0059460879862308505,-0.007178857773542405,-0.03,0,True,0.0,0.0
718.88,11.980536460876465,-0.03285478428006172,3.0979778904735347,-7.690554437003682e-05,-0.0002441503680689684,0.0,-0.0,0.0,-0.0059460879862308505,-0.007178857773542405,-0.03,0,True,0.0,0.0
718.9,11.980536460876465,-0.03285478428006172,3.0979778904735347,-7.690554437003682e-05,-0.0002441503680689684,0.0,-0.0,0.0,-0.0059460879862308505,-0.007178857773542405,-0.03,0,True,0.0,0.0
718.92,11.980536460876465,-0.03285478428006172,3.0979778904735347,-7.690554437003682e-05,-0.0002441503680689684,0.0,-0.0,0.0,-0.0059460879862308505,-0.007178857773542405,-0.03,0,True,0.0,0.0
718.94,11.980536460876465,-0.03285478428006172,3.0979778904735347,-7.690554437003682e-05,-0.0002441503680689684,0.0,-0.0,0.0,-0.0059460879862308505,-0.007178857773542405,-0.03,0,True,0.0,0.0
718.96,11.980536460876465,-0.03285478428006172,3.0979778904735347,-7.690554437003682e-05,-0.0002441503680689684,0.0,-0.0,0.0,-0.0059460879862308505,-0.007178857773542405,-0.03,0,True,0.0,0.0
718.98,11.980536460876465,-0.03285478428006172,3.0979778904735347,-7.690554437003682e-05,-0.0002441503680689684,0.0,-0.0,0.0,-0.0059460879862308505,-0.007178857773542405,-0.03,0,True,0.0,0.0
719.0,11.980536460876465,-0.03285478428006172,3.0979778904735347,-7.690554437003682e-05,-0.0002441503680689684,0.0,-0.0,0.0,-0.0059460879862308505,-0.007178857773542405,-0.03,0,True,0.0,0.0
719.02,11.980536460876465,-0.03285478428006172,3.0979778904735347,-7.690554437003682e-05,-0.0002441503680689684,0.0,-0.0,0.0,-0.0059460879862308505,-0.007178857773542405,-0.03,0,True,0.0,0.0
719.04,11.980536460876465,-0.03285478428006172,3.0979778904735347,-7.690554437003682e-05,-0.0002441503680689684,0.0,-0.0,0.0,-0.0059460879862308505,-0.007178857773542405,-0.03,0,True,0.0,0.0
719.06,11.980536460876465,-0.03285478428006172,3.0979778904735347,-7.690554437003682e-05,-0.0002441503680689684,0.0,-0.0,0.0,-0.0059460879862308505,-0.007178857773542405,-0.03,0,True,0.0,0.0
719.08,11.980536460876465,-0.03285478428006172,3.0979778904735347,-7.690554437003682e-05,-0.0002441503680689684,0.0,-0.0,0.0,-0.0059460879862308505,-0.007178857773542405,-0.03,0,True,0.0,0.0
719.1,11.980536460876465,-0.03285478428006172,3.0979778904735347,-7.690554437003682e-05,-0.0002441503680689684,0.0,-0.0,0.0,-0.0059460879862308505,-0.007178857773542405,-0.03,0,True,0.0,0.0
719.12,11.980536460876465,-0.03285478428006172,3.0979778904735347,-7.690554437003682e-05,-0.0002441503680689684,0.0,-0.0,0.0,-0.0059460879862308505,-0.007178857773542405,-0.03,0,True,0.0,0.0
719.14,11.980536460876465,-0.03285478428006172,3.0979778904735347,-7.690554437003682e-05,-0.0002441503680689684,0.0,-0.0,0.0,-0.0059460879862308505,-0.007178857773542405,-0.03,0,True,0.0,0.0
719.16,11.980536460876465,-0.03285478428006172,3.0979778904735347,-7.690554437003682e-05,-0.0002441503680689684,0.0,-0.0,0.0,-0.0059460879862308505,-0.007178857773542405,-0.03,0,True,0.0,0.0
719.18,11.980536460876465,-0.03285478428006172,3.0979778904735347,-7.690554437003682e-05,-0.0002441503680689684,0.0,-0.0,0.0,-0.0059460879862308505,-0.007178857773542405,-0.03,0,True,0.0,0.0
719.2,11.980536460876465,-0.03285478428006172,3.0979778904735347,-7.690554437003682e-05,-0.0002441503680689684,0.0,-0.0,0.0,-0.0059460879862308505,-0.007178857773542405,-0.03,0,True,0.0,0.0
719.22,11.980536460876465,-0.03285478428006172,3.0979778904735347,-7.690554437003682e-05,-0.0002441503680689684,0.0,-0.0,0.0,-0.0059460879862308505,-0.007178857773542405,-0.03,0,True,0.0,0.0
719.24,11.980536460876465,-0.03285478428006172,3.0979778904735347,-7.690554437003682e-05,-0.0002441503680689684,0.0,-0.0,0.0,-0.0059460879862308505,-0.007178857773542405,-0.03,0,True,0.0,0.0
719.26,11.980536460876465,-0.03285478428006172,3.0979778904735347,-7.690554437003682e-05,-0.0002441503680689684,0.0,-0.0,0.0,-0.0059460879862308505,-0.007178857773542405,-0.03,0,True,0.0,0.0
719.28,11.980536460876465,-0.03285478428006172,3.0979778904735347,-7.690554437003682e-05,-0.0002441503680689684,0.0,-0.0,0.0,-0.0059460879862308505,-0.007178857773542405,-0.03,0,True,0.0,0.0
719.3,11.980536460876465,-0.03285478428006172,3.0979778904735347,-7.690554437003682e-05,-0.0002441503680689684,0.0,-0.0,0.0,-0.0059460879862308505,-0.007178857773542405,-0.03,0,True,0.0,0.0
719.32,11.980536460876465,-0.03285478428006172,3.0979778904735347,-7.690554437003682e-05,-0.0002441503680689684,0.0,-0.0,0.0,-0.0059460879862308505,-0.007178857773542405,-0.03,0,True,0.0,0.0
719.34,11.980536460876465,-0.03285478428006172,3.0979778904735347,-7.690554437003682e-05,-0.0002441503680689684,0.0,-0.0,0.0,-0.0059460879862308505,-0.007178857773542405,-0.03,0,True,0.0,0.0
719.36,11.980536460876465,-0.03285478428006172,3.0979778904735347,-7.690554437003682e-05,-0.0002441503680689684,0.0,-0.0,0.0,-0.0059460879862308505,-0.007178857773542405,-0.03,0,True,0.0,0.0
719.38,11.980536460876465,-0.03285478428006172,3.0979778904735347,-7.690554437003682e-05,-0.0002441503680689684,0.0,-0.0,0.0,-0.0059460879862308505,-0.007178857773542405,-0.03,0,True,0.0,0.0
719.4,11.980536460876465,-0.03285478428006172,3.0979778904735347,-7.690554437003682e-05,-0.0002441503680689684,0.0,-0.0,0.0,-0.0059460879862308505,-0.007178857773542405,-0.03,0,True,0.0,0.0
719.42,11.980536460876465,-0.03285478428006172,3.0979778904735347,-7.690554437003682e-05,-0.0002441503680689684,0.0,-0.0,0.0,-0.0059460879862308505,-0.007178857773542405,-0.03,0,True,0.0,0.0
719.44,11.980536460876465,-0.03285478428006172,3.0979778904735347,-7.690554437003682e-05,-0.0002441503680689684,0.0,-0.0,0.0,-0.0059460879862308505,-0.007178857773542405,-0.03,0,True,0.0,0.0
719.46,11.980536460876465,-0.03285478428006172,3.0979778904735347,-7.690554437003682e-05,-0.0002441503680689684,0.0,-0.0,0.0,-0.0059460879862308505,-0.007178857773542405,-0.03,0,True,0.0,0.0
719.48,11.980536460876465,-0.03285478428006172,3.0979778904735347,-7.690554437003682e-05,-0.0002441503680689684,0.0,-0.0,0.0,-0.0059460879862308505,-0.007178857773542405,-0.03,0,True,0.0,0.0
719.5,11.980536460876465,-0.03285478428006172,3.0979778904735347,-7.690554437003682e-05,-0.0002441503680689684,0.0,-0.0,0.0,-0.0059460879862308505,-0.007178857773542405,-0.03,0,True,0.0,0.0
719.52,11.980536460876465,-0.03285478428006172,3.0979778904735347,-7.690554437003682e-05,-0.0002441503680689684,0.0,-0.0,0.0,-0.0059460879862308505,-0.007178857773542405,-0.03,0,True,0.0,0.0
719.54,11.980536460876465,-0.03285478428006172,3.0979778904735347,-7.690554437003682e-05,-0.0002441503680689684,0.0,-0.0,0.0,-0.0059460879862308505,-0.007178857773542405,-0.03,0,True,0.0,0.0
719.56,11.980536460876465,-0.03285478428006172,3.0979778904735347,-7.690554437003682e-05,-0.0002441503680689684,0.0,-0.0,0.0,-0.0059460879862308505,-0.007178857773542405,-0.03,0,True,0.0,0.0
719.58,11.980536460876465,-0.03285478428006172,3.0979778904735347,-7.690554437003682e-05,-0.0002441503680689684,0.0,-0.0,0.0,-0.0059460879862308505,-0.007178857773542405,-0.03,0,True,0.0,0.0
719.6,11.980536460876465,-0.03285478428006172,3.0979778904735347,-7.690554437003682e-05,-0.0002441503680689684,0.0,-0.0,0.0,-0.0059460879862308505,-0.007178857773542405,-0.03,0,True,0.0,0.0
719.62,11.980536460876465,-0.03285478428006172,3.0979778904735347,-7.690554437003682e-05,-0.0002441503680689684,0.0,-0.0,0.0,-0.0059460879862308505,-0.007178857773542405,-0.03,0,True,0.0,0.0
719.64,11.980536460876465,-0.03285478428006172,3.0979778904735347,-7.690554437003682e-05,-0.0002441503680689684,0.0,-0.0,0.0,-0.0059460879862308505,-0.007178857773542405,-0.03,0,True,0.0,0.0
719.66,11.980536460876465,-0.03285478428006172,3.0979778904735347,-7.690554437003682e-05,-0.0002441503680689684,0.0,-0.0,0.0,-0.0059460879862308505,-0.007178857773542405,-0.03,0,True,0.0,0.0
719.68,11.980536460876465,-0.03285478428006172,3.0979778904735347,-7.690554437003682e-05,-0.0002441503680689684,0.0,-0.0,0.0,-0.0059460879862308505,-0.007178857773542405,-0.03,0,True,0.0,0.0
719.7,11.980536460876465,-0.03285478428006172,3.0979778904735347,-7.690554437003682e-05,-0.0002441503680689684,0.0,-0.0,0.0,-0.0059460879862308505,-0.007178857773542405,-0.03,0,True,0.0,0.0
719.72,11.980536460876465,-0.03285478428006172,3.0979778904735347,-7.690554437003682e-05,-0.0002441503680689684,0.0,-0.0,0.0,-0.0059460879862308505,-0.007178857773542405,-0.03,0,True,0.0,0.0
719.74,11.980536460876465,-0.03285478428006172,3.0979778904735347,-7.690554437003682e-05,-0.0002441503680689684,0.0,-0.0,0.0,-0.0059460879862308505,-0.007178857773542405,-0.03,0,True,0.0,0.0
719.76,11.980536460876465,-0.03285478428006172,3.0979778904735347,-7.690554437003682e-05,-0.0002441503680689684,0.0,-0.0,0.0,-0.0059460879862308505,-0.007178857773542405,-0.03,0,True,0.0,0.0
719.78,11.980536460876465,-0.03285478428006172,3.0979778904735347,-7.690554437003682e-05,-0.0002441503680689684,0.0,-0.0,0.0,-0.0059460879862308505,-0.007178857773542405,-0.03,0,True,0.0,0.0
719.8,11.980536460876465,-0.03285478428006172,3.0979778904735347,-7.690554437003682e-05,-0.0002441503680689684,0.0,-0.0,0.0,-0.0059460879862308505,-0.007178857773542405,-0.03,0,True,0.0,0.0
719.82,11.980536460876465,-0.03285478428006172,3.0979778904735347,-7.690554437003682e-05,-0.0002441503680689684,0.0,-0.0,0.0,-0.0059460879862308505,-0.007178857773542405,-0.03,0,True,0.0,0.0
719.84,11.980536460876465,-0.03285478428006172,3.0979778904735347,-7.690554437003682e-05,-0.0002441503680689684,0.0,-0.0,0.0,-0.0059460879862308505,-0.007178857773542405,-0.03,0,True,0.0,0.0
719.86,11.980536460876465,-0.03285478428006172,3.0979778904735347,-7.690554437003682e-05,-0.0002441503680689684,0.0,-0.0,0.0,-0.0059460879862308505,-0.007178857773542405,-0.03,0,True,0.0,0.0
719.88,11.980536460876465,-0.03285478428006172,3.0979778904735347,-7.690554437003682e-05,-0.0002441503680689684,0.0,-0.0,0.0,-0.0059460879862308505,-0.007178857773542405,-0.03,0,True,0.0,0.0
719.9,11.980536460876465,-0.03285478428006172,3.0979778904735347,-7.690554437003682e-05,-0.0002441503680689684,0.0,-0.0,0.0,-0.0059460879862308505,-0.007178857773542405,-0.03,0,True,0.0,0.0
719.92,11.980536460876465,-0.03285478428006172,3.0979778904735347,-7.690554437003682e-05,-0.0002441503680689684,0.0,-0.0,0.0,-0.0059460879862308505,-0.007178857773542405,-0.03,0,True,0.0,0.0
719.94,11.980536460876465,-0.03285478428006172,3.0979778904735347,-7.690554437003682e-05,-0.0002441503680689684,0.0,-0.0,0.0,-0.0059460879862308505,-0.007178857773542405,-0.03,0,True,0.0,0.0
719.96,11.980536460876465,-0.03285478428006172,3.0979778904735347,-7.690554437003682e-05,-0.0002441503680689684,0.0,-0.0,0.0,-0.0059460879862308505,-0.007178857773542405,-0.03,0,True,0.0,0.0
719.98,11.980536460876465,-0.03285478428006172,3.0979778904735347,-7.690554437003682e-05,-0.0002441503680689684,0.0,-0.0,0.0,-0.0059460879862308505,-0.007178857773542405,-0.03,0,True,0.0,0.0
720.0,11.980536460876465,-0.03285478428006172,3.0979778904735347,-7.690554437003682e-05,-0.0002441503680689684,0.0,-0.0,0.0,-0.0059460879862308505,-0.007178857773542405,-0.03,0,True,0.0,0.0
720.02,11.980536460876465,-0.03285478428006172,3.0979778904735347,-7.690554437003682e-05,-0.0002441503680689684,0.0,-0.0,0.0,-0.0059460879862308505,-0.007178857773542405,-0.03,0,True,0.0,0.0
720.04,11.980536460876465,-0.03285478428006172,3.0979778904735347,-7.690554437003682e-05,-0.0002441503680689684,0.0,-0.0,0.0,-0.0059460879862308505,-0.007178857773542405,-0.03,0,True,0.0,0.0
720.06,11.980536460876465,-0.03285478428006172,3.0979778904735347,-7.690554437003682e-05,-0.0002441503680689684,0.0,-0.0,0.0,-0.0059460879862308505,-0.007178857773542405,-0.03,0,True,0.0,0.0
720.08,11.980536460876465,-0.03285478428006172,3.0979778904735347,-7.690554437003682e-05,-0.0002441503680689684,0.0,-0.0,0.0,-0.0059460879862308505,-0.007178857773542405,-0.03,0,True,0.0,0.0
720.1,11.980536460876465,-0.03285478428006172,3.0979778904735347,-7.690554437003682e-05,-0.0002441503680689684,0.0,-0.0,0.0,-0.0059460879862308505,-0.007178857773542405,-0.03,0,True,0.0,0.0
720.12,11.980536460876465,-0.03285478428006172,3.0979778904735347,-7.690554437003682e-05,-0.0002441503680689684,0.0,-0.0,0.0,-0.0059460879862308505,-0.007178857773542405,-0.03,0,True,0.0,0.0
720.14,11.980536460876465,-0.03285478428006172,3.0979778904735347,-7.690554437003682e-05,-0.0002441503680689684,0.0,-0.0,0.0,-0.0059460879862308505,-0.007178857773542405,-0.03,0,True,0.0,0.0
720.16,11.980536460876465,-0.03285478428006172,3.0979778904735347,-7.690554437003682e-05,-0.0002441503680689684,0.0,-0.0,0.0,-0.0059460879862308505,-0.007178857773542405,-0.03,0,True,0.0,0.0
720.18,11.980536460876465,-0.03285478428006172,3.0979778904735347,-7.690554437003682e-05,-0.0002441503680689684,0.0,-0.0,0.0,-0.0059460879862308505,-0.007178857773542405,-0.03,0,True,0.0,0.0
720.2,11.980536460876465,-0.03285478428006172,3.0979778904735347,-7.690554437003682e-05,-0.0002441503680689684,0.0,-0.0,0.0,-0.0059460879862308505,-0.007178857773542405,-0.03,0,True,0.0,0.0
720.22,11.980536460876465,-0.03285478428006172,3.0979778904735347,-7.690554437003682e-05,-0.0002441503680689684,0.0,-0.0,0.0,-0.0059460879862308505,-0.007178857773542405,-0.03,0,True,0.0,0.0
720.24,11.980536460876465,-0.03285478428006172,3.0979778904735347,-7.690554437003682e-05,-0.0002441503680689684,0.0,-0.0,0.0,-0.0059460879862308505,-0.007178857773542405,-0.03,0,True,0.0,0.0
720.26,11.980536460876465,-0.03285478428006172,3.0979778904735347,-7.690554437003682e-05,-0.0002441503680689684,0.0,-0.0,0.0,-0.0059460879862308505,-0.007178857773542405,-0.03,0,True,0.0,0.0
720.28,11.980536460876465,-0.03285478428006172,3.0979778904735347,-7.690554437003682e-05,-0.0002441503680689684,0.0,-0.0,0.0,-0.0059460879862308505,-0.007178857773542405,-0.03,0,True,0.0,0.0
720.3,11.980536460876465,-0.03285478428006172,3.0979778904735347,-7.690554437003682e-05,-0.0002441503680689684,0.0,-0.0,0.0,-0.0059460879862308505,-0.007178857773542405,-0.03,0,True,0.0,0.0
720.32,11.980536460876465,-0.03285478428006172,3.0979778904735347,-7.690554437003682e-05,-0.0002441503680689684,0.0,-0.0,0.0,-0.0059460879862308505,-0.007178857773542405,-0.03,0,True,0.0,0.0
720.34,11.980536460876465,-0.03285478428006172,3.0979778904735347,-7.690554437003682e-05,-0.0002441503680689684,0.0,-0.0,0.0,-0.0059460879862308505,-0.007178857773542405,-0.03,0,True,0.0,0.0
720.36,11.980536460876465,-0.03285478428006172,3.0979778904735347,-7.690554437003682e-05,-0.0002441503680689684,0.0,-0.0,0.0,-0.0059460879862308505,-0.007178857773542405,-0.03,0,True,0.0,0.0
720.38,11.980536460876465,-0.03285478428006172,3.0979778904735347,-7.690554437003682e-05,-0.0002441503680689684,0.0,-0.0,0.0,-0.0059460879862308505,-0.007178857773542405,-0.03,0,True,0.0,0.0
720.4,11.980536460876465,-0.03285478428006172,3.0979778904735347,-7.690554437003682e-05,-0.0002441503680689684,0.0,-0.0,0.0,-0.0059460879862308505,-0.007178857773542405,-0.03,0,True,0.0,0.0
720.42,11.980536460876465,-0.03285478428006172,3.0979778904735347,-7.690554437003682e-05,-0.0002441503680689684,0.0,-0.0,0.0,-0.0059460879862308505,-0.007178857773542405,-0.03,0,True,0.0,0.0
720.44,11.980536460876465,-0.03285478428006172,3.0979778904735347,-7.690554437003682e-05,-0.0002441503680689684,0.0,-0.0,0.0,-0.0059460879862308505,-0.007178857773542405,-0.03,0,True,0.0,0.0
720.46,11.980536460876465,-0.03285478428006172,3.0979778904735347,-7.690554437003682e-05,-0.0002441503680689684,0.0,-0.0,0.0,-0.0059460879862308505,-0.007178857773542405,-0.03,0,True,0.0,0.0
720.48,11.980536460876465,-0.03285478428006172,3.0979778904735347,-7.690554437003682e-05,-0.0002441503680689684,0.0,-0.0,0.0,-0.0059460879862308505,-0.007178857773542405,-0.03,0,True,0.0,0.0
720.5,11.980536460876465,-0.03285478428006172,3.0979778904735347,-7.690554437003682e-05,-0.0002441503680689684,0.0,-0.0,0.0,-0.0059460879862308505,-0.007178857773542405,-0.03,0,True,0.0,0.0
720.52,11.980536460876465,-0.03285478428006172,3.0979778904735347,-7.690554437003682e-05,-0.0002441503680689684,0.0,-0.0,0.0,-0.0059460879862308505,-0.007178857773542405,-0.03,0,True,0.0,0.0
720.54,11.980536460876465,-0.03285478428006172,3.0979778904735347,-7.690554437003682e-05,-0.0002441503680689684,0.0,-0.0,0.0,-0.0059460879862308505,-0.007178857773542405,-0.03,0,True,0.0,0.0
720.56,11.980536460876465,-0.03285478428006172,3.0979778904735347,-7.690554437003682e-05,-0.0002441503680689684,0.0,-0.0,0.0,-0.0059460879862308505,-0.007178857773542405,-0.03,0,True,0.0,0.0
720.58,11.980536460876465,-0.03285478428006172,3.0979778904735347,-7.690554437003682e-05,-0.0002441503680689684,0.0,-0.0,0.0,-0.0059460879862308505,-0.007178857773542405,-0.03,0,True,0.0,0.0
720.6,11.980536460876465,-0.03285478428006172,3.0979778904735347,-7.690554437003682e-05,-0.0002441503680689684,0.0,-0.0,0.0,-0.0059460879862308505,-0.007178857773542405,-0.03,0,True,0.0,0.0
720.62,11.980536460876465,-0.03285478428006172,3.0979778904735347,-7.690554437003682e-05,-0.0002441503680689684,0.0,-0.0,0.0,-0.0059460879862308505,-0.007178857773542405,-0.03,0,True,0.0,0.0
720.64,11.980536460876465,-0.03285478428006172,3.0979778904735347,-7.690554437003682e-05,-0.0002441503680689684,0.0,-0.0,0.0,-0.0059460879862308505,-0.007178857773542405,-0.03,0,True,0.0,0.0
720.66,11.980536460876465,-0.03285478428006172,3.0979778904735347,-7.690554437003682e-05,-0.0002441503680689684,0.0,-0.0,0.0,-0.0059460879862308505,-0.007178857773542405,-0.03,0,True,0.0,0.0
720.68,11.980536460876465,-0.03285478428006172,3.0979778904735347,-7.690554437003682e-05,-0.0002441503680689684,0.0,-0.0,0.0,-0.0059460879862308505,-0.007178857773542405,-0.03,0,True,0.0,0.0
720.7,11.980536460876465,-0.03285478428006172,3.0979778904735347,-7.690554437003682e-05,-0.0002441503680689684,0.0,-0.0,0.0,-0.0059460879862308505,-0.007178857773542405,-0.03,0,True,0.0,0.0
720.72,11.980536460876465,-0.03285478428006172,3.0979778904735347,-7.690554437003682e-05,-0.0002441503680689684,0.0,-0.0,0.0,-0.0059460879862308505,-0.007178857773542405,-0.03,0,True,0.0,0.0
720.74,11.980536460876465,-0.03285478428006172,3.0979778904735347,-7.690554437003682e-05,-0.0002441503680689684,0.0,-0.0,0.0,-0.0059460879862308505,-0.007178857773542405,-0.03,0,True,0.0,0.0
720.76,11.980536460876465,-0.03285478428006172,3.0979778904735347,-7.690554437003682e-05,-0.0002441503680689684,0.0,-0.0,0.0,-0.0059460879862308505,-0.007178857773542405,-0.03,0,True,0.0,0.0
720.78,11.980536460876465,-0.03285478428006172,3.0979778904735347,-7.690554437003682e-05,-0.0002441503680689684,0.0,-0.0,0.0,-0.0059460879862308505,-0.007178857773542405,-0.03,0,True,0.0,0.0
720.8,11.980536460876465,-0.03285478428006172,3.0979778904735347,-7.690554437003682e-05,-0.0002441503680689684,0.0,-0.0,0.0,-0.0059460879862308505,-0.007178857773542405,-0.03,0,True,0.0,0.0
720.82,11.980536460876465,-0.03285478428006172,3.0979778904735347,-7.690554437003682e-05,-0.0002441503680689684,0.0,-0.0,0.0,-0.0059460879862308505,-0.007178857773542405,-0.03,0,True,0.0,0.0
720.84,11.980536460876465,-0.03285478428006172,3.0979778904735347,-7.690554437003682e-05,-0.0002441503680689684,0.0,-0.0,0.0,-0.0059460879862308505,-0.007178857773542405,-0.03,0,True,0.0,0.0
720.86,11.980536460876465,-0.03285478428006172,3.0979778904735347,-7.690554437003682e-05,-0.0002441503680689684,0.0,-0.0,0.0,-0.0059460879862308505,-0.007178857773542405,-0.03,0,True,0.0,0.0
720.88,11.980536460876465,-0.03285478428006172,3.0979778904735347,-7.690554437003682e-05,-0.0002441503680689684,0.0,-0.0,0.0,-0.0059460879862308505,-0.007178857773542405,-0.03,0,True,0.0,0.0
720.9,11.980536460876465,-0.03285478428006172,3.0979778904735347,-7.690554437003682e-05,-0.0002441503680689684,0.0,-0.0,0.0,-0.0059460879862308505,-0.007178857773542405,-0.03,0,True,0.0,0.0
720.92,11.980536460876465,-0.03285478428006172,3.0979778904735347,-7.690554437003682e-05,-0.0002441503680689684,0.0,-0.0,0.0,-0.0059460879862308505,-0.007178857773542405,-0.03,0,True,0.0,0.0
720.94,11.980536460876465,-0.03285478428006172,3.0979778904735347,-7.690554437003682e-05,-0.0002441503680689684,0.0,-0.0,0.0,-0.0059460879862308505,-0.007178857773542405,-0.03,0,True,0.0,0.0
720.96,11.980536460876465,-0.03285478428006172,3.0979778904735347,-7.690554437003682e-05,-0.0002441503680689684,0.0,-0.0,0.0,-0.0059460879862308505,-0.007178857773542405,-0.03,0,True,0.0,0.0
720.98,11.980536460876465,-0.03285478428006172,3.0979778904735347,-7.690554437003682e-05,-0.0002441503680689684,0.0,-0.0,0.0,-0.0059460879862308505,-0.007178857773542405,-0.03,0,True,0.0,0.0
721.0,11.980536460876465,-0.03285478428006172,3.0979778904735347,-7.690554437003682e-05,-0.0002441503680689684,0.0,-0.0,0.0,-0.0059460879862308505,-0.007178857773542405,-0.03,0,True,0.0,0.0
721.02,11.980536460876465,-0.03285478428006172,3.0979778904735347,-7.690554437003682e-05,-0.0002441503680689684,0.0,-0.0,0.0,-0.0059460879862308505,-0.007178857773542405,-0.03,0,True,0.0,0.0
721.04,11.980536460876465,-0.03285478428006172,3.0979778904735347,-7.690554437003682e-05,-0.0002441503680689684,0.0,-0.0,0.0,-0.0059460879862308505,-0.007178857773542405,-0.03,0,True,0.0,0.0
721.06,11.980536460876465,-0.03285478428006172,3.0979778904735347,-7.690554437003682e-05,-0.0002441503680689684,0.0,-0.0,0.0,-0.0059460879862308505,-0.007178857773542405,-0.03,0,True,0.0,0.0
721.08,11.980536460876465,-0.03285478428006172,3.0979778904735347,-7.690554437003682e-05,-0.0002441503680689684,0.0,-0.0,0.0,-0.0059460879862308505,-0.007178857773542405,-0.03,0,True,0.0,0.0
721.1,11.980536460876465,-0.03285478428006172,3.0979778904735347,-7.690554437003682e-05,-0.0002441503680689684,0.0,-0.0,0.0,-0.0059460879862308505,-0.007178857773542405,-0.03,0,True,0.0,0.0
721.12,11.980536460876465,-0.03285478428006172,3.0979778904735347,-7.690554437003682e-05,-0.0002441503680689684,0.0,-0.0,0.0,-0.0059460879862308505,-0.007178857773542405,-0.03,0,True,0.0,0.0
721.14,11.980536460876465,-0.03285478428006172,3.0979778904735347,-7.690554437003682e-05,-0.0002441503680689684,0.0,-0.0,0.0,-0.0059460879862308505,-0.007178857773542405,-0.03,0,True,0.0,0.0
721.16,11.980536460876465,-0.03285478428006172,3.0979778904735347,-7.690554437003682e-05,-0.0002441503680689684,0.0,-0.0,0.0,-0.0059460879862308505,-0.007178857773542405,-0.03,0,True,0.0,0.0
721.18,11.980536460876465,-0.03285478428006172,3.0979778904735347,-7.690554437003682e-05,-0.0002441503680689684,0.0,-0.0,0.0,-0.0059460879862308505,-0.007178857773542405,-0.03,0,True,0.0,0.0
721.2,11.980536460876465,-0.03285478428006172,3.0979778904735347,-7.690554437003682e-05,-0.0002441503680689684,0.0,-0.0,0.0,-0.0059460879862308505,-0.007178857773542405,-0.03,0,True,0.0,0.0
721.22,11.980536460876465,-0.03285478428006172,3.0979778904735347,-7.690554437003682e-05,-0.0002441503680689684,0.0,-0.0,0.0,-0.0059460879862308505,-0.007178857773542405,-0.03,0,True,0.0,0.0
721.24,11.980536460876465,-0.03285478428006172,3.0979778904735347,-7.690554437003682e-05,-0.0002441503680689684,0.0,-0.0,0.0,-0.0059460879862308505,-0.007178857773542405,-0.03,0,True,0.0,0.0
721.26,11.980536460876465,-0.03285478428006172,3.0979778904735347,-7.690554437003682e-05,-0.0002441503680689684,0.0,-0.0,0.0,-0.0059460879862308505,-0.007178857773542405,-0.03,0,True,0.0,0.0
721.28,11.980536460876465,-0.03285478428006172,3.0979778904735347,-7.690554437003682e-05,-0.0002441503680689684,0.0,-0.0,0.0,-0.0059460879862308505,-0.007178857773542405,-0.03,0,True,0.0,0.0
721.3,11.980536460876465,-0.03285478428006172,3.0979778904735347,-7.690554437003682e-05,-0.0002441503680689684,0.0,-0.0,0.0,-0.0059460879862308505,-0.007178857773542405,-0.03,0,True,0.0,0.0
721.32,11.980536460876465,-0.03285478428006172,3.0979778904735347,-7.690554437003682e-05,-0.0002441503680689684,0.0,-0.0,0.0,-0.0059460879862308505,-0.007178857773542405,-0.03,0,True,0.0,0.0
721.34,11.980536460876465,-0.03285478428006172,3.0979778904735347,-7.690554437003682e-05,-0.0002441503680689684,0.0,-0.0,0.0,-0.0059460879862308505,-0.007178857773542405,-0.03,0,True,0.0,0.0
721.36,11.980536460876465,-0.03285478428006172,3.0979778904735347,-7.690554437003682e-05,-0.0002441503680689684,0.0,-0.0,0.0,-0.0059460879862308505,-0.007178857773542405,-0.03,0,True,0.0,0.0
721.38,11.980536460876465,-0.03285478428006172,3.0979778904735347,-7.690554437003682e-05,-0.0002441503680689684,0.0,-0.0,0.0,-0.0059460879862308505,-0.007178857773542405,-0.03,0,True,0.0,0.0
721.4,11.980536460876465,-0.03285478428006172,3.0979778904735347,-7.690554437003682e-05,-0.0002441503680689684,0.0,-0.0,0.0,-0.0059460879862308505,-0.007178857773542405,-0.03,0,True,0.0,0.0
721.42,11.980536460876465,-0.03285478428006172,3.0979778904735347,-7.690554437003682e-05,-0.0002441503680689684,0.0,-0.0,0.0,-0.0059460879862308505,-0.007178857773542405,-0.03,0,True,0.0,0.0
721.44,11.980536460876465,-0.03285478428006172,3.0979778904735347,-7.690554437003682e-05,-0.0002441503680689684,0.0,-0.0,0.0,-0.0059460879862308505,-0.007178857773542405,-0.03,0,True,0.0,0.0
721.46,11.980536460876465,-0.03285478428006172,3.0979778904735347,-7.690554437003682e-05,-0.0002441503680689684,0.0,-0.0,0.0,-0.0059460879862308505,-0.007178857773542405,-0.03,0,True,0.0,0.0
721.48,11.980536460876465,-0.03285478428006172,3.0979778904735347,-7.690554437003682e-05,-0.0002441503680689684,0.0,-0.0,0.0,-0.0059460879862308505,-0.007178857773542405,-0.03,0,True,0.0,0.0
721.5,11.980536460876465,-0.03285478428006172,3.0979778904735347,-7.690554437003682e-05,-0.0002441503680689684,0.0,-0.0,0.0,-0.0059460879862308505,-0.007178857773542405,-0.03,0,True,0.0,0.0
721.52,11.980536460876465,-0.03285478428006172,3.0979778904735347,-7.690554437003682e-05,-0.0002441503680689684,0.0,-0.0,0.0,-0.0059460879862308505,-0.007178857773542405,-0.03,0,True,0.0,0.0
721.54,11.980536460876465,-0.03285478428006172,3.0979778904735347,-7.690554437003682e-05,-0.0002441503680689684,0.0,-0.0,0.0,-0.0059460879862308505,-0.007178857773542405,-0.03,0,True,0.0,0.0
721.56,11.980536460876465,-0.03285478428006172,3.0979778904735347,-7.690554437003682e-05,-0.0002441503680689684,0.0,-0.0,0.0,-0.0059460879862308505,-0.007178857773542405,-0.03,0,True,0.0,0.0
721.58,11.980536460876465,-0.03285478428006172,3.0979778904735347,-7.690554437003682e-05,-0.0002441503680689684,0.0,-0.0,0.0,-0.0059460879862308505,-0.007178857773542405,-0.03,0,True,0.0,0.0
721.6,11.980536460876465,-0.03285478428006172,3.0979778904735347,-7.690554437003682e-05,-0.0002441503680689684,0.0,-0.0,0.0,-0.0059460879862308505,-0.007178857773542405,-0.03,0,True,0.0,0.0
721.62,11.980536460876465,-0.03285478428006172,3.0979778904735347,-7.690554437003682e-05,-0.0002441503680689684,0.0,-0.0,0.0,-0.0059460879862308505,-0.007178857773542405,-0.03,0,True,0.0,0.0
721.64,11.980536460876465,-0.03285478428006172,3.0979778904735347,-7.690554437003682e-05,-0.0002441503680689684,0.0,-0.0,0.0,-0.0059460879862308505,-0.007178857773542405,-0.03,0,True,0.0,0.0
721.66,11.980536460876465,-0.03285478428006172,3.0979778904735347,-7.690554437003682e-05,-0.0002441503680689684,0.0,-0.0,0.0,-0.0059460879862308505,-0.007178857773542405,-0.03,0,True,0.0,0.0
721.68,11.980536460876465,-0.03285478428006172,3.0979778904735347,-7.690554437003682e-05,-0.0002441503680689684,0.0,-0.0,0.0,-0.0059460879862308505,-0.007178857773542405,-0.03,0,True,0.0,0.0
721.7,11.980536460876465,-0.03285478428006172,3.0979778904735347,-7.690554437003682e-05,-0.0002441503680689684,0.0,-0.0,0.0,-0.0059460879862308505,-0.007178857773542405,-0.03,0,True,0.0,0.0
721.72,11.980536460876465,-0.03285478428006172,3.0979778904735347,-7.690554437003682e-05,-0.0002441503680689684,0.0,-0.0,0.0,-0.0059460879862308505,-0.007178857773542405,-0.03,0,True,0.0,0.0
721.74,11.980536460876465,-0.03285478428006172,3.0979778904735347,-7.690554437003682e-05,-0.0002441503680689684,0.0,-0.0,0.0,-0.0059460879862308505,-0.007178857773542405,-0.03,0,True,0.0,0.0
721.76,11.980536460876465,-0.03285478428006172,3.0979778904735347,-7.690554437003682e-05,-0.0002441503680689684,0.0,-0.0,0.0,-0.0059460879862308505,-0.007178857773542405,-0.03,0,True,0.0,0.0
721.78,11.980536460876465,-0.03285478428006172,3.0979778904735347,-7.690554437003682e-05,-0.0002441503680689684,0.0,-0.0,0.0,-0.0059460879862308505,-0.007178857773542405,-0.03,0,True,0.0,0.0
721.8,11.980536460876465,-0.03285478428006172,3.0979778904735347,-7.690554437003682e-05,-0.0002441503680689684,0.0,-0.0,0.0,-0.0059460879862308505,-0.007178857773542405,-0.03,0,True,0.0,0.0
721.82,11.980536460876465,-0.03285478428006172,3.0979778904735347,-7.690554437003682e-05,-0.0002441503680689684,0.0,-0.0,0.0,-0.0059460879862308505,-0.007178857773542405,-0.03,0,True,0.0,0.0
721.84,11.980536460876465,-0.03285478428006172,3.0979778904735347,-7.690554437003682e-05,-0.0002441503680689684,0.0,-0.0,0.0,-0.0059460879862308505,-0.007178857773542405,-0.03,0,True,0.0,0.0
721.86,11.980536460876465,-0.03285478428006172,3.0979778904735347,-7.690554437003682e-05,-0.0002441503680689684,0.0,-0.0,0.0,-0.0059460879862308505,-0.007178857773542405,-0.03,0,True,0.0,0.0
721.88,11.980536460876465,-0.03285478428006172,3.0979778904735347,-7.690554437003682e-05,-0.0002441503680689684,0.0,-0.0,0.0,-0.0059460879862308505,-0.007178857773542405,-0.03,0,True,0.0,0.0
721.9,11.980536460876465,-0.03285478428006172,3.0979778904735347,-7.690554437003682e-05,-0.0002441503680689684,0.0,-0.0,0.0,-0.0059460879862308505,-0.007178857773542405,-0.03,0,True,0.0,0.0
721.92,11.980536460876465,-0.03285478428006172,3.0979778904735347,-7.690554437003682e-05,-0.0002441503680689684,0.0,-0.0,0.0,-0.0059460879862308505,-0.007178857773542405,-0.03,0,True,0.0,0.0
721.94,11.980536460876465,-0.03285478428006172,3.0979778904735347,-7.690554437003682e-05,-0.0002441503680689684,0.0,-0.0,0.0,-0.0059460879862308505,-0.007178857773542405,-0.03,0,True,0.0,0.0
721.96,11.980536460876465,-0.03285478428006172,3.0979778904735347,-7.690554437003682e-05,-0.0002441503680689684,0.0,-0.0,0.0,-0.0059460879862308505,-0.007178857773542405,-0.03,0,True,0.0,0.0
721.98,11.980536460876465,-0.03285478428006172,3.0979778904735347,-7.690554437003682e-05,-0.0002441503680689684,0.0,-0.0,0.0,-0.0059460879862308505,-0.007178857773542405,-0.03,0,True,0.0,0.0
722.0,11.980536460876465,-0.03285478428006172,3.0979778904735347,-7.690554437003682e-05,-0.0002441503680689684,0.0,-0.0,0.0,-0.0059460879862308505,-0.007178857773542405,-0.03,0,True,0.0,0.0
722.02,11.980536460876465,-0.03285478428006172,3.0979778904735347,-7.690554437003682e-05,-0.0002441503680689684,0.0,-0.0,0.0,-0.0059460879862308505,-0.007178857773542405,-0.03,0,True,0.0,0.0
722.04,11.980536460876465,-0.03285478428006172,3.0979778904735347,-7.690554437003682e-05,-0.0002441503680689684,0.0,-0.0,0.0,-0.0059460879862308505,-0.007178857773542405,0,0,True,0.0,0.0
722.06,11.980536460876465,-0.03285478428006172,3.0979778904735347,-7.690554437003682e-05,-0.0002441503680689684,0.0,-0.0,0.0,-0.0059460879862308505,-0.007178857773542405,0,0,True,0.0,0.0
722.08,11.980536460876465,-0.03285478428006172,3.0979778904735347,-7.690554437003682e-05,-0.0002441503680689684,0.0,-0.0,0.0,-0.0059460879862308505,-0.007178857773542405,0,0,True,0.0,0.0
722.1,11.980536460876465,-0.03285478428006172,3.0979778904735347,-7.690554437003682e-05,-0.0002441503680689684,0.0,-0.0,0.0,-0.0059460879862308505,-0.007178857773542405,0,0,True,0.0,0.0
722.12,11.980536460876465,-0.03285478428006172,3.0979778904735347,-7.690554437003682e-05,-0.0002441503680689684,0.0,-0.0,0.0,-0.0059460879862308505,-0.007178857773542405,0,0,True,-0.010704827003502705,-0.002514243123697858
722.14,11.980536460876465,-0.03285478428006172,3.0979778904735347,-7.690554437003682e-05,-0.0002441503680689684,0.0,-0.0,0.0,-0.0059460879862308505,-0.007178857773542405,0,0,True,0.0353886075864046,-0.002854639090458825
722.16,11.980536460876465,-0.03285478428006172,3.0979778904735347,-7.690554437003682e-05,-0.0002441503680689684,-0.0008563861602794375,-6.273086820212383e-05,-0.00020113944989564572,-0.0059460879862308505,-0.007178857773542405,0,0,True,0.09172695991973483,9.908038695039944e-06
722.18,11.980536460876465,-0.03285478428006172,3.0979778904735347,-7.690554437003682e-05,-0.0002441503680689684,0.002831088606909793,-7.192863079490187e-05,-0.0002283711272364983,-0.0059460879862308505,-0.007178857773542405,0,0,True,0.16086037881165258,0.005367711387310795
722.2,11.980605125427246,-0.03285275772213936,3.097961799317543,-3.125224422500637e-05,0.00015499044316458587,0.00733815679358254,4.540710326266862e-06,7.92643095603601e-07,-0.0059460879862308505,-0.007178857773542405,0,0,True,0.2612697382270338,0.014724330038437048
722.22,11.980310440063477,-0.03283916041254997,3.0979596207833557,-6.24229691688849e-06,-2.8142370600398594e-05,0.01286883030493879,0.00013985131879085285,0.00042941691098508333,0.002901850305497647,0.001872701980173588,0,0,True,0.2335555093895026,-0.002661052827540153
722.24,11.979949951171875,-0.032829541712999344,3.0979779538849823,8.407770180359434e-05,-2.3463242421039747e-05,0.02004519289789396,0.00029703665911476025,0.0009768069531799208,0.013154776841402056,0.012874179109930993,0,0,True,0.1787705773194252,0.006188419910265994
722.26,11.979507446289062,-0.03282105550169945,3.0980122438264135,0.0002385906177862944,-1.2286897603047085e-05,0.021515529358079558,-0.0005854904168096878,-0.00044125535343981945,0.017083842381834986,0.017046865671873093,0,0,True,0.09305160284530792,0.0015093825132822987
722.28,11.979001998901367,-0.032806579023599625,3.0980399438737973,0.0004392241284913299,-4.5151020377973345e-05,0.02163980297912355,0.00012132833525298572,0.0004958662359164328,0.02064708784222603,0.0207378526031971,0,0,True,-0.05556068727629845,-0.03929726198751362
722.3,11.978592872619629,-0.032717376947402954,3.0979243203550806,0.00017981978456118388,-0.00019800078198991828,0.020312958532556654,0.00017748537912963623,0.0005501675120475574,0.02344647809863091,0.02359644815325737,0,0,True,-0.10223417009758062,0.026733748051935204
722.32,11.978219985961914,-0.03276386484503746,3.0980176231838557,0.0003820361174787389,-0.0002756435579278597,0.01560033791578781,-0.00038557701324462535,-0.002166974005822777,0.02246165290474892,0.01776980236172676,0,0,True,-0.16261971832240676,0.011949951299341753
722.34,11.977883338928223,-0.03276430070400238,3.0980562572273773,1.2114721779859487e-05,-0.0003970367133957325,0.013336795750268924,0.00090074977557596,0.001697444490716091,0.016236928701400758,0.01673754721879959,0,0,True,-0.2027612102305389,0.03136462249901111
722.36,11.97775650024414,-0.032721396535634995,3.0978665859533314,0.0001449178582307057,-1.0111494099127364e-06,0.008630225513324354,0.0004734846827491256,0.0014518623398642621,0.012404382601380349,0.014239253327250482,0,0,True,-0.1575602938805613,0.0505205978766139
722.38,11.977523803710938,-0.0327429324388504,3.098060115914338,0.00028451203973242184,-0.00022313168540037743,0.004092061714105244,-0.0013536898551961432,0.00305933731196973,0.012404382601380349,0.014239253327250482,0,0,True,-0.19146691835077,-0.050312857184326466
722.4,11.97752857208252,-0.032771527767181396,3.0981337721710447,0.00017336713172702426,-0.00017778640192757624,0.002995514405354371,0.00026212380320246977,0.0018746738243026594,0.006972431726753712,0.008261579796671869,0,0,True,-0.12916566660302403,-0.022097812406935275
722.42,11.977560997009277,-0.03264186158776283,3.0983010042123347,8.06344293532409e-06,0.00017834943337564503,-0.001980557717778746,-0.000554876234131713,-0.0023275840840263655,-0.0022090036422014237,0.0008755999803543091,0,0,True,-0.09227514579226673,-0.0885294769302823
722.44,11.977516174316406,-0.03273193538188934,3.0980165598592757,-2.414463221883349e-05,0.00012874944600607663,-0.0017030278149228564,0.00019831916719551126,-0.0003159626526914643,-0.0005947715323418379,0.0006583834858611226,0,0,True,-0.11041091705864248,-0.054701658967817424
722.46,11.977684020996094,-0.03270544111728668,3.0978739091876157,-0.00030986897715990554,0.0005515625690193419,-0.003289949949279871,0.0010139313606999745,-0.004023020842456477,0.002191254897043109,0.0020470665115863086,0,0,True,-0.055664072608826706,0.04612274446159002
722.48,11.97766399383545,-0.0327933132648468,3.0981084951588294,0.00010581316389434335,1.7263755534158108e-07,-0.005837358959341545,-0.0007650268605852526,-0.0025014588931249735,0.07204660449177028,-0.007440820336341859,0,0,True,-0.09598701227347567,-0.014072277105498649
722.5,11.97782039642334,-0.032734401524066925,3.097979162544938,0.00046074259861731304,1.5633997059883655e-05,-0.006433683526487161,0.0003235310581597915,0.0013622354729027242,-0.0072215769067406664,-0.008138087578117847,0,0,True,-0.09563848918846575,0.05914508665413453
722.52,11.977985382080078,-0.03269109129905701,3.097816443147826,0.0001104201549591572,-2.0550488541831377e-05,-0.009381988796793925,-0.0007452163966486141,-0.0014417448211303321,-0.0072215769067406664,-0.008138087578117847,0,0,True,-0.058849557951091216,0.1021376028626804
722.54,11.97819709777832,-0.03275373950600624,3.097982888025448,3.776179987476096e-05,-5.444452633069784e-05,-0.010941029084350172,0.0002535997835703423,0.0007085860898699819,-0.00948613114655018,-0.00973241463303566,0,0,True,0.005939723683028776,-0.02238297057560864
722.56,11.978416442871094,-0.03276659920811653,3.097993155573139,-7.613256114207073e-05,-0.00010230755042761533,-0.010545323595424561,0.0018503230802127445,0.0056695493358820265,-0.009133388698101045,-0.00968301221728325,0,0,True,0.07684777678030597,0.030620270957398665
722.58,11.978693962097168,-0.032792828977108,3.0980358494321276,-0.0002392445105400793,-0.00016646508836535442,-0.005958505631844616,-0.00017477368352865628,-0.000428402173146883,-0.010470896363258363,-0.010809663087129594,0,0,True,0.1721766600871157,0.028164567495391125
722.6,11.978821754455566,-0.03287574648857117,3.0982700070946967,0.0002986040169631339,-0.00010193127825004765,-0.0032341666543663026,0.0002881908582799284,0.0010078768554628143,-0.011043137013912203,-0.011631311252713205,0,0,True,0.21059563963912392,-0.10227668267103855
722.62,11.978673934936523,-0.03276052698493004,3.097948615851596,0.00016493198206272207,-0.00045586640580418504,0.0028331037226261317,-0.0025769797241307446,0.0029617514895024246,-0.007064748592674733,-0.0048645509034395224,0,0,True,0.16247467155393772,0.014988126269619286
722.64,11.978673934936523,-0.032800838351249695,3.098073785721576,0.00032393914728414807,-0.00011385235307549315,0.0063023275757139695,-0.0008705375779714374,-0.002512585277805244,0.005703453198075295,0.004048489220440388,0,0,True,0.14616349060950587,-0.043283532036187414
722.66,11.978476524353027,-0.03257697820663452,3.0982727895512876,-6.064817190471964e-05,-0.00023300840663719442,0.007039468092458579,0.0002864491483641976,0.0007706479284215694,-0.0009260144457221032,0.0006239062920212746,0,0,True,0.06752262560478081,-0.07966608014703278
722.68,11.978321075439453,-0.03278423473238945,3.0980690002724725,2.2498121441675276e-05,-0.00022824238202121528,0.008458912594383533,-0.0007981197723458546,-0.0024548057074290294,0.011529987379908563,0.009200384505093098,0,0,True,0.04233009872850822,0.030523800273268363
722.7,11.978110313415527,-0.032759033143520355,3.09801026768587,-3.4690434523099415e-05,-0.0003162017045806076,0.00823491377101136,0.00242457072664487,-0.0034115349222634574,0.006512586995959283,0.007251837737858296,0,0,True,-0.01877249297671754,-0.0363711694877097
722.72,11.97800064086914,-0.03270760551095009,3.0978774012649817,0.00011123342575791738,9.780205343532291e-05,0.00968873547399636,7.209456980522696e-06,-7.068125594252565e-05,0.006512586995959283,0.007251837737858296,0,0,True,-0.054787315123033156,0.04313617021985259
722.74,11.97780990600586,-0.032742056995630264,3.0979998667575064,0.00012056472860929819,0.00020964062572677056,0.005537668654320408,-0.0005722623064126394,-0.002139045630596695,0.009465529769659043,0.0059445491805672655,0,0,True,-0.11928042262961053,0.04172351914003276
722.76,11.977546691894531,-0.0327509380877018,3.098063345771997,-4.8531773665766834e-05,-0.00025843233642474544,0.004075927384538638,0.0003863484987052811,0.0009960879101609432,0.010507513731718064,0.010407248064875604,0,0,True,-0.1698354204899916,-0.04318989542043459
722.78,11.977669715881348,-0.03269398957490921,3.0978391440354223,9.49666538786175e-05,2.50153572443749e-05,-0.0013075200393488028,-0.00038762202638559164,-7.365339106387266e-05,0.006733603924512864,0.010012221187353135,0,0,True,-0.1091207600522176,0.04753803761379007
722.8,11.977673530578613,-0.0327242948114872,3.0979570882977945,0.0001016049732429519,-4.607589777128833e-05,-0.0038980981651906095,-0.0014525051217445393,-0.0035258728895741507,0.002013461235910654,-0.0023527548462152484,0,0,True,-0.1239432838295953,-0.02231111523003967
722.82,11.97791576385498,-0.032715652137994766,3.0979939744862213,0.00011204930423781961,0.0004372911389367644,-0.0031919921498614664,0.00041279894330884133,0.0016639973785084563,-0.0012469452619552613,-0.0014037584513425828,0,0,True,-0.01889652913667965,-0.014702815906438235
722.84,11.977863311767578,-0.03264845162630081,3.097781275940831,1.0168520179187358e-05,-8.854124174833248e-05,-0.005839535321834058,-0.00016720822287047882,-0.0007888013082431437,-0.007891147993505002,-0.007796738445758821,0,0,True,0.004839116939428427,0.061684075542165706
722.86,11.977923393249512,-0.03273811191320419,3.097972263825703,-4.1605069058817725e-05,-0.0002549397500068788,-0.002819242370283948,7.387470879516341e-05,-0.0012498786635795332,0.001458345763385296,0.00019732542335987094,0,0,True,0.006003559629768475,-0.033031159820131425
722.88,11.978140830993652,-0.03273139148950577,3.097893984193135,8.806636128364374e-05,-2.5047828653874034e-06,-0.0035109688100361373,0.0008842165533984657,0.0014088531538016303,-0.0060520869493484505,-0.0050346732884645464,0,0,True,0.07299419152299212,0.009860016353048263
722.9,11.978140830993652,-0.03273139148950577,3.097893984193135,8.806636128364374e-05,-2.5047828653874034e-06,-0.002711707379480425,-0.00020265905607495794,-0.0009784954070996544,-0.0059642156958580024,-0.008850548081099988,0,0,True,0.035240529628531324,0.015623483294736172
722.92,11.978140830993652,-0.03273139148950577,3.097893984193135,8.806636128364374e-05,-2.5047828653874034e-06,0.0,-0.0,0.0,-0.005583168454468251,-0.008921668753027917,0,0,True,0.043887110125429264,-0.01761066442251137
722.94,11.978140830993652,-0.03273139148950577,3.097893984193135,8.806636128364374e-05,-2.5047828653874034e-06,0.0,-0.0,0.0,-0.005583168454468251,-0.008921668753027917,0,0,True,0.033896342243487976,0.012231192588739422
722.96,11.978140830993652,-0.03273139148950577,3.097893984193135,8.806636128364374e-05,-2.5047828653874034e-06,0.0,-0.0,0.0,-0.005583168454468251,-0.008921668753027917,0,0,True,0.0,0.0
722.98,11.978140830993652,-0.03273139148950577,3.097893984193135,8.806636128364374e-05,-2.5047828653874034e-06,0.0,-0.0,0.0,-0.005583168454468251,-0.008921668753027917,0,0,True,0.0,0.0
723.0,11.978140830993652,-0.03273139148950577,3.097893984193135,8.806636128364374e-05,-2.5047828653874034e-06,0.0,-0.0,0.0,-0.005583168454468251,-0.008921668753027917,0,0,True,0.0,0.0
723.02,11.978140830993652,-0.03273139148950577,3.097893984193135,8.806636128364374e-05,-2.5047828653874034e-06,0.0,-0.0,0.0,-0.005583168454468251,-0.008921668753027917,0,0,True,0.0,0.0
723.04,11.978140830993652,-0.03273139148950577,3.097893984193135,8.806636128364374e-05,-2.5047828653874034e-06,0.0,-0.0,0.0,-0.005583168454468251,-0.008921668753027917,0,0,True,0.0,0.0
723.06,11.978140830993652,-0.03273139148950577,3.097893984193135,8.806636128364374e-05,-2.5047828653874034e-06,0.0,-0.0,0.0,-0.005583168454468251,-0.008921668753027917,0,0,True,0.0,0.0
723.08,11.978140830993652,-0.03273139148950577,3.097893984193135,8.806636128364374e-05,-2.5047828653874034e-06,0.0,-0.0,0.0,-0.005583168454468251,-0.008921668753027917,0,0,True,0.0,0.0
723.1,11.978140830993652,-0.03273139148950577,3.097893984193135,8.806636128364374e-05,-2.5047828653874034e-06,0.0,-0.0,0.0,-0.005583168454468251,-0.008921668753027917,0,0,True,0.0,0.0
723.12,11.978140830993652,-0.03273139148950577,3.097893984193135,8.806636128364374e-05,-2.5047828653874034e-06,0.0,-0.0,0.0,-0.005583168454468251,-0.008921668753027917,0,0,True,0.0,0.0
723.14,11.978140830993652,-0.03273139148950577,3.097893984193135,8.806636128364374e-05,-2.5047828653874034e-06,0.0,-0.0,0.0,-0.005583168454468251,-0.008921668753027917,0,0,True,0.0,0.0
723.16,11.978140830993652,-0.03273139148950577,3.097893984193135,8.806636128364374e-05,-2.5047828653874034e-06,0.0,-0.0,0.0,-0.005583168454468251,-0.008921668753027917,0,0,True,0.0,0.0
723.18,11.978140830993652,-0.03273139148950577,3.097893984193135,8.806636128364374e-05,-2.5047828653874034e-06,0.0,-0.0,0.0,-0.005583168454468251,-0.008921668753027917,0,0,True,0.0,0.0
723.2,11.978140830993652,-0.03273139148950577,3.097893984193135,8.806636128364374e-05,-2.5047828653874034e-06,0.0,-0.0,0.0,-0.005583168454468251,-0.008921668753027917,0,0,True,0.0,0.0
723.22,11.978140830993652,-0.03273139148950577,3.097893984193135,8.806636128364374e-05,-2.5047828653874034e-06,0.0,-0.0,0.0,-0.005583168454468251,-0.008921668753027917,0,0,True,0.0,0.0
723.24,11.978140830993652,-0.03273139148950577,3.097893984193135,8.806636128364374e-05,-2.5047828653874034e-06,0.0,-0.0,0.0,-0.005583168454468251,-0.008921668753027917,0,0,True,0.0,0.0
723.26,11.978140830993652,-0.03273139148950577,3.097893984193135,8.806636128364374e-05,-2.5047828653874034e-06,0.0,-0.0,0.0,-0.005583168454468251,-0.008921668753027917,0,0,True,0.0,0.0
723.28,11.978140830993652,-0.03273139148950577,3.097893984193135,8.806636128364374e-05,-2.5047828653874034e-06,0.0,-0.0,0.0,-0.005583168454468251,-0.008921668753027917,0,0,True,0.0,0.0
723.3,11.978140830993652,-0.03273139148950577,3.097893984193135,8.806636128364374e-05,-2.5047828653874034e-06,0.0,-0.0,0.0,-0.005583168454468251,-0.008921668753027917,0,0,True,0.0,0.0
723.32,11.978140830993652,-0.03273139148950577,3.097893984193135,8.806636128364374e-05,-2.5047828653874034e-06,0.0,-0.0,0.0,-0.005583168454468251,-0.008921668753027917,0,0,True,0.0,0.0
723.34,11.978140830993652,-0.03273139148950577,3.097893984193135,8.806636128364374e-05,-2.5047828653874034e-06,0.0,-0.0,0.0,-0.005583168454468251,-0.008921668753027917,0,0,True,0.0,0.0
723.36,11.978140830993652,-0.03273139148950577,3.097893984193135,8.806636128364374e-05,-2.5047828653874034e-06,0.0,-0.0,0.0,-0.005583168454468251,-0.008921668753027917,0,0,True,0.0,0.0
723.38,11.978140830993652,-0.03273139148950577,3.097893984193135,8.806636128364374e-05,-2.5047828653874034e-06,0.0,-0.0,0.0,-0.005583168454468251,-0.008921668753027917,0,0,True,0.0,0.0
723.4,11.978140830993652,-0.03273139148950577,3.097893984193135,8.806636128364374e-05,-2.5047828653874034e-06,0.0,-0.0,0.0,-0.005583168454468251,-0.008921668753027917,0,0,True,0.0,0.0
723.42,11.978140830993652,-0.03273139148950577,3.097893984193135,8.806636128364374e-05,-2.5047828653874034e-06,0.0,-0.0,0.0,-0.005583168454468251,-0.008921668753027917,0,0,True,0.0,0.0
723.44,11.978140830993652,-0.03273139148950577,3.097893984193135,8.806636128364374e-05,-2.5047828653874034e-06,0.0,-0.0,0.0,-0.005583168454468251,-0.008921668753027917,0,0,True,0.0,0.0
723.46,11.978140830993652,-0.03273139148950577,3.097893984193135,8.806636128364374e-05,-2.5047828653874034e-06,0.0,-0.0,0.0,-0.005583168454468251,-0.008921668753027917,0,0,True,0.0,0.0
723.48,11.978140830993652,-0.03273139148950577,3.097893984193135,8.806636128364374e-05,-2.5047828653874034e-06,0.0,-0.0,0.0,-0.005583168454468251,-0.008921668753027917,0,0,True,0.0,0.0
723.5,11.978140830993652,-0.03273139148950577,3.097893984193135,8.806636128364374e-05,-2.5047828653874034e-06,0.0,-0.0,0.0,-0.005583168454468251,-0.008921668753027917,0,0,True,0.0,0.0
723.52,11.978140830993652,-0.03273139148950577,3.097893984193135,8.806636128364374e-05,-2.5047828653874034e-06,0.0,-0.0,0.0,-0.005583168454468251,-0.008921668753027917,0,0,True,0.0,0.0
723.54,11.978140830993652,-0.03273139148950577,3.097893984193135,8.806636128364374e-05,-2.5047828653874034e-06,0.0,-0.0,0.0,-0.005583168454468251,-0.008921668753027917,0,0,True,0.0,0.0
723.56,11.978140830993652,-0.03273139148950577,3.097893984193135,8.806636128364374e-05,-2.5047828653874034e-06,0.0,-0.0,0.0,-0.005583168454468251,-0.008921668753027917,0,0,True,0.0,0.0
723.58,11.978140830993652,-0.03273139148950577,3.097893984193135,8.806636128364374e-05,-2.5047828653874034e-06,0.0,-0.0,0.0,-0.005583168454468251,-0.008921668753027917,0,0,True,0.0,0.0
723.6,11.978140830993652,-0.03273139148950577,3.097893984193135,8.806636128364374e-05,-2.5047828653874034e-06,0.0,-0.0,0.0,-0.005583168454468251,-0.008921668753027917,0,0,True,0.0,0.0
723.62,11.978140830993652,-0.03273139148950577,3.097893984193135,8.806636128364374e-05,-2.5047828653874034e-06,0.0,-0.0,0.0,-0.005583168454468251,-0.008921668753027917,0,0,True,0.0,0.0
723.64,11.978140830993652,-0.03273139148950577,3.097893984193135,8.806636128364374e-05,-2.5047828653874034e-06,0.0,-0.0,0.0,-0.005583168454468251,-0.008921668753027917,0,0,True,0.0,0.0
723.66,11.978140830993652,-0.03273139148950577,3.097893984193135,8.806636128364374e-05,-2.5047828653874034e-06,0.0,-0.0,0.0,-0.005583168454468251,-0.008921668753027917,0,0,True,0.0,0.0
723.68,11.978140830993652,-0.03273139148950577,3.097893984193135,8.806636128364374e-05,-2.5047828653874034e-06,0.0,-0.0,0.0,-0.005583168454468251,-0.008921668753027917,0,0,True,0.0,0.0
723.7,11.978140830993652,-0.03273139148950577,3.097893984193135,8.806636128364374e-05,-2.5047828653874034e-06,0.0,-0.0,0.0,-0.005583168454468251,-0.008921668753027917,0,0,True,0.0,0.0
723.72,11.978140830993652,-0.03273139148950577,3.097893984193135,8.806636128364374e-05,-2.5047828653874034e-06,0.0,-0.0,0.0,-0.005583168454468251,-0.008921668753027917,0,0,True,0.0,0.0
723.74,11.978140830993652,-0.03273139148950577,3.097893984193135,8.806636128364374e-05,-2.5047828653874034e-06,0.0,-0.0,0.0,-0.005583168454468251,-0.008921668753027917,0,0,True,0.0,0.0
723.76,11.978140830993652,-0.03273139148950577,3.097893984193135,8.806636128364374e-05,-2.5047828653874034e-06,0.0,-0.0,0.0,-0.005583168454468251,-0.008921668753027917,0,0,True,0.0,0.0
723.78,11.978140830993652,-0.03273139148950577,3.097893984193135,8.806636128364374e-05,-2.5047828653874034e-06,0.0,-0.0,0.0,-0.005583168454468251,-0.008921668753027917,0,0,True,0.0,0.0
723.8,11.978140830993652,-0.03273139148950577,3.097893984193135,8.806636128364374e-05,-2.5047828653874034e-06,0.0,-0.0,0.0,-0.005583168454468251,-0.008921668753027917,0,0,True,0.0,0.0
723.82,11.978140830993652,-0.03273139148950577,3.097893984193135,8.806636128364374e-05,-2.5047828653874034e-06,0.0,-0.0,0.0,-0.005583168454468251,-0.008921668753027917,0,0,True,0.0,0.0
723.84,11.978140830993652,-0.03273139148950577,3.097893984193135,8.806636128364374e-05,-2.5047828653874034e-06,0.0,-0.0,0.0,-0.005583168454468251,-0.008921668753027917,0,0,True,0.0,0.0
723.86,11.978140830993652,-0.03273139148950577,3.097893984193135,8.806636128364374e-05,-2.5047828653874034e-06,0.0,-0.0,0.0,-0.005583168454468251,-0.008921668753027917,0,0,True,0.0,0.0
723.88,11.978140830993652,-0.03273139148950577,3.097893984193135,8.806636128364374e-05,-2.5047828653874034e-06,0.0,-0.0,0.0,-0.005583168454468251,-0.008921668753027917,0,0,True,0.0,0.0
723.9,11.978140830993652,-0.03273139148950577,3.097893984193135,8.806636128364374e-05,-2.5047828653874034e-06,0.0,-0.0,0.0,-0.005583168454468251,-0.008921668753027917,0,0,True,0.0,0.0
723.92,11.978140830993652,-0.03273139148950577,3.097893984193135,8.806636128364374e-05,-2.5047828653874034e-06,0.0,-0.0,0.0,-0.005583168454468251,-0.008921668753027917,0,0,True,0.0,0.0
723.94,11.978140830993652,-0.03273139148950577,3.097893984193135,8.806636128364374e-05,-2.5047828653874034e-06,0.0,-0.0,0.0,-0.005583168454468251,-0.008921668753027917,0,0,True,0.0,0.0
723.96,11.978140830993652,-0.03273139148950577,3.097893984193135,8.806636128364374e-05,-2.5047828653874034e-06,0.0,-0.0,0.0,-0.005583168454468251,-0.008921668753027917,0,0,True,0.0,0.0
723.98,11.978140830993652,-0.03273139148950577,3.097893984193135,8.806636128364374e-05,-2.5047828653874034e-06,0.0,-0.0,0.0,-0.005583168454468251,-0.008921668753027917,0,0,True,0.0,0.0
724.0,11.978140830993652,-0.03273139148950577,3.097893984193135,8.806636128364374e-05,-2.5047828653874034e-06,0.0,-0.0,0.0,-0.005583168454468251,-0.008921668753027917,0,0,True,0.0,0.0
724.02,11.978140830993652,-0.03273139148950577,3.097893984193135,8.806636128364374e-05,-2.5047828653874034e-06,0.0,-0.0,0.0,-0.005583168454468251,-0.008921668753027917,0,0,True,0.0,0.0
724.04,11.978140830993652,-0.03273139148950577,3.097893984193135,8.806636128364374e-05,-2.5047828653874034e-06,0.0,-0.0,0.0,-0.005583168454468251,-0.008921668753027917,0,0,True,0.0,0.0
724.06,11.978140830993652,-0.03273139148950577,3.097893984193135,8.806636128364374e-05,-2.5047828653874034e-06,0.0,-0.0,0.0,-0.005583168454468251,-0.008921668753027917,0,0,True,0.0,0.0
724.08,11.978140830993652,-0.03273139148950577,3.097893984193135,8.806636128364374e-05,-2.5047828653874034e-06,0.0,-0.0,0.0,-0.005583168454468251,-0.008921668753027917,0,0,True,0.0,0.0
724.1,11.978140830993652,-0.03273139148950577,3.097893984193135,8.806636128364374e-05,-2.5047828653874034e-06,0.0,-0.0,0.0,-0.005583168454468251,-0.008921668753027917,0,0,True,0.0,0.0
724.12,11.978140830993652,-0.03273139148950577,3.097893984193135,8.806636128364374e-05,-2.5047828653874034e-06,0.0,-0.0,0.0,-0.005583168454468251,-0.008921668753027917,0,0,True,0.0,0.0
724.14,11.978140830993652,-0.03273139148950577,3.097893984193135,8.806636128364374e-05,-2.5047828653874034e-06,0.0,-0.0,0.0,-0.005583168454468251,-0.008921668753027917,0,0,True,0.0,0.0
724.16,11.978140830993652,-0.03273139148950577,3.097893984193135,8.806636128364374e-05,-2.5047828653874034e-06,0.0,-0.0,0.0,-0.005583168454468251,-0.008921668753027917,0,0,True,0.0,0.0
724.18,11.978140830993652,-0.03273139148950577,3.097893984193135,8.806636128364374e-05,-2.5047828653874034e-06,0.0,-0.0,0.0,-0.005583168454468251,-0.008921668753027917,0,0,True,0.0,0.0
724.2,11.978140830993652,-0.03273139148950577,3.097893984193135,8.806636128364374e-05,-2.5047828653874034e-06,0.0,-0.0,0.0,-0.005583168454468251,-0.008921668753027917,0,0,True,0.0,0.0
724.22,11.978140830993652,-0.03273139148950577,3.097893984193135,8.806636128364374e-05,-2.5047828653874034e-06,0.0,-0.0,0.0,-0.005583168454468251,-0.008921668753027917,0,0,True,0.0,0.0
724.24,11.978140830993652,-0.03273139148950577,3.097893984193135,8.806636128364374e-05,-2.5047828653874034e-06,0.0,-0.0,0.0,-0.005583168454468251,-0.008921668753027917,0,0,True,0.0,0.0
724.26,11.978140830993652,-0.03273139148950577,3.097893984193135,8.806636128364374e-05,-2.5047828653874034e-06,0.0,-0.0,0.0,-0.005583168454468251,-0.008921668753027917,0,0,True,0.0,0.0
724.28,11.978140830993652,-0.03273139148950577,3.097893984193135,8.806636128364374e-05,-2.5047828653874034e-06,0.0,-0.0,0.0,-0.005583168454468251,-0.008921668753027917,0,0,True,0.0,0.0
724.3,11.978140830993652,-0.03273139148950577,3.097893984193135,8.806636128364374e-05,-2.5047828653874034e-06,0.0,-0.0,0.0,-0.005583168454468251,-0.008921668753027917,0,0,True,0.0,0.0
724.32,11.978140830993652,-0.03273139148950577,3.097893984193135,8.806636128364374e-05,-2.5047828653874034e-06,0.0,-0.0,0.0,-0.005583168454468251,-0.008921668753027917,0,0,True,0.0,0.0
724.34,11.978140830993652,-0.03273139148950577,3.097893984193135,8.806636128364374e-05,-2.5047828653874034e-06,0.0,-0.0,0.0,-0.005583168454468251,-0.008921668753027917,0,0,True,0.0,0.0
724.36,11.978140830993652,-0.03273139148950577,3.097893984193135,8.806636128364374e-05,-2.5047828653874034e-06,0.0,-0.0,0.0,-0.005583168454468251,-0.008921668753027917,0,0,True,0.0,0.0
724.38,11.978140830993652,-0.03273139148950577,3.097893984193135,8.806636128364374e-05,-2.5047828653874034e-06,0.0,-0.0,0.0,-0.005583168454468251,-0.008921668753027917,0,0,True,0.0,0.0
724.4,11.978140830993652,-0.03273139148950577,3.097893984193135,8.806636128364374e-05,-2.5047828653874034e-06,0.0,-0.0,0.0,-0.005583168454468251,-0.008921668753027917,0,0,True,0.0,0.0
724.42,11.978140830993652,-0.03273139148950577,3.097893984193135,8.806636128364374e-05,-2.5047828653874034e-06,0.0,-0.0,0.0,-0.005583168454468251,-0.008921668753027917,0,0,True,0.0,0.0
724.44,11.978140830993652,-0.03273139148950577,3.097893984193135,8.806636128364374e-05,-2.5047828653874034e-06,0.0,-0.0,0.0,-0.005583168454468251,-0.008921668753027917,0,0,True,0.0,0.0
724.46,11.978140830993652,-0.03273139148950577,3.097893984193135,8.806636128364374e-05,-2.5047828653874034e-06,0.0,-0.0,0.0,-0.005583168454468251,-0.008921668753027917,0,0,True,0.0,0.0
724.48,11.978140830993652,-0.03273139148950577,3.097893984193135,8.806636128364374e-05,-2.5047828653874034e-06,0.0,-0.0,0.0,-0.005583168454468251,-0.008921668753027917,0,0,True,0.0,0.0
724.5,11.978140830993652,-0.03273139148950577,3.097893984193135,8.806636128364374e-05,-2.5047828653874034e-06,0.0,-0.0,0.0,-0.005583168454468251,-0.008921668753027917,0,0,True,0.0,0.0
724.52,11.978140830993652,-0.03273139148950577,3.097893984193135,8.806636128364374e-05,-2.5047828653874034e-06,0.0,-0.0,0.0,-0.005583168454468251,-0.008921668753027917,0,0,True,0.0,0.0
724.54,11.978140830993652,-0.03273139148950577,3.097893984193135,8.806636128364374e-05,-2.5047828653874034e-06,0.0,-0.0,0.0,-0.005583168454468251,-0.008921668753027917,0,0,True,0.0,0.0
724.56,11.978140830993652,-0.03273139148950577,3.097893984193135,8.806636128364374e-05,-2.5047828653874034e-06,0.0,-0.0,0.0,-0.005583168454468251,-0.008921668753027917,0,0,True,0.0,0.0
724.58,11.978140830993652,-0.03273139148950577,3.097893984193135,8.806636128364374e-05,-2.5047828653874034e-06,0.0,-0.0,0.0,-0.005583168454468251,-0.008921668753027917,0,0,True,0.0,0.0
724.6,11.978140830993652,-0.03273139148950577,3.097893984193135,8.806636128364374e-05,-2.5047828653874034e-06,0.0,-0.0,0.0,-0.005583168454468251,-0.008921668753027917,0,0,True,0.0,0.0
724.62,11.978140830993652,-0.03273139148950577,3.097893984193135,8.806636128364374e-05,-2.5047828653874034e-06,0.0,-0.0,0.0,-0.005583168454468251,-0.008921668753027917,0,0,True,0.0,0.0
724.64,11.978140830993652,-0.03273139148950577,3.097893984193135,8.806636128364374e-05,-2.5047828653874034e-06,0.0,-0.0,0.0,-0.005583168454468251,-0.008921668753027917,0,0,True,0.0,0.0
724.66,11.978140830993652,-0.03273139148950577,3.097893984193135,8.806636128364374e-05,-2.5047828653874034e-06,0.0,-0.0,0.0,-0.005583168454468251,-0.008921668753027917,0,0,True,0.0,0.0
724.68,11.978140830993652,-0.03273139148950577,3.097893984193135,8.806636128364374e-05,-2.5047828653874034e-06,0.0,-0.0,0.0,-0.005583168454468251,-0.008921668753027917,0,0,True,0.0,0.0
724.7,11.978140830993652,-0.03273139148950577,3.097893984193135,8.806636128364374e-05,-2.5047828653874034e-06,0.0,-0.0,0.0,-0.005583168454468251,-0.008921668753027917,0,0,True,0.0,0.0
724.72,11.978140830993652,-0.03273139148950577,3.097893984193135,8.806636128364374e-05,-2.5047828653874034e-06,0.0,-0.0,0.0,-0.005583168454468251,-0.008921668753027917,0,0,True,0.0,0.0
724.74,11.978140830993652,-0.03273139148950577,3.097893984193135,8.806636128364374e-05,-2.5047828653874034e-06,0.0,-0.0,0.0,-0.005583168454468251,-0.008921668753027917,0,0,True,0.0,0.0
724.76,11.978140830993652,-0.03273139148950577,3.097893984193135,8.806636128364374e-05,-2.5047828653874034e-06,0.0,-0.0,0.0,-0.005583168454468251,-0.008921668753027917,0,0,True,0.0,0.0
724.78,11.978140830993652,-0.03273139148950577,3.097893984193135,8.806636128364374e-05,-2.5047828653874034e-06,0.0,-0.0,0.0,-0.005583168454468251,-0.008921668753027917,0,0,True,0.0,0.0
724.8,11.978140830993652,-0.03273139148950577,3.097893984193135,8.806636128364374e-05,-2.5047828653874034e-06,0.0,-0.0,0.0,-0.005583168454468251,-0.008921668753027917,0,0,True,0.0,0.0
724.82,11.978140830993652,-0.03273139148950577,3.097893984193135,8.806636128364374e-05,-2.5047828653874034e-06,0.0,-0.0,0.0,-0.005583168454468251,-0.008921668753027917,0,0,True,0.0,0.0
724.84,11.978140830993652,-0.03273139148950577,3.097893984193135,8.806636128364374e-05,-2.5047828653874034e-06,0.0,-0.0,0.0,-0.005583168454468251,-0.008921668753027917,0,0,True,0.0,0.0
724.86,11.978140830993652,-0.03273139148950577,3.097893984193135,8.806636128364374e-05,-2.5047828653874034e-06,0.0,-0.0,0.0,-0.005583168454468251,-0.008921668753027917,0,0,True,0.0,0.0
724.88,11.978140830993652,-0.03273139148950577,3.097893984193135,8.806636128364374e-05,-2.5047828653874034e-06,0.0,-0.0,0.0,-0.005583168454468251,-0.008921668753027917,0,0,True,0.0,0.0
724.9,11.978140830993652,-0.03273139148950577,3.097893984193135,8.806636128364374e-05,-2.5047828653874034e-06,0.0,-0.0,0.0,-0.005583168454468251,-0.008921668753027917,0,0,True,0.0,0.0
724.92,11.978140830993652,-0.03273139148950577,3.097893984193135,8.806636128364374e-05,-2.5047828653874034e-06,0.0,-0.0,0.0,-0.005583168454468251,-0.008921668753027917,0,0,True,0.0,0.0
724.94,11.978140830993652,-0.03273139148950577,3.097893984193135,8.806636128364374e-05,-2.5047828653874034e-06,0.0,-0.0,0.0,-0.005583168454468251,-0.008921668753027917,0,0,True,0.0,0.0
724.96,11.978140830993652,-0.03273139148950577,3.097893984193135,8.806636128364374e-05,-2.5047828653874034e-06,0.0,-0.0,0.0,-0.005583168454468251,-0.008921668753027917,0,0,True,0.0,0.0
724.98,11.978140830993652,-0.03273139148950577,3.097893984193135,8.806636128364374e-05,-2.5047828653874034e-06,0.0,-0.0,0.0,-0.005583168454468251,-0.008921668753027917,0,0,True,0.0,0.0
