t,x,y,yaw,roll,pitch,v,lateral,w,rim_left,rim_right,cmd_v,cmd_w,publishing,a,alpha
1188.8,12.067276000976562,-0.03533262014389038,3.125839471976905,-0.00033797157226046114,-0.0007644555449975218,0.000302402122256528,-0.000275598692392675,0.00012098916929448212,0.0008641123306006194,-0.00022782024694606665,0,0.1,True,0.03819117784531941,0.07656491607963378
1188.82,12.067268371582031,-0.03533234819769859,3.1258456207192524,-0.00038085881208778746,-0.0007190342526482903,0.0016861096849668763,-0.0003206866878486229,2.4232679096702738e-05,0.00048614401253871625,0.0007260659988969565,0,0.1,True,0.04162949112525873,0.16619685862775216
1188.84,12.06723403930664,-0.035332322120666504,3.125846538273124,-0.00041342190627334795,-0.0006781692993858122,0.0028331826069798957,0.0017904562026922093,0.006157853752924192,0.001036819601431489,0.001818850301206112,0,0.1,True,0.048279343087563056,0.21921317779614355
1188.86,12.067123413085938,-0.03532697260379791,3.125838797753908,-0.00042025242375919063,-0.0007078883564763404,0.003203656820901349,0.004003963377533919,0.013405268436108191,0.002369730342179537,0.0033324462547898296,0,0.1,True,0.036598004224441254,0.399654635791136
1188.88,12.067047119140625,-0.03547227010130882,3.12633210027714,-0.0003830789310863209,-0.0006803123620574419,0.004164749569269037,0.005215352917908696,0.01765804339301986,-0.043562962226569656,0.010651070401072504,0,0.1,True,0.01980261670605148,0.42565107302729693
1188.9,12.067007064819336,-0.035648588091135025,3.126918042194143,-0.0003977952044563325,-0.000669074825661218,0.004613950022927835,0.007307755825623824,0.031996603542449376,-0.007281168401241303,0.006539529785513878,0,0.1,True,-0.015457691700595714,0.3721658125310345
1188.92,12.06689453125,-0.03574441745877266,3.1272591817445683,-0.000377513325329123,-0.0006789363196660419,0.004417391943467076,0.00871666217138255,0.04020993959517376,-0.07840661581605674,0.010938003025949002,0,0.1,True,-0.014859569452576899,0.3774828794005048
1188.94,12.06674575805664,-0.0359061136841774,3.128398526037309,-0.0004079711752475831,-0.000647769847066448,0.001967041484851302,0.012655695190162212,0.04317853343864849,-0.008026637472212316,0.04764264166355134,0,0.1,True,-0.033794547679806726,0.2746593612103625
1188.96,12.066683769226074,-0.03616446629166603,3.129548895444751,-0.0003854431727262537,-0.0007310135850229116,0.0029759840130639662,0.013238391909389058,0.04785667374503278,-0.010064238216727974,0.06198689624667168,0,0.1,True,-0.06928509638771413,0.19010463891945442
1188.98,12.0668363571167,-0.0366588793694973,3.130372324869232,-0.00011292577066380219,-0.00020784309248112766,0.0019103862085457562,0.015676929555205665,0.05396935243925839,-0.08069493666291237,0.01447671338915825,0,0.1,True,-0.007912916787533362,0.21120927636456963
1189.0,12.066643714904785,-0.03680054470896721,3.1310877156441674,-0.0002729268181969874,-0.0007507003062260431,-0.0011254157675450128,0.017477843427347848,0.05541831070871628,-0.018124841153621674,0.03407868072390557,0,0.1,True,-0.03931852279425146,0.2829809055495831
1189.02,12.06657886505127,-0.03715847432613373,3.132716074232446,-0.00010896429437771793,-0.0007794079772577897,0.0013340081418492088,0.016249671448256117,0.06007527554779869,-0.002654267400503159,0.018216480016708374,0,0.1,True,-0.0390416381775109,0.12390164116917242
1189.04,12.06675910949707,-0.03756356239318848,3.1339823603014443,-5.3131255676479124e-05,-2.9569137463098746e-05,-0.00016949781047328924,0.01443956414355224,0.07049514618897884,-0.05565975449979306,0.08260947585105896,0,0.1,True,0.028539237426339056,0.09054999938788544
1189.06,12.066718101501465,-0.03795785456895828,3.1351783469130514,0.00028548768859890084,-0.00011781204839396476,-0.0012129448456522749,0.010680995936474058,0.06388148373278317,-0.05565975449979306,0.08260947585105896,0,0.1,True,-0.0162153026634636,0.06052868693417676
1189.08,12.066648483276367,-0.03795577958226204,3.1367273273392806,-0.00016411212865311358,-0.00031894572065114895,0.001157723226560035,0.0070670506491771175,0.06266231065974052,-0.07126217007637024,0.04470081865787506,0,0.1,True,-0.04023029810218379,-0.11308489220560557
1189.1,12.066670417785645,-0.038013558834791183,3.137826592931064,-0.00011705455433537118,-0.00014283107674667073,3.678392877330047e-05,0.002894290522065349,0.06491757050252843,-0.02104730144143105,0.02386723101139069,0,0.1,True,-0.01392842367669781,0.05769012873868764
1189.12,12.06666374206543,-0.03812846913933754,3.138995345154219,7.527553661803092e-05,3.735577986813211e-05,-0.003387921658645065,0.005500830305868303,0.06144835481253862,-0.1289692944288254,0.03431701540946961,0,0.1,True,-0.0596183374617277,0.1794103570857875
1189.14,12.0667142868042,-0.03818938508629799,3.1403717525532637,6.531497759482049e-05,0.0003317632190669028,-0.002327218739790253,0.0021589462661892453,0.0684966940318871,-0.044770146012306215,0.05169866427779198,0,0.1,True,-0.07128378659903459,0.2884386120682547
1189.16,12.06691837310791,-0.038396548479795456,-3.1415421114552933,0.00020301587506026816,0.00048817241825149896,-0.003611743770387398,0.0058902856097782135,0.07701513922663127,-0.012531659901142122,0.01598209768533707,0,0.1,True,-0.022630622165751853,0.37684403112188075
1189.18,12.066856384277344,-0.03818650171160698,-3.139878978725961,-0.0004518383741366514,0.00014714790803305706,-0.005665918999160488,0.004931803152758939,0.0879926594680334,-0.020137673020362856,0.0460469463467598,0,0.1,True,-0.032988899261366306,0.38212591949232194
1189.2,12.0669527053833,-0.03859967738389969,-3.1380287508872255,0.0002767175960241729,0.0003047652739404746,-0.005198371431908712,0.003116683920602568,0.09159587730234735,-0.03120410099625588,0.053316153213381776,0,0.1,True,-0.012812816401457261,0.27558517952928246
1189.22,12.067168235778809,-0.03858315199613571,-3.135774141868886,-3.775537439638005e-05,0.0010302276360783951,-0.004966330680697157,0.0049192614680359445,0.09906676759124505,-0.0880842235684395,0.04974258124828339,0,0.1,True,0.00952098776016756,0.055564393296591144
1189.24,12.06733512878418,-0.038644399493932724,-3.134214441271112,-6.173813469585035e-06,0.0012615062789483806,-0.004636769082503047,-0.003150299704535199,0.09906195358895381,-0.04502581357955933,0.0031339596211910252,0,0.1,True,-0.028973691074808364,-0.015805232546726628
1189.26,12.067255973815918,-0.03857772424817085,-3.1319536373186687,-0.0001356438341987372,0.0006868218347786573,-0.0049042399783477755,-0.006651715004513472,0.09243781093175665,-0.06593952238559724,0.06900752276182176,0,0.1,True,-0.08590391606226201,-0.16062021484999964
1189.28,12.06732177734375,-0.03834492340683937,-3.1301037946001165,-0.0004324971676444123,0.00047619669140762404,-0.007516266717891273,-0.006711954705335254,0.09033145869861037,-0.07936757922172546,0.06624944269657136,0,0.1,True,-0.10875857930057604,-0.10587631330159603
1189.3,12.06755542755127,-0.03804725781083107,-3.1283791169943522,-0.0004465143950299987,0.00042785544790554944,-0.011838643965671868,-0.004520698283110994,0.08621715040325677,-0.013887650966644289,0.10602036714553834,0,0.1,True,-0.10604635887642964,0.036573231482076855
1189.32,12.067930221557617,-0.03810057044029236,-3.12698792457523,0.00011224309405858486,0.00042557926707346045,-0.013337455426541217,-0.007923935289229049,0.09059184852483383,-0.01727570988237858,0.12034385085105898,0,0.1,True,-0.06973708390927125,0.18412089353173333
1189.34,12.068198204040527,-0.038203585892915726,-3.1250562652864144,0.00040201682974023685,0.0003153610284857202,-0.01338794868845443,-0.005701774719320741,0.09536366945032014,-0.033063377737998965,0.008873855471611024,0,0.1,True,-0.014914654514847508,0.25441040067545356
1189.36,12.068379402160645,-0.037695493549108505,-3.1228564467181363,-0.0005277058577915306,-0.00018682804687981616,-0.0130952334306279,-0.009108459643048662,0.10506113018113564,-0.11307278156280519,0.07321338295936586,0,0.1,True,-0.0022168169390872875,0.14195363727929267
1189.38,12.068618774414062,-0.03757346794009209,-3.120750023438312,-0.0003272488415087735,-0.0008019602768420738,-0.013031816326861975,-0.011411528649459882,0.10656998245733239,-0.14205281734466554,0.07318367965519429,0,0.1,True,0.0042492685335585745,-0.03179807037600348
1189.4,12.068964004516602,-0.03735239431262016,-3.118583034160723,-0.00037298395010676287,-0.00038150784112084523,-0.013514800781668543,-0.007462919408457288,0.10194813950719919,-0.04242986798286438,0.0346566254645586,0,0.1,True,-0.0174921845650419,-0.28482951371762516
1189.42,12.069221496582031,-0.03726913407444954,-3.1165306666898114,-5.108079393737388e-05,-0.0008636336268467595,-0.013048007205769088,-0.003426260166716262,0.09281982382023495,-0.07492850482463838,0.09035689115524292,0,0.1,True,0.00013783370526513795,-0.31270212891486526
1189.44,12.069446563720703,-0.03707374259829521,-3.1147005955575446,-0.00037294904460165144,-0.0009680465526368478,-0.014494608195833956,0.0011277581070506827,0.08227476908368159,-0.042707016766071325,0.06120950341224671,0,0.1,True,-0.023296810178952722,-0.35330652298035553
1189.46,12.069655418395996,-0.03727329522371292,-3.1133244375327,2.0302693026736167e-05,-0.0010304888690569388,-0.013020789630440774,0.003447237558487649,0.08155381214416592,-0.10052791833877564,-0.005682853385806084,0,0.1,True,-0.008255027415124714,-0.26414998094136977
1189.48,12.070125579833984,-0.0374114029109478,-3.1120010526340343,-0.00010881637192853128,-0.00040691203445104135,-0.015378545595983065,0.009073016857258986,0.07368361766879646,-0.08880243927240372,0.13076381981372834,0,0.1,True,0.05944209933743958,-0.12433642033448238
1189.5,12.070270538330078,-0.03751536086201668,-3.110006361718284,-0.0002712227214425669,-0.0009203975555766556,-0.013708409398978464,0.012693926023191825,0.07168782534494458,-0.041721878647804266,0.004089850783348084,0,0.1,True,0.05028484311135576,-0.17808947736873895
1189.52,12.070697784423828,-0.03776286542415619,-3.1088059061440463,-4.222041756734536e-05,-0.0004883184442118344,-0.009739240248843114,0.011074165099947556,0.07232785545693204,-0.055685299038887026,0.0643484677374363,0,0.1,True,0.12108811898869447,-0.044715145737171225
1189.54,12.070783615112305,-0.03825366869568825,-3.1075894115051095,0.0003962439086508621,-0.0007584304813243632,-0.008998002181535972,0.015298561765476506,0.06730665395467976,-0.07084391012787819,0.0425279051065445,0,0.1,True,0.08002484182210602,0.028179023807815794
1189.56,12.07093334197998,-0.03827131912112236,-3.106214824197485,-0.0001847952560016921,-0.0006490507531425532,-0.005691496076896318,0.01613078045813024,0.07010640600982601,-0.04592824891209603,0.014212606251239778,0,0.1,True,0.0581360833006884,0.10462677820624783
1189.58,12.07103157043457,-0.03871406614780426,-3.1046218294019146,0.0002674368910959509,-0.0007115779243656233,-0.007306422053215805,0.008550427467280143,0.0739421472495678,-0.06517232775688173,0.011268724724650384,0,0.1,True,0.052960995786573394,0.2807642031479457
1189.6,12.071198463439941,-0.03903641551733017,-3.1031973936632653,0.0003644000533746,-0.00041014899360751565,-0.005088353584792272,0.012258416721554779,0.08069799771342426,-0.07773285910487175,0.07801651358604432,0,0.1,True,0.017810972378209902,0.3049012770765193
1189.62,12.071393013000488,-0.03891563042998314,-3.1016740397251494,-0.0003376622901428823,-3.300958165818106e-05,-0.0047611225186139534,0.008341859955233273,0.08976779020649499,-0.041626663058996205,0.10064067959785462,0,0.1,True,0.06411296697616618,0.22268113070341833
1189.64,12.071377754211426,-0.03923564404249191,-3.0997589843803985,-3.43310537991134e-05,-0.00033730715662852624,-0.004266618286636772,0.004105550497818631,0.0944985081759947,-0.05204227298498154,0.05592149332165718,0,0.1,True,0.01525468362448706,0.18791073996164323
1189.66,12.071438789367676,-0.03936568275094032,-3.097440406185381,-0.00011743691715503595,0.00023203945660172018,-0.0021773846951125978,0.00824450455711189,0.0917566377058757,-0.037163418382406235,0.0731807053089142,0,0.1,True,0.014624145986146508,0.03022768725571248
1189.68,12.071553230285645,-0.039350297302007675,-3.095637513009171,-0.00043140984504877515,0.0005265188077685801,-0.0038679788948309487,0.005675925375697001,0.09573085691038477,-0.06741558253765106,0.03993773922324181,0,0.1,True,0.0600098561778994,-0.12141839224064098
1189.7,12.071596145629883,-0.03956685960292816,-3.094333508708665,-2.2786447458180634e-05,0.0004931671870098229,-0.0035911908397199717,0.005825373975857725,0.09218600518695666,-0.03055895417928696,0.044611641466617585,0,0.1,True,0.06581430443375855,-0.008162101965083662
1189.72,12.071707725524902,-0.039675023406744,-3.0921005158275747,-7.883746404756997e-05,0.0007696420307017329,0.0005341702075908129,0.005242058070947771,0.08478503679675226,-0.038106262683868415,0.05340502738952637,0,0.1,True,0.13770367198357128,-0.15876451357006463
1189.74,12.071747779846191,-0.03981762006878853,-3.0900655257704313,-6.4827091141645425e-06,0.001214455121231665,0.0030877596595832975,0.0003879820361392337,0.0911036695486696,-0.09160379260778428,0.00825521543622017,0,0.1,True,0.1727519553034619,-0.1497219491881866
1189.76,12.071531295776367,-0.03977126255631447,-3.088854710065437,-0.00011429543630240866,0.0011780132124249902,0.007148314863844735,0.0010878541015438411,0.08302969582479115,-0.05822607189416886,0.06297758486121893,0,0.1,True,0.11213480075708228,0.04514683250350539
1189.78,12.071351051330566,-0.03961057960987091,-3.0870452151447783,-0.0002115835581017503,0.0010642131499244147,0.010228965584544412,-0.0026693801831226206,0.08020824925191262,-0.03848418146371842,0.08895139753818512,0,0.1,True,0.09687663406656298,-0.02073061570188496
1189.8,12.071141242980957,-0.039792075753211975,-3.0854581401615975,0.00028988808119039813,0.0007055763493547668,0.009504954268149237,-0.006782749742715933,0.0883967833970294,-0.11860212206840516,0.0631431132555008,0,0.1,True,-0.00116871583611981,0.1594513222031536
1189.82,12.070919036865234,-0.03964900225400925,-3.083648865830284,0.0003726798227711695,0.0003870896357596644,0.010837890384901287,-0.006047326734594409,0.0894452202925203,-0.11139279067516328,0.06314495742321015,0,0.1,True,-0.03218695404806197,0.22948928095148008
1189.84,12.070741653442383,-0.039272159337997437,-3.081782967393681,-0.00017391585809218744,0.0003744143057305022,0.007054817596955235,-0.010621252870025497,0.09578580160103184,-0.06509513556957246,0.0742792159318924,0,0.1,True,-0.07298462690346291,0.09699698869494305
1189.86,12.070457458496094,-0.03917781636118889,-3.079889597521383,-6.923219078326918e-05,-0.0003781025948140509,0.007654009260701797,-0.013369507409395987,0.09856739172801433,-0.08144440047442913,0.07430860996246338,0,0.1,True,-0.1479444241692926,0.008884009370845745
1189.88,12.070527076721191,-0.03897763043642044,-3.0777952760335,3.774550641008606e-05,-5.091543954465491e-05,0.0036661841158609192,-0.009738787553338034,0.09615654249263984,-0.02462928116321564,0.08116430342197418,0,0.1,True,-0.13669078251562466,-0.19835046352105706
1189.9,12.070241928100586,-0.038619235157966614,-3.0757634744920277,-0.00013776848920739963,-0.0009302013028754128,-0.0009976635486649947,-0.01078416877380094,0.09015594104218934,-0.1181103301048279,0.07198262736201287,0,0.1,True,-0.20138020679297705,-0.33341663727604165
1189.92,12.070399284362793,-0.038513340055942535,-3.074090443994255,0.00015359636673673466,-0.0011053285947094213,-0.003880445004315873,-0.005969037752021148,0.0799177645193166,-0.041983562707901004,0.017530437111854556,0,0.1,True,-0.1270045383946246,-0.4114221296516419
1189.94,12.070480346679688,-0.03831170126795769,-3.072677122237994,-7.818072450085567e-05,-0.0011808184879915015,-0.008456407282767501,-0.0018507796634530298,0.07189406074587945,-0.041983562707901004,0.017530437111854556,0,0.1,True,-0.04642182209638265,-0.41564310191711634
1189.96,12.070804595947266,-0.038480255752801895,-3.0714018548719606,0.00020743891499677277,-0.0007061596887728763,-0.006494178955699809,0.0038363848295952943,0.06324277212053843,-0.08629719376564027,0.046479812562465674,0,0.1,True,0.0006688807888755229,-0.283197541064874
1189.98,12.070906639099121,-0.038424938917160034,-3.0700119496323626,-0.000300501318658751,-0.0006648327250933006,-0.004711409316372229,0.00813241789486267,0.05690449288885027,-0.06468699872493744,0.027695308551192285,0,0.1,True,0.038882655756156785,-0.20210074562656408
1190.0,12.070939064025879,-0.038783058524131775,-3.0690310222246167,0.00024930553494177817,-0.0005783317573287206,-0.0038269345412058797,0.009013826727690214,0.05726196123414729,-0.01271821290254593,0.05433833323419095,0,0.1,True,0.014108355226336277,-0.006297745064829181
1190.02,12.070902824401855,-0.03893367201089859,-3.06812476280689,-1.1932713103618995e-06,-0.0008151911246444744,-0.005345794822277788,0.00986975074562579,0.05572600109576903,-0.0336760388314724,0.048998774588108064,0,0.1,True,-0.057186448875368535,0.07995737088866507
1190.04,12.071162223815918,-0.039177268743515015,-3.066820897973233,0.0001306108233354883,-0.0002834162343464536,-0.005365510537593933,0.010079995935394123,0.06273895251535255,-0.0727597051858902,0.048781986832618716,0,0.1,True,-0.027508708450558205,0.111133279862557
1190.06,12.071391105651855,-0.039180997759103775,-3.065553869544705,-0.0003279638504471588,-0.0003146519134201321,-0.009286325226397552,0.011809824683557128,0.06330108255993766,-0.07157012939453125,0.041508449092507366,0,0.1,True,0.011256187641558689,0.08161364780186647
1190.08,12.071427345275879,-0.0395551398396492,-3.064011906023393,-5.039269174585072e-05,-0.0008573605316368059,-0.006027631217248535,0.013825680060551019,0.06615262362314377,-0.014736662805080415,0.05025702059268952,0,0.1,True,-0.02096142466697399,-0.014875373108701443
1190.1,12.071715354919434,-0.03981929272413254,-3.0630606762020998,-7.630099009870944e-05,-0.00030700847232974893,-0.0044452998109539114,0.017512693427204577,0.06225509291991241,-0.04383138589560986,0.15701422452926636,0,0.1,True,0.0815745139190479,0.020281748634405634
1190.12,12.071728706359863,-0.040242623537778854,-3.0615286880833863,0.00014610262004255626,-0.000646236723795309,-0.0070424245109503274,0.01358324485980843,0.06154892266665752,-0.07167700558900834,0.005450270771980286,0,0.1,True,0.03092787995896775,-0.05087806369160041
1190.14,12.071855545043945,-0.04054979607462883,-3.0605734621111025,0.00025258240123976624,-0.0006793455479278288,-0.002760364112861107,0.014612487564806025,0.06492362245069325,-0.014383844733238222,0.009798343628644944,0,0.1,True,0.05543359493108084,0.07458582399642692
1190.16,12.072075843811035,-0.040593259036540985,-3.059087992210051,-0.0004411989772193194,0.00016863768158514143,-0.0035534008205263326,0.01083921969921472,0.06208237852780787,-0.014383844733238222,0.009798343628644944,0,0.1,True,0.10050338086809868,0.125392050035177
1190.18,12.072030067443848,-0.04096658527851105,-3.0578667864060343,-0.0001316804823273285,-0.000188565542093391,-1.06122164588733e-05,0.01227513245572908,0.0682219588396381,-0.028600715100765232,0.08710753649473191,0,0.1,True,0.02835905180728313,0.19189830754990317
1190.2,12.072083473205566,-0.041083384305238724,-3.056562097801152,-0.0003325630737286607,0.00010607153036526147,0.0009978459585131064,0.014935242459017287,0.07158028666949107,-0.05996923595666886,0.024962987899780277,0,0.1,True,0.06125325437739356,0.26909282868420614
1190.22,12.071938514709473,-0.04152829572558403,-3.0551157054039364,-8.473138326818535e-05,-0.0003240241861524425,-0.0004916399682805205,0.015446469766080736,0.08027548705467154,-0.07418065205216408,0.10451029211282731,0,0.1,True,-0.00044951408980394643,0.1554576489355749
1190.24,12.072097778320312,-0.041790541261434555,-3.053361569276497,-0.00016525961210325362,0.0004737140260436939,0.001346859529660695,0.01968993441580962,0.08360980482252478,-0.011900249421596528,0.12911261379718783,0,0.1,True,0.028572692277852463,0.009641028194482771
1190.26,12.072175979614258,-0.04219428822398186,-3.0514447474416664,-2.9700045172734968e-05,0.000987116690978992,-4.6573343643156306e-05,0.013653357235487442,0.08065857075447277,-0.011900249421596528,0.12911261379718783,0,0.1,True,0.1082441632162573,-0.18486764078311552
1190.28,12.072114944458008,-0.04266194626688957,-3.049873313415356,0.0005073192372817184,0.0010387565471175093,0.0032836613407392244,0.01136190034150017,0.07235156892504899,-0.005388893783092499,0.026367648094892504,0,0.1,True,0.11257128643931819,-0.2974531822529657
1190.3,12.072040557861328,-0.04261579364538193,-3.0486630197435844,0.00015622088013031796,0.0010449093981853715,0.008167893089012187,0.006707886405566796,0.06548607579203575,-0.007620127573609353,0.07692006826400757,0,0.1,True,0.12032957223286024,-0.3016762817119913
1190.32,12.071919441223145,-0.04271973296999931,-3.047573443762498,0.00017931784980094662,0.0012299614759148983,0.010352562444797958,-0.0017014754287520562,0.059813550242309166,-0.007620127573609353,0.07692006826400757,0,0.1,True,0.10025100481110777,-0.08805423611165855
1190.34,12.071575164794922,-0.042789239436388016,-3.0462058613783083,0.00025628913883676173,0.0004486971350123613,0.009579792434976907,-0.0053873086687241355,0.05652446821753542,-0.0063346892222762114,0.09450952291488648,0,0.1,True,-0.007387173023541034,0.06868804367049798
1190.36,12.071277618408203,-0.04260418191552162,-3.045088229395976,5.140929897484052e-05,-6.850189124752713e-05,0.01130374172562055,-0.007446098197250665,0.06530723003612271,-0.07456220805644989,0.10452367901802063,0,0.1,True,-0.023011203007321106,0.32747124038856124
1190.38,12.071236610412598,-0.042259760200977325,-3.044141062286173,-0.0005322514940794,0.00022328484396207628,0.007576919247127762,-0.009852809510177835,0.0709811192856862,-0.08615143502131105,0.11288879036903382,0,0.1,True,0.039587248731538655,0.5029021099532353
1190.4,12.070961952209473,-0.04221395030617714,-3.0423488653595983,-0.00033630367519763585,0.0001271157190291465,0.008511666204208712,-0.012332660236659425,0.0860112494734447,-0.0685647300630808,0.03294149577617646,0,0.1,True,0.018447587040547414,0.393116656984663
1190.42,12.070895195007324,-0.04206373170018196,-3.0405273718354424,-0.00058582181948234,0.0002538501916393335,0.01274677233350612,-0.005810743351694184,0.096756637013872,-0.037057002708315856,0.10126079976558686,0,0.1,True,0.1167198213368444,0.27681308445087766
1190.44,12.070502281188965,-0.04168989136815071,-3.038207329438087,-0.0009998066605769408,-4.782549483696443e-08,0.012779548688867196,-0.005971694502232727,0.09675656259495653,-0.008908417969942094,0.037454601824283604,0,0.1,True,0.11087935613212774,0.0050460898268330735
1190.46,12.070175170898438,-0.0419001579284668,-3.03640053132507,-0.0003519495420853885,-0.00011116364319535789,0.016914504954066822,-0.005103553376073659,0.09312616604173628,-0.06486195527017118,0.07613690197467805,0,0.1,True,0.04856758005844417,-0.2180040139517442
1190.48,12.06989574432373,-0.04184427484869957,-3.0346083403520088,-0.000510318948159399,-0.00032467319153506254,0.017382014694770864,0.0005328042998748431,0.08641493665959098,-0.046083035394549374,0.10678332686424256,0,0.1,True,0.08769957439561368,-0.35103735969330147
1190.5,12.069506645202637,-0.04179978370666504,-3.0330772785521103,-0.0006252835635355662,-0.0005504650002125944,0.01663217873817812,0.00044046266590148063,0.07931631589774832,-0.004622521623969079,0.07060160756111146,0,0.1,True,-0.014400183163094547,-0.38103161692989923
1190.52,12.069124221801758,-0.04188075661659241,-3.031294134505326,-0.00019474222640585622,-0.0007747944464380453,0.01979551464050991,0.005358306429787903,0.06867357381951796,-0.051119310986250645,0.08902943879365922,0,0.1,True,-0.06186611632773729,-0.35648741969994013
1190.54,12.068856239318848,-0.042079292237758636,-3.030055226053256,0.00014673215801588147,-0.0007844154500491035,0.015762490301020306,0.004823497257671012,0.06264363668737206,-0.061218073368072515,0.041108888983726506,0,0.1,True,-0.04324635164040242,-0.14604883183477932
1190.56,12.068368911743164,-0.04244465380907059,-3.0291144544464523,0.0007154972731025762,-0.0014519754105701422,0.012432725388556382,0.005984011632165599,0.057895943083621705,-0.0028713946789503102,0.019840546101331714,0,0.1,True,-0.1518535160258226,0.1345311294156835
1190.58,12.068296432495117,-0.04232362285256386,-3.028065787617125,0.00020008135930937184,-0.0007520874275528286,0.013172470606949073,0.007247680379755714,0.0676324093509766,-0.027555207610130313,0.022992885857820514,0,0.1,True,-0.09041474266468383,0.2761235066387519
1190.6,12.06818962097168,-0.04246808961033821,-3.0266624590586404,0.00015956427098268167,-0.0005589899871559597,0.00764723335845515,0.006888305127628325,0.07943606417276285,-0.01979355737566948,0.02826965779066086,0,0.1,True,-0.02515352012470414,0.4341887863846518
1190.62,12.067874908447266,-0.0427747517824173,-3.024644633305183,0.0004196577373101212,-0.0010431495237000884,0.008529310887852179,0.00884792854135139,0.08473351721845213,-0.13534333467483523,0.08323968887329103,0,0.1,True,-0.05508690304179462,0.33051725754288935
1190.64,12.067824363708496,-0.0430622398853302,-3.022759569312619,0.00046174404559732614,-2.770879368744269e-06,0.010420443778576162,0.01166068853967308,0.09263104599446098,-0.03849234461784363,0.08626440763473511,0,0.1,True,0.021050248143188226,0.19532041998530872
1190.66,12.06770133972168,-0.043106239289045334,-3.021287106239636,-0.00011480737992170491,0.00044398577670901073,0.008765518363596986,0.012315723518579992,0.09407378995445885,-0.06406482499092818,0.021954046785831453,0,0.1,True,0.048415059684954916,0.13164534499263436
1190.68,12.067472457885742,-0.04349319636821747,-3.019251975379069,9.247168529540475e-05,0.00042002581367958674,0.009331253209913463,0.012397229678178634,0.09506169777161774,-0.10589875221252443,0.08130625426769257,0,0.1,True,-0.0017649255843506767,-0.07002656066307288
1190.7,12.067296981811523,-0.0438370481133461,-3.0171187301088116,6.906933834726574e-05,0.0009003808913061898,0.012402515662656058,0.012131807821037816,0.09526514481788323,-0.051555033028125766,0.11398124277591706,0,0.1,True,-0.0041154943733499524,-0.18301868786670333
1190.72,12.067204475402832,-0.044137705117464066,-3.0151546334908965,0.00015474737798682562,0.0011187520921170375,0.010279249731828236,0.006277338518030295,0.08702892114142025,-0.06428160153329374,0.10540788024663926,0,0.1,True,-0.017505494464456185,-0.25547103471604937
1190.74,12.066837310791016,-0.04419245943427086,-3.013665894654212,0.00010846567127735626,0.00048180336134039163,0.008436278813729289,0.0021401100549404695,0.0794322949251359,-0.0015191321074962618,0.04041180610656739,0,0.1,True,-0.09831217814144526,-0.2861055964844055
1190.76,12.066720008850098,-0.04409507289528847,-3.012289661687762,-0.00016413967108827246,0.00042690520840494846,0.007930813652758242,6.758886148355695e-05,0.07462401499435238,-0.035250197127461434,0.05286616429686547,0,0.1,True,-0.09095427807709777,-0.15633297789482287
1190.78,12.066649436950684,-0.04409296065568924,-3.0107641465148065,-0.00019924729167736653,0.0007894799516958326,0.0045375414113475905,-0.0005132130528936042,0.07237669709915161,-0.035250197127461434,0.05286616429686547,0,0.1,True,-0.0480709843895983,-0.04233242136144534
1190.8,12.06657600402832,-0.044224876910448074,-3.0091847122913538,0.00032856110253201267,0.0006731837702043974,0.0030029074856670317,0.0019591586143278142,0.07452228290984579,-0.016809083297848703,0.049746703505516056,0,0.1,True,-0.04660214608646526,0.047909989187375594
1190.82,12.066472053527832,-0.04419910907745361,-3.0078757588862852,0.00015198203317308282,0.0006145765268460845,0.004590600062564922,0.0005946077752623521,0.07604570121622335,-0.008783686049282551,0.05029253959655762,0,0.1,True,-0.003443743464674665,0.1705061857948685
1190.84,12.066502571105957,-0.04428214952349663,-3.0063278790549797,0.00026131925991949384,0.0006673280688853012,0.004202641965844411,2.854523741365985e-05,0.07845681412933894,-0.0731363868713379,0.036923431977629664,0,0.1,True,0.07575275039341595,0.19464882037391354
1190.86,12.066291809082031,-0.04418906569480896,-3.004680490417514,6.21158069400442e-05,0.00016493003469875885,0.004262041934173868,-0.0015564157599742277,0.08601719196272868,-0.007374860048294068,0.06649521350860596,0,0.1,True,0.0158261820589984,0.21200789316036892
1190.88,12.066243171691895,-0.04427247866988182,-3.0029081671609945,0.00012420862314297768,0.00026374871630756086,0.00906312751715202,-0.0010373298787572309,0.09009418853978897,-0.05275486452504993,0.016079096943140032,0,0.1,True,0.029140998597210335,0.23640362974875503
1190.9,12.066117286682129,-0.04412229731678963,-3.0009943835292536,-0.0003266599254048163,0.0003304443623203417,0.005856694627287241,-0.0022587696615456346,0.09300633266908565,-0.09154197648167611,0.070805242061615,0,0.1,True,0.03540856072295647,0.22981618712299504
1190.92,12.065773010253906,-0.04430019110441208,-2.9991203439717826,-0.0001638661065414946,-0.00037851421845499535,0.006533921853625744,-0.0027242196552154235,0.0973691045092759,-0.008148114979267122,0.03510480672121048,0,0.1,True,-0.09574144808612552,0.2868150439215322
1190.94,12.065802574157715,-0.04407580569386482,-2.997239983803973,-0.0003657223193065239,7.804799878218389e-05,0.00709472679201586,-0.0037325395568898424,0.10440248693260382,-0.0809519299864769,0.078426830470562,0,0.1,True,-0.06788043656635628,0.32967890941046774
1190.96,12.065694808959961,-0.044130969792604446,-2.9951186388002595,-8.695650333240696e-05,-0.000486035240504178,0.0014038116702689441,-0.003553040660029337,0.11303939205349067,-0.11236177146434785,0.07754099369049074,0,0.1,True,-0.12500347065550613,0.33967385599762595
1190.98,12.065512657165527,-0.04390844702720642,-2.992642184574653,-0.00034203844773810296,-0.0008821213091600278,0.00042625970198367763,-0.002461190527230326,0.11938064542189908,-0.11881100118160248,0.11151650846004488,0,0.1,True,-0.18692078819735974,0.09275752315292476
1191.0,12.065620422363281,-0.04403538256883621,-2.9900771926075116,0.0003255455711867127,-0.0008299025225194617,-0.003466355798805652,-0.0023257724867542765,0.12454301298906126,-0.08824968338012697,0.09986506313085557,0,0.1,True,-0.10763486765601964,-0.023743055573054256
1191.02,12.065739631652832,-0.043886151164770126,-2.9876895321702297,0.0003988106988753301,-0.0009830635736328786,-0.007858936263759319,-3.6015419413293294e-05,0.11182308878483105,-0.04938678622245789,0.007161973416805268,0,0.1,True,-0.0827269323723302,-0.16489557368779856
1191.04,12.065940856933594,-0.04390518367290497,-2.9851551977611437,0.0005348990985098929,-0.0008037829358729821,-0.007206977742204797,-0.0020798496797586694,0.11113994760764806,-0.1095883059501648,0.07015216208994389,0,0.1,True,-0.0478678335442762,-0.33118151739714446
1191.06,12.066133499145508,-0.04380922019481659,-2.9836963374718746,0.00044865948706681577,-0.0008009422543270644,-0.006191894887796719,7.94207157928334e-05,0.10618899952688719,-0.04018789410591126,0.009584899470210077,0,0.1,True,0.013352029534680229,-0.15953267863805945
1191.08,12.066164016723633,-0.04378119856119156,-2.981185996798908,0.0003108780676921202,-0.0010616637731645402,-0.007295782482344265,0.0015555903155051922,0.0980484915973138,-0.09852954983711244,0.058588057085871705,0,0.1,True,-0.03733061682599916,-0.27346431115952086
1191.1,12.066229820251465,-0.043814536184072495,-2.9791944122080865,3.890801351266372e-06,-0.0010399022442444492,-0.006790773900985872,0.005813093626082545,0.0990604744937979,-0.060345135331153876,0.12769300520420077,0,0.1,True,-0.04756718699254597,-0.4064526470096647
1191.12,12.066536903381348,-0.043934810906648636,-2.9773113184333657,6.69703404013181e-05,-0.000484240280257538,-0.010193427088282013,0.010454550889077055,0.08926280271490629,-0.0710604339838028,0.10125514626502992,0,0.1,True,-0.03676096414905016,-0.3718144570556337
1191.14,12.066744804382324,-0.044180311262607574,-2.9757714995123554,0.00013682640388202065,-7.426361457953512e-05,-0.009997269847207751,0.011834938125794248,0.07367278776605117,-0.02145936965942383,0.0301696115732193,0,0.1,True,-0.001411173397407452,-0.43083959652189857
1191.16,12.067105293273926,-0.044472936540842056,-2.9740449725817015,0.0002455303699589365,0.0006277803253849881,-0.010236659614273962,0.013675612115929683,0.06830333503280561,-0.04020589768886566,0.007333655469119549,0,0.1,True,0.06072760460751599,-0.2677385013665178
1191.18,12.067174911499023,-0.04461633041501045,-2.973300589186791,0.00028819024771268816,0.0005137709625171685,-0.006903667772778686,0.010822149568741876,0.0645933067719794,-0.05157263398170472,-0.004568934366106988,0,0.1,True,0.03788479103804081,-0.002656118365969803
1191.2,12.067526817321777,-0.04487697035074234,-2.9718470516307307,0.00041229724455173943,0.000983100405855885,-0.005335218719671344,0.008741910891723003,0.06784372260554347,-0.05157263398170472,-0.004568934366106988,0,0.1,True,0.0744130640567181,0.06501597136545319
1191.22,12.067434310913086,-0.04494134336709976,-2.9706040349706018,0.00015992356651790067,0.00022115317390027493,-0.006966486564167243,0.006944969056542422,0.07346029829677378,-0.013447220325469971,-0.0033027956262230876,0,0.1,True,-0.006254880198993152,0.09086718244166622
1191.24,12.067644119262695,-0.04509013518691063,-2.968617474773263,0.00013173320419341086,0.00016205824447248872,-0.004283614489741928,0.0031186344355270445,0.07350461274203714,-0.0465362573415041,0.03984923742711544,0,0.1,True,0.025240274779224837,0.002059211955400159
1191.26,12.067818641662598,-0.04506899416446686,-2.9674237653230544,-1.2550216276426366e-05,0.0003934266925239769,-0.007404058188697683,0.0027034693404287225,0.07186268136730609,-0.12449422121047975,0.035369673222303395,0,0.1,True,0.0441352659808371,0.039838011619000906
1191.28,12.067907333374023,-0.04506375640630722,-2.965966682611373,-9.216419024101761e-05,0.000422195025557419,-0.0033159967373351936,0.0012357928446079373,0.06800845956197533,-0.10351612925529481,0.03889090310782194,0,0.1,True,0.028460777895742962,0.04511468954465524
1191.3,12.068055152893066,-0.045051705092191696,-2.9648550204612225,-0.0001687033841168981,0.0007565822545973918,-0.0034356652857034865,0.00273141585789974,0.07664733922629095,-0.05929090976715089,0.04656402051448823,0,0.1,True,0.10114896172029549,0.07603820083420265
1191.32,12.067922592163086,-0.045141126960515976,-2.96317679800831,-0.00013273191754226076,-0.00017053422030260034,-0.002006752258084562,0.0014330048050345229,0.07711378790560627,-0.04192279070615769,0.0373330307006836,0,0.1,True,0.02493182348069721,0.06124132719951254
1191.34,12.068127632141113,-0.045235779136419296,-2.9612919781849567,-1.59950112012797e-05,0.00038959889557328226,0.0006878587489185952,0.0027764864700784157,0.07794573743403677,-0.02732314705848694,0.044066994488239294,0,0.1,True,0.043050867601350226,-0.07418175696085562
1191.36,12.068085670471191,-0.0451480858027935,-2.95979757957893,-0.00040006629323533784,0.0003304738888283899,-0.001321450858881231,0.004679837509853927,0.07290776573793188,-0.05704818069934846,0.07792276561260224,0,0.1,True,0.026627435665011644,-0.1040588624199232
1191.38,12.06804084777832,-0.0452800914645195,-2.9586193614664875,-3.392455792524104e-05,-0.0001738223720607999,8.404122411188116e-06,0.002469514953628401,0.07071279866941103,-0.02202798664569855,0.014752688705921174,0,0.1,True,0.03354573234321697,0.03098676380350707
1191.4,12.068094253540039,-0.04549023136496544,-2.957344176749264,0.00018006346988719797,-0.0002475487313616596,0.0001234425951204866,0.0058678050408008395,0.06878907891199633,-0.02202798664569855,0.014752688705921174,0,0.1,True,0.10494584926894428,0.220349484284099
1191.42,12.06816291809082,-0.04543016478419304,-2.955634954291393,-0.0001329596021889433,0.00022709159440997592,0.003371517336381139,0.005928451317238436,0.08042467853832212,-0.031222150996327403,0.03786414057016373,0,0.1,True,0.10537895236586067,0.3280968921082768
1191.44,12.068161964416504,-0.04561137408018112,-2.95429445326596,-7.524539830739446e-05,0.00040798398059097853,0.007074217082650538,0.0021158640679100594,0.09053572448069387,-0.01881373479962349,0.043691804409027105,0,0.1,True,0.1457461437090687,0.4268168576289645
1191.46,12.067863464355469,-0.04579605907201767,-2.9521853871834276,5.505405876777067e-05,-0.0002590664755441373,0.008438720311672376,0.005903027265985551,0.0969605500380493,-0.05009345293045044,0.011175283938646318,0,0.1,True,0.08443516581709225,0.3088696706377773
1191.48,12.067569732666016,-0.045761920511722565,-2.950101318790815,-0.0001904913120606733,-0.0004063924740801635,0.011783134091835379,0.0058484797859602415,0.10293442752228243,-0.07183114171028138,0.05711087197065354,0,0.1,True,0.02351518214000746,0.15542791608487946
1191.5,12.067588806152344,-0.04602106660604477,-2.947878110288356,9.712210635481811e-05,8.025983526422276e-05,0.010126330601742376,0.0048654546773511725,0.10513425218932183,-0.07183114171028138,0.05711087197065354,0,0.1,True,0.025728100702119946,0.03502232529782021
1191.52,12.067325592041016,-0.0462501086294651,-2.9460596990641847,0.0005163621257378488,-0.00021543386618953723,0.008955431653849424,0.006376217686617848,0.10296995776747292,-0.08605693668127061,0.06057500958442689,0,0.1,True,-0.012655497633671832,0.030178104310968037
1191.54,12.067143440246582,-0.04633396491408348,-2.9437746470082895,0.0005775069386037543,-4.608296410112369e-05,0.0104969683678401,0.0008720539338295274,0.09976233606187238,-0.03474309273064137,0.0631491443514824,0,0.1,True,0.004914191437056317,0.02416580856393324
1191.56,12.06696605682373,-0.0464014932513237,-2.941863722169425,0.0006247340985751344,-3.8027190030557635e-05,0.010770694281142553,-0.00014721392118548487,0.10534867586715768,-0.13775462985038758,0.044206790328025825,0,0.1,True,-0.030878113313032977,0.06300576603774857
1191.58,12.066779136657715,-0.04625450819730759,-2.9398971234034135,0.00018896481879894517,-0.00012697281665974405,0.010519465916706524,-0.00020539864182930745,0.10706751687443473,-0.021372697949409488,0.012793511375784876,0,0.1,True,-0.10532152165343556,-0.023106412925781434
1191.6,12.066478729248047,-0.046409521251916885,-2.93763180499482,0.0005024839012641772,-0.0005505879382460663,0.006485182588809033,-0.002075194660802705,0.10801041905048822,-0.049835843145847325,0.07653366714715959,0,0.1,True,-0.20275790614409134,-0.26695754735607985
1191.62,12.066315650939941,-0.04648645594716072,-2.9352092456583425,0.0006406339008387724,-0.0007425368347177844,0.0020712466355729173,0.002795892401626302,0.09791382302781154,-0.0447114497423172,0.05578984498977662,0,0.1,True,-0.2897194791936473,-0.45515835662441223
1191.64,12.066424369812012,-0.046344004571437836,-2.933222888645369,0.0001438873351480241,-0.0003119801894987741,-0.0054499382104161035,0.003037782085643365,0.08399207207863002,-0.10715738415718079,0.08866874128580095,0,0.1,True,-0.2962604974181197,-0.6005090129313526
1191.66,12.066662788391113,-0.04650738835334778,-2.9320640175611734,0.0005505793105166724,-0.00015164457547436877,-0.012658092418830058,0.004377849124377863,0.07065484834441138,-0.07135701119899751,0.04570699989795685,0,0.1,True,-0.22588461371203128,-0.4400013489751482
1191.68,12.06695556640625,-0.046557094901800156,-2.9309124392285164,0.0002537545229335955,-0.00023913898379164546,-0.017215657204686353,0.0100770110945083,0.05996969801588717,-0.011998939514160157,0.05116739116609097,0,0.1,True,-0.11477380277997405,-0.22577065849959643
1191.7,12.067378997802734,-0.046618394553661346,-2.9295568577907787,-0.00014482972978757035,-0.0005417654598472525,-0.015999522461424512,0.012627293397978401,0.06271371510973166,-0.025338401198387147,0.0573515921831131,0,0.1,True,0.016391764277696737,-0.06063959236388224
1191.72,12.067939758300781,-0.046844322234392166,-2.9284253128041025,-0.00016428328125639124,-0.00026168269572470057,-0.014631842432805678,0.013826468436575447,0.06593041939867873,-0.08625717699527741,0.06456815265119076,0,0.1,True,0.13353982455571628,0.09795812405736855
1191.74,12.068126678466797,-0.047225579619407654,-2.9270469203523994,0.00023467881442624524,-0.0005144551071310859,-0.011346751276615512,0.016461019794627045,0.06580368095530521,-0.03771703064441681,-0.008305985331535341,0,0.1,True,0.11725102902010905,0.08082746200351855
1191.76,12.068333625793457,-0.047390539199113846,-2.925638005676627,-0.00011750520257964286,-0.0005903654695551853,-0.006532471240238768,0.016619926955400845,0.06780634794046952,-0.0455794894695282,0.017595881074666978,0,0.1,True,0.13597768675783348,-0.05458200789429582
1191.78,12.068546295166016,-0.047711823135614395,-2.924292563314359,-0.00018606471544120736,-0.0005367060086101149,-0.006619440139824319,0.014529979933591593,0.06917991207000726,-0.07645458281040192,0.013532740473747255,0,0.1,True,0.14240131715516408,-0.059306599257024924
1191.8,12.068735122680664,-0.048031050711870193,-2.92300080496887,-0.00010637428371420432,-0.0003784568886920262,-0.003753627492188893,0.01559088148789045,0.06156385876713904,-0.06998907268047333,0.013717883229255677,0,0.1,True,0.17128143454507544,-0.05228819289472174
1191.82,12.068894386291504,-0.04824647307395935,-2.921512527386804,-0.00028682928875949396,-0.00020243895820893206,4.5354095787252316e-05,0.015710861930063814,0.061059153014747534,-0.06971194684505463,0.03927155137062073,0,0.1,True,0.19612662209160248,-0.10458719230894131
1191.84,12.068897247314453,-0.04854300990700722,-2.9207128969752603,-0.00024320405358285976,-0.0003583442947288004,0.007170043523354806,0.017186128873711442,0.06362329250889559,-0.07388475805521012,0.005854444950819016,0,0.1,True,0.16090590257397233,0.13268104752801085
1191.86,12.068817138671875,-0.04893916845321655,-2.9194078310731837,-0.00036755034689569936,-0.00025516309321675797,0.009070689627489609,0.019107149234075478,0.060812936685299565,-0.04041018776595593,0.020835547596216204,0,0.1,True,0.11570825185074984,0.16234114311534198
1191.88,12.068476676940918,-0.04949820786714554,-2.9179109415681483,-0.0001638553334527193,-0.000794668313446298,0.009118844713753772,0.019824444048216,0.07217834256940042,-0.007975499369204045,0.018579249605536464,0,0.1,True,-0.04161648803203173,0.13944165186543503
1191.9,12.068523406982422,-0.04989737644791603,-2.9166474924519705,-6.678297672126968e-05,-0.00013285565246302182,0.00930201424386513,0.018740314496709612,0.074046444464,-0.00237888403236866,0.028047911226749423,0,0.1,True,-0.054108291996316435,0.11379465031529198
1191.92,12.068537712097168,-0.050251275300979614,-2.914938629569697,5.1975182283876764e-05,0.000118663900043854,0.003840724480785833,0.01633585749115634,0.07477862465815195,-0.058002876490354544,0.08598083138465883,0,0.1,True,-0.04722064067026722,-0.12764397265409222
1191.94,12.068426132202148,-0.05056660994887352,-2.9134841155160522,8.254717569449829e-05,-0.00018531466284924889,0.004742026267775928,0.01051605745081991,0.06991650871054052,-0.12545848309993746,0.04876380175352097,0,0.1,True,-0.0884202762293072,-0.14343961663664304
1191.96,12.06847095489502,-0.050840698182582855,-2.9119286515955016,0.0003693962292972636,3.732253447859955e-05,0.005341193460135831,0.0076079787085589585,0.06196682475708233,-0.08522998809814454,0.03689622581005097,0,0.1,True,-0.010709055905223277,-0.1847115664520173
1191.98,12.068344116210938,-0.05080265551805496,-2.9110541717551324,7.919509326587357e-05,-0.00010868572995421271,0.0022283921455269876,0.0034946327284795502,0.06257127513307899,-0.0036963827908039096,0.05935312330722809,0,0.1,True,-0.03635110557818,-0.048057902817412276
1192.0,12.068260192871094,-0.05094120651483536,-2.909981283589135,0.00036974216898486424,8.934825807580048e-05,0.00298400000836875,-0.0012654900725491487,0.06000169934200401,-0.0006897217221558095,0.05558846771717072,0,0.1,True,-0.05178516710668451,0.12074254741396596
1192.02,12.068316459655762,-0.05087951943278313,-2.9084784135054105,-5.766296174422613e-05,0.0005229573332397899,0.0018339378215241728,0.0008091837343844441,0.06607187648515103,-0.05016230985522271,0.13088106632232668,0,0.1,True,0.032235983910090325,0.13364346285075362
1192.04,12.068215370178223,-0.050796959549188614,-2.9071285156481457,-0.00015135575969048694,0.0004712812047962754,0.0011983800916048378,0.0014766029565180915,0.07162622855019082,-0.09904572904109955,0.11762823671102525,0,0.1,True,0.07754765686545985,0.2689236462688516
1192.06,12.068216323852539,-0.050899531692266464,-2.905768421636325,3.387458640290029e-05,0.00039310841638069596,0.004807270858331868,0.002352181579532698,0.07326275216112955,-0.11441993355751039,0.041286924183368684,0,0.1,True,0.12661313337048016,0.2523853240122033
1192.08,12.068194389343262,-0.051078375428915024,-2.904251185305125,0.00016331758606737416,0.0009540413787725414,0.009187812557599895,0.001932912586127612,0.08151559104349257,-0.14788075029850006,0.050237216651439674,0,0.1,True,0.17136301295760392,0.23611646879035142
1192.1,12.067986488342285,-0.051152341067790985,-2.9026173933325254,0.00014924632906565134,0.000802163932742281,0.011962988491153372,0.0024681667887472935,0.08626270240610893,-0.0111586332321167,0.0770202186703682,0,0.1,True,0.17974468965124984,0.2301864780252425
1192.12,12.067537307739258,-0.051120076328516006,-2.900607268364672,-4.536688359295348e-05,0.000533089129418877,0.014907421128200683,-0.002128395880574822,0.09051554605340176,-0.07162476390600205,0.021808009147644046,0,0.1,True,0.13514936520852933,0.1407567034565921
1192.14,12.067333221435547,-0.051317911595106125,-2.898867405443823,0.00020898077435139227,0.0005089596328450509,0.019186846030459646,-0.006084286904247796,0.09167767040318454,-0.10315307829529048,0.04580330342054367,0,0.1,True,0.07051725499760644,0.10350255181261755
1192.16,12.066995620727539,-0.05119764804840088,-2.897009941620839,-0.00017672240371822214,0.0004242224235838475,0.019999761774303137,-0.005623423260726545,0.0927761273200417,0.0015676153078675271,0.09430308461189271,0,0.1,True,0.05056345065346522,0.008489361598919349
1192.18,12.06637954711914,-0.05104878917336464,-2.8952831797002565,-0.0006420687928339662,-0.00040326126274642713,0.01760436889097279,-0.0033641348515303414,0.09454290655113434,-0.04589977227151394,0.06393794536590577,0,0.1,True,-0.03457983503665965,0.026709033937146957
1192.2,12.065876007080078,-0.05107102915644646,-2.8931851781790545,-0.000930970053465125,-0.0009339526177707283,0.01895249718048572,-0.001161226744731886,0.09119469498131662,-0.11200732827186585,0.1084497618675232,0,0.1,True,-0.033427942132650566,-0.0676026973025539
1192.22,12.065901756286621,-0.05140029639005661,-2.891303972919739,-0.00026619964309006276,-0.0005850116342367067,0.01642045922752939,0.004357081497089908,0.09381439311815436,-0.01062524475157261,0.06201476007699967,0,0.1,True,0.059653399302689834,-0.09649467535292401
1192.24,12.065503120422363,-0.05148037523031235,-2.88971436602234,-0.00042120769207633054,-0.0008548132046245546,0.017325526403693524,0.006290467025450018,0.08736791153584231,-0.01062524475157261,0.06201476007699967,0,0.1,True,-0.013370892495163343,0.10545229205382882
1192.26,12.065193176269531,-0.05171186104416847,-2.887778028250811,-0.0002652577246093768,-0.0007660105507174048,0.022376640835183637,-4.985819663938084e-05,0.08682333252290744,0.0036929411441087726,0.0809874051809311,0,0.1,True,0.01122182012754889,0.010876966028020718
1192.28,12.064659118652344,-0.051903821527957916,-2.8861957452561935,-0.00016167644021038312,-0.0011962588651534547,0.017882825780873624,0.0023811193611073256,0.09963087834561525,-0.14949876964092257,0.06841528624296189,0,0.1,True,-0.05914787389000391,0.012891196905460733
1192.3,12.064167976379395,-0.05184593424201012,-2.884358106317913,-0.0005266355944092099,-0.001455773232603179,0.017318204837732484,0.0011694089476063972,0.09468455040039522,-0.003725022673606873,0.08378848522901536,0,0.1,True,-0.17115558026072725,-0.0925234743866306
1192.32,12.064167022705078,-0.05202610418200493,-2.881743895754698,8.16621003554974e-05,-0.001112548433043386,0.012593696492497515,-0.0008365310096863643,0.08839920728827823,-0.006075148172676564,0.04994065403938294,0,0.1,True,-0.06289682538753007,-0.39339716444245004
1192.34,12.06387710571289,-0.05215480551123619,-2.8802032642187863,0.00023347303472261857,-0.0013111480482942452,0.00868419441433791,0.003263101480392477,0.07942145457198373,-0.1767036020755768,0.10970716714859009,0,0.1,True,-0.07720700585352162,-0.4167991222210803
1192.36,12.063668251037598,-0.05209800601005554,-2.8791238086731377,-3.169063878325473e-05,-0.0009706868344237853,0.012851079749875795,0.0021183385403994166,0.06815910519024787,-0.0078953617811203,0.043552707433700565,0,0.1,True,-0.05566802775362022,-0.22349173450861362
1192.38,12.06356430053711,-0.05227765068411827,-2.878004389952142,-3.928186606044118e-07,-0.0006131002449297552,0.011141644369438817,0.0027153811353561336,0.06134062062264436,-0.05381288155913354,0.04743725009262562,0,0.1,True,0.007565320422820955,0.0334200876500028
1192.4,12.063218116760254,-0.05245652049779892,-2.8762911673394678,-1.1843851549571847e-07,-0.000912291271734212,0.00814025427219929,0.006363431380738299,0.07051986852755458,-0.01084645099937916,0.059030078947544105,0,0.1,True,-0.08658774288763509,0.2480346627997148
1192.42,12.06307315826416,-0.052596766501665115,-2.875296014568965,-5.054203104469328e-05,-0.00038733391234079293,0.009289420048164757,0.007419357097806817,0.08209506158398912,0.0008432180434465409,0.04000484794378281,0,0.1,True,-0.08870609190271209,0.4605612177076609
1192.44,12.063173294067383,-0.05276001989841461,-2.8734822191909224,6.170483620455058e-05,0.0003636067501365753,0.005924060318851601,0.009413623713117065,0.0880018782142634,-0.01967597108334303,0.06726771533489229,0,0.1,True,-0.064471065426772,0.4180039744382291
1192.46,12.063003540039062,-0.0530458465218544,-2.8714367850254288,7.539095345684774e-05,-2.72795035719267e-05,0.0040451570172283045,0.014026682735437057,0.09818551803922372,-0.13753366351127627,0.0728574898838997,0,0.1,True,-0.12034400040262049,0.22059971451200572
1192.48,12.062960624694824,-0.05330825224518776,-2.869251017082333,-4.641903579652734e-05,0.00010804092049501933,0.0029825690380622214,0.012629446709433887,0.1039601864825825,-0.10655506938695909,0.07601431488990784,0,0.1,True,-0.07019134272606724,0.10986307926826588
1192.5,12.063060760498047,-0.05376456677913666,-2.8674411731258345,0.000528026373801642,0.0004309946646276635,-0.0003380999840361266,0.012535934559688147,0.09974303874493352,-0.05959941148757935,0.10302915632724763,0,0.1,True,-0.053596196190561565,-0.008452717989314178
1192.52,12.063215255737305,-0.053797319531440735,-2.8651654042723234,3.711650195700037e-05,0.000969867253995254,0.00030875290077132887,0.015939260511899107,0.09679092455571668,-0.09765535175800324,0.055120314061641695,0,0.1,True,-0.012421448105502495,-0.1668765379285713
1192.54,12.063301086425781,-0.05400394648313522,-2.8634573419258413,-0.00010228513297619603,0.0010106243479918531,-0.00024253867801272066,0.008963011587401556,0.0975093006000792,-0.03453026294708252,0.12299168765544892,0,0.1,True,0.03227245940604483,-0.19902999256202333
1192.56,12.063284873962402,-0.05454172566533089,-2.861507743117883,0.0005614808554821622,0.00038894929566366405,0.0019888531896229255,0.00855292399011591,0.09061006344830894,-0.11251290142536165,0.01513969272375107,0,0.1,True,0.010850878719374705,-0.2151785125041177
1192.58,12.063276290893555,-0.054448723793029785,-2.859640429077835,-3.829386996072953e-06,0.0004825496479039084,0.002243696768445112,0.009973682036239113,0.08382063933998614,-0.06957958817481995,0.0030239479243755344,0,0.1,True,0.043833547402773364,-0.2658640422394807
1192.6,12.063251495361328,-0.05449887365102768,-2.8579165991964652,-0.00021979359745065652,0.00039469050125579523,0.0011768231983205158,0.002332915730793837,0.07957664355540292,-0.11995821952819825,0.02327293962240219,0,0.1,True,-0.015976539130485506,-0.13505272186609604
1192.62,12.063350677490234,-0.05482027679681778,-2.8567516907786485,0.000390842463859633,0.00026456711289146826,0.0032641451142059593,0.00355429670580132,0.07624017722094009,-0.13215137243270875,0.05577940374612809,0,0.1,True,-0.018740895421548234,-0.06050487762660933
1192.64,12.063246726989746,-0.05474724993109703,-2.8551416116334383,-0.00011986521204309581,0.000305836550300486,0.0007107300591816148,0.0012737747437039937,0.07980584569900037,-0.08476570844650269,0.06934208378195764,0,0.1,True,-0.01137379614937496,-0.07876348746251706
1192.66,12.063105583190918,-0.05479498952627182,-2.8535412149001482,3.177041114638237e-05,-0.0001918986018304126,0.0007444251347183558,-0.005502388348867714,0.07898024912984804,-0.021979801505804065,0.032512972950935366,0,0.1,True,-0.06368620335803846,-0.00669806797726671
1192.68,12.063225746154785,-0.05461268872022629,-2.851532131540533,-0.00013725706292037166,0.00019824047083111455,0.0002669195063687605,-0.004565824022717475,0.07327556455838938,-0.041876859664917,0.04549763679504395,0,0.1,True,-0.009078827742029425,-0.11602174326269399
1192.7,12.0631685256958,-0.05441514030098915,-2.8504332708482485,-0.0003165135193682111,0.0001396351699180588,-0.001830751154446964,-0.005901468625883522,0.07570433178275772,-0.05853033870458604,0.006433490924537182,0,0.1,True,-0.04213733289559802,-0.07230476453161784
1192.72,12.063121795654297,-0.05440334975719452,-2.8492795664687725,0.0001358161498868542,9.3478407354717e-06,-1.557616018007862e-05,-0.009111349024750831,0.0705241062379933,-0.04791201740503312,0.007115771174430848,0,0,True,-0.06640224263131,-0.13509643095998702
1192.74,12.0631103515625,-0.0543006993830204,-2.847484868357533,0.00018600210079332217,-0.00011298155336389714,-0.00262656149692642,-0.0032845260136591913,0.07319586796732387,-0.042682239413261415,0.045497784912586214,0,0,True,-0.052888173490016045,-0.45056756804078074
1192.76,12.063016891479492,-0.05391434207558632,-2.8458902030414985,-0.000540177030654174,-0.0002816045332213138,-0.005045259904131209,-0.004616739107780929,0.062467850081600246,-0.06805846899747849,0.015304107367992403,0,0,True,-0.09661960293500578,-0.7219426063347026
1192.78,12.06329345703125,-0.05410274863243103,-2.844577601410868,5.290335724529321e-05,-0.00011953365847814619,-0.0060618050336444,-0.0020054821373719387,0.03965892633952804,-0.04205683290958405,0.033878953084349635,0,0,True,-0.05709930374858728,-0.9535749084704086
1192.8,12.063400268554688,-0.053932420909404755,-2.844282138462249,-0.0002745277558438073,-0.000202163137623624,-0.00774514439497351,0.0037353646350448237,0.012768697731269606,-0.05192522257566452,0.02142337813973427,0,0,True,-0.021048161415276267,-0.8871055885391265
1192.82,12.06352710723877,-0.05400535836815834,-2.8443121542503738,-5.287011348361151e-05,4.8799748002455214e-05,-0.007194505796809248,0.0008120416306902501,-0.0030901247102394303,-0.05192522257566452,0.02142337813973427,0,0,True,-0.028043589002039303,-0.5681664793562945
1192.84,12.06369686126709,-0.054018545895814896,-2.844868707222998,-0.00035752155528903423,6.465647067796133e-05,-0.006729112817351779,0.0024131874804235775,-0.008500597001465328,-0.005354202464222908,-0.0074778606742620475,0,0,True,-0.007070893534996773,-0.16153383184499678
1192.86,12.063862800598145,-0.05399626865983009,-2.844824811387687,-0.00039118127611991095,0.00011545465577568249,-0.008305292153805504,0.0013760863564384572,-0.005794392008934183,-0.001674899607896805,-0.006189198940992356,0,0,True,-0.018933974097155252,0.010925706687770879
1192.88,12.063971519470215,-0.05395963788032532,-2.8449621862223675,-0.00019525722007645208,-6.059303487767011e-05,-0.008310815877774345,5.2426870837619845e-05,-0.00015400881635511333,-0.0060958992317318925,-0.006569603644311429,0,0,True,-0.05223810215386744,0.11356146236415711
1192.9,12.064194679260254,-0.053916335105895996,-2.8447757056110894,-5.6553470954809e-05,-6.649519815977011e-05,-0.008709223724584596,0.0011153152518379565,-0.0022160681752160707,-0.0029812899418175222,-0.005913505256175996,0,0,True,-0.03582695099383129,0.07599635923893293
1192.92,12.06433391571045,-0.05382821708917618,-2.8448810279283063,-0.00044901461246683075,-0.00016355174640858666,-0.010908160989669251,-0.00045087519823467986,0.000584319987684799,-0.009634091705083848,-0.009661575332283975,0,0,True,-0.027058787790013264,-0.0010054663869625013
1192.94,12.064555168151855,-0.0538778118789196,-2.8450020968417045,0.0001740890990270612,-5.157964466280996e-05,-0.011171448233317546,-8.669075075578778e-06,0.0002853167301922019,-0.004652682319283486,-0.008404055833816529,0,0,True,-0.05018645241283337,0.05579756873536957
1192.96,12.06479549407959,-0.0536700002849102,-2.8449154406233528,-0.00020455502314301703,-0.0001266234321341969,-0.010475518900973438,-5.547307867394052e-05,-0.00023444612731204028,-0.007088779099285603,-0.009720391035079956,0,0,True,-0.0077754075212277595,-0.005596989227373473
1192.98,12.065049171447754,-0.05365447327494621,-2.844752880272674,-0.00015838752060782702,-0.00012642595087896302,-0.012724139917607614,-0.0010880500545261,0.002247737323609435,-0.009272496104240418,-0.012931040599942208,0,0,True,-0.0034343565090475987,-0.010093607195773055
1193.0,12.065134048461914,-0.053578976541757584,-2.8448997836184913,-0.0001724182006291789,-0.0006513899367413344,-0.011530193591366906,0.0001238166431445308,0.0001365608494953284,-0.011432034745812418,-0.011227292492985727,0,0,True,-0.021410123383694198,0.017879486437809896
1193.02,12.065503120422363,-0.0534968301653862,-2.844822277855816,6.688990245068264e-06,-0.00011003255452493487,-0.011446196754041104,-4.90538946264509e-05,-0.0005221718454689081,-0.005113272331655026,-0.006006253957748414,0,0,True,0.010928620939045959,-0.0035147200924048995
1193.04,12.065680503845215,-0.053409796208143234,-2.844904515755393,-0.000290659025134763,-0.00023977402296488756,-0.012188328771667416,0.000376722429028962,0.0011959127877114503,-0.015548762604594231,-0.017213878631591798,0,0,True,-0.013900929944423055,0.03323879134361159
1193.06,12.065923690795898,-0.05338294059038162,-2.8447946540203115,-0.0003005218699200528,-0.00034706384128851123,-0.011849850242484732,0.0009140220032314052,0.0019665597162172987,-0.007109146304428578,-0.010986493527889253,0,0,True,-0.011910217496882715,0.011897023322957884
1193.08,12.066075325012207,-0.05332273244857788,-2.8448041105954744,-0.0006600939966899724,-0.0006201277154743072,-0.012642267986919739,0.0006055042911208963,0.0027956641569818366,-0.011672487407922746,-0.012056096717715264,0,0,True,-0.021771444601734868,0.022726541913102066
1193.1,12.066431045532227,-0.0532895065844059,-2.8446649530785186,-7.929124285926294e-05,-0.00019856484477371813,-0.012399014153790855,-0.00010551030746739883,0.00042959002036685695,-0.008328570909798145,-0.00829096756875515,0,0,True,-0.017846794443670412,-0.05017453248540387
1193.12,12.066661834716797,-0.05316033959388733,-2.844680862622835,-0.00032014584480843803,-1.6549483218193547e-05,-0.013930044339804621,0.0010020618022976513,0.003014036140757962,-0.02050894632935524,-0.008932233862578869,0,0,True,-0.024638178122060986,-0.05937487391354828
1193.14,12.066869735717773,-0.05308464914560318,-2.844760286818682,-0.0006190743674686387,-0.00010323233586148227,-0.013277593797981125,-0.0011043394223257666,-0.002047402882622769,-0.015372685790061952,-0.011411777585744859,0,0,True,-0.05357194043068804,0.002772872837881959
1193.16,12.067164421081543,-0.053073350340127945,-2.8445629877042133,-6.303573672197193e-05,-7.317248391923014e-05,-0.014613322236688427,0.0013777257609541857,-0.001954325756111206,-0.008973256424069405,-0.010773805603384973,0,0,True,-0.05162945253200914,-0.04287423836248254
1193.18,12.067420959472656,-0.052894335240125656,-2.8448287453091288,-0.00039618399142485236,-0.00012668027867376858,-0.01668476938825418,0.00030820911505386166,0.0006514198473978424,-0.012101289257407189,-0.01278217099606991,0,0,True,-0.07174656027440501,0.048813111407380275
1193.2,12.067811965942383,-0.05292356759309769,-2.844837208683324,-0.00022887271235540977,-0.00017981730486958227,-0.018060400542373335,-7.318773132116655e-05,-0.00041590292824727007,-0.01027915768325329,-0.014106048196554186,0,0,True,-0.07754851871289585,0.04594862044489417
1193.22,12.068153381347656,-0.0527179017663002,-2.8447081732308903,-0.0002917042308649376,-0.00020413899918798642,-0.019017318619928305,0.0006724256576997592,0.0018576460299641016,-0.015626855492591858,-0.01682572826743126,0,0,True,-0.045106938611463476,-0.01578424932892437
1193.24,12.068544387817383,-0.052645254880189896,-2.844596259938473,-0.0001296756159110254,-0.00024601969060736745,-0.020817203733714453,-0.0011740261498804508,0.0017215638794769843,-0.014236276894807817,-0.015347647666931153,0,0,True,-0.03178284327789484,0.0051099178777307104
1193.26,12.068891525268555,-0.052500706166028976,-2.8446801336267318,-0.0005717697325558444,-0.0004249426752448349,-0.020293324477167977,-0.00019724945614957214,-0.000611320098914959,-0.01802718058228493,-0.018262963891029358,0,0,True,-0.04517218318416395,-0.026688910282048037
1193.28,12.069376945495605,-0.05234638601541519,-2.844699483572966,-0.00041848909016882285,-1.99225729847268e-05,-0.02060302800460261,-0.0001505169726947744,-7.109498029185062e-06,-0.015351639539003373,-0.01917553797364235,0,0,True,-0.0003850349926931768,-0.043961380116416295
1193.3,12.069701194763184,-0.05222783610224724,-2.8447570788388035,-0.00042367033290707855,-0.0002960760698639287,-0.022631093274658134,-9.819024277870486e-05,-0.0002774667925977995,-0.018220112025737763,-0.018924565315246583,0,0,True,-0.0019266664533170842,0.020064610838089827
1193.32,12.070116996765137,-0.05215154588222504,-2.8445968286983154,-0.00037635616963551294,-0.0004671622516601142,-0.02084800653312988,0.0016989370413567966,-0.0017953465298331203,-0.011707695573568344,-0.014562721177935601,0,0,True,0.0120318355610221,-0.013808162402428378
1193.34,12.0706205368042,-0.05196363478899002,-2.8447023309701396,-0.0004042488311398367,-9.222062794202288e-05,-0.020447457793433203,0.0003171862646416338,0.0009938487681307674,-0.022089524269104006,-0.021664530187845234,0,0,True,0.06422850508249707,0.004759963364358917
1193.36,12.071011543273926,-0.051988258957862854,-2.8448431112953525,-0.00012201510895710323,-3.6259295397226705e-05,-0.019640481159721716,-0.0003078475285043644,-0.0011117624902224506,-0.019481212943792344,-0.020385984778404236,0,0,True,0.00875646347355193,0.0342264455319161
1193.38,12.071272850036621,-0.051773551851511,-2.844677570937353,-9.124997308378565e-05,-0.0002439532873087256,-0.01749281286804844,7.353712199672895e-05,0.00010333027655164985,-0.017346148639917375,-0.017486169263720514,0,0,True,0.017358357074642745,-0.055545766553857234
1193.4,12.071612358093262,-0.05166854336857796,-2.8446857696975334,-1.538473409006712e-05,-0.0003202987345530319,-0.02014748945524437,-0.0019617582823349437,0.0009427691127254598,-0.014954846724867823,-0.015029925107955934,0,0,True,-0.019788957111048937,0.0035110729143791168
1193.42,12.07196044921875,-0.05155982822179794,-2.8446940645480154,-6.454269483287869e-05,-0.00041897416593206406,-0.0190587892274591,-0.0009705463493537543,-0.0034498125561863995,-0.017336696758866312,-0.018116586208343506,0,0,True,-0.04222565384343275,-0.0034452528269888626
1193.44,12.07250690460205,-0.05136663094162941,-2.8447676897663343,0.00014277316104008663,6.593728992287685e-05,-0.02122359772860869,-0.0002652898557427537,-0.0008308766570715784,0.05017479188740254,-0.016984958276152613,0,0,True,0.02820577650700666,-0.032516108791581066
1193.46,12.072708129882812,-0.051253244280815125,-2.8449535559418475,0.00011146700940214419,-0.0007371866210593705,-0.020870865175519986,-5.337360248842873e-05,-0.0001722899496072085,0.036489578485488894,-0.022298643290996553,0,0,True,-0.02423222525029211,0.07579599647172718
1193.48,12.073229789733887,-0.051151640713214874,-2.844752239830099,0.0001770010188427432,-0.000250134473324006,-0.01789102733468589,-0.00045527583816625927,-0.00165851959059866,-0.015615605860948564,-0.01544769011437893,0,0,True,0.046565156484266644,0.018004225943201724
1193.5,12.073555946350098,-0.05106768757104874,-2.844707847743984,0.00019014936415977083,-0.0003463907868155524,-0.020997367247480705,0.0007200216920276474,0.0026138671615462588,-0.026221094131469728,-0.025934850722551347,0,0,True,0.08363329835517815,-0.027187267385272492
1193.52,12.073864936828613,-0.05091315135359764,-2.844900371333582,0.0001876129811909556,-0.0004629250478023304,-0.017498385209870747,0.00017378975288959413,0.0006094614183832495,-0.016902104765176774,-0.018331315964460373,0,0,True,0.0640158855913492,0.04284990901077557
1193.54,12.074331283569336,-0.050816915929317474,-2.844744446568924,0.0002318367593115771,6.863870459836838e-05,-0.01418020130711182,-0.0007130194571019466,-0.0023472713404270296,-0.014879105985164644,-0.01592172831296921,0,0,True,0.18760968926665547,-0.06327459814656619
1193.56,12.074572563171387,-0.05075567215681076,-2.8447034829166284,9.407093976359358e-05,0.0001805017869938576,-0.012769756487382612,0.0011678247612218872,0.001769473130260268,-0.020963334441185,-0.021215338706970215,0,0,True,0.2057028188448567,-0.06983367897001619
1193.58,12.074624061584473,-0.05068131536245346,-2.844895629451218,0.00014975429770203838,-0.00029009285379442604,-0.005988592106161919,0.0010434121869600155,-0.0024481006901744323,-0.016144862696528435,-0.014394323527812959,0,0,True,0.20319976955451566,-0.05148057841679592
1193.6,12.074869155883789,-0.05070362985134125,-2.8447588134831614,0.0004881793690055282,0.0001581538727223419,-0.0010421597022971783,-0.002592069503060772,-0.004977232899212964,-0.00446962520480156,-0.007631096616387368,0,0,True,0.22082912864311363,-0.07151566661887392
1193.62,12.074813842773438,-0.05075667425990105,-2.8449402946241378,0.0006546991319731694,9.930185936876283e-06,0.0020757802572346482,-0.0018545603022641572,-0.0064657176137669576,-0.007438627779483796,-0.009531771689653398,0,0,True,0.1584043254639537,0.07422317556579064
1193.64,12.074591636657715,-0.0505329892039299,-2.8451016615485663,6.435635876279011e-06,-0.00020709245975700496,0.004896573804100623,-0.0010676965648031896,-0.003951780199260703,0.07576124146580697,0.001438376232981682,0,0,True,0.11894239667001281,0.13394567730234097
1193.66,12.074421882629395,-0.0505879744887352,-2.8454128868603203,-0.00012246001076019714,-0.00029761774224734667,0.006683753930978868,-0.0010512578671045933,0.0034897533551002946,0.0025877086445689206,0.002958025904372335,0,0,True,0.10433451055826946,0.11237353381953145
1193.68,12.074469566345215,-0.05073639005422592,-2.845074955899103,0.00024961041466749537,7.159978651603759e-05,0.008473232031322237,0.0027647944182869946,0.005738421284995022,0.005579800996929407,0.0065620186179876335,0,0,True,0.10666941709461453,0.06184972757662653
1193.7,12.074277877807617,-0.050832297652959824,-2.844661114355729,0.00019425355097652626,0.0001144492435267468,0.010422541101912337,0.0032205582663181725,0.002524165091812933,0.0037611623108386996,0.005497336424887181,0,0,True,0.06005972537974144,-0.09241602939161457
1193.72,12.074007987976074,-0.05094258487224579,-2.844642587845767,5.9486489821792535e-05,6.754197172170646e-05,0.013430127171662025,0.0017230531654065526,0.000996198006864919,0.009661893472075463,0.010518731549382212,0,0,True,0.006140607292597936,-0.13331808727531194
1193.74,12.073699951171875,-0.05107830464839935,-2.8452109536529755,0.00031951140250942995,-0.0003917573340817862,0.011488531961353814,0.0013350627449956712,-0.003903528996222147,0.012467573508620263,0.012175882607698441,0,0,True,-0.046251823288362914,3.182602223433318e-05
1193.76,12.073482513427734,-0.0511825792491436,-2.8449952600585537,0.00035902738677583563,-0.0006093867585375028,0.008964480614729625,0.0008630834759212015,-0.004927025697020233,0.012428609728813173,0.01177304670214653,0,0,True,-0.10171954605657371,-0.1314489948104101
1193.78,12.073430061340332,-0.05120287463068962,-2.8449733966754267,0.0003391271937869558,-0.0001971934849571792,0.006722395238846669,-0.0005184045583062357,0.0025267111735916776,0.009724805355072022,0.009143245294690133,0,0,True,-0.08866572615700635,-0.03415372484445007
1193.8,12.073342323303223,-0.051218219101428986,-2.8450367499015283,0.00033412339921896304,-0.00013723703122389227,0.005292563487143529,-0.0024642206860970373,-0.009519721577958327,0.003477285653352738,0.003077773004770279,0,0,True,-0.05980248452888697,-0.06764837509134201
1193.82,12.073173522949219,-0.05119583383202553,-2.8450088167590883,0.000286252957444639,-0.00014672142243939205,0.004395273868799757,-0.0032792743672353623,-0.006635826983775668,0.006299396827816964,0.005721916258335114,0,0,True,-0.0544615952058865,-0.016031262321182325
1193.84,12.073019981384277,-0.051117777824401855,-2.8457568377847897,0.000234221066706591,-0.000428989078915426,0.0041802818524230186,-0.0030898609691666417,-0.010338895704322672,0.005387265272438527,0.004976908490061761,0,0,True,-0.04513612751175867,0.19399883486343383
1193.86,12.073017120361328,-0.05105474963784218,-2.8455042628341283,0.00026576594299468456,-0.00018383876797462316,0.0023654676223797116,-0.0019285883533517061,0.001244210187898258,0.0025999804958701136,0.0013131976127624513,0,0,True,-0.002425504258506894,0.08546822226019023
1193.88,12.07295036315918,-0.051079265773296356,-2.8458638615578757,0.00014833959772256206,-0.00028432407348610324,0.0016816732861958568,0.0007749325752835533,0.006000185211146374,-0.001622475516051054,-0.0028172474168241027,0,0,True,-0.03824526378209446,0.2418282238749695
1193.9,12.07294750213623,-0.05110347643494606,-2.8449092799440563,1.9963423454782644e-05,0.0002380287788214903,0.00420123352811883,0.0017545205612110389,0.0002016307970527642,0.005022322162985802,0.005354901589453221,0,0,True,-0.03695445226753612,-0.0459345095222195
1193.92,12.072909355163574,-0.05121628940105438,-2.845276822967897,6.515278494458678e-06,0.00020530155093838532,0.0011206607498495482,0.002527529151773539,0.009007362205712275,0.0037260292470455173,0.0032630787417292596,0,0,True,-0.05888404988413242,-0.049337407778628294
1193.94,12.072736740112305,-0.05128723755478859,-2.845488132370364,6.880314876448273e-05,-0.0004369514278802276,-0.0005908885590288917,0.002802139399321924,-0.002430550573886404,0.0035685294494032863,0.003077952023595572,0,0,True,-0.13773623918452096,0.06352877803121386
1193.96,12.07292366027832,-0.0512988343834877,-2.8451432725814194,0.00023846566387616426,-0.0002254915115807753,-0.0030290507045304524,0.0015094065314101629,0.0020531925888597007,0.004792670477181673,0.0040721606463193895,0,0,True,-0.10609892448191205,-0.09653478456151737
1193.98,12.073058128356934,-0.05130409821867943,-2.845103723989967,0.0002495638138536227,-0.00030606137427230726,-0.006817665606632825,0.00142995691712544,0.005283933039545251,-0.007535622343420983,-0.008423461578786373,0,0,True,-0.08751432785891383,0.04519010785833282
1194.0,12.073176383972168,-0.05126098543405533,-2.8451125675607885,0.0002694844665857993,-0.0004707848598818538,-0.007367253208695697,0.000650948214872055,0.0012845794407979087,-0.003990811780095101,-0.008320349343121052,0,0,True,-0.056298350976543225,0.0008325707236843235
1194.02,12.073291778564453,-0.05123729258775711,-2.845065417727201,0.0002478462365756997,-0.0006993996444120013,-0.007592034787735631,0.0008130324554993221,0.001184658054776933,-0.006839687377214432,-0.007728457041084767,0,0,True,0.01736812982209362,-0.09441262031107366
1194.04,12.073502540588379,-0.05117644742131233,-2.8450405062261557,0.000285189713140212,-0.0003315516693274024,-0.007532918782649814,0.0007618591354361648,0.002119798246754386,-0.006531541608273983,-0.00735744345933199,0,0,True,0.030811446257416088,-0.020531807016744997
1194.06,12.073657989501953,-0.05118883028626442,-2.845008951345585,0.00034529172846127395,-0.00035220332166665494,-0.0054282152208665994,0.000266303791308921,-0.0022690765853337724,0.04009799979627133,-0.009987254515290261,0,0,True,0.05330247270473266,-0.02661142579735252
1194.08,12.073770523071289,-0.05114316940307617,-2.8449429837010483,0.0004668887267016188,-0.0004533294378788476,-0.004902337508104652,0.00031501032585301006,-0.0003579651205401971,0.04651634857058526,-0.004974026456475258,0,0,True,0.07344223526191973,-0.05970264915022873
1194.1,12.073713302612305,-0.0511307530105114,-2.8452469438540273,0.00029893881730175736,-0.0005990767907672909,-0.0033278369713608965,-0.0004078315746921322,-0.0009442560090093324,-0.005051890909671784,-0.005700022764503957,0,0,True,0.03909113444805603,0.05045000329671419
1194.12,12.073884963989258,-0.051085904240608215,-2.845069143435799,0.0004934799382001797,-0.00017922539940198567,-0.0016575399617015797,-0.0007333913868454401,-0.002656413685259569,-0.006410703901201487,-0.0043544542975723745,0,0,True,0.060651626716464936,0.002985558971922498
1194.14,12.07390308380127,-0.0510798804461956,-2.845084491826306,0.0005478699440540726,-0.00010507191669885281,-0.002300924465016073,-6.498690935223376e-05,0.0017669236784111633,-0.00926460310816765,-0.00852856557816267,0,0,True,0.04274008035603803,0.012906002603585863
1194.16,12.073880195617676,-0.051048312336206436,-2.8451554967958694,0.0003608916621134337,-0.0001248782655851552,-5.020737077807947e-05,-0.00016437893816869683,-0.00011912040278593562,-0.0015550318360328676,-0.0012601318955421448,0,0,True,0.01859718145329422,0.04578843894660378
1194.18,12.073887825012207,-0.05107199773192406,-2.845105589959754,0.0003844780008114252,-0.0001228327308834529,9.136945712875434e-05,-0.00014973635624851772,8.822419927953215e-05,0.0016714470740407706,0.0004286107374355197,0,0,True,0.02483470140014657,-0.01720928248915749
1194.2,12.073884963989258,-0.05107215419411659,-2.8450786730680218,0.0002829135129012899,-0.00017803427792917217,-0.00016976544543516678,0.0003011158903133102,0.0010066614304758133,0.0011957675544545055,0.0007185615831986071,0,0,True,-0.0066115219314334586,0.0014334930883275604
1194.22,12.073892593383789,-0.05107055976986885,-2.8450774338903635,0.00028848958110956136,-0.0001804623537265486,-0.00031414835300615435,-8.268116529344303e-06,0.0003901810792798162,0.0015171803068369629,0.0006130474573001266,0,0,True,-0.007822065790311574,-0.0005633242607810096
1194.24,12.07390022277832,-0.05106738209724426,-2.8450749638814314,0.0002606246273274672,-0.00018875286632775927,-0.0005791291252922751,-1.8799563531077522e-05,-4.440955719835091e-06,0.0009078604308888317,-0.00013332589995115996,0,0,True,-0.004249561665563384,-0.012325563037590909
1194.26,12.073911666870117,-0.05106402188539505,-2.845074375473412,0.00025925994657485395,-0.0001850817094028944,-0.0005343958060956025,5.220458532758293e-06,4.3158258417092374e-05,0.0008767859637737275,0.0001464959664735943,0,0,True,-0.0012938035726345006,-0.004641652643919253
1194.28,12.073928833007812,-0.051057178527116776,-2.8450790283444793,0.00023973216397467202,-0.00016860016181373277,-0.0005097303786799282,4.352834962183461e-06,2.061638746943749e-05,0.0006988298182841391,2.2997122723609212e-05,0,0,True,0.00426597423056114,0.0009799457558624719
1194.3,12.073933601379395,-0.05105846747756004,-2.84507398122969,0.00025932416466067844,-0.00018759770594629568,-0.00041765263881682026,2.014259001959614e-05,1.8848867766613696e-05,0.0005399901745840907,-0.00021920861676335337,0,0,True,0.00403874936932675,-0.0003076197914465535
1194.32,12.073939323425293,-0.051055800169706345,-2.845073314570434,0.00026381660008821604,-0.000191652496349493,-0.00023785118684769424,3.746624628781302e-05,7.395470474909136e-05,0.000878692651167512,0.0003541616420261562,0,0,True,0.0042261590790605465,-0.00016077885314825962
1194.34,12.073944091796875,-0.051055800169706345,-2.8450728675639905,0.00026456934519314483,-0.00018914422956007085,-0.0002112958565497564,1.988616652529734e-06,1.8548675101390476e-05,0.0009291275625582786,0.00032292715972289445,0,0,True,0.0035059447280266776,-0.00029137326378002445
1194.36,12.07394790649414,-0.05105448514223099,-2.8450731119680994,0.0002638484612139418,-0.00018560512323401968,-0.000171637652355392,9.39702726477762e-06,7.754079217588419e-06,0.000974049618234858,0.000331916727591306,0,0,True,0.0018840769311921986,-0.0008678706212704112
1194.38,12.073949813842773,-0.05105368047952652,-2.845072497335682,0.0002681294952674999,-0.00018959422931834447,-0.00013717706057414397,-2.063942229215234e-07,-4.460993335833312e-06,0.0010331869567744435,0.00037790816975757485,0,0,True,0.0016961746474832733,-0.00023612573930763416
1194.4,12.073952674865723,-0.051052507013082504,-2.8450726942440965,0.00026772031109699055,-0.00018736324914690869,-8.712503235202705e-05,4.2329103896441534e-07,4.525055047324281e-06,0.0010875368863344193,0.00048811288550496104,0,0,True,0.001391938492648267,-5.7308425088441526e-05
1194.42,12.073954582214355,-0.051052577793598175,-2.8450732244434573,0.0002645746957268321,-0.00018324215978733093,-7.560188475083229e-05,-2.6591652648975137e-06,-3.413840432567646e-07,0.001117375041358173,0.0004627646901644767,0,0,True,0.0012533416586240746,0.00019961360210616816
1194.44,12.073954582214355,-0.051052480936050415,-2.8450727499636956,0.000262859120284516,-0.00018727083633251544,-6.028257294331542e-05,6.683425087581133e-06,3.169405210504236e-06,0.0011064426368102432,0.0004454962676391006,0,0,True,0.0005979274255233778,-7.486819920962991e-05
1194.46,12.073955535888672,-0.05105170980095863,-2.8450725246464055,0.00026359271152438704,-0.00018788734306317503,-3.69097278843092e-05,1.5874168772279488e-06,1.1508094832645618e-05,0.0011879025911912323,0.0005564517574384809,0,0,True,0.0006305826273965368,-4.045882698318769e-05
1194.48,12.073957443237305,-0.051051609218120575,-2.8450724406916796,0.0002677090489707235,-0.00018829600852108937,-3.9290838310200335e-05,-6.206019288555026e-06,-1.4644008894406643e-06,0.0011802540021017196,0.0005438064178451896,0,0,True,0.0006159558330911136,-0.00017604853970486329
1194.5,12.073957443237305,-0.05105183646082878,-2.8450723037958707,0.000269903608954184,-0.00018483094185763228,-2.515527455915522e-05,-7.379187647618808e-07,-3.578090201908836e-06,0.0011530862003564836,0.000535139732528478,0,0,True,0.0003095086271647133,-0.00023193213280523481
1194.52,12.073957443237305,-0.05105108767747879,-2.845072867115767,0.00026609688223929205,-0.00018507963092910719,-1.1006106296071147e-05,4.774704117114013e-06,-1.0914477965872018e-05,0.001160632665269077,0.0005175868747755886,0,0,True,0.0003436945508179462,2.714810917741559e-05
1194.54,12.073957443237305,-0.051051065325737,-2.8450728108936216,0.00026555786648390647,-0.00018649764316119592,-1.2149037711154657e-05,1.0338534658111802e-06,-7.046475791756293e-06,0.001241740758996457,0.0005810605874285102,0,0,True,3.3165427370237735e-05,8.508103867281779e-05
1194.56,12.073958396911621,-0.05105171725153923,-2.845073313849917,0.00026387533312878465,-0.00018708864639809027,-1.179527424478965e-05,2.1917300692841764e-06,7.074478447506077e-07,0.0012133890762925149,0.0005764901963993907,0,0,True,-0.00031699211073323567,0.00023268558684023648
1194.58,12.073958396911621,-0.051051631569862366,-2.845072867513934,0.0002686946725692957,-0.00018542832676875806,-2.2502040369538613e-05,7.946186224833681e-06,3.2283928919103974e-06,0.001229363197926432,0.0005704797338694335,0,0,True,-1.224570362273954e-05,0.00011454188139650148
1194.6,12.073958396911621,-0.051050979644060135,-2.845072810519939,0.00026592937577827415,-0.0001838557656531814,-3.636547515470694e-05,3.3687640731623697e-06,7.70036898132997e-06,0.0011833400232717395,0.000533184118103236,0,0,True,0.0001399574440288505,-3.525747131738465e-05
1194.62,12.073959350585938,-0.051051147282123566,-2.8450725526221903,0.0002667343311076939,-0.00018396224644091113,-1.312869400097293e-05,-2.1725870892073243e-06,2.116874719955491e-06,0.0011833400232717395,0.000533184118103236,0,0,True,0.0004259951488929025,-5.41659731650043e-05
1194.64,12.07396125793457,-0.051051124930381775,-2.8450726978203984,0.00026674548367694554,-0.00018354292540541826,-5.986787224599705e-07,-1.959493454727865e-06,-2.1131498606456155e-06,0.0011918020201846958,0.0005577778723090888,0,0,True,0.0008987620654198305,-0.00013146785930688015
1194.66,12.073959350585938,-0.05105115845799446,-2.8450726981639565,0.0002661033538559993,-0.00018621365449961137,1.157757154195945e-05,-2.9042804059835732e-06,-1.104884961298321e-06,0.0011967170843854547,0.0005526549578644336,0,0,True,0.0003117196638520756,-9.986084903417262e-05
1194.68,12.073958396911621,-0.051050815731287,-2.845072979571928,0.00026504762510993205,-0.00018406237617439358,3.553549007901846e-05,-6.085328630700817e-06,-2.8170597632407678e-06,0.0012778248684480787,0.0006305089965462686,0,0,True,3.197486824781322e-05,7.105053941030981e-05
1194.7,12.073958396911621,-0.051051195710897446,-2.845072641012987,0.0002619914161111079,-0.0001847499739778089,1.180887910724131e-05,-2.147204064199696e-06,-5.871993202793758e-06,0.0012587878690101207,0.0005897371331229806,0,0,True,-0.00010373062435618517,4.9586383124628915e-05
1194.72,12.073958396911621,-0.051051490008831024,-2.8450729231851795,0.0002632185199885477,-0.000185514247116875,1.9593107373627604e-06,6.412888111596492e-06,3.570893292174e-06,0.0012485072109848262,0.0006009805388748646,0,-0.1,True,0.0025879279119052825,-0.004808782701907076
1194.74,12.073958396911621,-0.051051270216703415,-2.8450731679234127,0.0002626035146822744,-0.00018396664506352035,3.279121593472185e-06,1.0732681600406988e-05,2.862025688668384e-06,0.0012121021095663311,0.0005740097002126277,0,-0.1,True,0.013389193415394969,-0.013121477085039076
1194.76,12.073958396911621,-0.05105135217308998,-2.8450726939004647,0.0002672370976559124,-0.0001856258828433588,0.00024256972303125278,-0.00010361844637068901,-0.000387519675915457,0.0012114146212115885,0.0005580197856761516,0,-0.1,True,0.024170263479760395,-0.017004190484243686
1194.78,12.073958396911621,-0.051052093505859375,-2.845072412050932,0.00026572892754340695,-0.00018712234045571886,0.0010829443523378646,-0.0002905045072757065,-0.0010555901600049651,0.0012306826794520021,0.0006091489735990764,0,-0.1,True,0.04283400737248388,-0.08826310897972713
1194.8,12.07393741607666,-0.051049232482910156,-2.8451039247592527,0.0002681285411035389,-0.00016373932055840004,0.0019355803891164358,9.318568741551521e-05,-0.0013567643454460837,0.0012083133775740863,0.0005824621953070164,0,-0.1,True,0.052112865815940664,-0.23729355744595712
1194.82,12.073868751525879,-0.05105435848236084,-2.845157615136213,0.00026999821771890874,-0.00011683184678671203,0.003429999711389066,0.0029456040121618636,-0.0070581866926830794,0.0012083133775740863,0.0005824621953070164,0,-0.1,True,0.04239593779316315,-0.32223737686817217
1194.84,12.073812484741211,-0.05110372230410576,-2.8451812350481003,0.0003370084062716991,2.8550082373111542e-05,0.004411598988302714,0.001997088181352703,-0.019371004271574763,0.006109003592282535,0.002601976823061705,0,-0.1,True,0.007374723605371127,-0.429786871304236
1194.86,12.07376480102539,-0.05135761946439743,-2.845637066986346,0.000775733089710093,0.0001716163257589721,0.004474619375787831,-0.0008567436145630449,-0.026834580309435294,0.008302523605525495,0.0030206395639106633,0,-0.1,True,-0.031159887458294518,-0.489288393658522
1194.88,12.073646545410156,-0.05130511894822121,-2.8466536051009816,0.0008707830930292011,0.0001742294846076941,0.002525558277547266,-0.002800547466363398,-0.035739714049851413,0.02201627023518086,-0.028446673117578033,0,-0.1,True,-0.04711053062343959,-0.2575791127494649
1194.9,12.073506355285645,-0.0510932020843029,-2.847304381560972,0.0006789456883464734,-4.73863616079341e-05,0.0009372087147206869,-0.008292044094127336,-0.04620125818544049,0.009171755835413934,-0.007280980125069619,0,-0.1,True,-0.024964595158062673,-0.25120910777547373
1194.92,12.073554039001465,-0.05094808340072632,-2.848040412172094,0.0006994536312170912,0.00011760763238088298,0.0006427565384202628,-0.012457902891479336,-0.03997733329157178,0.05594815813004971,-0.0025606302544474604,0,-0.1,True,0.01144972021919598,-0.13689174154576156
1194.94,12.073500633239746,-0.050744522362947464,-2.8493331676411886,0.0008071641344310711,0.0002476537426402143,0.0024774517631389577,-0.010012380833085633,-0.04693130893151203,0.00958811789751053,-0.014745289608836176,0,-0.1,True,0.010622595548552577,-0.0021229694254436497
1194.96,12.073308944702148,-0.05036599934101105,-2.8498517917643045,0.0003377618982335341,2.6146321320547437e-05,0.0034415358950821116,-0.013822594778586977,-0.04669105337350238,0.05626597873866559,-0.055610436052083975,0,-0.1,True,-0.0014614889398906021,-0.2515969885180376
1194.98,12.07308578491211,-0.05038328096270561,-2.8510588862754895,0.000769513751009607,-0.0004653327539767616,0.0017870163586041201,-0.013248956772134233,-0.04637109573947583,0.018216048181056977,-0.07212759114801884,0,-0.1,True,-0.02568733212482768,-0.2623169020044611
1195.0,12.072972297668457,-0.04996819049119949,-2.8517756964419707,0.000169439934792722,-0.0006148437981949339,0.0005258374232291209,-0.010250374847291983,-0.06010509237299648,0.0362375283241272,-0.05823028802871705,0,-0.1,True,-0.04396498991193294,-0.3883067284989173
1195.02,12.073060035705566,-0.04976997897028923,-2.8530428553003433,9.008739238739567e-05,-0.00013704199719819353,0.00042246519315461244,-0.009552509755598227,-0.06791666109184984,0.0362375283241272,-0.05823028802871705,0,-0.1,True,0.00801946563909777,-0.39670263787840165
1195.04,12.073034286499023,-0.049592189490795135,-2.85466019915414,1.1872402797605777e-05,-5.892411570531155e-05,-7.56632978693246e-05,-0.0056480010017204724,-0.07775559165338751,0.06433742254972459,-0.06268403232097626,0,-0.1,True,0.05351043730352694,-0.22929651908018617
1195.06,12.072835922241211,-0.04966029152274132,-2.8564922191628326,0.00017610413892550105,-0.0005227611403470872,0.002428573609731358,-0.005319315312238101,-0.0781073067697191,0.06395548582077026,-0.08090939939022065,0,-0.1,True,0.04048327114869818,-0.13676018855762803
1195.08,12.072850227355957,-0.04953311011195183,-2.857996143774236,0.0002621937687915114,6.815850560951065e-05,0.0048066724075073826,-0.005491320304496302,-0.07844881389939469,0.05349978037178517,-0.011763509809970856,0,-0.1,True,0.0679581074472987,-0.10269421104524251
1195.1,12.07275390625,-0.049416255205869675,-2.859291439841915,0.00028671668774371426,9.67567606133911e-05,0.003661126885047521,-0.00787573745188338,-0.07885747617645013,0.029913787543773655,-0.0946881401538849,0,-0.1,True,0.05103242266107801,-0.11969207080106013
1195.12,12.072542190551758,-0.049278028309345245,-2.8609361042660857,0.00019212496112798493,-8.37477135180762e-05,0.005360985297909627,-0.00662282691490418,-0.08597112853699944,0.057494285702705386,-0.09582260370254518,0,-0.1,True,-0.02530105030417592,-0.25897669325136774
1195.14,12.072379112243652,-0.04913676157593727,-2.862800817256961,0.0001390154920932982,-5.279809991193637e-05,0.006511167422625489,-0.008182512237677953,-0.08768267243382241,0.06711651861667634,-0.10781165063381196,0,-0.1,True,-0.04478508613724892,-0.21452570764504772
1195.16,12.072291374206543,-0.049142807722091675,-2.8648738340572093,0.00025015780437737226,3.638975026088846e-07,0.002782588383169397,-0.011932221651968292,-0.09916694935954415,0.03111140131950379,-0.05548583269119263,0,-0.1,True,-0.07413885770359983,-0.12773443996729852
1195.18,12.072072982788086,-0.048930276185274124,-2.8663060536366345,-3.641821098211304e-05,0.00013647136991262455,7.831999406068303e-05,-0.012046121661564217,-0.09601953278808711,0.07769536554813386,-0.08018428526818754,0,-0.1,True,-0.12375584947554309,-0.2451551231468867
1195.2,12.072067260742188,-0.048420581966638565,-2.8688694602148646,-0.0004390791661610537,0.0002904328559364626,-0.0005701233183898233,-0.010801344952469054,-0.09618988373440307,0.06138346433639527,-0.007449451833963395,0,-0.1,True,-0.05405385198724919,-0.10907261506075629
1195.22,12.072111129760742,-0.04821106046438217,-2.8704823798800008,-0.0005299339779710147,0.0005529969464557147,-0.0033893005354089546,-0.009211310920881566,-0.10729508228555551,0.0862349656224251,-0.015422508046031,0,-0.1,True,-0.011678746186838278,-0.2713115003567186
1195.24,12.072102546691895,-0.04829835146665573,-2.8725690247559545,-2.8823904743393914e-05,0.00010917383612011598,-0.001541719775806605,-0.002317758058726397,-0.10789275856439672,0.042602180838584906,-0.04042365785688162,0,-0.1,True,-0.015436552266631789,-0.3675355599302732
1195.26,12.072136878967285,-0.04814767464995384,-2.874889660219471,-2.0089320816758762e-05,0.00014190766834740626,-0.0008559797008855294,-0.0002381960434956286,-0.11772445281660486,0.12945267081260683,-0.11500863194465638,0,-0.1,True,0.015070006564137163,-0.18774733444359432
1195.28,12.072136878967285,-0.048209048807621,-2.8775008809000084,1.0017912286540464e-05,0.0002657926821805669,-0.0018050474997192431,-0.0016517638544971563,-0.1255927285287982,0.03903267741203308,-0.11705383062362672,0,-0.1,True,-0.06718384466629627,0.012182051558431972
1195.3,12.072172164916992,-0.04817463085055351,-2.8799003361053206,8.310004317868544e-06,0.00029852168042945486,-0.002183700010279078,-0.0002739451420631278,-0.1223148690410294,0.09347521603107453,-0.03314795911312104,0,-0.1,True,-0.11978981056501393,0.3288241823383737
1195.32,12.0722074508667,-0.04813309758901596,-2.8826164430382493,0.00016980723433574236,0.00040666217395708557,-0.006916427349105418,0.004429465614184582,-0.10691819443972304,0.06565154850482942,-0.09477980196475984,0,-0.1,True,-0.1689821935095206,0.6339183793204581
1195.34,12.07229995727539,-0.04808130860328674,-2.8846748497427446,-4.5285612842876114e-05,0.00027613923129483144,-0.010439164546077928,0.009150230220198662,-0.09141851822955889,0.11433981239795686,-0.04881819427013398,0,-0.1,True,-0.23411245761790953,0.5967852648238862
1195.36,12.072762489318848,-0.04840989038348198,-2.8860543364551785,0.0004672685025783972,0.0003791328050205084,-0.015323622980468594,0.012182046855182007,-0.07487925818320766,0.06396469414234161,-0.018309080600738527,0,-0.1,True,-0.1518558290742447,0.3870266033974404
1195.38,12.073165893554688,-0.048670414835214615,-2.8872138175636994,0.00038085184561854424,-4.44444636872595e-05,-0.02091269661974804,0.018909494873001184,-0.07457204785502623,0.06396469414234161,-0.018309080600738527,0,-0.1,True,-0.10331840732533665,0.18158833081902934
1195.4,12.073639869689941,-0.04876615107059479,-2.8886067836929175,-3.938690652630933e-05,-0.0006969188010935858,-0.019064893675068473,0.016413661194728174,-0.07595606616786797,0.06486707367002964,-0.027281004488468173,0,-0.1,True,-0.015802236237303237,-0.06587585527707604
1195.42,12.074299812316895,-0.04912438243627548,-2.890640613571158,0.000361426385461327,-0.0004856027665031051,-0.018704637132120835,0.014933898155363175,-0.07689145176400847,0.016996572464704516,-0.09490890204906464,0,-0.1,True,0.11295796124487474,0.1687936227021989
1195.44,12.074567794799805,-0.049299437552690506,-2.8921308217486197,0.0004941143068763354,-0.0008051585209390251,-0.016587801879455296,0.011134095919663321,-0.08014932660538393,0.09093795835971834,-0.06350665003061295,0,-0.1,True,0.07234572381517118,0.26385979101428925
1195.46,12.074912071228027,-0.04945611581206322,-2.8933651337048145,0.0008095396513878034,-0.0005489860308777092,-0.011876059720166279,0.00438139963193254,-0.0610685580388626,0.00648816116154194,-0.013841207772493364,0,-0.1,True,0.04978783639491688,0.2716462996812332
1195.48,12.075145721435547,-0.04930168762803078,-2.8950187298213423,0.0006093146177362627,-0.0008642803800545204,-0.013277235769860042,0.0011678337905483126,-0.05484728288674403,0.060227404572069654,-0.06011309981346131,0,-0.1,True,0.03067797428653914,0.39739914697449585
1195.5,12.07530689239502,-0.049230728298425674,-2.8955260982142628,0.000537532635181123,-0.001162628499045962,-0.014721610220531107,-0.002336288753208779,-0.055159747789529576,0.16818615078926089,-0.007095297574996949,0,-0.1,True,-0.03350552704091326,0.04044232568869017
1195.52,12.075620651245117,-0.04913077875971794,-2.896518604379555,0.00030298922725626934,-0.0012097268555379167,-0.014133563936534397,0.0001875627135822385,-0.048357394847453175,0.03784149527549744,-0.036378531791269784,0,-0.1,True,0.003259300388832626,-0.06823703579883424
1195.54,12.076008796691895,-0.04898795858025551,-2.897777913527973,0.00022513295629522065,-0.0008181469808471686,-0.014556501883436901,-0.0018751592959400827,-0.05783317198377033,0.060752362869679936,-0.05944227859377862,0,-0.1,True,0.08714684872614392,0.018189662638021045
1195.56,12.07624626159668,-0.049041908234357834,-2.898887321409135,0.00046372696026964676,-0.000775633186944783,-0.01301649173875367,-0.004756887088072705,-0.060306245750645804,0.03958672802895308,-0.026636845469474795,0,-0.1,True,0.03278094445563671,-0.10270659203960082
1195.58,12.076400756835938,-0.04880402982234955,-2.90015275197296,9.390338454951544e-05,-0.0006962604693364772,-0.007749862322445934,-0.006842866659993588,-0.053704574778489216,0.019845445454120637,-0.06856821030378342,0,-0.1,True,0.01655583202116237,0.13058866054624946
1195.6,12.076539993286133,-0.04851112142205238,-2.9013431040396025,-0.0002798387410873461,-0.00046661940344306583,-0.011511088380085846,-0.010815790319144987,-0.05657392221061377,0.00709123581647873,-0.053419853746891025,0,-0.1,True,-0.023957681167445025,0.1758492585506783
1195.62,12.0764799118042,-0.04830816760659218,-2.902074279510248,-0.0002945185803361451,-0.0010679111002467514,-0.013232035321745116,-0.015039481727729797,-0.047386079140079876,0.005948624499142171,-0.03308127284049988,0,-0.1,True,-0.09598304604408515,-0.034114637554913646
1195.64,12.076934814453125,-0.04798237606883049,-2.903413235185993,-0.000300164982755032,-0.00043114516160153355,-0.014933106232152975,-0.01471917472514996,-0.04623830506656435,0.06321591667830945,-0.010811867639422417,0,-0.1,True,-0.028230786059639152,0.1975527212004586
1195.66,12.077143669128418,-0.04738409072160721,-2.903943638304174,-0.0007496604558775491,-0.00017855433928045091,-0.015428506005987587,-0.013361195878440507,-0.05643374578288758,0.06321591667830945,-0.010811867639422417,0,-0.1,True,0.047663271608293103,-0.026217383932844087
1195.68,12.077423095703125,-0.04708497226238251,-2.905042168444935,-0.000935051897911541,0.0001678519158805771,-0.013769551264861343,-0.01378049723155566,-0.040769704514546534,0.03340756248682738,-0.06817447423934937,0,-0.1,True,0.1083973055787944,-0.05588472201619871
1195.7,12.077427864074707,-0.04697874188423157,-2.906588979172888,-0.0005453661912637564,-0.00030367915119601996,-0.009418973593074299,-0.008263274211087263,-0.04948346985471146,-0.00032808113843202597,-0.08022831112146378,0,-0.1,True,0.10630544795924757,0.1112881151169742
1195.72,12.077747344970703,-0.04665248468518257,-2.9066748115471537,-0.0007929438837597297,0.0003026722070030204,-0.006261321785857309,-0.007672563877950599,-0.05070908282785618,0.008779961466789247,-0.0699086093902588,0,-0.1,True,0.14180688147635923,-0.2610587563764313
1195.74,12.077722549438477,-0.046565745025873184,-2.907902315892547,-0.0005935533417034298,2.217194680771556e-05,-0.006924070169255517,-0.009525925646063745,-0.04753069657353774,-0.0014398941770195962,-0.13665798425674439,0,-0.1,True,0.0447906165791784,-0.2313932191679762
1195.76,12.077767372131348,-0.04637143388390541,-2.9090988950711596,-0.00044079608975466325,-6.749395453409667e-05,-0.002425000746762923,-0.00900004048116769,-0.06165440502464204,0.06481049902737142,-0.12471640586853029,0,-0.1,True,-0.02913076343394378,-0.27805213154321384
1195.78,12.077790260314941,-0.04610911011695862,-2.9103914348987674,-0.0005324570306088214,-2.0500016381139558e-05,-0.005835724266743286,-0.009962959092599071,-0.06799492738813272,0.029885993599891664,-0.05242095112800599,0,-0.1,True,-0.07863777845176523,-0.41888950484160337
1195.8,12.077770233154297,-0.0459071546792984,-2.9116071639491206,-0.00020476682192757857,-0.00014032962274289243,-0.008591782860570692,-0.013374183816189007,-0.07295325335129306,0.0629383397102356,-0.016111053824424744,0,-0.1,True,-0.1727842035597494,-0.41738127415905635
1195.82,12.077994346618652,-0.045682936906814575,-2.913341910083593,2.0797889024860696e-06,-9.205269372267039e-05,-0.013215092445391013,-0.013687742644619137,-0.08104185696083553,0.06182735539972783,-0.027346188724040987,0,-0.1,True,-0.1290641749983262,-0.3926520603426547
1195.84,12.078192710876465,-0.045172981917858124,-2.9149351553392577,-0.00018675185218039307,-8.839137186835307e-05,-0.016247737031530304,-0.01210005717969169,-0.09504490695733618,0.06520549565553665,-0.09431495487689973,0,-0.1,True,-0.07155740216911935,-0.4557641619722983
1195.86,12.078572273254395,-0.04480327293276787,-2.9168747834556283,3.5282305973133506e-05,0.00042668697794754777,-0.016160858266599992,-0.01501063117129569,-0.09940709221551652,0.06520549565553665,-0.09431495487689973,0,-0.1,True,0.025359447900504064,-0.43045008174567395
1195.88,12.078819274902344,-0.044671811163425446,-2.919210756505722,0.0008065123098412302,0.0004207382760087095,-0.014316375034111303,-0.011532724629060125,-0.10941438630914739,0.07295196488499642,-0.09278151690959931,0,-0.1,True,0.060521058924762644,-0.1333844266902596
1195.9,12.078987121582031,-0.04422418773174286,-2.9212944774608496,0.0007160552387940729,0.00021699898382630063,-0.011186336613346767,-0.009039386848439012,-0.115477863500556,0.014059337973594667,-0.0875507688522339,0,-0.1,True,0.07418129834573138,0.015645879052122426
1195.92,12.079106330871582,-0.044020481407642365,-2.9236883062440064,0.0010398117019620005,-4.7652272557271176e-05,-0.011406052317539935,-0.010046028751290577,-0.10571566109257757,0.1308812040090561,-0.00819172516465187,0,-0.1,True,0.05958841319318909,0.1771796692728606
1195.94,12.0792875289917,-0.043902043253183365,-2.9261130125356907,0.0012869967725153968,-0.0001228916405653716,-0.010226354398930012,-0.008252040255788802,-0.09815542189134431,0.08144651114940644,-0.06587413370609284,0,-0.1,True,0.03538953411391304,0.2995536187326379
1195.96,12.079536437988281,-0.04368986934423447,-2.9276680093931207,0.0013634912165213927,2.6711255423955094e-05,-0.009549301978660512,-0.005491332106406536,-0.09524001276733143,0.04915671326220036,-0.03460621595382691,0,-0.1,True,0.08056938601473221,0.1789695279459443
1195.98,12.079645156860352,-0.043404366821050644,-2.92914691121215,0.0010739558450466812,-7.76889434978012e-05,-0.0083551738842363,-0.008431137616136347,-0.09151357400196676,0.047177297547459605,-0.07210565149784089,0,-0.1,True,0.08166271725339783,0.1125370188145812
1196.0,12.07975959777832,-0.04342900589108467,-2.931307507265386,0.0012314197230453758,-0.00013981187202878603,-0.004960501436367221,-0.007935371632207203,-0.09139809885691505,0.0406969302892685,-0.05697304755449296,0,-0.1,True,0.1243634218155634,0.13997432114198
1196.02,12.079798698425293,-0.043101780116558075,-2.9334340984558414,0.0008393771285828944,2.9634557340412145e-05,-0.003693337018664128,-0.009006318809918859,-0.089152460386186,0.10863455832004548,-0.038310706615448005,0,-0.1,True,0.11953825836682187,0.14307905945329036
1196.04,12.079792022705078,-0.0429861880838871,-2.934979857301667,0.0008674670161172727,0.00012549781209399906,0.00039977176657551156,-0.010237615094820898,-0.08404206707598322,0.036915412247180944,0.00620138630270958,0,-0.1,True,0.11487507762262611,0.08343191528219139
1196.06,12.079785346984863,-0.04263835400342941,-2.9362791080430384,0.0001663042125911116,0.00016254020142886791,0.0012078867851007527,-0.01080581509639006,-0.08006724924571394,0.010217678472399712,-0.044146552383899695,0,-0.1,True,0.1356624089390854,-0.06982734377341557
1196.08,12.079560279846191,-0.04263397678732872,-2.9380308726314586,0.000225259112325523,-0.00018841822635757156,0.004229504773434509,-0.010763393630078019,-0.08472354563434581,0.06232980608940125,-0.06558249548077584,0,-0.1,True,0.0692419169124714,-0.20691475395711587
1196.1,12.079527854919434,-0.04227517172694206,-2.9398394783954926,-7.195216360345067e-05,0.00013021768154368644,0.007159655696452834,-0.00544843507729777,-0.09473864788805417,0.027024195790290834,-0.02134693592786789,0,-0.1,True,0.06689699300986385,-0.2381093644693121
1196.12,12.079286575317383,-0.042211297899484634,-2.9417577409524087,0.00013485189023321154,-0.0003580238247839202,0.005939125119568186,-0.0071285513600114255,-0.10059524739253743,0.06629683300852776,-0.0401499029994011,0,-0.1,True,0.0696280124880596,-0.21966417747629105
1196.14,12.079136848449707,-0.04232609644532204,-2.9438581998740974,0.00028074947259267496,-0.00038170809420209293,0.006559646225900204,-0.007916562932054767,-0.09911599840329573,0.10532284200191498,-0.09444021433591844,0,-0.1,True,0.025588231674425182,-0.10881618885522787
1196.16,12.078981399536133,-0.04216935858130455,-2.946078492422877,-0.00034438786923331367,-0.0004246426265960264,0.009799745772490043,-0.00574350430516621,-0.10229667983248306,0.03676824599504471,-0.046043664813041695,0,-0.1,True,0.0652020583926374,0.0006618345203467494
1196.18,12.078888893127441,-0.04175727814435959,-2.9477687582677716,-0.0012546450969759834,0.0002409796877981348,0.009206714230410805,-0.007497844090824766,-0.10344394299648922,0.09140575945377351,-0.017935404032468797,0,-0.1,True,0.10285596486893354,-0.03631938373484928
1196.2,12.078428268432617,-0.041912876069545746,-2.949941475339023,-0.0012882849988310235,-0.00038920394932041966,0.011155289790989259,-0.008533866874754749,-0.10054230063090959,0.11521574616432191,-0.05255261093378068,0,-0.1,True,-0.03726436695006642,-0.0070892369787412274
1196.22,12.078298568725586,-0.04187936708331108,-2.952133715313809,-0.0013005282067654446,0.00019405007284715547,0.014788123415407403,-0.0009292140032612238,-0.10202154910208103,0.0812644225358963,-0.05417042896151543,0,-0.1,True,-0.029054566832873344,0.18957925529389014
1196.24,12.077975273132324,-0.04166913777589798,-2.9541218764733426,-0.0015685790333475325,0.00018015444571477837,0.006818596416487441,-0.0008978097821754926,-0.10286381879078184,0.0812644225358963,-0.05417042896151543,0,-0.1,True,-0.09364063019295721,0.17573629046756287
1196.26,12.077713012695312,-0.04190707206726074,-2.9559304821959307,-0.0009680506125584249,-6.1663829217561405e-06,0.006882348883783051,-0.0006837936716036541,-0.0882776025729918,0.053657553195953375,-0.0058780363202095036,0,-0.1,True,-0.18913642125466995,0.32093406123273704
1196.28,12.077878952026367,-0.041943974792957306,-2.9581705808422782,-0.00096186936845069,0.000630022163312161,0.0036640393755594954,0.0017781197017127572,-0.08648339739351735,0.044278911054134375,-0.04372086543589831,0,-0.1,True,-0.026138370078036807,0.49018517343678636
1196.3,12.077747344970703,-0.041927240788936615,-2.959195923519642,-0.0008244213923818833,0.0008405859918082174,-0.00034279028495243165,-0.0015955949755717387,-0.07634682420348542,0.05303222179412842,-0.06639968447387219,0,-0.1,True,-0.05939667989189259,0.19172212649565068
1196.32,12.077713012695312,-0.04186246544122696,-2.9610405482648177,-0.00073199509438539,0.0007196786381410398,0.004727526810246398,-0.0037091092087002614,-0.0636490049158746,0.010245851576328279,-0.05960665099322796,0,-0.1,True,-0.04047832490496209,0.2061330088287155
1196.34,12.077716827392578,-0.041776567697525024,-2.962038228132204,-0.000607977055672116,0.0010519069837900941,0.002130614492435966,-0.0034806333578569198,-0.0729398324533537,0.11708715081214906,-0.011156749427318573,0,-0.1,True,0.011220570362483334,-0.07224116110578825
1196.36,12.07745361328125,-0.041719984263181686,-2.9632625012355436,-0.0005445232009295216,0.00036927337466970876,0.0004257733831654738,-0.005097356232976429,-0.0699927566872351,0.009327862858772278,-0.03459361527115107,0,-0.1,True,-0.1078827471740449,-0.35361986657411143
1196.38,12.077529907226562,-0.041683707386255264,-2.9650311101159215,-0.00035095919849981107,0.0005528771932740749,0.00055485534404797,-0.0022518302942080345,-0.08212611709195965,0.04100577987730503,-0.036094279885292055,0,-0.1,True,-0.1189219581477456,-0.27089643158335547
1196.4,12.077607154846191,-0.04146718606352806,-2.9666399687998073,-0.0006134585561193278,0.0003517402829075491,-0.003903092963693874,-0.0022201456257918643,-0.09193859424185818,0.035866026580333714,-0.05743931323289872,0,-0.1,True,-0.10575406150687748,-0.3714625343097493
1196.42,12.077641487121582,-0.04160701856017113,-2.9686083174995734,-6.657343165200932e-05,-9.394856157800644e-05,-0.0073831421594020685,6.236980498965919e-05,-0.09461154698006402,0.08812988340854645,-0.0659846492111683,0,-0.1,True,-0.17024186196419497,-0.2695366220816729
1196.44,12.077730178833008,-0.04149073362350464,-2.9706175887749064,-0.00026181745820732377,-0.00045377547458553234,-0.008034551537401076,-0.0001513281180332269,-0.09970975943207248,0.08812988340854645,-0.0659846492111683,0,-0.1,True,-0.11396025532797323,-0.14583948253501347
1196.46,12.078112602233887,-0.04158695787191391,-2.9726000338743197,0.00023001594764928971,-5.824063878061904e-05,-0.01306449361307524,-0.0015818066469067828,-0.10368904685847387,0.05634202301502228,-0.08681191474199296,0,-0.1,True,-0.04478089453554782,-0.0605016381309963
1196.48,12.078238487243652,-0.04134589433670044,-2.974616749554366,-0.0002988355748916364,-0.0004153620856757672,-0.01301991338992344,0.0025821915337267505,-0.10360575284464865,0.05634202301502228,-0.08681191474199296,0,-0.1,True,-0.007011832479833655,0.043386322661427466
1196.5,12.07865047454834,-0.04130649194121361,-2.976903441248244,-0.00016916000938056714,-2.054098934315015e-05,-0.010965613722242636,0.00047873862411749167,-0.09945167803053932,0.10681962609291078,-0.09682563483715058,0,-0.1,True,0.10369711098424429,0.2675168345297335
1196.52,12.078791618347168,-0.04152132198214531,-2.978906049002471,0.0004579574954577527,-0.0005257636551874368,-0.008595498135787258,-0.0001120023264868826,-0.09623885361916144,0.08344452083110811,-0.11887939184904099,0,-0.1,True,0.10258542651232895,0.5454289703968536
1196.54,12.078984260559082,-0.04148091748356819,-2.9805561681167556,0.0005446121693075758,-0.00015637706216857543,-0.004768724734343242,-0.0022195526233091704,-0.08228770009611465,0.01482144132256508,-0.05651509523391724,0,-0.1,True,0.09358568168555886,0.5448886111093292
1196.56,12.0789155960083,-0.041225675493478775,-2.9823158578438917,0.00045329917586222495,-0.0005927466111247604,-0.004813079268944589,-0.007338751991951359,-0.05997143521294005,0.06568318255245686,-0.0679957813769579,0,-0.1,True,0.004210210102919558,0.5355049954090375
1196.58,12.078998565673828,-0.04107005521655083,-2.983486457255927,0.00046959039090892755,-0.0006334265782911868,-0.0034787591874047364,-0.01318771575673056,-0.05586058914183263,0.016315694898366928,-0.07809666395187378,0,-0.1,True,-0.040964791462544,0.3935889299246325
1196.6,12.079078674316406,-0.040880583226680756,-2.9837037638195016,0.00033173725496139745,-0.000613939467210729,-0.008258681327554,-0.010475666369424869,-0.053398453986477405,0.0005639168620109559,-0.007032593786716462,0,-0.1,True,-0.07157655231504984,-0.12264531095731031
1196.62,12.079092979431152,-0.04039524123072624,-2.985025015248098,-0.00010825153505895259,-0.0004084746076687462,-0.00804590805134378,-0.013125437573455816,-0.05080058570217268,0.0029818045720458033,-0.015508091300725939,0,-0.1,True,-0.12159531716111681,-0.21662773758960663
1196.64,12.079436302185059,-0.040294162929058075,-2.986587734162818,0.000635878461482753,-0.00023969854601077148,-0.010539203454159643,-0.017334354630901883,-0.06978306008954384,0.05758356954902411,-0.08081623971462251,0,-0.1,True,-0.04494692595352857,-0.2646897280506347
1196.66,12.07947063446045,-0.0399324968457222,-2.9875505041121087,0.0007971146395134284,-0.0003199275724573033,-0.013206384560312881,-0.014506618681738527,-0.07319080814903466,0.037853583544492725,-0.02464759558439255,0,-0.1,True,-0.06786416313091381,-0.44002409919401964
1196.68,12.079697608947754,-0.03938029333949089,-2.989286408626676,0.000428453740321595,0.0002401950833204715,-0.011854435403843235,-0.018693316472585247,-0.0745736322305691,0.06316976293921471,-0.08283848434686661,0,-0.1,True,0.001120853336365616,-0.19553102916762927
1196.7,12.07995891571045,-0.03908634930849075,-2.9908802799000322,0.0004951314210684506,0.000628666697605995,-0.013475041101827378,-0.017829089262086737,-0.08600251363776229,0.01109271388500929,-0.030780823826789858,0,-0.1,True,0.07877604381634855,-0.044153636153997866
1196.72,12.080146789550781,-0.038672126829624176,-2.9925536247412583,4.831355030018649e-05,0.000974283958399775,-0.010449535187250475,-0.011548837133951812,-0.08542554242293995,0.09551905713975431,-0.03031246155500412,0,-0.1,True,0.12448002751763847,0.049040807802456045
1196.74,12.080322265625,-0.038360483944416046,-2.9944307052031234,-3.569741713593316e-05,0.0011874472809720318,-0.0069043010550107285,-0.013569927126696775,-0.07672309904135127,0.005765712372958661,-0.05231617361307145,0,-0.1,True,0.18283008514035348,0.25070221590717057
1196.76,12.080387115478516,-0.03834249824285507,-2.996120452020505,0.0003945116785056175,0.0009689845303489676,-0.0018960332024412145,-0.006444917783063136,-0.07065036760637619,0.05582774326205254,-0.04283233672380448,0,-0.1,True,0.16661769072967544,0.2641457764172796
1196.78,12.08034610748291,-0.037931498140096664,-2.9970181278233348,-0.00011686224747521124,0.0009290883272459362,0.0011513657093875983,-0.006158085694734403,-0.06594633636520689,0.05582774326205254,-0.04283233672380448,0,-0.1,True,0.11335534494679003,0.06497187730129139
1196.8,12.080222129821777,-0.03813999146223068,-2.9982056541497633,0.0005227584749281716,0.0007388804595600878,0.0028798800711114384,-0.009585162616247879,-0.0642938803095768,0.004787134975194931,-0.00592906802892685,0,-0.1,True,0.016646234101076587,-0.0768122593085767
1196.82,12.080160140991211,-0.03788624703884125,-2.999706412112335,-3.9931475093608186e-05,0.0006001106694416019,0.002164126540724226,-0.0016256595715281666,-0.07152534885725269,0.02407035753130913,-0.06336117357015611,0,-0.1,True,0.010841931675433994,-0.1770623676706789
1196.84,12.080049514770508,-0.03761647641658783,-3.0012639624452664,-0.0004349895813372119,0.00046829952419252715,-0.0005643344743562988,-0.006125824106072945,-0.07679534835105674,0.05711650878190995,-0.05726271331310273,0,-0.1,True,-0.04971944553704952,-0.2512506421559261
1196.86,12.080156326293945,-0.03782723471522331,-3.0027401557319098,5.424737573006821e-05,0.00039700764068969764,0.002018720243421529,-0.00390058190550598,-0.08011132577884832,0.05711650878190995,-0.05726271331310273,0,-0.1,True,-0.040140930705193825,-0.2730304164235677
1196.88,12.080198287963867,-0.03764842823147774,-3.0043492820178597,-0.00013115387499603858,0.00043663066765268864,-0.0010976755718602104,-0.00010576788908380448,-0.08439393168208974,0.06416979052126408,-0.008051856309175492,0,-0.1,True,-0.030095760128515812,-0.26499023819955086
1196.9,12.079957008361816,-0.037599556148052216,-3.0061153181746554,-0.00019508593818040932,-0.00038858260132546913,-0.0010471479156974866,-0.0015919112962191522,-0.09336778217118032,0.09559791564941407,-0.030440969169139864,0,-0.1,True,-0.1070915137860398,-0.30226721338154044
1196.92,12.080135345458984,-0.03759608045220375,-3.0080154769798466,2.2015082400414195e-05,0.00015195477336545348,-0.0029719952846422168,0.0020508332541000988,-0.09799456740706178,0.05947251021862031,-0.024303850233554844,0,-0.1,True,-0.06652757517177285,-0.3044008810356706
1196.94,12.080222129821777,-0.03768973425030708,-3.0102095783056186,0.00011646692623065308,0.0001342762272485879,-0.006548600859478213,0.004131014850447301,-0.10429270284941829,0.03716330260038376,-0.01799020230770111,0,-0.1,True,-0.07216761699431652,-0.19855897668917613
1196.96,12.080455780029297,-0.037779368460178375,-3.0121888474104175,-4.098081461074552e-05,-1.7144739816314378e-05,-0.006419881585597198,0.0064632439172401775,-0.10874600216492124,0.06139172449707986,-0.02915575534105301,0,-0.1,True,-0.07892247718301246,-0.1826894108049863
1196.98,12.080519676208496,-0.03785855695605278,-3.0144587344026013,-0.00014666518529620916,-0.0008098542481194298,-0.006820557275237557,0.003898793333413055,-0.10925250030629996,0.05183677971363068,-0.08783680051565171,0,-0.1,True,-0.05347896525139045,-0.10032272305897615
1197.0,12.080711364746094,-0.03804254159331322,-3.0167151571530324,0.00012565900506207868,-0.0007671446993277119,-0.00928579345927747,0.0019253807085195043,-0.11260972027144739,0.06507101327180863,-0.05617704510688782,0,-0.1,True,-0.053844908930593176,-0.05392682893494526
1197.02,12.080802917480469,-0.03792993724346161,-3.0189497783301147,-0.00019161290968272728,-0.0012732009705110718,-0.010826918079585558,0.0002527882033249776,-0.11231852069412908,0.016032322049140933,-0.051947861611843116,0,-0.1,True,-0.07057650709036578,0.00767836080857458
1197.04,12.081212043762207,-0.03783967345952988,-3.021197625032125,-0.00025917163589801707,-0.0007346856747188655,-0.010727474300040734,-0.0037093217485696644,-0.11306014847971294,0.016032322049140933,-0.051947861611843116,0,-0.1,True,0.021812392004479635,0.06054635484806129
1197.06,12.081381797790527,-0.03777266666293144,-3.0234442160581234,-4.179762607242742e-05,-0.0012965080450048987,-0.012466677842461684,-0.005106223088904077,-0.10863823144161455,0.016032322049140933,-0.051947861611843116,0,-0.1,True,0.047361322576351755,0.2973670275388614
1197.08,12.081527709960938,-0.037644870579242706,-3.025759969031401,0.0002636438587130018,-0.0010547046101006838,-0.007540802098920687,-0.00838876938632862,-0.10776601188360689,0.08019217252731324,-0.09070806324481966,0,-0.1,True,0.11237042083074164,0.47484668626612037
1197.1,12.081745147705078,-0.03740672767162323,-3.027640836845436,0.00017291385912639832,-0.0005579354009049842,-0.0070380122734808636,-0.009494596629995428,-0.0885291584910418,0.05993987321853638,-0.05197417855262757,0,-0.1,True,0.2242965562474479,0.5505070564326667
1197.12,12.081733703613281,-0.03710334748029709,-3.029818905982806,-3.518061476920085e-05,-0.000585350504711204,-0.0017378406335895789,-0.01163555058337483,-0.07507241357845786,0.10999395191669466,-0.07399332821369171,0,-0.1,True,0.16791678743568825,0.6639406223169769
1197.14,12.081854820251465,-0.03695400431752205,-3.0305265487374204,1.1800246134631604e-05,-0.00014331719253716374,0.005477046657368828,-0.012194652598776893,-0.0645976669269161,0.012385822534561159,-0.04418831944465638,0,-0.1,True,0.2151287952207455,0.3058072358283594
1197.16,12.081562042236328,-0.036704327911138535,-3.0317657621176894,-0.0002049619203760213,-0.0003786843323703579,0.005892540895960336,-0.009644523671058216,-0.05465076209814608,0.05639937996864319,-0.05984689295291901,0,-0.1,True,0.16560340318983446,0.02625422607983709
1197.18,12.081201553344727,-0.03648573160171509,-3.032808650199599,-0.00039826853537173817,-0.0005957466345038964,0.010172291344212037,-0.009303391860628993,-0.06406457962472577,0.013749774396419527,-0.011563410833477976,0,-0.1,True,0.10011104816773098,-0.14906146317848626
1197.2,12.081180572509766,-0.036388102918863297,-3.034190966950666,-0.0004989573701354659,-0.000505359774258218,0.011510431621622783,-0.011120600753336901,-0.07297207549206683,0.081654958948493,-0.00291460145264864,0,-0.1,True,0.11771726593837438,-0.3194677225525326
1197.22,12.080965042114258,-0.036302484571933746,-3.035651715107394,-0.0004770985304834367,-5.932457199941885e-05,0.013485930510780023,-0.008574704721979525,-0.07652258398118415,0.02678807504475117,-0.11926315605640413,0,-0.1,True,0.070624887742444,-0.15962927310564262
1197.24,12.080551147460938,-0.03591851517558098,-3.0376035281570495,-0.00096089591513337,0.00023017548513062935,0.015309922171021721,-0.007768953777238697,-0.08020817990232544,0.07723906546831132,-0.018307228088378907,0,-0.1,True,0.01950132916658607,-0.0014561255028856513
1197.26,12.080056190490723,-0.03591768443584442,-3.0389304569180884,-0.0008658703183971657,-0.0002252614885290648,0.01582228236360242,-0.004852847926523407,-0.07683492147316556,0.020821517109870912,0.0030262442678213124,0,-0.1,True,-0.05003822596648999,0.03816268804981983
1197.28,12.0798978805542,-0.03589707985520363,-3.040607621342846,-0.000668375814690941,0.0003043786114930527,0.013070537954948249,-0.0022644103632364085,-0.07308856553229758,0.02038440763950348,0.005097678005695343,0,-0.1,True,-0.0777412453655678,0.19155306636278913
1197.3,12.079666137695312,-0.036046020686626434,-3.0417985088252415,-0.00030666393602515586,0.0001282842866690856,0.009482872433464464,-0.002689428011607447,-0.07346956893720134,0.022175112739205364,-0.022191923558712006,0,-0.1,True,-0.07752331605547946,0.17965059799921554
1197.32,12.079492568969727,-0.03584370017051697,-3.043450613399628,-0.00034837903896386036,0.00013032128295544618,0.009090622541781954,-0.002931170797689745,-0.06488393459331625,0.08648756444454193,-0.004353543817996979,0,-0.1,True,-0.06652814468470876,0.10320423204277665
1197.34,12.079279899597168,-0.035779181867837906,-3.044808022433059,-0.0002824060541975523,-0.00038007835495153486,0.009620417079169703,-0.0034242563190191597,-0.06246287363324139,0.02741786301136017,-0.056492539644241335,0,-0.1,True,-0.029331839421758883,0.1132418975069652
1197.36,12.079151153564453,-0.03573497384786606,-3.0457983361103067,-0.0002424647534980711,-9.411223729857725e-05,0.007748286380176389,-0.0014964252726240523,-0.06483222696888295,0.0778335863351822,-0.007096979022026063,0,-0.1,True,-0.031838869347003064,0.055925994627496915
1197.38,12.078873634338379,-0.0358477346599102,-3.0467955387159105,0.00012042355226667758,-0.0005121889732463991,0.007136325279719218,-0.0008878133083310184,-0.06441021713662662,0.003317002654075623,-0.01159090280532837,0,-0.1,True,-0.04411311497746161,-0.002572645088554325
1197.4,12.078864097595215,-0.03578382357954979,-3.0486371915571486,3.114257768073228e-07,4.108966514723444e-07,0.006543512994016786,-0.0016002329392450537,-0.06040985502310785,0.0629689645767212,-0.04118439763784409,0,-0.1,True,-0.045340591953569875,0.10387213651182567
1197.42,12.078704833984375,-0.03576251491904259,-3.0499608398039992,8.191720956058494e-05,0.00016119338863274357,0.006091367880965954,-0.0024964850754160875,-0.06266868524032614,0.02871289223432541,-0.0377931672334671,0,-0.1,True,-0.07994263101117474,0.1059345194298484
1197.44,12.078618049621582,-0.035656098276376724,-3.0506311245121647,-0.00031662002545528067,0.00017190884526774137,0.004121039023883788,-0.005739107452362366,-0.05652245604792084,0.02871289223432541,-0.0377931672334671,0,-0.1,True,-0.06798272732240626,-0.028016289991318936
1197.46,12.078370094299316,-0.035693444311618805,-3.051809033535132,-0.00018911732280161068,-0.0006970868573589945,0.0007409147988310552,-0.007192453291237444,-0.055935455582246454,0.006624547690153123,-0.04309803038835526,0,-0.1,True,-0.13346639054628243,-0.07960823402764536
1197.48,12.07849407196045,-0.035356540232896805,-3.053158988040978,-0.000334316833321446,-0.0002749534999496267,0.0011048948082292313,-0.00657024458466035,-0.06265115822241132,0.0530128288269043,-0.045556800365448,0,-0.1,True,-0.07109602000246162,-0.23032834033577793
1197.5,12.078594207763672,-0.035194750875234604,-3.054435676250575,-0.0002691015935520861,-0.0002818912892847603,-0.00458594336272693,-0.008249323202344021,-0.06903734396253197,0.043223400413990025,-0.05791254878044129,0,-0.1,True,-0.03500169739491313,-0.2895281198519723
1197.52,12.078483581542969,-0.03514033928513527,-3.055643217169953,-0.00026150549697067727,-0.0004067922704239638,-0.0015666425763079693,-0.004295793520036806,-0.07494872327476632,0.005135002713650466,-0.01459202602505684,0,-0.1,True,-0.07811151645550009,-0.30384590113160836
1197.54,12.078678131103516,-0.03500406816601753,-3.0573320210521295,-0.00026303322920309474,0.00031611271920904617,-0.0020592209927594485,-0.0035591166073986745,-0.07909770517038317,0.036218734085559846,-0.040721547007560734,0,-0.1,True,0.028298480776233148,-0.3108811467351334
1197.56,12.07858943939209,-0.035003386437892914,-3.059154885902954,0.00014937439944768288,-5.1223805670561415e-05,-0.005144026508205092,-0.005507997527107292,-0.08695883031291789,0.0642969635128975,-0.04811184257268906,0,-0.1,True,-0.0786803016068673,-0.27445843044167206
1197.58,12.078734397888184,-0.03489716723561287,-3.0607634926642,0.00021974371007243997,0.00010670129225793706,-0.0023220649006303377,-0.004008963917515486,-0.09390783570132002,0.012938529141247273,-0.03185325741767884,0,-0.1,True,-0.06810254774311596,-0.2904549713311929
1197.6,12.078857421875,-0.03466730937361717,-3.06259992359498,-0.00021566177016396878,0.00013537136916022153,-0.007861066704851628,-0.005042336739433892,-0.09690539771008011,0.0335191098600626,-0.047848660647869114,0,-0.1,True,-0.04544997095118223,-0.17934610733929285
1197.62,12.078837394714355,-0.03466939926147461,-3.0648446479082283,5.340091592976625e-05,-0.0003419937042363728,-0.00750742481220377,-0.004184632876003727,-0.10233410287685747,0.08766026735305787,-0.044361539781093605,0,-0.1,True,-0.0673513582001535,-0.12461212746839168
1197.64,12.079184532165527,-0.03455163165926933,-3.0669073177197754,0.0001075606787425079,0.0003412389262474319,-0.008780024184306697,-0.004228732975859851,-0.10130651890008904,0.006400567889213562,-0.04709539741277695,0,-0.1,True,0.013367914822534936,-0.13324303627157774
1197.66,12.079307556152344,-0.034517332911491394,-3.068950220894364,0.00025782415038411925,0.0005366989164290974,-0.007710173556653031,-0.0039535452028280635,-0.10387680589881063,0.1284631371498108,-0.05483849436044694,0,-0.1,True,0.013452768128365107,-0.10215204119325744
1197.68,12.079532623291016,-0.03427754342556,-3.070704445107003,-0.00029074402558447275,0.0006751990788535159,-0.0067916335190467665,-0.0010590901839533438,-0.10756484061182693,0.0599289208650589,-0.08077299356460572,0,-0.1,True,0.05667177105094882,-0.25410533418504055
1197.7,12.079429626464844,-0.034309182316064835,-3.073154792380149,-4.999406102094195e-07,6.873723423253687e-06,-0.006431203361932481,-0.004571690958579723,-0.11050626617233386,0.06562269166111946,-0.06802043199539186,0,-0.1,True,0.03557782801324263,-0.2367668910319414
1197.72,12.079720497131348,-0.034428633749485016,-3.0755125049687138,0.0003618867775420442,0.0005827932485115649,-0.004246282500234916,0.0013672480456494523,-0.1216349456348738,0.015330894738435746,-0.061476252675056464,0,-0.1,True,0.07858852179513627,-0.1951244846420338
1197.74,12.079795837402344,-0.03411727026104927,-3.077790722188143,-0.0001885005183305772,0.00021537420664691112,-0.004863947315596209,-0.0017177455966915578,-0.12281815718134871,0.061145906746387486,-0.04586467623710633,0,-0.1,True,0.1037367667804654,-0.12473307281617649
1197.76,12.079878807067871,-0.034364253282547,-3.080435240757784,0.0004383024856877696,0.00020835017172134412,-0.0005045517754415828,-0.004338890291363614,-0.12317479938317544,0.02529199242591858,-0.11065406382083894,0,-0.1,True,0.0877771163489728,0.1946142644804958
1197.78,12.079809188842773,-0.0341472327709198,-3.082980244954648,-0.00028513852366924094,-5.038926758638277e-05,0.0018677379804972034,0.0021180858678715277,-0.1204849119976189,0.049682070016860966,-0.04248508661985398,0,-0.1,True,0.0588453770661282,0.36234094338050826
1197.8,12.079739570617676,-0.03407970443367958,-3.085366488919359,-0.000613517056023563,-0.000246027315911745,0.002775886807676522,-0.002441547301416247,-0.1060658044764483,0.11081646323204042,-0.04404304012656212,0,-0.1,True,-0.0154864658505949,0.5107036557224314
1197.82,12.079656600952148,-0.034295178949832916,-3.0874295151479436,-0.00027054934466856656,-0.0006366635657757397,-0.000156317150310235,0.0017409938420402218,-0.09383088171093441,0.04004328548908234,-0.11776708543300629,0,-0.1,True,-0.0760132382243881,0.5697655914273434
1197.84,12.079646110534668,-0.03418171778321266,-3.088920505115892,-0.00027550866570451,-0.0007514528470934997,-0.0017434690434880481,-0.0006905941578682021,-0.08231850692541809,0.046590729914605625,-0.007909777164459229,0,-0.1,True,-0.12472062844973417,0.40788548495641785
1197.86,12.079829216003418,-0.03428563103079796,-3.090486715491516,0.00010943958883136159,-0.000535299485995158,-0.004213321077448314,-0.006762218073906878,-0.07490366468347288,0.046590729914605625,-0.007909777164459229,0,-0.1,True,-0.07384585282582151,0.2730078395805797
1197.88,12.079875946044922,-0.03401719033718109,-3.091951969473405,-5.1413559689660466e-05,-0.0004499501646106288,-0.007201763468321494,-0.007299426261234487,-0.0734349656798718,0.05327815350145102,-0.08744077801704407,0,-0.1,True,-0.04547551020028717,0.16398073734883134
1197.9,12.079965591430664,-0.03373768925666809,-3.093421808322633,-0.0001952682179584846,-0.0007055756750945029,-0.0060639853763873736,-0.01363946295210534,-0.07199025454444583,0.0077727379277348525,-0.012653335332870485,0,-0.1,True,-0.005852045133107574,0.0458517014140913
1197.92,12.080192565917969,-0.03356989473104477,-3.094795302370293,-8.46358210363532e-05,-0.00021399359303821036,-0.0053815098595180536,-0.010942202044050511,-0.06920004793748623,0.003757680505514145,-0.05657001502811909,0,-0.1,True,0.05579474866910313,0.14568237071474613
1197.94,12.08026123046875,-0.033172380179166794,-3.096245935855083,-0.00043553309680394555,-0.00025711035411691977,-0.004681484688097825,-0.009547986545361114,-0.07123552857033849,0.011008056104183197,-0.06891331791877747,0,-0.1,True,0.08095005329581977,0.1047823352740622
1197.96,12.080265045166016,-0.03312263265252113,-3.097487973308399,-0.00016833377932489198,-0.0003738850602637552,-0.002738183574797304,-0.007157393975711158,-0.06178037602270271,0.055692012049257764,-0.03588082268834114,0,-0.1,True,0.05851118375284781,0.013166091477289163
1197.98,12.080305099487305,-0.03295765817165375,-3.099120650608255,-0.00011323022274539018,-0.00037645353506246814,0.0004120188872723176,-0.003781444971596741,-0.06360766772252847,0.07991892669349909,-0.050979515016078954,0,-0.1,True,0.05757515259225648,0.05190663267535814
1198.0,12.0803861618042,-0.03298820182681084,-3.099737732452105,0.00019625788813369105,0.00016720527610261912,-0.0007006151592944859,-0.005903210297575566,-0.06814676061930405,0.03577471837401391,-0.005314896553754807,0,-0.1,True,0.03887634373813684,-0.20021432072950604
1198.02,12.080215454101562,-0.032871536910533905,-3.1013345492728805,0.00014960125764836845,-0.0002697438984040585,-7.54724807214958e-05,-0.005724205159660119,-0.06708299795631362,0.03725530862808228,-0.04405228208750487,0,-0.1,True,-0.0454269193432134,-0.2521162629337277
1198.04,12.080301284790039,-0.032648444175720215,-3.1029397141579382,1.0972704162345027e-05,-0.00011306161535383171,0.00037192392425081436,-0.007966366913338227,-0.07779752168104863,0.01721773907542229,-0.07420466482639314,0,-0.1,True,-0.0068368048270434,-0.2103838228255741
1198.06,12.080292701721191,-0.032499849796295166,-3.104487290444755,1.3772846535796698e-06,-3.1845285767888666e-05,-0.003222134660181449,-0.008389125375062203,-0.08377696875720834,0.07292114287614823,-0.0208347225189209,0,-0.1,True,-0.027496613970089703,-0.2623979733560313
1198.08,12.080331802368164,-0.032352518290281296,-3.105961534186583,6.0648473852883844e-05,3.45738036575743e-05,-0.0012475595454574605,-0.007892874435348186,-0.08497746644533467,0.07149045467376709,-0.012607597783207894,0,-0.1,True,-0.0670133098431054,-0.21935639743348792
1198.1,12.080448150634766,-0.032191306352615356,-3.108036706773451,9.436031777485569e-05,0.00023494855992100357,-0.0022752015983266713,-0.009504970431206065,-0.08807483582477703,0.008459128960967064,-0.09423318147659303,0,-0.1,True,0.027983289146436847,-0.057959827639625074
1198.12,12.080378532409668,-0.03201385959982872,-3.109737911473559,-3.346806084598153e-05,-4.701848346732459e-05,-0.004989140863192742,-0.010969403014446289,-0.0953460334757117,0.06716055750846864,-0.04699928164482117,0,-0.1,True,-0.03165202216453346,-0.12272056018930821
1198.14,12.080449104309082,-0.03173377364873886,-3.111533277310751,-0.00014262608614964793,-0.00010059557656186754,-0.0009834715284621747,-0.008116149416108059,-0.08841375496838731,0.04779223620891571,-0.07208279341459276,0,-0.1,True,-0.030674185051158133,-0.21614515126214973
1198.16,12.080702781677246,-0.03146269917488098,-3.113589216864655,-0.0003377589919953823,0.0007495720195665841,-0.003779721318625031,-0.006361438431243342,-0.0947951112604983,0.005450657233595849,-0.0779700630903244,0,-0.1,True,0.06509600285507514,-0.08939351154185067
1198.18,12.080507278442383,-0.03153994306921959,-3.1151098071709358,7.760038415143175e-05,0.0005236020912217783,-0.004729136402424065,-0.002507384191716259,-0.10536644792578242,0.005450657233595849,-0.0779700630903244,0,-0.1,True,-0.02768475827507142,-0.2311701887186773
1198.2,12.080666542053223,-0.03149667754769325,-3.1173215203744133,0.0001474396607805066,0.000897584692017448,0.0002185393652233337,0.003107858892545022,-0.10249751439907358,0.07086280137300492,-0.030804359912872316,0,-0.1,True,0.008241628491363817,-0.034791391591602085
1198.22,12.080821990966797,-0.03152323514223099,-3.119962593144806,0.00020386081790161543,0.0013382312378396278,-0.003198252190465874,0.0048359283979217795,-0.10690737006586468,0.03241441011428833,-0.12089800238609315,0,-0.1,True,0.033170688919054184,0.2061472066417909
1198.24,12.08069133758545,-0.031711678951978683,-3.1217890180165733,0.00027412888472153307,0.0007446156984420516,-0.0031203910393165254,0.006798914737962302,-0.09757842258782394,0.09329395353794098,-0.07721902787685395,0,-0.1,True,-0.012197898280145605,0.16663655852652623
1198.26,12.080771446228027,-0.03192119300365448,-3.123662396776197,0.00042600423371840065,0.0005053907872580711,-0.0020754812889021436,0.007928092360503246,-0.08887467139445415,0.038571374714374544,-0.07376729354262353,0,-0.1,True,0.03193585892053472,0.21655719185495997
1198.28,12.080926895141602,-0.03203554078936577,-3.125127794181432,0.0005272359684565314,0.0006573258262119272,-0.0007572924971874272,0.009037882955655007,-0.0891665897169636,0.04230816543102265,-0.021668607592582705,0,-0.1,True,0.05387792671819111,0.049355487932257636
1198.3,12.080999374389648,-0.03215440362691879,-3.1270725668563557,0.00019892175629070838,0.00045718362070000973,-0.00064338347682542,0.009059818451988336,-0.08958279471748364,0.06900624811649324,-0.013132733404636384,0,-0.1,True,0.10461662998330701,0.010639764181318494
1198.32,12.080763816833496,-0.03243361413478851,-3.128922345193924,0.0003917317916574013,-0.00030659056906401117,0.0011898430981348432,0.007341937926417924,-0.09362998355324692,0.10151712238788606,-0.04201943740248681,0,-0.1,True,0.07946274240192362,0.15264940428447193
1198.34,12.080833435058594,-0.03264515474438667,-3.1308290203535893,0.0004483320268513293,-8.754450068069912e-05,0.006293849109754806,0.005466538591161431,-0.08802349025994945,0.021601193249225617,-0.007519972473382951,0,-0.1,True,0.09723811989245575,0.2824121188328792
1198.36,12.080839157104492,-0.032624054700136185,-3.132618192865685,0.00018141739769205007,7.333777247983149e-05,0.00559972689496068,-0.001699973989205821,-0.07695463737421696,0.07915570855140687,-0.10871743321418763,0,-0.1,True,0.0904050922870435,0.3766190321994432
1198.38,12.080500602722168,-0.032597120851278305,-3.1341144460771653,-0.00013036180506814074,-0.0007664583829704936,0.007135666114586074,-0.002285433081411317,-0.06698982521080964,0.10182295382022859,-0.04687761247158051,0,-0.1,True,-0.042071017007264296,0.24526064648799337
1198.4,12.080314636230469,-0.0323016420006752,-3.135078716183873,-0.0007124019143964932,-0.0011123414386713848,0.008422250481112302,-0.0045850981675877285,-0.06350046097723323,0.018378660380840302,-0.05785135746002198,0,-0.1,True,-0.06537163112300799,0.01994512426733305
1198.42,12.08026123046875,-0.032466594129800797,-3.1361882063704645,-9.27221631764046e-05,-0.0009331753631858233,0.0029281677491671573,-0.005230050562991265,-0.06840263854087206,0.05343368291854859,-0.04561482071876526,0,-0.1,True,-0.0803346992099388,-0.22489555749091347
1198.44,12.08016300201416,-0.032261643558740616,-3.1376982297438736,-0.00019568907130230342,-0.0010218901387432577,0.0003699964051099335,-0.002946817474013544,-0.07535902743282723,0.04596532940864564,-0.0683452881872654,0,-0.1,True,-0.09725813829315359,-0.2501653899727049
1198.46,12.0802640914917,-0.03217998892068863,-3.13958665716043,-5.197276744347039e-06,-0.0006992448507590027,0.0007088901777968156,-0.0031739787667198044,-0.08498146981006635,0.0328070217370987,-0.03175126075744629,0,-0.1,True,0.02021470932869295,-0.18817267231432167
1198.48,12.080284118652344,-0.03206601366400719,-3.141107438378494,4.3590175120163265e-05,-0.0005152602446815899,0.0006415994176670911,-0.004391497770054268,-0.08351369217503142,0.020150656253099444,-0.046530833840370184,0,-0.1,True,0.07287058982295698,-0.0770084406853369
1198.5,12.080204010009766,-0.032212790101766586,3.140198583224323,0.00041186201377533974,-0.00043275561477386,0.004545344495461122,-0.0024863507589777067,-0.0834564523260041,0.0063577681779861455,-0.0489719569683075,0,-0.1,True,0.06635703388319945,0.04886276064797419
1198.52,12.080111503601074,-0.03191034868359566,3.1388059820617165,-7.454390632732995e-05,-0.00026125752712961994,0.0061996435909411896,-0.00454212408438027,-0.08151970268764858,0.007675214260816575,-0.015619966983795168,0,-0.1,True,0.06180814171739224,0.038989880255494644
1198.54,12.079900741577148,-0.03198057413101196,3.1369221338330817,0.0003034476778525971,-0.0007335799569752831,0.006017452888447944,-0.007082946542363129,-0.08107244895823197,0.05654530391097069,-0.03966857627034188,0,-0.1,True,-0.004515099682428291,0.14536196224111417
1198.56,12.079789161682129,-0.031701263040304184,3.135556292586087,-8.47018525772164e-06,-0.0007156927925311581,0.005586250755053973,-0.007109792955956868,-0.08039450175459469,0.02650117214769125,-0.0596267730742693,0,-0.1,True,-0.014001702033769794,0.19858010540499146
1198.58,12.07972526550293,-0.03164391219615936,3.1337127873076702,0.0002949042482376812,-0.0005126749025832647,0.004184136520867188,-0.0120724095667263,-0.07182749534672554,0.02650117214769125,-0.0596267730742693,0,-0.1,True,-0.03895581279982935,0.20756620695932038
1198.6,12.079668045043945,-0.031338877975940704,3.1323744219213547,0.00023649037609800848,-0.0004316390842454845,0.005079507428240625,-0.010451535274703813,-0.06563329425526371,0.03183621529489756,-0.11907218664884568,0,-0.1,True,-0.006703990262653966,0.2624703385073855
1198.62,12.079573631286621,-0.031012173742055893,3.131175934205349,0.00021409512642591791,-0.00022697263500120885,0.0029009878644644304,-0.014121389066769763,-0.06446715240150144,0.010120224952697755,-0.01690176159143448,0,-0.1,True,0.0028048679990758715,0.16485500438864692
1198.64,12.079390525817871,-0.03086142987012863,3.130305629045656,0.0003030746874475652,-0.0004741147223155967,0.00504993153404062,-0.011187083600472958,-0.05939687467396326,0.027071321681141857,-0.0058114068955183035,0,-0.1,True,-0.01596152937418906,-0.03514033976984619
1198.66,12.07950496673584,-0.030511844903230667,3.12855541511554,0.00013704257111105255,-6.513370872081661e-05,0.004408525960793691,-0.01351716637571882,-0.0586390949956083,0.020204995572566987,-0.035559135377407076,0,-0.1,True,0.06088592415997518,-0.05104462989855395
1198.68,12.07927417755127,-0.030439408496022224,3.1276226719474285,0.00047679273835124,-0.0003080735054280834,0.0038025850783030323,-0.011053328028976652,-0.06844452143685684,0.04666663885116577,-0.18286110281944276,0,-0.1,True,0.04665664085996644,-0.2189319493833934
1198.7,12.079235076904297,-0.029926294460892677,3.126484806605691,-0.0003308359438179076,-4.903330742777467e-05,0.0077718617972718585,-0.010160752839112015,-0.06855072279339365,0.03005054593086243,-0.015448150634765626,0,-0.1,True,0.0681902342492485,-0.16829148580743913
1198.72,12.07909870147705,-0.029973000288009644,3.1248300673307123,0.00012252566355808138,-2.0949729032941804e-06,0.00878246280283454,-0.010399733078211945,-0.0769114306246188,0.045391567945480354,-0.016313026174902916,0,0,True,0.1335625772353644,0.0635096535363023
1198.74,12.078895568847656,-0.029689684510231018,3.1230713572920736,-7.579501945301652e-05,0.00014164632581897138,0.00986374470072861,-0.006622699724412403,-0.07210241386019119,0.07659030020236969,-0.021997461393475536,0,0,True,0.086279370070443,0.29460741378514205
1198.76,12.078585624694824,-0.029595769941806793,3.1214697574974646,6.297555863708913e-05,-0.00010150381414598519,0.014487591257122468,-0.010700283409562113,-0.06336374915395727,0.09473185360431673,-0.0633714260160923,0,0,True,0.07980507806459913,0.6409336057758842
1198.78,12.078455924987793,-0.029381955042481422,3.120716613496881,1.4882808258297704e-05,0.00020353142451032336,0.014674211402901021,-0.007820221682545198,-0.04498212969060372,0.048287449479103094,-0.06394355714321137,0,0,True,0.09475650424691683,0.7138125932363925
1198.8,12.077957153320312,-0.029093829914927483,3.1197609673984004,-0.00041534480404808744,-9.791148201524778e-05,0.015166869047996663,-0.00763749413936677,-0.025636742162594702,0.01045541599392891,-0.0005059673078358173,0,0,True,0.0180745788730009,0.7593708466612119
1198.82,12.07773494720459,-0.029039697721600533,3.1194727869168286,0.00013827998874466733,0.00038759135586952326,0.01744426504047506,-0.004297209306790214,-0.014997406401331721,0.07301680386066438,-0.04122175950556994,0,0,True,0.018398328379811903,0.6010032938949644
1198.84,12.077385902404785,-0.028958428651094437,3.119418818124459,-8.346754438150762e-05,0.000509845144833735,0.015933557566961225,-0.0006855701855019325,-0.0026140814211155763,0.013583446741104127,0.008540423065423967,0,0,True,0.009204790176902768,0.33462310678234497
1198.86,12.077068328857422,-0.02900739572942257,3.1195168209847757,-0.00013145509177935492,0.0004934853073733006,0.016146077673284635,0.00048542248041315934,0.0030981338209497074,0.011142897829413415,0.01614998005330563,0,0,True,-0.02249799575954529,0.18723744882183707
1198.88,12.07668399810791,-0.02901073545217514,3.1195518408847107,-0.00018567839272627077,-3.327307873267244e-05,0.015903252262150308,0.0006829074239788312,0.0011331063800446325,0.01594027690589428,0.014616995304822923,0,0,True,-0.014580254489504629,-0.03285497110884869
1198.9,12.07644271850586,-0.029050009325146675,3.119720637622505,-0.00014073042612957882,0.0002333070297322962,0.01564442537970796,-1.9419510902112024e-05,-1.8410495555807257e-05,0.017647731602191928,0.01646156668663025,0,0,True,0.00738112575368157,-0.08028641117535858
1198.92,12.076112747192383,-0.028985008597373962,3.1195094666348626,-0.00021943249345429444,0.0002657436768779573,0.014767137207798601,0.0024535618303938842,-0.005242479109828551,0.014172866418957712,0.0122454571723938,0,0,True,0.0198032291236276,0.04176341123302528
1198.94,12.075817108154297,-0.028978470712900162,3.119515348145131,-0.00037576616293546854,0.00038117817644927265,0.0167365677335803,-0.0008763892115305223,-0.0033247790730913927,0.015543644726276399,0.014114970192313196,0,0,True,0.04937989647705993,0.04036217495257183
1198.96,12.075498580932617,-0.02918088622391224,3.119132442555925,0.00037927122904373166,0.0003807106820688505,0.017487510592039075,0.0012799148977897007,0.004474179278683616,0.01667693115770817,-0.035088074654340745,0,0,True,0.046039259156106856,0.1597509537544636
1198.98,12.075105667114258,-0.02895035780966282,3.119454655296658,-1.6767460396177312e-05,7.028858999630973e-05,0.01959481709786916,0.0008995431706128763,0.003210563500647002,0.016705335304141047,0.01561656028032303,0,0,True,0.025797604315097374,0.05018101909249586
1199.0,12.074711799621582,-0.02905595675110817,3.119867400977157,9.879011431979492e-05,0.00013173796258550058,0.0184502779402838,-0.0018417650242774824,0.007537597190516915,0.016705335304141047,0.01561656028032303,0,0,True,-0.0006921979657123454,-0.07694913620071141
1199.02,12.074248313903809,-0.029015716165304184,3.1197721932251827,-0.00022738690254345614,-0.0003657783461070208,0.018800376078786214,0.00015603295560745115,0.0006897024543046249,0.008754124343395234,0.020564369410276416,0,0,True,-0.020744924126973572,-0.08157859235331373
1199.04,12.074026107788086,-0.029001515358686447,3.1197354503311656,-0.00022155549809792796,0.000221809819716674,0.017432134754782138,-0.0005258971815079014,-0.0016817516173676969,0.015894199311733248,0.016285143569111826,0,0,True,0.016617258173507225,-0.11599686140576221
1199.06,12.073601722717285,-0.028930021449923515,3.1195098314930023,-0.00041580715462284504,0.00017778823757467178,0.017935223167712785,0.0009994428986190768,-0.0033157238876121604,0.01275697745382786,0.011261536851525308,0,0,True,-0.0033020476443890883,0.02544915136628242
1199.08,12.073318481445312,-0.02898341603577137,3.1197328608477677,-0.0005140055808786582,0.0005136467824460032,0.01977965859416317,-0.00045899399591905283,-0.0017421517219356221,0.019867107123136524,0.017650373205542566,0,0,True,0.050851013636186146,0.0385459259763724
1199.1,12.0728120803833,-0.02906396985054016,3.119506935314174,-8.348535821999062e-05,3.286512161459771e-05,0.018536212267235327,0.000782188486185869,0.002725634563605367,0.01730293430387974,0.01564108416438103,0,0,True,0.020928098572936336,0.08677948009883525
1199.12,12.072444915771484,-0.028930217027664185,3.119596078193411,-0.00013776999322882085,-2.8599776875632382e-05,0.02150021584567333,0.0004701661882683369,0.0014019224607392904,0.022756345272064212,0.0037151806801557544,0,0,True,-0.031171355795226455,0.036679358258035526
1199.14,12.072117805480957,-0.028959833085536957,3.119727882258091,-5.238513851645756e-05,0.00023228331834558173,0.019609471053550927,-0.0008552170158904554,0.003626634520308077,0.017724987939000132,0.005457770004868508,0,0,True,-0.06771943691330792,-0.05739013900793165
1199.16,12.071598052978516,-0.028983188793063164,3.119845014644627,-4.8442869565940346e-05,-0.0002628522610086504,0.017285950130540233,0.0023530012854580517,0.0011921969387128912,0.0189104200899601,0.01817154407501221,0,0,True,-0.20627697468860118,-0.03722955593558433
1199.18,12.071245193481445,-0.028961271047592163,3.119797066075799,3.5018197559366716e-05,-0.00033665253762946477,0.013118657314160223,0.0015253466169984312,-0.0018655765570380382,0.0189104200899601,0.01817154407501221,0,0,True,-0.25766102151153614,-0.06304104364202004
1199.2,12.07105827331543,-0.0290883406996727,3.119691453948508,8.700461802355224e-05,-0.00016942202221203177,0.004998057870553342,0.0015421753963309698,-0.0015764420141132123,0.01671508550643921,0.01542037755250931,0,0,True,-0.28945760700078565,0.044624460878285595
1199.22,12.071065902709961,-0.02905895933508873,3.1195786361335283,-0.00015086373571696497,-5.388013255530175e-05,-0.0010034106673532158,-0.0015424726290039945,-0.00141664897104894,0.01001639246940613,0.008183021172881126,0,0,True,-0.24215911119845562,0.09729912465648517
1199.24,12.071195602416992,-0.029097776859998703,3.119718899283498,0.0002713929670062065,-0.0005222493038410152,-0.005870658429501557,-0.0014450335434560476,0.004762153808972492,-0.0032973713427782063,-0.0019384275749325755,0,0,True,-0.16980272392610885,0.07731396175367408
1199.26,12.071328163146973,-0.02883967012166977,3.1196837341581154,-0.0004069488961945509,-0.0005855326906093627,-0.006254071581698606,-0.0008142526308552807,0.005918353415473697,-0.0033478635177016263,-0.0032052402757108216,0,0,True,-0.10858360169808094,0.08590155494711897
1199.28,12.07153034210205,-0.028983037918806076,3.1200724262532256,-0.00028311206684477496,-0.00015917149668308965,-0.00858616004352301,-0.0021646728036715775,0.004608674926175089,-0.0033478635177016263,-0.0032052402757108216,0,0,True,-0.04312280153662022,-0.05486571307857223
1199.3,12.07156753540039,-0.029004795476794243,3.1200521044067657,-3.834179550211375e-05,-0.0005961410333540798,-0.00969009880319179,0.0009275052555458396,0.0054554754247143275,-0.012628489136695863,0.0019071171432733537,0,0,True,-0.060481715121907614,-0.12535744371025434
1199.32,12.07188606262207,-0.028939424082636833,3.1200875932775918,-0.00018397992718349523,-6.587178538391031e-05,-0.009320482552428037,-0.00017853072459047937,0.0003728967626907059,-0.0056048564612865455,-0.004836626313626767,0,0,True,0.005852778351207526,-0.11911682728506257
1199.34,12.072101593017578,-0.028930550441145897,3.120120172192092,-0.0003025861316520909,-0.00010662067946632329,-0.011092608791446815,0.0012775284963160622,-0.004110242081337528,-0.012958448082208635,-0.01178392343223095,0,0,True,0.04965041409626751,-0.12404473180799869
1199.36,12.07227611541748,-0.02898479253053665,3.120102257994241,-0.0004055487859127157,-0.0002029994333140296,-0.008117937775426834,0.002121779102769418,-0.00492067125662125,-0.00845270723104477,-0.007664956077933312,0,0,True,0.07461597123180082,-0.06728341991949235
1199.38,12.072452545166016,-0.02912602759897709,3.119723285040258,0.00013224244276389705,-5.383227504600956e-05,-0.005718065675482713,0.0024811605229891915,-0.004468103119944746,-0.008998373299837114,-0.007899492904543877,0,0,True,0.15471388479202103,0.03410188014032982
1199.4,12.072531700134277,-0.029123082756996155,3.1196939395770613,0.00036764538423754065,-3.538769741937955e-05,-0.0033512048538724346,0.001661558905181519,-0.005009776830879086,-0.008419996984303,-0.008670031130313874,0,0,True,0.1621864429544394,0.08327075166176068
1199.42,12.072554588317871,-0.029138999059796333,3.119762723942496,0.00012886247362284094,1.80919343563772e-05,0.001284501991938789,-0.00039657624113400257,-0.0013820916701058699,-0.00420460106804967,-0.005394270606338979,0,0,True,0.15607465053246916,0.11509538271931918
1199.44,12.072541236877441,-0.02912355586886406,3.1197014758477697,0.0003074954903249753,0.00011753382384401682,0.004856977660953395,0.00036205126426317716,0.001740988876332479,-0.0005601712875068188,-0.0017513042688369752,0,0,True,0.15858050943223018,0.10143768533186313
1199.46,12.07235050201416,-0.02909206598997116,3.1196127177066497,0.00016975434960027648,-2.6789576572950598e-05,0.0067679063671034646,-0.001408066799692257,0.004739527497592414,-0.0005601712875068188,-0.0017513042688369752,0,0,True,0.08196876133893587,0.10471309576208128
1199.48,12.072142601013184,-0.02914353460073471,3.119833218687168,0.0004075323663394126,-0.00010583359497644836,0.009335235900694442,4.878154311342277e-05,0.0031052379956625848,0.012108415067195894,0.010216419994831086,0,0,True,0.036323367614674855,-0.013088765938747355
1199.5,12.072015762329102,-0.029014481231570244,3.120141886142303,1.8881594949717656e-05,-5.663652780822542e-05,0.007842002899047695,-0.000379896804230962,0.006994955990853014,0.0069299363344907765,0.006040552556514741,0,0,True,-0.0037601955568521556,-0.07666242405564361
1199.52,12.071794509887695,-0.029111208394169807,3.1199498948874225,4.85099444771895e-05,-0.0002862436400034122,0.00776284707012474,-2.3302804133492407e-05,0.000693887601233643,0.00893820472061634,0.010374310687184335,0,0,True,-0.04567401313289886,0.0007225257629014081
1199.54,12.071723937988281,-0.029048224911093712,3.1201723141859175,-5.8066847405111886e-06,-9.563577685534404e-05,0.006467090722555566,0.0003481674193334398,-0.0013934664268534975,0.008388071916997433,0.007894566431641579,0,0,True,-0.024629057270056865,-0.10455004853844184
1199.56,12.071521759033203,-0.02912823110818863,3.1198887296952664,0.0002256967913750326,-0.00010950676479675401,0.005681314850065856,-0.0008080061848600524,0.003163040056694645,0.005583072490990162,0.007960403375327588,0,0,True,-0.04589022103015195,0.00092913550697953
1199.58,12.071497917175293,-0.02903124690055847,3.1200304088281547,0.0001911935563193076,7.941262634206677e-05,0.0058716783174449375,0.0019696763320703526,-0.001369047892214727,0.010566086918115617,0.011569343879818917,0,0,True,-0.0367395269837695,0.04159766887453648
1199.6,12.071341514587402,-0.029036719352006912,3.120202938091958,6.277887987068494e-05,-0.00013046993835811712,0.004091629387715923,0.00047251253993439517,0.0007682184417919378,0.0035738212615251544,0.007697825655341149,0,0,True,-0.057915875458964,-0.04796778928471325
1199.62,12.071250915527344,-0.02919563464820385,3.1200627903545404,0.00029632302439212415,-8.296852345698232e-05,0.0035279285638566793,6.893444229756671e-05,0.0019343470831063943,0.003752113319933415,0.004335046857595444,0,0,True,-0.06664152675777636,0.07572950408363825
1199.64,12.07119369506836,-0.029159022495150566,3.11995018717061,0.0003920670656863988,-0.00018105977936092325,0.0010480448133397813,5.7408997530645125e-05,-0.0006743830860898315,0.0053903042897582056,0.005689846463501454,0,0,True,-0.04389367464141913,0.010104745567038631
1199.66,12.071215629577637,-0.029030684381723404,3.1201851565948036,8.430408303859168e-05,-0.0001443366881735954,0.0005403561768125254,-0.0012908809328090276,0.004689312434488043,0.0018237740360200407,0.00346394881606102,0,0,True,-0.0029548535244912828,0.0023014793304435345
1199.68,12.071257591247559,-0.029039496555924416,3.1201489874450705,2.9739547452097568e-05,-9.059516492583374e-05,0.0005801354163956062,-0.002031535779895036,0.0015765980871565906,-0.0012443876918405295,0.0012405134923756124,0,0,True,0.05603308909590995,0.014615477373777625
1199.7,12.071209907531738,-0.02909146249294281,3.1204379353493,9.183203737046333e-05,-0.00013029220887416602,0.00329154028189692,0.000533893762042109,0.002118465429542233,-0.0018847012612968686,5.475560668855906e-05,0,0,True,0.07769682468566984,-0.07928983102663806
1199.72,12.071150779724121,-0.028995541855692863,3.1200763150175823,0.00011157075444772614,-0.0001123127494947102,0.0055306919410085,8.827784712633655e-05,0.0004948551038113151,0.0022269729338586335,0.0027367995120584966,0,0,True,0.06879388282004081,0.022108959958534707
1199.74,12.070951461791992,-0.029067816212773323,3.120354633829167,0.0003178155403606025,-0.0002466177387923002,0.006756102151660459,-0.00034529066273232236,-0.001653874047637232,0.004078371021896601,0.004795473758131266,0,0,True,0.02206515338746105,-0.011289587880817796
1199.76,12.070815086364746,-0.02903703786432743,3.1201885758533754,6.34710979204907e-05,-0.00030408876102154086,0.006083646041993866,0.00099348908742288,0.0033453148838377585,0.007553084306418896,0.008170969672501088,0,0,True,-0.017890555598006518,0.014396119726546404
1199.78,12.070670127868652,-0.0290523674339056,3.1203056254254893,0.00011377379481797787,-0.0005187197078325922,0.0050567525528921985,0.0005068216535180798,0.0012152983990776306,0.0042485492117702965,0.005691877081990242,0,0,True,-0.0688511589468001,0.03423639968420221
1199.8,12.070662498474121,-0.029064586386084557,3.120343940208289,0.00019247588481802855,1.1526272707233407e-05,0.004099447493169281,-0.0021370533453160282,0.00164654468193398,0.004922182187438012,0.005600625984370709,0,0,True,-0.0891315666691801,-0.004137909293173407
1199.82,12.07054615020752,-0.02909974195063114,3.120451857701093,0.00029386128482778074,0.00012804387443354233,0.0012480094359214606,0.0007515845196277779,0.0010850379270964537,0.004922182187438012,0.005600625984370709,0,0,True,-0.11857653830057523,-0.0009987360422436188
1199.84,12.070490837097168,-0.02885914407670498,3.12032029942793,-0.0001458261186438879,2.3328970555595345e-05,-0.0010468792915340572,0.0004476390426535033,0.003014282140384187,0.006679800227284432,0.006815946064889431,0,0,True,-0.13988710805243298,0.05424118301075139
1199.86,12.070569038391113,-0.029110370203852654,3.120392428459657,0.0002091482203388238,8.381552269583438e-05,-0.004429370511145192,-0.00029296280268423583,0.0011353995156982138,0.004000601619482041,0.003484095018357039,0,0,True,-0.13545136919272155,0.07083192023773353
1199.88,12.070745468139648,-0.02910217083990574,3.1205850827795203,0.00020901604848684778,0.00039402246433100117,-0.007091521151046986,0.0038298617830944074,0.005985839322802477,-0.010833206474781037,0.0007853164058178664,0,0,True,-0.11988365147154488,-0.010950034446350851
1199.9,12.070900917053223,-0.029083821922540665,3.120542689662349,-6.952218060823242e-05,0.0004105146691107502,-0.009588100099517207,0.001206310045251948,0.006751591546126088,-0.03912663817405701,0.0023617349937558175,0,0,True,-0.10192313213077318,0.036915501950981824
1199.92,12.071051597595215,-0.029177382588386536,3.120799166573755,0.00018728304971759433,0.00010297079179724825,-0.010637571409276184,0.0006600674321404574,0.002138279384674426,-0.008638581186532976,-0.004700678400695325,0,0,True,-0.09163665866184671,-0.059809659888367325
1199.94,12.071333885192871,-0.029222998768091202,3.120932555783348,0.0003428495099870728,1.2076681342823286e-05,-0.012583221081622806,0.0013455626647671094,0.004088639671782467,-0.009590226747095585,-0.005803859680891038,0,0,True,-0.07059579216465847,-0.08884446493473921
1199.96,12.071595191955566,-0.029172658920288086,3.120756145130294,3.718399106271119e-05,-9.497105325467715e-05,-0.014422453843988055,0.00033213455302169825,0.0012010665317374425,-0.014825527071952822,0.06673896491527558,0,0,True,-0.005403307656508361,0.005473548987676681
1199.98,12.071905136108398,-0.029212240129709244,3.1208697808360912,4.332003209035445e-05,-6.186409718564777e-05,-0.015235763472684748,-0.00011847750773289888,-0.00035596564864658525,-0.002529341727495194,-0.010389957427978517,0,0,True,0.09340502199149626,-0.03736955009034229
1200.0,12.07220458984375,-0.029227986931800842,3.120895251896294,4.662369555288897e-05,-0.00010950946254103648,-0.01106983602179646,0.0008100099040252698,0.002576163303688162,-0.015815760120749475,-0.01495939038693905,0,0,True,0.20624060984614445,-0.02030675058075723
1200.02,12.072552680969238,-0.029238779097795486,3.1209040785314563,0.000197417530692512,-8.325904973466972e-05,-0.005110819322309901,0.00036583231530932614,0.001099075664557803,-0.01459456853568554,-0.014202125370502474,0,0,True,0.3154626201272691,0.009069578444323278
1200.04,12.072479248046875,-0.02925577387213707,3.120962238194589,0.00038943586595588506,-0.0001833367069829483,0.0020767949436884966,-0.00010234958306094271,-0.0004234735147216583,-0.01459456853568554,-0.014202125370502474,0,0,True,0.2948013350591311,-0.06827611900453376
1200.06,12.07231330871582,-0.02924995869398117,3.120957706889256,8.461727548497518e-05,-0.00018148550664718165,0.010001246137473828,0.00012321966218876122,0.0003696006268986171,0.011487087011337282,0.001109539121389389,0,0,True,0.2136170579778025,-0.074176811936976
1200.08,12.072038650512695,-0.029216373339295387,3.1208613740151163,0.00014132645401996834,-0.00011533398232416552,0.012514270782912574,-0.000889931895129138,-0.00288592621666957,0.010389904230833054,0.011275390014052393,0,0,True,0.12468708793937572,0.005113804783042728
1200.1,12.071752548217773,-0.029232125729322433,3.120933646581608,0.00023277324509628154,-3.1049941637811026e-05,0.011978545315898759,-0.0015112355367974508,-0.004835069290394881,0.010389904230833054,0.011275390014052393,0,0,True,0.00942136929339721,-0.01750470356992704
1200.12,12.071479797363281,-0.029163841158151627,3.1207313640972556,0.00032240315912796934,0.00011467027646201457,0.012051761978829482,0.0018543971596185335,-1.4369132078612105e-05,0.015772573947906494,0.015165965333580972,0,0,True,-0.033418021080124906,0.0524970052942881
1200.14,12.071357727050781,-0.0291092898696661,3.1205709013460234,-0.0002665753792809195,0.00021404256836824178,0.010754955680947061,0.001706040484224903,-0.0010307756586982527,0.014735706299543383,0.014239940196275712,0,0,True,-0.04461294497757636,0.16744484228615014
1200.16,12.07107162475586,-0.029344581067562103,3.12086022448455,0.00016767950579075905,-0.0001955168180807248,0.009840829096497415,0.002684721946276098,0.0013138342068815955,0.0077477931603789334,0.006841108314692975,0,0,True,-0.09139026858943705,0.016310310270422634
1200.18,12.070889472961426,-0.029350493103265762,3.120851184528912,0.00024952695824629977,-0.00015588720974684422,0.008409509717685752,0.0027077505318853015,0.00856051809252302,0.008560186065733433,0.009963123872876168,0,0,True,-0.12870716667433843,0.060994589327211746
1200.2,12.070688247680664,-0.029362251982092857,3.1208364708338063,0.0004041828035112778,-9.387326667079459e-05,0.0047405404916603874,-0.0014817099034319025,0.0012904556895577204,0.007048372738063336,0.009193407595157623,0,0,True,-0.17563687577105155,0.03143191749790225
1200.22,12.070680618286133,-0.029311910271644592,3.1212557427934247,0.00041133479458828136,4.661536760146136e-05,0.00045838234700935275,-0.0008464596485364508,0.003848791487474249,0.009076469838619233,0.01054457023739815,0,0,True,-0.1865054542639867,-0.1267871519008509
1200.24,12.070694923400879,-0.029218198731541634,3.1209634609397146,4.608884591256722e-05,7.83452469628025e-05,-0.004210120965173929,-0.0011006843578408498,0.0038283876067114883,0.0006071319803595544,0.00315790954977274,0,0,True,-0.14239087563738181,0.024121203443779902
1200.26,12.070854187011719,-0.029282044619321823,3.12115908784791,-5.452708586567971e-05,0.0001006956016440441,-0.006510926623419615,-0.0005472124409188755,-0.0015824540595358275,-0.001889776634052396,-0.0022890648245811464,0,0,True,-0.1043600377665697,-0.029750178437341897
1200.28,12.071026802062988,-0.029281163588166237,3.121142741842343,-0.00016375238762403958,0.00012779640337212228,-0.0066507295593197955,0.0010417614513393654,0.0032201519650583575,-0.008605809397995472,-0.0038996962830424313,0,0,True,-0.04592334612495813,-0.042222658150702565
1200.3,12.071202278137207,-0.02927878499031067,3.121129146468662,-0.00034381161828155916,0.00016034071997488318,-0.00789042067430863,0.0004415297010675749,0.001468777212489062,-0.007196592502295971,-0.007379996180534363,0,0,True,-0.02191086617510485,0.04359771300867006
1200.32,12.0712251663208,-0.02931240200996399,3.121221073096919,-0.0001463407350626598,-0.0003344516218675657,-0.007883988655167238,0.00012855756726635055,0.00045057495465835494,-0.007297118157148362,-0.007193171456456185,0,0,True,-0.07219712501946159,0.013086316138163795
1200.34,12.071484565734863,-0.02933027595281601,3.121276590024909,6.732074128904974e-05,-0.00017826236962253445,-0.008263795917426408,0.0006304671471220597,0.001905362981154605,-0.006999457962810994,-0.002888853903859854,0,0,True,-0.052219592344785806,-0.01590322106496026
1200.36,12.071657180786133,-0.029304293915629387,3.1211787878387156,0.00012912217681311508,-0.00036638275778917576,-0.01242649956087147,0.0012808025472841361,0.004267057256110509,-0.010455334633588793,-0.012685990035533907,0,0,True,-0.03945218184996598,0.06492071001848126
1200.38,12.07186222076416,-0.029342642053961754,3.1212815755071546,1.910795877610098e-05,-0.0004956968389107371,-0.012067988061899569,7.478116786180855e-05,0.0001965195272897823,-0.009988150000572205,-0.009926637932658196,0,0,True,0.03765776039282271,0.0395092508109341
1200.4,12.072216987609863,-0.029435137286782265,3.1215624376774085,6.489362343775829e-05,-6.969823037183613e-05,-0.011040163203170616,0.0017440390205922301,0.005644231756146894,-0.014091903492808344,-0.01066840171813965,0,0,True,0.17524282843929417,-0.06820277837790778
1200.42,12.072449684143066,-0.029355864971876144,3.121292311587092,0.00012681544674115325,-1.4433037314202762e-05,-0.005251175085994769,0.002002426702375941,0.005066103046035442,-0.01300452306866646,-0.012278972417116167,0,0,True,0.2179132936966279,0.022658984769239793
1200.44,12.072537422180176,-0.02946147881448269,3.1216303263792082,0.00019054443924803105,0.00014771340494652052,0.0015929267142991588,-0.0003569854731811665,-0.0011891650141326584,0.06471227936446668,-0.010529314130544663,0,0,True,0.2265177045306796,-0.09264263200446228
1200.46,12.07227897644043,-0.029511330649256706,3.121686863750837,0.0005395184186601366,-0.0002066784197411337,0.005365075433814809,0.0006192788134126841,0.002009238308827317,0.05435468509793282,0.0025285917520523073,0,0,True,0.16680333985126672,-0.09881897372468408
1200.48,12.072090148925781,-0.029404040426015854,3.121467304476278,5.5710325449923874e-05,-0.00020173857049849407,0.00708125315926727,-0.0005321150603495494,-0.0017671788042033483,0.008592743240296841,0.008493110463023187,0,0,True,0.09047657915482252,-0.001041021595595498
1200.5,12.072019577026367,-0.02939685434103012,3.121453050651798,8.050627537114276e-05,2.5142466351058415e-05,0.008093092102094432,-0.001041896398226752,-0.002839414851932094,0.00017039280384778977,0.00894687220454216,0,0,True,0.04400426435167115,-0.029222141231644436
1200.52,12.071971893310547,-0.029407517984509468,3.121488952074872,1.3113051515828634e-05,0.0002556139660568055,0.008831053046678377,-0.0003870744998477232,-0.0012724467417802225,0.00017039280384778977,0.00894687220454216,0,0,True,0.03909985579719525,0.016649960020670186
1200.54,12.071633338928223,-0.029414957389235497,3.1214597105626827,5.494520223679177e-05,-0.00028814039515581154,0.0088854165819453,-0.00012536442444492237,-0.00032853298970211185,0.004265296794474125,0.004373981561511755,0,0,True,0.00011038493341345378,0.03497805826000712
1200.56,12.07138442993164,-0.0293588787317276,3.1213655087369356,-6.449372534533023e-05,-0.00040077376795782265,0.010209241623040046,-0.0001403169361019236,-0.0004351820025509451,0.014979108273983003,0.01616810776293278,0,0,True,-0.037749319317365915,0.007390118130053311
1200.58,12.071309089660645,-0.02937251701951027,3.121426768012622,-7.076351494112991e-05,-2.3632011416076147e-05,0.0081019228967675,-0.0002958075144416385,-4.117019113406976e-05,0.011715807616710663,0.011813040003180505,0,0,True,-0.06294939791809746,0.006370214491740625
1200.6,12.071155548095703,-0.029379775747656822,3.121454137514668,-0.00012347248533725879,2.4948836532845404e-05,0.00581110750129185,-0.00022032725815119327,-0.0006812372913764953,0.004216736145317555,0.002206408455967903,0,0,True,-0.12310780880993466,-0.00017205690204299964
1200.62,12.070985794067383,-0.02937822788953781,3.121456416947392,0.00036809609578135517,5.9809481552492885e-05,0.0038494647485020827,8.819001699649565e-05,0.0001810841696366747,0.004216736145317555,0.002206408455967903,0,0,True,-0.12329011378997745,-0.005453365907853387
1200.64,12.07091999053955,-0.02933189459145069,3.1213110097536254,0.00016739378919457766,-2.9727108410891743e-05,0.00036061691822623904,-0.00014373011331352437,-0.00044894655471441165,-0.04378933668136597,0.008908637799322605,0,0,True,-0.10508062657526615,0.02526734687114386
1200.66,12.071001052856445,-0.029373370110988617,3.121441254746193,0.0003774579323740654,2.52475649150301e-05,-0.0017612862064497591,-0.0001671896526853498,-0.0004774394637631839,0.0016465935111045838,0.00047804962843656546,0,0,True,-0.06776595009644376,-0.005862451480155631
1200.68,12.071126937866211,-0.02936769463121891,3.121418221790291,0.0001660937208473794,-6.8893653146809e-05,-0.0025953426247456884,0.0003952249131056458,0.0013401504583189204,-0.0034876175038516524,-0.0039000006020069125,0,0,True,-0.0045077114778320874,0.00561183193393525
1200.7,12.071126937866211,-0.02936769463121891,3.121418221790291,0.0001660937208473794,-6.8893653146809e-05,-0.0015718112592238958,-0.00010267263872184101,-0.0002879119487766822,-0.005548936352133752,-0.007746127098798752,0,0,True,0.022016077580642012,0.0059679932970452265
1200.72,12.071126937866211,-0.02936769463121891,3.121418221790291,0.0001660937208473794,-6.8893653146809e-05,0.0,-0.0,0.0,-0.01086966633796692,-0.010272149741649628,0,0,True,0.03244178280935061,-0.01675188072900174
1200.74,12.071126937866211,-0.02936769463121891,3.121418221790291,0.0001660937208473794,-6.8893653146809e-05,0.0,-0.0,0.0,-0.01086966633796692,-0.010272149741649628,0,0,True,0.019647640740316566,0.0035988993597118003
1200.76,12.071126937866211,-0.02936769463121891,3.121418221790291,0.0001660937208473794,-6.8893653146809e-05,0.0,-0.0,0.0,-0.01086966633796692,-0.010272149741649628,0,0,True,0.0,0.0
1200.78,12.071126937866211,-0.02936769463121891,3.121418221790291,0.0001660937208473794,-6.8893653146809e-05,0.0,-0.0,0.0,-0.01086966633796692,-0.010272149741649628,0,0,True,0.0,0.0
1200.8,12.071126937866211,-0.02936769463121891,3.121418221790291,0.0001660937208473794,-6.8893653146809e-05,0.0,-0.0,0.0,-0.01086966633796692,-0.010272149741649628,0,0,True,0.0,0.0
1200.82,12.071126937866211,-0.02936769463121891,3.121418221790291,0.0001660937208473794,-6.8893653146809e-05,0.0,-0.0,0.0,-0.01086966633796692,-0.010272149741649628,0,0,True,0.0,0.0
1200.84,12.071126937866211,-0.02936769463121891,3.121418221790291,0.0001660937208473794,-6.8893653146809e-05,0.0,-0.0,0.0,-0.01086966633796692,-0.010272149741649628,0,0,True,0.0,0.0
1200.86,12.071126937866211,-0.02936769463121891,3.121418221790291,0.0001660937208473794,-6.8893653146809e-05,0.0,-0.0,0.0,-0.01086966633796692,-0.010272149741649628,0,0,True,0.0,0.0
1200.88,12.071126937866211,-0.02936769463121891,3.121418221790291,0.0001660937208473794,-6.8893653146809e-05,0.0,-0.0,0.0,-0.01086966633796692,-0.010272149741649628,0,0,True,0.0,0.0
1200.9,12.071126937866211,-0.02936769463121891,3.121418221790291,0.0001660937208473794,-6.8893653146809e-05,0.0,-0.0,0.0,-0.01086966633796692,-0.010272149741649628,0,0,True,0.0,0.0
1200.92,12.071126937866211,-0.02936769463121891,3.121418221790291,0.0001660937208473794,-6.8893653146809e-05,0.0,-0.0,0.0,-0.01086966633796692,-0.010272149741649628,0,0,True,0.0,0.0
1200.94,12.071126937866211,-0.02936769463121891,3.121418221790291,0.0001660937208473794,-6.8893653146809e-05,0.0,-0.0,0.0,-0.01086966633796692,-0.010272149741649628,0,0,True,0.0,0.0
1200.96,12.071126937866211,-0.02936769463121891,3.121418221790291,0.0001660937208473794,-6.8893653146809e-05,0.0,-0.0,0.0,-0.01086966633796692,-0.010272149741649628,0,0,True,0.0,0.0
1200.98,12.071126937866211,-0.02936769463121891,3.121418221790291,0.0001660937208473794,-6.8893653146809e-05,0.0,-0.0,0.0,-0.01086966633796692,-0.010272149741649628,0,0,True,0.0,0.0
1201.0,12.071126937866211,-0.02936769463121891,3.121418221790291,0.0001660937208473794,-6.8893653146809e-05,0.0,-0.0,0.0,-0.01086966633796692,-0.010272149741649628,0,0,True,0.0,0.0
1201.02,12.071126937866211,-0.02936769463121891,3.121418221790291,0.0001660937208473794,-6.8893653146809e-05,0.0,-0.0,0.0,-0.01086966633796692,-0.010272149741649628,0,0,True,0.0,0.0
1201.04,12.071126937866211,-0.02936769463121891,3.121418221790291,0.0001660937208473794,-6.8893653146809e-05,0.0,-0.0,0.0,-0.01086966633796692,-0.010272149741649628,0,0,True,0.0,0.0
1201.06,12.071126937866211,-0.02936769463121891,3.121418221790291,0.0001660937208473794,-6.8893653146809e-05,0.0,-0.0,0.0,-0.01086966633796692,-0.010272149741649628,0,0,True,0.0,0.0
1201.08,12.071126937866211,-0.02936769463121891,3.121418221790291,0.0001660937208473794,-6.8893653146809e-05,0.0,-0.0,0.0,-0.01086966633796692,-0.010272149741649628,0,0,True,0.0,0.0
1201.1,12.071126937866211,-0.02936769463121891,3.121418221790291,0.0001660937208473794,-6.8893653146809e-05,0.0,-0.0,0.0,-0.01086966633796692,-0.010272149741649628,0,0,True,0.0,0.0
1201.12,12.071126937866211,-0.02936769463121891,3.121418221790291,0.0001660937208473794,-6.8893653146809e-05,0.0,-0.0,0.0,-0.01086966633796692,-0.010272149741649628,0,0,True,0.0,0.0
1201.14,12.071126937866211,-0.02936769463121891,3.121418221790291,0.0001660937208473794,-6.8893653146809e-05,0.0,-0.0,0.0,-0.01086966633796692,-0.010272149741649628,0,0,True,0.0,0.0
1201.16,12.071126937866211,-0.02936769463121891,3.121418221790291,0.0001660937208473794,-6.8893653146809e-05,0.0,-0.0,0.0,-0.01086966633796692,-0.010272149741649628,0,0,True,0.0,0.0
1201.18,12.071126937866211,-0.02936769463121891,3.121418221790291,0.0001660937208473794,-6.8893653146809e-05,0.0,-0.0,0.0,-0.01086966633796692,-0.010272149741649628,0,0,True,0.0,0.0
1201.2,12.071126937866211,-0.02936769463121891,3.121418221790291,0.0001660937208473794,-6.8893653146809e-05,0.0,-0.0,0.0,-0.01086966633796692,-0.010272149741649628,0,0,True,0.0,0.0
1201.22,12.071126937866211,-0.02936769463121891,3.121418221790291,0.0001660937208473794,-6.8893653146809e-05,0.0,-0.0,0.0,-0.01086966633796692,-0.010272149741649628,0,0,True,0.0,0.0
1201.24,12.071126937866211,-0.02936769463121891,3.121418221790291,0.0001660937208473794,-6.8893653146809e-05,0.0,-0.0,0.0,-0.01086966633796692,-0.010272149741649628,0,0,True,0.0,0.0
1201.26,12.071126937866211,-0.02936769463121891,3.121418221790291,0.0001660937208473794,-6.8893653146809e-05,0.0,-0.0,0.0,-0.01086966633796692,-0.010272149741649628,0,0,True,0.0,0.0
1201.28,12.071126937866211,-0.02936769463121891,3.121418221790291,0.0001660937208473794,-6.8893653146809e-05,0.0,-0.0,0.0,-0.01086966633796692,-0.010272149741649628,0,0,True,0.0,0.0
1201.3,12.071126937866211,-0.02936769463121891,3.121418221790291,0.0001660937208473794,-6.8893653146809e-05,0.0,-0.0,0.0,-0.01086966633796692,-0.010272149741649628,0,0,True,0.0,0.0
1201.32,12.071126937866211,-0.02936769463121891,3.121418221790291,0.0001660937208473794,-6.8893653146809e-05,0.0,-0.0,0.0,-0.01086966633796692,-0.010272149741649628,0,0,True,0.0,0.0
1201.34,12.071126937866211,-0.02936769463121891,3.121418221790291,0.0001660937208473794,-6.8893653146809e-05,0.0,-0.0,0.0,-0.01086966633796692,-0.010272149741649628,0,0,True,0.0,0.0
1201.36,12.071126937866211,-0.02936769463121891,3.121418221790291,0.0001660937208473794,-6.8893653146809e-05,0.0,-0.0,0.0,-0.01086966633796692,-0.010272149741649628,0,0,True,0.0,0.0
1201.38,12.071126937866211,-0.02936769463121891,3.121418221790291,0.0001660937208473794,-6.8893653146809e-05,0.0,-0.0,0.0,-0.01086966633796692,-0.010272149741649628,0,0,True,0.0,0.0
1201.4,12.071126937866211,-0.02936769463121891,3.121418221790291,0.0001660937208473794,-6.8893653146809e-05,0.0,-0.0,0.0,-0.01086966633796692,-0.010272149741649628,0,0,True,0.0,0.0
1201.42,12.071126937866211,-0.02936769463121891,3.121418221790291,0.0001660937208473794,-6.8893653146809e-05,0.0,-0.0,0.0,-0.01086966633796692,-0.010272149741649628,0,0,True,0.0,0.0
1201.44,12.071126937866211,-0.02936769463121891,3.121418221790291,0.0001660937208473794,-6.8893653146809e-05,0.0,-0.0,0.0,-0.01086966633796692,-0.010272149741649628,0,0,True,0.0,0.0
1201.46,12.071126937866211,-0.02936769463121891,3.121418221790291,0.0001660937208473794,-6.8893653146809e-05,0.0,-0.0,0.0,-0.01086966633796692,-0.010272149741649628,0,0,True,0.0,0.0
1201.48,12.071126937866211,-0.02936769463121891,3.121418221790291,0.0001660937208473794,-6.8893653146809e-05,0.0,-0.0,0.0,-0.01086966633796692,-0.010272149741649628,0,0,True,0.0,0.0
1201.5,12.071126937866211,-0.02936769463121891,3.121418221790291,0.0001660937208473794,-6.8893653146809e-05,0.0,-0.0,0.0,-0.01086966633796692,-0.010272149741649628,0,0,True,0.0,0.0
1201.52,12.071126937866211,-0.02936769463121891,3.121418221790291,0.0001660937208473794,-6.8893653146809e-05,0.0,-0.0,0.0,-0.01086966633796692,-0.010272149741649628,0,0,True,0.0,0.0
1201.54,12.071126937866211,-0.02936769463121891,3.121418221790291,0.0001660937208473794,-6.8893653146809e-05,0.0,-0.0,0.0,-0.01086966633796692,-0.010272149741649628,0,0,True,0.0,0.0
1201.56,12.071126937866211,-0.02936769463121891,3.121418221790291,0.0001660937208473794,-6.8893653146809e-05,0.0,-0.0,0.0,-0.01086966633796692,-0.010272149741649628,0,0,True,0.0,0.0
1201.58,12.071126937866211,-0.02936769463121891,3.121418221790291,0.0001660937208473794,-6.8893653146809e-05,0.0,-0.0,0.0,-0.01086966633796692,-0.010272149741649628,0,0,True,0.0,0.0
1201.6,12.071126937866211,-0.02936769463121891,3.121418221790291,0.0001660937208473794,-6.8893653146809e-05,0.0,-0.0,0.0,-0.01086966633796692,-0.010272149741649628,0,0,True,0.0,0.0
1201.62,12.071126937866211,-0.02936769463121891,3.121418221790291,0.0001660937208473794,-6.8893653146809e-05,0.0,-0.0,0.0,-0.01086966633796692,-0.010272149741649628,0,0,True,0.0,0.0
