t,x,y,yaw,roll,pitch,v,lateral,w,rim_left,rim_right,cmd_v,cmd_w,publishing,a,alpha
881.18,12.088957786560059,-0.05476054549217224,3.0771076940886855,-0.0009918692596607832,3.8882219394843416e-05,0.006398520391999176,0.0011781763057387845,0.003712472993248383,0.0027933937776833777,0.005445974320173264,0,0.09,True,0.06720953250335196,0.28904438293325674
881.2,12.088839530944824,-0.054754115641117096,3.0771897025160424,-0.0009048994446492676,-2.116217904962261e-05,0.007422902385983348,0.0008544016197865815,0.01072607754620265,0.004016577191650868,0.00569015808403492,0,0.09,True,0.052313875188100836,0.4654945767538408
881.22,12.08866024017334,-0.05479538068175316,3.0773615873678404,-0.0008388616777389653,-3.8219850438322914e-05,0.008091721682381868,0.0019717949609915813,0.02366235763848656,0.004016577191650868,0.00569015808403492,0,0.09,True,0.019117844101339546,0.6120839642115614
881.24,12.088491439819336,-0.05479264259338379,3.078019794130453,-0.0009049099245219334,-6.375915044736152e-05,0.008380420976565814,0.0015798453744759447,0.03880347848610109,0.0034631586819887164,0.006300483718514443,0,0.09,True,0.008250874632961121,0.6502969035434242
881.26,12.088301658630371,-0.0548764131963253,3.0790006826997653,-0.0008041837930712745,-8.539490841255494e-05,0.007927947920107122,0.0030984035508936003,0.052679190130198346,-0.007401291206479073,0.04412170514464379,0,0.09,True,0.0035381732232591615,0.47406971393796615
881.28,12.088162422180176,-0.054837655276060104,3.0802939807949277,-0.0007994720858880927,-0.0001362189444565738,0.008082972356619637,0.0031572270512788664,0.06274982982962928,-0.006792762279510499,0.04909711629152298,0,0.09,True,0.01407640149082203,0.12046183370732007
881.3,12.088011741638184,-0.0550030954182148,3.0815759225782524,-0.0005127099563638389,-2.8521445714328167e-05,0.008374775540242343,0.001339107870408579,0.06158793475348936,-0.050140505023300655,0.055121803060173995,0,0.09,True,0.026384908946774196,-0.04377816682616116
881.32,12.087830543518066,-0.05500513315200806,3.0830397805168257,-0.0003578949027246969,5.7172128025886395e-05,0.009506533095832152,0.0014057637963710075,0.04844042518269163,-0.09234634757041932,0.030415346920490267,0,0.09,True,0.011186927589335928,-0.07530515892565985
881.34,12.087626457214355,-0.05494316294789314,3.083927717480047,-0.0006318297309894564,7.719601301187581e-05,0.010038740635850137,-0.0009744076325192773,0.04917693678410366,-0.047249262332916264,0.04209520682692528,0,0.09,True,0.03571524636046115,0.09914726706939764
881.36,12.087396621704102,-0.05490541830658913,3.084169214809545,-0.0006305759386281706,-6.890245080720633e-05,0.00897792656376697,-0.0005985638075378394,0.056725417115573405,0.0005666758120059967,0.009813181459903718,0,0.09,True,-0.010607471681225498,0.5008642631474429
881.38,12.087214469909668,-0.05487898737192154,3.0855100775209827,-0.0007275828649421153,-0.00010112779541583226,0.011231995249080697,-0.0001545481235952316,0.06951971611904523,-0.0083774071931839,0.03744036871939898,0,0.09,True,-0.03713436682445487,0.48896973092889273
881.4,12.087116241455078,-0.054916106164455414,3.0875778138860674,-0.0005341966662010239,0.0005191022565040165,0.008657935361334884,0.0019384402023183353,0.08850956623445062,-0.038461125195026404,0.03636516809463501,0,0.09,True,0.029289455894952136,0.39957152936653706
881.42,12.086730003356934,-0.054880451411008835,3.0894892947695656,-0.0003935809116571385,-9.821463011412551e-05,0.00706799128989645,0.003410235999385753,0.0882945152583795,-0.0487542262673378,0.07269981354475022,0,0.09,True,-0.010519938364756164,0.2407470461135883
881.44,12.08669662475586,-0.05502287298440933,3.0912499801083047,-8.44055971355394e-05,0.0003812682985582829,0.011321083035364339,0.002729488658662603,0.08869113946491272,-0.054999592006206514,0.09209763944149019,0,0.09,True,0.027383347122368507,0.054662136356185276
881.46,12.08663558959961,-0.05512198805809021,3.0925736387416567,0.00011885096840240144,0.0005054807494416654,0.010390400179899773,0.002539196876210351,0.08877947980814214,-0.07229300715029241,0.0536192074418068,0,0.09,True,0.07701234949039336,0.11731715239911844
881.48,12.086200714111328,-0.05508861318230629,3.094673105043264,2.6735885203893256e-05,-0.00012430573000678347,0.010848603131125486,0.003038474339743466,0.09288253714294768,-0.07229300715029241,0.0536192074418068,0,0.09,True,-0.012397683819400056,-0.008216435534135633
881.5,12.08588981628418,-0.05504261329770088,3.0965916531542206,6.920591471555616e-05,-0.0002888072362900365,0.01322897924913107,-0.0012199625120691178,0.09767988745031378,-0.08872370541095735,0.10587253332138062,0,0.09,True,0.012053483903877721,-0.05536173307780488
881.52,12.08581829071045,-0.05522497743368149,3.0986805830797337,0.0007006329729523196,0.00047089837885903874,0.010329268329813237,-0.002413191869602692,0.08803382462218247,-0.06922091424465181,0.09770129948854447,0,0.09,True,0.07501421094352724,-0.16679259591893353
881.54,12.085582733154297,-0.05497688055038452,3.1003880297376747,0.0003910441221024738,0.0002646401272006074,0.011354678892209114,-0.002225725088844071,0.08435054116192178,-0.021282250285148623,0.03279409795999527,0,0.09,True,0.04603960968255084,-0.28590137213803324
881.56,12.085383415222168,-0.05486028641462326,3.1017158110130323,0.0006288191326203276,0.0005494578531220422,0.016849740006602207,-0.0027913705235837914,0.07953912946944514,-0.05832788184285165,0.05011665862053633,0,0.09,True,0.06450842075903829,-0.1198294907061976
881.58,12.084989547729492,-0.054827287793159485,3.1033396964471778,0.0008672617846464167,0.0005634293749680741,0.01691214802373702,0.0019775052734151448,0.07480777767925942,-0.009093996733427048,0.0863527274131775,0,0.09,True,-0.01475777988457923,-0.06646101033970404
881.6,12.084480285644531,-0.0549481064081192,3.1050437134372926,0.00103196983810932,-0.00022678537218275357,0.01548994199053894,-0.0004967696278523971,0.07844746536568176,-0.03729660160839558,0.08568879991769791,0,0.09,True,-0.18116359012684144,-0.004196803851223949
881.62,12.084224700927734,-0.055083222687244415,3.1063726519520185,0.0012605161884673998,-0.000444662689088951,0.010174056501442172,0.00036141401020203367,0.07903366033474274,-0.014280453994870186,0.04563631236553192,0,0.09,True,-0.301598187697037,0.14851154807086028
881.64,12.084146499633789,-0.05477529019117355,3.10799160824229,0.00047841605046858207,-0.00043688208967595344,0.0023566527964474777,-0.000915066609697977,0.07920338516134705,-0.06113133698701859,0.05973742365837098,0,0.09,True,-0.3410006354630403,0.1775441744495551
881.66,12.084175109863281,-0.05482752248644829,3.1096623892739514,0.00021120318784947418,-0.0005205659639327174,-0.007215706992003994,-0.002244604731265254,0.08668870152491744,-0.07141202330589295,0.06533412009477615,0,0.09,True,-0.32474689183441435,0.11313011127438821
881.68,12.084294319152832,-0.054868608713150024,3.1113799842501946,-0.00013405538087094348,-0.0006894618295154669,-0.011790108846479472,0.004173046707783558,0.09265099932163325,-0.11037544429302217,0.06506868928670884,0,0.09,True,-0.23108300547703653,0.04545861640163974
881.7,12.084807395935059,-0.05492217466235161,3.1133077480740154,-0.0005840101038152141,-6.0531631914645346e-05,-0.015805694845324268,0.006047665704459375,0.08808406923669843,-0.06460938096046448,0.04741687715053559,0,0.09,True,-0.03418476967599999,-0.08166158228075357
881.72,12.085079193115234,-0.055137474089860916,3.1154036881880245,-0.0006102777812859666,-0.0003176852695625727,-0.0161299876417249,0.006654461595766463,0.08284007447348009,-0.09194586277008057,0.03802719295024872,0,0.09,True,0.0355235256082155,-0.3773180265436887
881.74,12.08542537689209,-0.05534690245985985,3.116709114812891,-0.0007642412715264709,-0.00024310310750627628,-0.009950488566085392,0.009318406561895542,0.08015577494245381,-0.08914344549179078,0.007726867711171509,0,0.09,True,0.13162854000937751,-0.34280669334328406
881.76,12.085570335388184,-0.05543457344174385,3.1180071902080764,-0.0006772122988324664,-0.0006848195188182806,-0.008948226797820778,0.007290520758850591,0.06246555719812271,-0.04671555101871491,0.09946969985961915,0,0.09,True,0.183941661561655,-0.19454574206220174
881.78,12.08558464050293,-0.05568722262978554,3.119720210069406,-0.00045849859547830707,-0.0007843838457833732,-0.005275411644583643,0.005683791566110629,0.06065953376926064,-0.01409688785672188,0.006721409261226654,0,0.09,True,0.17767694916331114,-0.27079338606999565
881.8,12.08578109741211,-0.055737435817718506,3.1204009327638698,-0.0004701448082095179,-0.00011994773898816318,-0.0014146547168058842,0.0026121200096498984,0.0672764151085181,-0.006795261502265931,0.028396271690726282,0,0.09,True,0.1939458398501651,0.10252276671316575
881.82,12.085837364196777,-0.055810727179050446,3.1215618775144343,-0.00038810915295286373,5.342097016726498e-05,0.004263667366986771,0.0014340087881084388,0.058492304056843074,-0.01367469184100628,0.001166435033082962,0,0.09,True,0.20958398512651516,0.12559510750244704
881.84,12.085679054260254,-0.0556458942592144,3.1233893034167606,-0.0008214485536831393,0.00020005543627877746,0.0065674403902003685,0.0027338922603991297,0.07066737853518017,0.0005938324332237244,0.010380585081875325,0,0.09,True,0.17053833657470222,0.006409406138001474
881.86,12.085241317749023,-0.0557950884103775,3.1243995943939558,-0.00025346857337021255,-0.00047659056532325234,0.011491307165546147,0.001512812055229111,0.07070714236946155,-0.020978994742035868,0.08725881457328798,0,0.09,True,0.03906036717423825,0.2290977666107248
881.88,12.085251808166504,-0.05594654753804207,3.126054323046687,-0.00016997459846875427,0.00018400045063096847,0.012228412209177274,0.005623969710406316,0.06778916759955848,0.012503824755549432,0.0449587893486023,0,0.09,True,0.05916530280710554,0.09582601306863313
881.9,12.084916114807129,-0.05591592937707901,3.127218448903986,-0.00037234687770961117,2.6355453432218755e-05,0.007388496740922989,0.00520172389121201,0.07682012538568439,-0.012062315046787264,0.07782381474971772,0,0.09,True,-0.061286174868597026,0.12020962150993174
881.92,12.084693908691406,-0.05608055740594864,3.1288124368247203,-0.0002662196848332409,0.00012226913650085483,0.011300664614764507,0.007563954358026627,0.07833345958066384,-0.03564607620239258,0.09080816566944123,0,0.09,True,-0.10399707634735031,-0.056749606865796824
881.94,12.084644317626953,-0.056202687323093414,3.1305452044248137,-0.0002895084735857625,0.00022066609236430078,0.006588413176055877,0.010097643827788822,0.080323912090261,-0.012553645968437195,0.06328723788261414,0,0.09,True,-0.06388440056166203,-0.35562296332595866
881.96,12.08434009552002,-0.05654006078839302,3.1323209998131434,0.000162976995238325,-0.00016466428130319308,0.003908646101384993,0.007885671558559964,0.06324919905029242,-0.013208389654755594,0.09000884830951691,0,0.09,True,-0.13483248835169123,-0.5016321313323789
881.98,12.084380149841309,-0.05671786889433861,3.13364436187121,9.146803505127987e-05,0.00048764351191112884,0.002277744695987412,0.007401583761026724,0.04837028831959314,-0.002880729213356972,0.06781836211681366,0,0.09,True,-0.017842963589656306,-0.4850118065490122
882.0,12.084375381469727,-0.05670848488807678,3.1338723727487463,-7.260054248322126e-06,0.0004437574849105552,0.0005140655466236905,0.00444450748009638,0.038202889074053,-0.01759415999054909,-0.0033248189836740496,0,0.09,True,0.022371824827634532,-0.035691298647750065
882.02,12.084457397460938,-0.056793347001075745,3.1344148274903776,-1.2953457038264633e-05,0.0006283888125705635,0.005160976088884671,0.0017888615494355972,0.041522967566375316,-0.004343279376626015,0.041192110702395444,0,0.09,True,0.10445241525327306,0.30712601650803434
882.04,12.084296226501465,-0.05689529329538345,3.135377230939065,0.0001687295017380833,0.0006482170494977999,0.005698392087594128,0.005741369471288885,0.06039389515847501,-0.006101241111755372,0.033631170690059664,0,0.09,True,0.15789540558921727,0.4984056426398113
882.06,12.083966255187988,-0.05685801059007645,3.136966199276517,-0.00010577094028947233,0.0002296730755663722,0.010633937916241657,0.002499859662698579,0.07294036964021354,-0.04354275487363339,0.08185569524765016,0,0.09,True,0.07239702190911063,0.45843287850775866
882.08,12.083916664123535,-0.05716495215892792,3.1387038843614268,0.00015609033956845623,0.0006693742206238713,0.013145697993767535,0.0010874867818955298,0.0780753404852583,0.0027817183732986453,0.014789173603057863,0,0.09,True,0.09551299111552285,0.13901123123000242
882.1,12.083605766296387,-0.0569893978536129,3.1402500570615977,-0.00041514086222199447,0.0004397575644047521,0.010952737841616484,0.0019408216353013251,0.07819759784701477,-0.08874703131616117,0.09286954045295716,0,0.09,True,0.05080186674660394,-0.10062608848985752
882.12,12.083244323730469,-0.05697925388813019,-3.1415620490016978,-0.0001812854151374223,0.00010863782097709614,0.013339431376839865,-0.0028796385547063467,0.07151479365688089,-0.10103896975517274,0.05505433708429337,0,0.09,True,-0.0012534379720257774,-0.14420841393708428
882.14,12.083089828491211,-0.05701209977269173,-3.139963300075305,3.4047635846970438e-06,0.0006462312407878094,0.014698087255972051,-0.0002686071664302701,0.06489028256102082,-0.12028962731361391,0.03934234946966172,0,0.09,True,0.007966742409691762,-0.20280816800074503
882.16,12.082849502563477,-0.05693461373448372,-3.1387602393256144,2.697671275216722e-06,0.0005181538055869948,0.013045422956005564,-0.0028408942636802513,0.06653866737030205,-0.07983735799789429,0.02947401195764542,0,0.09,True,-0.012623154728178708,-0.0858938315806823
882.18,12.082429885864258,-0.05696982517838478,-3.1377440275131123,0.0003014568818629898,0.0002250657010745725,0.011590077234391245,-0.0054547921294844145,0.061972944406969925,-0.003663789108395577,0.04634428292512894,0,0.09,True,-0.0716455395813303,-0.045238004714419196
882.2,12.082200050354004,-0.0567549392580986,-3.136238955612071,0.00032599920870492465,-6.932877358483211e-05,0.012329578998585052,-0.0038627866243805186,0.06464328713042279,-0.05856472309678794,0.03830726653337479,0,0.09,True,-0.0917244482259736,-0.03253156892508662
882.22,12.082160949707031,-0.056579288095235825,-3.1350054645227448,0.0003549934011139516,0.00033334529757670614,0.008966444089462695,-0.005169435487744828,0.06127124218386543,-0.008659068346023561,0.031462251096963885,0,0.09,True,-0.059796307531981126,0.18350369804825395
882.24,12.08186149597168,-0.056630875915288925,-3.133588776355178,0.0006907986214111667,-0.00037981110712186447,0.0057074670979239215,-0.004823148146536197,0.06393614185629379,-0.011449065133929254,0.07580881536006928,0,0.09,True,-0.12889182027627427,0.20954709865331222
882.26,12.081709861755371,-0.056561004370450974,-3.1328423281384006,0.0007745338348475101,-0.0005000956929401785,0.0068063726318303075,-0.004171459515980988,0.07665324025083775,-0.06954763181507588,0.05559758007526398,0,0.09,True,-0.151149075159191,0.43122906102445985
882.28,12.081740379333496,-0.0563727542757988,-3.131124064263572,0.000522495080569311,-0.0004638034629583533,0.002018233376492489,-0.005360786868287364,0.08140705502267252,-0.09424636863172055,0.0050265961885452275,0,0.09,True,-0.09999617308439473,0.34122800628870475
882.3,12.081613540649414,-0.056250348687171936,-3.1288732053026833,0.0004934803293030232,-0.0007527116042309479,-0.003125481923261587,-0.005776450879095379,0.09576956706579084,-0.10930758357048036,0.047374762613326314,0,0.09,True,-0.1764862032281678,0.07232665665541574
882.32,12.081695556640625,-0.056203726679086685,-3.127076211953361,0.0005835934132209988,-0.0007462330900942509,-0.00229222674883175,-0.0018606269887221152,0.09123438235940413,-0.12998533904552462,0.0946193051338196,0,0.09,True,-0.14659149872558058,0.049306248246861195
882.34,12.081954002380371,-0.05609574541449547,-3.1251807627731334,0.00028170793635330356,-0.00045098271756201745,-0.007312523626430341,-0.0016970922437247922,0.08243937278327397,-0.10074287652969362,0.06501746773719788,0,0.09,True,-0.13145760610519486,-0.21378551052641448
882.36,12.081921577453613,-0.05622125789523125,-3.123825313674816,0.0005742738507796147,-0.000977972159121516,-0.009709086521559957,-0.0035754314071745797,0.08535155488242344,-0.017292643785476687,0.054658080935478214,0,0.09,True,-0.20378411143239997,-0.07393237484619619
882.38,12.082196235656738,-0.05610499903559685,-3.122278055480018,0.0003786057331941319,-0.0009412311686692536,-0.013642090411682555,-0.00010371815942430095,0.07866672622366894,-0.017292643785476687,0.054658080935478214,0,0.09,True,-0.15411765469707356,0.042188647122204416
882.4,12.082467079162598,-0.05590393766760826,-3.120248087562773,-9.037969054858905e-05,-0.001366620461532427,-0.01859495566340892,-0.000839278242903362,0.08531979237171382,-0.04124946087598801,-0.00175519235432148,0,0.09,True,-0.1545782758559977,-0.05739759282683029
882.42,12.08304500579834,-0.056066371500492096,-3.1188874246752456,-6.366860342478326e-05,-0.0007740289973226204,-0.01964193600218501,0.00196361350228239,0.08581446455304725,-0.09847279369831086,0.05745320238173009,0,0.09,True,-0.012323155542211472,0.02094116993253338
882.44,12.083407402038574,-0.05612238124012947,-3.1169997302850754,-0.0002668629376979632,-0.0007993993724718629,-0.0220753485900461,0.00714831409967441,0.08075974745627466,-0.07506032317876817,0.10167270839214326,0,0.09,True,0.0968865975802786,-0.22263802603668642
882.46,12.083770751953125,-0.056226372718811035,-3.1154128983157707,-0.0003898433954266365,-0.0007702084530372141,-0.014627942855059977,0.008807321476067425,0.08034201981827246,-0.0627567955851555,0.015595316886901857,0,0.09,True,0.15437953300230653,-0.3582491396482482
882.48,12.084246635437012,-0.05643220245838165,-3.113787307766268,-0.00043485442562345644,-0.0005179264370353578,-0.010844027856982668,0.01058607244522448,0.06750875028876979,-0.0629010808467865,0.04579307340085507,0,0.09,True,0.2986775416129818,-0.43238347899999113
882.5,12.084233283996582,-0.056740082800388336,-3.1124600630897805,-0.00031963728432282706,-0.0008797214343298879,-0.007291573361994169,0.008839072458282143,0.05715453338117273,-0.06855460435152054,0.0014716961607337,0,0.09,True,0.20013207796197832,-0.5414846015014481
882.52,12.084298133850098,-0.056944821029901505,-3.1115990302619787,-0.0002472586300274466,-0.0006655239452710522,0.0018188547389707142,0.008549597845996076,0.046169069136306834,-0.03596369653940201,0.014938325881958009,0,0.09,True,0.2145180886533379,-0.31721354945606767
882.54,12.08437442779541,-0.05691620707511902,-3.110840535645281,-0.0005943946893590277,-0.0004126422328307395,0.0013826233818837283,0.0069508160969478485,0.03702325169819602,-0.012324631214141847,0.012107122689485552,0,0.09,True,0.2056678419540161,-0.23050937171324945
882.56,12.084121704101562,-0.057120226323604584,-3.1100937822353667,-0.0006931438153472885,-0.0006420217149045645,0.006317419235268757,0.008206526542556039,0.04213166633230746,-0.00952040731906891,0.08074928797781468,0,0.09,True,0.10923925864276184,-0.06145062532262563
882.58,12.084139823913574,-0.057299286127090454,-3.1094982029539233,-0.0006969022126772428,-4.784456612850949e-06,0.009161853994335535,0.010831435651156046,0.03871378364410334,-0.04922745659947396,0.028647061288356784,0,0.09,True,0.15191215325811802,0.1538183719693415
882.6,12.083813667297363,-0.057616934180259705,-3.1082284969553924,-0.00047670947762024,-0.0003605386863026172,0.010557995430396133,0.013642700251492874,0.04125301911049427,-0.010735492184758187,0.13072934806346895,0,0.09,True,0.07453928896748378,0.060162380679457825
882.62,12.083669662475586,-0.05780579522252083,-3.107743432953751,-0.0005106922894584768,-2.128267856919992e-05,0.013535595642539387,0.01472299362373148,0.04932872145574964,-0.05814088709652424,0.02290166735649109,0,0.09,True,0.06474379179273539,0.24961922764919975
882.64,12.083313941955566,-0.05823921039700508,-3.1067935407065255,-0.00012280852888693774,-0.00029563367805606047,0.012280562352670511,0.014919811057068832,0.046944656786666546,-0.05464579144958407,0.019238001853227618,0,0.09,True,-0.027611470888274533,0.28585176813621377
882.66,12.083097457885742,-0.0585130974650383,-3.105551905237467,-0.00019961002961731473,-4.4797936750974266e-05,0.014341357337749655,0.017950728994067886,0.05868332185602116,-0.0031159785948693757,0.022601572871208193,0,0.09,True,-0.10411215924271339,0.04381169197811325
882.68,12.082873344421387,-0.05884397774934769,-3.1044729244124625,-0.0001124393952354655,0.00010729725012372186,0.008349077759336179,0.013776866077668561,0.06412116056137057,-0.0031159785948693757,0.022601572871208193,0,0.09,True,-0.0923268528719308,-0.030692819276462512
882.7,12.082574844360352,-0.05928226187825203,-3.103048767205267,0.00013439129523137958,-0.0003990955603221655,0.005206622903118055,0.015603671715187175,0.05283365681400049,-0.006230873167514802,0.0483944383263588,0,0.09,True,-0.1802046276536764,-0.24903905832855713
882.72,12.082687377929688,-0.05936538800597191,-3.101663847861613,-0.0002611314579135122,0.0002757526687286362,0.004894414122912268,0.013213348321149655,0.04448923124454829,-0.049662319272756585,0.024741881787776948,0,0.09,True,-0.05504682377979947,-0.4085421028102808
882.74,12.08272933959961,-0.059776514768600464,-3.1013252126923447,-1.5464448510204148e-05,0.0008324719723068052,-7.501287455183178e-05,0.01146371520038095,0.0387601971897264,-0.09470337174832821,0.007453619465231896,0,0.09,True,-0.002948675950282071,-0.17992490959156884
882.76,12.082524299621582,-0.05991583317518234,-3.100913785912897,9.818407075311223e-05,0.00014502548171813233,0.003945331856949968,0.010460254300863229,0.031437792336531385,-0.01470730945467949,0.048130097016692165,0,0.09,True,-0.03373478287164838,0.04105594648738911
882.78,12.08261775970459,-0.06019837409257889,-3.099947951430092,0.0004581859288188104,0.00057117103887276,0.004970728827095704,0.007334046497059214,0.038439664046688075,-0.06490697517991066,0.018510516285896304,0,0.09,True,0.03013100471347306,0.13846562027762777
882.8,12.082406044006348,-0.06021435186266899,-3.099148824474693,8.824615971475196e-05,9.65469346878159e-06,0.0021956314931828517,0.007871332265997878,0.04777370696353643,-0.07753730952739717,0.02430253699421883,0,0.09,True,-0.07028935030447671,0.19433727807446108
882.82,12.082356452941895,-0.060379285365343094,-3.098250039568608,0.00015278710687111437,0.00014065863926797988,0.0023354675025272463,0.006803642032391018,0.049837446811942285,-0.04507925063371659,0.07461279958486558,0,0.09,True,-0.0639353017842826,0.10212403871164182
882.84,12.082375526428223,-0.06055242568254471,-3.097091889355812,0.00011718993661434407,0.00019995061325540708,-0.0016778161674110455,0.008412623896907527,0.046984774582496225,-0.14452054738998416,0.04560708522796631,0,0.09,True,-0.03530156150257372,0.006602358201703544
882.86,12.082454681396484,-0.06075024977326393,-3.0959609556851344,8.783684905746712e-05,0.00040501794092481503,-0.0001440953156495208,0.009388384593641058,0.0466095871436236,-0.01090079188346863,0.06745909988880158,0,0.09,True,-0.004395404509661393,0.008348741532066389
882.88,12.08257007598877,-0.06088072434067726,-3.0953900425080914,0.00015946004414693128,0.0007876277746339463,-0.0006284934270244909,0.010410553904773814,0.048301895619672984,-0.06517251133918762,0.011448106020689013,0,0.09,True,0.08396846533341744,0.1433340009980453
882.9,12.082402229309082,-0.061129048466682434,-3.0945212725971216,0.0002795708096665441,0.00039010902267563657,0.0019838351417546547,0.00841913947609386,0.05050534613450699,-0.008287469074130058,0.013309209197759629,0,0.09,True,0.03496949941989743,0.2779841904960977
882.92,12.082464218139648,-0.06138205900788307,-3.0932277377062416,0.0004061918311709693,0.0008066087975242423,0.00503966105925624,0.011407312051849965,0.05845149466232942,0.006158178746700288,0.023850661665201188,0,0.09,True,0.028066704090650065,0.35660006439379305
882.94,12.082327842712402,-0.06143050268292427,-3.091920527994372,-0.00017300692078040412,0.0005855205237002658,0.0026534646379437047,0.007278169008598391,0.0688483223833228,-0.018548139184713364,0.032679996341466906,0,0.09,True,-0.012226123329781275,0.40455657014938995
882.96,12.0822114944458,-0.06181173399090767,-3.0907139229351026,0.0003375600172875899,0.00044072487049297504,0.001616842900228663,0.005497921408124637,0.07682990077119102,-0.07978900700807572,0.06633560746908189,0,0.09,True,-0.10465611152710738,0.4424181868368724
882.98,12.082219123840332,-0.06172112375497818,-3.089013406806453,-6.902894842836155e-05,0.00030523200490880243,0.0010057452753716523,0.0057277218544786734,0.08286987174647474,-0.07275363393127919,0.050421658456325534,0,0.09,True,-0.1144348806385699,0.27166044709042353
883.0,12.082357406616211,-0.061827901750802994,-3.087081345644543,-0.00010855975052638703,0.0003230788200186592,-0.003332827862916633,0.0014959958985546488,0.09384494960929732,-0.034064162075519565,0.07719951808452608,0,0.09,True,-0.08984852102634183,0.21425729678428868
883.02,12.082271575927734,-0.0618923157453537,-3.08529093825466,-0.0002623499775703648,-0.00028042256362297436,-0.006501325813133561,0.0022229761210268736,0.09058115815053691,-0.07075817510485649,0.059434548318386085,0,0.09,True,-0.12397923373408484,0.16691582918662193
883.04,12.082484245300293,-0.06191670894622803,-3.0832063269663657,-0.00036860174756542333,-3.123374044045787e-05,-0.005571038781872146,0.0025462070028347225,0.09397048451391853,-0.08196969151496888,0.08324600160121919,0,0.09,True,-0.09247194305942248,-0.012878193770329494
883.06,12.082748413085938,-0.061869412660598755,-3.0817669141544166,-0.0006232327625904124,0.0003212687798189867,-0.008912593423346115,-0.0010577043915317923,0.09622313808139235,-0.05620391070842744,0.050187826752662666,0,0.09,True,-0.05767876755517264,0.07475259966379577
883.08,12.08281421661377,-0.06200524419546127,-3.079563706883426,-0.0003672687267212143,-0.0001412135982514787,-0.010730583307674216,-0.0010414225177016476,0.09281469410767043,-0.012183086127042771,0.003028390668332577,0,0.09,True,-0.07205807402807274,0.09005780496122551
883.1,12.082978248596191,-0.061765220016241074,-3.0775930872081445,-0.0007467550471506669,-0.0003285392922309365,-0.011115627217549733,-0.0002865645777414054,0.09656136612364363,-0.032308454439044,0.011898751556873323,0,0.09,True,-0.055974325562580265,0.09578273162025196
883.12,12.083335876464844,-0.06178034096956253,-3.075781151437748,-0.0006108233443973868,9.701782681456093e-05,-0.011335684704120915,-0.0030539423105830125,0.10117510891082025,-0.06350726701319219,0.05376583376899362,0,0.09,True,-0.01318821883005085,0.16772950935494993
883.14,12.083634376525879,-0.06178966164588928,-3.074042004864521,-0.0006925799465973044,0.000247858643104327,-0.013390539468354827,-0.0008332421427847829,0.10388575661101643,-0.04140858501195908,0.10572676479816438,0,0.09,True,0.02805419752458079,0.11322650410515785
883.16,12.08370304107666,-0.06170181930065155,-3.0714696981705676,-0.0008307011139068099,-0.00035765534583678333,-0.011785640814077325,0.0003025949747609457,0.10623305485605422,-0.0874121516942978,0.013357853293418886,0,0.09,True,0.05759692561355181,-0.09324288759004519
883.18,12.0840425491333,-0.06162640452384949,-3.0692822266792708,-0.0010211759815698964,-0.0003925442363382966,-0.00887129141558531,0.00375656595271575,0.10561948645204802,-0.05921504020690919,0.06850038185715676,0,0.09,True,0.11769249330605087,-0.19483518552387322
883.2,12.084278106689453,-0.061738427728414536,-3.0672825070492595,-0.0006721105627794295,-0.00042977653243417974,-0.006727930655034413,0.006933017864671052,0.09371567790361282,-0.042361104935407644,0.1039090371131897,0,0.09,True,0.15906539713024062,-0.3242113288281823
883.22,12.08436393737793,-0.062038127332925797,-3.065592445948353,-0.0003994181923436404,-0.0004419236917264462,-0.00397514000386594,0.009813386975024775,0.0882989417690986,-0.06843323349952699,0.08379688620567323,0,0.09,True,0.159387472933692,-0.38808443342511134
883.24,12.084280967712402,-0.06221497058868408,-3.0639724439382747,-0.00025039823064336144,-0.0005326828857718696,0.0009395909563484344,0.013464269074295205,0.08029614854978637,-0.038650154471397406,0.10782742932438852,0,0.09,True,0.11252822346349182,-0.2963735927859687
883.26,12.084419250488281,-0.062385063618421555,-3.0622183113377393,-0.0002160271155942984,0.00017755168261226797,0.0038797064191165714,0.011189904565114562,0.07457273177802323,-0.06926024675369263,0.08374815762043,0,0.09,True,0.11257011020921201,-0.3112324208800188
883.28,12.0842866897583,-0.06281815469264984,-3.0608588151652825,0.00042702388636604047,-0.00027527349085408663,0.0022743272220367445,0.010814780764073838,0.07000579048075689,-0.09853810727596284,0.17631862163543702,0,0.09,True,0.03540433742661792,-0.25721683403852075
883.3,12.084125518798828,-0.0629551112651825,-3.0596266274061166,0.00041577631405220376,-0.00044200709967367953,0.005030468812862831,0.009110154160391404,0.06340034809871974,-0.004250040948390961,0.0967207717895508,0,0.09,True,-0.02997681214824021,-0.18905826013710536
883.32,12.084169387817383,-0.06309200823307037,-3.0583719806998113,0.0004041240682515605,5.012690442300762e-05,0.0037719379504793176,0.0072161232943502894,0.05971880182669418,-0.030173800326883795,-0.0028235480189323426,0,0.09,True,-0.006167781680594298,-0.13680818336823006
883.34,12.084077835083008,-0.06314437836408615,-3.057146283489839,0.0002475904911626655,3.4676054405747626e-05,0.0014815614472561277,0.0036519901264127613,0.059448070967047066,-0.05609452903270722,0.007119289487600327,0,0.09,True,-0.058623829927578905,-0.06628200347963062
883.36,12.084033966064453,-0.06341852992773056,-3.0560813110191445,0.000843157413353317,4.467972500052009e-05,0.0017809046875889483,0.0036076976085862595,0.05906113581129289,-0.014953702986240389,0.024222262501716618,0,0.09,True,-0.03896023005908186,0.04900540579141085
883.38,12.08403205871582,-0.06325622648000717,-3.0548707817287504,0.0003509694309066154,-0.00020803103049540437,0.0003405624186541188,0.004192483362593888,0.05809778782034657,-0.05037764303386212,0.010835047513246538,0,0.09,True,-0.02839235906902075,0.05471414470120089
883.4,12.084052085876465,-0.06339173763990402,-3.053647089834912,0.0004336653706223602,-0.0002033964482667646,0.0006551195457556035,0.0029510466593655215,0.06363923429000348,-0.03198531985282898,0.030955383479595186,0,0.09,True,-0.046811689585772455,-0.09116975846981508
883.42,12.08407974243164,-0.06348087638616562,-3.0524984604642156,0.00031882648447511354,-0.00018358170134430096,-0.0007898272782634662,0.006431946761852563,0.06382520254313916,-0.024442471563816074,0.021673905402421954,0,0.09,True,-0.020690251748004047,-0.08560970575018159
883.44,12.084002494812012,-0.06365830451250076,-3.0509901722759416,0.0003581968335572409,-0.0003521957979777762,-0.001964030479274764,0.001965895964370693,0.05176755513370395,-0.04869794525206089,0.005500935316085816,0,0.09,True,-0.03824706841660518,-0.1534716090418878
883.46,12.08414077758789,-0.06376311928033829,-3.0497647655252966,0.0005725421128688386,-9.590117855209455e-05,-0.0013146577211870518,0.002623826616229975,0.05124901136032854,-0.09141939878463747,0.008548356220126153,0,0.09,True,-0.014703636421237468,-0.09605821757464965
883.48,12.084222793579102,-0.06353414803743362,-3.0495056854242137,0.0001658371623715908,0.00034487087084128173,-0.0024046459275743766,0.0011846603324228956,0.051361505566646176,-0.07463501930236817,0.0027397400885820393,0,0.09,True,0.035026897905552905,0.25543934182698996
883.5,12.084203720092773,-0.0636802539229393,-3.048398539555387,0.00041399212398103357,8.745950331423296e-06,-0.0019661181919630654,0.001253558886255419,0.05614054513716325,-0.03005173817276955,-0.004107245728373528,0,0.09,True,-0.014703800846408766,0.3807246792514445
883.52,12.084202766418457,-0.0637349858880043,-3.0468812518306136,0.0002952973617382307,-5.960580817659227e-05,0.00083812135316692,0.005923490544031181,0.07220270247984456,-0.03319016635417939,0.04465189188718796,0,0.09,True,-0.024548292521118193,0.4457373566477412
883.54,12.084306716918945,-0.0638483315706253,-3.0452735219143277,0.00026694119954857165,0.00012642986750765136,-0.0024909617888986832,0.005703426150104039,0.0817069857004164,-0.04628848224878312,0.00905003346502781,0,0.09,True,-0.023261051016193402,0.41391801076731166
883.56,12.084200859069824,-0.06401224434375763,-3.0437294692258314,0.00028595272282235147,-0.0004665994720224246,-0.004368509329262046,0.0033303347234151055,0.08702049409843304,-0.01778004437685013,0.0788675093650818,0,0.09,True,-0.14094496270069803,0.2124413335349423
883.58,12.08444595336914,-0.0641152486205101,-3.0418619806993505,0.00019597919447200503,5.620524645970914e-05,-0.0038270022732594896,0.001384431503829331,0.08925398599856513,-0.08006796240806581,0.05960690081119538,0,0.09,True,-0.07937811359071256,0.11421367328072286
883.6,12.084576606750488,-0.06396599113941193,-3.0399196123027354,-0.0001458978210556776,0.00021626600875550414,-0.010437475662894692,-0.0014137814262566504,0.08919800916264864,-0.10785856842994691,0.08698941588401796,0,0.09,True,-0.07394860145727182,0.07260025160408348
883.62,12.084622383117676,-0.06392805278301239,-3.038133203034439,6.229121201393052e-05,-0.0003420514042211152,-0.008841210876158937,-0.006543529867789888,0.0908440795628789,-0.038501187860965735,0.08972134172916413,0,0.09,True,-0.11889031408506215,0.0836209005120378
883.64,12.085020065307617,-0.06381497532129288,-3.036593628492816,5.3205450988065485e-05,0.0002514502089363857,-0.010284397445846818,-0.003977181653681881,0.09282851422676269,-0.04908686593174935,0.06124939762055875,0,0.09,True,-0.05607002067048148,0.15182923063897757
883.66,12.085095405578613,-0.06352151930332184,-3.034594454334327,-0.0006240736496264029,5.199248105174232e-05,-0.01333822740005581,-0.0036270228521816375,0.09594365803952207,-0.06530663698911668,0.05119433343410493,0,0.09,True,-0.10110825711860819,0.17744004372225777
883.68,12.08536148071289,-0.06356333941221237,-3.032493331164601,-0.0003831411623053704,-7.737577760508583e-05,-0.014923077316529131,-0.00672183990816181,0.1013443476137558,-0.11222843229770661,0.013859474733471872,0,0.09,True,-0.1386596247059177,0.0416479969107554
883.7,12.085652351379395,-0.06352559477090836,-3.030457710391273,-0.00045756450256184786,-0.00022705452404639178,-0.01692987144565173,-0.003054686780317603,0.10503928306066679,-0.08213284820318223,0.0771734681725502,0,0.09,True,-0.08048907363775067,-0.030105903377875557
883.72,12.086148262023926,-0.06315043568611145,-3.0284860806837113,-0.001128047433212212,0.00024770880139194675,-0.02137716742232591,-0.003568752294047038,0.09616035397962483,-0.08943353682756425,0.07515168458223344,0,0.09,True,0.023729854918308438,-0.17771475772199746
883.74,12.086414337158203,-0.06312844157218933,-3.026191311689469,-0.001163082912332966,-0.00036992854998972797,-0.01977735329107916,-0.005177479166595185,0.09353518576929079,-0.04767185419797898,-0.002463369444012642,0,0.09,True,0.09808724705055576,-0.29833653273592875
883.76,12.087028503417969,-0.06308664381504059,-3.0248005028462273,-0.0011343260427834933,0.0002251704041654272,-0.013024688923063485,0.0013149004802909656,0.08712716699598873,-0.09354872196912767,0.013905904889106752,0,0.09,True,0.22954380939539612,-0.15892666660805788
883.78,12.087176322937012,-0.06293196976184845,-3.0229748955297366,-0.00133248748460036,0.00025694437246180933,-0.009082891681614406,0.0033671365026568837,0.0811723604418142,-0.044826635122299195,0.02554458133876324,0,0.09,True,0.25867621063907986,-0.20597702491325565
883.8,12.08719539642334,-0.06313349306583405,-3.0215159073240385,-0.00082414535643867,-9.24878405418526e-05,-0.0030136626707109207,0.003285636928913462,0.08344622065099176,-0.034137697219848634,0.015904099196195603,0,0.09,True,0.19378674220219347,-0.11200720599330663
883.82,12.087167739868164,-0.0633099302649498,-3.0196975228541207,-0.000758812859175152,-4.209170939607091e-05,0.0009167435600578163,0.00973837201715932,0.07705702377622191,-0.02640227735042572,0.016378809660673142,0,0.09,True,0.1920686032042368,-0.06988794441627354
883.84,12.087299346923828,-0.06331872195005417,-3.0181248051941445,-0.0010132936341669418,0.00048212152045147143,0.0024782504531199226,0.010967846390038918,0.07816659051651961,-0.051110268905758864,0.0985621763765812,0,0.09,True,0.14741652030338337,0.007941581872353897
883.86,12.087198257446289,-0.0637141764163971,-3.0168103336276357,-0.00044952664391354624,0.00013238879175186716,0.006282596574732398,0.012157121703668835,0.07558132488850945,-0.051110268905758864,0.0985621763765812,0,0.09,True,0.12573974626435155,0.18652250243167895
883.88,12.087106704711914,-0.06402865797281265,-3.0152625800827138,-0.0003084622552520697,0.0002777746309830539,0.008779658953565781,0.015291839933222121,0.0840815472007804,-0.004472854128107429,0.07715568989515305,0,0.09,True,0.1482721121922571,0.1064978666420476
883.9,12.086790084838867,-0.06433749198913574,-3.0136510168630455,-0.00019336022223026629,-3.49326568582208e-05,0.010975923261196792,0.010109225459767973,0.09197882397074265,-0.013250855710357428,0.07905873328447342,0,0.09,True,0.1263630859798072,-0.0046552456482218865
883.92,12.086756706237793,-0.06462081521749496,-3.011398281418088,0.00010845707007322669,0.0006940544202798479,0.014340019428489703,0.002180513704042594,0.08668641984787567,-0.04844312988221646,0.08854138731956483,0,0.09,True,0.13097603017722417,-0.25246077945002837
883.94,12.086430549621582,-0.06462834030389786,-3.0094520277099726,7.752201533853289e-06,0.0007571356936609923,0.016391643453122145,-0.0018056169977179325,0.07520890523665151,-0.05856385603547097,0.04392977088689805,0,0.09,True,0.09178177625428059,-0.5734631500721274
883.96,12.085991859436035,-0.06435056030750275,-3.00832766649488,-0.0003193690481869752,0.0008150887313291335,0.019257741367749076,-0.0033076607673184024,0.0638846848447678,-0.001466309428215027,0.04781746417284012,0,0.09,True,-0.008154489556447842,-0.6012966391001806
883.98,12.085471153259277,-0.06436707824468613,-3.0076343044441103,0.00030995056412985,6.348763196706278e-05,0.018318465361542996,-0.002508352959313193,0.04610177196494899,-0.0566475472599268,0.05838575303554536,0,0.09,True,-0.09836972144947527,-0.40715856436476927
884.0,12.08519458770752,-0.06456325203180313,-3.006287506630504,0.0008484206709211982,-0.00021414759161550643,0.013687660263973542,0.00483489511755836,0.03858268871983662,-0.0566475472599268,0.05838575303554536,0,0.09,True,-0.18208184869983404,-0.35873086973587215
884.02,12.084951400756836,-0.06462519615888596,-3.00576388595278,0.0010316098657739586,-0.00048156130457331745,0.008522065737171281,0.005660483767678944,0.04263622008749959,-0.008693466559052468,0.024047158360481265,0,0.09,True,-0.22242381547679754,-0.059147514480949376
884.04,12.084959030151367,-0.06488152593374252,-3.005241051397296,0.0013475076203387222,-0.00010839286325581708,0.004691193471775601,0.004373858605338095,0.03518621526592412,-0.050144321657717233,0.06104862585663796,0,0.09,True,-0.16287199371102312,0.026604938408082014
884.06,12.084856986999512,-0.06490806490182877,-3.0042234068371134,0.0010471874433076094,-0.0002859798166138492,0.0005245601234153761,0.004142779082821832,0.04136997080647734,-0.04522491537034512,0.007091936767101289,0,0.09,True,-0.1041679505832252,-0.07904705441407944
884.08,12.084870338439941,-0.06496092677116394,-3.0034726094092288,0.001169575805542538,-0.0004413436607153876,0.0006579007670850265,0.005252426003897422,0.04071108379248427,-0.01667157754302025,0.09363838106393815,0,0.09,True,-0.06301472954437229,-0.08453319872089
884.1,12.084955215454102,-0.06495924293994904,-3.00245428828826,0.0010968691230743254,-0.0003767377337369047,0.00018862969050900224,0.007105847523509871,0.03631245573437,-0.0435358851402998,0.049445340633392336,0,0.09,True,-0.025703920078363564,-0.16234870788058986
884.12,12.084964752197266,-0.0653049647808075,-3.0019841646938956,0.0013557297640130067,-0.0005086912138131324,-0.00034998489177676085,0.0062473671514004046,0.028423559368249463,-0.03655267447233201,0.007524981349706651,0,0.09,True,-0.041995258902178347,-0.042830135088839726
884.14,12.084920883178711,-0.06547313183546066,-3.0013184103783623,0.0012588807993129335,-0.0004893919036393042,-0.001531753482854761,0.01072338765551203,0.02838207417602351,-0.00413634717464447,0.010141201578080655,0,0.09,True,-0.08313441225528925,0.09025856518827505
884.16,12.084967613220215,-0.0654519572854042,-3.001198724659771,0.0007671713533097004,-0.0006517586790363749,-0.002701719945086186,0.010443733052489653,0.037284672985380206,-0.04564651969820262,0.1033741969242692,0,0.09,True,-0.05377327819645127,0.3566807341696581
884.18,12.085196495056152,-0.065791554749012,-3.0001837223541803,0.0007411945697583535,-0.00035003371186026407,-0.006462123289908089,0.010516054954233802,0.04353314094942544,-0.013090042173862459,-0.0005915061011910439,0,0.09,True,-0.03148524949798249,0.4188918484596514
884.2,12.085295677185059,-0.06610199809074402,-2.9990013908550637,0.0007286100221837877,-0.0004203340728367083,-0.004651847147495064,0.015245048097236612,0.05695801810183671,-0.059783935695886616,0.0041550110280513764,0,0.09,True,-0.027892249027196708,0.3147857112360368
884.22,12.085551261901855,-0.06623315811157227,-2.9978357591024065,0.00036723007708157254,1.6801707083631674e-05,-0.004050573442694648,0.015620136060641379,0.061893422052812765,-0.0476184692978859,0.152165265083313,0,0.09,True,0.050403814240567384,0.27761260678852817
884.24,12.085509300231934,-0.0666062980890274,-2.9966420832116216,0.0005806930512462264,-0.0002905076910114881,-0.004933099867263064,0.011844816909806965,0.062467529884276035,-0.027810964882373813,0.05157598018646241,0,0.09,True,0.0012997716180594052,0.1550867478176877
884.26,12.08569622039795,-0.06698185205459595,-2.9952322485899527,0.0006938819912027097,-0.00019934105185698736,-0.002429818150660635,0.014987257964375604,0.06574214949251905,-0.050744173973798753,0.016316491812467578,0,0.09,True,0.016150590411619946,0.09263135617349849
884.28,12.085823059082031,-0.06698264181613922,-2.994003988464326,0.00023586227748008935,3.0350060287348104e-05,-0.004547865418050406,0.016427465006481266,0.06936495792724044,-0.04958299815654755,0.008863691166043283,0,0.09,True,0.02662419409416579,0.09493531817385323
884.3,12.085918426513672,-0.06739097088575363,-2.9925763871430098,0.0005537825130908714,-0.00021286964437286038,-0.0027585262097662277,0.011254258232952707,0.0693039305466859,-0.04958299815654755,0.008863691166043283,0,0.09,True,-0.04096151613328467,0.06363846502039038
884.32,12.08606243133545,-0.06785270571708679,-2.9910928865774395,0.0010345348853932218,-0.0004085137634873677,-0.0028031643397287112,0.012762075603647732,0.07006235533818818,-0.016516553759574892,0.0041401231288909915,0,0.09,True,-0.013626245024657023,-0.04320768162004797
884.34,12.086048126220703,-0.06783945113420486,-2.989687934146215,0.00048220595730087744,-0.0004759427836087117,-0.005706739441325085,0.004631934727904147,0.07083322669415289,-0.05030577942728997,0.006289855241775513,0,0.09,True,-0.046004287767469,-0.05854043648872958
884.36,12.086197853088379,-0.06795844435691833,-2.988399000037268,0.0003553167007096977,-0.0001270166774909897,-0.005637965020023525,0.0023898860205800168,0.06590834339763484,-0.05329689532518388,0.021844537854194643,0,0.09,True,-0.06958401785725524,-0.06933529010089137
884.38,12.08642578125,-0.06768817454576492,-2.9869097290074746,-0.00021293361718011252,0.0002792831767456509,-0.006438869231165631,0.002036313275979953,0.06462069562758514,-0.11438322126865388,0.024461712762713434,0,0.09,True,-0.003529681585301025,-0.14596977164194316
884.4,12.08653736114502,-0.067972831428051,-2.9858202191056336,0.00020902379817454652,0.0001108979695439596,-0.008369885768304067,-0.0005083360466811037,0.06451553213012191,-0.05070164024829865,0.09789440512657166,0,0.09,True,-0.0012770517647897773,0.0015321991441654
884.42,12.08658218383789,-0.06792104989290237,-2.984518278496013,-5.678622129600704e-05,3.671965620555931e-05,-0.00598911396814891,0.004860581664979208,0.059155644962808056,-0.012338146939873696,0.07154532074928284,0,0.09,True,-0.019326886140496692,0.0038427983407445777
884.44,12.08685302734375,-0.06781438738107681,-2.983237757466856,-0.000323515515224339,0.000262489142972219,-0.00574012916120676,0.0014746982857069936,0.06603091932916813,-0.08690469682216645,0.004869767092168332,0,0.09,True,0.04740134704451968,0.05534651494192261
884.46,12.086959838867188,-0.0679972842335701,-2.9821772774104476,7.524872171870423e-05,-8.46723343778333e-05,-0.007985020122406157,0.001776882993020726,0.06492811949484487,-0.016942806839942932,0.0041859206557273865,0,0.09,True,0.010021644551287224,0.09558227688261725
884.48,12.08700942993164,-0.068016916513443,-2.9805377455592974,-0.00011525461343439507,-0.00011201348448286103,-0.004577778004740552,0.0002942158999930468,0.06894325332547799,-0.03939496340230108,0.05748463589698077,0,0.09,True,0.001391592399881708,-0.08816144201592768
884.5,12.087235450744629,-0.0679599940776825,-2.9793240289364227,-0.00018759097865291152,2.8471103251810644e-05,-0.005187382404045522,-0.0024669213394179603,0.06680222711342135,-0.07925586104393006,0.006585553921759129,0,0.09,True,0.045223600095308084,-0.047752911431447345
884.52,12.087218284606934,-0.06777889281511307,-2.9777222972008226,-0.0005031884323709317,-0.0004630663699754476,-0.0056288017692163244,-0.003131346050586816,0.05897800396790033,-0.015614524185657503,0.00048451412469148643,0,0.09,True,-0.015410731922834535,-0.23599315355220266
884.54,12.087337493896484,-0.06773547828197479,-2.9768330992413787,-0.0006053507168955499,-0.0005617188645813069,-0.004367132114784801,-0.0014086133557868585,0.06110788658033255,-0.035628781914711,0.09574185252189638,0,0.09,True,0.008397554578285933,-0.21483176300198897
884.56,12.08741283416748,-0.06769630312919617,-2.9758195052418697,-0.0006891208956259087,-0.0007810589969635215,-0.005810636558566193,0.0037024241513398384,0.050063801041318946,-0.00539083156734705,0.07693188428878785,0,0.09,True,0.012189807645077815,-0.1544740226213384
884.58,12.08756160736084,-0.06779152899980545,-2.9744353980099936,-0.0006668239329102417,-0.0007467317744839638,-0.0045155780377823035,0.007271326361586509,0.04961568607325344,-0.10381814301013947,0.12721158146858216,0,0.09,True,0.013360706576693476,-0.3014272377022179
884.6,12.087725639343262,-0.06799431890249252,-2.973717193117515,-0.00047838108941111615,-0.0006814721875733799,-0.0046536171576096,0.008212843084749224,0.046620082158186936,-0.0594422671198845,0.045687611103057864,0,0.09,True,0.05872382451101931,-0.07378083074408065
884.62,12.087790489196777,-0.06824897229671478,-2.9728638443555164,-0.0005389097011286958,-0.0009524235031365268,-0.003298275588648776,0.01322145026748296,0.03699370756414278,-0.0707149873673916,0.03814974561333657,0,0.09,True,0.031883242794429244,-0.002236556617408532
884.64,12.087889671325684,-0.06828188896179199,-2.972089898669213,-0.0011038268906460001,-0.0007357262844672612,-0.0011127305976822452,0.01017566262550016,0.044161334581789474,-0.01710016191005707,0.06715521171689035,0,0.09,True,0.03542114966599639,0.17716538159587403
884.66,12.08799934387207,-0.06878991425037384,-2.971475901404865,-0.0004175013022855745,-0.0005648770775943281,-0.0019649186142302838,0.004686059096628183,0.04943676154386092,-0.018013943880796433,0.012007387951016427,0,0.09,True,-0.003436497837992144,0.3952187126228317
884.68,12.087950706481934,-0.06878168880939484,-2.970184286350975,-0.0005155019459767401,-0.000736860718718092,-0.0018199251843324664,0.009544756617752165,0.06079331268584397,-0.02350857585668564,0.011071168780326844,0,0.09,True,-0.08708039258122857,0.34572320727757594
884.7,12.088008880615234,-0.06859183311462402,-2.9689089034320055,-0.0010047786280531067,-0.0003888283959124415,-0.003573195415688288,0.006571212335522609,0.0686112045739855,-0.008420395180583,0.024682423025369646,0,0.09,True,-0.02713891973641837,0.3689471658348798
884.72,12.088163375854492,-0.0690094456076622,-2.967226433654343,-8.116140251714081e-05,-3.262285801407194e-05,-0.008079162004184095,0.006977814686465124,0.0718191911640097,-0.062112285047769555,0.044107475429773335,0,0.09,True,-0.008787668023047368,0.224173788560395
884.74,12.088371276855469,-0.0692586749792099,-2.965987005038943,0.0003196904673627718,0.0002945221303536123,-0.004136032193144864,0.009851764853310937,0.0789525348106664,-0.07656476140022278,0.0411217324435711,0,0.09,True,0.01745102198078683,0.20266072017252343
884.76,12.08868408203125,-0.06921932101249695,-2.9644387510578514,-5.203493428153264e-05,0.0009020150996543647,-0.0025229386261766155,0.007148204010233762,0.07872721577068474,-0.03930725812911988,0.05689395278692246,0,0.09,True,0.10784963037907164,0.22894791161925324
884.78,12.088472366333008,-0.06931004673242569,-2.962592700647158,-0.00020273831646980928,0.00015863536425152452,-0.0021771136572266113,0.0062460705945620075,0.08482406218777262,-0.03930725812911988,0.05689395278692246,0,0.09,True,0.018541841367797993,0.04326458271774702
884.8,12.088462829589844,-0.06953678280115128,-2.9609282563926937,-9.984170698368036e-05,-3.107296160996441e-05,0.000548808426133789,0.008046756382033882,0.0901350240935333,-0.06425587654113771,0.10999240815639497,0,0.09,True,0.0362669295488101,-0.0892481167420633
884.82,12.088631629943848,-0.06971936672925949,-2.959201080063918,-0.0003395057361108196,0.0005615593427629843,-0.002652684883720266,0.010986727438554722,0.08241370142808793,-0.051836702525615695,0.07983024835586548,0,0.09,True,0.07106035800585535,-0.2283008200580357
884.84,12.088756561279297,-0.06986047327518463,-2.957227949130365,-0.00042591426934750497,0.0006635232799803274,0.00037841573772967683,0.009442337541774093,0.07158736643131602,-0.04179962366819382,0.039171678423881535,0,0.09,True,0.07580359364543204,-0.3676438673182896
884.86,12.08884048461914,-0.07013591378927231,-2.9559996045329076,0.00012770739962098286,0.00048727524405058536,0.0035077149832447247,0.010930318663085133,0.06655999658312042,-0.007549843192100525,0.018045364618301394,0,0.09,True,0.09622528158104608,-0.25384260662567437
884.88,12.088571548461914,-0.07028491795063019,-2.9552012670781855,7.540559012342929e-05,-0.00019022790637698636,0.0066130959177714554,0.008821858289717214,0.060723514708055086,-0.05844860076904297,0.020246413201093674,0,0.09,True,0.018875837245688303,-0.05536036086282417
884.9,12.088517189025879,-0.07063055783510208,-2.953876280337273,0.00043442873209794866,-0.00040209005112352416,0.00504533764275642,0.006886123030950139,0.06210629289805245,-0.0925374671816826,0.024412225335836413,0,0.09,True,-0.032766750016037044,-0.031635053294771495
884.92,12.088367462158203,-0.07065203785896301,-2.952370067953725,4.2477838355847205e-06,-0.0007510777545519127,0.0018884827173833677,0.009163671154344596,0.06715853756229412,-0.010853761434555055,0.047664901018142705,0,0.09,True,-0.0912329989939593,0.10138508478071676
884.94,12.088546752929688,-0.07075244933366776,-2.951031101101061,-4.155157981514431e-05,-0.00022315976701328403,0.0008863749819604202,0.005350189128801409,0.06402919231953741,-0.06069599241018296,0.03290598928928375,0,0.09,True,0.00034754332323571344,0.14052933546176308
884.96,12.088561058044434,-0.07103334367275238,-2.9498285840731993,3.273998881002233e-05,-0.000185463772192576,-0.0006855440017490223,0.0074147544284554005,0.06883432149051658,-0.05798605889081956,0.006514881774783135,0,0.09,True,0.03114368776823768,0.21722353785887372
884.98,12.088528633117676,-0.07106425613164902,-2.9487539449517075,-9.840302745070883e-05,-0.00015504872371494021,0.005073141108615291,0.007755319279349496,0.07334863973499925,-0.07263476178050042,0.013165035024285317,0,0.09,True,0.06221504800199084,0.34141268117441753
885.0,12.088534355163574,-0.07122389227151871,-2.946863322234481,-0.00012058516485129365,-0.00015767528749573143,0.004379977738843657,0.004834572422400394,0.0845364205910129,-0.0499942308664322,0.006938410848379136,0,0.09,True,0.10353745857300793,0.23119305404969479
885.02,12.08826732635498,-0.07143915444612503,-2.945163209922266,9.482336832772689e-05,-0.0006725621063695224,0.005863578822115161,0.005339244970254815,0.09134220681346597,-0.06327052354812622,0.062438853979110726,0,0.09,True,0.000999495163359378,0.17741031379291414
885.04,12.088292121887207,-0.07148060202598572,-2.9430656704259244,0.00010640636113076974,-0.0002504022247330421,0.007597452684084079,0.004400405142186678,0.08732976581447534,-0.005347624011337758,0.06934426069259644,0,0.09,True,0.014897928841533375,-0.02346445305274142
885.06,12.088151931762695,-0.07157473266124725,-2.941446568406637,0.00041783219679095396,-0.0006024616788474562,0.0051531007216839685,0.003996029095720296,0.08754146483841947,-0.005347624011337758,0.06934426069259644,0,0.09,True,-0.03223444606658706,-0.09025211436912789
885.08,12.088007926940918,-0.07168888300657272,-2.9398769409693193,0.000542610268931437,-0.0005027909398714257,0.005571812046166936,0.007016320530672629,0.08265926434679263,-0.007216397486627103,0.09497034788131714,0,0.09,True,-0.0782667680395031,-0.03693684795697366
885.1,12.087926864624023,-0.07183441519737244,-2.938159892735189,0.0005576543450769104,-5.799040809314874e-05,0.0032848231367868766,0.006246786711838184,0.08412203766393204,-0.03411876007914544,0.06890841752290726,0,0,True,-0.0869367514356248,-0.2105031861216465
885.12,12.087967872619629,-0.0721198320388794,-2.9364529292781776,0.001134819433597667,0.00012307323796324798,0.001336111240920627,0.007474931355611833,0.08437481797791593,-0.0038677130639553072,0.08879237353801728,0,0,True,-0.13538240792743633,-0.4619150895122001
885.14,12.087995529174805,-0.07211726158857346,-2.934716805393519,0.0011662328882330105,-2.1615023928135868e-06,-0.0018018393931695741,0.006098125500008052,0.07070120994867914,-0.07229229837656022,0.04126260995864869,0,0,True,-0.14441955465756365,-0.8058352646846555
885.16,12.088025093078613,-0.07229611277580261,-2.933126955531092,0.0012979562219583042,-9.539985087071967e-05,-0.00525878058801812,0.001694162810361681,0.04570605718585023,-0.029101041555404664,0.028921425044536594,0,0,True,-0.15173866717074427,-1.036126080720701
885.18,12.088168144226074,-0.07228225469589233,-2.9325037959393,0.0012269417093261413,4.049838508851938e-05,-0.008268741235807708,0.0021522195938127385,0.019655216489218245,-0.04410658463835717,0.06782623320817949,0,0,True,-0.13950073461745716,-0.9617724739463482
885.2,12.088407516479492,-0.0721653625369072,-2.9327964447033077,0.0009364737081351504,4.087992225225859e-05,-0.010802982132745125,0.000429157126903753,0.0014847315202174592,-0.05259158931672574,-0.0025118836760520936,0,0,True,-0.1036268158287215,-0.6149879307169055
885.22,12.088678359985352,-0.0721483826637268,-2.9331443880743806,0.0009591333556355081,0.00012221415108708047,-0.012961898162571856,1.2340237332778437e-05,-0.006240587967068083,-0.010060865804553032,-0.007951334305107595,0,0,True,-0.05985250952538184,-0.34391722379012035
885.24,12.08887767791748,-0.07215055823326111,-2.9330081770094747,0.001253650899423485,-7.183644533047026e-05,-0.013548925854320082,0.0006947766552973982,-0.003492977271527377,-0.010762128308415414,-0.011078158989548684,0,0,True,-0.024600313417281545,-0.13279402948143404
885.26,12.08918285369873,-0.07206863164901733,-2.9330030429766656,0.0012843777455076974,0.0001151743108209883,-0.013056941997840705,-0.002334559897706516,-0.007858161414005459,-0.010887555181980134,-0.009136594869196416,0,0,True,0.029645062306090805,0.048538484937970965
885.28,12.089479446411133,-0.07199528813362122,-2.9330758828850296,0.0014506106842800761,0.0001310794369934381,-0.012771007206125859,-0.0024246300472812263,-0.009138790838287602,-0.01401454858481884,-0.012887514382600785,0,0,True,0.07137835518673215,0.031687575106452905
885.3,12.089661598205566,-0.07174935936927795,-2.9337730409875005,0.0009382746583765407,0.0001872926932378379,-0.010590293178086749,-0.000881851518992316,-0.0023575091720339377,-0.013273549899458887,-0.013076195791363718,0,0,True,0.06902075968080856,0.20539905297385525
885.32,12.089837074279785,-0.07174929231405258,-2.933739280276538,0.0008291730647879037,0.0003315429433076814,-0.007838657439378588,-0.00013870843104554667,-0.0009579712630098476,-0.011193740740418436,-0.02411961652338505,0,0,True,0.05585444163396688,0.1685216902534444
885.34,12.089997291564941,-0.07182479649782181,-2.9331916437104284,0.0011410215515809759,0.00019886542712940365,-0.007535281223373195,0.0010124448071056644,0.008573762823911367,-0.006842340975999833,-0.006418533138930798,0,0,True,0.018288854284414124,-0.01503032900464841
885.36,12.09009075164795,-0.07185502350330353,-2.9331525205860705,0.0011610553062038481,3.675084667401061e-05,-0.008302651875406223,-0.0007144238908316602,0.004342944381994849,-0.009307738691568375,-0.008351437598466875,0,0,True,-0.03544939931780513,-0.07589907968545939
885.38,12.0902681350708,-0.07170388102531433,-2.933087139961587,0.0011264815121063098,1.565165090670007e-05,-0.00912718483533287,-0.0023070937410802042,-0.0035599354924064257,-0.00625322561711073,0.06041498683393002,0,0,True,-0.022404071330131434,-0.18673475414302468
885.4,12.090475082397461,-0.07155592739582062,-2.933391844725979,0.0011025370101163782,0.0002132849704394241,-0.010674609384800419,-0.003985947885785152,-0.007029897637841077,-0.007005269229412079,0.05926583174616099,0,0,True,-0.017021770126203928,0.007921002016712215
885.42,12.090673446655273,-0.07149308174848557,-2.9334764385498207,0.0012089901131183314,0.00018788324820925612,-0.00932760692978208,-0.0002061144530342725,-0.00636501750751702,-0.00985146775841713,-0.010230780094861985,0,0,True,0.007659488144837174,0.13510822542520945
885.44,12.090860366821289,-0.07136651873588562,-2.933714912397098,0.0011048742861078963,-0.00015765024264198082,-0.009664393485503233,0.0015448492151577458,0.00497662454333215,-0.010343696251511575,-0.010325171127915384,0,0,True,0.03881759790015877,0.16412734595496897
885.46,12.090994834899902,-0.07153356820344925,-2.933596341362189,0.0011010326782138783,-0.00011344895627757652,-0.008514425783745583,0.0021447593820797446,0.00724872254161586,-0.011034097149968149,-0.013638389483094216,0,0,True,0.014108770550297337,0.18701200364522627
885.48,12.091257095336914,-0.07151728868484497,-2.932993714762512,0.0012017844996416685,0.00025405154986013706,-0.007569201552786129,0.0019464631508759882,0.006100290038563157,-0.00977652706205845,-0.006158691421151162,0,0,True,0.03647036344769298,-0.046327985844039944
885.5,12.091375350952148,-0.07152030616998672,-2.932896540746491,0.001416591696494539,0.00023427442880412188,-0.008198905285757715,0.0007565852110957271,0.008595942784108735,-0.010862819552421571,-0.009146642610430718,0,0,True,0.013350394847819082,-0.07353579452046438
885.52,12.091485023498535,-0.0713934600353241,-2.9332268891940134,0.0009821502352597487,0.00015632480989030792,-0.006746764409690449,0.0003043850971411145,0.0012703856758123251,-0.006488511636853218,-0.005168073475360871,0,0,True,0.0026629839874522747,0.03524621469926384
885.54,12.091649055480957,-0.07145688682794571,-2.9329086659394608,0.0010547386976819423,0.00013678741096010045,-0.007446394195921028,0.000512305730441247,0.001365858979984059,-0.006887279264628888,-0.0060652816668152814,0,0,True,0.018330401881976436,-0.10012057621582887
885.56,12.091790199279785,-0.07142946124076843,-2.932892083908447,0.0012101492384552037,9.807929483450129e-05,-0.0073561628337901405,0.0026070017444835645,0.0089199872145017,-0.006641524098813535,-0.005646274350583554,0,0,True,0.0010537892068752039,-0.003054925783055341
885.58,12.09196662902832,-0.07143698632717133,-2.9327872720280923,0.0012287284518023934,0.00020986826637383512,-0.0067324731351988505,0.00014412959400475858,0.0005862966868383278,-0.007016525380313397,-0.00578924585133791,0,0,True,0.01205063839059941,0.007249852905746257
885.6,12.092103958129883,-0.0714755654335022,-2.932513290216853,0.0015375546781366332,0.0001670685303813757,-0.006662461273140389,0.0003034496132006501,0.0010259916131677728,-0.0059590709581971175,-0.004868751652538777,0,0,True,-0.0008178484121546351,-0.14881090708786027
885.62,12.092178344726562,-0.07135652005672455,-2.9328617622045137,0.0010139147273424294,0.00010258231744161793,-0.006482343124672582,-0.0010916267987264008,0.0019458472124440562,-0.0059590709581971175,-0.004868751652538777,0,0,True,0.003578670022184895,0.02012065912029261
885.64,12.092316627502441,-0.0713425800204277,-2.9328100045793937,0.001090090521822668,5.928077557116157e-05,-0.007421590706762545,-0.0006929567619927473,-0.0029848853525332127,-0.005015560127794743,-0.000844593606889248,0,0,True,-0.0030355984291797907,0.007507982697430239
885.66,12.092455863952637,-0.07124409079551697,-2.932631604251097,0.0011248351575006976,-7.756398256746518e-05,-0.006446179533424319,0.0006906308450857153,0.0021959494164602725,-0.0068135464563965804,-0.0060287070646882065,0,0,True,-0.00622862051696179,-0.01801169487712865
885.68,12.092673301696777,-0.0712982714176178,-2.9327520810450554,0.000995342618753629,0.00025750488183447554,-0.006905309147474552,0.0004212836200310928,0.0016266302289616457,-0.007482190765440465,-0.008085417188704015,0,0,True,-0.004816167470248462,0.09343039423809113
885.7,12.092694282531738,-0.071303591132164,-2.9326860862511968,0.0009251918540993361,-4.236664379298176e-05,-0.00698063276602978,0.0017907262874105284,0.000504911622273027,-0.0076846577972173695,-0.0035968425869941714,0,0,True,-0.02175641248309702,0.02099804254110955
885.72,12.092864036560059,-0.07126101851463318,-2.9326798741610767,0.0009756562263766415,-9.691515202640883e-05,-0.007806884104382619,0.0012846750868259274,0.004489546186517902,-0.0020229054242372514,0.05465859673917294,0,0,True,0.021631866563479846,0.04629330838603354
885.74,12.093031883239746,-0.07126841694116592,-2.932591211321315,0.0008896849743991121,7.209834077885068e-05,-0.008186692532072971,0.001160307609395482,0.003875792819749896,-0.008695865906775,-0.006795066446065904,0,0,True,0.03259029497023882,0.03180186065836078
885.76,12.093305587768555,-0.07126928120851517,-2.9323929173501337,0.0009498746976916875,0.00016070026549010573,-0.005174759822395279,0.0019157077713218011,0.005330094899846223,-0.00739839144051075,-0.0032040520757436754,0,0,True,0.0503868688643282,-0.07295118949170304
885.78,12.093354225158691,-0.07125850766897202,-2.932376022825617,0.0010224763196133543,0.0002246856195589043,-0.004373409168413046,0.0009259122469160388,0.003049060474939575,-0.008626987598836422,-0.00847279254347086,0,0,True,0.061470137899733504,-0.04062661445650103
885.8,12.093300819396973,-0.07132495939731598,-2.9322534665690894,0.0009255835857554384,-0.00018089093981080645,-0.0037759345952400286,-0.00044934296971860786,-0.0013465489728130327,-0.002567197494208813,-0.0009646063670516015,0,0,True,0.0034480226684073384,-0.05626795482164651
885.82,12.093389511108398,-0.07126820832490921,-2.9323472864833198,0.0007621354083936119,-2.125110820575081e-05,-0.003269081500091776,0.00038743813628248284,0.0006256636632281506,0.0011492474004626276,0.006277612857520581,0,0,True,-0.003578718659582519,0.05032058850073166
885.84,12.09359359741211,-0.0711713433265686,-2.932500641267959,0.000718793040579632,4.961489387669173e-05,-0.004898918008922551,0.00022969696798102253,0.0008286585141121996,-0.004137087892740966,0.00015762522816658022,0,0,True,0.027611090970016752,0.15556941074624708
885.86,12.093616485595703,-0.07123450189828873,-2.9323259697325588,0.0008102762651481549,-0.00028978884536779435,-0.004659706661179794,0.0021027025467800064,0.007074707555000167,-0.007485484033823014,-0.007376560531556607,0,0,True,0.017101057197336702,0.1013878239933667
885.88,12.093688011169434,-0.07126158475875854,-2.9321871738879604,0.0008803352063817366,-0.0001435527946026806,-0.0015670473176375584,0.0035220678413594277,0.011099003886893102,-0.010004837214946747,0.0076642196625471126,0,0,True,0.04624828292019838,0.06987417630127672
885.9,12.093789100646973,-0.07135531306266785,-2.9317813098789203,0.0010503301890628929,-5.595176635942287e-06,-0.0019009969243060838,0.002634584790996713,0.008736689582690109,-0.001658536270260811,0.0030643460713326936,0,0,True,0.03732225090946129,-0.08351960510144389
885.92,12.093774795532227,-0.07142089307308197,-2.931612720957008,0.0009427455193404689,6.093898160128673e-05,-0.0011990553753100453,0.0018658747934759967,0.006418592618209254,-0.001502668894827366,-0.001045626662671566,0,0,True,-0.026990463673411562,-0.16652892696175547
885.94,12.093809127807617,-0.07140897214412689,-2.931627034565943,0.0008067944054130685,0.00021825654303077674,-0.001673926588421363,0.00020960425575028923,0.00039313914688123713,-0.001865405202843249,0.0003067641751840711,0,0,True,-0.03608109721926283,-0.12971012868224407
885.96,12.093812942504883,-0.07138758152723312,-2.9316736864785033,0.0009923950611038792,-1.2597416880690724e-05,-0.003726284411511588,-0.0007849722717486421,-0.002223310270054152,-0.0023777121305465702,-0.0003618612606078387,0,0,True,-0.03627774945094529,-0.08935518115676036
885.98,12.093923568725586,-0.0713438019156456,-2.9317498587471698,0.0009079739775941212,0.00017771609887501328,-0.004787484701848587,-0.000617696676804642,-0.0016401207118947254,-0.0016907408181577922,-0.0017512483336031438,0,0,True,-0.02008521722076178,0.05463760024918919
886.0,12.094053268432617,-0.07129735499620438,-2.9317905857786126,0.0008809925829552602,0.00026267061811933193,-0.0041012753313871535,-0.00025733780050007644,-0.0007298218743352323,-0.005871561393141747,-0.004914318136870862,0,0,True,0.03082547533071183,0.11954417627244623
886.02,12.094173431396484,-0.07128085941076279,-2.9317582442228947,0.0009222892370929154,0.00046301731351693483,-0.003280743966080844,0.0002762980103032527,0.004764147166812397,-0.004817726463079453,-0.004733232446014882,0,0,True,0.04990016711502547,0.12553928067379344
886.04,12.09412956237793,-0.07129911333322525,-2.93173207222845,0.0010519380967748048,3.370640929067631e-07,-0.0012602463850568844,0.002208945601916102,0.007340223831732848,-0.003254534471780062,-0.003152691796422005,0,0,True,0.026809204438663525,0.11074804050038535
886.06,12.094184875488281,-0.07131075114011765,-2.931368726973825,0.0008968322946483445,0.0001172970657977531,-0.0007954713326501799,0.0026700621625628824,0.008403021741999615,0.0019743016175925734,0.0027547251246869565,0,0,True,0.019746513899280192,-0.04842556554005739
886.08,12.094188690185547,-0.07144919037818909,-2.9312033678720737,0.0009366701754106137,1.741289079566822e-05,-0.0019565389762929743,0.002653868843462887,0.008130021365700128,0.003308900520205498,0.0006202445551753044,0,0,True,-0.017792648317145252,-0.11591407172944947
886.1,12.094280242919922,-0.07147648185491562,-2.9310860024835343,0.0008349611681683103,9.303469588163853e-05,-0.0017010228541376202,0.0015094185066623414,0.0008901019236058239,-0.008452852219343186,0.0023051791265606882,0,0,True,-0.02852104899237102,-0.1600947794919682
886.12,12.094326972961426,-0.07147405296564102,-2.9310816705191938,0.0010062637392601742,-0.00020177759514073603,-0.0026836582504292327,0.0003906799792733293,-0.0019329019066278528,-0.005247878059744835,-0.0030572168715298177,0,0,True,-0.05431208201229334,-0.17422040057758761
886.14,12.094343185424805,-0.07140040397644043,-2.9312975188199366,0.0007579420123784617,-0.000229074481037637,-0.0030771552520410285,-0.0012816849153414445,-0.004404560617364393,-0.0034086544252932074,-0.0009063253737986089,0,0,True,-0.06352271278217769,-0.04707079489950846
886.16,12.094405174255371,-0.07143489271402359,-2.931358000024604,0.0006483768764882158,-0.0002891175801282978,-0.006301505537272489,-0.0015405844045189062,-0.005807610680494206,-0.006005351562052966,-0.0014345610328018667,0,0,True,-0.05577506834775205,-0.010437055590641843
886.18,12.094499588012695,-0.07132481783628464,-2.931438367332923,0.0004966292784974158,-0.00020762245416598824,-0.0067828398767072135,-0.0009410213988700694,-0.0028755616683514285,-0.005420384798198939,-0.003391467640176416,0,0,True,-0.047778848271287706,0.11618855201375833
886.2,12.094794273376465,-0.07124831527471542,-2.9315462793736335,0.00045961365641585125,0.00040757508131998495,-0.0071456637182516795,-0.001843676772894647,-0.0027678663538796273,-0.010500587671995163,-0.010674160309135915,0,0,True,0.02388898347032808,0.12675959213686028
886.22,12.094858169555664,-0.07121358066797256,-2.931527563753405,0.0006493583995507844,0.00013054991844409705,-0.006899463113746,0.0010835650885261494,0.004890523543741028,-0.010379497930407525,-0.010675113424658777,0,0,True,0.01943078243008633,0.1427347438511724
886.24,12.09493350982666,-0.07117144763469696,-2.9315794293329143,0.0006523574003458585,-2.5665762082314774e-05,-0.004390386859645265,0.0009034621491926671,0.004333156690459805,-0.005547013953328133,-0.005854820460081101,0,0,True,0.038644202935956204,0.13961078784525963
886.26,12.095057487487793,-0.07129450142383575,-2.9310471254494237,0.0005517079435357951,2.24385724100649e-06,-0.005228377282299512,0.001317460702201568,0.008543217839748206,-0.00562693040817976,0.00260994166135788,0,0,True,0.042244043893652966,-0.046494303817900165
886.28,12.095152854919434,-0.07124578207731247,-2.931199626838397,0.00028765864177696007,7.232105268445565e-05,-0.004054127483377995,0.002535193577176952,0.008400996673730985,-0.007028996981680394,-0.005980503670871259,0,0,True,0.02195158084270458,-0.0007274330503305826
886.3,12.09528923034668,-0.0712292343378067,-2.9308441063262256,0.00027990603635470496,0.0004777534486074206,-0.0035199396022568366,0.0004136652843519868,0.0011709792383123978,-0.007158992812037469,-0.007181569002568723,0,0,True,0.054304823160675246,-0.12761725931115972
886.32,12.095293045043945,-0.07130205631256104,-2.9309073495990154,0.0005620080983903757,0.0002691179612361378,-0.0026342603922280003,0.0011918370110480677,0.004274962046433329,-0.004215425383299589,-0.005000795312225819,0,0,True,0.03280522875161769,-0.08394059243197823
886.34,12.09533977508545,-0.07126795500516891,-2.9309534471103587,0.0005182952930550354,0.0003418459313440452,-0.0008839914294432697,0.0007688112261977925,-0.0016661629051497953,-0.0011981221474707128,-0.001289811208844185,0,0,True,0.018708553183572976,0.0021100057565276347
886.36,12.095378875732422,-0.07129494845867157,-2.9308576298746822,0.00045828795743710723,0.00040190670000891715,-0.0014297091832472374,0.00049697555447082,0.0016857492791692915,-0.003191990926861763,-0.003185304775834084,0,0,True,-0.0070148847222785814,-0.035923481386688084
886.38,12.09537124633789,-0.07127459347248077,-2.9309773993586377,0.0004902357419318978,8.123490557339012e-05,-0.002023255347570233,0.0005717792638286191,0.001339779698834695,-0.0015928769763559104,-0.0017402023635804656,0,0,True,-0.02970010515912491,0.0852951636713318
886.4,12.095413208007812,-0.07131700962781906,-2.930772489656682,0.0006507040180505335,-2.5827891315982503e-05,-0.0031954511700097764,0.0005059165544989885,0.0014010835355008958,-0.0026937173865735535,-0.0018644951470196249,0,0,True,-0.03001439268899491,0.011515751691629123
886.42,12.095507621765137,-0.07127884775400162,-2.930846264734452,0.000580866304024918,3.886904428698067e-05,-0.0032599998421711015,0.0014008269013806422,0.005157450188550543,-0.004633844792842866,-0.005717233605682851,0,0,True,-0.005641427351261756,0.06528411037332692
886.44,12.095637321472168,-0.07128103077411652,-2.930745543191842,0.000572871144597763,0.0001469572473434699,-0.003830860598368059,0.0008407700776670985,0.0026070094145000926,-0.007796424478292466,-0.00844428513199091,0,0,True,0.015476513029230796,0.04401745909755972
886.46,12.095649719238281,-0.07132962346076965,-2.9305648033435534,0.0006297370362959761,2.3007621273856605e-05,-0.002474569535671404,0.0019362950145359154,0.006562508528703521,-0.006364528387784958,-0.0024882065132260326,0,0,True,0.009048201812909823,-0.010048670260244355
886.48,12.09572696685791,-0.07131864130496979,-2.930563928903522,0.0005657373841197474,0.00010398752796577327,-0.0019573301276706793,0.0015052811773949354,0.004922480263307475,-0.002669827956706286,-0.002562884744256735,0,0,True,0.031801471310552644,0.06241105262978105
886.5,12.095733642578125,-0.0713888481259346,-2.9303212640521554,0.0006275941274287642,-3.2684656819712904e-05,-0.0025361436971379453,0.0013633686102916052,0.004353556567730584,-0.0045681409724056725,-0.0017299544811248781,0,0,True,0.0028947527667097044,-0.021114291113713612
886.52,12.095815658569336,-0.07136598229408264,-2.930351744770778,0.0005456000439906517,0.00010422396157290216,-0.001286742893526161,0.002016042590154307,0.0075998936248780355,-0.0022135828994214535,-0.002279500095173717,0,0,True,0.003702387333242466,0.057898769203623114
886.54,12.095870971679688,-0.07139372080564499,-2.9302165188181353,0.0005244007608750913,0.00015498720531314267,-0.0022429893143348385,0.0014223012895589469,0.004873365239607968,-0.004546097666025162,-0.0010533866006880999,0,0,True,0.007507921587314651,0.04069381987432159
886.56,12.095861434936523,-0.07145475596189499,-2.929955937413532,0.0006084368020228325,4.8536683954708866e-05,-0.0016611391410115515,0.0027105274989494845,0.009554381799593111,-0.004546097666025162,-0.0010533866006880999,0,0,True,-0.026695066632117587,0.0022999170377916256
886.58,12.095932960510254,-0.07146245241165161,-2.9299313948329866,0.0005461678955257292,0.00010307772093890936,-0.001935509970152466,0.0020575802089206376,0.007609062157677976,-0.0030648042447865014,-0.0007859124941751362,0,0,True,-0.004223839859920487,0.0823015654744463
886.6,12.095991134643555,-0.07155007123947144,-2.92958739422681,0.0006643078327320774,4.996900541981305e-05,-0.0034223482240966605,0.0010956795803281868,0.00778388698790146,-0.00408511258661747,-0.001707031335681677,0,0,True,-0.03138798673440968,0.0249431150553251
886.62,12.096056938171387,-0.07152212411165237,-2.9296077938455207,0.0005433626925192612,0.00012052528637172034,-0.0025808965031286503,0.0005861315495139443,0.01145749047756704,-0.0014288424700498582,-0.00043646804057061677,0,0,True,-0.03398603495841963,0.09172572352032267
886.64,12.096147537231445,-0.0714828372001648,-2.9293332264545,0.0003627259045603659,0.00012705489164944645,-0.00417217807976561,0.0003885740698900297,0.01154983100402014,-0.004727912470698357,-0.002029504608362913,0,0,True,-0.019594684171023693,0.08385898958431509
886.66,12.096144676208496,-0.07146485149860382,-2.929014795594782,0.00026841737240868165,3.108386129434262e-05,-0.004654392766823563,0.0008108057785275875,0.014947120039297115,-0.005544078722596169,-0.0033618783578276638,0,0,True,-0.05138413301843586,0.02189422712140953
886.68,12.09632396697998,-0.07151014357805252,-2.9286634077464893,0.0003171810234162311,0.00028887296240770694,-0.00498992295777713,0.0011207797348951499,0.014492606154640566,-0.0027616583555936814,-0.0017845698259770872,0,0,True,-0.0052807892744621355,-0.052364403089143516
886.7,12.096434593200684,-0.07150696963071823,-2.9284120242423763,0.00023752131796025421,0.00029248299662196957,-0.006691627144605623,0.0011478975983313974,0.013209028647280699,-0.006729206554591656,-0.004446126408874989,0,0,True,0.00621149567325513,-0.18728976383027338
886.72,12.096556663513184,-0.07148611545562744,-2.928173817962128,0.00017656204629682096,0.0003724854662505022,-0.004594641221722797,0.0022129404352158478,0.007360678756886516,-0.00459326084703207,-0.0039083541184663775,0,0,True,0.00878771526818933,-0.11953415270021636
886.74,12.096687316894531,-0.07144134491682053,-2.927958073302999,9.170523608891833e-05,0.000558149400644061,-0.004157473112962899,0.0031585214223676383,-3.606106713241967e-05,-0.004705470837652684,-0.0036818054690957074,0,0,True,0.029227651977126307,-0.17875728263852703
886.76,12.096720695495605,-0.07160530984401703,-2.928074553445938,0.0003540083547084397,0.00020521820727290724,-0.004286905736321624,0.0025627835916257283,0.004929873938618366,-0.0032914835400879388,-0.00405180674046278,0,0,True,-0.030268468558519054,-0.08357642015389127
886.78,12.096813201904297,-0.07168339192867279,-2.928414909127747,0.0004891349899170226,0.0002744918551026696,-0.004353414986437645,0.004624633088214471,-0.0010915539637884576,-0.0029535602778196337,-0.0006246513128280641,0,0,True,-0.035613299299377885,0.06052753474463634
886.8,12.096935272216797,-0.07161381095647812,-2.927779428047039,0.0004085845593413081,0.00020110707393446658,-0.007016118706402119,0.003362284813858682,0.0006745651445812952,-0.005200992207974196,-0.0029654450155794623,0,0,True,-0.030481002280280375,-0.03902552493444723
886.82,12.097105979919434,-0.07172925770282745,-2.928045397620102,0.00048706536337394157,0.0003907845819192252,-0.007006537056914587,0.001946228098050185,0.004806141712440965,-0.004776238556951285,-0.003389310482889414,0,0,True,-0.017669712452722967,0.1330497085462792
886.84,12.097326278686523,-0.07174906879663467,-2.9280205882343715,0.0005162905335596784,0.0005304399332022446,-0.006725385918745302,0.0030737951454406134,0.0018078319438609902,-0.006694787219166757,-0.004414552599191666,0,0,True,0.04207037508928995,0.08766800907463425
886.86,12.097393989562988,-0.07171676307916641,-2.9280304177907515,0.0002857003120205913,0.0004072037658781047,-0.0057669919826562055,0.0008560581076546852,0.009552422719919323,-0.008761051185429096,-0.006019938401877881,0,0,True,0.06096580344265543,0.049736113812307386
886.88,12.097513198852539,-0.07174009084701538,-2.92763480149153,0.00031783288082542187,0.0003519646743846739,-0.003650488699257201,-0.002090940378449314,0.007688005870555623,-0.0050573801249265676,-0.003360724058002234,0,0,True,0.09740597723196111,0.037624287280589294
886.9,12.09757137298584,-0.07169840484857559,-2.9272812038025093,0.0002794568322677415,0.0002968749827293824,-0.0021292727815065884,-0.0018233935030819053,0.008785030817421937,-0.00506648100912571,-0.00376615084707737,0,0,True,0.09950913135218196,-0.09453303922761859
886.92,12.097576141357422,-0.07152359932661057,-2.9274055477647276,-0.00010411894959919213,0.00046289517845706033,0.0010670922598045003,-0.0021610045121280585,0.0048177749263053965,-0.003775163721293211,-0.0028707019425928595,0,0,True,0.08640502451935975,-0.01443094280675595
886.94,12.097529411315918,-0.07153800129890442,-2.9273276153253573,-0.00011322656638838692,0.000653713159014369,0.0021937385255224257,-0.0018604381056468204,0.0019897795817059674,-0.012931524068117144,-0.0018022123724222186,0,0,True,0.053481732092840635,-0.02425704683873334
886.96,12.097393035888672,-0.07158930599689484,-2.9272493794974253,8.251291344516353e-05,0.0004040812465801862,0.0032619132622951144,-0.0009882014317665715,0.006533530446014556,0.004179285615682603,0.0035149816982448104,0,0,True,-0.006701483548877034,0.018743003239336857
886.98,12.097368240356445,-0.07159028947353363,-2.9271220214359728,0.0001247943117039359,0.00044788002123815224,0.002149265785922851,-0.0001029034981473529,0.0068444670703222766,0.003648487757891417,0.006217792928218842,0,0,True,-0.032649791705800776,0.04488168895052421
887.0,12.097304344177246,-0.07150185853242874,-2.926882865329046,-6.848810717531304e-05,0.0004931122105028326,0.0005309735758940634,0.0017634633313150998,0.006317215185453112,0.0012001688685268164,0.0019327107071876529,0,0,True,-0.05295113844393431,-0.07124078039338957
887.02,12.097359657287598,-0.07156655192375183,-2.926780057959732,-3.320938024259837e-05,0.0007645188665938359,-0.00041824481093926085,0.0026128349431509424,0.005580314697744638,0.0006910952809266747,0.0019442074839025737,0,0,True,-0.032753723120979565,-0.09119113965257686
887.04,12.097381591796875,-0.07173619419336319,-2.9267440022825895,0.00041340129098311524,0.0005556104939700886,-0.0009741778132157776,0.0014626591829544264,0.0008342680145485732,0.0014504389464855196,0.0016194138769060375,0,0,True,-0.014826799396947773,-0.09023419064511141
887.06,12.097445487976074,-0.07178737968206406,-2.9266755962601536,0.0006490197047211507,0.0003641248392762651,-0.00047103206375313116,0.000525207214531846,-0.0004508241018772366,-0.00036961507052183154,0.0027481951750814916,0,0,True,0.005088272085237762,-0.09171137555435112
887.08,12.097405433654785,-0.0715995654463768,-2.9268161238878823,0.0002434027169892727,0.000378859650946357,-0.0006551703758623654,-0.0016051022200047284,-0.0009015200661594942,-0.0035711491480469705,-0.002231192458420992,0,0,True,0.01217722266519099,-0.01042835018185183
887.1,12.097405433654785,-0.0715995654463768,-2.9268161238878823,0.0002434027169892727,0.000378859650946357,-1.1183044120031634e-05,-0.0024004470740374836,-0.0017565953466072044,-0.0022217536158859732,-0.0001339241396635771,0,-0.09,True,0.005887900796911127,0.005635301273462574
887.12,12.097405433654785,-0.0715995654463768,-2.9268161238878823,0.0002434027169892727,0.000378859650946357,-0.0,0.0,0.0,-0.0075472667813301095,0.005431948006153107,0,-0.09,True,0.008189629698287015,0.011269000827003927
887.14,12.097405433654785,-0.0715995654463768,-2.9268161238878823,0.0002434027169892727,0.000378859650946357,-0.0,0.0,0.0,-0.0075472667813301095,0.005431948006153107,0,-0.09,True,0.00013978805150052258,0.021957441832610027
887.16,12.097405433654785,-0.0715995654463768,-2.9268161238878823,0.0002434027169892727,0.000378859650946357,-0.0,0.0,0.0,-0.0075472667813301095,0.005431948006153107,0,-0.09,True,0.0,0.0
887.18,12.097405433654785,-0.0715995654463768,-2.9268161238878823,0.0002434027169892727,0.000378859650946357,-0.0,0.0,0.0,-0.0075472667813301095,0.005431948006153107,0,-0.09,True,0.0,0.0
887.2,12.097405433654785,-0.0715995654463768,-2.9268161238878823,0.0002434027169892727,0.000378859650946357,-0.0,0.0,0.0,-0.0075472667813301095,0.005431948006153107,0,-0.09,True,0.0,0.0
887.22,12.097405433654785,-0.0715995654463768,-2.9268161238878823,0.0002434027169892727,0.000378859650946357,-0.0,0.0,0.0,-0.0075472667813301095,0.005431948006153107,0,-0.09,True,-1.721672965217263e-05,0.010008160851661218
887.24,12.097405433654785,-0.0715995654463768,-2.9268161238878823,0.0002434027169892727,0.000378859650946357,-0.0,0.0,0.0,-0.0075472667813301095,0.005431948006153107,0,-0.09,True,-0.008805011263049901,0.00842671146146836
887.26,12.097405433654785,-0.0715995654463768,-2.9268161238878823,0.0002434027169892727,0.000378859650946357,-1.3773383721745153e-06,0.001895404691292696,0.000800652868133307,-0.0075472667813301095,0.005431948006153107,0,-0.09,True,-0.01956507012843637,0.0019379870717935951
887.28,12.097405433654785,-0.0715995654463768,-2.9268161238878823,0.0002434027169892727,0.000378859650946357,-0.0007044009010433515,0.001860787289386563,0.0006741369169168557,-0.0075472667813301095,0.005431948006153107,0,-0.09,True,-0.02973702792186919,-0.0036531813005187632
887.3,12.097437858581543,-0.07174769043922424,-2.9267520716584317,0.00020705434774138723,0.0003119093639722472,-0.0015652056102734861,0.001717729128491465,0.0001550389657433466,-0.0075472667813301095,0.005431948006153107,0,-0.09,True,-0.028433324677129744,-0.050171646491200074
887.32,12.097492218017578,-0.07173299789428711,-2.926762192934529,0.0001356619784231878,0.000355391166180324,-0.0023789622337507524,0.0015671657390323294,-0.0002922545040416506,-0.0018264954350888732,-0.0013778251037001611,0,-0.09,True,0.009541115356891025,-0.13022335519797912
887.34,12.097557067871094,-0.07170712947845459,-2.926803720770623,0.000122755780213414,0.0003842938902721819,-0.0022760433125437176,-0.000981068051134636,-0.003213078851164752,-0.0030232197232544426,-0.0029039913602173333,0,-0.09,True,0.022375234382957326,-0.19942187576221126
887.36,12.097618103027344,-0.07168148458003998,-2.9268395042482056,1.7839376633630116e-05,0.0004977082252937524,5.888832750832102e-05,-0.0004012812396278944,-0.009743731498926803,-0.0025706412270665173,-0.0049888681992888454,0,-0.09,True,0.036553403155542986,-0.2934700288978245
887.38,12.097599029541016,-0.07163219898939133,-2.927009117966525,-6.111683609147045e-05,0.0006833680656221352,0.0002248131403640158,-0.004398753981142526,-0.015798711095241717,0.006551680117845536,-0.008383135925978422,0,-0.09,True,0.060067196298890325,-0.4348647048306102
887.4,12.097480773925781,-0.07170263677835464,-2.9275416914544423,0.0002682248292099811,0.00040722241676223345,0.0005453100186900274,-0.007144023908513014,-0.023769856815846254,0.0126988173276186,-0.05013593710958958,0,-0.09,True,0.008260683811123144,-0.43132128241024253
887.42,12.097464561462402,-0.07136712968349457,-2.928067617658241,7.960866472739341e-05,0.0006487203160204112,0.0025293323913631377,-0.009374601716383728,-0.038002255237581925,0.014986156895756723,0.0004673439636826516,0,-0.09,True,0.00889134593004128,-0.47020359347983864
887.44,12.097454071044922,-0.07113227248191833,-2.9287410927934743,0.00017807833783173874,0.0007251810640125667,0.0007197430323985106,-0.010608240594626667,-0.04424943409176386,0.045862018465995795,-0.013677362129092218,0,-0.09,True,0.012547008175938672,-0.4026736313632589
887.46,12.09724235534668,-0.07094214111566544,-2.930049298385533,-0.00012659377059205069,0.0004654007350439721,0.0009361208147676821,-0.00847209000118675,-0.05341499857364805,0.009580509662628175,-0.009110550433397294,0,-0.09,True,-0.050722106708817924,-0.20705583160161273
887.48,12.097245216369629,-0.07088529318571091,-2.9310816461817852,-3.250419083971983e-05,0.00048637319067074803,0.0015490706727656347,-0.009009351442377914,-0.05598374732492345,0.011533678844571115,-0.007442043088376523,0,-0.09,True,-0.0001960547327920246,-0.15331565740838904
887.5,12.097249031066895,-0.07072019577026367,-2.932340817544135,-0.00017540424700545566,0.00040917372402687056,-0.0015284361453443724,-0.007771240102739527,-0.05456672176571942,0.014983521029353143,-0.01503951206803322,0,-0.09,True,0.011547311515521467,-0.02081616628992749
887.52,12.097182273864746,-0.07045333087444305,-2.933219792579464,-0.0003737040535791671,0.0003910986976081512,0.0007040586537751629,-0.007330960437810392,-0.056514686684423825,0.04359201177954674,-0.04110898390412331,0,-0.09,True,-0.03980745673763295,-0.08099116749587627
887.54,12.097232818603516,-0.07030860334634781,-2.9344146361267867,-0.00045001563790499755,0.0005765359492973486,0.0018599057360085592,-0.005465932181547312,-0.055080291876840735,0.07240621536970139,-0.03627879053354264,0,-0.09,True,-0.02055950675561756,-0.11755142544078018
887.56,12.097068786621094,-0.0703231543302536,-2.935602821116535,-0.00029962366246405686,-0.00014999019083277766,-0.001635525866242105,-0.002640054122445205,-0.06246304072458766,0.06406338006258011,-0.044334353953599935,0,-0.09,True,-0.06173456906178621,-0.09253909670819745
887.58,12.097013473510742,-0.07032287865877151,-2.9367472408942845,-0.0002733048540187251,-0.00033062283332687043,-0.0031731966857946187,-0.001970358273104539,-0.06397083580098664,0.012846110314130785,-0.027299216687679293,0,-0.09,True,-0.1260727980973377,-0.15771710822731808
887.6,12.097267150878906,-0.07021982967853546,-2.9382168358374336,-0.0002054794416317727,0.00024418552053985255,-0.0042347068711702605,-0.004185302228309486,-0.06391781442108341,0.0011945194751024246,-0.002993775233626366,0,-0.09,True,-0.05388989384950495,-0.05593293050188626
887.62,12.09744930267334,-0.07010263204574585,-2.939532302990868,-0.00014550622752980766,0.00037738645746089247,-0.008225918111783616,-0.004039293010755012,-0.06769766053503264,0.0010131002590060235,-0.08073011040687562,0,-0.09,True,-0.007060202657717567,-0.01764248251719799
887.64,12.097332954406738,-0.06992680579423904,-2.9407162462702243,-0.0003781127025260953,-0.00018566816343847496,-0.005946717374204706,-0.003812726817029247,-0.06693767516474085,0.061574254333972935,-0.05978303916752339,0,-0.09,True,-0.04676797080710361,-0.010020222067714824
887.66,12.097593307495117,-0.06987424194812775,-2.942163053737082,-0.0001579400307284749,0.00014797496060253742,-0.0037380128984115103,-0.003330722922107038,-0.0653822344023612,0.061574254333972935,-0.05978303916752339,0,-0.09,True,0.019697837622797972,0.04638796448787674
887.68,12.097672462463379,-0.06982602179050446,-2.943571849850608,-7.180877265555245e-05,0.00017557373511716706,-0.007976144535735146,-0.0034546838563286773,-0.06471943218649986,0.038295114636421206,-0.015206347182393075,0,-0.09,True,-0.03253235507521226,0.02678269432778869
887.7,12.097689628601074,-0.06978221237659454,-2.94476288174306,-0.00017345621657048252,-0.00035788702985580867,-0.006650091101958972,-0.005247149684211597,-0.0639866233760006,0.07272129893302919,-0.03921555511653424,0,-0.09,True,-0.09963951351522136,-0.03652984004842348
887.72,12.097904205322266,-0.06953030079603195,-2.945893800845147,-0.0003276051533292807,-6.001701443571162e-05,-0.008549305780223018,-0.0018684888854383212,-0.06479505961851666,0.012858544364571572,-0.019797774553298952,0,-0.09,True,-0.03759496535772121,-0.10222430155173687
887.74,12.09803295135498,-0.06935853511095047,-2.947281983607165,-0.00045699338082154817,-0.0001748373403496663,-0.011709173979633298,-0.0035654703489285703,-0.06830462160623657,0.0424084060639143,-0.044506058692932136,0,-0.09,True,-0.07796315054590335,-0.15334100953278418
887.76,12.09831428527832,-0.0695464015007019,-2.948755454620092,0.00019855893873636953,-0.00011315907536892179,-0.010983741764354382,-0.0033779381144997955,-0.072897376310643,0.008100049793720246,-0.0646133926510811,0,-0.09,True,-0.0235063342567189,-0.17411741663073146
887.78,12.098553657531738,-0.06932146847248077,-2.9502272514715537,0.00011076098904202213,-9.266627876128399e-05,-0.012887143145625567,-0.0005840019362861109,-0.07625390413861217,0.10206849932670595,-0.08338151454925538,0,-0.09,True,0.044177024379511314,-0.18191626026993712
887.8,12.098714828491211,-0.06909667700529099,-2.951725590949993,0.00022029877474144335,-0.00013175880613244072,-0.01042981252075882,-0.0031072670494108855,-0.0787244529489625,0.006724069118499756,-0.01275765597820282,0,-0.09,True,0.024965042569884178,-0.18842789309945768
887.82,12.09903621673584,-0.06911657750606537,-2.953382295938257,0.0004636262649363405,0.00017731230152013612,-0.008175012029270585,0.0009774039033833223,-0.08285792242783899,0.05832757309079171,-0.07065263092517854,0,-0.09,True,0.07908609289804132,-0.13629502260701523
887.84,12.09908676147461,-0.06914481520652771,-2.9550534108560123,0.0004340266690225912,-0.0001389789890045631,-0.008986538358762626,0.005607105134148107,-0.08797160775860732,0.05832757309079171,-0.07065263092517854,0,-0.09,True,0.01613627788557794,-0.17081780014604547
887.86,12.099210739135742,-0.06927591562271118,-2.9568558852657842,0.0007273633758847778,-0.00031209884763740197,-0.006560255713779025,0.005844022646952326,-0.08715750594717897,0.10294947326183321,-0.03604604572057724,0,-0.09,True,-0.030480026407165118,-0.12457402650612687
887.88,12.099504470825195,-0.06940413266420364,-2.9587633195706853,0.0010039530946335368,-3.0526137963265853e-06,-0.009138910289911924,0.008926959892167654,-0.09238987696065314,0.11560796976089478,-0.08614376902580262,0,-0.09,True,0.015762986759378574,-0.06655023684134924
887.9,12.099637985229492,-0.06947974115610123,-2.960354896414025,0.0009835576766298098,-0.0003213120050802231,-0.010613414141841577,0.0046470520975706074,-0.09282384454832007,0.1271783572435379,-0.0045415863394737245,0,-0.09,True,0.031048681064097545,-0.0937222598242295
887.92,12.099935531616211,-0.06971414387226105,-2.962444601012858,0.0013686022801913352,-0.00023022355751334668,-0.007725499418013487,0.0006897222555768843,-0.09329562670591042,0.08993208587169647,-0.09487630367279054,0,-0.09,True,0.13265676652104377,0.04717907931668355
887.94,12.100112915039062,-0.06948854774236679,-2.9642817928296537,0.0006321200107412588,-0.0002576863235044275,-0.00407636122864995,-0.005243863897025864,-0.09465528673312117,0.04908928692340851,-0.013946564197540284,0,-0.09,True,0.2153536839531348,0.13170561589080584
887.96,12.100122451782227,-0.0693482980132103,-2.966226969707162,0.00036072152976851865,-0.00020175822176371133,0.001473631031777006,-0.0143677667076638,-0.08861555061531652,0.06015656605362893,-0.07903460472822191,0,-0.09,True,0.23777972914210593,0.4062825990673901
887.98,12.099884986877441,-0.06900928914546967,-2.9679273193526785,-0.00012693129142212525,-0.0005260107719729702,0.00661488057441802,-0.013208037961571807,-0.08228739527705022,0.10752812027931215,-0.05214833557605744,0,-0.09,True,0.18471299725794968,0.5870935954370547
888.0,12.099618911743164,-0.06860291957855225,-2.9695338450620867,-0.0004998624438433158,-0.00036655664672068924,0.011296878913364719,-0.013809957382902888,-0.06079301878050258,0.0738841238617897,-0.06472841322422028,0,-0.09,True,0.10258161097464301,0.6211150702744834
888.02,12.099409103393555,-0.06853923946619034,-2.9708647844518117,-0.00016533210898717223,-0.00017321727787013275,0.010700678551972584,-0.010062465586856788,-0.0476877990981995,0.07857860609889031,-0.03541517764329911,0,-0.09,True,0.03654327066900215,0.5970331415833592
888.04,12.099042892456055,-0.06841454654932022,-2.9710904112095977,-0.0002452371691065847,-1.8697061538368447e-06,0.009680159909740983,-0.00475945676269473,-0.038926344993403035,0.008606396913528443,-0.0039475103467702865,0,-0.09,True,-0.06784751837688477,0.21261619084829622
888.06,12.098904609680176,-0.06836143881082535,-2.971742343280531,-0.00019225455240864267,0.00024483466720396664,0.009538342227935533,-0.004469760949489552,-0.03452474395042492,0.01666626825928688,-0.0010370319336652756,0,-0.09,True,-0.06778854131116026,0.023215481325241257
888.08,12.098791122436523,-0.06835908442735672,-2.9726479526615606,1.2912008101948587e-05,0.0005970190797551209,0.00586907744321116,-0.00493985311504342,-0.043783723512630185,0.010979840755462647,-0.002247213339433074,0,-0.09,True,-0.04895492872071159,-0.058597807509074215
888.1,12.098596572875977,-0.068315789103508,-2.973626763967847,0.0002564180698741733,0.0005261491347689648,0.005277595247076989,-0.007238647146155819,-0.04583056059217925,0.014401560947299006,0.001205863505601883,0,-0.09,True,-0.06879888130598781,-0.09689340394257404
888.12,12.09851360321045,-0.06810393184423447,-2.97459310909061,2.139859781994554e-05,0.000559981735315791,0.005763765612082052,-0.006112112922159335,-0.04361416959413137,0.04543323799967766,-0.008872411455959083,0,-0.09,True,-0.021947313616638087,-0.0060513063540625295
888.14,12.09839153289795,-0.06786108016967773,-2.975408788127907,-0.00031524273877293603,0.0004403194506047202,0.004034431723453693,-0.006502379709929756,-0.04227621626583481,0.010173448696732522,-0.007487086988985539,0,-0.09,True,-0.010310776589465874,-0.042683606211266524
888.16,12.098255157470703,-0.06795356422662735,-2.976137086229088,0.0001082334435171172,5.610645959332883e-05,0.00411329235388171,-0.005331734593067999,-0.04426782802095475,0.06817943096160889,-0.011911818757653238,0,-0.09,True,-0.01966195048705578,-0.1003864323166177
888.18,12.09819221496582,-0.06785615533590317,-2.977008861269111,7.739438837562654e-05,-1.442129219853824e-05,0.004452733119920469,-0.0026575307707942595,-0.049245249089077466,0.015655419230461123,-0.07813183326274158,0,-0.09,True,0.01214850919856959,-0.18843703352057461
888.2,12.098118782043457,-0.06773741543292999,-2.978134535332288,2.139249644294164e-05,7.871711503367396e-05,0.004190809573116785,-0.0054308158816925725,-0.051645084179464895,0.018116861581802368,-0.1262015700340271,0,-0.09,True,0.006368960463213902,-0.17745074852279152
888.22,12.098005294799805,-0.06770971417427063,-2.9793484080550354,0.00017122656102583922,0.00018078552014750475,0.005006312459339757,-0.004837886003092157,-0.05735117894748849,0.06331698864698411,-0.044329932332038885,0,-0.09,True,0.010121778658039886,-0.11569999688656121
888.24,12.097853660583496,-0.06757944822311401,-2.980268692963447,-0.00010884239857027184,4.329912533815516e-06,0.0046228091909390825,-0.0057328708789307434,-0.05846388790278533,0.010493124425411225,-0.04478227078914643,0,-0.09,True,0.025460652384331213,-0.11304542854332142
888.26,12.097734451293945,-0.06753890216350555,-2.9815969555849122,1.869110898434655e-05,1.1150224582614336e-05,0.005262475412564074,-0.0063744638336320205,-0.0585012488400071,0.06086311906576157,-0.05114734470844269,0,-0.09,True,-0.01103715835865163,-0.0017452380236129567
888.28,12.09768009185791,-0.06734414398670197,-2.9828116463645067,-0.0001586420209803462,3.0320758971606914e-05,0.00622766176386143,-0.004912493240172228,-0.060688718462922384,0.01171168275177479,-0.03837866961956025,0,-0.09,True,-0.01456243036783848,-0.06222977933339427
888.3,12.097508430480957,-0.0672733411192894,-2.9840285079622317,-4.31148366986883e-05,4.088325682356915e-05,0.00412333979064843,-0.008158887505598521,-0.0574907979893774,0.005356026291847229,-0.04911509275436402,0,-0.09,True,-0.03842244419453495,-0.09714468460941755
888.32,12.097299575805664,-0.06727016717195511,-2.9851237904404835,1.5686708940919023e-05,-7.199104553741367e-05,0.003457814761511408,-0.004091239989294056,-0.06344227024945942,0.06719062119722367,-0.044620851874351504,0,-0.09,True,-0.08634295570946178,-0.04381494571505034
888.34,12.097306251525879,-0.06694603711366653,-2.9861962194240648,-0.0005876635492117636,-0.00014249243674056822,0.0021886798769997053,-0.0049766290997217705,-0.06627282360876448,0.0070544776320457464,-0.011102627068758012,0,-0.09,True,-0.10545125502571914,-0.1327416184334823
888.36,12.097355842590332,-0.06706395000219345,-2.987887027984466,-0.00011825317633824275,-7.053093766114784e-05,-0.0006797746928990467,-0.005789227848315679,-0.0641939141201282,0.0042474460229277615,-0.04885139293968678,0,-0.09,True,-0.065550558140719,-0.024583773160165454
888.38,12.097273826599121,-0.06690710783004761,-2.9893303338509356,-0.00016105048119981083,-9.711764210486328e-05,-0.004312760611413418,-0.004290911284729979,-0.06811012746406142,0.002557736486196518,-0.08262702882289888,0,-0.09,True,-0.06264538881599324,-0.0063492334822387395
888.4,12.097282409667969,-0.06680416315793991,-2.990259303570089,-0.0002513272377618932,-0.00029984720700519527,-0.001786229889741343,-0.007443033779339981,-0.06540897210227087,0.0036152727901935583,-0.016119283735752107,0,-0.09,True,-0.03532850194886129,-0.13869123226938895
888.42,12.09759521484375,-0.06655440479516983,-2.9916450296211847,-0.00021040854740775704,0.0004813326128979845,-0.0028229512282751962,-0.007353434568237449,-0.06678076228734312,0.038089742623269564,-0.04130633905529976,0,-0.09,True,0.04181152794138936,-0.10066028249031674
888.44,12.097407341003418,-0.06645376980304718,-2.9931197457526504,-0.00020355087688120498,-0.00021975084693826773,-0.003506054848809396,-0.007081370754257912,-0.075289212701685,0.04527702810242772,-0.04078873187303544,0,-0.09,True,-0.030596669547336905,-0.17939534064854815
888.46,12.09740924835205,-0.0662916973233223,-2.994672794833926,-0.0002516511312064805,-0.000394016275955679,-0.0009678383761005574,-0.005237153249698382,-0.07616295006329088,0.059387426599860196,-0.04830792307853699,0,-0.09,True,-0.03358794362484267,-0.21592463055132124
888.48,12.0974760055542,-0.06620239466428757,-2.996282440586227,-0.00022337780907399752,-0.00018552695565682468,-0.0042339634535295476,-0.004645515863256544,-0.07976059935416206,0.055886670053005225,-0.032495346963405614,0,-0.09,True,-0.01913625574126337,-0.16465658181874426
888.5,12.097610473632812,-0.06612861156463623,-2.997738065626251,3.795001176691515e-05,7.578619588571003e-05,-0.0055099867182639845,-0.005275057966027506,-0.08405473273145765,0.08722472041845322,-0.01604160025715828,0,-0.09,True,-0.06643363840302999,-0.24281153153091153
888.52,12.097688674926758,-0.06603699922561646,-2.9995005937009775,0.00013473406451842745,0.00014624167505170507,-0.005036955308109073,-0.0046527411592431804,-0.08846173924717256,0.03841410100460053,-0.06182037979364396,0,-0.09,True,-0.01820107693475075,-0.22778076602682829
888.54,12.097784996032715,-0.06581085920333862,-3.0013971734524363,-0.00011263880003187168,0.00015434335155852617,-0.006282529448338123,-0.00502015333009141,-0.09558787258574614,0.011670014262199402,-0.06027906656265259,0,-0.09,True,-0.027191238842248333,-0.1859454072385649
888.56,12.097822189331055,-0.06577686220407486,-3.0033593797259943,0.0002806609760455905,0.00017040242358760358,-0.005690049608308283,-0.005948880729980837,-0.09798306063629175,0.08765379399061204,-0.06523798555135728,0,-0.09,True,-0.02436600554489233,-0.1016361382753002
888.58,12.098052024841309,-0.06566070765256882,-3.0053850954331147,0.0007273338326834785,0.000616485925162421,-0.007685285825644964,-0.008315389510757118,-0.09893036531055045,0.0538730537891388,-0.05915524974465371,0,-0.09,True,0.027733854392123926,0.120065278443064
888.6,12.098073959350586,-0.06550290435552597,-3.007339238551885,0.0006301842645163584,0.0005002178267884106,-0.006986235751701457,-0.006748584264126856,-0.09659263030920073,0.0538730537891388,-0.05915524974465371,0,-0.09,True,0.013682840239182007,0.09146044404109992
888.62,12.09830379486084,-0.0650683045387268,-3.0093116026772844,-1.4215911547379425e-05,0.0008896181279132157,-0.004063821096967074,-0.007223275547314386,-0.0859826503102961,0.09929705321788788,-0.050298134684562686,0,-0.09,True,0.14932092564178318,0.13717936144129372
888.64,12.09830379486084,-0.06516702473163605,-3.0110867901507343,0.00047787585926171435,0.00023585782499603052,-0.0045954223891731625,-0.00377534324664416,-0.09066622511300002,0.102364621758461,-0.019853718131780627,0,-0.09,True,0.19280087169751042,0.1874466887826692
888.66,12.098298072814941,-0.06504501402378082,-3.012263707457932,0.0003456127234358908,-7.655232279006499e-05,0.0042603882256868255,0.007431831024877514,-0.08795601639525694,0.102364621758461,-0.019853718131780627,0,-0.09,True,0.20504419395998585,-0.02152733081778819
888.68,12.09839916229248,-0.06515560299158096,-3.0145925365609183,0.0003703186209038662,0.0003688179089578656,0.00843783398408535,0.00631687056582492,-0.08159689520660084,0.09542324542999268,-0.0439623598754406,0,-0.09,True,0.2797842686784034,0.1059946472307705
888.7,12.098042488098145,-0.06570184230804443,-3.0163480839889085,0.000853431839678092,-0.00014241917688980515,0.012339714419840189,0.00868629841076055,-0.08770483677572004,0.04964543700218201,-0.04667233590036631,0,-0.09,True,0.16175595333208168,0.06863437669742653
888.72,12.097698211669922,-0.06575380265712738,-3.0176145417672657,0.0003556217092684325,-0.0004461784329082115,0.017787319105110562,0.009606852268692082,-0.08218665333453404,0.026711422652006152,-0.002060918435454369,0,-0.09,True,0.09381970817212532,-0.003733679422434492
888.74,12.097405433654785,-0.06585779041051865,-3.0192800943999933,0.0002560164690177595,-0.0005189270624217949,0.01720086449225998,0.008611175705604952,-0.08246526625946,0.03261588752269745,-0.006669339686632157,0,-0.09,True,0.03156402380979056,0.19175470824751162
888.76,12.097082138061523,-0.06609421968460083,-3.0211674688276844,0.00024396361128702597,-0.0006985195970148978,0.015943410637859215,0.0070199348315529726,-0.08189558956039575,0.07201024189591408,0.004351687654852867,0,-0.09,True,-0.06554155478484085,0.26242004815841447
888.78,12.096760749816895,-0.06655348092317581,-3.0229453052896593,0.00044079602638190943,-0.0004604228635163171,0.014864836324621137,0.005054253573412504,-0.07236446011593306,0.08705245554447175,-0.14950298786163332,0,-0.09,True,-0.1236778815694613,0.4190807921092924
888.8,12.0964994430542,-0.06646455824375153,-3.0241661889320914,-0.0003332885603461786,-0.00023361038171497024,0.012543994722328063,0.004886131614072218,-0.06119304948187997,0.10469826579093934,-0.1388665169477463,0,-0.09,True,-0.1292603884612685,0.39719388636818465
888.82,12.096272468566895,-0.06640005111694336,-3.025069251209271,-0.0005978614603668522,-0.00024437866617990476,0.007306633966698014,-0.0032023779125533837,-0.04893880289069946,0.03024617373943329,-0.005285968780517579,0,-0.09,True,-0.16587243717538283,0.3047205908474919
888.84,12.096131324768066,-0.06659998744726181,-3.0260629127862373,-0.00010802644637610039,-0.00062142089998436,0.005602579560952444,-0.0013603709469324652,-0.05012007865092472,0.016112033277750015,-0.00678664056584239,0,-0.09,True,-0.18486982886399317,0.1575483637878014
888.86,12.096150398254395,-0.06636698544025421,-3.0268604095209173,-0.0004613547881199478,-0.00030732591176683,0.0015950413505837213,-0.001570070608449943,-0.04798681284812124,0.06433108270168306,-0.13662942051887514,0,-0.09,True,-0.15924007845313007,-0.0818650692685822
888.88,12.096041679382324,-0.06640812009572983,-3.0281757952241675,-5.444246753765822e-05,-0.0008376733085475351,-0.0022455915867989557,-0.003493218733291289,-0.04858918037884941,0.05608656823635102,-0.14495426893234253,0,-0.09,True,-0.17587651581149236,0.03665899704964696
888.9,12.096131324768066,-0.06628987938165665,-3.028908196237117,-0.00025092683110019604,-0.0008030255348777772,-0.005432572309540805,-0.00772071860008062,-0.05548800843218008,0.07106368631124498,-0.06923650205135345,0,-0.09,True,-0.12118999195195657,-0.029018076062820624
888.92,12.096278190612793,-0.06630199402570724,-3.0299500472165417,0.000185064689302131,-0.0007002621760056566,-0.008467541703954147,-0.01154385930669161,-0.04718735888695563,0.0025612527132034303,-0.01159251853823662,0,-0.09,True,-0.05827496144515258,-0.06194587431206426
888.94,12.096512794494629,-0.06570437550544739,-3.031299450195494,-0.0003408951742224185,-0.0006454004993198091,-0.008100158005577764,-0.010111406192026173,-0.050308258933148074,0.039593162536621096,-0.012865701988339426,0,-0.09,True,0.012811643386809065,0.0881334908650818
888.96,12.096611976623535,-0.06541489064693451,-3.031950783935126,-0.0004628115612286949,-0.0005306422634117981,-0.0069075885024135475,-0.015249043334312765,-0.05354485032381709,0.04438074290752411,-0.018945466056466104,0,-0.09,True,0.07464398651542145,-0.09919919388934674
888.98,12.096686363220215,-0.06541455537080765,-3.032932856951771,0.00012712907929662978,-0.00047321053820091835,-0.004407640838595556,-0.011273802045754814,-0.04843732916296993,0.007911421321332456,-0.04342759713530541,0,-0.09,True,0.06804003239346541,-0.1293104369858209
889.0,12.096693992614746,-0.06502892822027206,-3.0342336352424493,-0.00032632853814901523,-0.00039064949384356003,-0.0024960227827173762,-0.008252203866232424,-0.05512329439810743,0.014772208929061892,-0.05881063655018807,0,-0.09,True,0.10091812341645418,-0.15793862449222548
889.02,12.096765518188477,-0.06476955115795135,-3.035174436528528,-0.0003863724588084674,-0.00018798480388991745,-0.002656955414105481,-0.010507178480623472,-0.06065309389200434,0.007391891479492188,-0.04230994910001755,0,-0.09,True,0.10248953135320306,-0.26749400706475396
889.04,12.096739768981934,-0.06473711878061295,-3.0363606474869704,2.191491662661064e-05,-0.0002590566882095567,0.0011658613708954429,-0.012568236905840283,-0.06617994028318364,0.015314367148093882,-0.05144506305456162,0,-0.09,True,0.08424323014083267,-0.26876423204126065
889.06,12.096808433532715,-0.06455615907907486,-3.037785104463127,0.0002311469375724785,-1.7992745296843057e-05,0.003791521669653232,-0.011464787541775807,-0.06983684972813078,0.03223620124161244,-0.052820163369178774,0,-0.09,True,0.11121329271750423,-0.2050953262705163
889.08,12.096495628356934,-0.06403882801532745,-3.0395280304651067,-0.00019585312329938693,-0.00011071080405747874,0.004243435628552685,-0.010165889634486986,-0.07662443296141928,0.006930996626615525,-0.010737643018364907,0,-0.09,True,0.02991152027797001,-0.06411310575773417
889.1,12.096368789672852,-0.06388873606920242,-3.0407613845067814,-0.00012816713234051907,7.790785456085243e-05,0.00624010800329941,-0.010682185733401146,-0.07706071999365403,0.021647704243659974,0.008254908248782158,0,-0.09,True,0.01267527941316202,-0.07173731197277548
889.12,12.096319198608398,-0.0639626681804657,-3.042490602123887,0.0004378371275595466,0.00023949866581597995,0.003558782993134268,-0.006136671743202453,-0.071308988743805,0.07430587708950044,-0.0052344676852226265,0,-0.09,True,0.005240961319404531,0.08515560142353167
889.14,12.09622573852539,-0.06375617533922195,-3.0439499620626225,0.0002038538517482157,0.0003951838352668196,0.0048055440227067125,-0.004500191595015385,-0.07557583468595576,0.0625066114962101,-0.04501545786857605,0,-0.09,True,-0.012678568614628842,0.1292671209763939
889.16,12.096163749694824,-0.06357847154140472,-3.045232749564606,0.0001858466741427141,0.0007493564084945817,0.004662712534104666,-0.005907481755097538,-0.06981198484754295,0.12064792156219484,-0.033534915149211884,0,-0.09,True,0.02507018931142203,-0.01064661749959523
889.18,12.095951080322266,-0.06356791406869888,-3.0468074512816523,0.0003005227462220135,0.0002443856704712085,0.005225822514130025,-0.005742852008589797,-0.06671935031555193,0.023933366537094117,-0.04368740260601044,0,-0.09,True,0.011709519263108183,0.0028448504396168615
889.2,12.095902442932129,-0.0635281503200531,-3.0480755609116934,0.000468648774603022,0.00037217769450889143,0.0055643981380490565,-0.001565618954713019,-0.07216071814377305,0.052132708132267,-0.01452882990241051,0,-0.09,True,0.039985518778680375,-0.1454864172213483
889.22,12.095766067504883,-0.06333837658166885,-3.0492875100878694,-1.7289883233771104e-05,-4.411495459328694e-05,0.005742305563755846,-0.006253278632266033,-0.0753482466507863,0.03192046105861664,-0.07017969109117986,0,-0.09,True,0.03551503768487957,-0.29052224026679035
889.24,12.095708847045898,-0.06349533796310425,-3.0510056070161107,0.000533668902416889,0.00046911204082016646,0.007861554036400733,-0.010045198488669778,-0.08145089822525677,0.059483591914176945,-0.0014680988341569902,0,-0.09,True,0.0541124595055118,-0.23054094749059592
889.26,12.095447540283203,-0.06311212480068207,-3.0528353110137183,-8.176514671030406e-06,0.00022280067142304113,0.008067025528921844,-0.009004171620171338,-0.08996112953690705,0.06607558608055115,-0.061660913527011876,0,-0.09,True,0.07348217676026714,-0.17217646787220856
889.28,12.095203399658203,-0.06278472393751144,-3.054591632769708,-0.0001942533235521697,0.00025236429103041866,0.009893394898486063,-0.011966133446192878,-0.09060399394300395,0.09619447052478791,-0.06907048732042313,0,-0.09,True,0.060586807603820715,-0.12718049055409333
889.3,12.095059394836426,-0.06267808377742767,-3.0564844004508154,0.0001301492277974977,0.0008985014084461694,0.01162087970457187,-0.011877852247340198,-0.08912236408055045,0.10331738471984864,-0.03990157872438431,0,-0.09,True,0.08916049795725177,-0.04211952397160566
889.32,12.094837188720703,-0.0626104399561882,-3.0582539265315547,0.000276000156767531,0.0012415365246719193,0.01270849864470887,-0.008110393803405504,-0.09162533746958944,0.0871506303548813,-0.051530881524086004,0,-0.09,True,0.08180452698712541,0.007221279162684027
889.34,12.094440460205078,-0.06224436312913895,-3.059965100140166,-0.00020109402162564962,0.0011096092231003103,0.015199865365505634,-0.011138959404637314,-0.09333069145463722,0.08838629364967347,-0.010120709463953973,0,-0.09,True,0.04544533061892695,0.002241946831529789
889.36,12.094136238098145,-0.06222277507185936,-3.061921659767279,0.000142940543102977,0.0012592315907057879,0.016437757057459444,-0.012802895868033291,-0.09002629160998893,0.10471434175968171,-0.003741801418364048,0,-0.09,True,0.04357451899208773,0.11191207979659476
889.38,12.093774795532227,-0.061889082193374634,-3.06395085576719,-0.0004247990442890598,0.0008979029572654976,0.015256506154087886,-0.006923369018292764,-0.08894300833402798,0.04401882290840149,-0.045855870544910436,0,-0.09,True,0.013515740258467294,0.1834385066802649
889.4,12.09344482421875,-0.06169411540031433,-3.0654560298603473,-0.0007915493462340784,0.0006709174773115506,0.016194460164072718,-0.005398484418451051,-0.08267237108587,0.03787506684660912,-0.00021588131785392763,0,-0.09,True,-0.005042385933576853,0.16370854507241858
889.42,12.093180656433105,-0.06178683042526245,-3.0670805408068817,-0.00042614076193077155,0.0005633508893772561,0.016281124586182034,-0.0001649247239277412,-0.07865561092022938,0.05654879301786423,-0.04029093019664288,0,-0.09,True,-0.01420997131416283,0.2058214556163545
889.44,12.092811584472656,-0.06189069151878357,-3.068535449454152,-0.0003535607757254187,0.00045162637219494864,0.01603436618277309,0.0018736123481457973,-0.07692960800418874,0.05654879301786423,-0.04029093019664288,0,-0.09,True,-0.06631243413728911,0.16470376052983438
889.46,12.092474937438965,-0.06197288632392883,-3.0702433046408117,-0.0002635480628404841,0.00037144797824540244,0.014119708448954278,0.003918540442042523,-0.07247729188471119,0.038647847175598146,-0.09861859977245331,0,-0.09,True,-0.10871895900151057,0.23170614237769058
889.48,12.09217643737793,-0.06193723529577255,-3.0716103985006855,-0.0007515194155271697,6.639376518070042e-05,0.010889465433086875,0.0029388592631731966,-0.06949607024347651,0.04220706477761269,-0.06771782394498588,0,-0.09,True,-0.15367675605408734,0.18525652671354007
889.5,12.092076301574707,-0.0621800422668457,-3.0728787241576616,-0.0004941333554099755,0.00012888600253088158,0.007583607866056739,0.0044547970124235205,-0.06011911953000465,0.04580088764429093,-0.007747251018881798,0,-0.09,True,-0.14369518066856543,0.09095463777791261
889.52,12.091958999633789,-0.062186140567064285,-3.074095135073625,-0.000928100785749493,-0.00012102468337191819,0.0037402256984572827,0.011141854534826799,-0.06210908586711902,0.05504857510328293,-0.14458506822586062,0,-0.09,True,-0.14660369385354413,-0.042617336987908316
889.54,12.091894149780273,-0.06237008422613144,-3.0750528342032077,-0.001115317695202424,-0.00039775315829235615,0.0026240939954794993,0.010692293002797846,-0.0652009208624848,0.024980136156082154,-0.11028976976871492,0,-0.09,True,-0.09942298690509332,-0.0801947854408032
889.56,12.091938018798828,-0.06284673511981964,-3.0765791253700505,-0.00035934235584519605,-0.00017752396267413733,-0.0008388300751859894,0.012987877816073946,-0.07290545720250607,0.08016369223594666,-0.012368878722190857,0,-0.09,True,-0.09501931972053859,0.004078276435159722
889.58,12.091923713684082,-0.06304749101400375,-3.078094797826663,-7.897453671647636e-05,-0.00024628150204036896,-0.0003702310863547951,0.01146069316287451,-0.06653470236527219,0.06397625774145127,-0.08892203480005265,0,-0.09,True,-0.11847072114832431,0.062029367343651075
889.6,12.092093467712402,-0.0632186159491539,-3.0799275716498284,-0.00016487963756390558,-0.00027693176969800516,-0.003861319879189693,0.006519827200890261,-0.06178282375230607,0.012820428609848025,-0.06984753906726837,0,-0.09,True,-0.10283957756049451,0.2697614715380022
889.62,12.091981887817383,-0.06328321248292923,-3.0803756103924322,-0.00022581226610741015,-0.001030772202672191,-0.006853563696391294,0.0041227829847464755,-0.06023857147499018,0.012820428609848025,-0.06984753906726837,0,-0.09,True,-0.1542576526926961,0.11090803306389417
889.64,12.092278480529785,-0.06334829330444336,-3.0815217512702375,4.196707502130655e-05,-0.0006259900185085382,-0.00906599628002976,-0.0006233307333943127,-0.05132453947945486,0.04374890267848969,-0.04129362910985947,0,-0.09,True,-0.15186182282418226,0.07787302411066725
889.66,12.092491149902344,-0.06334315240383148,-3.082913883544658,0.00022203400649731256,-0.0006431149066530975,-0.01271084330175926,-0.00577855942113901,-0.057662059720168725,0.053325756862759595,-0.017195708677172662,0,-0.09,True,-0.13124620261743142,0.06702094786220868
889.68,12.092814445495605,-0.06312529742717743,-3.084033534808181,0.00016278043978371965,-0.0005436973919513973,-0.016010265705113224,-0.011773164030421213,-0.05555298182345836,0.07579899370670319,-0.07784796833992005,0,-0.09,True,-0.07840180848977571,-0.02962649628821146
889.7,12.09296989440918,-0.06276208907365799,-3.084988575170048,8.801999944920727e-05,-0.001241591000633961,-0.017353259905791178,-0.01693417810608025,-0.05487689564601074,0.07579899370670319,-0.07784796833992005,0,-0.09,True,-0.03817158345156582,0.025760041603524905
889.72,12.09350299835205,-0.062334317713975906,-3.0859659898161165,0.0001887691597106136,-0.0008792796483950493,-0.015338140959215025,-0.0181535682197016,-0.05369465918251299,0.06127420965582133,-0.017242135703563692,0,-0.09,True,0.07887733611691301,0.008789836047756058
889.74,12.09380054473877,-0.06191204860806465,-3.087304035196341,0.00020362079695327188,-0.00098075003419893,-0.015764569977886087,-0.017680761361391,-0.05560125639188568,0.05247832790017128,-0.05780026316642762,0,-0.09,True,0.1375530691626442,0.055539822910338536
889.76,12.093958854675293,-0.061607036739587784,-3.0883291075427843,0.00017861637617582856,-0.0008858398597384034,-0.009700078815756954,-0.016244583344731906,-0.054849794939637514,0.06593774393200875,-0.05534474134445191,0,-0.09,True,0.16660098860637554,0.02063712139740423
889.78,12.094152450561523,-0.06128127872943878,-3.089436675681395,0.00047289902674788005,-0.0005303633639671726,-0.006349014372789651,-0.01391887304765638,-0.0504337098131877,0.01662709951400757,-0.0439456570148468,0,-0.09,True,0.2309661466452287,0.010616978443142437
889.8,12.094208717346191,-0.060995280742645264,-3.0903539734112835,0.000325286400090983,-0.0005011327156658406,-0.0020100618707171026,-0.014522835677812256,-0.05204368947072215,0.05183567143976689,-0.0869738155603409,0,-0.09,True,0.20276291991067794,0.03262100718205426
889.82,12.094249725341797,-0.0607735738158226,-3.091338731981398,0.0003235520584197132,0.00031150612447186404,0.00271272175374166,-0.015835400640673677,-0.05475189811643385,0.019003863483667376,-0.013033232837915422,0,-0.09,True,0.17229779110217372,-0.039704353888845946
889.84,12.094059944152832,-0.060438498854637146,-3.0924926027004442,0.0003129608497358593,-0.00014128013346958673,0.00652095477710558,-0.014243305705604234,-0.05224011436507184,0.012561276368796826,-0.019979332238435746,0,-0.09,True,0.09854001865729481,-0.02279271381997275
889.86,12.0938720703125,-0.060026947408914566,-3.093816827530712,0.0002538572833495656,0.0002872078131673429,0.007434808915391299,-0.015484657250867817,-0.053610058124297,0.07743106856942178,-0.07441827274858952,0,-0.09,True,0.028180251669654936,0.1130859312771272
889.88,12.093631744384766,-0.059882793575525284,-3.0945331825604914,0.000548679103274394,2.4205416502571165e-06,0.005873139621870515,-0.014918430334635045,-0.053867106576320906,0.11659854546189309,-0.07543173000216485,0,-0.09,True,-0.029117020397760415,0.06754477107097275
889.9,12.093596458435059,-0.05956462025642395,-3.095627536631338,0.00041864576400618063,0.00030217976014144666,0.004967141887312005,-0.013689548334565866,-0.0457050236142719,0.02177984803915024,-0.08919390976428987,0,-0.09,True,-0.021981045927850364,0.10933480810341405
889.92,12.093534469604492,-0.05926844850182533,-3.096801971226546,0.0001229568550287093,0.00015959902017625242,0.004191593145286865,-0.01031302619261456,-0.04683653267939893,0.04025429248809815,-0.010240690670907498,0,-0.09,True,0.02995542599970132,0.17985883816838255
889.94,12.093424797058105,-0.05895119905471802,-3.0974732294198555,-0.0004296510497315875,0.0003780425983466033,0.00567632524116237,-0.007918980753989856,-0.0448632734760194,0.05982987456023694,-0.06320446416735649,0,-0.09,True,0.06971383651675048,-0.020425667646138724
889.96,12.093259811401367,-0.059073593467473984,-3.098280105174845,7.075883978517287e-05,0.0003579968430341082,0.008269573701847846,-0.0035649244946517607,-0.03947839952284294,0.009334637671709061,-0.007504645437002183,0,-0.09,True,0.06628996752683818,-0.08260454214901065
889.98,12.093114852905273,-0.05895174667239189,-3.0992165985094213,-0.00016323795527693259,0.0005037417135156814,0.010544248808654896,-7.832905906944354e-05,-0.047339077025963835,0.09043410629034043,-0.11052908182144167,0,-0.09,True,0.06919708302232673,-0.18474940631343426
890.0,12.09286117553711,-0.059012167155742645,-3.099960243188375,0.00010132625763160808,0.0002781869713233913,0.009494790547436632,-0.003210599574107512,-0.05344489605132317,0.007856614962220192,-0.07335923910140991,0,-0.09,True,0.05207901659736474,-0.37499900998766095
890.02,12.092581748962402,-0.05898067355155945,-3.101260355581929,5.038292364608898e-05,0.0002665869138395895,0.011212091882943474,-0.0018408354162779605,-0.0596432259810807,0.02701399002224207,-0.05871133110485972,0,-0.09,True,0.0009150268805803306,-0.34364103906932625
890.04,12.092490196228027,-0.058848582208156586,-3.102555696858947,-0.00022138357415296526,0.000707276424345238,0.012435895029633236,-0.0014039447974229149,-0.06947832032182853,0.03937231093645096,-0.053334397226572045,0,-0.09,True,0.005141847475571201,-0.30569693593973707
890.06,12.092212677001953,-0.05884076654911041,-3.1039880565879034,-0.0003477609324158547,0.0007806692563627868,0.010617450959101256,-0.0037965256831712885,-0.07483036015148493,0.045344226658344276,-0.004648772850632668,0,-0.09,True,0.00012743660006944872,-0.16882943132534858
890.08,12.091862678527832,-0.05893876403570175,-3.105518508814124,-2.3257903689226408e-05,0.00013981498336570558,0.009906138345482539,-0.0018355963778684931,-0.07790065092651464,0.04810160994529725,-0.0430178414285183,0,-0.09,True,-0.03766509565363037,-0.028973091167197
890.1,12.091721534729004,-0.058709099888801575,-3.107246784394051,-0.00022444273321809,8.648476001290056e-05,0.011222286810949035,-0.001097541153920278,-0.07314958048711549,0.05540551543235779,0.00132823558524251,0,-0.09,True,-0.013856305584087921,0.05211145328290068
890.12,12.091692924499512,-0.058730412274599075,-3.1087877489330715,-0.00028328352251834365,0.0007413282261425037,0.009422687377341265,-0.0010878067746434234,-0.07179616761520548,0.030305892229080204,0.0009933270886540414,0,-0.09,True,0.016614869331558705,0.071824985917971
890.14,12.091312408447266,-0.058783844113349915,-3.1098400230268757,-0.000310527067392193,4.692837198305533e-05,0.009508946512373655,0.0031038980985590332,-0.07066144388885075,0.049240963459014894,-0.04525011647492647,0,-0.09,True,-0.04128872878902613,-0.05526469358664
890.16,12.091106414794922,-0.058876510709524155,-3.1112622022233354,-0.0005654387521809982,7.5956752093806635e-06,0.011235327892006026,0.001200565360353953,-0.07215465205308219,0.0545354124903679,-0.12617235124111176,0,-0.09,True,-0.018254761667154,-0.05670979293949277
890.18,12.09096908569336,-0.05898143723607063,-3.112899699905154,-0.00037330036438502624,4.956755844901123e-05,0.007919188507829949,-0.0008159857722503657,-0.07757075597404267,0.02771263360977173,-0.012101199030876161,0,-0.09,True,-0.013167923600707876,0.06241731745995417
890.2,12.090797424316406,-0.058853670954704285,-3.114560121097321,-0.0005238797898087052,2.314173299257148e-05,0.007962306443968198,-0.001904119207373771,-0.07633295105036722,0.0900070083141327,-0.0033240437135100367,0,-0.09,True,-0.045813006366530434,0.06908325531878629
890.22,12.090677261352539,-0.05873676761984825,-3.1160456835048023,-0.0007619673476062984,5.4104869213004134e-05,0.008455512624316486,-0.0041682059691678635,-0.06566805849205186,0.05068584643304348,-0.047792140245437625,0,-0.09,True,0.058977939542218506,0.1429163155901276
890.24,12.090465545654297,-0.058741454035043716,-3.117368838307368,-0.0008407852373256183,-0.000368821919957479,0.007570287382681716,-0.0010554840316366527,-0.06662799162757646,0.05068584643304348,-0.047792140245437625,0,-0.09,True,0.04517125311756942,0.02313768693648152
890.26,12.09028434753418,-0.05866536870598793,-3.1181531445845208,-0.0010773155132805484,-0.0004378783830740233,0.012637423671209843,-0.0026383972822291188,-0.06613745072682661,0.06567823469638825,-0.0009577134251594544,0,-0.09,True,0.0044869327119881255,-0.20611689229796265
890.28,12.090189933776855,-0.05878392606973648,-3.1198903604275223,-0.000609158133751718,-0.00010893509989106036,0.011576006693370465,-0.003934815053224279,-0.07448193609545038,0.06454012870788575,-0.1400843518972397,0,-0.09,True,0.0051594725151212,-0.17428567719998506
890.3,12.089661598205566,-0.05854944884777069,-3.1213366795629436,-0.0009574632278978585,-0.0007484608399941794,0.00881446724127521,-0.003378645529781423,-0.08215740987587387,0.05338284730911255,-0.006052429080009461,0,-0.09,True,-0.11485605115142432,-0.24867200952574692
890.32,12.089532852172852,-0.058446839451789856,-3.123327393195007,-0.0012958548627966474,-0.0010581799958318096,0.007983045183891624,-0.0009433600372877268,-0.0805708458035824,0.07670294880867005,-0.0303235012665391,0,-0.09,True,-0.14781954774064734,-0.10832957130944054
890.34,12.089573860168457,-0.05840941518545151,-3.124725737374594,-0.0013478984761716654,-0.0009360278162290642,0.0034489395790911963,0.00019568958654503138,-0.08603121148889654,0.030021074712276462,-0.051849750690162184,0,-0.09,True,-0.12183495412033814,-0.040468003730549935
890.36,12.089550018310547,-0.05872013419866562,-3.126336028091812,-0.0003758646500224969,-0.0006782620074798306,-0.00024955712588737206,-0.0007282039078935307,-0.08314830180021006,0.0053357727825641636,-0.009466652385890485,0,-0.09,True,-0.10992510197854821,-0.050139795708620934
890.38,12.089385986328125,-0.05856975540518761,-3.128219176482059,-0.0004665050444765517,-0.0008672500620085897,-0.0009323290883568275,0.002493781017872134,-0.08539485017431953,0.03277304545044899,-0.06822797492146493,0,-0.09,True,-0.0902086612930594,-0.0018135863359003948
890.4,12.08955192565918,-0.05838828533887863,-3.1299792573390177,-0.0003335165861653044,4.484155032032653e-06,-0.0008109629743842353,-0.003104063167543728,-0.08458202946026842,0.044148578047752386,-0.09936718374490738,0,-0.09,True,-0.010860046462945172,-0.10155536849751458
890.42,12.089651107788086,-0.05860790237784386,-3.1315573253885334,0.00017027822002179684,0.0002963211070815992,-0.0037677533243469933,-5.481278350346915e-05,-0.08617629839576844,0.08658052802085878,-0.043209454417228704,0,-0.09,True,-0.016554737689428122,-0.14374783565973687
890.44,12.089612007141113,-0.05847107246518135,-3.133102590448637,8.578052184913676e-05,0.00028162469024469583,-0.0011183608429234302,0.00026464019714981504,-0.09127273128001538,0.010285882949829102,-0.007021047919988633,0,-0.09,True,-0.07343884001028374,-0.14881910598490303
890.46,12.08968734741211,-0.058562345802783966,-3.135113280353724,0.00022553783081326407,0.00041547807318916664,-0.002256708103511755,-0.0023962499647114054,-0.09689467702710436,0.010285882949829102,-0.007021047919988633,0,-0.09,True,-0.044628482969853896,-0.05954208833723284
890.48,12.089641571044922,-0.058408696204423904,-3.1372810758414227,0.0003255716999839523,-0.0002814769182419069,-0.00668607017520994,0.0003787754001434172,-0.09648755793906676,0.04833436571061612,-0.10452825605869294,0,-0.09,True,-0.12146142273762801,0.04629152856180196
890.5,12.08983039855957,-0.05841503664851189,-3.1393088995507057,0.0007705100816803533,0.00011990744393241684,-0.007338031961937132,-0.0029081610160760765,-0.09093966546274951,0.055018004998564726,-0.06534076035022736,0,-0.09,True,-0.1184164559934996,0.13766764974604548
890.52,12.090147018432617,-0.05849906802177429,-3.1408215950837555,0.001084413310542873,0.00040839680036963943,-0.010835274661924833,0.0011062445758003921,-0.0875694089950746,-0.0033014304935932164,-0.10295238137245179,0,-0.09,True,-0.031102079861581037,0.2039932954617462
890.54,12.0902738571167,-0.058328352868556976,3.1407968535888493,0.0007024633793574779,0.00015997643096460755,-0.011730024582983107,-0.0002176716814557844,-0.08588126504743074,0.052652105242013934,-0.01500191628932953,0,-0.09,True,-0.015490092636587694,0.1954906295897862
890.56,12.090508460998535,-0.05849652737379074,3.1388986786185646,0.001334858692303153,0.00020009169532091663,-0.00917423656413416,-0.0018233384724506113,-0.0801680943021419,0.08333699584007263,-0.010930097773671151,0,-0.09,True,0.09201610613473121,0.19503736823190498
890.58,12.090768814086914,-0.05839836969971657,3.137005906425083,0.0010545719948879591,-8.685092899125237e-05,-0.008577239372864781,0.0013083891703820035,-0.07530041509555861,0.07727428197860718,-0.03470629751682282,0,-0.09,True,0.1657340172010309,0.19480885490639208
890.6,12.09088134765625,-0.0583551786839962,3.1359502645516564,0.0010174882713428967,-0.0001688758855191731,-0.0034739861711425703,-0.0012371391723490722,-0.07196641953651421,0.04612458914518357,-0.013236114755272867,0,-0.09,True,0.19998579355033005,-0.054807224596864726
890.62,12.090959548950195,-0.05843617022037506,3.1347728203812015,0.0009884175603292094,7.943850868381807e-05,0.0015286967931061489,0.001340012645820107,-0.0702965566549114,0.048236922621727,-0.03144126951694489,0,-0.09,True,0.28747535266556185,-0.13383704996266851
890.64,12.090786933898926,-0.058399125933647156,3.1331413650556406,0.000822012461592661,-4.19845300223222e-05,0.00682462691990043,-0.000664029372186156,-0.08455267226989333,0.04764630131423474,-0.03269560188055039,0,-0.09,True,0.2480467462848955,-0.1150164941568263
890.66,12.090645790100098,-0.05850473418831825,3.131382181892695,0.0007677977073786128,0.00026679983403768507,0.01442078884035925,0.0004198605012897769,-0.08600737909256236,0.05266878724098206,-0.06767894178628922,0,-0.09,True,0.1955620601084984,-0.11355380975861877
890.68,12.090335845947266,-0.05829744413495064,3.129186050770071,5.452986199861192e-05,0.00010726266847197938,0.01636975353163102,0.0076017268597474074,-0.08116773906905195,0.01815791830420494,-0.0008690264821052552,0,-0.09,True,0.1050674141677595,0.25366208234268317
890.7,12.089805603027344,-0.05845797806978226,3.127892230053793,-0.00027072493298294976,-0.0005828835246543898,0.017173661601794024,0.00652958356887667,-0.07938086143560555,0.07786638915538789,-0.05653552919626236,0,-0.09,True,-0.056787027000220106,0.31748923794183714
890.72,12.089469909667969,-0.0589909702539444,3.126647945930113,-0.00015530566803216282,-0.0003923741572717101,0.01523002005332549,0.010015894004851231,-0.06425970568246829,0.10535911202430726,0.005811617076396942,0,-0.09,True,-0.12614450397837818,0.32095968232594557
890.74,12.089264869689941,-0.05900822952389717,3.1250317129778433,-0.0006841123502683422,-0.0002095782189996089,0.009877826680339317,0.006839677964645756,-0.06060824005720239,0.08647302806377412,-0.07387399841099979,0,-0.09,True,-0.1460009396002577,0.32222602466254824
890.76,12.089105606079102,-0.059080418199300766,3.124045274315471,-0.0008101537750202015,-8.38535202685292e-05,0.0062781932133556045,0.0030083869539231697,-0.055490964482963166,0.08272734612226487,-0.018549511879682543,0,-0.09,True,-0.15076913176243373,0.07684901532144515
890.78,12.089006423950195,-0.058991990983486176,3.1230435708492212,-0.001045940990767185,-3.35403829703556e-05,0.00549358643378403,0.0033702530118729086,-0.053602779462625136,0.08591437458992006,-0.010439539514482022,0,-0.09,True,-0.10497232848353058,0.026502121095043116
890.8,12.088963508605957,-0.05922279134392738,3.12220866877148,-0.00040410341329174583,-0.00010183744810541776,0.003168489512341763,0.00015853426770529792,-0.05811178445675827,0.008618365228176118,-0.05760489378124476,0,-0.09,True,-0.04105986522547648,-0.13923048520573658
890.82,12.088820457458496,-0.059269651770591736,3.120743490620831,-0.0001385032959423427,-0.00016845408499584926,0.0014800404016525736,-0.0035039493738285225,-0.058488070369597855,0.03186951279640198,-0.1184265047311783,0,-0.09,True,-0.05594510489200915,-0.16082359477452893
890.84,12.088851928710938,-0.05908818542957306,3.119396331558928,-0.00016333574663642946,8.440098589290446e-05,0.002993403995315806,-0.006468477258415486,-0.06662940329942779,0.02765667855739594,-0.06641902685165406,0,-0.09,True,-0.054215754712376114,-0.05353317367147328
890.86,12.08889389038086,-0.058709267526865005,3.118364525219651,-0.0007034745944771193,0.0001940305722288884,0.0010179780424210087,-0.00942912330677592,-0.06646866704459403,0.009800763837993146,-0.010463070645928383,0,-0.09,True,-0.0058176812085986,-0.20622130687765353
890.88,12.088735580444336,-0.05870012566447258,3.116878316507523,-0.0002597463144772975,-0.00023506313886006275,-0.0011687708646505451,-0.009158966649805195,-0.06239443835047832,0.05734901368618012,-0.015082978308200838,0,-0.09,True,-0.06868472474932559,-0.13115266070387263
890.9,12.088756561279297,-0.05851363390684128,3.1154259972572684,-0.0004164804774690253,-0.00040435712928281285,0.0010146259049651088,-0.005961383991249832,-0.07498577491979513,0.05734901368618012,-0.015082978308200838,0,-0.09,True,-0.04199847006140621,-0.07951406079147261
890.92,12.088963508605957,-0.058358002454042435,3.114404776490894,-0.00034529560131816775,0.00030173798848628355,-0.0025013739846252436,-0.0071246551566392455,-0.07712161615572806,0.013588092625141145,-0.051250083521008495,0,-0.09,True,0.017002991596455286,-0.18822514609878968
890.94,12.088825225830078,-0.05823039636015892,3.1123656632260643,-0.00025976123085261476,-0.0002842006154597925,-0.002341899562493207,-0.008824029979598046,-0.0728297919079151,0.032722181677818304,-0.07953332066535951,0,-0.09,True,-0.047406084960752354,-0.002638814567496771
890.96,12.088951110839844,-0.058135803788900375,3.1107085872150617,-2.699363115741479e-05,0.00011042136157696823,0.00019146846306657375,-0.010444176817966128,-0.0774524500383892,0.01906246066093445,-0.08758212387561799,0,-0.09,True,0.0054405631664565185,0.04118156697732008
890.98,12.088964462280273,-0.05781348794698715,3.1095996139046322,-0.0003338333347494697,4.358328737164582e-05,-0.0027778608918970194,-0.007489020494302212,-0.07519688008519498,0.012102250456809998,-0.05389671921730042,0,-0.09,True,-0.015818347770768255,-0.04188347423222549
891.0,12.088973999023438,-0.05752239376306534,3.10820858048782,-0.0004274741885408945,-4.350688528483176e-05,-0.0020661289313084995,-0.008492012590977906,-0.07382709079754077,0.010685849860310556,-0.011080468371510506,0,-0.09,True,-0.03345342335731568,-0.045225492680771154
891.02,12.089066505432129,-0.05763868987560272,3.106349912819254,0.00040348839948990727,0.00035463815053945357,-0.0036073673841535165,-0.005947701591568938,-0.07618046984649009,0.01281787618994713,-0.011791313663125039,0,-0.09,True,0.046545324186882266,-0.18393160575730413
891.04,12.089138984680176,-0.057462338358163834,3.104802419951264,0.0003134347631354155,0.0004516912414567759,-0.002484805405516247,-0.002819797466462341,-0.0810704894528476,0.03595723569393158,-0.051278442293405536,0,-0.09,True,0.034103895479569005,-0.35767436920435186
891.06,12.089269638061523,-0.057348135858774185,3.1035051763169186,0.0001467006533281589,0.0009063089851448941,0.0009457650430501752,-0.006348616473803159,-0.08991140854576593,0.007778612822294236,-0.012275286167860033,0,-0.09,True,0.1216828691857752,-0.37822932355435185
891.08,12.089180946350098,-0.057304274290800095,3.1017229413315888,0.00031604611413395685,0.0007235072837480584,0.0006621827070584166,-0.00673034468302184,-0.10244104033390355,0.03655108820647002,-0.05829607412219048,0,-0.09,True,0.09878288008464087,-0.15078360741366403
891.1,12.089010238647461,-0.057128287851810455,3.0991570001355893,0.0002668013797152513,0.0006051351162303286,0.00612726215071348,-0.00604977221518627,-0.10643881573085372,0.041677987873554236,-0.01059241846203804,0,0,True,0.022299860819638265,0.2792921215232355
891.12,12.089107513427734,-0.05692222714424133,3.0966071367245473,0.0003118208925748764,0.000978332940116092,0.005417825001259066,-0.008222995748024504,-0.0931331780459469,0.07611426919698716,-0.08797026693820954,0,0,True,0.04178984409498492,0.8013929201781675
891.14,12.088800430297852,-0.056843794882297516,3.094990071058446,0.00047045872575551107,0.0002490583976163052,0.002729753908622149,-0.006074818511011395,-0.06756803882389566,0.09912726461887361,-0.02366468340158463,0,0,True,-0.04029348926561853,1.1898942035984976
891.16,12.088777542114258,-0.056627608835697174,3.09427228708792,0.0003713823921137493,0.00015992351445299176,0.00400537023465417,-0.005700220366666312,-0.03832960671970846,0.02359788239002228,0.005460697412490845,0,0,True,-0.04310319756284523,1.1320746315521373
891.18,12.088814735412598,-0.05663265660405159,3.0937515570296825,0.0002580119471371714,0.0001799587950029534,0.00290378300946693,-0.0033173878192385097,-0.011247279443060495,0.03626144409179688,-0.006730471029877663,0,0,True,0.01635979218001955,0.8995969224882848
891.2,12.0888090133667,-0.05645156279206276,3.093540768186969,4.374626681263251e-05,0.00029598078863099514,0.0019695691962296836,-0.0007516706011586174,-0.0025672075217295833,0.03626144409179688,-0.006730471029877663,0,0,True,0.017489297668715383,0.5524847882519109
891.22,12.088581085205078,-0.05656759813427925,3.0940902887030006,0.00018531408569601212,-0.00012766494245006224,0.004038537283024383,-0.00035019116887821786,0.004399714975203941,0.0037394521385431295,0.001736209969967604,0,0,True,0.0070656936319166246,0.13296479340270972
891.24,12.088623046875,-0.0565599761903286,3.0940669104861813,0.0002422565532732012,0.0004922735201668842,0.005404514048152116,0.0015427927173501414,0.005869176340467028,0.006256251856684685,0.005973716080188752,0,0,True,0.04695034167492536,0.03185562416402212
891.26,12.088493347167969,-0.05658933147788048,3.094103534227699,0.00036527990108508007,0.0005615996904947393,0.003469038500020549,8.137147039945529e-05,-0.0006100959708382756,-0.0011271262541413308,0.06767564956098795,0,0,True,0.020155520847019773,-0.07087808594759314
891.28,12.088371276855469,-0.05655430629849434,3.094010302294206,0.0004247013211316902,0.0004844049257322837,0.005725596530220296,0.0003122225788671206,-1.8757588610131386e-05,0.0029791475832462314,0.008498116731643678,0,0,True,-0.0007535179863710374,-0.08207850263808965
891.3,12.088303565979004,-0.056560926139354706,3.0940414810253336,0.00034298305655359974,0.0006678883838155294,0.005650978950784498,-0.00037685056350080485,-0.0012705319005983534,0.004965018667280674,0.004621955752372742,0,0,True,0.022469794389408215,-0.010090250862327886
891.32,12.088164329528809,-0.05656313896179199,3.0940654098790925,0.0002889973720244536,0.000782227763283947,0.005344232609242402,-0.00020085775895288093,-0.0006971038705835029,0.0035671343281865123,0.006609249077737332,0,0,True,0.01567179699724269,0.011773710714428808
891.34,12.088043212890625,-0.056537728756666183,3.094001891675651,0.0002545409386854171,0.0007750495357872306,0.005266622051174126,-0.00032477175238704395,-0.0014173160398249195,0.004099579602479935,0.005598374754190445,0,0,True,0.009890436680549272,0.006139753120409231
891.36,12.087944984436035,-0.05651794373989105,3.0939545339845593,0.00018834180702077293,0.0008520723888898884,0.006979340290000352,0.00029907545665300354,0.0009231392685446552,0.005925519205629826,0.005557378269731999,0,0,True,0.012926451843659363,0.000638797143168424
891.38,12.087883949279785,-0.0565149299800396,3.0939280957421476,7.754620469607012e-05,0.0010621001952803605,0.006442213885228845,-0.0014507073219315503,-0.0007793516509653636,0.005735647641122342,0.0053849188610911375,0,0,True,0.04081645149290071,0.053150818195242866
891.4,12.087605476379395,-0.0565604493021965,3.094139261020576,0.0006222880817887896,0.0006753762017288868,0.006378348756734211,-0.00011368219310147832,-0.0006460000991300754,0.0056845217943191535,0.00536245845258236,0,0,True,-0.01150307375371888,-0.06049335600481378
891.42,12.087533950805664,-0.056397248059511185,3.093939543543574,6.696130055504584e-05,0.000864954371576817,0.008531938170603213,0.0007761975373282537,0.0028347494157906425,0.009699466302990914,0.014230562895536425,0,0,True,0.0009703459855966925,0.0187072663385082
891.44,12.087435722351074,-0.056484654545784,3.093902853976629,-1.5544972472337685e-05,0.0011309917542217764,0.006059094389702371,-0.0011742449167427961,-0.003916329211842923,0.002805036455392838,0.018389421328902245,0,0,True,-0.0068931702828102705,-0.0032251234190333513
891.46,12.087199211120605,-0.05654444172978401,3.094154875695411,0.00035769745661181463,0.0008109840992980772,0.00651984156407662,0.0014307422993893606,0.000717229656116058,0.007421138174831868,0.00544936303049326,0,0,True,-0.05837693367751665,-0.09430806278935938
891.48,12.087125778198242,-0.056443508714437485,3.0938259546836284,8.036932331956027e-05,0.0010109676781801984,0.005826895134109107,-0.00030904627374395046,-0.0009040099726528756,0.010030822977423668,0.011399245485663415,0,0,True,-0.040146426154612024,0.05254070224422305
891.5,12.087007522583008,-0.05648684501647949,3.0939969219160632,0.0002831542146956847,0.0009038444827247391,0.003861783476399491,-0.001398862341564577,-0.0047098956073619675,0.0032320050895214085,0.006103805005550385,0,0,True,-0.06625238099900382,-0.03227198430157015
891.52,12.086971282958984,-0.05643770098686218,3.0938305331788167,0.000219839709931179,0.0009384567071215054,0.0028473802973363305,0.00010407297370819109,0.000286926967691098,0.005667865090072156,0.006877966113388539,0,0,True,-0.06511341635015257,0.014483417371210677
891.54,12.086895942687988,-0.05641796067357063,3.0937780840468223,0.0003449453822663658,0.000821684689824413,0.0012196510841611346,-0.0005474110390810388,-0.001864529088007206,0.0007772418484091759,0.0022168979421257973,0,0,True,-0.054698694905947635,0.07062950378605466
891.56,12.086897850036621,-0.05644094944000244,3.0938489088410437,0.0002608720697434873,0.0008796375380614897,0.0006178218261016394,5.8050542875038436e-05,0.0002546634170429248,0.002874733712524176,0.0034141819737851624,0,0,True,-0.03632162292327503,0.01765406380441663
891.58,12.086912155151367,-0.05643843859434128,3.0938477595890226,0.0002296935515912625,0.0009013784243756605,-0.0005141121160785583,0.00026918302656760525,0.0009404646955252967,0.00018178572878241542,-0.0005695105157792568,0,0,True,-0.01586683889802209,0.02358146714881839
891.6,12.086921691894531,-0.05643998086452484,3.09385090625218,0.0002282684693536977,0.0008948318730188534,-5.834953652715869e-05,0.0004718893525494306,0.001699252072045151,-0.00047726430231705315,0.0004411923186853528,0,0,True,-0.009664404839148792,-0.0031591400907022373
891.62,12.086935997009277,-0.05644143372774124,3.0938533212224644,0.00023079193540340577,0.000891587972114697,-4.9696027681281834e-05,4.098163619362413e-05,2.1988283899230256e-05,-0.00036716568749397996,0.0005607414292171598,0,0,True,0.01225709242932791,0.008942469287291038
891.64,12.08690071105957,-0.05647888034582138,3.0939848490068074,0.00037110169404398026,0.0008373776109684528,-0.00015533056103065945,3.834627934513001e-06,1.932209786616549e-06,-0.0010050514852628113,0.0003643071476835758,0,0,True,-0.0006295482150523583,-0.04211254200492686
891.66,12.086915969848633,-0.05644190311431885,3.0938495186517345,0.0002560888090853025,0.0008848236223500848,0.0004664552782667828,0.00047845634225467104,0.001655862238507929,0.0012723283842206003,0.0013276264909654857,0,0,True,-0.001021970445500436,0.000627082061068285
891.68,12.086934089660645,-0.05644087865948677,3.093851060828963,0.0002324879314354873,0.0008958952154311641,-0.00010871339373130155,-0.00047231895560670054,-0.0016697512883459339,-0.0019985223561525345,0.00029649324715137483,0,0,True,0.008267221463709425,0.017105311313266543
891.7,12.086896896362305,-0.05647788569331169,3.093985790201545,0.0003708717329376542,0.000838006644225222,-0.00013145366332135855,3.6670071582464965e-06,7.215484878471873e-05,-0.0007786847557872535,0.00019520929665304721,0,0,True,-0.005393531650887184,-0.04267123287152319
891.72,12.08691120147705,-0.05644155293703079,3.0938512689037396,0.0002587625930333272,0.0008892046445506861,0.0005060471560664328,0.0003991829854725488,0.00137035711484864,0.001351457703858614,0.0014161777030676605,0,0,True,0.001411686723485064,0.01692879408340048
891.74,12.086926460266113,-0.05644269660115242,3.0938552910396373,0.0002414426639539258,0.0008899262134426471,3.497274619558736e-05,-0.0004822369134330248,-0.0017578363912156725,-0.0021327944286167622,0.0002671151561662555,0,0,True,0.0027502679587034584,-0.005488525833265941
891.76,12.086892127990723,-0.0564708448946476,3.093960689398151,0.00035983973385942015,0.0008417838134296621,4.221544147561345e-06,-8.856134987048757e-05,-0.00031544776167320254,-0.0011957046110183,0.0003772472473792732,0,0,True,-0.012014802499603211,-0.03824211803318956
891.78,12.086895942687988,-0.05643921718001366,3.093845163290248,0.0002616805767986303,0.0008803837010935488,8.856777337471802e-05,-0.00010518329876625677,-0.0003669272178761572,0.0013437154330313208,0.0014081241376698017,0,0,True,-0.007712306600932923,0.019088762240754877
891.8,12.08691120147705,-0.05643445998430252,3.093826033082806,0.00024044626194805391,0.0009449879960221933,-0.0004551370439009499,-0.0004653395770561873,-0.0016890123278037424,-0.0021486373990774158,0.00023944644723087553,0,0,True,-0.004981942329761936,0.004047999284316557
891.82,12.086919784545898,-0.05643395334482193,3.093825936862207,0.00023736334678030213,0.0009589414105904388,-0.000582011781879362,-5.817112165897324e-05,-0.00023073541195450095,0.0001162793766707182,-0.0012892198958434167,0,0,True,-0.0047004750029749865,0.004706526955384555
891.84,12.086930274963379,-0.05643539875745773,3.0938255684119267,0.000244163676142519,0.0009606526183030879,-0.0003943338422335975,1.033316692832923e-05,8.392181072287712e-06,0.000306954839034006,-0.0015577024256344886,0,0,True,0.003743877028094142,0.0212901611858003
891.86,12.086942672729492,-0.05643679201602936,3.0938267044572916,0.00024651275348499196,0.0009552601708716812,-0.0002874702268634733,2.178216700099579e-05,9.594938554799825e-06,-0.0014125757478177549,-0.0002907846099697054,0,0,True,0.007275147273498642,0.002884192649433885
891.88,12.086942672729492,-0.05643679201602936,3.0938267044572916,0.00024651275348499196,0.0009552601708716812,-0.00015562688165326533,9.99629440209388e-06,1.420056706115295e-05,-0.0017370345257222653,-0.0005239986954256893,0,0,True,0.004929173027924452,-0.0001049022634036918
891.9,12.086942672729492,-0.05643679201602936,3.0938267044572916,0.00024651275348499196,0.0009552601708716812,0.0,-0.0,0.0,-0.0017873575910925866,-0.0006246107467450203,0,0,True,0.0035933778357915775,-0.00011993673193493646
891.92,12.086942672729492,-0.05643679201602936,3.0938267044572916,0.00024651275348499196,0.0009552601708716812,0.0,-0.0,0.0,-0.0017873575910925866,-0.0006246107467450203,0,0,True,0.0019453360206648214,-0.00017750708826432107
891.94,12.086942672729492,-0.05643679201602936,3.0938267044572916,0.00024651275348499196,0.0009552601708716812,0.0,-0.0,0.0,-0.0017873575910925866,-0.0006246107467450203,0,0,True,0.0,0.0
891.96,12.086942672729492,-0.05643679201602936,3.0938267044572916,0.00024651275348499196,0.0009552601708716812,0.0,-0.0,0.0,-0.0017873575910925866,-0.0006246107467450203,0,0,True,0.0,0.0
891.98,12.086942672729492,-0.05643679201602936,3.0938267044572916,0.00024651275348499196,0.0009552601708716812,0.0,-0.0,0.0,-0.0017873575910925866,-0.0006246107467450203,0,0,True,0.0,0.0
892.0,12.086942672729492,-0.05643679201602936,3.0938267044572916,0.00024651275348499196,0.0009552601708716812,0.0,-0.0,0.0,-0.0017873575910925866,-0.0006246107467450203,0,0,True,0.0,0.0
892.02,12.086942672729492,-0.05643679201602936,3.0938267044572916,0.00024651275348499196,0.0009552601708716812,0.0,-0.0,0.0,-0.0017873575910925866,-0.0006246107467450203,0,0,True,0.0,0.0
892.04,12.086942672729492,-0.05643679201602936,3.0938267044572916,0.00024651275348499196,0.0009552601708716812,0.0,-0.0,0.0,-0.0017873575910925866,-0.0006246107467450203,0,0,True,0.0,0.0
892.06,12.086942672729492,-0.05643679201602936,3.0938267044572916,0.00024651275348499196,0.0009552601708716812,0.0,-0.0,0.0,-0.0017873575910925866,-0.0006246107467450203,0,0,True,0.0,0.0
892.08,12.086942672729492,-0.05643679201602936,3.0938267044572916,0.00024651275348499196,0.0009552601708716812,0.0,-0.0,0.0,-0.0017873575910925866,-0.0006246107467450203,0,0,True,0.0,0.0
892.1,12.086942672729492,-0.05643679201602936,3.0938267044572916,0.00024651275348499196,0.0009552601708716812,0.0,-0.0,0.0,-0.0017873575910925866,-0.0006246107467450203,0,0,True,0.0,0.0
892.12,12.086942672729492,-0.05643679201602936,3.0938267044572916,0.00024651275348499196,0.0009552601708716812,0.0,-0.0,0.0,-0.0017873575910925866,-0.0006246107467450203,0,0,True,0.0,0.0
892.14,12.086942672729492,-0.05643679201602936,3.0938267044572916,0.00024651275348499196,0.0009552601708716812,0.0,-0.0,0.0,-0.0017873575910925866,-0.0006246107467450203,0,0,True,0.0,0.0
892.16,12.086942672729492,-0.05643679201602936,3.0938267044572916,0.00024651275348499196,0.0009552601708716812,0.0,-0.0,0.0,-0.0017873575910925866,-0.0006246107467450203,0,0,True,0.0,0.0
892.18,12.086942672729492,-0.05643679201602936,3.0938267044572916,0.00024651275348499196,0.0009552601708716812,0.0,-0.0,0.0,-0.0017873575910925866,-0.0006246107467450203,0,0,True,0.0,0.0
892.2,12.086942672729492,-0.05643679201602936,3.0938267044572916,0.00024651275348499196,0.0009552601708716812,0.0,-0.0,0.0,-0.0017873575910925866,-0.0006246107467450203,0,0,True,0.0,0.0
892.22,12.086942672729492,-0.05643679201602936,3.0938267044572916,0.00024651275348499196,0.0009552601708716812,0.0,-0.0,0.0,-0.0017873575910925866,-0.0006246107467450203,0,0,True,0.0,0.0
892.24,12.086942672729492,-0.05643679201602936,3.0938267044572916,0.00024651275348499196,0.0009552601708716812,0.0,-0.0,0.0,-0.0017873575910925866,-0.0006246107467450203,0,0,True,0.0,0.0
892.26,12.086942672729492,-0.05643679201602936,3.0938267044572916,0.00024651275348499196,0.0009552601708716812,0.0,-0.0,0.0,-0.0017873575910925866,-0.0006246107467450203,0,0,True,0.0,0.0
892.28,12.086942672729492,-0.05643679201602936,3.0938267044572916,0.00024651275348499196,0.0009552601708716812,0.0,-0.0,0.0,-0.0017873575910925866,-0.0006246107467450203,0,0,True,0.0,0.0
892.3,12.086942672729492,-0.05643679201602936,3.0938267044572916,0.00024651275348499196,0.0009552601708716812,0.0,-0.0,0.0,-0.0017873575910925866,-0.0006246107467450203,0,0,True,0.0,0.0
892.32,12.086942672729492,-0.05643679201602936,3.0938267044572916,0.00024651275348499196,0.0009552601708716812,0.0,-0.0,0.0,-0.0017873575910925866,-0.0006246107467450203,0,0,True,0.0,0.0
892.34,12.086942672729492,-0.05643679201602936,3.0938267044572916,0.00024651275348499196,0.0009552601708716812,0.0,-0.0,0.0,-0.0017873575910925866,-0.0006246107467450203,0,0,True,0.0,0.0
892.36,12.086942672729492,-0.05643679201602936,3.0938267044572916,0.00024651275348499196,0.0009552601708716812,0.0,-0.0,0.0,-0.0017873575910925866,-0.0006246107467450203,0,0,True,0.0,0.0
892.38,12.086942672729492,-0.05643679201602936,3.0938267044572916,0.00024651275348499196,0.0009552601708716812,0.0,-0.0,0.0,-0.0017873575910925866,-0.0006246107467450203,0,0,True,0.0,0.0
892.4,12.086942672729492,-0.05643679201602936,3.0938267044572916,0.00024651275348499196,0.0009552601708716812,0.0,-0.0,0.0,-0.0017873575910925866,-0.0006246107467450203,0,0,True,0.0,0.0
892.42,12.086942672729492,-0.05643679201602936,3.0938267044572916,0.00024651275348499196,0.0009552601708716812,0.0,-0.0,0.0,-0.0017873575910925866,-0.0006246107467450203,0,0,True,0.0,0.0
892.44,12.086942672729492,-0.05643679201602936,3.0938267044572916,0.00024651275348499196,0.0009552601708716812,0.0,-0.0,0.0,-0.0017873575910925866,-0.0006246107467450203,0,0,True,0.0,0.0
892.46,12.086942672729492,-0.05643679201602936,3.0938267044572916,0.00024651275348499196,0.0009552601708716812,0.0,-0.0,0.0,-0.0017873575910925866,-0.0006246107467450203,0,0,True,0.0,0.0
892.48,12.086942672729492,-0.05643679201602936,3.0938267044572916,0.00024651275348499196,0.0009552601708716812,0.0,-0.0,0.0,-0.0017873575910925866,-0.0006246107467450203,0,0,True,0.0,0.0
892.5,12.086942672729492,-0.05643679201602936,3.0938267044572916,0.00024651275348499196,0.0009552601708716812,0.0,-0.0,0.0,-0.0017873575910925866,-0.0006246107467450203,0,0,True,0.0,0.0
892.52,12.086942672729492,-0.05643679201602936,3.0938267044572916,0.00024651275348499196,0.0009552601708716812,0.0,-0.0,0.0,-0.0017873575910925866,-0.0006246107467450203,0,0,True,0.0,0.0
892.54,12.086942672729492,-0.05643679201602936,3.0938267044572916,0.00024651275348499196,0.0009552601708716812,0.0,-0.0,0.0,-0.0017873575910925866,-0.0006246107467450203,0,0,True,0.0,0.0
892.56,12.086942672729492,-0.05643679201602936,3.0938267044572916,0.00024651275348499196,0.0009552601708716812,0.0,-0.0,0.0,-0.0017873575910925866,-0.0006246107467450203,0,0,True,0.0,0.0
892.58,12.086942672729492,-0.05643679201602936,3.0938267044572916,0.00024651275348499196,0.0009552601708716812,0.0,-0.0,0.0,-0.0017873575910925866,-0.0006246107467450203,0,0,True,0.0,0.0
892.6,12.086942672729492,-0.05643679201602936,3.0938267044572916,0.00024651275348499196,0.0009552601708716812,0.0,-0.0,0.0,-0.0017873575910925866,-0.0006246107467450203,0,0,True,0.0,0.0
892.62,12.086942672729492,-0.05643679201602936,3.0938267044572916,0.00024651275348499196,0.0009552601708716812,0.0,-0.0,0.0,-0.0017873575910925866,-0.0006246107467450203,0,0,True,0.0,0.0
892.64,12.086942672729492,-0.05643679201602936,3.0938267044572916,0.00024651275348499196,0.0009552601708716812,0.0,-0.0,0.0,-0.0017873575910925866,-0.0006246107467450203,0,0,True,0.0,0.0
892.66,12.086942672729492,-0.05643679201602936,3.0938267044572916,0.00024651275348499196,0.0009552601708716812,0.0,-0.0,0.0,-0.0017873575910925866,-0.0006246107467450203,0,0,True,0.0,0.0
892.68,12.086942672729492,-0.05643679201602936,3.0938267044572916,0.00024651275348499196,0.0009552601708716812,0.0,-0.0,0.0,-0.0017873575910925866,-0.0006246107467450203,0,0,True,0.0,0.0
892.7,12.086942672729492,-0.05643679201602936,3.0938267044572916,0.00024651275348499196,0.0009552601708716812,0.0,-0.0,0.0,-0.0017873575910925866,-0.0006246107467450203,0,0,True,0.0,0.0
892.72,12.086942672729492,-0.05643679201602936,3.0938267044572916,0.00024651275348499196,0.0009552601708716812,0.0,-0.0,0.0,-0.0017873575910925866,-0.0006246107467450203,0,0,True,0.0,0.0
892.74,12.086942672729492,-0.05643679201602936,3.0938267044572916,0.00024651275348499196,0.0009552601708716812,0.0,-0.0,0.0,-0.0017873575910925866,-0.0006246107467450203,0,0,True,0.0,0.0
892.76,12.086942672729492,-0.05643679201602936,3.0938267044572916,0.00024651275348499196,0.0009552601708716812,0.0,-0.0,0.0,-0.0017873575910925866,-0.0006246107467450203,0,0,True,0.0,0.0
892.78,12.086942672729492,-0.05643679201602936,3.0938267044572916,0.00024651275348499196,0.0009552601708716812,0.0,-0.0,0.0,-0.0017873575910925866,-0.0006246107467450203,0,0,True,0.0,0.0
892.8,12.086942672729492,-0.05643679201602936,3.0938267044572916,0.00024651275348499196,0.0009552601708716812,0.0,-0.0,0.0,-0.0017873575910925866,-0.0006246107467450203,0,0,True,0.0,0.0
892.82,12.086942672729492,-0.05643679201602936,3.0938267044572916,0.00024651275348499196,0.0009552601708716812,0.0,-0.0,0.0,-0.0017873575910925866,-0.0006246107467450203,0,0,True,0.0,0.0
892.84,12.086942672729492,-0.05643679201602936,3.0938267044572916,0.00024651275348499196,0.0009552601708716812,0.0,-0.0,0.0,-0.0017873575910925866,-0.0006246107467450203,0,0,True,0.0,0.0
892.86,12.086942672729492,-0.05643679201602936,3.0938267044572916,0.00024651275348499196,0.0009552601708716812,0.0,-0.0,0.0,-0.0017873575910925866,-0.0006246107467450203,0,0,True,0.0,0.0
892.88,12.086942672729492,-0.05643679201602936,3.0938267044572916,0.00024651275348499196,0.0009552601708716812,0.0,-0.0,0.0,-0.0017873575910925866,-0.0006246107467450203,0,0,True,0.0,0.0
892.9,12.086942672729492,-0.05643679201602936,3.0938267044572916,0.00024651275348499196,0.0009552601708716812,0.0,-0.0,0.0,-0.0017873575910925866,-0.0006246107467450203,0,0,True,0.0,0.0
892.92,12.086942672729492,-0.05643679201602936,3.0938267044572916,0.00024651275348499196,0.0009552601708716812,0.0,-0.0,0.0,-0.0017873575910925866,-0.0006246107467450203,0,0,True,0.0,0.0
892.94,12.086942672729492,-0.05643679201602936,3.0938267044572916,0.00024651275348499196,0.0009552601708716812,0.0,-0.0,0.0,-0.0017873575910925866,-0.0006246107467450203,0,0,True,0.0,0.0
892.96,12.086942672729492,-0.05643679201602936,3.0938267044572916,0.00024651275348499196,0.0009552601708716812,0.0,-0.0,0.0,-0.0017873575910925866,-0.0006246107467450203,0,0,True,0.0,0.0
892.98,12.086942672729492,-0.05643679201602936,3.0938267044572916,0.00024651275348499196,0.0009552601708716812,0.0,-0.0,0.0,-0.0017873575910925866,-0.0006246107467450203,0,0,True,0.0,0.0
893.0,12.086942672729492,-0.05643679201602936,3.0938267044572916,0.00024651275348499196,0.0009552601708716812,0.0,-0.0,0.0,-0.0017873575910925866,-0.0006246107467450203,0,0,True,0.0,0.0
893.02,12.086942672729492,-0.05643679201602936,3.0938267044572916,0.00024651275348499196,0.0009552601708716812,0.0,-0.0,0.0,-0.0017873575910925866,-0.0006246107467450203,0,0,True,0.0,0.0
893.04,12.086942672729492,-0.05643679201602936,3.0938267044572916,0.00024651275348499196,0.0009552601708716812,0.0,-0.0,0.0,-0.0017873575910925866,-0.0006246107467450203,0,0,True,0.0,0.0
893.06,12.086942672729492,-0.05643679201602936,3.0938267044572916,0.00024651275348499196,0.0009552601708716812,0.0,-0.0,0.0,-0.0017873575910925866,-0.0006246107467450203,0,0,True,0.0,0.0
893.08,12.086942672729492,-0.05643679201602936,3.0938267044572916,0.00024651275348499196,0.0009552601708716812,0.0,-0.0,0.0,-0.0017873575910925866,-0.0006246107467450203,0,0,True,0.0,0.0
893.1,12.086942672729492,-0.05643679201602936,3.0938267044572916,0.00024651275348499196,0.0009552601708716812,0.0,-0.0,0.0,-0.0017873575910925866,-0.0006246107467450203,0,0,True,0.0,0.0
893.12,12.086942672729492,-0.05643679201602936,3.0938267044572916,0.00024651275348499196,0.0009552601708716812,0.0,-0.0,0.0,-0.0017873575910925866,-0.0006246107467450203,0,0,True,0.0,0.0
893.14,12.086942672729492,-0.05643679201602936,3.0938267044572916,0.00024651275348499196,0.0009552601708716812,0.0,-0.0,0.0,-0.0017873575910925866,-0.0006246107467450203,0,0,True,0.0,0.0
893.16,12.086942672729492,-0.05643679201602936,3.0938267044572916,0.00024651275348499196,0.0009552601708716812,0.0,-0.0,0.0,-0.0017873575910925866,-0.0006246107467450203,0,0,True,0.0,0.0
893.18,12.086942672729492,-0.05643679201602936,3.0938267044572916,0.00024651275348499196,0.0009552601708716812,0.0,-0.0,0.0,-0.0017873575910925866,-0.0006246107467450203,0,0,True,0.0,0.0
893.2,12.086942672729492,-0.05643679201602936,3.0938267044572916,0.00024651275348499196,0.0009552601708716812,0.0,-0.0,0.0,-0.0017873575910925866,-0.0006246107467450203,0,0,True,0.0,0.0
893.22,12.086942672729492,-0.05643679201602936,3.0938267044572916,0.00024651275348499196,0.0009552601708716812,0.0,-0.0,0.0,-0.0017873575910925866,-0.0006246107467450203,0,0,True,0.0,0.0
893.24,12.086942672729492,-0.05643679201602936,3.0938267044572916,0.00024651275348499196,0.0009552601708716812,0.0,-0.0,0.0,-0.0017873575910925866,-0.0006246107467450203,0,0,True,0.0,0.0
893.26,12.086942672729492,-0.05643679201602936,3.0938267044572916,0.00024651275348499196,0.0009552601708716812,0.0,-0.0,0.0,-0.0017873575910925866,-0.0006246107467450203,0,0,True,0.0,0.0
893.28,12.086942672729492,-0.05643679201602936,3.0938267044572916,0.00024651275348499196,0.0009552601708716812,0.0,-0.0,0.0,-0.0017873575910925866,-0.0006246107467450203,0,0,True,0.0,0.0
893.3,12.086942672729492,-0.05643679201602936,3.0938267044572916,0.00024651275348499196,0.0009552601708716812,0.0,-0.0,0.0,-0.0017873575910925866,-0.0006246107467450203,0,0,True,0.0,0.0
893.32,12.086942672729492,-0.05643679201602936,3.0938267044572916,0.00024651275348499196,0.0009552601708716812,0.0,-0.0,0.0,-0.0017873575910925866,-0.0006246107467450203,0,0,True,0.0,0.0
893.34,12.086942672729492,-0.05643679201602936,3.0938267044572916,0.00024651275348499196,0.0009552601708716812,0.0,-0.0,0.0,-0.0017873575910925866,-0.0006246107467450203,0,0,True,0.0,0.0
893.36,12.086942672729492,-0.05643679201602936,3.0938267044572916,0.00024651275348499196,0.0009552601708716812,0.0,-0.0,0.0,-0.0017873575910925866,-0.0006246107467450203,0,0,True,0.0,0.0
893.38,12.086942672729492,-0.05643679201602936,3.0938267044572916,0.00024651275348499196,0.0009552601708716812,0.0,-0.0,0.0,-0.0017873575910925866,-0.0006246107467450203,0,0,True,0.0,0.0
893.4,12.086942672729492,-0.05643679201602936,3.0938267044572916,0.00024651275348499196,0.0009552601708716812,0.0,-0.0,0.0,-0.0017873575910925866,-0.0006246107467450203,0,0,True,0.0,0.0
893.42,12.086942672729492,-0.05643679201602936,3.0938267044572916,0.00024651275348499196,0.0009552601708716812,0.0,-0.0,0.0,-0.0017873575910925866,-0.0006246107467450203,0,0,True,0.0,0.0
893.44,12.086942672729492,-0.05643679201602936,3.0938267044572916,0.00024651275348499196,0.0009552601708716812,0.0,-0.0,0.0,-0.0017873575910925866,-0.0006246107467450203,0,0,True,0.0,0.0
893.46,12.086942672729492,-0.05643679201602936,3.0938267044572916,0.00024651275348499196,0.0009552601708716812,0.0,-0.0,0.0,-0.0017873575910925866,-0.0006246107467450203,0,0,True,0.0,0.0
893.48,12.086942672729492,-0.05643679201602936,3.0938267044572916,0.00024651275348499196,0.0009552601708716812,0.0,-0.0,0.0,-0.0017873575910925866,-0.0006246107467450203,0,0,True,0.0,0.0
893.5,12.086942672729492,-0.05643679201602936,3.0938267044572916,0.00024651275348499196,0.0009552601708716812,0.0,-0.0,0.0,-0.0017873575910925866,-0.0006246107467450203,0,0,True,0.0,0.0
893.52,12.086942672729492,-0.05643679201602936,3.0938267044572916,0.00024651275348499196,0.0009552601708716812,0.0,-0.0,0.0,-0.0017873575910925866,-0.0006246107467450203,0,0,True,0.0,0.0
893.54,12.086942672729492,-0.05643679201602936,3.0938267044572916,0.00024651275348499196,0.0009552601708716812,0.0,-0.0,0.0,-0.0017873575910925866,-0.0006246107467450203,0,0,True,0.0,0.0
893.56,12.086942672729492,-0.05643679201602936,3.0938267044572916,0.00024651275348499196,0.0009552601708716812,0.0,-0.0,0.0,-0.0017873575910925866,-0.0006246107467450203,0,0,True,0.0,0.0
893.58,12.086942672729492,-0.05643679201602936,3.0938267044572916,0.00024651275348499196,0.0009552601708716812,0.0,-0.0,0.0,-0.0017873575910925866,-0.0006246107467450203,0,0,True,0.0,0.0
893.6,12.086942672729492,-0.05643679201602936,3.0938267044572916,0.00024651275348499196,0.0009552601708716812,0.0,-0.0,0.0,-0.0017873575910925866,-0.0006246107467450203,0,0,True,0.0,0.0
893.62,12.086942672729492,-0.05643679201602936,3.0938267044572916,0.00024651275348499196,0.0009552601708716812,0.0,-0.0,0.0,-0.0017873575910925866,-0.0006246107467450203,0,0,True,0.0,0.0
893.64,12.086942672729492,-0.05643679201602936,3.0938267044572916,0.00024651275348499196,0.0009552601708716812,0.0,-0.0,0.0,-0.0017873575910925866,-0.0006246107467450203,0,0,True,0.0,0.0
893.66,12.086942672729492,-0.05643679201602936,3.0938267044572916,0.00024651275348499196,0.0009552601708716812,0.0,-0.0,0.0,-0.0017873575910925866,-0.0006246107467450203,0,0,True,0.0,0.0
893.68,12.086942672729492,-0.05643679201602936,3.0938267044572916,0.00024651275348499196,0.0009552601708716812,0.0,-0.0,0.0,-0.0017873575910925866,-0.0006246107467450203,0,0,True,0.0,0.0
893.7,12.086942672729492,-0.05643679201602936,3.0938267044572916,0.00024651275348499196,0.0009552601708716812,0.0,-0.0,0.0,-0.0017873575910925866,-0.0006246107467450203,0,0,True,0.0,0.0
893.72,12.086942672729492,-0.05643679201602936,3.0938267044572916,0.00024651275348499196,0.0009552601708716812,0.0,-0.0,0.0,-0.0017873575910925866,-0.0006246107467450203,0,0,True,0.0,0.0
893.74,12.086942672729492,-0.05643679201602936,3.0938267044572916,0.00024651275348499196,0.0009552601708716812,0.0,-0.0,0.0,-0.0017873575910925866,-0.0006246107467450203,0,0,True,0.0,0.0
893.76,12.086942672729492,-0.05643679201602936,3.0938267044572916,0.00024651275348499196,0.0009552601708716812,0.0,-0.0,0.0,-0.0017873575910925866,-0.0006246107467450203,0,0,True,0.0,0.0
893.78,12.086942672729492,-0.05643679201602936,3.0938267044572916,0.00024651275348499196,0.0009552601708716812,0.0,-0.0,0.0,-0.0017873575910925866,-0.0006246107467450203,0,0,True,0.0,0.0
893.8,12.086942672729492,-0.05643679201602936,3.0938267044572916,0.00024651275348499196,0.0009552601708716812,0.0,-0.0,0.0,-0.0017873575910925866,-0.0006246107467450203,0,0,True,0.0,0.0
893.82,12.086942672729492,-0.05643679201602936,3.0938267044572916,0.00024651275348499196,0.0009552601708716812,0.0,-0.0,0.0,-0.0017873575910925866,-0.0006246107467450203,0,0,True,0.0,0.0
893.84,12.086942672729492,-0.05643679201602936,3.0938267044572916,0.00024651275348499196,0.0009552601708716812,0.0,-0.0,0.0,-0.0017873575910925866,-0.0006246107467450203,0,0,True,0.0,0.0
893.86,12.086942672729492,-0.05643679201602936,3.0938267044572916,0.00024651275348499196,0.0009552601708716812,0.0,-0.0,0.0,-0.0017873575910925866,-0.0006246107467450203,0,0,True,0.0,0.0
893.88,12.086942672729492,-0.05643679201602936,3.0938267044572916,0.00024651275348499196,0.0009552601708716812,0.0,-0.0,0.0,-0.0017873575910925866,-0.0006246107467450203,0,0,True,0.0,0.0
893.9,12.086942672729492,-0.05643679201602936,3.0938267044572916,0.00024651275348499196,0.0009552601708716812,0.0,-0.0,0.0,-0.0017873575910925866,-0.0006246107467450203,0,0,True,0.0,0.0
893.92,12.086942672729492,-0.05643679201602936,3.0938267044572916,0.00024651275348499196,0.0009552601708716812,0.0,-0.0,0.0,-0.0017873575910925866,-0.0006246107467450203,0,0,True,0.0,0.0
893.94,12.086942672729492,-0.05643679201602936,3.0938267044572916,0.00024651275348499196,0.0009552601708716812,0.0,-0.0,0.0,-0.0017873575910925866,-0.0006246107467450203,0,0,True,0.0,0.0
893.96,12.086942672729492,-0.05643679201602936,3.0938267044572916,0.00024651275348499196,0.0009552601708716812,0.0,-0.0,0.0,-0.0017873575910925866,-0.0006246107467450203,0,0,True,0.0,0.0
893.98,12.086942672729492,-0.05643679201602936,3.0938267044572916,0.00024651275348499196,0.0009552601708716812,0.0,-0.0,0.0,-0.0017873575910925866,-0.0006246107467450203,0,0,True,0.0,0.0
894.0,12.086942672729492,-0.05643679201602936,3.0938267044572916,0.00024651275348499196,0.0009552601708716812,0.0,-0.0,0.0,-0.0017873575910925866,-0.0006246107467450203,0,0,True,0.0,0.0
