t,x,y,yaw,roll,pitch,v,lateral,w,rim_left,rim_right,cmd_v,cmd_w,publishing,a,alpha
1201.8,12.071126937866211,-0.02936769463121891,3.121418221790291,0.0001660937208473794,-6.8893653146809e-05,-0.003090149033108019,0.0006900551786450147,0.002342451496491947,-0.01086966633796692,-0.010272149741649628,0,0.15,True,-0.0683933041635242,0.200332947423099
1201.82,12.071126937866211,-0.02936769463121891,3.121418221790291,0.0001660937208473794,-6.8893653146809e-05,-0.0037758185999145558,0.0015802528342395124,0.005348326884129652,-0.01086966633796692,-0.010272149741649628,0,0.15,True,-0.07594381794691872,0.22146502404276727
1201.84,12.071372985839844,-0.029427874833345413,3.12160561791001,0.00021237315907732002,-8.906716958828213e-05,-0.00547146433307696,0.004704989703732857,0.016026635793833344,-0.01086966633796692,-0.010272149741649628,0,0.15,True,-5.958595223531165e-05,0.22972691340543439
1201.86,12.071426391601562,-0.02950018271803856,3.121846087941021,0.0002603139199720483,-2.9105655307418626e-05,-0.006075505435747972,0.005162527655409512,0.017717201923405267,-0.0012246478348970414,-0.0014362911134958268,0,0.15,True,0.020668248815954453,0.22171288904366473
1201.88,12.07155704498291,-0.029752766713500023,3.1227003526538,0.0004864190973115573,-1.303939682647491e-05,-0.003094915909286853,0.006041517107792066,0.020720604568962218,-0.010472362935543062,-0.0010606923419982197,0,0.15,True,0.06876316142949285,0.0969233208543957
1201.9,12.07160472869873,-0.029790213331580162,3.122835597944166,0.00021535815362779163,-2.7007797966991428e-05,-0.002122358694635004,0.00635900888054,0.02308535800765711,-0.03571626201272011,0.003998388722538948,0,0.15,True,0.0765092214060756,0.2499428558851425
1201.92,12.071611404418945,-0.029915787279605865,3.12326326627553,0.0003319554580365015,-2.6961915983135022e-05,2.958858129310034e-05,0.0035891818496733914,0.023780501462199986,-0.033596558645367626,1.4963392168283464e-05,0,0.15,True,0.06999884091775736,0.3775155428164745
1201.94,12.071586608886719,-0.030011998489499092,3.123692916581637,0.0004819328922135978,-6.18004805224526e-05,4.523227674990617e-05,0.007463575440979276,0.03771263039425531,-0.009737321808934213,0.007124540098011494,0,0.15,True,0.08055566390979572,0.6202364011458128
1201.96,12.071549415588379,-0.03003980964422226,3.1246027927707742,0.00028619481214958514,-0.00026399727230394423,0.002504991364128643,0.0076458375156570405,0.05092184799425271,-0.046485371403396133,0.008951915502548218,0,0.15,True,0.07150186409603435,0.793349001223506
1201.98,12.071590423583984,-0.030387138947844505,3.1258526083757037,0.0005974107316683454,-8.922045729753459e-05,0.004322094418142792,0.010968095089099236,0.072704270099277,-0.1341108673810959,0.08413883537054062,0,0.15,True,0.09271473424064738,0.7956968909553118
1202.0,12.07140064239502,-0.030523961409926414,3.1273370141150667,0.000193166437082883,-0.0002665793575290973,0.005749737708970645,0.012314716459503074,0.08724842156002274,-0.1341108673810959,0.08413883537054062,0,0.15,True,0.043564441400702154,0.82694427702088
1202.02,12.071227073669434,-0.030883895233273506,3.129509258189574,0.0002057344623360374,-0.0004466248075957608,0.0074624110159949505,0.012878098313067571,0.10136838167062237,-0.1341108673810959,0.08413883537054062,0,0.15,True,-0.03127604096222361,0.6557281814670431
1202.04,12.071075439453125,-0.0310183297842741,3.1315826664955697,-2.3266343350028287e-05,-0.00036322559865484424,0.005990146676181645,0.010164830532762079,0.11707739015586295,-0.009427172541618348,0.04987418681383134,0,0.15,True,-0.05678355707927197,0.6576889363866238
1202.06,12.0709810256958,-0.0314100980758667,3.133962078909346,0.00046535360189056636,-0.0003528397968449784,0.001820011141167179,0.0067659636899795915,0.12516252461659275,-0.0882627010345459,0.14686395049095155,0,0.15,True,-0.12297534984376608,0.6193182029105521
1202.08,12.070913314819336,-0.031332310289144516,3.136703205327527,-0.00014245887057685863,-0.00029971503605844387,0.0012070531426330183,0.006695648606066157,0.1398635364709048,-0.02124132812023163,0.13671511173248294,0,0.15,True,-0.12697090205837416,0.506905846510012
1202.1,12.071077346801758,-0.03142404556274414,3.139522260158892,-0.0001478897932697944,0.00014662561989642588,-0.002375616971497388,0.0016166107412247455,0.15091383790342147,-0.08314820230007172,0.06202103734016419,0,0.15,True,-0.09750046894599194,0.5229294639257323
1202.12,12.070976257324219,-0.03155350312590599,-3.140413557766354,-0.00010392352130473485,-0.000508444459385656,-0.004167525488479049,0.004073073446387066,0.15762985787662703,-0.10015056282281877,0.05870475232601166,0,0.15,True,-0.11883317472011137,0.38940071616610705
1202.14,12.071170806884766,-0.03153982013463974,-3.137150121237943,-0.000367630193684237,0.000155086811478917,-0.005980026374527252,0.0036600643834726913,0.16699688173073218,-0.09249316960573198,0.058208637833595284,0,0.15,True,-0.04067216903068287,0.2998965808973167
1202.16,12.071247100830078,-0.031657762825489044,-3.1338717132219043,-0.00016580439277432698,-4.59278233821046e-05,-0.008299600834994265,0.002778828519695564,0.17101559376425357,-0.05942589908838273,0.08600804746150971,0,0.15,True,-0.019366970593379548,0.2025525326483069
1202.18,12.07155704498291,-0.03171472251415253,-3.1303032964822095,-0.00020288939132643232,0.0008160539735827451,-0.005629390493958305,0.004015408412087782,0.17490556437525318,-0.08897833406925203,0.0561860740184784,0,0.15,True,0.059136193689452256,0.02714549209121153
1202.2,12.07164192199707,-0.031770676374435425,-3.1267323102651874,-0.0002511954412211478,0.0011380145728027643,-0.005716883135952407,0.000389909781408472,0.1738340604885229,-0.09714003622531892,0.09614379346370698,0,0.15,True,0.11065783700663921,-0.04721302167739186
1202.22,12.071624755859375,-0.03185594826936722,-3.1231576760879354,9.531697595718065e-05,0.0008879775525874507,-0.0012491308793753746,-0.0024359859906128833,0.16916852109802713,-0.11594874858856202,0.11699732899665834,0,0.15,True,0.11069523115927041,-0.1480986011399764
1202.24,12.071704864501953,-0.03168215602636337,-3.119964988382835,0.0001310446008100141,0.0009870950750111287,0.0005530261255288193,-0.006405124520070432,0.16723855203006566,-0.13351837217807772,0.06312553524971008,0,0.15,True,0.13402422604009226,-0.0717733763697021
1202.26,12.071653366088867,-0.031518034636974335,-3.1167698147943796,0.0002216721360379801,0.0006847162347001023,0.003226227998775274,-0.009340555971852418,0.16305767628406584,-0.08705336511135102,0.0980169463157654,0,0.15,True,0.091071129923051,-0.008675415080637829
1202.28,12.071586608886719,-0.03125934302806854,-3.1133532261027943,1.2764996789077589e-05,0.0001626237037598969,0.005005054947245222,-0.008998200831957893,0.16809219037895196,-0.08705336511135102,0.0980169463157654,0,0.15,True,0.07408649656989413,-0.0501869502352254
1202.3,12.071348190307617,-0.031115340068936348,-3.110113061985222,-0.000165550662126616,-0.0004669031881082208,0.006036559514462079,-0.007146093365379577,0.16847448789157674,-0.08674965113401414,0.12175329566001893,0,0.15,True,-0.015629970642724693,-0.06630472590540205
1202.32,12.071284294128418,-0.0309738926589489,-3.106517613152531,-0.00024381674276470003,-0.0009240518216566675,0.006479945851114959,-0.002636933866409604,0.16322359601125128,-0.0637100487947464,0.05844961047172547,0,0.15,True,-0.037191083878068625,-0.179463104653625
1202.34,12.071152687072754,-0.03096183016896248,-3.1032918557630658,-0.0001149410280659472,-0.0012006968417158108,0.001975830347358436,0.001127949666531866,0.1577532982116385,-0.09391777873039246,0.09927366316318513,0,0.15,True,-0.10585746416468769,-0.2517206920380793
1202.36,12.071061134338379,-0.03106669709086418,-3.100295338421906,-1.8389897782946895e-05,-0.001412264103242913,0.0020297682370024376,0.004366988490540764,0.153735142006675,-0.041472920179367066,0.10079719603061676,0,0.15,True,-0.14916834750577765,-0.22890085894530923
1202.38,12.07119369506836,-0.03121156245470047,-3.0974927981282665,-1.9479168530442424e-05,-0.0007190590205822583,-0.0024320376187293045,0.0062691222322695484,0.14833683252849147,-0.0541372986137867,0.11572452366352082,0,0.15,True,-0.1421495546843434,-0.12313474448240432
1202.4,12.071136474609375,-0.03132965788245201,-3.0942188017919734,-2.6129954129023914e-05,-0.0005059008178473563,-0.005453521949370316,0.005547781777039539,0.14491152729559115,-0.11178339123725892,0.05795745968818665,0,0.15,True,-0.20877928419736091,-0.11823811281172122
1202.42,12.071369171142578,-0.03145429491996765,-3.0914249091607635,0.0001843235056989218,0.0001192757931139028,-0.009396134027411015,0.009695887113557492,0.14790251865302712,-0.04592250466346741,0.0987236088514328,0,0.15,True,-0.18054627123318198,0.044469082413283796
1202.44,12.071517944335938,-0.03148936107754707,-3.0887024162382364,-2.513192784303583e-05,0.0002992411532117637,-0.014672574498818714,0.008545447736156363,0.14427609298171903,-0.16170140624046328,0.11833290278911592,0,0.15,True,-0.1178033747652834,0.1688240024236022
1202.46,12.071983337402344,-0.03194856271147728,-3.085660596636035,0.0005079538744691523,0.0005834833646922729,-0.016875739317370728,0.00865217195878861,0.15189435912155094,-0.06025731623172761,0.044785763025283816,0,0.15,True,-0.01607184857539642,0.13392542685470543
1202.48,12.072344779968262,-0.03195028379559517,-3.0826767143534464,-7.082858422305488e-05,0.0009356015299480827,-0.014877791930584416,0.01095803171263033,0.15841744748946704,-0.08525056809186936,0.10745854258537293,0,0.15,True,0.070299653027648,0.20734067366984504
1202.5,12.072755813598633,-0.032069914042949677,-3.0792733604310505,-0.00023121950421376867,0.0014906742048683124,-0.01068188191344156,0.004149473071198017,0.1586165528013938,-0.08525056809186936,0.10745854258537293,0,0.15,True,0.13738465435078798,0.02255141655538241
1202.52,12.072757720947266,-0.03229440003633499,-3.0760290204390905,-0.00017229530519119202,0.0006245045989575325,-0.00904860225661199,0.005745893845577631,0.16086334687529155,-0.1064188325405121,0.07764117095619441,0,0.15,True,0.06771390620041952,-0.10957483336681223
1202.54,12.072856903076172,-0.03222665563225746,-3.072971272411935,-0.0004457393370720629,0.0003299002498696117,-0.005884966969317685,0.0011292075976489322,0.1536984724459799,-0.08711388885974884,0.052750447988510134,0,0.15,True,0.029335450175815857,-0.11092286705482379
1202.56,12.073097229003906,-0.03236154094338417,-3.0698076466034347,1.336043716686767e-05,0.00021521662025063352,-0.009460679434555782,-0.003918396581273727,0.14965146082013003,-0.05516681671142579,0.12611924588680268,0,0.15,True,0.037481673360140105,-0.17077658469976167
1202.58,12.07323169708252,-0.032127756625413895,-3.0669774826353833,-0.00010307381826848691,-6.258648323337932e-05,-0.008335045899378425,-0.005796696272552379,0.14974272343701597,-0.054829830527305605,0.056728246808052066,0,0.15,True,0.025813090263869902,-0.04974199397683468
1202.6,12.073490142822266,-0.031927451491355896,-3.064056903573491,-7.19341989640094e-05,4.967420172208567e-05,-0.0060500683878035085,-0.010156239678659178,0.14720122009932304,-0.09369182646274568,0.06699401497840882,0,0.15,True,0.11273440205680346,-0.0026546796857621112
1202.62,12.073487281799316,-0.03171450272202492,-3.0609918545369847,-0.0004821703556232849,-0.0005581644129754954,-0.003819919748209971,-0.007610016174111127,0.14971911292783674,-0.09697363555431367,0.0929090189933777,0,0.15,True,0.10505996016703897,0.010070314826801966
1202.64,12.073516845703125,-0.031513992697000504,-3.058031548995466,-0.0006287622867478858,-0.0008590718287106728,-0.00044192726999407446,-0.007990077017779415,0.14943908644526865,-0.04809135437011719,0.03303595304489136,0,0.15,True,0.12313672014020122,0.06663358411314248
1202.66,12.073487281799316,-0.0314963273704052,-3.054999953601133,-0.0005589469566254621,-0.0011505537267040456,6.975091400093615e-05,-0.0007127361588297584,0.1505483486231617,-0.049834289215505125,0.060046179890632635,0,0.15,True,0.10802220253096412,0.0203434354740627
1202.68,12.073472023010254,-0.03128752484917641,-3.0521017766578464,-0.0010142801286325289,-0.0008535433049233724,0.0038008692234316266,0.0024762013545808815,0.15253190682838474,-0.0683369529247284,0.06116918623447419,0,0.15,True,0.1085199059571616,-0.0659009778420659
1202.7,12.073476791381836,-0.03165818005800247,-3.0489479866471085,-6.43293607039789e-05,-0.0008891556074811476,0.00482185645428386,0.005637793761203704,0.1513465877657649,-0.04473913729190827,0.13843155205249788,0,0.15,True,0.13996685512900714,-0.10821392087292613
1202.72,12.07323169708252,-0.03173847123980522,-3.0458289964492065,4.783719421917797e-05,-0.0012213228201016764,0.008239665206570958,0.010351158521641639,0.14416700821790818,-0.072301225066185,0.10152563810348511,0,0.15,True,0.10991486445774173,-0.14138238369485628
1202.74,12.073144912719727,-0.031981103122234344,-3.042892226579883,0.0004167014364739641,-0.000889718110593131,0.011267099324311323,0.007930264441982074,0.14189123495333547,-0.07573822170495988,0.10993158921599389,0,0.15,True,0.10296525537047363,-0.029791268080349466
1202.76,12.072895050048828,-0.03217485174536705,-3.0405684160004243,0.0005310852391365613,-0.0008298530089473684,0.012594058380042968,0.005564895317407412,0.14122131613280653,-0.07198764562606812,0.05757090210914612,0,0.15,True,0.022551057977629418,0.3142781033743824
1202.78,12.07264232635498,-0.03237833455204964,-3.037596687850852,0.00044985307158791637,-0.0005521886803598086,0.013059076883914259,0.006839178977312866,0.1489632863193391,-0.0593724599480629,0.12693421363830568,0,0.15,True,-0.04049830096740298,0.38868846992703915
1202.8,12.072274208068848,-0.032283004373311996,-3.034531291158592,-0.00035600396066899707,-0.000387961245918738,0.010043749844779671,0.0075533511600709,0.1693092564878359,-0.14025972723960878,0.10548643052577973,0,0.15,True,-0.05654803767585906,0.3155460923691428
1202.82,12.072162628173828,-0.03263373300433159,-3.0309751636743467,-0.000121399538449088,0.0003488867644892417,0.008027235246922032,0.0057511532250635435,0.17298631254747032,-0.13231689274311068,0.1220974373817444,0,0.15,True,-0.049995189189978056,0.14404794132870435
1202.84,12.072160720825195,-0.03286151960492134,-3.0270236754814097,1.768977065989753e-05,0.0007575411651342726,0.008070215365978357,0.009962798778098155,0.166465003522315,-0.02370265364646912,0.10937674403190614,0,0.15,True,0.029699368403826195,-0.32423184865880583
1202.86,12.072054862976074,-0.03290650621056557,-3.023757782847067,-5.81618496430082e-05,0.0010549240693278822,0.009059461748719652,0.0044304860158546205,0.16048712162562498,-0.03591786980628968,0.08100609302520753,0,0.15,True,0.061045150431207035,-0.3815451338393337
1202.88,12.071723937988281,-0.03314860910177231,-3.0212140908767813,0.00022155344120074752,0.0006276097888328305,0.012419699317090359,-0.0012606718127547139,0.1433707085950813,-0.00801776945590973,0.13569844126701355,0,0.15,True,0.07006791732562856,-0.2500936711579613
1202.9,12.071484565734863,-0.033070918172597885,-3.018136193944272,0.0002243355008829123,0.0002453157311586722,0.012910847281428033,-0.0019557357698052388,0.14246270184026463,-0.04124567188322544,0.1379575425386429,0,0.15,True,0.07065873772174967,-0.2098322510920941
1202.92,12.071162223815918,-0.03288071230053902,-3.015554018793781,-0.0002742415109300728,-0.0002830497928034552,0.013675648752039476,-0.004922126378497867,0.14645750982963943,-0.11062938034534456,0.10317048132419587,0,0.15,True,0.012124516280603426,0.013821039461567746
1202.94,12.07101058959961,-0.03287842869758606,-3.0123607666998238,-0.00019690379180513278,-0.00026529451280007666,0.01471216076647055,-0.0045460750195121585,0.143700541538225,-0.06107843816280366,0.1337717616558075,0,0.15,True,-0.0026131328873297416,-0.04063190147987045
1202.96,12.070589065551758,-0.032895490527153015,-3.009497490090421,6.756835764246927e-05,-0.0009541645566034794,0.01338966061953775,0.0013957143966086935,0.14447639175200572,-0.11561232566833497,0.06647250771522523,0,0.15,True,-0.06584075762162359,-0.07724847993363805
1202.98,12.070270538330078,-0.032861944288015366,-3.0066401506212244,-0.000125557020493545,-0.0012368033622274209,0.012701796650441844,0.004591057083580294,0.13921214972187795,-0.14789912939071656,0.0709988796710968,0,0.15,True,-0.1421711819644224,0.003809106602921381
1203.0,12.070115089416504,-0.03313248232007027,-3.003995907453631,4.788475954130726e-05,-0.0012409477163599877,0.00840838814231438,0.008402537138424466,0.140277631434954,-0.15386615097522738,0.08539146125316621,0,0.15,True,-0.1168930077165583,0.06334801666255527
1203.02,12.070053100585938,-0.03337908908724785,-3.0012237947220837,-9.89863803274085e-05,-0.0006197717433196205,0.0033384662093271017,0.010675912669011007,0.14400527006645844,-0.05318245053291321,0.13388190269470215,0,0.15,True,-0.09980199118185555,0.20748825958201708
1203.04,12.070014953613281,-0.03365360572934151,-2.9982752795756347,-6.080458666670697e-05,-0.0003693205465329628,0.004038220002221592,0.01446242284230256,0.14954423308500553,-0.09049503266811372,0.08704635560512544,0,0.15,True,-0.05479910196043324,0.22564159997676916
1203.06,12.070125579833984,-0.03374498337507248,-2.995119729015918,-0.0004742685008105953,0.00032684085945913787,0.004717637355900662,0.013599968790507034,0.15581121048842422,-0.16145916521549225,0.0941327327489853,0,0.15,True,0.0761659229092623,0.17180201301867765
1203.08,12.069960594177246,-0.03432375565171242,-2.9920323688068415,8.111565618494461e-05,0.00023155574789535688,0.004024459985483708,0.015187041622933778,0.15832895943307912,-0.14043273687362673,0.11490593433380128,0,0.15,True,0.07435358465687461,0.05793599796185957
1203.1,12.069838523864746,-0.03451051935553551,-2.988758897883021,-0.00019944046773884375,0.0005874314579839183,0.009431740042062544,0.016441393216921625,0.15774943110794015,-0.1382930600643158,0.12786984086036685,0,0.15,True,0.0644615163472891,-0.027256785553546034
1203.12,12.069877624511719,-0.03490297868847847,-2.985608962821,2.5357206849675437e-05,0.0013765578912179768,0.009986506774766151,0.010402057714917114,0.15417911292195008,-0.024465363025665286,0.13660840034484864,0,0.15,True,0.13042630309726258,-0.18944287668017842
1203.14,12.069580078125,-0.03515983372926712,-2.9824997745272586,4.318983889590983e-05,0.0007634761595366778,0.009874558663693756,0.006537310228213713,0.15363066764413633,-0.11862189888954164,0.06566464126110078,0,0.15,True,0.009905784808073938,-0.22383302580301465
1203.16,12.069300651550293,-0.035269930958747864,-2.9796980397730617,0.00020497590914300695,0.0002914318494742081,0.014458564233284881,0.0012581744286062724,0.14317352929863555,-0.024979218244552615,0.13488877654075623,0,0.15,True,-0.018892885076887213,-0.09177304049955903
1203.18,12.069141387939453,-0.035152047872543335,-2.9764684444714664,-0.0001395106939081283,0.0004725486076660846,0.01022420282670999,-0.0015953393189144177,0.13984278904366437,-0.11708855688571931,0.08504029750823976,0,0.15,True,-0.021259304609021975,-0.04318063806875966
1203.2,12.06875228881836,-0.03518876060843468,-2.974155080477087,0.0002177168498530058,-0.0002130119962684592,0.008475075968612253,-0.003290493461975277,0.14683726968197117,-0.055671647191047675,0.08065975666046143,0,0.15,True,-0.11329727310590908,0.2572728761537945
1203.22,12.06875228881836,-0.03516839072108269,-2.9713123514037756,0.00040697077158805385,9.621837302873669e-05,0.008173814294973545,-0.005012050078332223,0.1501762165986387,-0.040188428163528446,0.0552867877483368,0,0.15,True,-0.025598537545042547,0.29932628601561984
1203.24,12.068588256835938,-0.03512336686253548,-2.9679510581985147,0.0006103294295854763,-0.00018780201024479093,0.005394782384820399,-0.002294772437952298,0.1637553593909204,-0.13664133667945863,0.11739535212516786,0,0.15,True,-0.053348618477846936,0.15314587655163145
1203.26,12.068428993225098,-0.03486769273877144,-2.9644543471435862,1.3405440852506918e-05,-0.0003484724690623558,0.008176319823108449,-0.0031019952113259643,0.16378889192489218,-0.0991495990753174,0.0952160394191742,0,0.15,True,-0.06249214117459751,0.12201427451072328
1203.28,12.0682954788208,-0.03508250415325165,-2.961054651725825,0.0006077121857699124,-0.0010123632735875648,0.00420718649038838,-0.004634799541436174,0.15908893980609054,-0.10420900642871858,0.10116045534610749,0,0.15,True,-0.0791845808114118,-0.14759420758888236
1203.3,12.06806468963623,-0.035039376467466354,-2.958209240049796,0.00044622154718798065,-0.0013905594390875534,0.0031744430010102916,-0.0032799063454950384,0.15993735855948768,-0.07143176674842835,0.0641654121875763,0,0.15,True,-0.1667769105327595,-0.07854107487428176
1203.32,12.068190574645996,-0.034819044172763824,-2.955223943014039,2.200802673742508e-05,-0.0009963603594497657,-0.0009399840800867835,0.00151278712217294,0.15194782278382055,-0.12997372746467592,0.09158966928720474,0,0.15,True,-0.10786560048242598,0.05921836753559001
1203.34,12.068131446838379,-0.03465601056814194,-2.951659358458839,-0.0005986979081418323,-0.000864136077323035,-0.0051658330195001765,0.004574776951940845,0.15750560593495536,-0.13376073002815247,0.06375578321516515,0,0.15,True,-0.11345999171704506,0.00819624496617826
1203.36,12.068391799926758,-0.0351874977350235,-2.9488988259031306,-0.00014449598615835058,-0.00021327609756820713,-0.00442206154819785,0.00870965816718663,0.16382640920893343,-0.05734675645828247,0.03822532415390015,0,0.15,True,-0.05935447038761489,0.189587413567438
1203.38,12.0685396194458,-0.03532075509428978,-2.9456087915749753,-0.00034452242009484654,0.0002586866341670435,-0.005902356336370857,0.016366597273433637,0.1605930581567832,-0.11206915378570557,0.1303353887796402,0,0.15,True,0.028133639260659964,0.05535566375057693
1203.4,12.068671226501465,-0.03543517366051674,-2.942117830277299,-0.0005548973985573816,0.0006362452959918087,-0.005688341711105152,0.010846155913641346,0.1671148158692449,-0.1276399248838425,0.0987263834476471,0,0.15,True,0.07634078815047753,-0.11431420321439616
1203.42,12.068849563598633,-0.03584832325577736,-2.9388119138062714,7.077240817871777e-05,0.0009600359009486414,-0.0029151418786430294,0.005355152773050701,0.16193405903501007,-0.08218448281288147,0.06283163458108902,0,0.15,True,0.1290032978469517,-0.22037848906604163
1203.44,12.069009780883789,-0.03594781085848808,-2.935529640633565,0.00030533228873342173,0.0013272822908543228,0.0016852015038521558,0.005731513115883815,0.15468127295176406,-0.07263234496116638,0.06681317910552026,0,0.15,True,0.15182966895935557,-0.3785474286945282
1203.46,12.068854331970215,-0.035693421959877014,-2.9326540668521863,-0.0003512365570967166,0.0013809587423827046,0.0044179074913758935,-0.006060935956082038,0.1429627790315159,-0.11115964531898499,0.05761115930974484,0,0.15,True,0.13455429011818815,-0.3233797341721161
1203.48,12.068633079528809,-0.03591157868504524,-2.929743328441169,0.00021699488419135767,0.0005765142805707832,0.006458031805632247,-0.007051151528138711,0.1368310215737102,-0.044362165629863747,0.17708395123481752,0,0.15,True,0.054009304236430834,-0.16651773364221908
1203.5,12.068403244018555,-0.03544730320572853,-2.9273748914837605,-0.0002160814214477216,0.00011357608392955531,0.007849201330802231,-0.0050811643360738346,0.1360636803012643,-0.13610456705093385,0.05280337810516358,0,0.15,True,0.023869253837622437,0.11053513709751535
1203.52,12.06838607788086,-0.035504963248968124,-2.9245831589076783,0.00027661672946781854,0.0003761144443877067,0.006005945842762693,-0.01068577090339707,0.14135985426039865,-0.13610456705093385,0.05280337810516358,0,0.15,True,0.016226355881325323,0.2179711590269221
1203.54,12.068154335021973,-0.035429708659648895,-2.921768972428095,0.0003671872303805639,2.431415493898624e-05,0.006327447798383952,-0.0029514585569651516,0.1518055899993091,-0.060738126635551455,0.08081238240003587,0,0.15,True,-0.022975319782336186,0.2530037885322988
1203.56,12.06797981262207,-0.035180218517780304,-2.9184345401003475,-1.3594557836931484e-05,0.00012207636937842015,0.007756140276137092,-0.0038514280056445157,0.1542687142958481,-0.08277301847934723,0.05714012414216996,0,0.15,True,-0.022133524493603077,0.15185159334972395
1203.58,12.06785774230957,-0.03532724827528,-2.915230444283827,0.00045994690275849223,-0.0003967782920488899,0.006011175748217008,-0.003909828238632774,0.1563039833838298,-0.07221435308456421,0.12469035387039186,0,0.15,True,-0.0559422947128201,0.04797187701213518
1203.6,12.067712783813477,-0.035341810435056686,-2.9122416617640217,0.0005250681065181718,-0.0005589342338163445,0.004235263883276058,-0.004510672748125902,0.15350798172836552,-0.07221435308456421,0.12469035387039186,0,0.15,True,-0.15570100988089386,-0.0319331280121547
1203.62,12.067615509033203,-0.03523283079266548,-2.9092646537574,0.00047990463742904734,-0.0006797451040238856,0.0018520642213624137,-0.006617488288933529,0.15564334016027642,-0.04276671022176743,0.09056715548038484,0,0.15,True,-0.16445579570156696,-0.09897820242566664
1203.64,12.067567825317383,-0.03490584343671799,-2.9061539015620546,-2.1102129118493043e-05,-0.0010891711555471421,-0.0046999405143584895,-0.0010927382890364944,0.15171406405487078,-0.14521584868431092,0.06854162007570268,0,0.15,True,-0.14853857425629022,-0.03218190008015047
1203.66,12.067591667175293,-0.03484618663787842,-2.9027789770709806,-0.00039039495171816306,-0.0011596034195452947,-0.007145287907933774,0.004415651115911086,0.14838572718976117,-0.10458132803440096,0.11304281175136567,0,0.15,True,-0.13222331185418792,-0.08423688207415603
1203.68,12.068058013916016,-0.0351690948009491,-2.9001045366396085,-3.879973544033967e-05,-0.00039429873645574514,-0.007647822057250127,0.008726798083682265,0.1509334297219485,-0.11025177240371706,0.04131193518638611,0,0.15,True,-0.015540842359976145,0.08882196391189716
1203.7,12.068254470825195,-0.0354408398270607,-2.8973937955821962,0.00010000842336326823,-0.0005080052066413959,-0.008725800726993065,0.011130293787941265,0.14890438959433092,-0.11025177240371706,0.04131193518638611,0,0.15,True,0.01862074839236907,0.2605021463960296
1203.72,12.068328857421875,-0.035437412559986115,-2.8940792271843097,-0.00043098848843304503,-0.00023786034589885007,-0.00594320790315545,0.009762809668549196,0.1588198211678161,-0.0861356955766678,0.06871170282363892,0,0.15,True,0.03722178856885505,0.24398316173453122
1203.74,12.06848430633545,-0.035541415214538574,-2.890866625903445,-0.0006946153067799853,1.7429141192086345e-05,-0.005655628036545604,0.008331704325603134,0.1692258989014246,-0.08873585522174836,0.05807403236627579,0,0.15,True,0.07368119184438815,0.23046526883771795
1203.76,12.068710327148438,-0.03580983355641365,-2.887398950946195,-0.00034141750069410364,0.0005219726280871457,-0.004670078971744431,0.009141463279390668,0.17045208266069325,-0.09896963000297547,0.054266439378261574,0,0.15,True,0.06344924600155376,0.03166646856101151
1203.78,12.06885814666748,-0.035974279046058655,-2.8838557236700946,-0.00018985068055668895,0.0009943643457343359,-0.002831305379447374,0.007966429505932486,0.16734161110133158,-0.086455157995224,0.10725908041000368,0,0.15,True,0.06448599645204467,-0.17050237602424695
1203.8,12.06887435913086,-0.03605128079652786,-2.8804430605714666,-0.00016884850181412742,0.001153326338683208,-0.0008672682230357661,0.001879848739859785,0.1613531386526947,-0.086455157995224,0.10725908041000368,0,0.15,True,0.08323290728963388,-0.2226406047712423
1203.82,12.068865776062012,-0.03609994426369667,-2.8774792970153507,0.0002477564219579558,0.000941650534271903,-0.0004967483203867215,-0.005946700639781046,0.15558570881949724,-0.03579846203327179,0.0910462510585785,0,0.15,True,0.08358855933690576,-0.09803790881760185
1203.84,12.068816184997559,-0.03593720868229866,-2.874490699853991,0.0003689332724773433,0.0006618376942036676,0.001988553611420224,-0.006824692284758849,0.15264083427901007,-0.10356907188892366,0.09629796922206879,0,0.15,True,0.0693773884975754,0.0642241825814801
1203.86,12.068772315979004,-0.03550466522574425,-2.871408866964546,-0.00035150104546870985,0.0008518664459413632,0.003855779367499005,-0.009704718933715176,0.15949857839593057,-0.1292263096570969,0.09502591073513032,0,0.15,True,0.07897879746283773,0.12090028101538527
1203.88,12.06857681274414,-0.035566654056310654,-2.868231793829122,0.0002865497049913083,9.110044975756942e-05,0.0046829228567809925,-0.010145176985329303,0.16649107325922305,-0.0540837186574936,0.13545862853527071,0,0.15,True,-0.005753631160584183,0.08483568470488853
1203.9,12.068361282348633,-0.0354340635240078,-2.8647194107436516,0.00047280588584603777,-0.0005675419641132973,0.005821555476652508,-0.00925640863777573,0.16525773130074675,-0.12577613890171052,0.10497247099876404,0,0.15,True,-0.05549012118649661,-0.13850704147682477
1203.92,12.068236351013184,-0.035256870090961456,-2.8611714139932274,0.0005412875362578153,-0.0008035665501089219,0.0015282631185725998,-0.007787943660943871,0.15942768905541427,-0.09787457406520844,0.11264332830905915,0,0.15,True,-0.12238642722019773,-0.32602091607896583
1203.94,12.068121910095215,-0.03491966053843498,-2.858188248460461,-0.00011545574619297458,-0.0011259056567624994,-0.0005834303274293044,-0.004049558622461412,0.14841801507776317,-0.10046163260936739,0.1458917945623398,0,0.15,True,-0.1285203320872818,-0.384280142586184
1203.96,12.068286895751953,-0.03500179201364517,-2.8554775787047006,-0.00016299860531272746,-0.0008604078424257871,-0.00510799132082592,0.002277925883578746,0.1404093999729295,-0.09295899093151093,0.060476117134094245,0,0.15,True,-0.11330296968856257,-0.287977338931138
1203.98,12.068315505981445,-0.03510997071862221,-2.8528459695374413,-0.00046724989373309424,-0.000942576279343156,-0.004460071090320686,0.011652990300713217,0.13451531989388,-0.05551092505455018,0.038828476518392566,0,0.15,True,-0.08576115375301718,-0.16104823275479996
1204.0,12.068679809570312,-0.03531636670231819,-2.8499386619954032,-0.00043158560020939424,-0.00025136083477217397,-0.007535974456504162,0.014574142599304623,0.13638950194094418,-0.10805014491081238,0.10888402998447419,0,0.15,True,-0.022398463232077274,-0.11863483147072605
1204.02,12.068729400634766,-0.035711705684661865,-2.84742702286896,-0.0004081065618202864,-0.0006177674057908072,-0.007444322627664439,0.01748823275599924,0.1355341564573909,-0.1018260580301285,0.06745343387126923,0,0.15,True,-0.028934377887504473,0.03816343655781153
1204.04,12.069199562072754,-0.03594513610005379,-2.844566418549435,-0.00027296552024611535,0.00017558401165354196,-0.006899868379390472,0.017658406458670804,0.13091861345528005,-0.08245816230773927,0.08805480241775514,0,0.15,True,0.06026353142155038,0.011262828482994968
1204.06,12.069291114807129,-0.036276258528232574,-2.84200323702086,-0.00019910270751496653,-9.699569077402209e-05,-0.006774821321318939,0.018661324199951656,0.13756839481850214,-0.11886715024709703,0.06850284457206726,0,0.15,True,0.07206244491869182,0.08622201664125023
1204.08,12.069621086120605,-0.036505624651908875,-2.8394651729189904,-0.0002013904418138564,0.0007896548376027514,-0.002714891942784516,0.01476629914645842,0.13729052821958296,-0.05439500749111176,0.10723112374544144,0,0.15,True,0.13470210206974906,0.16630789639728824
1204.1,12.069687843322754,-0.036978159099817276,-2.83642155128349,0.00015008974705075676,0.0007876863900233923,-0.0016793270341743374,0.014784763002207574,0.14243191778868464,-0.11328371345996857,0.09407727837562561,0,0.15,True,0.15241617450457465,0.04030105228934027
1204.12,12.069758415222168,-0.03700830787420273,-2.8335831762918784,-0.0002497576635524877,0.0012368474648163728,0.0038762997861796523,0.008212968139591333,0.144223245167051,-0.06947702825069428,0.030299477279186252,0,0.15,True,0.1582375493891821,0.0031982897004075666
1204.14,12.069774627685547,-0.03736402466893196,-2.830608683597743,0.00031229160686891544,0.0011197718803916097,0.005418472639070599,0.005287817113912727,0.1407924790016556,-0.10543507337570192,0.08782427936792374,0,0.15,True,0.1619923724225901,-0.08463909999859212
1204.16,12.069524765014648,-0.03722575306892395,-2.827927313305604,-0.0002068561532934446,0.0010397265435119088,0.00994411200837452,0.002993201697889764,0.13754639139561606,-0.05387382149696351,0.06519993603229524,0,0.15,True,0.1036340837274314,-0.06245710786350024
1204.18,12.069404602050781,-0.03751353546977043,-2.825158152963336,0.0005614455869828535,0.0010025904930828836,0.011280062759657917,-0.005161712210561966,0.13566078978878418,-0.043866996169090275,0.07185755252838136,0,0.15,True,0.09667982485227349,0.06636269723628468
1204.2,12.069075584411621,-0.03748153895139694,-2.822579464980208,0.00034025667191350383,0.0005632943219772339,0.012167026484390187,-0.0013627213928081514,0.13922667653796134,-0.07467062801122666,0.05309807986021042,0,0.15,True,0.041400186561849926,0.2178451425346402
1204.22,12.068788528442383,-0.03725240007042885,-2.8197558204146502,-4.708293867049242e-06,0.0006036036713198072,0.013152858627245443,-0.008076747866417348,0.14610149478055354,-0.03944446295499802,0.09645008802413942,0,0.15,True,-0.00785224315723254,0.28075754270768805
1204.24,12.06856632232666,-0.03742751106619835,-2.816789179182577,0.0007016942575209876,0.0002966599524689368,0.013256126933319502,-0.006504995902414901,0.15497400279837142,-0.00845557987689972,0.13358726978302002,0,0.15,True,-0.05864280693853449,0.23970516652262788
1204.26,12.068202018737793,-0.03723340108990669,-2.813470033380902,0.00040014700788575585,-5.125814737837134e-05,0.010651883307079885,-0.0038517438260241713,0.1581213932053788,-0.00845557987689972,0.13358726978302002,0,0.15,True,-0.15016135708788292,0.14178195537913907
1204.28,12.067904472351074,-0.03732677549123764,-2.8101815447563494,0.000694443523446913,-0.0008146047426842637,0.0074756019293116946,-0.006742168680653452,0.15840308985975413,-0.09674728274345398,0.1697000163793564,0,0.15,True,-0.2547186850657814,0.03788514356561888
1204.3,12.067882537841797,-0.0372353196144104,-2.8071061089582314,0.0007262594088921196,-0.0009545618023392488,0.0011399500602257348,-0.007432282933954918,0.15744405121087435,-0.13643224477767946,0.12705360889434816,0,0.15,True,-0.2347961119909995,-0.10482157445516956
1204.32,12.067825317382812,-0.03711207956075668,-2.8041169319938084,0.00025529557568791954,-0.0008612249887114665,-0.007121367871924476,-0.005965295108709439,0.15800481428361818,-0.05448881387710572,0.12273325800895692,0,0.15,True,-0.24256987255905396,-0.0880056302238064
1204.34,12.067920684814453,-0.036701709032058716,-2.8008745092840437,-0.0004124612223270333,-0.0007492769197887692,-0.00813180565218299,-0.00014027433218125962,0.14973566724897286,-0.14603305697441102,0.06392598748207093,0,0.15,True,-0.13249691490879387,-0.1390156685870859
1204.36,12.068284034729004,-0.036687836050987244,-2.7975411596136714,-0.0006192967422174263,-0.00024724256880041606,-0.011929987875394973,0.004025035966770741,0.15136263944185602,-0.14533049166202547,0.0968345469236374,0,0.15,True,0.03376342583373316,-0.198065377816766
1204.38,12.06849193572998,-0.03700735419988632,-2.7951272555782904,-0.00014184648430569271,-0.0007542727761185152,-0.00945980313249826,0.009850842099142672,0.14632279772388598,-0.13137461900711062,0.06895625114440919,0,0.15,True,0.052539431667661354,0.02472327943289092
1204.4,12.068832397460938,-0.03709328919649124,-2.7920079208384365,-0.0002813970942633217,0.00031361477048484816,-0.004420293805220603,0.014152584285961497,0.14215958405824627,-0.06527147889137269,0.06487893402576447,0,0.15,True,0.19077184590944887,-0.08326668184366828
1204.42,12.068900108337402,-0.03718596324324608,-2.78916868546611,-0.0005708364299512657,0.0008514828127710546,-0.003928651118761959,0.012387930428867551,0.15171352960360796,-0.06536929488182068,0.10360648095607758,0,0.15,True,0.14079046021674738,-0.1743368031171151
1204.44,12.06900405883789,-0.03763044252991676,-2.7861683928889898,5.579245186893987e-06,0.0006756244069330671,0.003331759797390434,0.007228849474883633,0.14470130489434968,-0.07941554844379425,0.1152202355861664,0,0.15,True,0.11066065516074733,-0.10202994027679653
1204.46,12.06912899017334,-0.037828993052244186,-2.782990173210013,0.00035961024025315397,0.0009261180639102108,0.0018034336848312866,0.006611818769522999,0.13237585347452946,-0.10652818500995637,0.13511012673377992,0,0.15,True,0.1191605791561379,-0.18849484574104025
1204.48,12.0687837600708,-0.0377282053232193,-2.780431816446899,-9.691583886040195e-05,0.0002074849155739038,0.004432558607631132,0.0008718095375182273,0.13399718883610998,-0.08229466140270233,0.1012297409772873,0,0.15,True,0.05085243588741279,0.0033108270188683254
1204.5,12.068950653076172,-0.037731897085905075,-2.7785786171881575,-3.272303939040656e-05,0.0007226253997434725,0.0056041952137204035,-0.002401115391024671,0.13663394194433845,-0.1089189773797989,0.03698905795812607,0,0.15,True,0.124671094702904,0.32253878707064565
1204.52,12.068696975708008,-0.03782099112868309,-2.7754486177821107,0.00010439850113559218,0.0003714265915319001,0.007399954668379757,-0.001078609767081323,0.1449661710558589,-0.08745363920927049,0.12183592438697816,0,0.15,True,0.017569965344654097,0.3258505607800184
1204.54,12.068641662597656,-0.0378086231648922,-2.7720594578544757,0.0002485743310160942,0.0005762042675325701,0.011777121261054535,-0.0023022347739501034,0.15817895644015764,-0.05489538192749024,0.14560601949691773,0,0.15,True,-0.03616883366784902,0.30065699221571435
1204.56,12.06820011138916,-0.03785958141088486,-2.768834522762441,0.0004322331198967189,-0.0006609851560883066,0.005838155835202181,-0.004808239852301001,0.16006523369848774,-0.08456353425979615,0.06485775947570802,0,0.15,True,-0.13377671722991194,0.22267858852658512
1204.58,12.068005561828613,-0.037900444120168686,-2.7659243006729564,0.0007902528231891377,-0.0013320503192456794,0.002710688520295114,-0.008527981130575445,0.16068650132157372,-0.0864198225736618,0.11694162011146547,0,0.15,True,-0.2544066848115851,0.10559598281316793
1204.6,12.068121910095215,-0.03763284161686897,-2.7626433990862433,0.00043171037506741124,-0.0005717650537995045,-0.0033021827100034643,-0.003974923896180148,0.1627804581379695,-0.04882443606853486,0.05017746686935425,0,0.15,True,-0.1186779155083825,0.06765994715956204
1204.62,12.06818962097168,-0.037253525108098984,-2.7592045377487615,-0.0004993747541503549,-0.0003063728677359993,-0.008575413523853765,0.00046634079625121946,0.1666266350652034,-0.16264488577842715,0.0648927903175354,0,0.15,True,-0.07698690201540237,0.0536144821902494
1204.64,12.068327903747559,-0.037466417998075485,-2.755812086111378,-0.0004165000997710245,-0.0006077994526354655,-0.003656077405486767,0.0026246425346201615,0.16547802947126317,-0.06345279157161714,0.10116154015064241,0,0.15,True,-0.0072408639747655905,0.0007695591493452451
1204.66,12.068655967712402,-0.037679072469472885,-2.7525941698677143,-0.0003350106190101774,-0.0003308259645490121,-0.0034482636409489792,0.009471994921713498,0.16497565989680196,-0.051747279167175295,0.15416657924652102,0,0.15,True,0.11132927902292342,-0.05551045011611056
1204.68,12.068471908569336,-0.03771732375025749,-2.7494051567285167,-0.0007744774205730895,-0.0006662358733575454,-0.003881451827985831,0.008268978705097012,0.16284202286991725,-0.051747279167175295,0.15416657924652102,0,0.15,True,0.020221680804599296,-0.03470130941500489
1204.7,12.068732261657715,-0.03785004839301109,-2.746006484956992,-0.0006925309837318062,0.00020777317274489466,0.00033092879799732217,0.009949331337318705,0.16218579905590597,-0.09242990255355836,0.0808291780948639,0,0.15,True,0.0581287441636943,-0.13496695073521783
1204.72,12.068867683410645,-0.0379590280354023,-2.7427847242817966,-0.0006940914041685157,0.0006342150281693127,-0.002038342941120295,0.011985694393740552,0.1627019247180653,-0.07667451232671739,0.09391590118408204,0,0.15,True,0.10231976755467483,-0.23184765565003346
1204.74,12.068938255310059,-0.038423750549554825,-2.7396193059432536,0.00016347710012047686,0.0006373472789753979,0.0012020358921423352,0.007611300522341175,0.15417830383799436,-0.0891746336221695,0.09843003988265993,0,0.15,True,0.04298880452156392,-0.2617030762576314
1204.76,12.068994522094727,-0.038537610322237015,-2.7363890027510833,0.0005450041045066779,0.0008948786181327503,0.004304129576380711,0.003774570487764925,0.14429421041793145,-0.1182226073741913,0.12409466266632081,0,0.15,True,0.1121854333301438,-0.3160021906092382
1204.78,12.06888198852539,-0.038448039442300797,-2.7336722206499635,0.00015474532295509146,0.0011629656730242684,0.003770033159719308,0.0010308405403777574,0.1412495529553145,-0.06410443782806396,0.15768798828125002,0,0.15,True,0.10307111975342291,-0.1314998858607425
1204.8,12.068670272827148,-0.03837227821350098,-2.7312411874483726,-0.00023860942733043206,0.0008944154120221879,0.006936491725283047,-0.003807933657579878,0.13742174946934924,-0.06515756607055664,0.04387958407402039,0,0.15,True,0.07341571648339326,0.15258083272988962
1204.82,12.068694114685059,-0.03861909732222557,-2.7283193417068388,0.0004093250556421208,0.0007066008260670516,0.009447725472408668,-0.0011632662087046938,0.14365831296914452,-0.06312055140733719,0.056375212818384174,0,0.15,True,0.09080938449558679,0.22028816327467318
1204.84,12.068364143371582,-0.03847964107990265,-2.7253952627935454,-0.00013978659914716006,0.00038212452152966826,0.01017738689504683,-0.0033950758367114614,0.15650067703631151,-0.06376534879207611,0.08835321128368379,0,0.15,True,0.07476925985086849,0.29183281841603387
1204.86,12.06815242767334,-0.03866635635495186,-2.7221795556124424,0.000368778738792379,-0.00016111510793094628,0.011034783919359643,-0.007159280506886278,0.15887260601727232,-0.10323362946510316,0.13141101002693178,0,0.15,True,0.046716924075475744,0.12940386444360302
1204.88,12.067815780639648,-0.03845302388072014,-2.7187211332854435,-0.0001795973402906646,-0.0006637592180351226,0.012918032513364087,-0.006385153238402962,0.16076837494267707,-0.06821356058120728,0.09454769968986512,0,0.15,True,0.0435152461195099,-0.19611110478642715
1204.9,12.067654609680176,-0.03845548629760742,-2.7156095332254324,-0.0001401176451425077,-0.0005670613158100966,0.013185079398453951,-0.0026771801946298976,0.15401062212465277,-0.10420406222343445,0.04703684926033021,0,0.15,True,0.07848856004243804,-0.22418774264422187
1204.92,12.067212104797363,-0.03843792900443077,-2.7125337927981064,-0.0003575924074937533,-0.0008699616690178122,0.01365860658461435,0.005843105260689755,0.14081178865336702,-0.10527593672275544,0.06791379231959582,0,0.15,True,0.05562505750322797,-0.28375621748067675
1204.94,12.067103385925293,-0.038907185196876526,-2.7098587058424464,0.0003943792397605377,-0.0008819876961596617,0.01731386872276682,0.006527390964789594,0.1409375866056999,-0.1305682420730591,0.10439948976039888,0,0.15,True,0.062377927456193694,-0.0779556418906977
1204.96,12.0670166015625,-0.03933267667889595,-2.7074561901931844,0.0006642441307931818,-0.0005355301121620549,0.017368037113618277,0.014844419748550173,0.13806787754424357,-0.06824592947959901,0.09765021145343782,0,0.15,True,0.03448183363990465,0.19932399872324616
1204.98,12.066615104675293,-0.039509356021881104,-2.7043345262969867,-4.873639021282611e-05,-0.0006250753048287105,0.018175313594944908,0.011632465140477654,0.14777417077340263,-0.05965543329715729,0.14035005390644076,0,0.15,True,-0.028553378589961584,0.16384168334190197
1205.0,12.066451072692871,-0.04009975492954254,-2.701488362594577,0.0003010360291135872,-0.0006573524758150105,0.016417153275804213,0.012421859723061951,0.1567577085512122,-0.10993072032928468,0.09473639309406282,0,0.15,True,-0.06489807990691372,0.18117687065851878
1205.02,12.066180229187012,-0.04036594554781914,-2.698036772180585,-3.859886312631799e-05,-0.0002586139373911364,0.015029598435571973,0.015438056481888174,0.15404492127304015,-0.0643024480342865,0.09676411390304566,0,0.15,True,-0.09898780913350468,-0.051141049765927545
1205.04,12.066251754760742,-0.04079126939177513,-2.694915573509099,0.00017096735834096422,0.0008957864587990596,0.012176190721069902,0.009333154782059058,0.1525620271969119,-0.1537740343809128,0.1345182991027832,0,0.15,True,-0.07062790984387796,-0.203950990637313
1205.06,12.066059112548828,-0.04114088788628578,-2.6920109325951547,0.00014454975023070026,0.0007661627227625004,0.010256288864271736,0.0046045978085863404,0.14368288679213215,-0.03534823060035706,0.08675226092338563,0,0.15,True,-0.07438230965862652,-0.19902764381212876
1205.08,12.065895080566406,-0.04119393229484558,-2.689283400418835,0.00014259438590706077,0.000740579352446933,0.010766920488299116,-0.00015357308899293948,0.140441629300242,-0.06931877717375756,0.1295392465591431,0,0.15,True,-0.06440970798963958,-0.23945359333009247
1205.1,12.065601348876953,-0.041054289788007736,-2.686542141237225,-0.00025443768322078105,0.0006729883735637132,0.009079013662887263,-0.007971523653973184,0.13812270976808433,-0.1297364765405655,0.09119075119495393,0,0.15,True,0.0026914388283003276,-0.14676393217327668
1205.12,12.065471649169922,-0.041156668215990067,-2.6836802431650897,0.0003002316734944146,0.0005075181365384643,0.007023414081903422,-0.009641090129102999,0.13340573973052192,-0.14497805535793307,0.05231960952281953,0,0.15,True,0.005562680326904315,-0.08275996014871882
1205.14,12.065126419067383,-0.04088728502392769,-2.6809611158136866,-0.00032503524227936795,0.000311220412855134,0.010471603970536179,-0.007593069225164796,0.13194177221824732,-0.15650938153266908,0.08384934902191163,0,0.15,True,0.023208566326301788,0.03751405416433964
1205.16,12.06505012512207,-0.040750496089458466,-2.6786109412403727,-0.0004548046561842689,0.0006548508789177861,0.011211934914452321,-0.006472402618441965,0.1338208324883317,-0.11202779769897463,0.07317869424819946,0,0.15,True,0.05016621387441033,0.26608293722692006
1205.18,12.064580917358398,-0.04088253900408745,-2.6759867994597446,-0.00035561478688319893,-0.00017619360814851988,0.010935698968994994,-0.0016010778297686585,0.1411238341012373,-0.0802731364965439,0.1591738533973694,0,0.15,True,-0.03673348944660397,0.41395430650191595
1205.2,12.064437866210938,-0.04109398275613785,-2.6729745765660025,-0.00011826308273980072,-0.0005469553830657785,0.011036711191864005,-0.0020846964669138258,0.15469237470871666,-0.10743319988250734,0.0702410101890564,0,0.15,True,-0.01914619487497784,0.42315037451873305
1205.22,12.064287185668945,-0.041165612637996674,-2.669671209085598,-0.00019575096250297298,-0.0008158371813180959,0.007532924814810534,-0.003308349070884875,0.16505811673837048,-0.058878704905509956,0.10004184246063233,0,0.15,True,0.003542255889030028,0.38661901206126903
1205.24,12.064187049865723,-0.04100048169493675,-2.6662355512636866,-0.0005911784426582507,-0.0004452214275708296,0.009680239324455487,-0.0020836614578096384,0.16767286244979956,-0.058878704905509956,0.10004184246063233,0,0.15,True,-0.0034390941627249778,0.1716927077586795
1205.26,12.063923835754395,-0.04092075675725937,-2.662782150120687,-0.0006804724733423074,-0.0003894673375467298,0.011219079440117139,-0.0018813475997490068,0.1720533550661107,-0.09686453342437745,0.14518559098243713,0,0.15,True,0.00450600272115623,0.05679039057172072
1205.28,12.06367301940918,-0.04130018875002861,-2.6595607475700307,0.00020875186665083751,-0.000848907910660551,0.010761583658846257,0.000434154338025493,0.16842779132939853,-0.07966892540454865,0.1400949162244797,0,0.15,True,-0.08846091173312562,0.039027528371262284
1205.3,12.063421249389648,-0.041445542126894,-2.6559069406803215,0.00041528474793960915,-0.0008456977306412303,0.007893405032502705,0.0039728236341967605,0.169601347984104,-0.057333375811576846,0.0779731172323227,0,0.15,True,-0.15155527903028515,-0.13491596574912573
1205.32,12.063440322875977,-0.04143036529421806,-2.652761327957347,0.00018763077196125695,-3.962181929842176e-06,0.002603366385811874,0.005351517590919667,0.1707950647194977,-0.05834121398627758,0.06321774363517761,0,0.15,True,-0.16101542676366654,-0.16195779106712216
1205.34,12.06351375579834,-0.04149660840630531,-2.649214042281971,0.00010485788193942941,0.00047071290949132316,-0.0009053428822946472,0.004314115950971281,0.16126007780619045,-0.06814342588186265,0.11366761326789857,0,0.15,True,-0.10154917262207074,-0.39829396992448485
1205.36,12.063690185546875,-0.04177597165107727,-2.6458971423924833,0.0004563166197766449,0.0005547733828566538,-0.002119650482235349,0.001418357315831822,0.15547116804404054,-0.13391233563423158,0.09239030718803407,0,0.15,True,-0.0573445508494396,-0.42673990402944945
1205.38,12.063648223876953,-0.041715435683727264,-2.6430061344558013,0.00032319152696893,0.00040552081507585504,-0.00023052877727865596,-0.0016698791160503499,0.13773783039008364,-0.13391233563423158,0.09239030718803407,0,0.15,True,-0.030788484030792426,-0.2937897128590319
1205.4,12.063643455505371,-0.041449520736932755,-2.6403236345137997,-0.00022924705324976882,0.0006592455882653337,-0.0019841976821521603,-0.004390149976289206,0.13665587239707577,-0.11693881630897524,0.1140002977848053,0,0.15,True,-0.030906476366540203,-0.21576168717592323
1205.42,12.06346607208252,-0.041370462626218796,-2.638195015850743,-0.00039227700920873096,0.00036959916232384753,-0.0033684216047628014,-0.007302520860750541,0.13775690077742248,-0.09210491180419923,0.1060583519935608,0,0.15,True,-0.09748727379933735,0.1647325990295513
1205.44,12.063660621643066,-0.04139168933033943,-2.634964672600696,0.00011186695741327799,0.00034821360226914823,-0.004592168591563344,-0.008348775211141484,0.13821023306993332,-0.09306515574455262,0.10053515315055848,0,0.15,True,-0.007897506843487301,0.2596674963472308
1205.46,12.063602447509766,-0.04107370972633362,-2.6319855823936176,-0.0001403575120895494,0.00012207425782981174,-0.00802951068121855,-0.008576664253847885,0.15091643831243576,-0.12259886741638185,0.05594131708145142,0,0.15,True,0.03016473509351897,0.3312896689138452
1205.48,12.063640594482422,-0.040687255561351776,-2.629266815868215,-0.00029897919042138797,0.00010133604621576149,-0.00261599822963057,-0.011703637955668566,0.15742927210483534,-0.18262150287628176,0.06624553948640824,0,0.15,True,0.07914629949428717,0.3881974357085436
1205.5,12.063692092895508,-0.04045814648270607,-2.626121700785759,-0.00040930926408054276,0.0003237292763096624,-0.0009552427972834786,-0.010150113616577663,0.164260074290506,-0.08879097998142244,0.10692262828350069,0,0.15,True,0.13881168115306733,0.2859605573094988
1205.52,12.063384056091309,-0.04047302156686783,-2.6223703308323207,-0.00040996611875492207,-0.0008915765694631441,0.0017395353679738712,-0.0015449731292195828,0.16926602792658857,-0.12006881952285768,0.0954769265651703,0,0.15,True,0.06784858502581906,0.11915277013580852
1205.54,12.063268661499023,-0.04032954201102257,-2.618844776450389,-0.0004804196628860987,-0.0008118209771012428,0.003075423811016736,-0.0013244255334917254,0.17379328289717486,-0.10388215899467469,0.0758653211593628,0,0.15,True,0.05314687278030038,-0.030061719288098088
1205.56,12.063458442687988,-0.04064900055527687,-2.6157255336341003,0.00041813976231432656,-0.0006779261007199152,0.0028118885724300177,0.004488691147853355,0.16696149371569136,-0.1092236739397049,0.15982432305812838,0,0.15,True,0.0147392053045733,-0.13102958819946106
1205.58,12.06342601776123,-0.04048917815089226,-2.612218238153998,-0.0001382322795844491,-0.0003889532724523114,0.0032965070251366846,0.005209403507787988,0.16185513674746033,-0.1092236739397049,0.15982432305812838,0,0.15,True,0.0005515586375379316,-0.22189087111474612
1205.6,12.063369750976562,-0.04089651629328728,-2.6090134113350776,0.00024533864117533337,-0.0006579591453737016,0.002918671792338663,0.00650156997422446,0.15878366087064122,-0.10132221221923829,0.059505000114440924,0,0.15,True,-0.02795961591747887,-0.15120629795091964
1205.62,12.063251495361328,-0.04082242771983147,-2.605896365510604,-0.00030360612195369274,-0.0002927646900307455,0.0031195485020197302,0.008338110263695723,0.1560420132080113,-0.0338644015789032,0.17333999872207642,0,0.15,True,-0.02779844371406302,-0.04080994639829571
1205.64,12.063521385192871,-0.041215647011995316,-2.6030228407644245,0.0005823944815334923,-9.427366008458628e-05,0.0005751192990273851,0.0033564698911708237,0.1548649898795944,-0.1232553118467331,0.06123723268508912,0,0.15,True,-0.004717944121561808,0.053116870427674
1205.66,12.063551902770996,-0.041190169751644135,-2.5997348770973328,0.000326847571351444,0.0005075561717999333,0.001072631528007345,0.004833050176314878,0.15859034103559036,-0.05787134289741517,0.1029690080881119,0,0.15,True,0.03341776067424947,0.08987442354832313
1205.68,12.063467979431152,-0.04115062206983566,-2.596624212144686,1.7327495119189986e-05,0.00046175408147916086,0.0025412362626129887,-0.0008670718142753812,0.16303301050486335,-0.1197400987148285,0.06364718437194825,0,0.15,True,0.09848691062554718,0.0704430971282351
1205.7,12.063377380371094,-0.041197940707206726,-2.5932091382277322,-0.0003667193536323421,0.0008355622470569409,0.005792969355964855,0.0027599464872488247,0.16323196709189106,-0.06237401187419892,0.06827409997582436,0,0.15,True,0.14602772068492062,-0.17626172453325126
1205.72,12.063311576843262,-0.041261717677116394,-2.5899801999240473,-0.0005579393787174372,0.0012159162854124854,0.008454072149063994,0.001887881203659922,0.1605004376498481,-0.1365140473842621,0.11407765686511995,0,0,True,0.14487183149839963,-0.5000809188049423
1205.74,12.063271522521973,-0.04162018373608589,-2.5866763197299933,0.00022864440810741796,0.0010159536720125786,0.01275484918279037,-0.0003755483604730098,0.14448940307294308,-0.1227791202068329,0.13890389263629915,0,0,True,0.11329166205359122,-0.8090244884323562
1205.76,12.062971115112305,-0.041633687913417816,-2.58378417713271,9.676224057851949e-05,0.0011066644060416062,0.014130982782474419,0.0029886897914817743,0.12302653700050435,-0.09278252243995667,0.13464410722255707,0,0,True,0.09269068888587577,-1.1346677618068
1205.78,12.062494277954102,-0.0417100191116333,-2.5816499859819073,-0.0003659649812808474,0.0007404221598234133,0.01485630232024391,-0.0050517594566294195,0.09851000801736143,-0.107016259431839,0.06281248152256012,0,0,True,-0.027495083386206445,-1.222275631562883
1205.8,12.062479019165039,-0.04206296429038048,-2.580138076964016,0.00015919795388290344,0.0005327585255841448,0.01586932725992731,-0.004951596508948588,0.06972701670538664,-0.008965317010879518,0.06046092361211777,0,0,True,-0.03961015086470205,-1.24914395009283
1205.82,12.062049865722656,-0.04190902039408684,-2.5787955190886116,-0.00036248390257725673,9.106897256440193e-05,0.010555242511895855,-0.0010752709998140039,0.04670735254800136,-0.034868004322052004,0.09258398860692979,0,0,True,-0.09620042783771468,-1.2373496663602983
1205.84,12.061685562133789,-0.041974302381277084,-2.578206015796284,-0.0005226384722051911,-0.00042979545637023296,0.010962170713301137,-0.006351519547780147,0.02309502099316884,-0.05374080985784531,0.09283900320529939,0,0,True,-0.12404629773634349,-0.9812631365833961
1205.86,12.061734199523926,-0.04208780825138092,-2.5779133977780706,-7.997064982804783e-05,0.000177201579315711,0.007160268093233734,-0.0001623423881091748,-0.00047796529137241524,-0.05374080985784531,0.09283900320529939,0,0,True,-0.039753228975199874,-0.7264880809923105
1205.88,12.061466217041016,-0.042101722210645676,-2.578290475284559,-0.0002732866684542325,-9.130660583550821e-05,0.005945623441000653,0.0011540851509370207,-0.008774034221436773,0.004998067393898965,0.010266231298446657,0,0,True,-0.048261780146080846,-0.3857155532601885
1205.9,12.061558723449707,-0.042204100638628006,-2.5788337563119215,4.612588307657306e-05,0.00028416447470804197,0.0073749841938737185,0.0001397151583062469,-0.01141169393149581,0.010674410909414293,0.008926259875297547,0,0,True,0.033595477862216824,-0.011192993870026677
1205.92,12.061332702636719,-0.04230635240674019,-2.5789079385340004,-0.00024871616710254356,7.022780791328577e-05,0.007101228301607207,0.0010917067117584773,-0.0077622232677058796,0.00595226850360632,0.0020612404868006707,0,0,True,0.07193393333806612,0.10464708981730929
1205.94,12.061241149902344,-0.04241203889250755,-2.578826333292592,-0.00015730141486660506,-0.00014930718546248844,0.009847906322216275,-0.0005205434369973186,-0.00137340480097628,0.012150644212961198,0.009834851473569871,0,0,True,0.0327510693835617,0.13150211305529325
1205.96,12.06103229522705,-0.04247865080833435,-2.5789114531459747,-0.00034569780701893053,-0.0003786559859075049,0.01170033810804071,4.863130555306499e-05,-0.00040226703605964425,0.0026477763056755067,0.003263027891516686,0,0,True,0.04791575121615822,0.1019979373702763
1205.98,12.060870170593262,-0.0425892099738121,-2.5789436286959995,-0.00015221918653258356,-0.00031817566084429717,0.009995069744556271,-0.00026378381155720346,-0.0008915248870819185,0.009498359188437463,0.009273978844285012,0,0,True,-0.001072945661026014,0.028588422338448424
1206.0,12.060543060302734,-0.04280897229909897,-2.578940119896885,-0.0003992462466296929,-0.0007817091929250332,0.010934488398896379,0.0002871843561317788,0.0003976117219088035,0.008657914958894253,0.008529341891407968,0,0,True,-0.051206639200661735,-0.00984425754193122
1206.02,12.060553550720215,-0.04282072186470032,-2.5788976552835585,-0.0002589241454797596,0.00017019098909699327,0.009762070669334271,0.0006177350442045345,0.0009136689860975138,0.014364110156893732,0.015187425166368486,0,0,True,-0.007328247482201255,0.006215089259850795
1206.04,12.060304641723633,-0.04296470806002617,-2.578879644208222,-0.0004843145123478485,-2.522501450059646e-05,0.007603806971991496,-0.0019551514618765834,-0.0011898076394134256,0.005491137653589249,0.0040400937199592596,0,0,True,-0.05221956956894055,-0.022203943650141313
1206.06,12.060235977172852,-0.04304762929677963,-2.5788705351771117,-7.817573664636389e-05,0.00016794929906326946,0.009408809945980704,-0.001059880225418921,-0.0003943177462943071,0.013362846523523332,0.011857964470982552,0,0,True,-0.03336272641051268,-0.009469363403425423
1206.08,12.059945106506348,-0.0430011972784996,-2.579035304508038,-0.00037206112681617597,5.740489282611864e-06,0.006756922833384934,-0.0001684678038171676,-0.0013787037701008858,0.006246595531702042,0.005540351271629334,0,0,True,-0.021461753885825663,0.08185280750780415
1206.1,12.059871673583984,-0.04315056651830673,-2.578929200703262,-0.00012164042941799009,2.293869181410811e-05,0.0070930525564956845,-0.001491000972300172,0.00015611991382416892,0.005453455559909344,0.0062056008726358415,0,0,True,-0.043260396040441726,0.08475129982889744
1206.12,12.059840202331543,-0.04324161261320114,-2.57898994050983,9.276830867393192e-05,0.00031640454250853457,0.005886866661127005,-0.0007439529183812638,0.00535841696120495,0.0061553697288036354,0.005659550167620183,0,0,True,-0.014770441735116581,0.08333272145694569
1206.14,12.0596923828125,-0.04324943572282791,-2.5788580455840058,0.0001929444839662912,0.0003031754352967831,0.005947978262738678,-0.0006700336201355007,0.006385786240030593,0.006034860461950303,0.003884067796170712,0,0,True,-0.0009971214772774033,0.06045776334827254
1206.16,12.059514999389648,-0.043202053755521774,-2.578606631151141,-0.00020993689094245214,4.483285059119725e-05,0.005575287494573324,-0.0016861677501123014,0.005287913946467653,0.0027789999730885033,0.004199824016541243,0,0,True,-0.013976131210498665,-0.08239515333422219
1206.18,12.059440612792969,-0.04335908964276314,-2.5784183378040586,-8.901946963742884e-05,0.00040934889393617636,0.007013282838313338,-0.00021302189719108128,0.0049927409816953195,0.005185508839786053,0.005572137869894505,0,0,True,-0.02913847780749464,-0.15595960456671462
1206.2,12.059391021728516,-0.043365586549043655,-2.5785669073941118,-4.066382629729018e-05,0.0004791583319276579,0.004768776164284951,0.0019048187194093376,-0.0012331953055455648,0.009595450758934022,0.006127700693905354,0,0,True,-0.014381252932593338,-0.0586176274597914
1206.22,12.059208869934082,-0.04353456199169159,-2.5784586263054705,-3.043356977279955e-05,-8.475667224304031e-05,0.0036169000381412264,-0.00014387028097294016,-0.00609098212529523,0.004237159937620164,0.003840548880398274,0,0,True,-0.07191995896740933,-0.1437722556266014
1206.24,12.059273719787598,-0.0435345433652401,-2.5787052867755844,3.993836581598201e-05,0.00017158353877076823,0.004424787259966903,0.0002884430603736531,0.0005985037496886062,0.008321030475199224,0.006770143583416939,0,0,True,-0.006791526583928413,0.007498931745161568
1206.26,12.059189796447754,-0.04350382462143898,-2.5789056163740818,-4.385984011749896e-05,0.00010866623781233572,0.0012596861209258248,0.0007905800243917336,-0.006509039468422331,0.0032884631678462032,-0.0009985419735312462,0,0,True,0.0020491584409131026,0.10595098849831684
1206.28,12.059103965759277,-0.04357399791479111,-2.5785190270941367,-0.0001103611742664331,-1.0187828201999807e-05,0.004225454037571172,-0.0011002168002735519,-0.000633280765933185,0.001945001529529691,0.001308218985795975,0,0,True,-0.014698502839389269,-0.07083626841513209
1206.3,12.059157371520996,-0.043641816824674606,-2.578979349462944,0.00012355300367822592,0.0003682424682513422,0.0037808327134141255,0.0020398746556568002,0.002385096954562409,0.0018157666921615602,0.002351671736687422,0,0,True,0.05002967133007954,0.12774293430304126
1206.32,12.058940887451172,-0.04364055395126343,-2.578755949236859,-0.0003706491405908943,0.00025986628229871683,0.0032489070328168314,0.0012622201755464848,-0.005068397723516807,0.004986658692359925,0.000619554426521063,0,0,True,-0.0006990342188554267,-0.018302985619709077
1206.34,12.05902099609375,-0.043803196400403976,-2.578714808617717,0.0001540637297823573,0.0003209207593577467,0.005262059827328547,-0.00043978751236705164,0.0037103952758116743,0.011625940948724748,0.009528717026114466,0,0,True,-0.015435543903544229,-0.02442865397119384
1206.36,12.058938026428223,-0.04379808530211449,-2.5789244989120177,0.0003047401554407378,0.00046940439151300136,0.004169531300062789,0.0016725427411455654,-0.0020975196155085794,0.0035088962316513063,-0.01890413083136082,0,0,True,-0.047552682856535806,0.11149897551086695
1206.38,12.058782577514648,-0.043836697936058044,-2.5786825178408783,0.0001242009358287897,0.00021291831612329338,0.0025459892011282007,-0.0006786446472406124,0.0004308046368631247,0.0026062276400625707,0.0019003976136446,0,0,True,-0.07701349222326713,0.01853980893824952
1206.4,12.058730125427246,-0.043931666761636734,-2.5789237508061,0.00021358553651000685,0.00017101040125303116,-0.0005553075957133852,-0.0011263164483811122,0.003851520317369789,0.008609961643815042,0.007589029148221017,0,0,True,-0.055261668031659925,0.10009085415974353
1206.42,12.058819770812988,-0.04386597499251366,-2.578680344246768,0.0002795219036011584,0.00020632865067822854,-0.0008990195505447301,-0.003390502917199294,0.0051935799908745025,0.0038540069758892063,0.0025979301892220977,0,0,True,-0.015868065871095637,0.007971250786902691
1206.44,12.058927536010742,-0.04369817301630974,-2.5786163772866275,0.00025018052128146447,0.00026150504353541544,-0.0002514021424785492,-0.0012471271949471595,0.005909748717286379,-0.009615455232560636,-0.00429511483758688,0,0,True,0.05416127786150217,-0.0779448067592164
1206.46,12.058698654174805,-0.0435689277946949,-2.5782670314416087,-0.000319167010467041,0.00015515960835555488,0.0012765439314417041,-0.0010148840287162388,0.00106850469981476,-0.009615455232560636,-0.00429511483758688,0,0,True,0.04336174886899532,-0.12813505098993308
1206.48,12.058693885803223,-0.043836560100317,-2.5784509709087176,0.00012233193891136163,0.0001345263069521321,0.0037775946332028474,0.0006912231670493764,-0.0023840642233618516,0.003390038684010506,0.005656480118632317,0,0,True,0.021001753130040806,-0.09607620644117844
1206.5,12.058690071105957,-0.04385186359286308,-2.5785948638707827,0.00020340984307956692,0.0002626340489862905,0.00256992035897174,0.002486099313709241,-0.005057224088310822,0.008576416149735451,0.005089371949434281,0,0,True,0.034351042767598955,0.009997837421786702
1206.52,12.058701515197754,-0.04390626400709152,-2.5788071024244963,0.0003523036758117255,0.0003622483911493564,0.001428738107923187,-0.0009302057654801967,-0.0017763477980009049,0.002918609492480755,0.0014441967569291593,0,0,True,0.0007961170521091215,0.09060406039473717
1206.54,12.05863094329834,-0.04384684935212135,-2.5786716093686732,9.801882335323555e-06,0.0003324902884316898,0.004024627352847121,-0.00021183417543190895,0.0018683316935569688,0.0022829148173332215,0.001159288100898266,0,0,True,0.010003751306784223,0.09635806271262634
1206.56,12.058557510375977,-0.04383460432291031,-2.5785930787325575,-0.00010735418274787452,0.0005708820237411783,0.003841283997371519,-0.0013960344438037325,0.00486426060821053,0.004246525242924691,0.0032110532373189928,0,0,True,0.0193295061730692,0.05103308420914256
1206.58,12.058408737182617,-0.04400935396552086,-2.5784453973352983,0.0002305875138448218,1.5172041354407752e-05,0.00337022046351375,-0.0004453169283611725,0.002651420928692274,0.0053343215957283975,0.005261989645659924,0,0,True,-0.08867566478959923,-0.02060825607467042
1206.6,12.058382034301758,-0.0439758338034153,-2.57841796157584,0.00020147707431031767,3.83661492856479e-05,0.0029750986017673168,0.0011170593951472408,0.0023062989387267864,0.004892148356884719,0.006517906188964844,0,0,True,-0.09576355081412515,-0.07467543266028795
1206.62,12.05838394165039,-0.04396066069602966,-2.578459495694378,-1.0808924824879642e-05,0.00012671098700694754,-0.003069425830314366,-0.00017246887829192666,0.0002196712075848346,0.000294901505112648,0.0009147035330533982,0,0,True,-0.07422632353471723,-0.050831416819436114
1206.64,12.058403968811035,-0.04403723403811455,-2.578408574817459,0.00013796357000629778,-0.0003631962992570956,-0.0038198000677732986,-0.0002889565725686708,-0.0011097740046240514,0.0008120160596445204,0.0006786189693957568,0,0,True,-0.09083212115757931,-0.011431979469431933
1206.66,12.058609008789062,-0.0438666008412838,-2.5784278236386915,0.0002309023046601493,8.954096954970175e-05,-0.002567885419275105,0.00010843091528676138,-0.0014150924168704743,-0.003241208586841822,-0.00316570938564837,0,0,True,0.010665286395972633,0.0073410473624971485
1206.68,12.05862808227539,-0.04379314184188843,-2.57850674349621,0.00019380736987061699,0.00025225742962780006,-0.004291471090853072,-0.0004335987002099173,0.0013917405811704642,-0.00972033679485321,-0.009000705368816853,0,0,True,0.018915040476027895,0.023115700917081105
1206.7,12.058562278747559,-0.043858323246240616,-2.578572703087728,0.0003445483747597545,1.1700472286591505e-05,-0.0022162029186349064,1.7576300012472597e-05,0.0008069549965857415,-0.0003016085177659989,-0.00015039511024951937,0,0,True,-0.01875894071068233,0.040949792626278965
1206.72,12.058675765991211,-0.04382463917136192,-2.5782972355709655,0.0004573477748817205,1.4313825842527806e-05,-0.0023065968296924434,0.0005447946944958546,0.0007394820687407552,0.001636851066723466,0.0017403779923915864,0,0,True,0.01233019760184147,-0.018198910717198497
1206.74,12.058759689331055,-0.04377315938472748,-2.5783632672389647,0.0004526258441572683,6.69726320265296e-06,-0.004068600676128326,0.00032195116773113585,0.0018608909932288635,-0.00567630335688591,-0.00427780294790864,0,0,True,-0.004792443605748404,-0.01417598679528756
1206.76,12.058807373046875,-0.043731458485126495,-2.5784475849307107,0.0003995395440501601,-2.86350173497923e-05,-0.003305055282706652,-0.0004786599845529862,-6.417227620409147e-05,-0.005488349497318268,-0.005080920644104482,0,0,True,-0.02487980938542468,0.0019381776966733444
1206.78,12.05885124206543,-0.043706316500902176,-2.5784238318082697,0.0004251238078171348,-0.00011260720725166353,-0.00259959840709443,-5.343486655398134e-05,-0.0003271239470362319,-0.004309225119650364,-0.0039352433197200306,0,0,True,0.002373482858712408,-0.02880739550422917
1206.8,12.058878898620605,-0.04365110769867897,-2.578302369353062,0.0003469786677332868,-0.00019479882055730346,-0.004296981580524608,0.00025076960153042147,0.0008945362844744818,-0.0031911335140466695,-0.0028621730580925945,0,0,True,0.007512526522249958,-0.032649708248295
1206.82,12.05893325805664,-0.04365851730108261,-2.5783894371547276,0.00035536325063707916,-0.00040920984024006536,-0.0038787220474315065,-0.00013658181881319779,-0.000443700647107374,-0.005751646682620049,-0.004380569662898779,0,0,True,0.009900145958466468,-0.003767034215103118
1206.84,12.05910873413086,-0.04356486350297928,-2.578376022027953,0.00045664235684362165,-4.18872736948987e-07,-0.002704053160927202,-0.00015174677789990716,-0.002676148936065316,-0.0036288860440254213,-0.0043773046880960466,0,0,True,0.061536867468250656,-0.005617053200980902
1206.86,12.059107780456543,-0.04353141039609909,-2.5784593278600383,0.0005336155520113963,4.56622249578645e-05,-0.001807586730417833,-0.00011650870689423572,-0.0006284866842442072,-0.007541520446538926,-0.007207423858344555,0,0,True,0.04546122790657143,0.010287236312151874
1206.88,12.05905532836914,-0.043525345623493195,-2.5785164612679474,0.0004700128071544033,-9.472905499789115e-06,0.0006259678169449599,-0.00048230996686421683,0.0004451720283951411,-0.0005027643963694573,-0.00041406858712434775,0,0,True,0.030197358791265196,0.04008684192161318
1206.9,12.059050559997559,-0.04357343912124634,-2.578439716089467,0.00045866397910555086,-9.918715460073282e-05,-0.00024182381489876344,6.357184270397422e-05,0.0003792782578663665,0.00011603141669183971,-3.259322606027127e-05,0,0,True,0.016818455980926413,0.011505211644676534
1206.92,12.059045791625977,-0.04355896636843681,-2.578340408265681,0.0004089334869830506,-0.00022751070796613114,-0.0002882644576213171,0.0002802875227691732,0.0005307984176699364,-0.0029135875776410106,-0.0026255404204130173,0,0,True,-0.03443632670319477,-0.024737922149938068
1206.94,12.059126853942871,-0.04352538287639618,-2.578428985599409,0.0006376907359895959,9.038708930859513e-06,-0.0004621102519411194,4.952414284892053e-06,0.0002919302473316944,-0.0007012844737619162,-0.001351725645363331,0,0,True,-0.0006180189320599591,-0.01933402996966931
1206.96,12.059086799621582,-0.04353199154138565,-2.578473997394534,0.000621493376861163,-4.152036129473355e-05,-0.0021289383193081163,0.0003123395489480974,-0.0015338617435981044,-0.0007012844737619162,-0.001351725645363331,0,0,True,-0.007037296697092624,-0.006028827612286489
1206.98,12.05908203125,-0.04355403780937195,-2.5784163616696807,0.00045877807718112994,-0.00022370088411668672,-0.0002912653294635152,-0.0004613131087823131,-0.0011674441397057716,-0.0008266356587409973,-0.0008013757504522801,0,0,True,-0.007333015497075641,-0.012048557491381163
1207.0,12.059203147888184,-0.04348917677998543,-2.578463117205169,0.0005731587354685945,0.00011071634679653767,-0.0008512481933882149,1.3807446513837526e-05,4.849220868745588e-05,-0.0016871410794556143,-0.0022438524011522535,0,0,True,0.034914714710472375,0.018079394815300874
1207.02,12.059126853942871,-0.0434817373752594,-2.5785223811305853,0.0005181675098201507,1.3457398817813816e-05,-0.001048751491706637,-0.00018746156548338574,-0.000671954351977922,-0.0016536778584122658,-0.004243097025901079,0,0,True,0.002484082960597779,0.022759163112978417
1207.04,12.059144973754883,-0.043496571481227875,-2.578470118017839,0.0005836782515223336,0.00022306635706669905,0.0006642388575271334,-0.0003100268457970308,-8.75101583753498e-05,0.0016509697586297991,0.00198555164039135,0,0,True,0.010640602417362364,-0.0006061526085937498
1207.06,12.059144973754883,-0.043496571481227875,-2.578470118017839,0.0005836782515223336,0.00022306635706669905,-9.253869261587362e-05,0.0002777061355963315,0.0006532889093308459,0.002466826867312193,0.002314019436016679,0,0,True,0.013109393646344886,0.008399429399731664
1207.08,12.059144973754883,-0.043496571481227875,-2.578470118017839,0.0005836782515223336,0.00022306635706669905,-0.0,0.0,0.0,0.0036436511203646665,0.004396230094134808,0,0,True,-0.00830298571909672,0.0010938769796928673
1207.1,12.059144973754883,-0.043496571481227875,-2.578470118017839,0.0005836782515223336,0.00022306635706669905,-0.0,0.0,0.0,0.0036436511203646665,0.004396230094134808,0,0,True,0.0011567336576961847,-0.008166111366619792
1207.12,12.059144973754883,-0.043496571481227875,-2.578470118017839,0.0005836782515223336,0.00022306635706669905,-0.0,0.0,0.0,0.0036436511203646665,0.004396230094134808,0,0,True,0.0,0.0
1207.14,12.059144973754883,-0.043496571481227875,-2.578470118017839,0.0005836782515223336,0.00022306635706669905,-0.0,0.0,0.0,0.0036436511203646665,0.004396230094134808,0,0,True,0.0,0.0
1207.16,12.059144973754883,-0.043496571481227875,-2.578470118017839,0.0005836782515223336,0.00022306635706669905,-0.0,0.0,0.0,0.0036436511203646665,0.004396230094134808,0,0,True,0.0,0.0
1207.18,12.059144973754883,-0.043496571481227875,-2.578470118017839,0.0005836782515223336,0.00022306635706669905,-0.0,0.0,0.0,0.0036436511203646665,0.004396230094134808,0,0,True,0.0,0.0
1207.2,12.059144973754883,-0.043496571481227875,-2.578470118017839,0.0005836782515223336,0.00022306635706669905,-0.0,0.0,0.0,0.0036436511203646665,0.004396230094134808,0,0,True,0.0,0.0
1207.22,12.059144973754883,-0.043496571481227875,-2.578470118017839,0.0005836782515223336,0.00022306635706669905,-0.0,0.0,0.0,0.0036436511203646665,0.004396230094134808,0,0,True,0.0,0.0
1207.24,12.059144973754883,-0.043496571481227875,-2.578470118017839,0.0005836782515223336,0.00022306635706669905,-0.0,0.0,0.0,0.0036436511203646665,0.004396230094134808,0,0,True,0.0,0.0
1207.26,12.059144973754883,-0.043496571481227875,-2.578470118017839,0.0005836782515223336,0.00022306635706669905,-0.0,0.0,0.0,0.0036436511203646665,0.004396230094134808,0,0,True,0.0,0.0
1207.28,12.059144973754883,-0.043496571481227875,-2.578470118017839,0.0005836782515223336,0.00022306635706669905,-0.0,0.0,0.0,0.0036436511203646665,0.004396230094134808,0,0,True,0.0,0.0
1207.3,12.059144973754883,-0.043496571481227875,-2.578470118017839,0.0005836782515223336,0.00022306635706669905,-0.0,0.0,0.0,0.0036436511203646665,0.004396230094134808,0,0,True,0.0,0.0
1207.32,12.059144973754883,-0.043496571481227875,-2.578470118017839,0.0005836782515223336,0.00022306635706669905,-0.0,0.0,0.0,0.0036436511203646665,0.004396230094134808,0,0,True,0.0,0.0
1207.34,12.059144973754883,-0.043496571481227875,-2.578470118017839,0.0005836782515223336,0.00022306635706669905,-0.0,0.0,0.0,0.0036436511203646665,0.004396230094134808,0,0,True,0.0,0.0
1207.36,12.059144973754883,-0.043496571481227875,-2.578470118017839,0.0005836782515223336,0.00022306635706669905,-0.0,0.0,0.0,0.0036436511203646665,0.004396230094134808,0,0,True,0.0,0.0
1207.38,12.059144973754883,-0.043496571481227875,-2.578470118017839,0.0005836782515223336,0.00022306635706669905,-0.0,0.0,0.0,0.0036436511203646665,0.004396230094134808,0,0,True,0.0,0.0
1207.4,12.059144973754883,-0.043496571481227875,-2.578470118017839,0.0005836782515223336,0.00022306635706669905,-0.0,0.0,0.0,0.0036436511203646665,0.004396230094134808,0,0,True,0.0,0.0
1207.42,12.059144973754883,-0.043496571481227875,-2.578470118017839,0.0005836782515223336,0.00022306635706669905,-0.0,0.0,0.0,0.0036436511203646665,0.004396230094134808,0,0,True,0.0,0.0
1207.44,12.059144973754883,-0.043496571481227875,-2.578470118017839,0.0005836782515223336,0.00022306635706669905,-0.0,0.0,0.0,0.0036436511203646665,0.004396230094134808,0,0,True,0.0,0.0
1207.46,12.059144973754883,-0.043496571481227875,-2.578470118017839,0.0005836782515223336,0.00022306635706669905,-0.0,0.0,0.0,0.0036436511203646665,0.004396230094134808,0,0,True,0.0,0.0
1207.48,12.059144973754883,-0.043496571481227875,-2.578470118017839,0.0005836782515223336,0.00022306635706669905,-0.0,0.0,0.0,0.0036436511203646665,0.004396230094134808,0,0,True,0.0,0.0
1207.5,12.059144973754883,-0.043496571481227875,-2.578470118017839,0.0005836782515223336,0.00022306635706669905,-0.0,0.0,0.0,0.0036436511203646665,0.004396230094134808,0,0,True,0.0,0.0
1207.52,12.059144973754883,-0.043496571481227875,-2.578470118017839,0.0005836782515223336,0.00022306635706669905,-0.0,0.0,0.0,0.0036436511203646665,0.004396230094134808,0,0,True,0.0,0.0
1207.54,12.059144973754883,-0.043496571481227875,-2.578470118017839,0.0005836782515223336,0.00022306635706669905,-0.0,0.0,0.0,0.0036436511203646665,0.004396230094134808,0,0,True,0.0,0.0
1207.56,12.059144973754883,-0.043496571481227875,-2.578470118017839,0.0005836782515223336,0.00022306635706669905,-0.0,0.0,0.0,0.0036436511203646665,0.004396230094134808,0,0,True,0.0,0.0
1207.58,12.059144973754883,-0.043496571481227875,-2.578470118017839,0.0005836782515223336,0.00022306635706669905,-0.0,0.0,0.0,0.0036436511203646665,0.004396230094134808,0,0,True,0.0,0.0
1207.6,12.059144973754883,-0.043496571481227875,-2.578470118017839,0.0005836782515223336,0.00022306635706669905,-0.0,0.0,0.0,0.0036436511203646665,0.004396230094134808,0,0,True,0.0,0.0
1207.62,12.059144973754883,-0.043496571481227875,-2.578470118017839,0.0005836782515223336,0.00022306635706669905,-0.0,0.0,0.0,0.0036436511203646665,0.004396230094134808,0,0,True,0.0,0.0
1207.64,12.059144973754883,-0.043496571481227875,-2.578470118017839,0.0005836782515223336,0.00022306635706669905,-0.0,0.0,0.0,0.0036436511203646665,0.004396230094134808,0,0,True,0.0,0.0
1207.66,12.059144973754883,-0.043496571481227875,-2.578470118017839,0.0005836782515223336,0.00022306635706669905,-0.0,0.0,0.0,0.0036436511203646665,0.004396230094134808,0,0,True,0.0,0.0
1207.68,12.059144973754883,-0.043496571481227875,-2.578470118017839,0.0005836782515223336,0.00022306635706669905,-0.0,0.0,0.0,0.0036436511203646665,0.004396230094134808,0,0,True,0.0,0.0
1207.7,12.059144973754883,-0.043496571481227875,-2.578470118017839,0.0005836782515223336,0.00022306635706669905,-0.0,0.0,0.0,0.0036436511203646665,0.004396230094134808,0,0,True,0.0,0.0
1207.72,12.059144973754883,-0.043496571481227875,-2.578470118017839,0.0005836782515223336,0.00022306635706669905,-0.0,0.0,0.0,0.0036436511203646665,0.004396230094134808,0,-0.15,True,0.0259678641845172,-0.001032749779099831
1207.74,12.059144973754883,-0.043496571481227875,-2.578470118017839,0.0005836782515223336,0.00022306635706669905,-0.0,0.0,0.0,0.0036436511203646665,0.004396230094134808,0,-0.15,True,0.03224896949337553,-0.03996569578085583
1207.76,12.059144973754883,-0.043496571481227875,-2.578470118017839,0.0005836782515223336,0.00022306635706669905,0.0020774291347594866,-0.0002152892623486632,-8.261998232791133e-05,0.0036436511203646665,0.004396230094134808,0,-0.15,True,0.030545770362754188,-0.05350343134455388
1207.78,12.059144973754883,-0.043496571481227875,-2.578470118017839,0.0005836782515223336,0.00022306635706669905,0.002579917559467696,-0.001138826565676699,-0.003197255662465558,0.0036436511203646665,0.004396230094134808,0,-0.15,True,0.025563741602714497,-0.049936882792222324
1207.8,12.058995246887207,-0.04357072710990906,-2.578476727616425,0.0006456584969530618,0.00017869397889111398,0.0024436616290181125,0.000588159853091333,-0.004280274507560418,0.0036436511203646665,0.004396230094134808,0,-0.15,True,-0.02982784258026278,-0.10978177542998312
1207.82,12.058921813964844,-0.04352971166372299,-2.578725898470836,0.0005611437741332701,0.00034290467944804215,0.0020450993282153,-0.0012267062976170037,-0.003994950623374152,0.004442031532526016,0.0034810475260019305,0,-0.15,True,-0.026567688988450584,-0.21271819565357913
1207.84,12.059004783630371,-0.04364071786403656,-2.5788125399784434,0.0008500676025242398,0.0002102870550271788,-0.00030879827165936524,-0.002187587326496974,-0.008865162016718572,0.00421134876087308,5.621517077088357e-05,0,-0.15,True,-0.028571709308249798,-0.3143643686390402
1207.86,12.058954238891602,-0.0435008779168129,-2.5787897140677085,0.0004667447304836324,0.00040810346938376985,0.0004545024403935821,-0.0011339625026685954,-0.02021471131473641,0.00421134876087308,5.621517077088357e-05,0,-0.15,True,-0.0037341330903990157,-0.43849821561106117
1207.88,12.05892276763916,-0.04340953007340431,-2.579185940577764,0.0002268217101282245,0.0006307790656425596,0.00015792488435371118,-0.004958473857506243,-0.02942942399873224,-1.6307532787323e-05,-0.008025605343282224,0,-0.15,True,0.04346495095963373,-0.5814001739051753
1207.9,12.058842658996582,-0.04347238689661026,-2.580343075376018,0.00037634521679860244,0.0003161740937877199,0.0017463686809828013,-0.0018136983612361134,-0.039074807872326846,0.008377221524715425,-0.013986904323101046,0,-0.15,True,0.021648145998546513,-0.6863440296553548
1207.92,12.058782577514648,-0.04331187531352043,-2.5811668938983465,0.00014433729005372686,0.0005649820486555063,0.0031683978051180537,-0.0004681131626174111,-0.05537717592922249,0.008377221524715425,-0.013986904323101046,0,-0.15,True,0.06924750450601169,-0.9071177625150674
1207.94,12.058758735656738,-0.04345240071415901,-2.5819156986975007,0.0005974202119602968,0.00022527431736096026,0.00218635412028065,-0.0025502416890905073,-0.07512223368727092,0.0027321769669651987,-0.008646218106150627,0,-0.15,True,0.04986833365501999,-1.1493221433559002
1207.96,12.058688163757324,-0.04351254180073738,-2.5836161146520977,0.0005704386100285428,8.023223963261184e-05,0.005697725244829609,0.0005058358436635488,-0.10199884499987162,0.008400448076426984,-0.014845302850008013,0,-0.15,True,0.025447275328358332,-1.1655966569059897
1207.98,12.058586120605469,-0.0433923564851284,-2.586352854070994,0.00032897502261732437,0.00021860985124249368,0.005735835373380772,-0.004842243653032938,-0.13102057934071523,0.07852040737867357,-0.08242034852504732,0,-0.15,True,0.05243021549672341,-1.0163756559621488
1208.0,12.058417320251465,-0.04358754679560661,-2.589326801498329,0.0005818872160087532,-0.00012786481070658424,0.005204179831384869,-0.0050068354140040796,-0.14862490848161686,0.10131410539150239,-0.10628860592842103,0,-0.15,True,0.004352210661115367,-0.6536235500889064
1208.02,12.058164596557617,-0.043365105986595154,-2.5923973450447484,-0.00011442493385395353,-0.0003401708326115319,0.0063807713600147085,-0.004143874145372135,-0.15643228616416888,0.09177410900592804,-0.04488877356052399,0,-0.15,True,0.022900293054389644,-0.2553237542299092
1208.04,12.058123588562012,-0.04338995739817619,-2.5955061073306163,3.79800065409194e-05,-8.32384440176747e-05,0.006045902097718521,-0.008552397842427298,-0.15428872900693658,0.0911088275909424,-0.01700589265674353,0,-0.15,True,0.013952749171222575,-0.09611444973082471
1208.06,12.057977676391602,-0.04337605834007263,-2.5988674369641163,-2.745272422153958e-05,-0.00013426921110668073,0.007567858817730278,-0.006933341609313489,-0.1514464796790894,0.0911088275909424,-0.01700589265674353,0,-0.15,True,0.002846885720867232,-0.13521727709311282
1208.08,12.057648658752441,-0.043254055082798004,-2.6016698998188725,-0.0005772649226671793,-0.000443450325855759,0.0063203997650816595,-0.00823748105604627,-0.15631406446007584,0.12899900138378145,-0.04880626976490021,0,-0.15,True,-0.03499687327879726,-0.21447344239463048
1208.1,12.05735969543457,-0.043202828615903854,-2.6045130634190645,-0.0006832471972082506,-0.0005478383118096545,0.00660852221768388,-0.008450604984067123,-0.16724966833160806,0.07086783945560456,-0.057517152130603794,0,-0.15,True,-0.10032832030929173,-0.3064724840100552
1208.12,12.057351112365723,-0.043084632605314255,-2.608011232487411,-0.0006701490838430537,-1.3972119248991982e-05,0.0032461522354172868,-0.0060363102712084685,-0.1714466043984914,0.1349849569797516,-0.06471596717834473,0,-0.15,True,-0.11917993485525423,-0.23164449945705262
1208.14,12.057177543640137,-0.04306568205356598,-2.6122474104306708,-0.0006223847682577572,-0.0003051686397799093,-0.0004584068070285722,-0.005528614331548137,-0.1759642783999412,0.1399302512407303,-0.1350291043519974,0,-0.15,True,-0.17982125252500494,0.08516969692750535
1208.16,12.05717945098877,-0.042970363050699234,-2.6153856281707784,-0.0005116429044515789,-7.336975080476808e-05,-0.0032139950233571065,-0.003634644649146207,-0.17484562441667587,0.1232891619205475,-0.1437624776363373,0,-0.15,True,-0.14281695487909002,0.25669161048274
1208.18,12.057168006896973,-0.04280255362391472,-2.618590205691087,-0.0003104158886275145,-0.00018135327370004547,-0.0077771779843443176,-0.0037037671843643152,-0.16043609257739447,0.05260298132896424,-0.1157146978378296,0,-0.15,True,-0.11679461124403547,0.38912315814099885
1208.2,12.057427406311035,-0.042704056948423386,-2.621998882440772,0.0001687529672522711,0.00045553856311279464,-0.008179204154931997,-0.005055435264049017,-0.15091127555983253,0.05260298132896424,-0.1157146978378296,0,-0.15,True,-0.07372634013632064,0.4906782033016717
1208.22,12.057568550109863,-0.04249822348356247,-2.6250822978368507,0.00040522265736327016,0.00026642168310563296,-0.009801975706542912,-0.00690334487097494,-0.1448344257486896,0.09124526679515839,-0.0733406013250351,0,-0.15,True,-0.01085951775047382,0.3537791897307624
1208.24,12.057546615600586,-0.04229440912604332,-2.627458530215554,0.0005153471782269152,-0.0004810354396697786,-0.009112102234257393,-0.00924910606839291,-0.13559136815257783,0.06234158873558045,-0.08927295863628389,0,-0.15,True,-7.638037192658599e-05,0.0797606857897624
1208.26,12.057577133178711,-0.04193507507443428,-2.6301769597509717,0.00020031827884597203,-0.0003678767728276482,-0.008645939404381433,-0.010266185191105975,-0.13213375739895922,0.12881462633609772,-0.10369971573352815,0,-0.15,True,0.03552314103316271,-0.04079595978417024
1208.28,12.057698249816895,-0.0417012944817543,-2.6328461918929684,2.4607172831762943e-05,-0.00010484879529604474,-0.008185314584686118,-0.004813467324218978,-0.14453042069665734,0.06254723012447358,-0.021503696441650393,0,-0.15,True,0.04022407734818425,-0.23755356148612528
1208.3,12.057769775390625,-0.04144349694252014,-2.6356529984287578,-0.00021895744734528566,-7.338619010554162e-05,-0.00696012442389248,-0.006044018531203523,-0.14809810253142025,0.10417986273765564,-0.09070914804935457,0,-0.15,True,0.0737191430915527,-0.34064469899635663
1208.32,12.057930946350098,-0.04163914546370506,-2.639020963871276,0.0006023905262441584,-0.0001184656402943589,-0.00589417604640558,-0.004264191854427266,-0.15459565307145057,0.11986864805221559,-0.11112866580486298,0,-0.15,True,0.03627207917406874,-0.21633052341609002
1208.34,12.057829856872559,-0.04124228283762932,-2.6420248079534745,-0.00010200932169652104,-7.949976913599417e-05,-0.0027484079570625807,-0.0037420934276059725,-0.15938533331864296,0.09473508298397065,-0.12147717952728272,0,-0.15,True,0.02461926263575273,-0.2580158290003821
1208.36,12.057947158813477,-0.04117521271109581,-2.645213844138673,5.762380861540652e-05,0.00023664025841853414,-0.005283548250763258,-0.009304706532500073,-0.1618368625699288,0.10387617588043215,-0.10944062650203706,0,-0.15,True,0.03940309999212735,-0.236756142888751
1208.38,12.057819366455078,-0.041075386106967926,-2.648403825094274,3.1169640688788683e-06,-0.0003746684775478636,-0.004990583413028455,-0.005860540774475913,-0.1687393688514907,0.1306275725364685,-0.06907749891281129,0,-0.15,True,-0.04949432018285208,-0.3041206539716817
1208.4,12.057948112487793,-0.04078330472111702,-2.6519679128768954,-4.902732960035086e-05,0.0002421451231893767,-0.0027419280470292995,-0.006311233555707568,-0.17353614450258725,0.1124648654460907,-0.09301214635372163,0,-0.15,True,0.030398141998416894,-0.22368326650608025
1208.42,12.05795955657959,-0.040640294551849365,-2.65552395746162,-9.496335859289264e-05,0.0004090038346440151,-0.0067079535716983996,-0.00856211525915346,-0.18371498563642452,0.10303085863590242,-0.10190950453281404,0,-0.15,True,0.04159817913408903,-0.1523349292801701
1208.44,12.057903289794922,-0.04062647372484207,-2.659096735698907,0.00026108510082046643,9.76884242747219e-05,-0.0028516968908852067,-0.006112373957874763,-0.1797315238904498,0.10303085863590242,-0.10190950453281404,0,-0.15,True,0.003532877877116852,0.0911496099022621
1208.46,12.057973861694336,-0.04021906107664108,-2.6631010239451745,-0.0002633152965166732,0.000648862490768179,-0.0016627290823043597,-0.007270370153464059,-0.18092616319389324,0.11735494732856752,-0.1524853575229645,0,-0.15,True,0.10059497459176484,0.37921734346725167
1208.48,12.057923316955566,-0.04024428501725197,-2.6663464347881183,-0.000175976210723872,0.0006585448983411679,-0.0024592978168602084,-0.003033622516051748,-0.16624417571041292,0.14296916842460633,-0.08565423846244813,0,-0.15,True,0.04296947155517256,0.36864845536233465
1208.5,12.057809829711914,-0.040062740445137024,-2.669998050517118,-0.0005631986695449348,0.000256803449715297,0.0013396443956354685,0.0010000230782076433,-0.15337759815907198,0.050367457866668706,-0.10106651544570924,0,-0.15,True,0.004165714183717959,0.5806446743715655
1208.52,12.057967185974121,-0.040320657193660736,-2.672396269755728,0.00010994972266464121,-5.7017182373023557e-05,0.0005858608335254718,0.0003120029486161662,-0.15023964746148985,0.1312140637636185,-0.06119541347026825,0,-0.15,True,-0.03347797191712108,0.3439725121617841
1208.54,12.057914733886719,-0.040339019149541855,-2.675371231797889,0.000446718476791183,-0.000643123374012038,-0.001329471947607226,-0.003543588226935048,-0.13447458924421024,0.1791924858093262,-0.09879865646362306,0,-0.15,True,-0.14154564817466905,0.2137952010451421
1208.56,12.057892799377441,-0.04028774052858353,-2.6783656065850265,0.0006910270145131175,-0.0008905893932324182,-0.005137535570227459,-0.008551784263507414,-0.13872637473749522,0.03606146037578583,-0.11194291174411775,0,-0.15,True,-0.17701569119856655,0.18214876701014554
1208.58,12.057777404785156,-0.03976169973611832,-2.680756017656645,3.959055040053609e-05,-0.0011167359511787551,-0.009984007458327757,-0.010726745627752074,-0.13627398207547617,0.04666911721229554,-0.09866626858711243,0,-0.15,True,-0.1749824572385979,-0.19440095736194285
1208.6,12.058029174804688,-0.03952496126294136,-2.6834943797347175,0.00015032633189033197,-0.0006801550295663266,-0.013575394462346973,-0.011924404516360884,-0.13566774610069146,0.12141501188278199,-0.05746610581874848,0,-0.15,True,-0.10150013198172589,-0.14232767409923525
1208.62,12.058248519897461,-0.03921521082520485,-2.6862731503639172,6.106665848301666e-05,-0.00036199120656477606,-0.015328068526682326,-0.0056064059631364465,-0.15002666583315152,0.1105076152086258,-0.0910916042327881,0,-0.15,True,-0.015424546664069566,-0.2689576256531024
1208.64,12.05844497680664,-0.03895185515284538,-2.689219026273103,-5.409424213814554e-06,-0.0001771598248064402,-0.013257546128781224,-0.008107003859790336,-0.15011258866545604,0.07348874390125275,-0.09764247179031373,0,-0.15,True,0.03089975240629973,-0.19028614991955065
1208.66,12.05868148803711,-0.03881964087486267,-2.6927581509233205,0.0004467076293642988,0.00036924516996794714,-0.011217971191455707,-0.005050226517482314,-0.15779059212776594,0.13144685447216034,-0.09990038394927979,0,-0.15,True,0.0967771697355421,0.008942447863386696
1208.68,12.058699607849121,-0.03847804665565491,-2.695503386827977,8.17980316376323e-05,0.0005272842666065694,-0.011103414269838217,-0.005699458614532716,-0.15089063809428493,0.10267475485801698,-0.0995290470123291,0,-0.15,True,0.11518442143155108,-0.11226208638330525
1208.7,12.058881759643555,-0.038461796939373016,-2.698896397734163,0.0006166488623933993,0.0009814395122827065,-0.007585894947823996,-0.00982350698520238,-0.1493112700040792,0.07469088673591615,-0.13406370341777804,0,-0.15,True,0.11978436256456584,-0.03897890575128924
1208.72,12.059049606323242,-0.038157280534505844,-2.7012902773206346,0.0001546656737689098,0.0011294203877731362,-0.004042792414265517,-0.003965737660144967,-0.1590935555761123,0.0540914572775364,-0.12448120772838593,0,-0.15,True,0.18507738720488917,-0.19618823861069684
1208.74,12.058893203735352,-0.0378495492041111,-2.704703052523636,-0.0005859904737913183,0.0008044738712129687,-0.0016352221862991551,-0.008150302194009579,-0.16090890458786625,0.16282507181167605,-0.15433755278587344,0,-0.15,True,0.13017492568036965,-0.10685544466883215
1208.76,12.058856964111328,-0.03805319964885712,-2.7082308712740546,-5.128486279857257e-05,0.0005956421472810375,0.0037027767065394507,-0.006276700258285209,-0.1665856971831264,0.12968068420886994,-0.08473444938659669,0,-0.15,True,0.10000172155799399,0.26601476868170854
1208.78,12.058724403381348,-0.03781566396355629,-2.7117691101011805,-0.000885775562751827,0.0005132436865197409,0.002828099106596104,0.001592243871745126,-0.157859705577578,0.12968068420886994,-0.08473444938659669,0,-0.15,True,0.04261536845383835,0.5394341046378969
1208.8,12.05856990814209,-0.03782595321536064,-2.7146171330952726,-0.0009486570533364828,0.00027934575084830396,0.0039573453103667255,0.002796954106966434,-0.13781237408159497,0.06016534566879273,-0.06392621278762818,0,-0.15,True,-0.06470430284121464,0.6270875210082798
1208.82,12.058740615844727,-0.038059622049331665,-2.7173318289698307,-0.0007891813422482434,0.00031133572361970863,0.0017740072900048125,0.007084004163922011,-0.11775417621687374,0.06671179473400117,-0.07765507340431214,0,-0.15,True,-0.015854065454308338,0.5350869962637097
1208.84,12.058661460876465,-0.0383879728615284,-2.719255861200572,-0.0003989762930648397,-0.00017553953797177021,-0.0014735675207530135,0.009720986793339152,-0.11641869550250965,0.1425537967681885,-0.05362330049276352,0,-0.15,True,-0.06692247077385763,0.1682130110879913
1208.86,12.058828353881836,-0.03839056193828583,-2.721189444198522,-0.0002530450276472714,0.0003417191851884636,0.0015597738702525905,0.010440672243507138,-0.11505274587652016,0.02684328377246857,-0.052995705865323546,0,-0.15,True,-0.0031422098908824286,-0.031301957394492104
1208.88,12.058996200561523,-0.03848697990179062,-2.7239306287354914,6.226926564633529e-05,0.00026879743134572545,-0.0013964523515522316,0.005963827661665754,-0.12435533319452965,0.051054999679327015,-0.10101641416549684,0,-0.15,True,0.014434193861661795,-0.07037645955225226
1208.9,12.058967590332031,-0.03887307271361351,-2.72653604863997,0.0007619113716128288,-0.00045995628945434843,0.0015226304987337323,0.0037214343567067913,-0.12025833280843795,0.14982971429824832,-0.052490119934082036,0,-0.15,True,-0.04617871553850547,-0.1367060930081078
1208.92,12.05895709991455,-0.03877875208854675,-2.7292042878561538,0.0006359535065398035,-0.0008404088100040721,-0.0003188320118178382,-0.0018887773551284795,-0.12204881226670071,0.10277971386909486,-0.04971649117767811,0,-0.15,True,-0.005280996057090121,-0.12510687863162215
1208.94,12.058836936950684,-0.038712117820978165,-2.7308101108232155,0.0005676209885162414,-0.001182790761690536,-0.002134523372834987,-0.007199267065371824,-0.12598923331718992,0.059955728054046635,-0.013232274129986765,0,-0.15,True,-0.06964395524252098,-0.40144543249889125
1208.96,12.058959007263184,-0.038338322192430496,-2.7336945337168186,0.00012496181429296014,-0.000439443931909399,-0.001818932036119057,-0.011331431231666514,-0.13436388348505032,0.13346132397651675,-0.052920635566115384,0,-0.15,True,0.020632372536846137,-0.4640707867986069
1208.98,12.058894157409668,-0.038276854902505875,-2.736615187305336,0.0003872834518221484,-0.0006547867111655555,-0.004048885920662879,-0.011139518915763178,-0.15237396740832004,0.055605065226554874,-0.06446734040975571,0,-0.15,True,0.049675783952762606,-0.4441932037073137
1209.0,12.058731079101562,-0.03788888826966286,-2.739953398534948,-0.00021462766324030749,-0.0004168173158059456,0.0013317577911283515,-0.008787571443933084,-0.1591744752105555,0.085722733438015,-0.10016823887825013,0,-0.15,True,0.06598604949971582,-0.2900010954356714
1209.02,12.058783531188965,-0.037765420973300934,-2.74300002821587,0.0002166579710495162,0.0001293543336866268,0.001839539343382407,-0.015197031315961066,-0.1615246896137427,0.05819248259067536,-0.06761230766773224,0,-0.15,True,0.16570921549928647,-0.12398915127340462
1209.04,12.058586120605469,-0.03773291036486626,-2.7464284917336514,0.0005059131595659925,0.0001532563059521845,0.003459951923853407,-0.014310518597100487,-0.15756397111988293,0.12209266424179079,-0.12700269401073458,0,-0.15,True,0.09556925791485736,0.05205571940373794
1209.06,12.058286666870117,-0.0372135154902935,-2.749537162474424,-0.00029952614627383977,0.00037853865415806294,0.009207851319267983,-0.012829044589298778,-0.1622930995101834,0.13291605949401858,-0.1063134688138962,0,-0.15,True,0.08943168989515084,0.10014359952148656
1209.08,12.058034896850586,-0.036938831210136414,-2.752558516224527,-0.0007068995326704047,0.0006321792334788948,0.008977298424309986,-0.01248374000707023,-0.15501001765826025,0.10030004262924196,-0.06268534243106842,0,-0.15,True,0.05910815872461347,0.0658197692880518
1209.1,12.057710647583008,-0.03709842637181282,-2.755983476176673,-0.0007269766688211169,7.429189033515242e-05,0.008994074534987967,-0.006146262257751387,-0.15351320165203106,0.09480214476585389,-0.09875104606151582,0,-0.15,True,-0.05540836693461229,0.20816666974798212
1209.12,12.05754280090332,-0.037081241607666016,-2.758829293146301,-0.0009470651093299279,0.0004018331073609157,0.008188604621818184,0.002847170331713981,-0.15229838957684358,0.09724580466747285,-0.1167140281200409,0,-0.15,True,-0.0813063347213161,-0.003897076976013093
1209.14,12.057435035705566,-0.03702855110168457,-2.76181821860661,-0.0012654424477187805,0.0001709465506211231,0.004775181964490433,0.0013193958754668315,-0.14563976593031264,0.04147206068038941,-0.07044038891792298,0,-0.15,True,-0.09292314592708018,-0.06775139084401458
1209.16,12.057512283325195,-0.03739478811621666,-2.764742387390698,-0.000373523250011217,4.002183449043171e-05,0.0024727916465921273,0.0021016475311530273,-0.1553217838163419,0.04683206528425217,-0.12113872468471529,0,-0.15,True,-0.0922557836197976,-0.16794874680810964
1209.18,12.057394981384277,-0.037338074296712875,-2.7676346574511204,-0.00020761050558633641,-0.00021587912166871212,0.0015602228608071849,0.000320966395947984,-0.1589333129195627,0.10904191493988039,-0.10044072091579438,0,-0.15,True,-0.06877202532441341,-0.28486239569962535
1209.2,12.05742073059082,-0.03731037303805351,-2.7712550358516324,-9.944690601381489e-05,1.0333317204425728e-05,0.0008081419322201127,-0.0013769048570091273,-0.16573428932151832,0.11145276784896851,-0.13418294429779054,0,-0.15,True,-0.09039558962809449,0.0030980638459882502
1209.22,12.057328224182129,-0.037098050117492676,-2.7745328836401635,-0.0004920564985317024,-0.0002436923911506032,-0.0007265800614576366,-0.0019561869062420614,-0.16842875758626194,0.05567238569259644,-0.06721965432167054,0,-0.15,True,-0.07992882923059134,0.07389845592765527
1209.24,12.057412147521973,-0.037315502762794495,-2.7780011305364076,0.00028580967456143567,-0.0004254546012091845,-0.004758855523648855,-0.002517512976816916,-0.15507393870866307,0.09047816812992097,-0.06688137471675873,0,-0.15,True,-0.07742567694825114,0.15759086982051546
1209.26,12.057393074035645,-0.0371711440384388,-2.781108958058009,0.0003558424228493531,-0.0006237535966263081,-0.0048340834776343065,-0.0009276643542496254,-0.15302143644535565,0.09466544270515442,-0.10393032014369966,0,-0.15,True,-0.0932211238495684,0.094470229160709
1209.28,12.05770492553711,-0.03698674589395523,-2.783660950948314,0.0006186897555985205,-0.00011424463477094199,-0.005385912223634345,-0.005075778873553236,-0.15312701973588855,0.046567258238792424,-0.030472793579101567,0,-0.15,True,-0.045131830296960204,-0.1978274254953996
1209.3,12.057663917541504,-0.03689219802618027,-2.786774598555781,0.0008362181647329393,-0.0006484190245377292,-0.008184269969416326,-0.005208029683284382,-0.1608711392534121,0.10682890951633454,-0.12882481932640077,0,-0.15,True,-0.05175866954870284,-0.2819132591952777
1209.32,12.057673454284668,-0.03678422421216965,-2.7902512921152676,0.001152389104398682,-0.0008550578860565478,-0.008369401947402388,-0.012129806089909559,-0.17090013274828064,0.1543888556957245,-0.1232066833972931,0,-0.15,True,-0.04393390135385593,-0.19286197197014215
1209.34,12.057862281799316,-0.03655298426747322,-2.7939786491982703,0.0011292074906190355,-0.000383964349500516,-0.008974777041526768,-0.01038726117076395,-0.17557449718095736,0.13727618515491488,-0.14890706300735476,0,-0.15,True,0.05255777709608588,0.14707264342537868
1209.36,12.057999610900879,-0.035845208913087845,-2.797332961568164,-0.0001207078686101223,0.00022274279929792047,-0.008900624331939623,-0.010555054789088176,-0.1685559774934859,0.13426519751548768,-0.1359227287769318,0,-0.15,True,0.15363348239409294,0.3711517166905697
1209.38,12.058055877685547,-0.03586633503437042,-2.8008205583302845,0.00020809554337780872,0.0005789592229639867,-0.003979647801721329,-0.014004876295703893,-0.14910532777935906,0.11159916639328003,-0.0865927028656006,0,-0.15,True,0.13908101485235225,0.6257541373516553
1209.4,12.058058738708496,-0.03574904799461365,-2.8037357703147725,8.799868927186637e-05,0.000858895635710983,0.003921276644148801,-0.005094533141292597,-0.14120799541297768,0.07082683384418488,-0.11506980657577516,0,-0.15,True,0.17357039403147284,0.6391400922269217
1209.42,12.057787895202637,-0.035390615463256836,-2.805907075420642,-0.0007051848765843421,0.0008083222603368947,0.002151704146682915,-0.009429745331073705,-0.12551416619272818,0.13667323410511018,-0.05927827388048173,0,-0.15,True,0.08707634370324162,0.3397257954000338
1209.44,12.057568550109863,-0.035564668476581573,-2.808629601201224,-0.0003236537089076634,0.000338845513890956,0.004985007190605041,-0.005062205018574196,-0.11742477011523333,0.08507320046424867,-0.05945551842451096,0,-0.15,True,-0.07807431149529458,0.24692756250854583
1209.46,12.057644844055176,-0.03521076589822769,-2.8108616916256937,-0.0008370352713528051,0.0006364059873375555,0.0029864596945316643,0.0013929668119682932,-0.12192726414738107,0.048620814085006715,-0.08925724983215333,0,-0.15,True,-0.004893541064369337,-0.08561346620876724
1209.48,12.057549476623535,-0.03549665957689285,-2.8131297519239826,-0.0002507556916279679,5.333218206434334e-05,-0.002324668275469085,0.0017522807928263564,-0.12145379041231198,0.10570032685995102,-0.0627717836201191,0,-0.15,True,-0.06681532760553606,-0.38028568211799296
1209.5,12.057598114013672,-0.03557359799742699,-2.8156612565524237,-0.00010715640622623244,-0.00014148270636849634,0.001760220861533724,0.005394134936971718,-0.13236324348942333,0.0817326033115387,-0.0913761067390442,0,-0.15,True,-0.02754305453759355,-0.4473929819025728
1209.52,12.05778980255127,-0.03563736379146576,-2.8183459044342003,0.00029616468301871203,0.0003481862975490998,-0.00036021901783298287,0.0041412224677469,-0.1478476246846451,0.11070024311542512,-0.05554088234901429,0,-0.15,True,0.07572301901056379,-0.6048437038007927
1209.54,12.057649612426758,-0.03566466644406319,-2.821450751104838,0.00024785232918830586,-0.00014878789898807124,0.0007830153315261843,0.003725388268726778,-0.15771870269955435,0.11041025400161744,-0.11160080194473268,0,-0.15,True,-0.009737756304149428,-0.4836602472690687
1209.56,12.057682037353516,-0.03580164536833763,-2.8249575618987435,0.00045738225969685576,-0.00023392007668373218,0.003733173245370508,0.0032004068861867345,-0.1698412867163314,0.056112140417099006,-0.0337530130147934,0,-0.15,True,0.017000299308262537,-0.22260492413911492
1209.58,12.057632446289062,-0.03587619960308075,-2.8282787527683766,0.0004946512611552331,-0.0006969822324332409,0.0009812003572024783,0.00024374741461012585,-0.17105606327091363,0.09253261268138886,-0.14001939713954928,0,-0.15,True,-0.0184007929686503,-0.019486770095053882
1209.6,12.057585716247559,-0.03597366064786911,-2.8319332073714945,0.0005407410199067078,-0.0010090536576898479,0.000999804926826783,-0.0030559578379730176,-0.1656560186157581,0.16355853736400605,-0.12897943317890168,0,-0.15,True,-0.049830192447912494,0.2608492723310835
1209.62,12.057580947875977,-0.03570741042494774,-2.8351352361664985,6.800233394342844e-05,-0.0007776005327753488,-0.0006890481059645011,-0.0067217938832638945,-0.15927764430715724,0.1450579971075058,-0.1442597270011902,0,-0.15,True,-0.03990888402296584,0.30102608978703554
1209.64,12.057531356811523,-0.035593170672655106,-2.8382100433880297,-3.738875432880848e-05,-0.0008968961084077365,-0.00025324215047019564,-0.011502880086577977,-0.14897334492980438,0.10086709916591645,-0.12254977166652681,0,-0.15,True,-0.0017289520289183898,0.3543387346120725
1209.66,12.057522773742676,-0.03534688055515289,-2.841020964312974,-0.0002969014180760336,-0.0006340413393111928,-0.0022115103646409597,-0.012006752584896856,-0.14697397608790425,0.05906552910804749,-0.06662513971328736,0,-0.15,True,0.018373671613544484,0.36952873012786897
1209.68,12.057330131530762,-0.0350894033908844,-2.843851074965902,-0.0003155519941557184,-0.00023736601733283092,0.0008614887645130445,-0.013487463639317646,-0.13730891984673751,0.15616568624973298,-0.06326732024550438,0,-0.15,True,0.0010904697972574974,0.3452623324457489
1209.7,12.057465553283691,-0.03473755344748497,-2.8468931542535536,-0.00018258224966680604,0.0009156383397384935,0.0007808456231218983,-0.011053674802303112,-0.1297153458968706,0.11355337083339692,-0.11650932550430299,0,-0.15,True,0.05476735345063832,0.3843426686782215
1209.72,12.057148933410645,-0.03458186611533165,-2.8491947569757587,-0.0002115577366697907,0.00042029027984718983,-0.0001660045666896752,-0.005762360462816437,-0.12135235833416959,0.07579089939594269,-0.09422032080590725,0,-0.15,True,-0.04653521022456536,0.25458339006562636
1209.74,12.057206153869629,-0.034518852829933167,-2.851398191984714,-0.0001697176823962096,0.000976889977270039,0.0021698779114061213,-0.0022742171050994546,-0.11622656259367449,0.07579089939594269,-0.09422032080590725,0,-0.15,True,-0.03965751693397118,0.055049393141260346
1209.76,12.057209968566895,-0.03464415296912193,-2.8535592636326266,-9.172468953654088e-05,0.0009209690793838574,-0.0028613280534487986,0.004694325581944632,-0.11694224864150593,0.036044755950570107,-0.008189796507358552,0,-0.15,True,-0.04537093364577557,-0.2011661697588259
1209.78,12.057247161865234,-0.03461289405822754,-2.856191279261039,-0.00040885972730068796,0.0006671743280492803,-0.002391755731592911,0.007049047795465204,-0.12531139444557376,0.04959657594561577,-0.10394996762275696,0,-0.15,True,-0.030191053648359435,-0.3773890730873679
1209.8,12.057475090026855,-0.03487691655755043,-2.8585501368670707,-0.0001055684063945842,0.000497280466945547,-0.003795679258348419,0.006243268697274939,-0.13744565191486102,0.050376154296100144,-0.10711281955242158,0,-0.15,True,0.05961784678103861,-0.5629159194331257
1209.82,12.057548522949219,-0.035006094723939896,-2.861423103540351,-5.687070509907486e-05,0.0004995248762209947,-0.0002454063804604367,0.007639939714940914,-0.14641768844063646,0.09013130187988282,-0.08727550178766251,0,-0.15,True,0.06267190450654489,-0.5555566490687593
1209.84,12.05764102935791,-0.035038936883211136,-2.8645549157858055,2.066965129091253e-06,0.000588589013207353,0.0019080996890299521,0.0052284919918331495,-0.16197552219611502,0.049528680741786964,-0.040351778864860535,0,-0.15,True,0.09655004635619639,-0.5272399570694679
1209.86,12.057435035705566,-0.03519482910633087,-2.8679046943362794,3.6073455858959506e-05,-0.0003159789730371113,0.0026219966289261197,0.0041354210994879485,-0.1697559263710341,0.10967073857784272,-0.09014617204666138,0,-0.15,True,0.02190080779882534,-0.41836616140424937
1209.88,12.057442665100098,-0.03532099723815918,-2.871508178642785,6.101046240162348e-05,-0.00042213625049746114,0.00392832445016222,0.00494085631446211,-0.17962484848049998,0.10234900891780854,-0.09646079421043396,0,-0.15,True,-0.028688519820450658,-0.16268518252264091
1209.9,12.057435989379883,-0.03538130968809128,-2.8750035776500598,-0.00011370159824404792,-0.0005886265116625091,0.0015066582434489768,0.004974080939840785,-0.1798869813530411,0.16863291501998903,-0.15804712533950807,0,-0.15,True,-0.09467560731435122,0.010766328897358216
1209.92,12.057443618774414,-0.035503726452589035,-2.8789249036642732,-0.0002122124376451836,-0.0007779951196999021,-0.00038698189661053625,0.003335421396033281,-0.17499033679795145,0.10422561645507813,-0.1565800315141678,0,-0.15,True,-0.12174340390388866,0.3050324292552828
1209.94,12.05742359161377,-0.03561045229434967,-2.8822956528445505,5.733272035466216e-05,-0.001063843438930905,-0.004952051956236616,-0.0016515028411627833,-0.16889462005924377,0.11103992044925691,-0.11798566520214082,0,-0.15,True,-0.14317520386918456,0.33598108456661036
1209.96,12.057541847229004,-0.03557064011693001,-2.8855074055866083,0.0003302564420438551,-0.0007560465046638492,-0.005811147862140014,-0.0068984212712066145,-0.15522225414009955,0.05097463548183442,-0.05983235239982605,0,-0.15,True,-0.0972816104492206,0.3612918546706444
1209.98,12.057785034179688,-0.03515202924609184,-2.888515147254787,0.00016012838582066962,0.00033665827841687965,-0.00994735806607537,-0.010753530915078241,-0.15300849458773672,0.10513386070728303,-0.07897592514753342,0,-0.15,True,0.009100245289194769,0.30500809708171234
1210.0,12.057753562927246,-0.03485209494829178,-2.89134268399547,0.00017664828262011466,0.00013967874149097478,-0.008169510732541106,-0.014728039913010797,-0.1460869884243262,0.05682240784168244,-0.07877807140350343,0,-0.15,True,0.05476299133806077,0.029156031669722176
1210.02,12.057978630065918,-0.034578319638967514,-2.8945363324115583,0.0003944311584949053,0.0010626196403930063,-0.004224032333101696,-0.011142347279553051,-0.14449397229272898,0.05682240784168244,-0.07877807140350343,0,-0.15,True,0.13566288054000156,0.03753494156918821
1210.04,12.057883262634277,-0.03426724672317505,-2.897194364660544,3.6444217102604786e-05,0.0009378869776626442,-0.0014301085550991375,-0.0076066708681627945,-0.1528897716065239,0.11660580217838289,-0.10666625976562501,0,-0.15,True,0.14705885463992402,-0.11770144790577196
1210.06,12.057894706726074,-0.03420506790280342,-2.9000746650381948,-5.7203663652498205e-05,0.0007054854785732481,0.0009056723771148825,-0.006590626635995725,-0.1500056992622044,0.08915261626243592,-0.05962208598852158,0,-0.15,True,0.08401079858695562,-0.12750911039563018
1210.08,12.057717323303223,-0.03423396125435829,-2.9035738657239807,1.2267235506063245e-05,0.00026417067642234884,0.0035951976386421163,-0.0005013332362913685,-0.15550310425677938,0.05340152263641358,-0.042514887452125553,0,-0.15,True,0.03467636026317003,-0.014081697403308847
1210.1,12.057782173156738,-0.03408370167016983,-2.9065367883525237,-0.00045548230420098125,0.0004896181034754114,0.0024968315538486407,-0.001449065678853171,-0.15469470112437012,0.08669301807880403,-0.07730374015867711,0,-0.15,True,0.040909549073567184,-0.15233896106780442
1210.12,12.057594299316406,-0.03429608419537544,-2.909634613001075,-0.00011722196576235904,-0.000418213148440291,0.001344000265951942,-0.001155181255616454,-0.15401630739878758,0.12054695963859559,-0.04709085166454316,0,-0.15,True,-0.01659662747306021,-0.18198479644787888
1210.14,12.057673454284668,-0.03413885086774826,-2.9124502411281683,-0.0003305608724533726,-0.0001612853177317463,0.004178436303006582,0.0031673403795733157,-0.1621928161476523,0.06294018387794495,-0.05047531664371491,0,-0.15,True,0.034370648886791894,-0.3006207570954556
1210.16,12.057591438293457,-0.03416873887181282,-2.9158951703159075,-0.00047909912804660877,-0.0003519293014953691,0.0022674674407947336,0.0017783906902387998,-0.17006188797263783,0.0978916096687317,-0.10221603691577913,0,-0.15,True,0.018251319689062937,-0.1747869216572382
1210.18,12.057514190673828,-0.0344063937664032,-2.919512213644361,3.379437542050766e-05,-0.0006692212180156877,0.005246483464797306,0.0028305099947997757,-0.17874436169205304,0.10393014490604402,-0.12718927204608918,0,-0.15,True,-0.012335013520351587,-0.009257928480935648
1210.2,12.057449340820312,-0.03447534143924713,-2.923239564038912,0.0001240480717743963,-0.0008878329906126595,0.002804105841079799,-0.002716321697774759,-0.16799926113139366,0.10233485221862794,-0.10486121177673341,0,-0.15,True,0.0085497871894597,0.16164759112287158
1210.22,12.057313919067383,-0.034452177584171295,-2.9267497900635195,0.0002815034210656977,-0.0011750330408047272,0.0031916352213793527,-0.010927166421382167,-0.16293345042612647,0.10798509418964387,-0.10305063128471376,0,-0.15,True,0.022527716881235824,0.3322379709483149
1210.24,12.05732536315918,-0.03400518745183945,-2.9293351112064068,-5.70791259766139e-05,-0.00045936585583848606,0.0029514504159508874,-0.012447378370110812,-0.15713008068281986,0.06263037621974946,-0.11699421226978303,0,-0.15,True,0.1298486803644898,0.14549652708048616
1210.26,12.05707836151123,-0.03360675275325775,-2.9325468896784392,-0.00032909383725963887,-0.00017772826254035124,0.007048700815294533,-0.020138613847566846,-0.15216532401621202,0.1966263794898987,-0.0760574233531952,0,-0.15,True,0.12368419590851858,0.1466164573576152
1210.28,12.057008743286133,-0.033551640808582306,-2.9358099704935263,0.00036281493862529526,0.0004836066929442851,0.013192000270229536,-0.016260867844915323,-0.15635953896496535,0.11747370004653931,-0.10785877704620363,0,-0.15,True,0.15436705274430376,0.14799133154995908
1210.3,12.056427955627441,-0.03299318626523018,-2.9389230159848054,-0.00013681678653054723,0.0004427590532975714,0.01308637089405184,-0.014729269221978203,-0.15120413383752793,0.05327096223831177,-0.06229061126708985,0,-0.15,True,0.06016435947067822,0.12742716608303772
1210.32,12.056026458740234,-0.03294740989804268,-2.9418438743235926,0.00036452576474465224,0.0003618784486317972,0.015300814635483957,-0.013637520608696673,-0.1452907741588339,0.11671247601509095,-0.0638203462958336,0,-0.15,True,-0.035753113300481594,0.21944346206155688
1210.34,12.055815696716309,-0.0326632559299469,-2.9446432203854305,-6.942276068002097e-05,0.0006753893902190701,0.011861849572944413,-0.002387617388940654,-0.14197115072957828,0.08816772639751436,-0.027514158189296724,0,-0.15,True,0.008710019893058928,0.1889518659010861
1210.36,12.05559253692627,-0.03272521495819092,-2.9474332324262225,-0.00010288763666059351,0.00046828463059652066,0.01033175120619361,-0.004052782705121322,-0.13880406200005677,0.08891442239284517,-0.058557562865316874,0,-0.15,True,0.0018519909519993853,0.10173402201779136
1210.38,12.055459976196289,-0.03299155831336975,-2.9502807080431936,0.0003871790145200966,0.0006339901667017813,0.0137831724854979,0.0037065386579151842,-0.13608798456541182,0.06281507879495621,-0.07981840729713441,0,-0.15,True,0.04538359229726166,-0.04624247490869808
1210.4,12.055152893066406,-0.032788753509521484,-2.9529481992836186,-0.00011773216999210305,0.0004367714150933047,0.015448973911644194,0.0007604615188167691,-0.13715205239739486,0.05887291997671128,-0.11105055153369904,0,-0.15,True,0.054460335099227306,-0.22251748856462383
1210.42,12.054789543151855,-0.03316403552889824,-2.9555302591506845,0.0003424370502348183,-2.2318795968212235e-05,0.015492536956732363,-0.0030817273172514736,-0.14567054872228127,0.04769999444484711,-0.1338158506155014,0,-0.15,True,-0.03129935486342041,-0.3466524693074127
1210.44,12.054389953613281,-0.033016741275787354,-2.9584053966180353,-0.00035552469187806376,-0.00038737758686528976,0.014688578014140214,0.0027845393589612374,-0.15660546108526108,0.1633950781822205,-0.07515708148479462,0,-0.15,True,-0.07265122547157994,-0.46024011509488477
1210.46,12.05419635772705,-0.03297855332493782,-2.9619343519409655,-0.0006019878397175833,-0.0004306199346013474,0.011279224096426545,-0.0010713148938061704,-0.16382018210997962,0.09770267426967622,-0.08217092692852021,0,-0.15,True,-0.046904022039928134,-0.41141862294839704
1210.48,12.054038047790527,-0.03322184830904007,-2.965476636170428,-6.683562364618598e-05,-0.0004438455761173112,0.009636875873923085,0.0006052150220262399,-0.17397126160495216,0.07332111030817033,-0.049307532906532295,0,-0.15,True,-0.04877734701315367,-0.3443501536447307
1210.5,12.053886413574219,-0.03324095159769058,-2.968635873719471,4.967328108632973e-05,-0.00010264625907196423,0.011740215193541525,0.003750719282091868,-0.1785840385581231,0.13181937217712403,-0.07345912508666516,0,-0.15,True,-0.03989214678453216,-0.32608781127829406
1210.52,12.05363941192627,-0.0331994853913784,-2.9723230975464188,-0.0002074403708764376,-0.00022125076620482635,0.01078639025309147,0.0035308170063451105,-0.18415347337681448,0.09579972684383393,-0.13065609872341158,0,-0.15,True,-0.040313924332939344,-0.1354714947242004
1210.54,12.053322792053223,-0.03343576937913895,-2.9762210750256024,0.00013736022541835274,-0.0007754557475810705,0.008087852353666875,-0.000637095857161951,-0.18990720701221941,0.13680963158607484,-0.14513774275779726,0,-0.15,True,-0.12486167895538335,0.06211829789705617
1210.56,12.053235054016113,-0.033645644783973694,-2.98020891404056,0.0004899952887321556,-0.0008343289814200882,0.00641176192729087,-0.0015677096120059394,-0.18480898118287833,0.11639789104461672,-0.151358779668808,0,-0.15,True,-0.08327640759324388,0.2856515742156364
1210.58,12.053239822387695,-0.03329719230532646,-2.9838284502804346,-6.768492912012972e-05,-9.704260519054129e-05,0.001751280877119942,-0.0068983740269095385,-0.17361457472636313,0.11259187102317811,-0.1687659788131714,0,-0.15,True,-0.016621882468729265,0.4528799304616808
1210.6,12.053112983703613,-0.03315811976790428,-2.9871078160410356,0.0001257012829387914,-0.000102070763025678,0.004124277645638018,-0.013647006917648103,-0.16130134743958435,0.13092286050319674,-0.04197281897068024,0,-0.15,True,-0.004614769832335412,0.43218929697646635
1210.62,12.05309772491455,-0.03291276469826698,-2.990110241003699,0.00025940526453882914,0.000780366758283127,0.006758101756169743,-0.011026494298433422,-0.1536768125753179,0.10715581536293031,-0.020284720361232758,0,-0.15,True,0.08575393620032384,0.25294200882894324
1210.64,12.052741050720215,-0.03261765465140343,-2.9931130218357516,0.00018428184747017312,0.0006152656631909242,0.006042580340703324,-0.009403066215039828,-0.1502338374246942,0.10388367772102357,-0.10775419980287552,0,-0.15,True,0.024233480869542637,0.054328096538201184
1210.66,12.052572250366211,-0.03250676020979881,-2.996122595286484,0.0001234961322621858,0.0005983017100416445,0.008611595773159108,-0.005035970094779207,-0.15337921402000856,0.10388367772102357,-0.10775419980287552,0,-0.15,True,0.004807256877338866,-0.05704130717778021
1210.68,12.052523612976074,-0.03248566389083862,-2.9991265230350344,8.724983145473565e-05,0.0005862443572001732,0.006062956115205176,-0.001389950114502412,-0.15695509971651986,0.09062152922153474,-0.0077185574173927315,0,-0.15,True,-0.004314531038785784,-0.14305094365782872
1210.7,12.05235767364502,-0.03261400759220123,-3.002380578125323,0.00028595620685944393,0.00046122629711867707,0.0071426823063575956,0.0009772122462448876,-0.15824011714954914,0.10095110893249512,-0.054295426607131964,0,-0.15,True,-0.03236611539257306,-0.11839872152805352
1210.72,12.052245140075684,-0.03257645294070244,-3.0056694298130617,0.0001388327665263029,0.0003486350216729137,0.005697417857600775,0.000750057693234984,-0.1616779129173101,0.058519563674926764,-0.10906729102134706,0,-0.15,True,0.011788099199821425,-0.0702471014414508
1210.74,12.052017211914062,-0.03266347199678421,-3.0087818046584363,0.00010253834140669603,8.432580590276463e-06,0.006022306541755618,-0.00011353706014501758,-0.16285111174224423,0.09278832614421845,-0.0585413807630539,0,-0.15,True,-0.005894745051233534,-0.12030854220899646
1210.76,12.052080154418945,-0.03260687738656998,-3.0120607560684074,5.2547723595752995e-05,0.0005514118371640808,0.007006004051190032,0.0009951202582280634,-0.1625748678318308,0.09278832614421845,-0.0585413807630539,0,-0.15,True,0.046800211941717025,-0.14194416797915815
1210.78,12.051878929138184,-0.03266880288720131,-3.015408667064691,-3.886550785367285e-05,-4.372264452912127e-05,0.006671102702259342,0.0003943706127859923,-0.1678648005262601,0.12892951548099518,-0.09528797864913942,0,-0.15,True,0.020969805384317378,-0.164059721844502
1210.8,12.0516996383667,-0.032727792859077454,-3.0186754192395964,-0.00011495913967145362,-0.0002482365182835635,0.009441434812934732,0.0023363334555492454,-0.17303344635563242,0.05837115406990052,-0.16450067341327668,0,-0.15,True,-0.012517077933109659,-0.16805410953760777
1210.82,12.051491737365723,-0.03276193514466286,-3.022210988700525,-0.00023175514682006817,-0.0004976116651555002,0.007699890972499482,0.0024339020705653447,-0.17597588948979245,0.09727310001850129,-0.10240532696247102,0,-0.15,True,-0.10346586673117027,0.03634320604346898
1210.84,12.051353454589844,-0.032884981483221054,-3.0259034317768454,-0.00017249116147299303,-0.0007133625722481545,0.00600463781654217,-0.0011010451489504862,-0.1760191965948272,0.13575704991817475,-0.10057819068431856,0,-0.15,True,-0.20969486771076737,0.3131981536186432
1210.86,12.051290512084961,-0.0329354926943779,-3.0294867382238615,-0.0001985818887134192,-0.0009263212079408322,-0.0016061666362267514,-0.004570251594584442,-0.16495734404278523,0.11168603003025056,-0.10896217763423921,0,-0.15,True,-0.2135231973036879,0.5658233447634595
1210.88,12.051212310791016,-0.032695747911930084,-3.0327569549672098,-0.0003580779719793068,-0.0013110313616298821,-0.0073341546039590805,-0.01389335531189877,-0.14797759406609254,0.05618890702724457,-0.1030349349975586,0,-0.15,True,-0.18213100752699887,0.6765093342751757
1210.9,12.051578521728516,-0.0323842354118824,-3.035407576223973,-3.0958528633357504e-05,-0.00013322671097724267,-0.009381964811828566,-0.022223565681341807,-0.1307100219086282,0.05618890702724457,-0.1030349349975586,0,-0.15,True,-0.012853383723476696,0.5673742067839728
1210.92,12.0518159866333,-0.03171635791659355,-3.0377416393021557,-0.00030240137430025983,0.00020850542085601792,-0.008565842785645901,-0.02135275483974981,-0.12189844985270855,0.04611898101866246,-0.12175916194915773,0,-0.15,True,0.11082208110007175,0.34633196234668745
1210.94,12.051848411560059,-0.031088072806596756,-3.039943539976572,-0.0006175684502604175,0.00042537335810906014,-0.0026344373341068744,-0.020776116687748463,-0.11956740749997968,0.03921304702758789,-0.09932831645011903,0,-0.15,True,0.15467830051176448,0.06771447630274739
1210.96,12.051716804504395,-0.03092569299042225,-3.0425088309554176,-0.0003895354258445977,3.238737724467049e-05,0.0015316118840385954,-0.01737123125235799,-0.12027103707838274,0.03216556742787362,-0.06464404046535492,0,-0.15,True,0.13392937082052608,-0.08265243807246697
1210.98,12.051619529724121,-0.030709339305758476,-3.044972968823963,-0.0003824725856909592,-4.2523251614951584e-05,0.00299229922910134,-0.007681053800656028,-0.12529286380441335,0.04263303205370903,-0.1579514080286026,0,-0.15,True,0.02538540214818944,-0.2144420321911492
1211.0,12.051556587219238,-0.030345596373081207,-3.0473633222684176,-0.0009118891506619638,-0.00017239858055729732,0.0021485068799864406,-0.00691383018961616,-0.1285106448984999,0.04891426414251328,-0.06272306025028229,0,-0.15,True,-0.030842917663701827,-0.348552350782151
1211.02,12.05155086517334,-0.030499547719955444,-3.049966969080916,-0.00022243601313311564,-9.273809352612167e-05,-0.0006036051622535661,-0.006960143906768217,-0.13672277007525602,0.1009209430217743,-0.0573484754562378,0,-0.15,True,-0.07562243367899396,-0.41580541071575133
1211.04,12.051493644714355,-0.030391212552785873,-3.052789682547288,-1.3010066572076527e-06,-0.00014242803335040826,-0.0009358215290553069,-0.0027142878043496634,-0.14815522514092946,0.09858237564563752,-0.08073205471038819,0,-0.15,True,-0.1016089615051174,-0.4368384548357793
1211.06,12.051616668701172,-0.03015044517815113,-3.0559107904299734,-0.00025901424194877423,0.0002727766070598831,-0.0030574954652126743,-0.00495079892923118,-0.1585572966616432,0.08722964584827424,-0.13202072858810426,0,-0.15,True,-0.1038015034197313,-0.31252922264221544
1211.08,12.05161190032959,-0.0301226694136858,-3.059215740279681,-0.00014658830063478918,-0.00016985778697809362,-0.005980210040415558,-0.005498794895715081,-0.16345772128533045,0.09640171825885774,-0.12576613366603853,0,-0.15,True,-0.08594197766095348,-0.1553893379133733
1211.1,12.05176067352295,-0.030084004625678062,-3.062651552813836,-3.886061568586293e-05,-0.0002818838643003638,-0.008907725435824517,-0.004067477084518638,-0.16172510788661051,0.12828115701675416,-0.09014725267887116,0,-0.15,True,-0.09818241273263682,-0.016751715754540514
1211.12,12.051934242248535,-0.029913434758782387,-3.0658663002501028,-0.00011666986372422355,-0.00012768432523383412,-0.0078111797419253325,-0.006046244914243619,-0.16058637217398802,0.13160219430923464,-0.13494923770427705,0,-0.15,True,-0.07609872680530018,-0.021332284668170987
1211.14,12.052301406860352,-0.029769863933324814,-3.0688487990609272,6.1269603302788516e-06,0.0004611872981566096,-0.010912088483838801,-0.006060781458789138,-0.15989743392200903,0.0555871868133545,-0.09434489965438844,0,-0.15,True,-0.03364292793603404,-0.12864400152571473
1211.16,12.05219841003418,-0.029593080282211304,-3.072062650053625,0.00010045255762796799,-0.0003613002744256301,-0.012068108184851338,-0.0051305298209923,-0.16516430405878743,0.13508445858955384,-0.10304466485977173,0,-0.15,True,-0.08420176110535509,-0.10721780071163135
1211.18,12.052596092224121,-0.029536977410316467,-3.0754433475276213,0.00032932957625388814,0.000246998980694222,-0.011599159670712442,-0.005388677544539249,-0.17201662800868758,0.12106055617332459,-0.11534677386283876,0,-0.15,True,0.054704439286097105,-0.08768808247157085
1211.2,12.052868843078613,-0.029436910524964333,-3.0790794445748313,0.00046778784296649435,0.00028851564162602427,-0.014547320630366758,-0.0030405143393365556,-0.1691637962309351,0.12106055617332459,-0.11534677386283876,0,-0.15,True,0.13951445939718177,0.08486391509588287
1211.22,12.05319881439209,-0.029278375208377838,-3.0826101293016097,0.0004633780071229522,0.0007902516434595245,-0.006535733340955013,-0.003499260816355598,-0.16691248051972832,0.12106055617332459,-0.11534677386283876,0,-0.15,True,0.20310968286356165,0.22208621050344615
1211.24,12.0533447265625,-0.029277609661221504,-3.0855957537520875,0.0006901414630650152,0.0007248736730738913,-0.0009069514330869481,-0.004464700850197427,-0.15837519085112298,0.13092070758342744,-0.05487244665622712,0,-0.15,True,0.2973401720644736,0.2136487381878133
1211.26,12.053101539611816,-0.029226701706647873,-3.0887963459691874,0.00035916250806915007,4.825036161857301e-05,0.0046496149583577125,0.0010152874835577883,-0.15424973116842805,0.16062999486923218,-0.11811446070671083,0,-0.15,True,0.14697131468487096,0.19092435407534764
1211.28,12.052921295166016,-0.029076233506202698,-3.0917494598429096,-0.00037325576952926357,-0.0001575968134651826,0.009239893134769497,3.249458081383094e-05,-0.1520718971759256,0.13765055119991304,-0.09956690251827241,0,-0.15,True,0.0793996827219495,0.15097197220078865
1211.3,12.052831649780273,-0.029379114508628845,-3.0949501077950727,-0.00015374080941941962,-0.0003945854562862382,0.0052219718338239705,-0.000364503734383167,-0.1516385321937144,0.13765055119991304,-0.09956690251827241,0,-0.15,True,0.00541520525434011,0.17699555094913033
1211.32,12.052606582641602,-0.029317034408450127,-3.0977615055261505,-0.0003013974021811167,-0.000875141678031581,0.0054450231846632354,0.0022643536431944103,-0.14629743307507087,0.11361658573150636,-0.03697584629058838,0,-0.15,True,-0.06393576132355012,0.12691906322227695
1211.34,12.052682876586914,-0.029217051342129707,-3.1009274285446735,-0.00043936609517119667,-0.00010818911865876463,0.005082831378704527,-0.0035110321079587494,-0.1400900870925105,0.13109606623649597,-0.1124689543247223,0,-0.15,True,0.01441541049771536,0.10053502689122694
1211.36,12.052494049072266,-0.029276294633746147,-3.1034532544889046,3.5604938159100224e-05,-0.0004269326794698795,0.0041250322288901384,-0.005070628784550949,-0.14191837211815267,0.13109606623649597,-0.1124689543247223,0,-0.15,True,-0.039542175758489645,-0.08519898542602343
1211.38,12.052413940429688,-0.029114995151758194,-3.1061573147624952,0.0001348152699605665,-0.0002073491546696447,0.006375204673643428,-0.0048940903642347095,-0.1435957300424007,0.05189908087253571,-0.059532837867736825,0,-0.15,True,-0.0587268904113961,-0.29555348864641673
1211.4,12.052261352539062,-0.028924262151122093,-3.1091149752956246,4.941320592575919e-06,-0.0004475984958655045,0.00228164912397795,-0.005764553578529126,-0.15311335190916592,0.08912548780441285,-0.08581925809383394,0,-0.15,True,-0.07406071954221842,-0.3174130462297433
1211.42,12.052159309387207,-0.028843838721513748,-3.1124150869480878,1.2386802371218335e-05,-0.0006586169799220368,0.0003846801457837593,-0.00398179494724576,-0.16373436618426954,0.118683899641037,-0.12342885971069337,0,-0.15,True,-0.12865361654260588,-0.3628431707269922
1211.44,12.05229663848877,-0.028821300715208054,-3.1157023226416616,0.00019144158095986072,0.0001433104464993484,-0.0017998253344987862,-0.001349096895015223,-0.1673114158165812,0.08411659479141236,-0.12620752811431887,0,-0.15,True,-0.05554904369664122,-0.32252630006160776
1211.46,12.052373886108398,-0.028797484934329987,-3.119256064057225,0.00029790914598125487,0.00045377718691162153,-0.003917084649755682,-0.0002705575688637654,-0.17262318370053367,0.11867198765277864,-0.12023182392120363,0,-0.15,True,0.02525814997115564,-0.20502536294065962
1211.48,12.05240249633789,-0.028812643140554428,-3.122499888560939,0.00016208163447825502,0.0003421757685128085,-0.002162274371749306,0.00040482699043360053,-0.17891545591407107,0.05829963207244874,-0.12919692397117616,0,-0.15,True,0.10423790196978475,-0.17858618760654182
1211.5,12.052472114562988,-0.028815200552344322,-3.126224941644118,0.00025768785687648864,0.00023886779054384393,0.0024053321434743726,0.0005818531447189054,-0.1801363952195074,0.08467362836003305,-0.13290219068527223,0,-0.15,True,0.21243145407181785,0.11074136705090815
1211.52,12.052470207214355,-0.028850378468632698,-3.1300155591147742,0.00030102864749387585,0.00018362738089357513,0.00653920682307641,0.0005268744064925768,-0.18159831082509156,0.10809897780418397,-0.11145056068897248,0,-0.15,True,0.2443732039177381,0.3846872358754761
1211.54,12.0521821975708,-0.0288469847291708,-3.1336669756747724,0.00011329740960274533,-0.00017627338199422711,0.01307743167597429,0.0014740603124208732,-0.16376387433646908,0.1078059220314026,-0.10208419978618623,0,-0.15,True,0.17271054608771233,0.6296871282943066
1211.56,12.0518798828125,-0.028860846534371376,-3.137027753426933,-0.00012020876237813806,-0.00025854051202379655,0.01738758194165196,-0.0011467032012067008,-0.14814047704406097,0.1428614389896393,-0.10875504672527314,0,-0.15,True,0.10021706150164152,0.746187702960298
1211.58,12.051426887512207,-0.028941413387656212,-3.1393260515910235,-0.00023170657925630452,-0.0005867290155261082,0.016222175830478792,-0.006252129427933341,-0.12976142495600868,0.07159821331501008,-0.0018668401241302493,0,-0.15,True,-3.034982904240645e-05,0.49495786448430795
1211.6,12.051078796386719,-0.028764992952346802,3.141318509901298,-0.0006207122532084572,-0.0006255027836839102,0.01455657174320044,-0.0040742943981794365,-0.12190329458832201,0.0638142004609108,-0.136399045586586,0,-0.15,True,-0.10566178054461148,0.2642581455952527
1211.62,12.050883293151855,-0.028349757194519043,3.1391374175083424,-0.00112080478871849,-0.0005974667517492591,0.013075003689650899,-0.008775977361621851,-0.12416724517776045,0.08393782734870911,-0.1105846530199051,0,-0.15,True,-0.0714192692477441,-0.04714249366539933
1211.64,12.050715446472168,-0.028534583747386932,3.136405290185569,-8.632837041161721e-05,-0.00027309417376715446,0.008934639498066705,-0.008001458705858965,-0.1269998253963999,0.022344225943088533,-0.06413807094097138,0,-0.15,True,-0.040197985231071404,-0.24706944172817158
1211.66,12.050382614135742,-0.028236769139766693,3.133925875974323,-0.00038338251299647894,-0.0007002928588716481,0.010508634290648222,-0.008555396722952672,-0.1335328244492479,0.05686713099479676,-0.06434935748577118,0,-0.15,True,-0.058425031340023206,-0.3001121451813305
1211.68,12.05036735534668,-0.02812117710709572,3.1311585238695665,-7.382568223758138e-05,-0.0002404128135382023,0.011340732924708512,-0.010600071654095291,-0.14166884992661394,0.0633633953332901,-0.1510605001449585,0,-0.15,True,0.005095658942360297,-0.4024975188342672
1211.7,12.050047874450684,-0.027658900246024132,3.128454791552382,-0.000362391002870805,-0.0002587526757744006,0.00840100118244001,-0.010585923846806409,-0.1481762167923133,0.05370469212532044,-0.05898770272731781,0,-0.15,True,-0.05597466838861735,-0.41999305245270097
1211.72,12.049817085266113,-0.027677157893776894,3.12507178219145,0.00020269444468281732,-0.0002814080493647432,0.009342292213455158,-0.013408295740269154,-0.15919962690311198,0.13574298918247224,-0.057306171208620076,0,0,True,-0.065046752036078,-0.16759119233131203
1211.74,12.049721717834473,-0.027381138876080513,3.1220717786309486,0.0002553145622030918,0.00023160607998756852,0.0060306608195629064,-0.009644474940485988,-0.16713226864543343,0.09620075404644013,-0.08885578870773317,0,0,True,-0.028636243865750928,0.10171431838829544
1211.76,12.049637794494629,-0.027036312967538834,3.118422553717329,-0.00020227144858552825,0.00042297144967114034,0.006136992761827004,-0.008577462584789298,-0.1550761453131067,0.1180039942264557,-0.13512102067470552,0,0,True,-0.06994339836961434,0.6014702579629055
1211.78,12.049580574035645,-0.026878071948885918,3.1150842100607594,-0.00031505298799388334,0.0006940807259506177,0.0061101016731820185,-0.0069138270940269685,-0.14003907132125706,0.1501751619577408,-0.02803301811218262,0,0,True,-0.009272955798786169,1.1117109616886571
1211.8,12.049342155456543,-0.02697977051138878,3.1126656905664127,0.00026232149300309905,0.000251180244465195,0.0037468203438911,-0.0079030308301956,-0.1110820062661233,0.11900762617588044,-0.054504584223032004,0,0,True,-0.04434265961721954,1.2641281243914837
1211.82,12.049247741699219,-0.026815271005034447,3.1108686529252583,0.000254234792349141,0.00027978030000330115,0.005288824355660688,-0.0048311186660493395,-0.07819539171042174,0.11900762617588044,-0.054504584223032004,0,0,True,-0.05165637192917515,1.3653169574071429
1211.84,12.049356460571289,-0.026395665481686592,3.1095359932160473,-0.00038809640048810177,0.0008894128839977438,0.002589579992452667,-0.0067387455189539345,-0.053945895361879985,0.040253057479858405,-0.008504428416490555,0,0,True,-0.02876231200924486,1.2124461703996263
1211.86,12.049169540405273,-0.02647876739501953,3.1088285787239314,-0.000149752070207299,0.0005486630784473383,0.001977591918851764,-0.006114867770236095,-0.030813714728784972,0.0287266880273819,-0.05785205893218518,0,0,True,-0.08560379259988629,0.9666999440020992
1211.88,12.049152374267578,-0.026434307917952538,3.108350018937454,8.745796829239459e-05,0.0005646139220645807,0.0014458353831470643,-0.0011543618928436014,-0.014086312633965734,0.011435670405626298,0.001006540060043335,0,0,True,-0.037194719054856426,0.6970999120623698
1211.9,12.049105644226074,-0.026321161538362503,3.1084035557469507,-4.3750670008058914e-05,0.0005976369069429481,-0.0015594790523434513,-0.00404278261324953,-0.0008593961901043379,-0.0005963045358657838,-0.0018175193294882777,0,0,True,-0.037513669697466154,0.33673276706775285
1211.92,12.049243927001953,-0.026299523189663887,3.108409088205328,-0.0001650104608186877,0.00114496607654092,-0.0003859975319415977,-0.0016664721806259456,0.001822097603217379,-0.004386544693261385,-0.0014200227614492179,0,0,True,-0.00992712907093287,0.09872351265041544
1211.94,12.049304962158203,-0.026159662753343582,3.108759827028723,-0.0003982155799804778,0.0013882395042562807,-0.0010235016569513284,-6.85366663839724e-05,-0.003875093363312681,-0.003203202094882727,-0.004293489195406438,0,0,True,0.03205156716734129,-0.15828530745738625
1211.96,12.049187660217285,-0.026302088052034378,3.1084957867457113,-4.827105191839626e-06,0.0010705474695624276,0.0006516650574731569,-0.0020302501950475844,-0.006188431621939682,0.002326268143951893,0.0007322354987263681,0,0,True,-0.004085556609490254,-0.19505080266262698
1211.98,12.049187660217285,-0.026318369433283806,3.108093548277886,0.0001439130916736978,0.0011034328392222883,0.0010046463210415199,-0.0011491239926678864,-0.013522220786683723,0.008509406521916391,-1.930759754031897e-05,0,0,True,-0.0032092411018441558,-0.0990963359813189
1212.0,12.04919719696045,-0.026135466992855072,3.107914013675573,7.685226979043239e-05,0.0010937110765739044,-0.0007128420607005208,-0.0036239667155194507,-0.013781966609778587,0.005086144655942917,-0.003012895304709673,0,0,True,-0.010280930155856344,-0.07975352849042625
1212.02,12.049227714538574,-0.026065092533826828,3.107678049365789,3.6268947495072986e-05,0.0011046347001061995,-0.0012802409450986274,-0.0051565427534449445,-0.011802800241810983,0.005691492184996605,-0.006974775269627572,0,0,True,-0.021243274521050487,0.011855611652283259
1212.04,12.049254417419434,-0.026014255359768867,3.10739322941693,-1.4274160763680907e-05,0.0012040495207497153,-0.00017080935499460257,-0.003723412679697989,-0.01256871390116798,0.003018099889159203,-0.0009584636613726617,0,0,True,-0.006947018589960951,0.03525366864854694
1212.06,12.049304008483887,-0.025909556075930595,3.107149324258542,-9.541418494828559e-05,0.0013367384842315302,-0.0006948156406409734,-0.003374894854894608,-0.012573771854501925,0.0013272021524608137,-0.0030647237971425057,0,0,True,0.001438727015541383,0.03857016359225767
1212.08,12.04922103881836,-0.025838235393166542,3.1069085165634807,-5.894850558819806e-05,0.0009595134286442733,-0.0012686035478968914,-0.0036597009742589987,-0.010961673117897397,0.0015939967893064024,0.002555887755006552,0,0,True,-0.03500546710441823,0.06023946004591795
1212.1,12.04929256439209,-0.025797175243496895,3.10667214761743,-7.143821438473985e-05,0.0009131097386734419,-0.0011651427838554214,-0.0021580295073678176,-0.008717187154433176,0.0015939967893064024,0.002555887755006552,0,0,True,-0.005583295643397816,0.08268920047820257
1212.12,12.049365997314453,-0.025725174695253372,3.106516295567499,-0.0002674691623491102,0.0008626188604129986,-0.0029712467233455144,-0.0023478955941303916,-0.007749557097498926,-0.0019388736225664617,-0.001878859028220177,0,0,True,0.018131654819747708,0.07727104903788223
1212.14,12.049403190612793,-0.02574027329683304,3.106451949286186,6.395292579079973e-05,0.0009771569838350595,-0.001141479292113662,-0.0021392755233377476,-0.005958635816232935,-0.004528211951255799,-0.012855932358652355,0,0,True,0.017707404138070364,0.06923201418127772
1212.16,12.04946517944336,-0.025658855214715004,3.1062885519956795,-1.106715718911391e-05,0.001118813055203593,0.00018192883768572857,-0.0014359743725813794,-0.004779989194854871,-0.0014691329188644888,-0.0022773143835365774,0,0,True,0.05253826296395175,0.09234209267903128
1212.18,12.049389839172363,-0.025629347190260887,3.1061954567521304,1.8439458914425474e-06,0.0008869258257022861,0.0002514495471929454,-0.0013743009471171568,-0.003178626019920254,0.0006046984717249871,-0.0008958855643868447,0,0,True,0.021295126840807317,0.11447765311610113
1212.2,12.049355506896973,-0.025609854608774185,3.10613389643191,1.1805911364444118e-05,0.0006765348611670844,0.0012318143137787488,-8.982225160501732e-05,-0.00036218968316214704,0.0010154851991683246,0.002276817746460438,0,0,True,-0.00027579532742629854,0.09295577358889233
1212.22,12.049386978149414,-0.025629686191678047,3.1061976592045926,1.9111725828005897e-05,0.0008299974372826685,0.0005621308551493739,0.0009683525300302213,0.003199576433046826,-2.5132391601800923e-05,-0.00013462196104228498,0,0,True,0.004246563250312764,0.04657014162615247
1212.24,12.04936695098877,-0.02564818039536476,3.1062595768210266,1.9796081780276566e-05,0.0008626724507219852,0.00015986521149164476,0.002901426760212426,0.002656472692249752,-0.0019067918974906208,-0.001276956959627569,0,0,True,-0.006985898672586023,-0.00591259291125544
1212.26,12.049342155456543,-0.02570517547428608,3.106451422866774,3.573338651446489e-05,0.0009004277929026659,0.0005911746072176575,0.002863444570001607,0.0005469853101685552,0.000532509619370103,0.0010781231429427864,0,0,True,-0.00040984709163169693,-0.0808019882542975
1212.28,12.049334526062012,-0.025841372087597847,3.1063464142472896,0.00014750811868471432,0.0009255952084043377,0.0006729424199723752,0.002565769057112714,-0.0008351971160621521,0.001018118360079825,0.001495899558067322,0,0,True,0.0015300433037030317,-0.024634373901158815
1212.3,12.049331665039062,-0.02585695870220661,3.106241418029406,0.00018180347716363154,0.0008966436650963838,0.000529343087818868,0.001896625430314983,-0.003264582627291095,0.0003184361895546317,0.0006188710127025843,0,0,True,-0.01614845494427496,0.042345941889058686
1212.32,12.04930591583252,-0.02585141733288765,3.1061927610517417,0.00023312369811176212,0.0008821062076832691,0.00028226867578777596,-0.0019076106895405973,0.0006857227801588392,0.00089982932433486,0.0003810565802268684,0,0,True,-0.03349791754829206,0.07226804311938076
1212.34,12.049294471740723,-0.02585531398653984,3.106190256256591,0.0003700447790284724,0.0008761208287358539,-0.0007007017883231642,-0.001097185006815763,0.003934660661290169,0.0003519492829218507,-0.00018195454496890308,0,0,True,-0.04790113390117358,0.10103891424438925
1212.36,12.049317359924316,-0.025688059628009796,3.1064012720697023,0.00011933445871639896,0.0009837621535815715,-0.002006890983888552,-0.0012719195670603707,0.004946246333483051,-0.0005790104274637997,-0.0004457346443086863,0,0,True,-0.05451567120525662,-0.02071622957630616
1212.38,12.04939079284668,-0.02577122300863266,3.10655619088231,0.00016960274716974408,0.0010062940534201282,-0.0033027476242824248,-0.001060239033689809,0.004818530512275667,-0.0016699482314288618,-0.00020566234830766918,0,0,True,-0.032712960543063434,-0.13333678225077716
1212.4,12.049469947814941,-0.025755375623703003,3.106588460758421,0.0002431851059090628,0.0010319131026163028,-0.004078985020641183,-1.3469816757697285e-05,-0.000971575585948857,-0.0028418818674981598,-0.00263322988525033,0,0,True,-0.004113860906076731,-0.15102377129554426
1212.42,12.049561500549316,-0.025779802352190018,3.1065757386975736,0.00048432819495031567,0.0009725268442843173,-0.0033177386317732966,0.0003886756101877196,-0.006732281918792621,-0.004134457372128964,-0.0034226564876735214,0,0,True,0.026513788116245718,-0.14743950152346072
1212.44,12.049643516540527,-0.025698402896523476,3.1063235460228262,0.00016390375937539546,0.0009864480271496757,-0.0023359998563753266,0.0006206973377287833,-0.0071356553701838405,-0.004096930827945471,-0.0033383826911449433,0,0,True,0.048571274177008315,-0.035658069866234
1212.46,12.049654960632324,-0.025811590254306793,3.106017608328807,0.00021072172955531162,0.0010268955753356729,-0.0011816445749846965,0.00035554554618785723,-0.006976629609590463,0.00017289346083998683,-0.006446467116475106,0,0,True,0.041471732897203926,0.0841535239849843
1212.48,12.049654960632324,-0.025811590254306793,3.106017608328807,0.00021072172955531162,0.0010268955753356729,-0.00019328308648405162,0.0014088587884633376,-0.0038242211752449826,0.0017734300438314679,-0.002291028555482626,0,0,True,0.02919999820471814,0.08919569212737913
1212.5,12.049654960632324,-0.025811590254306793,3.106017608328807,0.00021072172955531162,0.0010268955753356729,0.0,-0.0,0.0,-0.0010016815830022098,-0.0013818129990249874,0,0,True,0.01477055718732214,0.0872078701199601
1212.52,12.049654960632324,-0.025811590254306793,3.106017608328807,0.00021072172955531162,0.0010268955753356729,0.0,-0.0,0.0,-0.0010016815830022098,-0.0013818129990249874,0,0,True,0.0024160385810528427,0.04780276469060576
1212.54,12.049654960632324,-0.025811590254306793,3.106017608328807,0.00021072172955531162,0.0010268955753356729,0.0,-0.0,0.0,-0.0010016815830022098,-0.0013818129990249874,0,0,True,0.0,0.0
1212.56,12.049654960632324,-0.025811590254306793,3.106017608328807,0.00021072172955531162,0.0010268955753356729,0.0,-0.0,0.0,-0.0010016815830022098,-0.0013818129990249874,0,0,True,0.0,0.0
1212.58,12.049654960632324,-0.025811590254306793,3.106017608328807,0.00021072172955531162,0.0010268955753356729,0.0,-0.0,0.0,-0.0010016815830022098,-0.0013818129990249874,0,0,True,0.0,0.0
1212.6,12.049654960632324,-0.025811590254306793,3.106017608328807,0.00021072172955531162,0.0010268955753356729,0.0,-0.0,0.0,-0.0010016815830022098,-0.0013818129990249874,0,0,True,0.0,0.0
1212.62,12.049654960632324,-0.025811590254306793,3.106017608328807,0.00021072172955531162,0.0010268955753356729,0.0,-0.0,0.0,-0.0010016815830022098,-0.0013818129990249874,0,0,True,0.0,0.0
1212.64,12.049654960632324,-0.025811590254306793,3.106017608328807,0.00021072172955531162,0.0010268955753356729,0.0,-0.0,0.0,-0.0010016815830022098,-0.0013818129990249874,0,0,True,0.0,0.0
1212.66,12.049654960632324,-0.025811590254306793,3.106017608328807,0.00021072172955531162,0.0010268955753356729,0.0,-0.0,0.0,-0.0010016815830022098,-0.0013818129990249874,0,0,True,0.0,0.0
1212.68,12.049654960632324,-0.025811590254306793,3.106017608328807,0.00021072172955531162,0.0010268955753356729,0.0,-0.0,0.0,-0.0010016815830022098,-0.0013818129990249874,0,0,True,0.0,0.0
1212.7,12.049654960632324,-0.025811590254306793,3.106017608328807,0.00021072172955531162,0.0010268955753356729,0.0,-0.0,0.0,-0.0010016815830022098,-0.0013818129990249874,0,0,True,0.0,0.0
1212.72,12.049654960632324,-0.025811590254306793,3.106017608328807,0.00021072172955531162,0.0010268955753356729,0.0,-0.0,0.0,-0.0010016815830022098,-0.0013818129990249874,0,0,True,0.0,0.0
1212.74,12.049654960632324,-0.025811590254306793,3.106017608328807,0.00021072172955531162,0.0010268955753356729,0.0,-0.0,0.0,-0.0010016815830022098,-0.0013818129990249874,0,0,True,0.0,0.0
1212.76,12.049654960632324,-0.025811590254306793,3.106017608328807,0.00021072172955531162,0.0010268955753356729,0.0,-0.0,0.0,-0.0010016815830022098,-0.0013818129990249874,0,0,True,0.0,0.0
1212.78,12.049654960632324,-0.025811590254306793,3.106017608328807,0.00021072172955531162,0.0010268955753356729,0.0,-0.0,0.0,-0.0010016815830022098,-0.0013818129990249874,0,0,True,0.0,0.0
1212.8,12.049654960632324,-0.025811590254306793,3.106017608328807,0.00021072172955531162,0.0010268955753356729,0.0,-0.0,0.0,-0.0010016815830022098,-0.0013818129990249874,0,0,True,0.0,0.0
1212.82,12.049654960632324,-0.025811590254306793,3.106017608328807,0.00021072172955531162,0.0010268955753356729,0.0,-0.0,0.0,-0.0010016815830022098,-0.0013818129990249874,0,0,True,0.0,0.0
1212.84,12.049654960632324,-0.025811590254306793,3.106017608328807,0.00021072172955531162,0.0010268955753356729,0.0,-0.0,0.0,-0.0010016815830022098,-0.0013818129990249874,0,0,True,0.0,0.0
1212.86,12.049654960632324,-0.025811590254306793,3.106017608328807,0.00021072172955531162,0.0010268955753356729,0.0,-0.0,0.0,-0.0010016815830022098,-0.0013818129990249874,0,0,True,0.0,0.0
1212.88,12.049654960632324,-0.025811590254306793,3.106017608328807,0.00021072172955531162,0.0010268955753356729,0.0,-0.0,0.0,-0.0010016815830022098,-0.0013818129990249874,0,0,True,0.0,0.0
1212.9,12.049654960632324,-0.025811590254306793,3.106017608328807,0.00021072172955531162,0.0010268955753356729,0.0,-0.0,0.0,-0.0010016815830022098,-0.0013818129990249874,0,0,True,0.0,0.0
1212.92,12.049654960632324,-0.025811590254306793,3.106017608328807,0.00021072172955531162,0.0010268955753356729,0.0,-0.0,0.0,-0.0010016815830022098,-0.0013818129990249874,0,0,True,0.0,0.0
1212.94,12.049654960632324,-0.025811590254306793,3.106017608328807,0.00021072172955531162,0.0010268955753356729,0.0,-0.0,0.0,-0.0010016815830022098,-0.0013818129990249874,0,0,True,0.0,0.0
1212.96,12.049654960632324,-0.025811590254306793,3.106017608328807,0.00021072172955531162,0.0010268955753356729,0.0,-0.0,0.0,-0.0010016815830022098,-0.0013818129990249874,0,0,True,0.0,0.0
1212.98,12.049654960632324,-0.025811590254306793,3.106017608328807,0.00021072172955531162,0.0010268955753356729,0.0,-0.0,0.0,-0.0010016815830022098,-0.0013818129990249874,0,0,True,0.0,0.0
1213.0,12.049654960632324,-0.025811590254306793,3.106017608328807,0.00021072172955531162,0.0010268955753356729,0.0,-0.0,0.0,-0.0010016815830022098,-0.0013818129990249874,0,0,True,0.0,0.0
1213.02,12.049654960632324,-0.025811590254306793,3.106017608328807,0.00021072172955531162,0.0010268955753356729,0.0,-0.0,0.0,-0.0010016815830022098,-0.0013818129990249874,0,0,True,0.0,0.0
1213.04,12.049654960632324,-0.025811590254306793,3.106017608328807,0.00021072172955531162,0.0010268955753356729,0.0,-0.0,0.0,-0.0010016815830022098,-0.0013818129990249874,0,0,True,0.0,0.0
1213.06,12.049654960632324,-0.025811590254306793,3.106017608328807,0.00021072172955531162,0.0010268955753356729,0.0,-0.0,0.0,-0.0010016815830022098,-0.0013818129990249874,0,0,True,0.0,0.0
1213.08,12.049654960632324,-0.025811590254306793,3.106017608328807,0.00021072172955531162,0.0010268955753356729,0.0,-0.0,0.0,-0.0010016815830022098,-0.0013818129990249874,0,0,True,0.0,0.0
1213.1,12.049654960632324,-0.025811590254306793,3.106017608328807,0.00021072172955531162,0.0010268955753356729,0.0,-0.0,0.0,-0.0010016815830022098,-0.0013818129990249874,0,0,True,0.0,0.0
1213.12,12.049654960632324,-0.025811590254306793,3.106017608328807,0.00021072172955531162,0.0010268955753356729,0.0,-0.0,0.0,-0.0010016815830022098,-0.0013818129990249874,0,0,True,0.0,0.0
1213.14,12.049654960632324,-0.025811590254306793,3.106017608328807,0.00021072172955531162,0.0010268955753356729,0.0,-0.0,0.0,-0.0010016815830022098,-0.0013818129990249874,0,0,True,0.0,0.0
1213.16,12.049654960632324,-0.025811590254306793,3.106017608328807,0.00021072172955531162,0.0010268955753356729,0.0,-0.0,0.0,-0.0010016815830022098,-0.0013818129990249874,0,0,True,0.0,0.0
1213.18,12.049654960632324,-0.025811590254306793,3.106017608328807,0.00021072172955531162,0.0010268955753356729,0.0,-0.0,0.0,-0.0010016815830022098,-0.0013818129990249874,0,0,True,0.0,0.0
1213.2,12.049654960632324,-0.025811590254306793,3.106017608328807,0.00021072172955531162,0.0010268955753356729,0.0,-0.0,0.0,-0.0010016815830022098,-0.0013818129990249874,0,0,True,0.0,0.0
1213.22,12.049654960632324,-0.025811590254306793,3.106017608328807,0.00021072172955531162,0.0010268955753356729,0.0,-0.0,0.0,-0.0010016815830022098,-0.0013818129990249874,0,0,True,0.0,0.0
1213.24,12.049654960632324,-0.025811590254306793,3.106017608328807,0.00021072172955531162,0.0010268955753356729,0.0,-0.0,0.0,-0.0010016815830022098,-0.0013818129990249874,0,0,True,0.0,0.0
1213.26,12.049654960632324,-0.025811590254306793,3.106017608328807,0.00021072172955531162,0.0010268955753356729,0.0,-0.0,0.0,-0.0010016815830022098,-0.0013818129990249874,0,0,True,0.0,0.0
1213.28,12.049654960632324,-0.025811590254306793,3.106017608328807,0.00021072172955531162,0.0010268955753356729,0.0,-0.0,0.0,-0.0010016815830022098,-0.0013818129990249874,0,0,True,0.0,0.0
1213.3,12.049654960632324,-0.025811590254306793,3.106017608328807,0.00021072172955531162,0.0010268955753356729,0.0,-0.0,0.0,-0.0010016815830022098,-0.0013818129990249874,0,0,True,0.0,0.0
1213.32,12.049654960632324,-0.025811590254306793,3.106017608328807,0.00021072172955531162,0.0010268955753356729,0.0,-0.0,0.0,-0.0010016815830022098,-0.0013818129990249874,0,0,True,0.0,0.0
1213.34,12.049654960632324,-0.025811590254306793,3.106017608328807,0.00021072172955531162,0.0010268955753356729,0.0,-0.0,0.0,-0.0010016815830022098,-0.0013818129990249874,0,0,True,0.0,0.0
1213.36,12.049654960632324,-0.025811590254306793,3.106017608328807,0.00021072172955531162,0.0010268955753356729,0.0,-0.0,0.0,-0.0010016815830022098,-0.0013818129990249874,0,0,True,0.0,0.0
1213.38,12.049654960632324,-0.025811590254306793,3.106017608328807,0.00021072172955531162,0.0010268955753356729,0.0,-0.0,0.0,-0.0010016815830022098,-0.0013818129990249874,0,0,True,0.0,0.0
1213.4,12.049654960632324,-0.025811590254306793,3.106017608328807,0.00021072172955531162,0.0010268955753356729,0.0,-0.0,0.0,-0.0010016815830022098,-0.0013818129990249874,0,0,True,0.0,0.0
1213.42,12.049654960632324,-0.025811590254306793,3.106017608328807,0.00021072172955531162,0.0010268955753356729,0.0,-0.0,0.0,-0.0010016815830022098,-0.0013818129990249874,0,0,True,0.0,0.0
1213.44,12.049654960632324,-0.025811590254306793,3.106017608328807,0.00021072172955531162,0.0010268955753356729,0.0,-0.0,0.0,-0.0010016815830022098,-0.0013818129990249874,0,0,True,0.0,0.0
1213.46,12.049654960632324,-0.025811590254306793,3.106017608328807,0.00021072172955531162,0.0010268955753356729,0.0,-0.0,0.0,-0.0010016815830022098,-0.0013818129990249874,0,0,True,0.0,0.0
1213.48,12.049654960632324,-0.025811590254306793,3.106017608328807,0.00021072172955531162,0.0010268955753356729,0.0,-0.0,0.0,-0.0010016815830022098,-0.0013818129990249874,0,0,True,0.0,0.0
1213.5,12.049654960632324,-0.025811590254306793,3.106017608328807,0.00021072172955531162,0.0010268955753356729,0.0,-0.0,0.0,-0.0010016815830022098,-0.0013818129990249874,0,0,True,0.0,0.0
1213.52,12.049654960632324,-0.025811590254306793,3.106017608328807,0.00021072172955531162,0.0010268955753356729,0.0,-0.0,0.0,-0.0010016815830022098,-0.0013818129990249874,0,0,True,0.0,0.0
1213.54,12.049654960632324,-0.025811590254306793,3.106017608328807,0.00021072172955531162,0.0010268955753356729,0.0,-0.0,0.0,-0.0010016815830022098,-0.0013818129990249874,0,0,True,0.0,0.0
1213.56,12.049654960632324,-0.025811590254306793,3.106017608328807,0.00021072172955531162,0.0010268955753356729,0.0,-0.0,0.0,-0.0010016815830022098,-0.0013818129990249874,0,0,True,0.0,0.0
1213.58,12.049654960632324,-0.025811590254306793,3.106017608328807,0.00021072172955531162,0.0010268955753356729,0.0,-0.0,0.0,-0.0010016815830022098,-0.0013818129990249874,0,0,True,0.0,0.0
1213.6,12.049654960632324,-0.025811590254306793,3.106017608328807,0.00021072172955531162,0.0010268955753356729,0.0,-0.0,0.0,-0.0010016815830022098,-0.0013818129990249874,0,0,True,0.0,0.0
1213.62,12.049654960632324,-0.025811590254306793,3.106017608328807,0.00021072172955531162,0.0010268955753356729,0.0,-0.0,0.0,-0.0010016815830022098,-0.0013818129990249874,0,0,True,0.0,0.0
1213.64,12.049654960632324,-0.025811590254306793,3.106017608328807,0.00021072172955531162,0.0010268955753356729,0.0,-0.0,0.0,-0.0010016815830022098,-0.0013818129990249874,0,0,True,0.0,0.0
1213.66,12.049654960632324,-0.025811590254306793,3.106017608328807,0.00021072172955531162,0.0010268955753356729,0.0,-0.0,0.0,-0.0010016815830022098,-0.0013818129990249874,0,0,True,0.0,0.0
1213.68,12.049654960632324,-0.025811590254306793,3.106017608328807,0.00021072172955531162,0.0010268955753356729,0.0,-0.0,0.0,-0.0010016815830022098,-0.0013818129990249874,0,0,True,0.0,0.0
1213.7,12.049654960632324,-0.025811590254306793,3.106017608328807,0.00021072172955531162,0.0010268955753356729,0.0,-0.0,0.0,-0.0010016815830022098,-0.0013818129990249874,0,0,True,0.0,0.0
1213.72,12.049654960632324,-0.025811590254306793,3.106017608328807,0.00021072172955531162,0.0010268955753356729,0.0,-0.0,0.0,-0.0010016815830022098,-0.0013818129990249874,0,0,True,0.0,0.0
1213.74,12.049654960632324,-0.025811590254306793,3.106017608328807,0.00021072172955531162,0.0010268955753356729,0.0,-0.0,0.0,-0.0010016815830022098,-0.0013818129990249874,0,0,True,0.0,0.0
1213.76,12.049654960632324,-0.025811590254306793,3.106017608328807,0.00021072172955531162,0.0010268955753356729,0.0,-0.0,0.0,-0.0010016815830022098,-0.0013818129990249874,0,0,True,0.0,0.0
1213.78,12.049654960632324,-0.025811590254306793,3.106017608328807,0.00021072172955531162,0.0010268955753356729,0.0,-0.0,0.0,-0.0010016815830022098,-0.0013818129990249874,0,0,True,0.0,0.0
1213.8,12.049654960632324,-0.025811590254306793,3.106017608328807,0.00021072172955531162,0.0010268955753356729,0.0,-0.0,0.0,-0.0010016815830022098,-0.0013818129990249874,0,0,True,0.0,0.0
1213.82,12.049654960632324,-0.025811590254306793,3.106017608328807,0.00021072172955531162,0.0010268955753356729,0.0,-0.0,0.0,-0.0010016815830022098,-0.0013818129990249874,0,0,True,0.0,0.0
1213.84,12.049654960632324,-0.025811590254306793,3.106017608328807,0.00021072172955531162,0.0010268955753356729,0.0,-0.0,0.0,-0.0010016815830022098,-0.0013818129990249874,0,0,True,0.0,0.0
1213.86,12.049654960632324,-0.025811590254306793,3.106017608328807,0.00021072172955531162,0.0010268955753356729,0.0,-0.0,0.0,-0.0010016815830022098,-0.0013818129990249874,0,0,True,0.0,0.0
1213.88,12.049654960632324,-0.025811590254306793,3.106017608328807,0.00021072172955531162,0.0010268955753356729,0.0,-0.0,0.0,-0.0010016815830022098,-0.0013818129990249874,0,0,True,0.0,0.0
1213.9,12.049654960632324,-0.025811590254306793,3.106017608328807,0.00021072172955531162,0.0010268955753356729,0.0,-0.0,0.0,-0.0010016815830022098,-0.0013818129990249874,0,0,True,0.0,0.0
1213.92,12.049654960632324,-0.025811590254306793,3.106017608328807,0.00021072172955531162,0.0010268955753356729,0.0,-0.0,0.0,-0.0010016815830022098,-0.0013818129990249874,0,0,True,0.0,0.0
1213.94,12.049654960632324,-0.025811590254306793,3.106017608328807,0.00021072172955531162,0.0010268955753356729,0.0,-0.0,0.0,-0.0010016815830022098,-0.0013818129990249874,0,0,True,0.0,0.0
1213.96,12.049654960632324,-0.025811590254306793,3.106017608328807,0.00021072172955531162,0.0010268955753356729,0.0,-0.0,0.0,-0.0010016815830022098,-0.0013818129990249874,0,0,True,0.0,0.0
1213.98,12.049654960632324,-0.025811590254306793,3.106017608328807,0.00021072172955531162,0.0010268955753356729,0.0,-0.0,0.0,-0.0010016815830022098,-0.0013818129990249874,0,0,True,0.0,0.0
1214.0,12.049654960632324,-0.025811590254306793,3.106017608328807,0.00021072172955531162,0.0010268955753356729,0.0,-0.0,0.0,-0.0010016815830022098,-0.0013818129990249874,0,0,True,0.0,0.0
1214.02,12.049654960632324,-0.025811590254306793,3.106017608328807,0.00021072172955531162,0.0010268955753356729,0.0,-0.0,0.0,-0.0010016815830022098,-0.0013818129990249874,0,0,True,0.0,0.0
1214.04,12.049654960632324,-0.025811590254306793,3.106017608328807,0.00021072172955531162,0.0010268955753356729,0.0,-0.0,0.0,-0.0010016815830022098,-0.0013818129990249874,0,0,True,0.0,0.0
1214.06,12.049654960632324,-0.025811590254306793,3.106017608328807,0.00021072172955531162,0.0010268955753356729,0.0,-0.0,0.0,-0.0010016815830022098,-0.0013818129990249874,0,0,True,0.0,0.0
1214.08,12.049654960632324,-0.025811590254306793,3.106017608328807,0.00021072172955531162,0.0010268955753356729,0.0,-0.0,0.0,-0.0010016815830022098,-0.0013818129990249874,0,0,True,0.0,0.0
1214.1,12.049654960632324,-0.025811590254306793,3.106017608328807,0.00021072172955531162,0.0010268955753356729,0.0,-0.0,0.0,-0.0010016815830022098,-0.0013818129990249874,0,0,True,0.0,0.0
1214.12,12.049654960632324,-0.025811590254306793,3.106017608328807,0.00021072172955531162,0.0010268955753356729,0.0,-0.0,0.0,-0.0010016815830022098,-0.0013818129990249874,0,0,True,0.0,0.0
1214.14,12.049654960632324,-0.025811590254306793,3.106017608328807,0.00021072172955531162,0.0010268955753356729,0.0,-0.0,0.0,-0.0010016815830022098,-0.0013818129990249874,0,0,True,0.0,0.0
1214.16,12.049654960632324,-0.025811590254306793,3.106017608328807,0.00021072172955531162,0.0010268955753356729,0.0,-0.0,0.0,-0.0010016815830022098,-0.0013818129990249874,0,0,True,0.0,0.0
1214.18,12.049654960632324,-0.025811590254306793,3.106017608328807,0.00021072172955531162,0.0010268955753356729,0.0,-0.0,0.0,-0.0010016815830022098,-0.0013818129990249874,0,0,True,0.0,0.0
1214.2,12.049654960632324,-0.025811590254306793,3.106017608328807,0.00021072172955531162,0.0010268955753356729,0.0,-0.0,0.0,-0.0010016815830022098,-0.0013818129990249874,0,0,True,0.0,0.0
1214.22,12.049654960632324,-0.025811590254306793,3.106017608328807,0.00021072172955531162,0.0010268955753356729,0.0,-0.0,0.0,-0.0010016815830022098,-0.0013818129990249874,0,0,True,0.0,0.0
1214.24,12.049654960632324,-0.025811590254306793,3.106017608328807,0.00021072172955531162,0.0010268955753356729,0.0,-0.0,0.0,-0.0010016815830022098,-0.0013818129990249874,0,0,True,0.0,0.0
1214.26,12.049654960632324,-0.025811590254306793,3.106017608328807,0.00021072172955531162,0.0010268955753356729,0.0,-0.0,0.0,-0.0010016815830022098,-0.0013818129990249874,0,0,True,0.0,0.0
1214.28,12.049654960632324,-0.025811590254306793,3.106017608328807,0.00021072172955531162,0.0010268955753356729,0.0,-0.0,0.0,-0.0010016815830022098,-0.0013818129990249874,0,0,True,0.0,0.0
1214.3,12.049654960632324,-0.025811590254306793,3.106017608328807,0.00021072172955531162,0.0010268955753356729,0.0,-0.0,0.0,-0.0010016815830022098,-0.0013818129990249874,0,0,True,0.0,0.0
1214.32,12.049654960632324,-0.025811590254306793,3.106017608328807,0.00021072172955531162,0.0010268955753356729,0.0,-0.0,0.0,-0.0010016815830022098,-0.0013818129990249874,0,0,True,0.0,0.0
1214.34,12.049654960632324,-0.025811590254306793,3.106017608328807,0.00021072172955531162,0.0010268955753356729,0.0,-0.0,0.0,-0.0010016815830022098,-0.0013818129990249874,0,0,True,0.0,0.0
1214.36,12.049654960632324,-0.025811590254306793,3.106017608328807,0.00021072172955531162,0.0010268955753356729,0.0,-0.0,0.0,-0.0010016815830022098,-0.0013818129990249874,0,0,True,0.0,0.0
1214.38,12.049654960632324,-0.025811590254306793,3.106017608328807,0.00021072172955531162,0.0010268955753356729,0.0,-0.0,0.0,-0.0010016815830022098,-0.0013818129990249874,0,0,True,0.0,0.0
1214.4,12.049654960632324,-0.025811590254306793,3.106017608328807,0.00021072172955531162,0.0010268955753356729,0.0,-0.0,0.0,-0.0010016815830022098,-0.0013818129990249874,0,0,True,0.0,0.0
1214.42,12.049654960632324,-0.025811590254306793,3.106017608328807,0.00021072172955531162,0.0010268955753356729,0.0,-0.0,0.0,-0.0010016815830022098,-0.0013818129990249874,0,0,True,0.0,0.0
1214.44,12.049654960632324,-0.025811590254306793,3.106017608328807,0.00021072172955531162,0.0010268955753356729,0.0,-0.0,0.0,-0.0010016815830022098,-0.0013818129990249874,0,0,True,0.0,0.0
1214.46,12.049654960632324,-0.025811590254306793,3.106017608328807,0.00021072172955531162,0.0010268955753356729,0.0,-0.0,0.0,-0.0010016815830022098,-0.0013818129990249874,0,0,True,0.0,0.0
1214.48,12.049654960632324,-0.025811590254306793,3.106017608328807,0.00021072172955531162,0.0010268955753356729,0.0,-0.0,0.0,-0.0010016815830022098,-0.0013818129990249874,0,0,True,0.0,0.0
1214.5,12.049654960632324,-0.025811590254306793,3.106017608328807,0.00021072172955531162,0.0010268955753356729,0.0,-0.0,0.0,-0.0010016815830022098,-0.0013818129990249874,0,0,True,0.0,0.0
1214.52,12.049654960632324,-0.025811590254306793,3.106017608328807,0.00021072172955531162,0.0010268955753356729,0.0,-0.0,0.0,-0.0010016815830022098,-0.0013818129990249874,0,0,True,0.0,0.0
1214.54,12.049654960632324,-0.025811590254306793,3.106017608328807,0.00021072172955531162,0.0010268955753356729,0.0,-0.0,0.0,-0.0010016815830022098,-0.0013818129990249874,0,0,True,0.0,0.0
1214.56,12.049654960632324,-0.025811590254306793,3.106017608328807,0.00021072172955531162,0.0010268955753356729,0.0,-0.0,0.0,-0.0010016815830022098,-0.0013818129990249874,0,0,True,0.0,0.0
1214.58,12.049654960632324,-0.025811590254306793,3.106017608328807,0.00021072172955531162,0.0010268955753356729,0.0,-0.0,0.0,-0.0010016815830022098,-0.0013818129990249874,0,0,True,0.0,0.0
1214.6,12.049654960632324,-0.025811590254306793,3.106017608328807,0.00021072172955531162,0.0010268955753356729,0.0,-0.0,0.0,-0.0010016815830022098,-0.0013818129990249874,0,0,True,0.0,0.0
1214.62,12.049654960632324,-0.025811590254306793,3.106017608328807,0.00021072172955531162,0.0010268955753356729,0.0,-0.0,0.0,-0.0010016815830022098,-0.0013818129990249874,0,0,True,0.0,0.0
