t,x,y,yaw,roll,pitch,v,lateral,w,rim_left,rim_right,cmd_v,cmd_w,publishing,a,alpha
980.64,12.053860664367676,-0.039327364414930344,3.101614873171467,0.00016480711026544898,-6.048220840243878e-05,0.0033448406177542258,-0.0007043243300631562,-0.0023063799353150055,0.0006118222605437041,-4.436550661921502e-05,0.01,0,True,0.08450197933061021,-0.020620222169831382
980.66,12.053752899169922,-0.03929043561220169,3.1015057622543276,5.3502385229065956e-05,-0.00019975318507473334,0.005404036139655164,-0.0005827837018733507,-0.0019735960972256834,0.0006118222605437041,-4.436550661921502e-05,0.01,0,True,0.06015404142180019,0.007334934722327889
980.68,12.053595542907715,-0.039260368794202805,3.1014303627766417,3.3906124628219986e-05,-0.00011083955685507748,0.0067601583464426684,-0.00048272473152154947,-0.0016496177735850102,0.004930340126156807,0.004292971696704627,0.01,0,True,0.013996823901031227,-0.0012693090725290066
980.7,12.053430557250977,-0.03926345333456993,3.1014569854836886,-2.2730379322199693e-05,-0.00014518847908089844,0.006176761203306353,-0.00021599100246704172,-0.000777091686454281,0.008577207326889038,0.006731622591614724,0.01,0,True,-0.03797520011267593,-0.018138066744639112
980.72,12.053321838378906,-0.03926706314086914,3.10148290374958,-5.027082881331872e-05,-0.00016303973923280571,0.004464586529837297,-0.0006586235819635747,-0.002407924661117378,0.008577207326889038,0.006731622591614724,0.01,0,True,-0.06894364030465627,-0.009850347246798034
980.74,12.05325984954834,-0.039253342896699905,3.1014435949194112,-7.268580520438559e-05,-0.00021446905402192285,0.0023660201306395356,-0.0009849026374807645,-0.0034246414367975547,0.005916047766804696,0.005112735144793988,0.01,0,True,-0.07857445073811711,0.012028163771040448
980.76,12.053240776062012,-0.039193399250507355,3.1012377288037523,-8.008049489628903e-05,-0.00035142085701689877,0.0012446671220673446,-0.0006870672819208384,-0.002437645553329256,0.004162204377353192,0.003041503243148327,0.01,0,True,-0.06849398382926555,0.053911653047655016
980.78,12.053244590759277,-0.03917712718248367,3.101183014168745,-5.130362905004503e-05,-0.00017044619770525062,-0.00010919485573729896,4.4985496794180775e-05,0.0001851614152280797,0.0012324189208447935,0.0007499022316187621,0.01,0,True,-0.034977384827354005,0.05676265599288963
980.8,12.053224563598633,-0.039208125323057175,3.1012878921053137,-6.551360292554468e-05,-0.00021279088115945465,-0.0010149321764989635,0.0006122725784389518,0.001905007582691101,-0.002668311446905136,-0.0022904583159834148,0.01,0,True,-0.024632795364569186,0.028200750508634034
980.82,12.053268432617188,-0.039257291704416275,3.1014584078326295,-3.7062373413868984e-05,-0.0002931659986781186,-0.00043217065555021655,0.00036363073628245773,0.001116371042635939,-0.0008588508982211353,-0.00041145592927932745,0.01,0,True,-0.007400679168615513,-0.030887765042281867
980.84,12.053319931030273,-0.0392456129193306,3.1013901294103676,5.535725283713017e-05,-0.00013224660834168118,-0.0007259565070991985,-4.495309709512177e-05,-0.00018158551263737925,-0.00203888145275414,-0.0020720492862164974,0.01,0,True,0.0050223616469975,-0.04151728354375928
980.86,12.053277969360352,-0.0392075814306736,3.101272323852156,7.960074848161833e-05,-4.320304569973596e-05,-0.0007012491892268429,-0.0006573508083763173,-0.0022858597881557337,0.0026127961836755276,-0.0014273604471236468,0.01,0,True,-0.01516709391040136,-0.012941704575710904
980.88,12.053282737731934,-0.039206866174936295,3.1012733652643028,-5.093021810619707e-05,-4.678144520298939e-05,-0.000613143244738958,-0.0004754422305012431,-0.0014163751008113405,0.0014542086422443391,0.0007179755344986917,0.01,0,True,-0.014632052936348335,0.0030851447185854595
980.9,12.053326606750488,-0.039207007735967636,3.101275539049577,-8.2175363604189e-05,-4.41354932979244e-05,-0.0016455381683812217,-2.201231228964036e-05,8.103467658000813e-05,-0.0007256913371384145,-0.0019522452075034383,0.01,0,True,-0.01062295169884091,0.029269233394063177
980.92,12.053370475769043,-0.03920958563685417,3.101276819402303,-8.340845030222191e-05,-4.707376643240485e-05,-0.0018965207420060008,-1.1115858753422801e-05,6.522606484923305e-05,-0.0022751872800290587,-0.003322943784296513,0.01,0,True,-0.0056111073212448395,0.01834552374396032
980.94,12.053409576416016,-0.039211127907037735,3.1012788066262824,-8.059905142413159e-05,-4.731720660970654e-05,-0.0015510853251345506,2.58827053287633e-06,5.5678883370518334e-05,-0.0024153244681656364,-0.0033589676395058637,0.01,0,True,0.012959106553005504,-0.0006611246683429387
980.96,12.053434371948242,-0.03921209275722504,3.1012785833494907,-8.053243776310248e-05,-4.76889433935743e-05,-0.0010620318304387748,5.117474953123921e-06,5.126679870623582e-05,-0.0020913428347557783,-0.002999136541038752,0.01,0,True,0.019672412885184776,-0.00042221854297431517
980.98,12.053450584411621,-0.039212215691804886,3.101279993360247,-8.013292487332515e-05,-4.297009888951313e-05,-0.000608809644140251,8.626002385598709e-06,2.8144703112545972e-05,-0.001396665694192052,-0.0022881732508540156,0.01,0,True,0.018036447202762543,-0.0005267132634212102
981.0,12.053455352783203,-0.03921341896057129,3.1012809207461993,-7.840279044819274e-05,-5.624023317140036e-05,-0.00032272771119041356,1.4899025175810373e-05,3.144858141127056e-05,-0.0009806157415732741,-0.0018345924187451602,0.01,0,True,0.01312448993267522,-0.0005547921795581155
981.02,12.053458213806152,-0.03921378031373024,3.1012810582025314,-7.687296011326825e-05,-5.133015891918418e-05,-0.00010816954891485945,1.968480820749951e-05,1.3541822296859844e-05,-0.0005875617871060968,-0.001442010784521699,0.01,0,True,0.007908159699881581,-0.0002872435365264861
981.04,12.053460121154785,-0.039214324206113815,3.1012810992360036,-7.879246104155078e-05,-5.2433234772672146e-05,-1.2072635825712121e-05,3.5210126252253122e-06,6.883424341626952e-06,-0.000505961375311017,-0.001307847322896123,0.01,0,True,0.004633341499206505,-0.0003349534952875538
981.06,12.053459167480469,-0.03921413794159889,3.1012810767060306,-7.990649289387925e-05,-4.67702981217633e-05,2.3843131849700007e-05,4.490313252555856e-07,5.165220190447983e-06,-0.0003308854135684669,-0.001123110423795879,0.01,0,True,0.0018013010216310233,-0.00010759869807654699
981.08,12.05345630645752,-0.03921373933553696,3.1012814714201467,-7.694712908511224e-05,-5.4572691013516175e-05,4.793960874629644e-05,-5.383276546969137e-06,4.652301788252551e-06,-0.00025568960234522825,-0.0010493617085739972,0.01,0,True,0.0001509079478213243,-8.604280427029288e-05
981.1,12.05345630645752,-0.03921373933553696,3.1012814714201467,-7.694712908511224e-05,-5.4572691013516175e-05,3.5934532815696124e-05,-3.537278195177466e-06,4.933926450731681e-06,-0.00020747818984091283,-0.001027630902826786,0.01,0,True,-0.00029803914812109763,-6.456525238056675e-05
981.12,12.05345630645752,-0.03921373933553696,3.1012814714201467,-7.694712908511224e-05,-5.4572691013516175e-05,0.0,-0.0,0.0,-0.00025096889352425937,-0.0010648020170629026,0.01,0,True,-0.0005992451093292505,-5.815377235320978e-05
981.14,12.05345630645752,-0.03921373933553696,3.1012814714201467,-7.694712908511224e-05,-5.4572691013516175e-05,0.0,-0.0,0.0,-0.00025096889352425937,-0.0010648020170629026,0.01,0,True,-0.00044918166019661005,-6.167408063420211e-05
981.16,12.05345630645752,-0.03921373933553696,3.1012814714201467,-7.694712908511224e-05,-5.4572691013516175e-05,0.0,-0.0,0.0,-0.00025096889352425937,-0.0010648020170629026,0.01,0,True,0.0,0.0
981.18,12.05345630645752,-0.03921373933553696,3.1012814714201467,-7.694712908511224e-05,-5.4572691013516175e-05,0.0,-0.0,0.0,-0.00025096889352425937,-0.0010648020170629026,0.01,0,True,0.0,0.0
981.2,12.05345630645752,-0.03921373933553696,3.1012814714201467,-7.694712908511224e-05,-5.4572691013516175e-05,0.0,-0.0,0.0,-0.00025096889352425937,-0.0010648020170629026,0.01,0,True,0.0,0.0
981.22,12.05345630645752,-0.03921373933553696,3.1012814714201467,-7.694712908511224e-05,-5.4572691013516175e-05,0.0,-0.0,0.0,-0.00025096889352425937,-0.0010648020170629026,0.01,0,True,0.0,0.0
981.24,12.05345630645752,-0.03921373933553696,3.1012814714201467,-7.694712908511224e-05,-5.4572691013516175e-05,0.0,-0.0,0.0,-0.00025096889352425937,-0.0010648020170629026,0.01,0,True,0.0,0.0
981.26,12.05345630645752,-0.03921373933553696,3.1012814714201467,-7.694712908511224e-05,-5.4572691013516175e-05,0.0,-0.0,0.0,-0.00025096889352425937,-0.0010648020170629026,0.01,0,True,0.0,0.0
981.28,12.05345630645752,-0.03921373933553696,3.1012814714201467,-7.694712908511224e-05,-5.4572691013516175e-05,0.0,-0.0,0.0,-0.00025096889352425937,-0.0010648020170629026,0.01,0,True,0.0,0.0
981.3,12.05345630645752,-0.03921373933553696,3.1012814714201467,-7.694712908511224e-05,-5.4572691013516175e-05,0.0,-0.0,0.0,-0.00025096889352425937,-0.0010648020170629026,0.01,0,True,0.0,0.0
981.32,12.05345630645752,-0.03921373933553696,3.1012814714201467,-7.694712908511224e-05,-5.4572691013516175e-05,0.0,-0.0,0.0,-0.00025096889352425937,-0.0010648020170629026,0.01,0,True,0.0,0.0
981.34,12.05345630645752,-0.03921373933553696,3.1012814714201467,-7.694712908511224e-05,-5.4572691013516175e-05,0.0,-0.0,0.0,-0.00025096889352425937,-0.0010648020170629026,0.01,0,True,0.0,0.0
981.36,12.05345630645752,-0.03921373933553696,3.1012814714201467,-7.694712908511224e-05,-5.4572691013516175e-05,0.0,-0.0,0.0,-0.00025096889352425937,-0.0010648020170629026,0.01,0,True,0.0,0.0
981.38,12.05345630645752,-0.03921373933553696,3.1012814714201467,-7.694712908511224e-05,-5.4572691013516175e-05,0.0,-0.0,0.0,-0.00025096889352425937,-0.0010648020170629026,0.01,0,True,0.0,0.0
981.4,12.05345630645752,-0.03921373933553696,3.1012814714201467,-7.694712908511224e-05,-5.4572691013516175e-05,0.0,-0.0,0.0,-0.00025096889352425937,-0.0010648020170629026,0.01,0,True,0.0,0.0
981.42,12.05345630645752,-0.03921373933553696,3.1012814714201467,-7.694712908511224e-05,-5.4572691013516175e-05,0.0,-0.0,0.0,-0.00025096889352425937,-0.0010648020170629026,0.01,0,True,0.0,0.0
981.44,12.05345630645752,-0.03921373933553696,3.1012814714201467,-7.694712908511224e-05,-5.4572691013516175e-05,0.0,-0.0,0.0,-0.00025096889352425937,-0.0010648020170629026,0.01,0,True,0.0,0.0
981.46,12.05345630645752,-0.03921373933553696,3.1012814714201467,-7.694712908511224e-05,-5.4572691013516175e-05,0.0,-0.0,0.0,-0.00025096889352425937,-0.0010648020170629026,0.01,0,True,0.0,0.0
981.48,12.05345630645752,-0.03921373933553696,3.1012814714201467,-7.694712908511224e-05,-5.4572691013516175e-05,0.0,-0.0,0.0,-0.00025096889352425937,-0.0010648020170629026,0.01,0,True,0.0,0.0
981.5,12.05345630645752,-0.03921373933553696,3.1012814714201467,-7.694712908511224e-05,-5.4572691013516175e-05,0.0,-0.0,0.0,-0.00025096889352425937,-0.0010648020170629026,0.01,0,True,0.0,0.0
981.52,12.05345630645752,-0.03921373933553696,3.1012814714201467,-7.694712908511224e-05,-5.4572691013516175e-05,0.0,-0.0,0.0,-0.00025096889352425937,-0.0010648020170629026,0.01,0,True,0.0,0.0
981.54,12.05345630645752,-0.03921373933553696,3.1012814714201467,-7.694712908511224e-05,-5.4572691013516175e-05,0.0,-0.0,0.0,-0.00025096889352425937,-0.0010648020170629026,0.01,0,True,0.0,0.0
981.56,12.05345630645752,-0.03921373933553696,3.1012814714201467,-7.694712908511224e-05,-5.4572691013516175e-05,0.0,-0.0,0.0,-0.00025096889352425937,-0.0010648020170629026,0.01,0,True,0.0,0.0
981.58,12.05345630645752,-0.03921373933553696,3.1012814714201467,-7.694712908511224e-05,-5.4572691013516175e-05,0.0,-0.0,0.0,-0.00025096889352425937,-0.0010648020170629026,0.01,0,True,0.0,0.0
981.6,12.05345630645752,-0.03921373933553696,3.1012814714201467,-7.694712908511224e-05,-5.4572691013516175e-05,0.0,-0.0,0.0,-0.00025096889352425937,-0.0010648020170629026,0.01,0,True,0.0,0.0
981.62,12.05345630645752,-0.03921373933553696,3.1012814714201467,-7.694712908511224e-05,-5.4572691013516175e-05,0.0,-0.0,0.0,-0.00025096889352425937,-0.0010648020170629026,0.01,0,True,0.0,0.0
981.64,12.05345630645752,-0.03921373933553696,3.1012814714201467,-7.694712908511224e-05,-5.4572691013516175e-05,0.0,-0.0,0.0,-0.00025096889352425937,-0.0010648020170629026,0.01,0,True,0.0,0.0
981.66,12.05345630645752,-0.03921373933553696,3.1012814714201467,-7.694712908511224e-05,-5.4572691013516175e-05,0.0,-0.0,0.0,-0.00025096889352425937,-0.0010648020170629026,0.01,0,True,0.0,0.0
981.68,12.05345630645752,-0.03921373933553696,3.1012814714201467,-7.694712908511224e-05,-5.4572691013516175e-05,0.0,-0.0,0.0,-0.00025096889352425937,-0.0010648020170629026,0.01,0,True,0.0,0.0
981.7,12.05345630645752,-0.03921373933553696,3.1012814714201467,-7.694712908511224e-05,-5.4572691013516175e-05,0.0,-0.0,0.0,-0.00025096889352425937,-0.0010648020170629026,0.01,0,True,0.0,0.0
981.72,12.05345630645752,-0.03921373933553696,3.1012814714201467,-7.694712908511224e-05,-5.4572691013516175e-05,0.0,-0.0,0.0,-0.00025096889352425937,-0.0010648020170629026,0.01,0,True,0.0,0.0
981.74,12.05345630645752,-0.03921373933553696,3.1012814714201467,-7.694712908511224e-05,-5.4572691013516175e-05,0.0,-0.0,0.0,-0.00025096889352425937,-0.0010648020170629026,0.01,0,True,0.0,0.0
981.76,12.05345630645752,-0.03921373933553696,3.1012814714201467,-7.694712908511224e-05,-5.4572691013516175e-05,0.0,-0.0,0.0,-0.00025096889352425937,-0.0010648020170629026,0.01,0,True,0.0,0.0
981.78,12.05345630645752,-0.03921373933553696,3.1012814714201467,-7.694712908511224e-05,-5.4572691013516175e-05,0.0,-0.0,0.0,-0.00025096889352425937,-0.0010648020170629026,0.01,0,True,0.0,0.0
981.8,12.05345630645752,-0.03921373933553696,3.1012814714201467,-7.694712908511224e-05,-5.4572691013516175e-05,0.0,-0.0,0.0,-0.00025096889352425937,-0.0010648020170629026,0.01,0,True,0.0,0.0
981.82,12.05345630645752,-0.03921373933553696,3.1012814714201467,-7.694712908511224e-05,-5.4572691013516175e-05,0.0,-0.0,0.0,-0.00025096889352425937,-0.0010648020170629026,0.01,0,True,0.0,0.0
981.84,12.05345630645752,-0.03921373933553696,3.1012814714201467,-7.694712908511224e-05,-5.4572691013516175e-05,0.0,-0.0,0.0,-0.00025096889352425937,-0.0010648020170629026,0.01,0,True,0.0,0.0
981.86,12.05345630645752,-0.03921373933553696,3.1012814714201467,-7.694712908511224e-05,-5.4572691013516175e-05,0.0,-0.0,0.0,-0.00025096889352425937,-0.0010648020170629026,0.01,0,True,0.0,0.0
981.88,12.05345630645752,-0.03921373933553696,3.1012814714201467,-7.694712908511224e-05,-5.4572691013516175e-05,0.0,-0.0,0.0,-0.00025096889352425937,-0.0010648020170629026,0.01,0,True,0.0,0.0
981.9,12.05345630645752,-0.03921373933553696,3.1012814714201467,-7.694712908511224e-05,-5.4572691013516175e-05,0.0,-0.0,0.0,-0.00025096889352425937,-0.0010648020170629026,0.01,0,True,0.0,0.0
981.92,12.05345630645752,-0.03921373933553696,3.1012814714201467,-7.694712908511224e-05,-5.4572691013516175e-05,0.0,-0.0,0.0,-0.00025096889352425937,-0.0010648020170629026,0.01,0,True,0.0,0.0
981.94,12.05345630645752,-0.03921373933553696,3.1012814714201467,-7.694712908511224e-05,-5.4572691013516175e-05,0.0,-0.0,0.0,-0.00025096889352425937,-0.0010648020170629026,0.01,0,True,0.0,0.0
981.96,12.05345630645752,-0.03921373933553696,3.1012814714201467,-7.694712908511224e-05,-5.4572691013516175e-05,0.0,-0.0,0.0,-0.00025096889352425937,-0.0010648020170629026,0.01,0,True,0.0,0.0
981.98,12.05345630645752,-0.03921373933553696,3.1012814714201467,-7.694712908511224e-05,-5.4572691013516175e-05,0.0,-0.0,0.0,-0.00025096889352425937,-0.0010648020170629026,0.01,0,True,0.0,0.0
982.0,12.05345630645752,-0.03921373933553696,3.1012814714201467,-7.694712908511224e-05,-5.4572691013516175e-05,0.0,-0.0,0.0,-0.00025096889352425937,-0.0010648020170629026,0.01,0,True,0.0,0.0
982.02,12.05345630645752,-0.03921373933553696,3.1012814714201467,-7.694712908511224e-05,-5.4572691013516175e-05,0.0,-0.0,0.0,-0.00025096889352425937,-0.0010648020170629026,0.01,0,True,0.0,0.0
982.04,12.05345630645752,-0.03921373933553696,3.1012814714201467,-7.694712908511224e-05,-5.4572691013516175e-05,0.0,-0.0,0.0,-0.00025096889352425937,-0.0010648020170629026,0.01,0,True,0.0,0.0
982.06,12.05345630645752,-0.03921373933553696,3.1012814714201467,-7.694712908511224e-05,-5.4572691013516175e-05,0.0,-0.0,0.0,-0.00025096889352425937,-0.0010648020170629026,0.01,0,True,0.0,0.0
982.08,12.05345630645752,-0.03921373933553696,3.1012814714201467,-7.694712908511224e-05,-5.4572691013516175e-05,0.0,-0.0,0.0,-0.00025096889352425937,-0.0010648020170629026,0.01,0,True,0.0,0.0
982.1,12.05345630645752,-0.03921373933553696,3.1012814714201467,-7.694712908511224e-05,-5.4572691013516175e-05,0.0,-0.0,0.0,-0.00025096889352425937,-0.0010648020170629026,0.01,0,True,0.0,0.0
982.12,12.05345630645752,-0.03921373933553696,3.1012814714201467,-7.694712908511224e-05,-5.4572691013516175e-05,0.0,-0.0,0.0,-0.00025096889352425937,-0.0010648020170629026,0.01,0,True,0.0,0.0
982.14,12.05345630645752,-0.03921373933553696,3.1012814714201467,-7.694712908511224e-05,-5.4572691013516175e-05,0.0,-0.0,0.0,-0.00025096889352425937,-0.0010648020170629026,0.01,0,True,0.0,0.0
982.16,12.05345630645752,-0.03921373933553696,3.1012814714201467,-7.694712908511224e-05,-5.4572691013516175e-05,0.0,-0.0,0.0,-0.00025096889352425937,-0.0010648020170629026,0.01,0,True,0.0,0.0
982.18,12.05345630645752,-0.03921373933553696,3.1012814714201467,-7.694712908511224e-05,-5.4572691013516175e-05,0.0,-0.0,0.0,-0.00025096889352425937,-0.0010648020170629026,0.01,0,True,0.0,0.0
982.2,12.05345630645752,-0.03921373933553696,3.1012814714201467,-7.694712908511224e-05,-5.4572691013516175e-05,0.0,-0.0,0.0,-0.00025096889352425937,-0.0010648020170629026,0.01,0,True,0.0,0.0
982.22,12.05345630645752,-0.03921373933553696,3.1012814714201467,-7.694712908511224e-05,-5.4572691013516175e-05,0.0,-0.0,0.0,-0.00025096889352425937,-0.0010648020170629026,0.01,0,True,0.0,0.0
982.24,12.05345630645752,-0.03921373933553696,3.1012814714201467,-7.694712908511224e-05,-5.4572691013516175e-05,0.0,-0.0,0.0,-0.00025096889352425937,-0.0010648020170629026,0.01,0,True,0.0,0.0
982.26,12.05345630645752,-0.03921373933553696,3.1012814714201467,-7.694712908511224e-05,-5.4572691013516175e-05,0.0,-0.0,0.0,-0.00025096889352425937,-0.0010648020170629026,0.01,0,True,0.0,0.0
982.28,12.05345630645752,-0.03921373933553696,3.1012814714201467,-7.694712908511224e-05,-5.4572691013516175e-05,0.0,-0.0,0.0,-0.00025096889352425937,-0.0010648020170629026,0.01,0,True,0.0,0.0
982.3,12.05345630645752,-0.03921373933553696,3.1012814714201467,-7.694712908511224e-05,-5.4572691013516175e-05,0.0,-0.0,0.0,-0.00025096889352425937,-0.0010648020170629026,0.01,0,True,0.0,0.0
982.32,12.05345630645752,-0.03921373933553696,3.1012814714201467,-7.694712908511224e-05,-5.4572691013516175e-05,0.0,-0.0,0.0,-0.00025096889352425937,-0.0010648020170629026,0.01,0,True,0.0,0.0
982.34,12.05345630645752,-0.03921373933553696,3.1012814714201467,-7.694712908511224e-05,-5.4572691013516175e-05,0.0,-0.0,0.0,-0.00025096889352425937,-0.0010648020170629026,0.01,0,True,0.0,0.0
982.36,12.05345630645752,-0.03921373933553696,3.1012814714201467,-7.694712908511224e-05,-5.4572691013516175e-05,0.0,-0.0,0.0,-0.00025096889352425937,-0.0010648020170629026,0.01,0,True,0.0,0.0
982.38,12.05345630645752,-0.03921373933553696,3.1012814714201467,-7.694712908511224e-05,-5.4572691013516175e-05,0.0,-0.0,0.0,-0.00025096889352425937,-0.0010648020170629026,0.01,0,True,0.0,0.0
982.4,12.05345630645752,-0.03921373933553696,3.1012814714201467,-7.694712908511224e-05,-5.4572691013516175e-05,0.0,-0.0,0.0,-0.00025096889352425937,-0.0010648020170629026,0.01,0,True,0.0,0.0
982.42,12.05345630645752,-0.03921373933553696,3.1012814714201467,-7.694712908511224e-05,-5.4572691013516175e-05,0.0,-0.0,0.0,-0.00025096889352425937,-0.0010648020170629026,0.01,0,True,0.0,0.0
982.44,12.05345630645752,-0.03921373933553696,3.1012814714201467,-7.694712908511224e-05,-5.4572691013516175e-05,0.0,-0.0,0.0,-0.00025096889352425937,-0.0010648020170629026,0.01,0,True,0.0,0.0
982.46,12.05345630645752,-0.03921373933553696,3.1012814714201467,-7.694712908511224e-05,-5.4572691013516175e-05,0.0,-0.0,0.0,-0.00025096889352425937,-0.0010648020170629026,0.01,0,True,0.0,0.0
982.48,12.05345630645752,-0.03921373933553696,3.1012814714201467,-7.694712908511224e-05,-5.4572691013516175e-05,0.0,-0.0,0.0,-0.00025096889352425937,-0.0010648020170629026,0.01,0,True,0.0,0.0
982.5,12.05345630645752,-0.03921373933553696,3.1012814714201467,-7.694712908511224e-05,-5.4572691013516175e-05,0.0,-0.0,0.0,-0.00025096889352425937,-0.0010648020170629026,0.01,0,True,0.0,0.0
982.52,12.05345630645752,-0.03921373933553696,3.1012814714201467,-7.694712908511224e-05,-5.4572691013516175e-05,0.0,-0.0,0.0,-0.00025096889352425937,-0.0010648020170629026,0.01,0,True,0.0,0.0
982.54,12.05345630645752,-0.03921373933553696,3.1012814714201467,-7.694712908511224e-05,-5.4572691013516175e-05,0.0,-0.0,0.0,-0.00025096889352425937,-0.0010648020170629026,0.01,0,True,0.0,0.0
982.56,12.05345630645752,-0.03921373933553696,3.1012814714201467,-7.694712908511224e-05,-5.4572691013516175e-05,0.0,-0.0,0.0,-0.00025096889352425937,-0.0010648020170629026,0.01,0,True,0.0,0.0
982.58,12.05345630645752,-0.03921373933553696,3.1012814714201467,-7.694712908511224e-05,-5.4572691013516175e-05,0.0,-0.0,0.0,-0.00025096889352425937,-0.0010648020170629026,0.01,0,True,0.0,0.0
982.6,12.05345630645752,-0.03921373933553696,3.1012814714201467,-7.694712908511224e-05,-5.4572691013516175e-05,0.0,-0.0,0.0,-0.00025096889352425937,-0.0010648020170629026,0.01,0,True,0.0,0.0
982.62,12.05345630645752,-0.03921373933553696,3.1012814714201467,-7.694712908511224e-05,-5.4572691013516175e-05,0.0,-0.0,0.0,-0.00025096889352425937,-0.0010648020170629026,0.01,0,True,0.0,0.0
982.64,12.05345630645752,-0.03921373933553696,3.1012814714201467,-7.694712908511224e-05,-5.4572691013516175e-05,0.0,-0.0,0.0,-0.00025096889352425937,-0.0010648020170629026,0.01,0,True,0.0,0.0
982.66,12.05345630645752,-0.03921373933553696,3.1012814714201467,-7.694712908511224e-05,-5.4572691013516175e-05,0.0,-0.0,0.0,-0.00025096889352425937,-0.0010648020170629026,0.01,0,True,0.0,0.0
982.68,12.05345630645752,-0.03921373933553696,3.1012814714201467,-7.694712908511224e-05,-5.4572691013516175e-05,0.0,-0.0,0.0,-0.00025096889352425937,-0.0010648020170629026,0.01,0,True,0.0,0.0
982.7,12.05345630645752,-0.03921373933553696,3.1012814714201467,-7.694712908511224e-05,-5.4572691013516175e-05,0.0,-0.0,0.0,-0.00025096889352425937,-0.0010648020170629026,0.01,0,True,0.0,0.0
982.72,12.05345630645752,-0.03921373933553696,3.1012814714201467,-7.694712908511224e-05,-5.4572691013516175e-05,0.0,-0.0,0.0,-0.00025096889352425937,-0.0010648020170629026,0.01,0,True,0.0,0.0
982.74,12.05345630645752,-0.03921373933553696,3.1012814714201467,-7.694712908511224e-05,-5.4572691013516175e-05,0.0,-0.0,0.0,-0.00025096889352425937,-0.0010648020170629026,0.01,0,True,0.0,0.0
982.76,12.05345630645752,-0.03921373933553696,3.1012814714201467,-7.694712908511224e-05,-5.4572691013516175e-05,0.0,-0.0,0.0,-0.00025096889352425937,-0.0010648020170629026,0.01,0,True,0.0,0.0
982.78,12.05345630645752,-0.03921373933553696,3.1012814714201467,-7.694712908511224e-05,-5.4572691013516175e-05,0.0,-0.0,0.0,-0.00025096889352425937,-0.0010648020170629026,0.01,0,True,0.0,0.0
982.8,12.05345630645752,-0.03921373933553696,3.1012814714201467,-7.694712908511224e-05,-5.4572691013516175e-05,0.0,-0.0,0.0,-0.00025096889352425937,-0.0010648020170629026,0.01,0,True,0.0,0.0
982.82,12.05345630645752,-0.03921373933553696,3.1012814714201467,-7.694712908511224e-05,-5.4572691013516175e-05,0.0,-0.0,0.0,-0.00025096889352425937,-0.0010648020170629026,0.01,0,True,0.0,0.0
982.84,12.05345630645752,-0.03921373933553696,3.1012814714201467,-7.694712908511224e-05,-5.4572691013516175e-05,0.0,-0.0,0.0,-0.00025096889352425937,-0.0010648020170629026,0.01,0,True,0.0,0.0
982.86,12.05345630645752,-0.03921373933553696,3.1012814714201467,-7.694712908511224e-05,-5.4572691013516175e-05,0.0,-0.0,0.0,-0.00025096889352425937,-0.0010648020170629026,0.01,0,True,0.0,0.0
982.88,12.05345630645752,-0.03921373933553696,3.1012814714201467,-7.694712908511224e-05,-5.4572691013516175e-05,0.0,-0.0,0.0,-0.00025096889352425937,-0.0010648020170629026,0.01,0,True,0.0,0.0
982.9,12.05345630645752,-0.03921373933553696,3.1012814714201467,-7.694712908511224e-05,-5.4572691013516175e-05,0.0,-0.0,0.0,-0.00025096889352425937,-0.0010648020170629026,0.01,0,True,0.0,0.0
982.92,12.05345630645752,-0.03921373933553696,3.1012814714201467,-7.694712908511224e-05,-5.4572691013516175e-05,0.0,-0.0,0.0,-0.00025096889352425937,-0.0010648020170629026,0.01,0,True,0.0,0.0
982.94,12.05345630645752,-0.03921373933553696,3.1012814714201467,-7.694712908511224e-05,-5.4572691013516175e-05,0.0,-0.0,0.0,-0.00025096889352425937,-0.0010648020170629026,0.01,0,True,0.0,0.0
982.96,12.05345630645752,-0.03921373933553696,3.1012814714201467,-7.694712908511224e-05,-5.4572691013516175e-05,0.0,-0.0,0.0,-0.00025096889352425937,-0.0010648020170629026,0.01,0,True,0.0,0.0
982.98,12.05345630645752,-0.03921373933553696,3.1012814714201467,-7.694712908511224e-05,-5.4572691013516175e-05,0.0,-0.0,0.0,-0.00025096889352425937,-0.0010648020170629026,0.01,0,True,0.0,0.0
983.0,12.05345630645752,-0.03921373933553696,3.1012814714201467,-7.694712908511224e-05,-5.4572691013516175e-05,0.0,-0.0,0.0,-0.00025096889352425937,-0.0010648020170629026,0.01,0,True,0.0,0.0
983.02,12.05345630645752,-0.03921373933553696,3.1012814714201467,-7.694712908511224e-05,-5.4572691013516175e-05,0.0,-0.0,0.0,-0.00025096889352425937,-0.0010648020170629026,0.01,0,True,0.0,0.0
983.04,12.05345630645752,-0.03921373933553696,3.1012814714201467,-7.694712908511224e-05,-5.4572691013516175e-05,0.0,-0.0,0.0,-0.00025096889352425937,-0.0010648020170629026,0.01,0,True,0.0,0.0
983.06,12.05345630645752,-0.03921373933553696,3.1012814714201467,-7.694712908511224e-05,-5.4572691013516175e-05,0.0,-0.0,0.0,-0.00025096889352425937,-0.0010648020170629026,0.01,0,True,0.0,0.0
983.08,12.05345630645752,-0.03921373933553696,3.1012814714201467,-7.694712908511224e-05,-5.4572691013516175e-05,0.0,-0.0,0.0,-0.00025096889352425937,-0.0010648020170629026,0.01,0,True,0.0,0.0
983.1,12.05345630645752,-0.03921373933553696,3.1012814714201467,-7.694712908511224e-05,-5.4572691013516175e-05,0.0,-0.0,0.0,-0.00025096889352425937,-0.0010648020170629026,0.01,0,True,0.0,0.0
983.12,12.05345630645752,-0.03921373933553696,3.1012814714201467,-7.694712908511224e-05,-5.4572691013516175e-05,0.0,-0.0,0.0,-0.00025096889352425937,-0.0010648020170629026,0.01,0,True,0.0,0.0
983.14,12.05345630645752,-0.03921373933553696,3.1012814714201467,-7.694712908511224e-05,-5.4572691013516175e-05,0.0,-0.0,0.0,-0.00025096889352425937,-0.0010648020170629026,0.01,0,True,0.0,0.0
983.16,12.05345630645752,-0.03921373933553696,3.1012814714201467,-7.694712908511224e-05,-5.4572691013516175e-05,0.0,-0.0,0.0,-0.00025096889352425937,-0.0010648020170629026,0.01,0,True,0.0,0.0
983.18,12.05345630645752,-0.03921373933553696,3.1012814714201467,-7.694712908511224e-05,-5.4572691013516175e-05,0.0,-0.0,0.0,-0.00025096889352425937,-0.0010648020170629026,0.01,0,True,0.0,0.0
983.2,12.05345630645752,-0.03921373933553696,3.1012814714201467,-7.694712908511224e-05,-5.4572691013516175e-05,0.0,-0.0,0.0,-0.00025096889352425937,-0.0010648020170629026,0.01,0,True,0.0,0.0
983.22,12.05345630645752,-0.03921373933553696,3.1012814714201467,-7.694712908511224e-05,-5.4572691013516175e-05,0.0,-0.0,0.0,-0.00025096889352425937,-0.0010648020170629026,0.01,0,True,0.0,0.0
983.24,12.05345630645752,-0.03921373933553696,3.1012814714201467,-7.694712908511224e-05,-5.4572691013516175e-05,0.0,-0.0,0.0,-0.00025096889352425937,-0.0010648020170629026,0.01,0,True,0.0,0.0
983.26,12.05345630645752,-0.03921373933553696,3.1012814714201467,-7.694712908511224e-05,-5.4572691013516175e-05,0.0,-0.0,0.0,-0.00025096889352425937,-0.0010648020170629026,0.01,0,True,0.0,0.0
983.28,12.05345630645752,-0.03921373933553696,3.1012814714201467,-7.694712908511224e-05,-5.4572691013516175e-05,0.0,-0.0,0.0,-0.00025096889352425937,-0.0010648020170629026,0.01,0,True,0.0,0.0
983.3,12.05345630645752,-0.03921373933553696,3.1012814714201467,-7.694712908511224e-05,-5.4572691013516175e-05,0.0,-0.0,0.0,-0.00025096889352425937,-0.0010648020170629026,0.01,0,True,0.0,0.0
983.32,12.05345630645752,-0.03921373933553696,3.1012814714201467,-7.694712908511224e-05,-5.4572691013516175e-05,0.0,-0.0,0.0,-0.00025096889352425937,-0.0010648020170629026,0.01,0,True,0.0,0.0
983.34,12.05345630645752,-0.03921373933553696,3.1012814714201467,-7.694712908511224e-05,-5.4572691013516175e-05,0.0,-0.0,0.0,-0.00025096889352425937,-0.0010648020170629026,0.01,0,True,0.0,0.0
983.36,12.05345630645752,-0.03921373933553696,3.1012814714201467,-7.694712908511224e-05,-5.4572691013516175e-05,0.0,-0.0,0.0,-0.00025096889352425937,-0.0010648020170629026,0.01,0,True,0.0,0.0
983.38,12.05345630645752,-0.03921373933553696,3.1012814714201467,-7.694712908511224e-05,-5.4572691013516175e-05,0.0,-0.0,0.0,-0.00025096889352425937,-0.0010648020170629026,0.01,0,True,0.0,0.0
983.4,12.05345630645752,-0.03921373933553696,3.1012814714201467,-7.694712908511224e-05,-5.4572691013516175e-05,0.0,-0.0,0.0,-0.00025096889352425937,-0.0010648020170629026,0.01,0,True,0.0,0.0
983.42,12.05345630645752,-0.03921373933553696,3.1012814714201467,-7.694712908511224e-05,-5.4572691013516175e-05,0.0,-0.0,0.0,-0.00025096889352425937,-0.0010648020170629026,0.01,0,True,0.0,0.0
983.44,12.05345630645752,-0.03921373933553696,3.1012814714201467,-7.694712908511224e-05,-5.4572691013516175e-05,0.0,-0.0,0.0,-0.00025096889352425937,-0.0010648020170629026,0.01,0,True,0.0,0.0
983.46,12.05345630645752,-0.03921373933553696,3.1012814714201467,-7.694712908511224e-05,-5.4572691013516175e-05,0.0,-0.0,0.0,-0.00025096889352425937,-0.0010648020170629026,0.01,0,True,0.0,0.0
983.48,12.05345630645752,-0.03921373933553696,3.1012814714201467,-7.694712908511224e-05,-5.4572691013516175e-05,0.0,-0.0,0.0,-0.00025096889352425937,-0.0010648020170629026,0.01,0,True,0.0,0.0
983.5,12.05345630645752,-0.03921373933553696,3.1012814714201467,-7.694712908511224e-05,-5.4572691013516175e-05,0.0,-0.0,0.0,-0.00025096889352425937,-0.0010648020170629026,0.01,0,True,0.0,0.0
983.52,12.05345630645752,-0.03921373933553696,3.1012814714201467,-7.694712908511224e-05,-5.4572691013516175e-05,0.0,-0.0,0.0,-0.00025096889352425937,-0.0010648020170629026,0.01,0,True,0.0,0.0
983.54,12.05345630645752,-0.03921373933553696,3.1012814714201467,-7.694712908511224e-05,-5.4572691013516175e-05,0.0,-0.0,0.0,-0.00025096889352425937,-0.0010648020170629026,0.01,0,True,0.0,0.0
983.56,12.05345630645752,-0.03921373933553696,3.1012814714201467,-7.694712908511224e-05,-5.4572691013516175e-05,0.0,-0.0,0.0,-0.00025096889352425937,-0.0010648020170629026,0.01,0,True,0.0,0.0
983.58,12.05345630645752,-0.03921373933553696,3.1012814714201467,-7.694712908511224e-05,-5.4572691013516175e-05,0.0,-0.0,0.0,-0.00025096889352425937,-0.0010648020170629026,0.01,0,True,0.0,0.0
983.6,12.05345630645752,-0.03921373933553696,3.1012814714201467,-7.694712908511224e-05,-5.4572691013516175e-05,0.0,-0.0,0.0,-0.00025096889352425937,-0.0010648020170629026,0.01,0,True,0.0,0.0
983.62,12.05345630645752,-0.03921373933553696,3.1012814714201467,-7.694712908511224e-05,-5.4572691013516175e-05,0.0,-0.0,0.0,-0.00025096889352425937,-0.0010648020170629026,0.01,0,True,0.0,0.0
983.64,12.05345630645752,-0.03921373933553696,3.1012814714201467,-7.694712908511224e-05,-5.4572691013516175e-05,0.0,-0.0,0.0,-0.00025096889352425937,-0.0010648020170629026,0.01,0,True,0.0,0.0
983.66,12.05345630645752,-0.03921373933553696,3.1012814714201467,-7.694712908511224e-05,-5.4572691013516175e-05,0.0,-0.0,0.0,-0.00025096889352425937,-0.0010648020170629026,0.01,0,True,0.0,0.0
983.68,12.05345630645752,-0.03921373933553696,3.1012814714201467,-7.694712908511224e-05,-5.4572691013516175e-05,0.0,-0.0,0.0,-0.00025096889352425937,-0.0010648020170629026,0.01,0,True,0.0,0.0
983.7,12.05345630645752,-0.03921373933553696,3.1012814714201467,-7.694712908511224e-05,-5.4572691013516175e-05,0.0,-0.0,0.0,-0.00025096889352425937,-0.0010648020170629026,0.01,0,True,0.0,0.0
983.72,12.05345630645752,-0.03921373933553696,3.1012814714201467,-7.694712908511224e-05,-5.4572691013516175e-05,0.0,-0.0,0.0,-0.00025096889352425937,-0.0010648020170629026,0.01,0,True,0.0,0.0
983.74,12.05345630645752,-0.03921373933553696,3.1012814714201467,-7.694712908511224e-05,-5.4572691013516175e-05,0.0,-0.0,0.0,-0.00025096889352425937,-0.0010648020170629026,0.01,0,True,0.0,0.0
983.76,12.05345630645752,-0.03921373933553696,3.1012814714201467,-7.694712908511224e-05,-5.4572691013516175e-05,0.0,-0.0,0.0,-0.00025096889352425937,-0.0010648020170629026,0.01,0,True,0.0,0.0
983.78,12.05345630645752,-0.03921373933553696,3.1012814714201467,-7.694712908511224e-05,-5.4572691013516175e-05,0.0,-0.0,0.0,-0.00025096889352425937,-0.0010648020170629026,0.01,0,True,0.0,0.0
983.8,12.05345630645752,-0.03921373933553696,3.1012814714201467,-7.694712908511224e-05,-5.4572691013516175e-05,0.0,-0.0,0.0,-0.00025096889352425937,-0.0010648020170629026,0.01,0,True,0.0,0.0
983.82,12.05345630645752,-0.03921373933553696,3.1012814714201467,-7.694712908511224e-05,-5.4572691013516175e-05,0.0,-0.0,0.0,-0.00025096889352425937,-0.0010648020170629026,0.01,0,True,0.0,0.0
983.84,12.05345630645752,-0.03921373933553696,3.1012814714201467,-7.694712908511224e-05,-5.4572691013516175e-05,0.0,-0.0,0.0,-0.00025096889352425937,-0.0010648020170629026,0.01,0,True,0.0,0.0
983.86,12.05345630645752,-0.03921373933553696,3.1012814714201467,-7.694712908511224e-05,-5.4572691013516175e-05,0.0,-0.0,0.0,-0.00025096889352425937,-0.0010648020170629026,0.01,0,True,0.0,0.0
983.88,12.05345630645752,-0.03921373933553696,3.1012814714201467,-7.694712908511224e-05,-5.4572691013516175e-05,0.0,-0.0,0.0,-0.00025096889352425937,-0.0010648020170629026,0.01,0,True,0.0,0.0
983.9,12.05345630645752,-0.03921373933553696,3.1012814714201467,-7.694712908511224e-05,-5.4572691013516175e-05,0.0,-0.0,0.0,-0.00025096889352425937,-0.0010648020170629026,0.01,0,True,0.0,0.0
983.92,12.05345630645752,-0.03921373933553696,3.1012814714201467,-7.694712908511224e-05,-5.4572691013516175e-05,0.0,-0.0,0.0,-0.00025096889352425937,-0.0010648020170629026,0.01,0,True,0.0,0.0
983.94,12.05345630645752,-0.03921373933553696,3.1012814714201467,-7.694712908511224e-05,-5.4572691013516175e-05,0.0,-0.0,0.0,-0.00025096889352425937,-0.0010648020170629026,0.01,0,True,0.0,0.0
983.96,12.05345630645752,-0.03921373933553696,3.1012814714201467,-7.694712908511224e-05,-5.4572691013516175e-05,0.0,-0.0,0.0,-0.00025096889352425937,-0.0010648020170629026,0.01,0,True,0.0,0.0
983.98,12.05345630645752,-0.03921373933553696,3.1012814714201467,-7.694712908511224e-05,-5.4572691013516175e-05,0.0,-0.0,0.0,-0.00025096889352425937,-0.0010648020170629026,0.01,0,True,0.0,0.0
984.0,12.05345630645752,-0.03921373933553696,3.1012814714201467,-7.694712908511224e-05,-5.4572691013516175e-05,0.0,-0.0,0.0,-0.00025096889352425937,-0.0010648020170629026,0.01,0,True,0.0,0.0
984.02,12.05345630645752,-0.03921373933553696,3.1012814714201467,-7.694712908511224e-05,-5.4572691013516175e-05,0.0,-0.0,0.0,-0.00025096889352425937,-0.0010648020170629026,0.01,0,True,0.0,0.0
984.04,12.05345630645752,-0.03921373933553696,3.1012814714201467,-7.694712908511224e-05,-5.4572691013516175e-05,0.0,-0.0,0.0,-0.00025096889352425937,-0.0010648020170629026,0.01,0,True,0.0,0.0
984.06,12.05345630645752,-0.03921373933553696,3.1012814714201467,-7.694712908511224e-05,-5.4572691013516175e-05,0.0,-0.0,0.0,-0.00025096889352425937,-0.0010648020170629026,0.01,0,True,0.0,0.0
984.08,12.05345630645752,-0.03921373933553696,3.1012814714201467,-7.694712908511224e-05,-5.4572691013516175e-05,0.0,-0.0,0.0,-0.00025096889352425937,-0.0010648020170629026,0.01,0,True,0.0,0.0
984.1,12.05345630645752,-0.03921373933553696,3.1012814714201467,-7.694712908511224e-05,-5.4572691013516175e-05,0.0,-0.0,0.0,-0.00025096889352425937,-0.0010648020170629026,0.01,0,True,0.0,0.0
984.12,12.05345630645752,-0.03921373933553696,3.1012814714201467,-7.694712908511224e-05,-5.4572691013516175e-05,0.0,-0.0,0.0,-0.00025096889352425937,-0.0010648020170629026,0.01,0,True,0.0,0.0
984.14,12.05345630645752,-0.03921373933553696,3.1012814714201467,-7.694712908511224e-05,-5.4572691013516175e-05,0.0,-0.0,0.0,-0.00025096889352425937,-0.0010648020170629026,0.01,0,True,0.0,0.0
984.16,12.05345630645752,-0.03921373933553696,3.1012814714201467,-7.694712908511224e-05,-5.4572691013516175e-05,0.0,-0.0,0.0,-0.00025096889352425937,-0.0010648020170629026,0.01,0,True,0.0,0.0
984.18,12.05345630645752,-0.03921373933553696,3.1012814714201467,-7.694712908511224e-05,-5.4572691013516175e-05,0.0,-0.0,0.0,-0.00025096889352425937,-0.0010648020170629026,0.01,0,True,0.0,0.0
984.2,12.05345630645752,-0.03921373933553696,3.1012814714201467,-7.694712908511224e-05,-5.4572691013516175e-05,0.0,-0.0,0.0,-0.00025096889352425937,-0.0010648020170629026,0.01,0,True,0.0,0.0
984.22,12.05345630645752,-0.03921373933553696,3.1012814714201467,-7.694712908511224e-05,-5.4572691013516175e-05,0.0,-0.0,0.0,-0.00025096889352425937,-0.0010648020170629026,0.01,0,True,0.0,0.0
984.24,12.05345630645752,-0.03921373933553696,3.1012814714201467,-7.694712908511224e-05,-5.4572691013516175e-05,0.0,-0.0,0.0,-0.00025096889352425937,-0.0010648020170629026,0.01,0,True,0.0,0.0
984.26,12.05345630645752,-0.03921373933553696,3.1012814714201467,-7.694712908511224e-05,-5.4572691013516175e-05,0.0,-0.0,0.0,-0.00025096889352425937,-0.0010648020170629026,0.01,0,True,0.0,0.0
984.28,12.05345630645752,-0.03921373933553696,3.1012814714201467,-7.694712908511224e-05,-5.4572691013516175e-05,0.0,-0.0,0.0,-0.00025096889352425937,-0.0010648020170629026,0.01,0,True,0.0,0.0
984.3,12.05345630645752,-0.03921373933553696,3.1012814714201467,-7.694712908511224e-05,-5.4572691013516175e-05,0.0,-0.0,0.0,-0.00025096889352425937,-0.0010648020170629026,0.01,0,True,0.0,0.0
984.32,12.05345630645752,-0.03921373933553696,3.1012814714201467,-7.694712908511224e-05,-5.4572691013516175e-05,0.0,-0.0,0.0,-0.00025096889352425937,-0.0010648020170629026,0.01,0,True,0.0,0.0
984.34,12.05345630645752,-0.03921373933553696,3.1012814714201467,-7.694712908511224e-05,-5.4572691013516175e-05,0.0,-0.0,0.0,-0.00025096889352425937,-0.0010648020170629026,0.01,0,True,0.0,0.0
984.36,12.05345630645752,-0.03921373933553696,3.1012814714201467,-7.694712908511224e-05,-5.4572691013516175e-05,0.0,-0.0,0.0,-0.00025096889352425937,-0.0010648020170629026,0.01,0,True,0.0,0.0
984.38,12.05345630645752,-0.03921373933553696,3.1012814714201467,-7.694712908511224e-05,-5.4572691013516175e-05,0.0,-0.0,0.0,-0.00025096889352425937,-0.0010648020170629026,0.01,0,True,0.0,0.0
984.4,12.05345630645752,-0.03921373933553696,3.1012814714201467,-7.694712908511224e-05,-5.4572691013516175e-05,0.0,-0.0,0.0,-0.00025096889352425937,-0.0010648020170629026,0.01,0,True,0.0,0.0
984.42,12.05345630645752,-0.03921373933553696,3.1012814714201467,-7.694712908511224e-05,-5.4572691013516175e-05,0.0,-0.0,0.0,-0.00025096889352425937,-0.0010648020170629026,0.01,0,True,0.0,0.0
984.44,12.05345630645752,-0.03921373933553696,3.1012814714201467,-7.694712908511224e-05,-5.4572691013516175e-05,0.0,-0.0,0.0,-0.00025096889352425937,-0.0010648020170629026,0.01,0,True,0.0,0.0
984.46,12.05345630645752,-0.03921373933553696,3.1012814714201467,-7.694712908511224e-05,-5.4572691013516175e-05,0.0,-0.0,0.0,-0.00025096889352425937,-0.0010648020170629026,0.01,0,True,0.0,0.0
984.48,12.05345630645752,-0.03921373933553696,3.1012814714201467,-7.694712908511224e-05,-5.4572691013516175e-05,0.0,-0.0,0.0,-0.00025096889352425937,-0.0010648020170629026,0.01,0,True,0.0,0.0
984.5,12.05345630645752,-0.03921373933553696,3.1012814714201467,-7.694712908511224e-05,-5.4572691013516175e-05,0.0,-0.0,0.0,-0.00025096889352425937,-0.0010648020170629026,0.01,0,True,0.0,0.0
984.52,12.05345630645752,-0.03921373933553696,3.1012814714201467,-7.694712908511224e-05,-5.4572691013516175e-05,0.0,-0.0,0.0,-0.00025096889352425937,-0.0010648020170629026,0.01,0,True,-0.008638514164920062,-0.0013701016257644427
984.54,12.05345630645752,-0.03921373933553696,3.1012814714201467,-7.694712908511224e-05,-5.4572691013516175e-05,0.0,-0.0,0.0,-0.00025096889352425937,-0.0010648020170629026,0.01,0,True,-0.019519840195665827,-0.001786444898120136
984.56,12.05345630645752,-0.03921373933553696,3.1012814714201467,-7.694712908511224e-05,-5.4572691013516175e-05,-0.0006910811331929764,-2.2187710424659546e-05,-0.00010960813006105573,-0.00025096889352425937,-0.0010648020170629026,0,0,True,-0.02287893230239661,0.006073007117184838
984.58,12.05345630645752,-0.03921373933553696,3.1012814714201467,-7.694712908511224e-05,-5.4572691013516175e-05,-0.001561587215654065,-3.283076535124749e-05,-0.000142915591849684,-0.00025096889352425937,-0.0010648020170629026,0,0,True,-0.022335426950229907,-0.002637183855945186
984.6,12.053511619567871,-0.03921419382095337,3.1012727027697418,-6.65351864314376e-05,-3.357781156865131e-05,-0.0018303145841926651,0.00012217823642800193,0.00048584056937503564,-0.00025096889352425937,-0.0010648020170629026,0,0,True,-0.002402933297107752,0.001795626712387965
984.62,12.053581237792969,-0.03921614959836006,3.1012700381727987,-5.2644671459800616e-05,-3.416291633149828e-05,-0.0017868341560193066,-6.840718398353001e-05,-0.00021097470847572278,-0.003372381664812565,-0.0038130709901452067,0,0,True,0.022939674079579597,0.0027166643946235623
984.64,12.05360221862793,-0.03922940790653229,3.1013203386656967,-1.2486585969368661e-05,-2.6791843569888894e-05,-0.0008833157969616948,1.1197915788548925e-05,3.4042006930054977e-05,-0.0036242719739675525,-0.004234475046396256,0,0,True,0.03308494554668351,-0.012979559411088361
984.66,12.05359935760498,-0.039214033633470535,3.1012645934434686,-3.988626044661434e-05,-3.718753883913803e-05,0.0002735867107106338,2.0266802654040216e-05,7.441755972000331e-05,-0.0012159555777907372,-0.0017827128805220128,0,0,True,0.034536684328135434,0.004283275792659666
984.68,12.053582191467285,-0.039217934012413025,3.101275426130296,-2.6179885417774263e-05,-2.8695933271944503e-05,0.0008164810595396087,-0.00012887298959288022,-0.0005525241835110888,-0.0012809965200722218,-0.0013872862420976164,0,0,True,0.022070021041781622,-0.0001824845485141907
984.7,12.053559303283691,-0.03921688720583916,3.1012759915775763,-2.6602388137338754e-05,-2.9286924127711313e-05,0.0009761005902329417,5.480037722996923e-05,0.00013168735493722584,-0.00047406518831849103,-0.0005133763141930103,0,0,True,0.004476032464826293,-0.0007301695045109591
984.72,12.053537368774414,-0.03921647369861603,3.1012761367310158,-3.3327902961120285e-05,-2.4179757143602253e-05,0.0008822858863817381,1.4385159184852757e-05,1.944324304891225e-05,0.0005390538787469268,6.153723224997521e-05,0,0,True,-0.005733784135512709,0.007010653971788097
984.74,12.053521156311035,-0.039215266704559326,3.1012751284318636,-3.458848396892683e-05,-2.2875767948954974e-05,0.0006316693078969205,1.620695505766945e-05,1.60039993590967e-05,0.00014585998840630055,-0.00036989696323871615,0,0,True,-0.010120660879391575,-0.0011873057283872395
984.76,12.053511619567871,-0.039216239005327225,3.10127698158974,-3.4303689138787377e-05,-2.7815862444305452e-05,0.00035777832869835727,3.479954139376281e-06,8.3281342322459e-06,-0.000291328487219289,-0.0007505145203322173,0,0,True,-0.0107241062630132,-0.00029362005604672306
984.78,12.053508758544922,-0.03921614587306976,3.101277271897525,-3.4693919502797384e-05,-2.9186335306689594e-05,0.00016644771988235204,1.440370077533135e-05,3.670289666633307e-05,-0.000291328487219289,-0.0007505145203322173,0,0,True,-0.00834061425293528,-0.0003064623611131729
984.8,12.053508758544922,-0.03921559825539589,3.1012768029817543,-3.7396433790835113e-05,-2.672932122007561e-05,2.435738534146232e-05,-1.22996183215214e-05,-4.04636143480423e-06,-0.000574275441467762,-0.0010167063213884831,0,0,True,-0.004770995511928336,3.779317407618603e-05
984.82,12.053507804870605,-0.03921588137745857,3.101278064663597,-3.579745746432255e-05,-3.2868809542986165e-05,-3.557983233824327e-05,-5.256691541734235e-06,-8.51298952996968e-06,-0.000723872627131641,-0.0011410577781498434,0,0,True,-0.002528417655052674,-0.0003942463815127018
984.84,12.053509712219238,-0.03921517729759216,3.1012766578808253,-3.46849860889798e-05,-3.097147237163535e-05,-2.3901312256104854e-05,9.932403073755012e-07,1.1351588158342329e-05,-0.0006884304201230407,-0.0011197059694677592,0,0,True,-0.0007538602834875162,-2.3844549182442707e-05
984.86,12.053511619567871,-0.03921584039926529,3.1012765908583626,-3.620101394187023e-05,-2.7766749803807565e-05,-3.5825692521965354e-05,8.384619993698622e-07,5.163186145300791e-06,-0.0007595842424780131,-0.0012008897680789233,0,0,True,0.0004449825000588347,0.0003070372749104489
984.88,12.053510665893555,-0.039215754717588425,3.101277711108807,-3.6443757858959646e-05,-3.1664916407886066e-05,-3.5951437337569833e-05,3.955897698282813e-06,-5.953925369400623e-06,-0.0007978892186656596,-0.0012136160116642714,0,0,True,-0.0001470136577038577,-0.0005128550689683473
984.9,12.053510665893555,-0.0392160639166832,3.1012784777184885,-3.497173343485253e-05,-3.18634538706665e-05,1.87676664311271e-08,-4.652829345609067e-07,1.6049992462843893e-05,-0.0007132042525336147,-0.0011365524493157865,0,0,True,-0.00013791127302532506,-0.0002982919017344795
984.92,12.053512573242188,-0.039215609431266785,3.1012761815667957,-3.717057791589536e-05,-3.089415768320166e-05,-3.5662404872402773e-05,-3.209513819541784e-06,-2.9676817359088142e-05,-0.0007850937405601145,-0.0011746228951960804,0,0,True,0.0001470369514324827,0.0002953869990966174
984.94,12.053511619567871,-0.039215803146362305,3.1012778748577596,-3.62010686576357e-05,-3.202066858055546e-05,-4.6858594363997e-05,-2.1417192249859653e-05,-1.8700165993469777e-05,-0.0006939788628369571,-0.0011314637120813133,0,0,True,-0.000450261030852132,-0.00024423868691373447
984.96,12.053513526916504,-0.03921561315655708,3.1012753369634183,-3.7279761487755434e-05,-2.7807223570324122e-05,-2.41884812229652e-05,8.112036732608942e-06,1.767703455834086e-05,-0.0007268464518710971,-0.0011447017826139928,0,0,True,0.00029233826851681675,0.0007238924266958875
984.98,12.05351448059082,-0.03921450302004814,3.101276981705209,-3.78999675201334e-05,-3.1031126340713514e-05,-3.600211480175786e-05,5.21213532268181e-06,-3.48910249026486e-06,-0.0007106294389814139,-0.0011742782872170212,0,0,True,0.0005741900623150758,0.00032969337981940785
985.0,12.05351448059082,-0.039216335862874985,3.1012775957295604,-3.831628948344582e-05,-2.9460511216603327e-05,-1.2275343391045467e-05,8.546025843143246e-06,2.8234576776612485e-05,-0.0006892349291592837,-0.0011382610164582731,0,0,True,0.00030235601528733996,-0.0002209629319794617
985.02,12.05351448059082,-0.039216335862874985,3.1012775957295604,-3.831628948344582e-05,-2.9460511216603327e-05,-9.233893788327251e-07,2.2891919566018836e-05,7.675304392058866e-06,-0.0007327512046322228,-0.0011282782070338726,0,0,True,0.00045002643502238255,4.3613781128350415e-05
985.04,12.05351448059082,-0.039216335862874985,3.1012775957295604,-3.831628948344582e-05,-2.9460511216603327e-05,0.0,-0.0,0.0,-0.0006595759885385633,-0.0011343124974519015,0,0,True,0.00015344179238798984,-0.0003529322097074755
985.06,12.05351448059082,-0.039216335862874985,3.1012775957295604,-3.831628948344582e-05,-2.9460511216603327e-05,0.0,-0.0,0.0,-0.0006595759885385633,-0.0011343124974519015,0,0,True,1.154236723540316e-05,-9.594130490068674e-05
985.08,12.05351448059082,-0.039216335862874985,3.1012775957295604,-3.831628948344582e-05,-2.9460511216603327e-05,0.0,-0.0,0.0,-0.0006595759885385633,-0.0011343124974519015,0,0,True,0.0,0.0
985.1,12.05351448059082,-0.039216335862874985,3.1012775957295604,-3.831628948344582e-05,-2.9460511216603327e-05,0.0,-0.0,0.0,-0.0006595759885385633,-0.0011343124974519015,0,0,True,0.0,0.0
985.12,12.05351448059082,-0.039216335862874985,3.1012775957295604,-3.831628948344582e-05,-2.9460511216603327e-05,0.0,-0.0,0.0,-0.0006595759885385633,-0.0011343124974519015,0,0,True,0.0,0.0
985.14,12.05351448059082,-0.039216335862874985,3.1012775957295604,-3.831628948344582e-05,-2.9460511216603327e-05,0.0,-0.0,0.0,-0.0006595759885385633,-0.0011343124974519015,0,0,True,0.0,0.0
985.16,12.05351448059082,-0.039216335862874985,3.1012775957295604,-3.831628948344582e-05,-2.9460511216603327e-05,0.0,-0.0,0.0,-0.0006595759885385633,-0.0011343124974519015,0,0,True,0.0,0.0
985.18,12.05351448059082,-0.039216335862874985,3.1012775957295604,-3.831628948344582e-05,-2.9460511216603327e-05,0.0,-0.0,0.0,-0.0006595759885385633,-0.0011343124974519015,0,0,True,0.0,0.0
985.2,12.05351448059082,-0.039216335862874985,3.1012775957295604,-3.831628948344582e-05,-2.9460511216603327e-05,0.0,-0.0,0.0,-0.0006595759885385633,-0.0011343124974519015,0,0,True,0.0,0.0
985.22,12.05351448059082,-0.039216335862874985,3.1012775957295604,-3.831628948344582e-05,-2.9460511216603327e-05,0.0,-0.0,0.0,-0.0006595759885385633,-0.0011343124974519015,0,0,True,0.0,0.0
985.24,12.05351448059082,-0.039216335862874985,3.1012775957295604,-3.831628948344582e-05,-2.9460511216603327e-05,0.0,-0.0,0.0,-0.0006595759885385633,-0.0011343124974519015,0,0,True,0.0,0.0
985.26,12.05351448059082,-0.039216335862874985,3.1012775957295604,-3.831628948344582e-05,-2.9460511216603327e-05,0.0,-0.0,0.0,-0.0006595759885385633,-0.0011343124974519015,0,0,True,0.0,0.0
985.28,12.05351448059082,-0.039216335862874985,3.1012775957295604,-3.831628948344582e-05,-2.9460511216603327e-05,0.0,-0.0,0.0,-0.0006595759885385633,-0.0011343124974519015,0,0,True,0.0,0.0
985.3,12.05351448059082,-0.039216335862874985,3.1012775957295604,-3.831628948344582e-05,-2.9460511216603327e-05,0.0,-0.0,0.0,-0.0006595759885385633,-0.0011343124974519015,0,0,True,0.0,0.0
985.32,12.05351448059082,-0.039216335862874985,3.1012775957295604,-3.831628948344582e-05,-2.9460511216603327e-05,0.0,-0.0,0.0,-0.0006595759885385633,-0.0011343124974519015,0,0,True,0.0,0.0
985.34,12.05351448059082,-0.039216335862874985,3.1012775957295604,-3.831628948344582e-05,-2.9460511216603327e-05,0.0,-0.0,0.0,-0.0006595759885385633,-0.0011343124974519015,0,0,True,0.0,0.0
985.36,12.05351448059082,-0.039216335862874985,3.1012775957295604,-3.831628948344582e-05,-2.9460511216603327e-05,0.0,-0.0,0.0,-0.0006595759885385633,-0.0011343124974519015,0,0,True,0.0,0.0
985.38,12.05351448059082,-0.039216335862874985,3.1012775957295604,-3.831628948344582e-05,-2.9460511216603327e-05,0.0,-0.0,0.0,-0.0006595759885385633,-0.0011343124974519015,0,0,True,0.0,0.0
985.4,12.05351448059082,-0.039216335862874985,3.1012775957295604,-3.831628948344582e-05,-2.9460511216603327e-05,0.0,-0.0,0.0,-0.0006595759885385633,-0.0011343124974519015,0,0,True,0.0,0.0
985.42,12.05351448059082,-0.039216335862874985,3.1012775957295604,-3.831628948344582e-05,-2.9460511216603327e-05,0.0,-0.0,0.0,-0.0006595759885385633,-0.0011343124974519015,0,0,True,0.0,0.0
985.44,12.05351448059082,-0.039216335862874985,3.1012775957295604,-3.831628948344582e-05,-2.9460511216603327e-05,0.0,-0.0,0.0,-0.0006595759885385633,-0.0011343124974519015,0,0,True,0.0,0.0
985.46,12.05351448059082,-0.039216335862874985,3.1012775957295604,-3.831628948344582e-05,-2.9460511216603327e-05,0.0,-0.0,0.0,-0.0006595759885385633,-0.0011343124974519015,0,0,True,0.0,0.0
985.48,12.05351448059082,-0.039216335862874985,3.1012775957295604,-3.831628948344582e-05,-2.9460511216603327e-05,0.0,-0.0,0.0,-0.0006595759885385633,-0.0011343124974519015,0,0,True,0.0,0.0
985.5,12.05351448059082,-0.039216335862874985,3.1012775957295604,-3.831628948344582e-05,-2.9460511216603327e-05,0.0,-0.0,0.0,-0.0006595759885385633,-0.0011343124974519015,0,0,True,0.0,0.0
985.52,12.05351448059082,-0.039216335862874985,3.1012775957295604,-3.831628948344582e-05,-2.9460511216603327e-05,0.0,-0.0,0.0,-0.0006595759885385633,-0.0011343124974519015,0,0,True,0.0,0.0
985.54,12.05351448059082,-0.039216335862874985,3.1012775957295604,-3.831628948344582e-05,-2.9460511216603327e-05,0.0,-0.0,0.0,-0.0006595759885385633,-0.0011343124974519015,0,0,True,0.0,0.0
985.56,12.05351448059082,-0.039216335862874985,3.1012775957295604,-3.831628948344582e-05,-2.9460511216603327e-05,0.0,-0.0,0.0,-0.0006595759885385633,-0.0011343124974519015,0,0,True,0.0,0.0
985.58,12.05351448059082,-0.039216335862874985,3.1012775957295604,-3.831628948344582e-05,-2.9460511216603327e-05,0.0,-0.0,0.0,-0.0006595759885385633,-0.0011343124974519015,0,0,True,0.0,0.0
985.6,12.05351448059082,-0.039216335862874985,3.1012775957295604,-3.831628948344582e-05,-2.9460511216603327e-05,0.0,-0.0,0.0,-0.0006595759885385633,-0.0011343124974519015,0,0,True,0.0,0.0
985.62,12.05351448059082,-0.039216335862874985,3.1012775957295604,-3.831628948344582e-05,-2.9460511216603327e-05,0.0,-0.0,0.0,-0.0006595759885385633,-0.0011343124974519015,0,0,True,0.0,0.0
985.64,12.05351448059082,-0.039216335862874985,3.1012775957295604,-3.831628948344582e-05,-2.9460511216603327e-05,0.0,-0.0,0.0,-0.0006595759885385633,-0.0011343124974519015,0,0,True,0.0,0.0
985.66,12.05351448059082,-0.039216335862874985,3.1012775957295604,-3.831628948344582e-05,-2.9460511216603327e-05,0.0,-0.0,0.0,-0.0006595759885385633,-0.0011343124974519015,0,0,True,0.0,0.0
985.68,12.05351448059082,-0.039216335862874985,3.1012775957295604,-3.831628948344582e-05,-2.9460511216603327e-05,0.0,-0.0,0.0,-0.0006595759885385633,-0.0011343124974519015,0,0,True,0.0,0.0
985.7,12.05351448059082,-0.039216335862874985,3.1012775957295604,-3.831628948344582e-05,-2.9460511216603327e-05,0.0,-0.0,0.0,-0.0006595759885385633,-0.0011343124974519015,0,0,True,0.0,0.0
985.72,12.05351448059082,-0.039216335862874985,3.1012775957295604,-3.831628948344582e-05,-2.9460511216603327e-05,0.0,-0.0,0.0,-0.0006595759885385633,-0.0011343124974519015,0,0,True,0.0,0.0
985.74,12.05351448059082,-0.039216335862874985,3.1012775957295604,-3.831628948344582e-05,-2.9460511216603327e-05,0.0,-0.0,0.0,-0.0006595759885385633,-0.0011343124974519015,0,0,True,0.0,0.0
985.76,12.05351448059082,-0.039216335862874985,3.1012775957295604,-3.831628948344582e-05,-2.9460511216603327e-05,0.0,-0.0,0.0,-0.0006595759885385633,-0.0011343124974519015,0,0,True,0.0,0.0
985.78,12.05351448059082,-0.039216335862874985,3.1012775957295604,-3.831628948344582e-05,-2.9460511216603327e-05,0.0,-0.0,0.0,-0.0006595759885385633,-0.0011343124974519015,0,0,True,0.0,0.0
985.8,12.05351448059082,-0.039216335862874985,3.1012775957295604,-3.831628948344582e-05,-2.9460511216603327e-05,0.0,-0.0,0.0,-0.0006595759885385633,-0.0011343124974519015,0,0,True,0.0,0.0
985.82,12.05351448059082,-0.039216335862874985,3.1012775957295604,-3.831628948344582e-05,-2.9460511216603327e-05,0.0,-0.0,0.0,-0.0006595759885385633,-0.0011343124974519015,0,0,True,0.0,0.0
985.84,12.05351448059082,-0.039216335862874985,3.1012775957295604,-3.831628948344582e-05,-2.9460511216603327e-05,0.0,-0.0,0.0,-0.0006595759885385633,-0.0011343124974519015,0,0,True,0.0,0.0
985.86,12.05351448059082,-0.039216335862874985,3.1012775957295604,-3.831628948344582e-05,-2.9460511216603327e-05,0.0,-0.0,0.0,-0.0006595759885385633,-0.0011343124974519015,0,0,True,0.0,0.0
985.88,12.05351448059082,-0.039216335862874985,3.1012775957295604,-3.831628948344582e-05,-2.9460511216603327e-05,0.0,-0.0,0.0,-0.0006595759885385633,-0.0011343124974519015,0,0,True,0.0,0.0
985.9,12.05351448059082,-0.039216335862874985,3.1012775957295604,-3.831628948344582e-05,-2.9460511216603327e-05,0.0,-0.0,0.0,-0.0006595759885385633,-0.0011343124974519015,0,0,True,0.0,0.0
985.92,12.05351448059082,-0.039216335862874985,3.1012775957295604,-3.831628948344582e-05,-2.9460511216603327e-05,0.0,-0.0,0.0,-0.0006595759885385633,-0.0011343124974519015,0,0,True,0.0,0.0
985.94,12.05351448059082,-0.039216335862874985,3.1012775957295604,-3.831628948344582e-05,-2.9460511216603327e-05,0.0,-0.0,0.0,-0.0006595759885385633,-0.0011343124974519015,0,0,True,0.0,0.0
985.96,12.05351448059082,-0.039216335862874985,3.1012775957295604,-3.831628948344582e-05,-2.9460511216603327e-05,0.0,-0.0,0.0,-0.0006595759885385633,-0.0011343124974519015,0,0,True,0.0,0.0
985.98,12.05351448059082,-0.039216335862874985,3.1012775957295604,-3.831628948344582e-05,-2.9460511216603327e-05,0.0,-0.0,0.0,-0.0006595759885385633,-0.0011343124974519015,0,0,True,0.0,0.0
986.0,12.05351448059082,-0.039216335862874985,3.1012775957295604,-3.831628948344582e-05,-2.9460511216603327e-05,0.0,-0.0,0.0,-0.0006595759885385633,-0.0011343124974519015,0,0,True,0.0,0.0
986.02,12.05351448059082,-0.039216335862874985,3.1012775957295604,-3.831628948344582e-05,-2.9460511216603327e-05,0.0,-0.0,0.0,-0.0006595759885385633,-0.0011343124974519015,0,0,True,0.0,0.0
986.04,12.05351448059082,-0.039216335862874985,3.1012775957295604,-3.831628948344582e-05,-2.9460511216603327e-05,0.0,-0.0,0.0,-0.0006595759885385633,-0.0011343124974519015,0,0,True,0.0,0.0
986.06,12.05351448059082,-0.039216335862874985,3.1012775957295604,-3.831628948344582e-05,-2.9460511216603327e-05,0.0,-0.0,0.0,-0.0006595759885385633,-0.0011343124974519015,0,0,True,0.0,0.0
986.08,12.05351448059082,-0.039216335862874985,3.1012775957295604,-3.831628948344582e-05,-2.9460511216603327e-05,0.0,-0.0,0.0,-0.0006595759885385633,-0.0011343124974519015,0,0,True,0.0,0.0
986.1,12.05351448059082,-0.039216335862874985,3.1012775957295604,-3.831628948344582e-05,-2.9460511216603327e-05,0.0,-0.0,0.0,-0.0006595759885385633,-0.0011343124974519015,0,0,True,0.0,0.0
986.12,12.05351448059082,-0.039216335862874985,3.1012775957295604,-3.831628948344582e-05,-2.9460511216603327e-05,0.0,-0.0,0.0,-0.0006595759885385633,-0.0011343124974519015,0,0,True,0.0,0.0
986.14,12.05351448059082,-0.039216335862874985,3.1012775957295604,-3.831628948344582e-05,-2.9460511216603327e-05,0.0,-0.0,0.0,-0.0006595759885385633,-0.0011343124974519015,0,0,True,0.0,0.0
986.16,12.05351448059082,-0.039216335862874985,3.1012775957295604,-3.831628948344582e-05,-2.9460511216603327e-05,0.0,-0.0,0.0,-0.0006595759885385633,-0.0011343124974519015,0,0,True,0.0,0.0
986.18,12.05351448059082,-0.039216335862874985,3.1012775957295604,-3.831628948344582e-05,-2.9460511216603327e-05,0.0,-0.0,0.0,-0.0006595759885385633,-0.0011343124974519015,0,0,True,0.0,0.0
986.2,12.05351448059082,-0.039216335862874985,3.1012775957295604,-3.831628948344582e-05,-2.9460511216603327e-05,0.0,-0.0,0.0,-0.0006595759885385633,-0.0011343124974519015,0,0,True,0.0,0.0
986.22,12.05351448059082,-0.039216335862874985,3.1012775957295604,-3.831628948344582e-05,-2.9460511216603327e-05,0.0,-0.0,0.0,-0.0006595759885385633,-0.0011343124974519015,0,0,True,0.0,0.0
986.24,12.05351448059082,-0.039216335862874985,3.1012775957295604,-3.831628948344582e-05,-2.9460511216603327e-05,0.0,-0.0,0.0,-0.0006595759885385633,-0.0011343124974519015,0,0,True,0.0,0.0
986.26,12.05351448059082,-0.039216335862874985,3.1012775957295604,-3.831628948344582e-05,-2.9460511216603327e-05,0.0,-0.0,0.0,-0.0006595759885385633,-0.0011343124974519015,0,0,True,0.0,0.0
986.28,12.05351448059082,-0.039216335862874985,3.1012775957295604,-3.831628948344582e-05,-2.9460511216603327e-05,0.0,-0.0,0.0,-0.0006595759885385633,-0.0011343124974519015,0,0,True,0.0,0.0
986.3,12.05351448059082,-0.039216335862874985,3.1012775957295604,-3.831628948344582e-05,-2.9460511216603327e-05,0.0,-0.0,0.0,-0.0006595759885385633,-0.0011343124974519015,0,0,True,0.0,0.0
986.32,12.05351448059082,-0.039216335862874985,3.1012775957295604,-3.831628948344582e-05,-2.9460511216603327e-05,0.0,-0.0,0.0,-0.0006595759885385633,-0.0011343124974519015,0,0,True,0.0,0.0
986.34,12.05351448059082,-0.039216335862874985,3.1012775957295604,-3.831628948344582e-05,-2.9460511216603327e-05,0.0,-0.0,0.0,-0.0006595759885385633,-0.0011343124974519015,0,0,True,0.0,0.0
986.36,12.05351448059082,-0.039216335862874985,3.1012775957295604,-3.831628948344582e-05,-2.9460511216603327e-05,0.0,-0.0,0.0,-0.0006595759885385633,-0.0011343124974519015,0,0,True,0.0,0.0
986.38,12.05351448059082,-0.039216335862874985,3.1012775957295604,-3.831628948344582e-05,-2.9460511216603327e-05,0.0,-0.0,0.0,-0.0006595759885385633,-0.0011343124974519015,0,0,True,0.0,0.0
986.4,12.05351448059082,-0.039216335862874985,3.1012775957295604,-3.831628948344582e-05,-2.9460511216603327e-05,0.0,-0.0,0.0,-0.0006595759885385633,-0.0011343124974519015,0,0,True,0.0,0.0
986.42,12.05351448059082,-0.039216335862874985,3.1012775957295604,-3.831628948344582e-05,-2.9460511216603327e-05,0.0,-0.0,0.0,-0.0006595759885385633,-0.0011343124974519015,0,0,True,0.0,0.0
986.44,12.05351448059082,-0.039216335862874985,3.1012775957295604,-3.831628948344582e-05,-2.9460511216603327e-05,0.0,-0.0,0.0,-0.0006595759885385633,-0.0011343124974519015,0,0,True,0.0,0.0
986.46,12.05351448059082,-0.039216335862874985,3.1012775957295604,-3.831628948344582e-05,-2.9460511216603327e-05,0.0,-0.0,0.0,-0.0006595759885385633,-0.0011343124974519015,0,0,True,0.0,0.0
986.48,12.05351448059082,-0.039216335862874985,3.1012775957295604,-3.831628948344582e-05,-2.9460511216603327e-05,0.0,-0.0,0.0,-0.0006595759885385633,-0.0011343124974519015,0,0,True,0.0,0.0
986.5,12.05351448059082,-0.039216335862874985,3.1012775957295604,-3.831628948344582e-05,-2.9460511216603327e-05,0.0,-0.0,0.0,-0.0006595759885385633,-0.0011343124974519015,0,0,True,0.0,0.0
986.52,12.05351448059082,-0.039216335862874985,3.1012775957295604,-3.831628948344582e-05,-2.9460511216603327e-05,0.0,-0.0,0.0,-0.0006595759885385633,-0.0011343124974519015,0,0,True,0.0,0.0
986.54,12.05351448059082,-0.039216335862874985,3.1012775957295604,-3.831628948344582e-05,-2.9460511216603327e-05,0.0,-0.0,0.0,-0.0006595759885385633,-0.0011343124974519015,0,0,True,0.0,0.0
986.56,12.05351448059082,-0.039216335862874985,3.1012775957295604,-3.831628948344582e-05,-2.9460511216603327e-05,0.0,-0.0,0.0,-0.0006595759885385633,-0.0011343124974519015,-0.01,0,True,0.0,0.0
986.58,12.05351448059082,-0.039216335862874985,3.1012775957295604,-3.831628948344582e-05,-2.9460511216603327e-05,0.0,-0.0,0.0,-0.0006595759885385633,-0.0011343124974519015,-0.01,0,True,0.0,0.0
986.6,12.05351448059082,-0.039216335862874985,3.1012775957295604,-3.831628948344582e-05,-2.9460511216603327e-05,0.0,-0.0,0.0,-0.0006595759885385633,-0.0011343124974519015,-0.01,0,True,-0.011005723708608358,-0.002678771219983789
986.62,12.05351448059082,-0.039216335862874985,3.1012775957295604,-3.831628948344582e-05,-2.9460511216603327e-05,0.0,-0.0,0.0,-0.0006595759885385633,-0.0011343124974519015,-0.01,0,True,-0.016852899730867555,-0.0013502326443043209
986.64,12.05351448059082,-0.039216335862874985,3.1012775957295604,-3.831628948344582e-05,-2.9460511216603327e-05,-0.0008804578966891191,-5.9702428145062845e-05,-0.00021430169759881275,-0.0006595759885385633,-0.0011343124974519015,-0.01,0,True,-0.019382277176799252,-0.0015322213561825275
986.66,12.05351448059082,-0.039216335862874985,3.1012775957295604,-3.831628948344582e-05,-2.9460511216603327e-05,-0.001348231978468178,1.7742990369479345e-06,-0.00010801861154424743,-0.0006595759885385633,-0.0011343124974519015,-0.01,0,True,-0.018335586483140456,-0.0016090014807995845
986.68,12.053585052490234,-0.03921440243721008,3.1012604515937525,-4.75425398288965e-05,-2.9056508810322835e-05,-0.0015505821741425298,-9.909773266701589e-06,-0.0001225777084944907,-0.0006595759885385633,-0.0011343124974519015,-0.01,0,True,0.011682524205358563,-0.004254891308999753
986.7,12.053622245788574,-0.03922082483768463,3.101268954240637,-1.2318151570988438e-05,-3.0679799516304665e-05,-0.001466846918651987,-1.5373001694446277e-05,-0.0001287201184640326,-0.0038843972794711593,-0.004339624159038068,-0.01,0,True,0.03478475925406405,-0.012840139375781911
986.72,12.053638458251953,-0.03922054544091225,3.101267789512881,-4.7698908026659815e-06,-2.5778958780066204e-05,5.414403974004414e-05,-0.00015915856420890029,-0.0005546930023189672,-0.0022767792828381063,-0.002885019406676293,-0.01,0,True,0.052022942878480256,-0.008576832468276712
986.74,12.053631782531738,-0.03921983763575554,3.1012672981200833,5.812134311496493e-06,-3.3500486247739726e-05,0.00143454876185837,-0.00036691553818088147,-0.0011352297616073258,-0.000953738633543253,-0.0015202132612466813,-0.01,0,True,0.06898006197827158,-0.005522602601478721
986.76,12.053581237792969,-0.03920150548219681,3.101216076153567,2.1931817043226096e-05,-0.00012003471406171733,0.0026112532561380205,-0.00025671635813260494,-0.0008087243059569788,-0.00021407750435173514,-0.0007927912240847946,-0.01,0,True,0.05807273851112146,0.007447515062364484
986.78,12.053508758544922,-0.03918686881661415,3.1011781358597084,7.685037044743206e-05,-0.0001685157159536445,0.004051558039604721,-0.000174608610737292,-0.0005705283265819284,0.002816445026546717,-0.00019615619443356992,-0.01,0,True,0.037396280482983484,0.025165654910641568
986.8,12.053430557250977,-0.0391915924847126,3.1012030915684043,0.00010065296370412797,-0.00020032783586879105,0.004699963120625536,1.7730458545913108e-05,4.110820266964971e-05,0.0024786992184817795,0.0011942187743261457,-0.01,0,True,0.01723600982107216,0.004626576404496902
986.82,12.053308486938477,-0.03919278457760811,3.1012216558539567,0.0001155076709711302,-0.00020260632077346362,0.004426251200498579,0.0002958588224421958,0.0008780226312450295,0.004377426207065583,0.0032973118871450426,-0.01,0,True,-0.020658893884995137,-0.06436038819775913
986.84,12.053205490112305,-0.03918774053454399,3.1012193648097806,0.00021713141600679273,-0.00016318388388102912,0.003990134041824499,-0.00013111853330376806,-0.0004385981935970372,0.004491476714611054,0.0035187302716076377,-0.01,0,True,-0.04491832239416316,0.01438869973281
986.86,12.053153991699219,-0.03919622674584389,3.101248377670208,0.00037375505003747343,-0.0001137565666432893,0.0023988465288042643,0.0005715877400025457,-0.005719359382405293,0.0037919173017144205,0.002681152690201998,-0.01,0,True,-0.06498998650053195,-0.06055271929465334
986.88,12.053112030029297,-0.03916822746396065,3.1011680037129166,0.00014085115480736766,-0.00023891295934820567,0.0011064973290906455,0.00037051752521130674,0.0011922041812950385,0.0035112638957798484,0.0014697502925992013,-0.01,0,True,-0.0838193188779191,-0.026498869005475146
986.9,12.053114891052246,-0.03923073410987854,3.1007641071033647,0.00031234392546390546,-0.0001464088669597001,-0.0007729477195392487,0.0011055853371096324,-0.003966194912322832,0.0038687152042984965,0.0008909857552498579,-0.01,0,True,-0.08780141278527984,0.1013485442556673
986.92,12.053115844726562,-0.03921378031373024,3.101314741144284,7.17971718380691e-05,-0.0002443358678095593,-0.0027154114684029306,0.001954051771161673,-0.002558507714033121,0.0009649442601948978,-0.0058082035928964625,-0.01,0,True,-0.06570486576358402,-0.04489980185808395
986.94,12.05321216583252,-0.03928712382912636,3.100931082077222,0.00018542380766167527,-0.0002527594706920911,-0.004625266494021716,0.0004911350650587577,0.00238852415805224,0.000687311552464962,-0.0021926721185445788,-0.01,0,True,-0.03182910973446103,0.02771978304339948
986.96,12.053322792053223,-0.039333172142505646,3.100963323095794,0.00029715045800370683,-0.00039795329444384484,-0.004149891931998765,-0.0006366102467412921,-0.002399779967353515,-0.0036239186301827435,-0.003550212159752846,-0.01,0,True,0.018046103761503576,0.004327857492337338
986.98,12.053483009338379,-0.03928503394126892,3.100955189036009,0.0005945046304631619,-0.00016306810537899873,-0.003319276498297434,0.0006488349648091357,-0.001748612268849739,-0.007001083604991436,-0.007100500464439392,-0.01,0,True,0.08010712555304024,-0.08068375554403537
987.0,12.053449630737305,-0.03917637839913368,3.1011227587468957,0.00012940291850421453,-0.00034367988686319654,-0.001271723167481906,0.00017458278262192338,-0.002212279114645957,-0.00510480146855116,-0.007309510745108128,-0.01,0,True,0.07986614856681862,0.019732999752283348
987.02,12.053475379943848,-0.03934977576136589,3.100791193095714,0.0002313505038051132,-7.481724783047436e-05,0.001783303550215674,-0.0007218120304461832,-0.004066176285464719,0.0031639675050973894,-0.0012843525037169459,-0.01,0,True,0.08386182208421654,0.011984226384980947
987.04,12.053423881530762,-0.039351243525743484,3.1007863407666223,0.0002492557914113101,-8.000924507241717e-06,0.0022393999533409136,-0.0002039962127603244,-0.0008211399871722831,0.002936920262873173,-0.00026634624227881435,-0.01,0,True,0.05023029362758202,0.01853823837801673
987.06,12.053342819213867,-0.039221517741680145,3.100629894933172,0.0003414614976384837,-4.259985054839359e-05,0.003389669268433787,-0.0011957058772350492,-0.0007898741580521352,0.004677505306899548,0.0016378460032865406,-0.01,0,True,-0.0014359299308409196,0.06615661448980859
987.08,12.053271293640137,-0.03915276378393173,3.101057067547922,1.2069450326710908e-05,-0.00011289462008474461,0.002746700322726712,-0.0012415725594703303,-0.0007292200444038598,0.002705454267561436,0.002470173723995686,-0.01,0,True,-0.018742554595615427,-0.041152060293484394
987.1,12.053208351135254,-0.03924309462308884,3.10072800316307,0.00010828696720679183,-0.0002731474705993321,0.0016684291557483417,0.00033815412343295555,0.0012263528737226747,0.0049698656052351,0.0022633128426969053,-0.01,0,True,-0.04237086585540066,0.009873426975646638
987.12,12.053208351135254,-0.03924309462308884,3.10072800316307,0.00010828696720679183,-0.0002731474705993321,0.0007399955856909122,0.001160335433451154,-0.0041133048106527185,0.0003622713871300221,-4.526183940470219e-05,-0.01,0,True,-0.03433375403411513,0.009115250555056537
987.14,12.053208351135254,-0.03924309462308884,3.10072800316307,0.00010828696720679183,-0.0002731474705993321,0.0,-0.0,0.0,-0.0009393172198906541,-0.0024192305468022824,-0.01,0,True,-0.020855364446873238,-0.015329410921547377
987.16,12.053208351135254,-0.03924309462308884,3.10072800316307,0.00010828696720679183,-0.0002731474705993321,0.0,-0.0,0.0,-0.0009393172198906541,-0.0024192305468022824,-0.01,0,True,-0.00924994482113167,0.05141631013313268
987.18,12.053208351135254,-0.03924309462308884,3.10072800316307,0.00010828696720679183,-0.0002731474705993321,0.0,-0.0,0.0,-0.0009393172198906541,-0.0024192305468022824,-0.01,0,True,0.0,0.0
987.2,12.053208351135254,-0.03924309462308884,3.10072800316307,0.00010828696720679183,-0.0002731474705993321,0.0,-0.0,0.0,-0.0009393172198906541,-0.0024192305468022824,-0.01,0,True,0.0,0.0
987.22,12.053208351135254,-0.03924309462308884,3.10072800316307,0.00010828696720679183,-0.0002731474705993321,0.0,-0.0,0.0,-0.0009393172198906541,-0.0024192305468022824,-0.01,0,True,0.0,0.0
987.24,12.053208351135254,-0.03924309462308884,3.10072800316307,0.00010828696720679183,-0.0002731474705993321,0.0,-0.0,0.0,-0.0009393172198906541,-0.0024192305468022824,-0.01,0,True,0.0,0.0
987.26,12.053208351135254,-0.03924309462308884,3.10072800316307,0.00010828696720679183,-0.0002731474705993321,0.0,-0.0,0.0,-0.0009393172198906541,-0.0024192305468022824,-0.01,0,True,0.0,0.0
987.28,12.053208351135254,-0.03924309462308884,3.10072800316307,0.00010828696720679183,-0.0002731474705993321,0.0,-0.0,0.0,-0.0009393172198906541,-0.0024192305468022824,-0.01,0,True,0.0,0.0
987.3,12.053208351135254,-0.03924309462308884,3.10072800316307,0.00010828696720679183,-0.0002731474705993321,0.0,-0.0,0.0,-0.0009393172198906541,-0.0024192305468022824,-0.01,0,True,0.0,0.0
987.32,12.053208351135254,-0.03924309462308884,3.10072800316307,0.00010828696720679183,-0.0002731474705993321,0.0,-0.0,0.0,-0.0009393172198906541,-0.0024192305468022824,-0.01,0,True,0.0,0.0
987.34,12.053208351135254,-0.03924309462308884,3.10072800316307,0.00010828696720679183,-0.0002731474705993321,0.0,-0.0,0.0,-0.0009393172198906541,-0.0024192305468022824,-0.01,0,True,0.0,0.0
987.36,12.053208351135254,-0.03924309462308884,3.10072800316307,0.00010828696720679183,-0.0002731474705993321,0.0,-0.0,0.0,-0.0009393172198906541,-0.0024192305468022824,-0.01,0,True,0.0,0.0
987.38,12.053208351135254,-0.03924309462308884,3.10072800316307,0.00010828696720679183,-0.0002731474705993321,0.0,-0.0,0.0,-0.0009393172198906541,-0.0024192305468022824,-0.01,0,True,0.0,0.0
987.4,12.053208351135254,-0.03924309462308884,3.10072800316307,0.00010828696720679183,-0.0002731474705993321,0.0,-0.0,0.0,-0.0009393172198906541,-0.0024192305468022824,-0.01,0,True,0.0,0.0
987.42,12.053208351135254,-0.03924309462308884,3.10072800316307,0.00010828696720679183,-0.0002731474705993321,0.0,-0.0,0.0,-0.0009393172198906541,-0.0024192305468022824,-0.01,0,True,0.0,0.0
987.44,12.053208351135254,-0.03924309462308884,3.10072800316307,0.00010828696720679183,-0.0002731474705993321,0.0,-0.0,0.0,-0.0009393172198906541,-0.0024192305468022824,-0.01,0,True,0.0,0.0
987.46,12.053208351135254,-0.03924309462308884,3.10072800316307,0.00010828696720679183,-0.0002731474705993321,0.0,-0.0,0.0,-0.0009393172198906541,-0.0024192305468022824,-0.01,0,True,0.0,0.0
987.48,12.053208351135254,-0.03924309462308884,3.10072800316307,0.00010828696720679183,-0.0002731474705993321,0.0,-0.0,0.0,-0.0009393172198906541,-0.0024192305468022824,-0.01,0,True,0.0,0.0
987.5,12.053208351135254,-0.03924309462308884,3.10072800316307,0.00010828696720679183,-0.0002731474705993321,0.0,-0.0,0.0,-0.0009393172198906541,-0.0024192305468022824,-0.01,0,True,0.0,0.0
987.52,12.053208351135254,-0.03924309462308884,3.10072800316307,0.00010828696720679183,-0.0002731474705993321,0.0,-0.0,0.0,-0.0009393172198906541,-0.0024192305468022824,-0.01,0,True,0.0,0.0
987.54,12.053208351135254,-0.03924309462308884,3.10072800316307,0.00010828696720679183,-0.0002731474705993321,0.0,-0.0,0.0,-0.0009393172198906541,-0.0024192305468022824,-0.01,0,True,0.0,0.0
987.56,12.053208351135254,-0.03924309462308884,3.10072800316307,0.00010828696720679183,-0.0002731474705993321,0.0,-0.0,0.0,-0.0009393172198906541,-0.0024192305468022824,-0.01,0,True,0.0,0.0
987.58,12.053208351135254,-0.03924309462308884,3.10072800316307,0.00010828696720679183,-0.0002731474705993321,0.0,-0.0,0.0,-0.0009393172198906541,-0.0024192305468022824,-0.01,0,True,0.0,0.0
987.6,12.053208351135254,-0.03924309462308884,3.10072800316307,0.00010828696720679183,-0.0002731474705993321,0.0,-0.0,0.0,-0.0009393172198906541,-0.0024192305468022824,-0.01,0,True,0.0,0.0
987.62,12.053208351135254,-0.03924309462308884,3.10072800316307,0.00010828696720679183,-0.0002731474705993321,0.0,-0.0,0.0,-0.0009393172198906541,-0.0024192305468022824,-0.01,0,True,0.0,0.0
987.64,12.053208351135254,-0.03924309462308884,3.10072800316307,0.00010828696720679183,-0.0002731474705993321,0.0,-0.0,0.0,-0.0009393172198906541,-0.0024192305468022824,-0.01,0,True,0.0,0.0
987.66,12.053208351135254,-0.03924309462308884,3.10072800316307,0.00010828696720679183,-0.0002731474705993321,0.0,-0.0,0.0,-0.0009393172198906541,-0.0024192305468022824,-0.01,0,True,0.0,0.0
987.68,12.053208351135254,-0.03924309462308884,3.10072800316307,0.00010828696720679183,-0.0002731474705993321,0.0,-0.0,0.0,-0.0009393172198906541,-0.0024192305468022824,-0.01,0,True,0.0,0.0
987.7,12.053208351135254,-0.03924309462308884,3.10072800316307,0.00010828696720679183,-0.0002731474705993321,0.0,-0.0,0.0,-0.0009393172198906541,-0.0024192305468022824,-0.01,0,True,0.0,0.0
987.72,12.053208351135254,-0.03924309462308884,3.10072800316307,0.00010828696720679183,-0.0002731474705993321,0.0,-0.0,0.0,-0.0009393172198906541,-0.0024192305468022824,-0.01,0,True,0.0,0.0
987.74,12.053208351135254,-0.03924309462308884,3.10072800316307,0.00010828696720679183,-0.0002731474705993321,0.0,-0.0,0.0,-0.0009393172198906541,-0.0024192305468022824,-0.01,0,True,0.0,0.0
987.76,12.053208351135254,-0.03924309462308884,3.10072800316307,0.00010828696720679183,-0.0002731474705993321,0.0,-0.0,0.0,-0.0009393172198906541,-0.0024192305468022824,-0.01,0,True,0.0,0.0
987.78,12.053208351135254,-0.03924309462308884,3.10072800316307,0.00010828696720679183,-0.0002731474705993321,0.0,-0.0,0.0,-0.0009393172198906541,-0.0024192305468022824,-0.01,0,True,0.0,0.0
987.8,12.053208351135254,-0.03924309462308884,3.10072800316307,0.00010828696720679183,-0.0002731474705993321,0.0,-0.0,0.0,-0.0009393172198906541,-0.0024192305468022824,-0.01,0,True,0.0,0.0
987.82,12.053208351135254,-0.03924309462308884,3.10072800316307,0.00010828696720679183,-0.0002731474705993321,0.0,-0.0,0.0,-0.0009393172198906541,-0.0024192305468022824,-0.01,0,True,0.0,0.0
987.84,12.053208351135254,-0.03924309462308884,3.10072800316307,0.00010828696720679183,-0.0002731474705993321,0.0,-0.0,0.0,-0.0009393172198906541,-0.0024192305468022824,-0.01,0,True,0.0,0.0
987.86,12.053208351135254,-0.03924309462308884,3.10072800316307,0.00010828696720679183,-0.0002731474705993321,0.0,-0.0,0.0,-0.0009393172198906541,-0.0024192305468022824,-0.01,0,True,0.0,0.0
987.88,12.053208351135254,-0.03924309462308884,3.10072800316307,0.00010828696720679183,-0.0002731474705993321,0.0,-0.0,0.0,-0.0009393172198906541,-0.0024192305468022824,-0.01,0,True,0.0,0.0
987.9,12.053208351135254,-0.03924309462308884,3.10072800316307,0.00010828696720679183,-0.0002731474705993321,0.0,-0.0,0.0,-0.0009393172198906541,-0.0024192305468022824,-0.01,0,True,0.0,0.0
987.92,12.053208351135254,-0.03924309462308884,3.10072800316307,0.00010828696720679183,-0.0002731474705993321,0.0,-0.0,0.0,-0.0009393172198906541,-0.0024192305468022824,-0.01,0,True,0.0,0.0
987.94,12.053208351135254,-0.03924309462308884,3.10072800316307,0.00010828696720679183,-0.0002731474705993321,0.0,-0.0,0.0,-0.0009393172198906541,-0.0024192305468022824,-0.01,0,True,0.0,0.0
987.96,12.053208351135254,-0.03924309462308884,3.10072800316307,0.00010828696720679183,-0.0002731474705993321,0.0,-0.0,0.0,-0.0009393172198906541,-0.0024192305468022824,-0.01,0,True,0.0,0.0
987.98,12.053208351135254,-0.03924309462308884,3.10072800316307,0.00010828696720679183,-0.0002731474705993321,0.0,-0.0,0.0,-0.0009393172198906541,-0.0024192305468022824,-0.01,0,True,0.0,0.0
988.0,12.053208351135254,-0.03924309462308884,3.10072800316307,0.00010828696720679183,-0.0002731474705993321,0.0,-0.0,0.0,-0.0009393172198906541,-0.0024192305468022824,-0.01,0,True,0.0,0.0
988.02,12.053208351135254,-0.03924309462308884,3.10072800316307,0.00010828696720679183,-0.0002731474705993321,0.0,-0.0,0.0,-0.0009393172198906541,-0.0024192305468022824,-0.01,0,True,0.0,0.0
988.04,12.053208351135254,-0.03924309462308884,3.10072800316307,0.00010828696720679183,-0.0002731474705993321,0.0,-0.0,0.0,-0.0009393172198906541,-0.0024192305468022824,-0.01,0,True,0.0,0.0
988.06,12.053208351135254,-0.03924309462308884,3.10072800316307,0.00010828696720679183,-0.0002731474705993321,0.0,-0.0,0.0,-0.0009393172198906541,-0.0024192305468022824,-0.01,0,True,0.0,0.0
988.08,12.053208351135254,-0.03924309462308884,3.10072800316307,0.00010828696720679183,-0.0002731474705993321,0.0,-0.0,0.0,-0.0009393172198906541,-0.0024192305468022824,-0.01,0,True,0.0,0.0
988.1,12.053208351135254,-0.03924309462308884,3.10072800316307,0.00010828696720679183,-0.0002731474705993321,0.0,-0.0,0.0,-0.0009393172198906541,-0.0024192305468022824,-0.01,0,True,0.0,0.0
988.12,12.053208351135254,-0.03924309462308884,3.10072800316307,0.00010828696720679183,-0.0002731474705993321,0.0,-0.0,0.0,-0.0009393172198906541,-0.0024192305468022824,-0.01,0,True,0.0,0.0
988.14,12.053208351135254,-0.03924309462308884,3.10072800316307,0.00010828696720679183,-0.0002731474705993321,0.0,-0.0,0.0,-0.0009393172198906541,-0.0024192305468022824,-0.01,0,True,0.0,0.0
988.16,12.053208351135254,-0.03924309462308884,3.10072800316307,0.00010828696720679183,-0.0002731474705993321,0.0,-0.0,0.0,-0.0009393172198906541,-0.0024192305468022824,-0.01,0,True,0.0,0.0
988.18,12.053208351135254,-0.03924309462308884,3.10072800316307,0.00010828696720679183,-0.0002731474705993321,0.0,-0.0,0.0,-0.0009393172198906541,-0.0024192305468022824,-0.01,0,True,0.0,0.0
988.2,12.053208351135254,-0.03924309462308884,3.10072800316307,0.00010828696720679183,-0.0002731474705993321,0.0,-0.0,0.0,-0.0009393172198906541,-0.0024192305468022824,-0.01,0,True,0.0,0.0
988.22,12.053208351135254,-0.03924309462308884,3.10072800316307,0.00010828696720679183,-0.0002731474705993321,0.0,-0.0,0.0,-0.0009393172198906541,-0.0024192305468022824,-0.01,0,True,0.0,0.0
988.24,12.053208351135254,-0.03924309462308884,3.10072800316307,0.00010828696720679183,-0.0002731474705993321,0.0,-0.0,0.0,-0.0009393172198906541,-0.0024192305468022824,-0.01,0,True,0.0,0.0
988.26,12.053208351135254,-0.03924309462308884,3.10072800316307,0.00010828696720679183,-0.0002731474705993321,0.0,-0.0,0.0,-0.0009393172198906541,-0.0024192305468022824,-0.01,0,True,0.0,0.0
988.28,12.053208351135254,-0.03924309462308884,3.10072800316307,0.00010828696720679183,-0.0002731474705993321,0.0,-0.0,0.0,-0.0009393172198906541,-0.0024192305468022824,-0.01,0,True,0.0,0.0
988.3,12.053208351135254,-0.03924309462308884,3.10072800316307,0.00010828696720679183,-0.0002731474705993321,0.0,-0.0,0.0,-0.0009393172198906541,-0.0024192305468022824,-0.01,0,True,0.0,0.0
988.32,12.053208351135254,-0.03924309462308884,3.10072800316307,0.00010828696720679183,-0.0002731474705993321,0.0,-0.0,0.0,-0.0009393172198906541,-0.0024192305468022824,-0.01,0,True,0.0,0.0
988.34,12.053208351135254,-0.03924309462308884,3.10072800316307,0.00010828696720679183,-0.0002731474705993321,0.0,-0.0,0.0,-0.0009393172198906541,-0.0024192305468022824,-0.01,0,True,0.0,0.0
988.36,12.053208351135254,-0.03924309462308884,3.10072800316307,0.00010828696720679183,-0.0002731474705993321,0.0,-0.0,0.0,-0.0009393172198906541,-0.0024192305468022824,-0.01,0,True,0.0,0.0
988.38,12.053208351135254,-0.03924309462308884,3.10072800316307,0.00010828696720679183,-0.0002731474705993321,0.0,-0.0,0.0,-0.0009393172198906541,-0.0024192305468022824,-0.01,0,True,0.0,0.0
988.4,12.053208351135254,-0.03924309462308884,3.10072800316307,0.00010828696720679183,-0.0002731474705993321,0.0,-0.0,0.0,-0.0009393172198906541,-0.0024192305468022824,-0.01,0,True,0.0,0.0
988.42,12.053208351135254,-0.03924309462308884,3.10072800316307,0.00010828696720679183,-0.0002731474705993321,0.0,-0.0,0.0,-0.0009393172198906541,-0.0024192305468022824,-0.01,0,True,0.0,0.0
988.44,12.053208351135254,-0.03924309462308884,3.10072800316307,0.00010828696720679183,-0.0002731474705993321,0.0,-0.0,0.0,-0.0009393172198906541,-0.0024192305468022824,-0.01,0,True,0.0,0.0
988.46,12.053208351135254,-0.03924309462308884,3.10072800316307,0.00010828696720679183,-0.0002731474705993321,0.0,-0.0,0.0,-0.0009393172198906541,-0.0024192305468022824,-0.01,0,True,0.0,0.0
988.48,12.053208351135254,-0.03924309462308884,3.10072800316307,0.00010828696720679183,-0.0002731474705993321,0.0,-0.0,0.0,-0.0009393172198906541,-0.0024192305468022824,-0.01,0,True,0.0,0.0
988.5,12.053208351135254,-0.03924309462308884,3.10072800316307,0.00010828696720679183,-0.0002731474705993321,0.0,-0.0,0.0,-0.0009393172198906541,-0.0024192305468022824,-0.01,0,True,0.0,0.0
988.52,12.053208351135254,-0.03924309462308884,3.10072800316307,0.00010828696720679183,-0.0002731474705993321,0.0,-0.0,0.0,-0.0009393172198906541,-0.0024192305468022824,-0.01,0,True,0.0,0.0
988.54,12.053208351135254,-0.03924309462308884,3.10072800316307,0.00010828696720679183,-0.0002731474705993321,0.0,-0.0,0.0,-0.0009393172198906541,-0.0024192305468022824,-0.01,0,True,0.0,0.0
988.56,12.053208351135254,-0.03924309462308884,3.10072800316307,0.00010828696720679183,-0.0002731474705993321,0.0,-0.0,0.0,-0.0009393172198906541,-0.0024192305468022824,-0.01,0,True,0.0,0.0
988.58,12.053208351135254,-0.03924309462308884,3.10072800316307,0.00010828696720679183,-0.0002731474705993321,0.0,-0.0,0.0,-0.0009393172198906541,-0.0024192305468022824,-0.01,0,True,0.0,0.0
988.6,12.053208351135254,-0.03924309462308884,3.10072800316307,0.00010828696720679183,-0.0002731474705993321,0.0,-0.0,0.0,-0.0009393172198906541,-0.0024192305468022824,-0.01,0,True,0.0,0.0
988.62,12.053208351135254,-0.03924309462308884,3.10072800316307,0.00010828696720679183,-0.0002731474705993321,0.0,-0.0,0.0,-0.0009393172198906541,-0.0024192305468022824,-0.01,0,True,0.0,0.0
988.64,12.053208351135254,-0.03924309462308884,3.10072800316307,0.00010828696720679183,-0.0002731474705993321,0.0,-0.0,0.0,-0.0009393172198906541,-0.0024192305468022824,-0.01,0,True,0.0,0.0
988.66,12.053208351135254,-0.03924309462308884,3.10072800316307,0.00010828696720679183,-0.0002731474705993321,0.0,-0.0,0.0,-0.0009393172198906541,-0.0024192305468022824,-0.01,0,True,0.0,0.0
988.68,12.053208351135254,-0.03924309462308884,3.10072800316307,0.00010828696720679183,-0.0002731474705993321,0.0,-0.0,0.0,-0.0009393172198906541,-0.0024192305468022824,-0.01,0,True,0.0,0.0
988.7,12.053208351135254,-0.03924309462308884,3.10072800316307,0.00010828696720679183,-0.0002731474705993321,0.0,-0.0,0.0,-0.0009393172198906541,-0.0024192305468022824,-0.01,0,True,0.0,0.0
988.72,12.053208351135254,-0.03924309462308884,3.10072800316307,0.00010828696720679183,-0.0002731474705993321,0.0,-0.0,0.0,-0.0009393172198906541,-0.0024192305468022824,-0.01,0,True,0.0,0.0
988.74,12.053208351135254,-0.03924309462308884,3.10072800316307,0.00010828696720679183,-0.0002731474705993321,0.0,-0.0,0.0,-0.0009393172198906541,-0.0024192305468022824,-0.01,0,True,0.0,0.0
988.76,12.053208351135254,-0.03924309462308884,3.10072800316307,0.00010828696720679183,-0.0002731474705993321,0.0,-0.0,0.0,-0.0009393172198906541,-0.0024192305468022824,-0.01,0,True,0.0,0.0
988.78,12.053208351135254,-0.03924309462308884,3.10072800316307,0.00010828696720679183,-0.0002731474705993321,0.0,-0.0,0.0,-0.0009393172198906541,-0.0024192305468022824,-0.01,0,True,0.0,0.0
988.8,12.053208351135254,-0.03924309462308884,3.10072800316307,0.00010828696720679183,-0.0002731474705993321,0.0,-0.0,0.0,-0.0009393172198906541,-0.0024192305468022824,-0.01,0,True,0.0,0.0
988.82,12.053208351135254,-0.03924309462308884,3.10072800316307,0.00010828696720679183,-0.0002731474705993321,0.0,-0.0,0.0,-0.0009393172198906541,-0.0024192305468022824,-0.01,0,True,0.0,0.0
988.84,12.053208351135254,-0.03924309462308884,3.10072800316307,0.00010828696720679183,-0.0002731474705993321,0.0,-0.0,0.0,-0.0009393172198906541,-0.0024192305468022824,-0.01,0,True,0.0,0.0
988.86,12.053208351135254,-0.03924309462308884,3.10072800316307,0.00010828696720679183,-0.0002731474705993321,0.0,-0.0,0.0,-0.0009393172198906541,-0.0024192305468022824,-0.01,0,True,0.0,0.0
988.88,12.053208351135254,-0.03924309462308884,3.10072800316307,0.00010828696720679183,-0.0002731474705993321,0.0,-0.0,0.0,-0.0009393172198906541,-0.0024192305468022824,-0.01,0,True,0.0,0.0
988.9,12.053208351135254,-0.03924309462308884,3.10072800316307,0.00010828696720679183,-0.0002731474705993321,0.0,-0.0,0.0,-0.0009393172198906541,-0.0024192305468022824,-0.01,0,True,0.0,0.0
988.92,12.053208351135254,-0.03924309462308884,3.10072800316307,0.00010828696720679183,-0.0002731474705993321,0.0,-0.0,0.0,-0.0009393172198906541,-0.0024192305468022824,-0.01,0,True,0.0,0.0
988.94,12.053208351135254,-0.03924309462308884,3.10072800316307,0.00010828696720679183,-0.0002731474705993321,0.0,-0.0,0.0,-0.0009393172198906541,-0.0024192305468022824,-0.01,0,True,0.0,0.0
988.96,12.053208351135254,-0.03924309462308884,3.10072800316307,0.00010828696720679183,-0.0002731474705993321,0.0,-0.0,0.0,-0.0009393172198906541,-0.0024192305468022824,-0.01,0,True,0.0,0.0
988.98,12.053208351135254,-0.03924309462308884,3.10072800316307,0.00010828696720679183,-0.0002731474705993321,0.0,-0.0,0.0,-0.0009393172198906541,-0.0024192305468022824,-0.01,0,True,0.0,0.0
989.0,12.053208351135254,-0.03924309462308884,3.10072800316307,0.00010828696720679183,-0.0002731474705993321,0.0,-0.0,0.0,-0.0009393172198906541,-0.0024192305468022824,-0.01,0,True,0.0,0.0
989.02,12.053208351135254,-0.03924309462308884,3.10072800316307,0.00010828696720679183,-0.0002731474705993321,0.0,-0.0,0.0,-0.0009393172198906541,-0.0024192305468022824,-0.01,0,True,0.0,0.0
989.04,12.053208351135254,-0.03924309462308884,3.10072800316307,0.00010828696720679183,-0.0002731474705993321,0.0,-0.0,0.0,-0.0009393172198906541,-0.0024192305468022824,-0.01,0,True,0.0,0.0
989.06,12.053208351135254,-0.03924309462308884,3.10072800316307,0.00010828696720679183,-0.0002731474705993321,0.0,-0.0,0.0,-0.0009393172198906541,-0.0024192305468022824,-0.01,0,True,0.0,0.0
989.08,12.053208351135254,-0.03924309462308884,3.10072800316307,0.00010828696720679183,-0.0002731474705993321,0.0,-0.0,0.0,-0.0009393172198906541,-0.0024192305468022824,-0.01,0,True,0.0,0.0
989.1,12.053208351135254,-0.03924309462308884,3.10072800316307,0.00010828696720679183,-0.0002731474705993321,0.0,-0.0,0.0,-0.0009393172198906541,-0.0024192305468022824,-0.01,0,True,0.0,0.0
989.12,12.053208351135254,-0.03924309462308884,3.10072800316307,0.00010828696720679183,-0.0002731474705993321,0.0,-0.0,0.0,-0.0009393172198906541,-0.0024192305468022824,-0.01,0,True,0.0,0.0
989.14,12.053208351135254,-0.03924309462308884,3.10072800316307,0.00010828696720679183,-0.0002731474705993321,0.0,-0.0,0.0,-0.0009393172198906541,-0.0024192305468022824,-0.01,0,True,0.0,0.0
989.16,12.053208351135254,-0.03924309462308884,3.10072800316307,0.00010828696720679183,-0.0002731474705993321,0.0,-0.0,0.0,-0.0009393172198906541,-0.0024192305468022824,-0.01,0,True,0.0,0.0
989.18,12.053208351135254,-0.03924309462308884,3.10072800316307,0.00010828696720679183,-0.0002731474705993321,0.0,-0.0,0.0,-0.0009393172198906541,-0.0024192305468022824,-0.01,0,True,0.0,0.0
989.2,12.053208351135254,-0.03924309462308884,3.10072800316307,0.00010828696720679183,-0.0002731474705993321,0.0,-0.0,0.0,-0.0009393172198906541,-0.0024192305468022824,-0.01,0,True,0.0,0.0
989.22,12.053208351135254,-0.03924309462308884,3.10072800316307,0.00010828696720679183,-0.0002731474705993321,0.0,-0.0,0.0,-0.0009393172198906541,-0.0024192305468022824,-0.01,0,True,0.0,0.0
989.24,12.053208351135254,-0.03924309462308884,3.10072800316307,0.00010828696720679183,-0.0002731474705993321,0.0,-0.0,0.0,-0.0009393172198906541,-0.0024192305468022824,-0.01,0,True,0.0,0.0
989.26,12.053208351135254,-0.03924309462308884,3.10072800316307,0.00010828696720679183,-0.0002731474705993321,0.0,-0.0,0.0,-0.0009393172198906541,-0.0024192305468022824,-0.01,0,True,0.0,0.0
989.28,12.053208351135254,-0.03924309462308884,3.10072800316307,0.00010828696720679183,-0.0002731474705993321,0.0,-0.0,0.0,-0.0009393172198906541,-0.0024192305468022824,-0.01,0,True,0.0,0.0
989.3,12.053208351135254,-0.03924309462308884,3.10072800316307,0.00010828696720679183,-0.0002731474705993321,0.0,-0.0,0.0,-0.0009393172198906541,-0.0024192305468022824,-0.01,0,True,0.0,0.0
989.32,12.053208351135254,-0.03924309462308884,3.10072800316307,0.00010828696720679183,-0.0002731474705993321,0.0,-0.0,0.0,-0.0009393172198906541,-0.0024192305468022824,-0.01,0,True,0.0,0.0
989.34,12.053208351135254,-0.03924309462308884,3.10072800316307,0.00010828696720679183,-0.0002731474705993321,0.0,-0.0,0.0,-0.0009393172198906541,-0.0024192305468022824,-0.01,0,True,0.0,0.0
989.36,12.053208351135254,-0.03924309462308884,3.10072800316307,0.00010828696720679183,-0.0002731474705993321,0.0,-0.0,0.0,-0.0009393172198906541,-0.0024192305468022824,-0.01,0,True,0.0,0.0
989.38,12.053208351135254,-0.03924309462308884,3.10072800316307,0.00010828696720679183,-0.0002731474705993321,0.0,-0.0,0.0,-0.0009393172198906541,-0.0024192305468022824,-0.01,0,True,0.0,0.0
989.4,12.053208351135254,-0.03924309462308884,3.10072800316307,0.00010828696720679183,-0.0002731474705993321,0.0,-0.0,0.0,-0.0009393172198906541,-0.0024192305468022824,-0.01,0,True,0.0,0.0
989.42,12.053208351135254,-0.03924309462308884,3.10072800316307,0.00010828696720679183,-0.0002731474705993321,0.0,-0.0,0.0,-0.0009393172198906541,-0.0024192305468022824,-0.01,0,True,0.0,0.0
989.44,12.053208351135254,-0.03924309462308884,3.10072800316307,0.00010828696720679183,-0.0002731474705993321,0.0,-0.0,0.0,-0.0009393172198906541,-0.0024192305468022824,-0.01,0,True,0.0,0.0
989.46,12.053208351135254,-0.03924309462308884,3.10072800316307,0.00010828696720679183,-0.0002731474705993321,0.0,-0.0,0.0,-0.0009393172198906541,-0.0024192305468022824,-0.01,0,True,0.0,0.0
989.48,12.053208351135254,-0.03924309462308884,3.10072800316307,0.00010828696720679183,-0.0002731474705993321,0.0,-0.0,0.0,-0.0009393172198906541,-0.0024192305468022824,-0.01,0,True,0.0,0.0
989.5,12.053208351135254,-0.03924309462308884,3.10072800316307,0.00010828696720679183,-0.0002731474705993321,0.0,-0.0,0.0,-0.0009393172198906541,-0.0024192305468022824,-0.01,0,True,0.0,0.0
989.52,12.053208351135254,-0.03924309462308884,3.10072800316307,0.00010828696720679183,-0.0002731474705993321,0.0,-0.0,0.0,-0.0009393172198906541,-0.0024192305468022824,-0.01,0,True,0.0,0.0
989.54,12.053208351135254,-0.03924309462308884,3.10072800316307,0.00010828696720679183,-0.0002731474705993321,0.0,-0.0,0.0,-0.0009393172198906541,-0.0024192305468022824,-0.01,0,True,0.0,0.0
989.56,12.053208351135254,-0.03924309462308884,3.10072800316307,0.00010828696720679183,-0.0002731474705993321,0.0,-0.0,0.0,-0.0009393172198906541,-0.0024192305468022824,-0.01,0,True,0.0,0.0
989.58,12.053208351135254,-0.03924309462308884,3.10072800316307,0.00010828696720679183,-0.0002731474705993321,0.0,-0.0,0.0,-0.0009393172198906541,-0.0024192305468022824,-0.01,0,True,0.0,0.0
989.6,12.053208351135254,-0.03924309462308884,3.10072800316307,0.00010828696720679183,-0.0002731474705993321,0.0,-0.0,0.0,-0.0009393172198906541,-0.0024192305468022824,-0.01,0,True,0.0,0.0
989.62,12.053208351135254,-0.03924309462308884,3.10072800316307,0.00010828696720679183,-0.0002731474705993321,0.0,-0.0,0.0,-0.0009393172198906541,-0.0024192305468022824,-0.01,0,True,0.0,0.0
989.64,12.053208351135254,-0.03924309462308884,3.10072800316307,0.00010828696720679183,-0.0002731474705993321,0.0,-0.0,0.0,-0.0009393172198906541,-0.0024192305468022824,-0.01,0,True,0.0,0.0
989.66,12.053208351135254,-0.03924309462308884,3.10072800316307,0.00010828696720679183,-0.0002731474705993321,0.0,-0.0,0.0,-0.0009393172198906541,-0.0024192305468022824,-0.01,0,True,0.0,0.0
989.68,12.053208351135254,-0.03924309462308884,3.10072800316307,0.00010828696720679183,-0.0002731474705993321,0.0,-0.0,0.0,-0.0009393172198906541,-0.0024192305468022824,-0.01,0,True,0.0,0.0
989.7,12.053208351135254,-0.03924309462308884,3.10072800316307,0.00010828696720679183,-0.0002731474705993321,0.0,-0.0,0.0,-0.0009393172198906541,-0.0024192305468022824,-0.01,0,True,0.0,0.0
989.72,12.053208351135254,-0.03924309462308884,3.10072800316307,0.00010828696720679183,-0.0002731474705993321,0.0,-0.0,0.0,-0.0009393172198906541,-0.0024192305468022824,-0.01,0,True,0.0,0.0
989.74,12.053208351135254,-0.03924309462308884,3.10072800316307,0.00010828696720679183,-0.0002731474705993321,0.0,-0.0,0.0,-0.0009393172198906541,-0.0024192305468022824,-0.01,0,True,0.0,0.0
989.76,12.053208351135254,-0.03924309462308884,3.10072800316307,0.00010828696720679183,-0.0002731474705993321,0.0,-0.0,0.0,-0.0009393172198906541,-0.0024192305468022824,-0.01,0,True,0.0,0.0
989.78,12.053208351135254,-0.03924309462308884,3.10072800316307,0.00010828696720679183,-0.0002731474705993321,0.0,-0.0,0.0,-0.0009393172198906541,-0.0024192305468022824,-0.01,0,True,0.0,0.0
989.8,12.053208351135254,-0.03924309462308884,3.10072800316307,0.00010828696720679183,-0.0002731474705993321,0.0,-0.0,0.0,-0.0009393172198906541,-0.0024192305468022824,-0.01,0,True,0.0,0.0
989.82,12.053208351135254,-0.03924309462308884,3.10072800316307,0.00010828696720679183,-0.0002731474705993321,0.0,-0.0,0.0,-0.0009393172198906541,-0.0024192305468022824,-0.01,0,True,0.0,0.0
989.84,12.053208351135254,-0.03924309462308884,3.10072800316307,0.00010828696720679183,-0.0002731474705993321,0.0,-0.0,0.0,-0.0009393172198906541,-0.0024192305468022824,-0.01,0,True,0.0,0.0
989.86,12.053208351135254,-0.03924309462308884,3.10072800316307,0.00010828696720679183,-0.0002731474705993321,0.0,-0.0,0.0,-0.0009393172198906541,-0.0024192305468022824,-0.01,0,True,0.0,0.0
989.88,12.053208351135254,-0.03924309462308884,3.10072800316307,0.00010828696720679183,-0.0002731474705993321,0.0,-0.0,0.0,-0.0009393172198906541,-0.0024192305468022824,-0.01,0,True,0.0,0.0
989.9,12.053208351135254,-0.03924309462308884,3.10072800316307,0.00010828696720679183,-0.0002731474705993321,0.0,-0.0,0.0,-0.0009393172198906541,-0.0024192305468022824,-0.01,0,True,0.0,0.0
989.92,12.053208351135254,-0.03924309462308884,3.10072800316307,0.00010828696720679183,-0.0002731474705993321,0.0,-0.0,0.0,-0.0009393172198906541,-0.0024192305468022824,-0.01,0,True,0.0,0.0
989.94,12.053208351135254,-0.03924309462308884,3.10072800316307,0.00010828696720679183,-0.0002731474705993321,0.0,-0.0,0.0,-0.0009393172198906541,-0.0024192305468022824,-0.01,0,True,0.0,0.0
989.96,12.053208351135254,-0.03924309462308884,3.10072800316307,0.00010828696720679183,-0.0002731474705993321,0.0,-0.0,0.0,-0.0009393172198906541,-0.0024192305468022824,-0.01,0,True,0.0,0.0
989.98,12.053208351135254,-0.03924309462308884,3.10072800316307,0.00010828696720679183,-0.0002731474705993321,0.0,-0.0,0.0,-0.0009393172198906541,-0.0024192305468022824,-0.01,0,True,0.0,0.0
990.0,12.053208351135254,-0.03924309462308884,3.10072800316307,0.00010828696720679183,-0.0002731474705993321,0.0,-0.0,0.0,-0.0009393172198906541,-0.0024192305468022824,-0.01,0,True,0.0,0.0
990.02,12.053208351135254,-0.03924309462308884,3.10072800316307,0.00010828696720679183,-0.0002731474705993321,0.0,-0.0,0.0,-0.0009393172198906541,-0.0024192305468022824,-0.01,0,True,0.0,0.0
990.04,12.053208351135254,-0.03924309462308884,3.10072800316307,0.00010828696720679183,-0.0002731474705993321,0.0,-0.0,0.0,-0.0009393172198906541,-0.0024192305468022824,-0.01,0,True,0.0,0.0
990.06,12.053208351135254,-0.03924309462308884,3.10072800316307,0.00010828696720679183,-0.0002731474705993321,0.0,-0.0,0.0,-0.0009393172198906541,-0.0024192305468022824,-0.01,0,True,0.0,0.0
990.08,12.053208351135254,-0.03924309462308884,3.10072800316307,0.00010828696720679183,-0.0002731474705993321,0.0,-0.0,0.0,-0.0009393172198906541,-0.0024192305468022824,-0.01,0,True,0.0,0.0
990.1,12.053208351135254,-0.03924309462308884,3.10072800316307,0.00010828696720679183,-0.0002731474705993321,0.0,-0.0,0.0,-0.0009393172198906541,-0.0024192305468022824,-0.01,0,True,0.0,0.0
990.12,12.053208351135254,-0.03924309462308884,3.10072800316307,0.00010828696720679183,-0.0002731474705993321,0.0,-0.0,0.0,-0.0009393172198906541,-0.0024192305468022824,-0.01,0,True,0.0,0.0
990.14,12.053208351135254,-0.03924309462308884,3.10072800316307,0.00010828696720679183,-0.0002731474705993321,0.0,-0.0,0.0,-0.0009393172198906541,-0.0024192305468022824,-0.01,0,True,0.0,0.0
990.16,12.053208351135254,-0.03924309462308884,3.10072800316307,0.00010828696720679183,-0.0002731474705993321,0.0,-0.0,0.0,-0.0009393172198906541,-0.0024192305468022824,-0.01,0,True,0.0,0.0
990.18,12.053208351135254,-0.03924309462308884,3.10072800316307,0.00010828696720679183,-0.0002731474705993321,0.0,-0.0,0.0,-0.0009393172198906541,-0.0024192305468022824,-0.01,0,True,0.0,0.0
990.2,12.053208351135254,-0.03924309462308884,3.10072800316307,0.00010828696720679183,-0.0002731474705993321,0.0,-0.0,0.0,-0.0009393172198906541,-0.0024192305468022824,-0.01,0,True,0.0,0.0
990.22,12.053208351135254,-0.03924309462308884,3.10072800316307,0.00010828696720679183,-0.0002731474705993321,0.0,-0.0,0.0,-0.0009393172198906541,-0.0024192305468022824,-0.01,0,True,0.0,0.0
990.24,12.053208351135254,-0.03924309462308884,3.10072800316307,0.00010828696720679183,-0.0002731474705993321,0.0,-0.0,0.0,-0.0009393172198906541,-0.0024192305468022824,-0.01,0,True,0.0,0.0
990.26,12.053208351135254,-0.03924309462308884,3.10072800316307,0.00010828696720679183,-0.0002731474705993321,0.0,-0.0,0.0,-0.0009393172198906541,-0.0024192305468022824,-0.01,0,True,0.0,0.0
990.28,12.053208351135254,-0.03924309462308884,3.10072800316307,0.00010828696720679183,-0.0002731474705993321,0.0,-0.0,0.0,-0.0009393172198906541,-0.0024192305468022824,-0.01,0,True,0.0,0.0
990.3,12.053208351135254,-0.03924309462308884,3.10072800316307,0.00010828696720679183,-0.0002731474705993321,0.0,-0.0,0.0,-0.0009393172198906541,-0.0024192305468022824,-0.01,0,True,0.0,0.0
990.32,12.053208351135254,-0.03924309462308884,3.10072800316307,0.00010828696720679183,-0.0002731474705993321,0.0,-0.0,0.0,-0.0009393172198906541,-0.0024192305468022824,-0.01,0,True,0.0,0.0
990.34,12.053208351135254,-0.03924309462308884,3.10072800316307,0.00010828696720679183,-0.0002731474705993321,0.0,-0.0,0.0,-0.0009393172198906541,-0.0024192305468022824,-0.01,0,True,0.0,0.0
990.36,12.053208351135254,-0.03924309462308884,3.10072800316307,0.00010828696720679183,-0.0002731474705993321,0.0,-0.0,0.0,-0.0009393172198906541,-0.0024192305468022824,-0.01,0,True,0.0,0.0
990.38,12.053208351135254,-0.03924309462308884,3.10072800316307,0.00010828696720679183,-0.0002731474705993321,0.0,-0.0,0.0,-0.0009393172198906541,-0.0024192305468022824,-0.01,0,True,0.0,0.0
990.4,12.053208351135254,-0.03924309462308884,3.10072800316307,0.00010828696720679183,-0.0002731474705993321,0.0,-0.0,0.0,-0.0009393172198906541,-0.0024192305468022824,-0.01,0,True,0.0,0.0
990.42,12.053208351135254,-0.03924309462308884,3.10072800316307,0.00010828696720679183,-0.0002731474705993321,0.0,-0.0,0.0,-0.0009393172198906541,-0.0024192305468022824,-0.01,0,True,0.0,0.0
990.44,12.053208351135254,-0.03924309462308884,3.10072800316307,0.00010828696720679183,-0.0002731474705993321,0.0,-0.0,0.0,-0.0009393172198906541,-0.0024192305468022824,-0.01,0,True,0.0,0.0
990.46,12.053208351135254,-0.03924309462308884,3.10072800316307,0.00010828696720679183,-0.0002731474705993321,0.0,-0.0,0.0,-0.0009393172198906541,-0.0024192305468022824,-0.01,0,True,0.0,0.0
990.48,12.053208351135254,-0.03924309462308884,3.10072800316307,0.00010828696720679183,-0.0002731474705993321,0.0,-0.0,0.0,-0.0009393172198906541,-0.0024192305468022824,-0.01,0,True,0.0,0.0
990.5,12.053208351135254,-0.03924309462308884,3.10072800316307,0.00010828696720679183,-0.0002731474705993321,0.0,-0.0,0.0,-0.0009393172198906541,-0.0024192305468022824,-0.01,0,True,0.0,0.0
990.52,12.053208351135254,-0.03924309462308884,3.10072800316307,0.00010828696720679183,-0.0002731474705993321,0.0,-0.0,0.0,-0.0009393172198906541,-0.0024192305468022824,-0.01,0,True,0.0,0.0
990.54,12.053208351135254,-0.03924309462308884,3.10072800316307,0.00010828696720679183,-0.0002731474705993321,0.0,-0.0,0.0,-0.0009393172198906541,-0.0024192305468022824,-0.01,0,True,0.0,0.0
990.56,12.053208351135254,-0.03924309462308884,3.10072800316307,0.00010828696720679183,-0.0002731474705993321,0.0,-0.0,0.0,-0.0009393172198906541,-0.0024192305468022824,-0.01,0,True,0.0,0.0
990.58,12.053208351135254,-0.03924309462308884,3.10072800316307,0.00010828696720679183,-0.0002731474705993321,0.0,-0.0,0.0,-0.0009393172198906541,-0.0024192305468022824,0,0,True,-0.009395491497810464,0.021735846363968626
990.6,12.053208351135254,-0.03924309462308884,3.10072800316307,0.00010828696720679183,-0.0002731474705993321,0.0,-0.0,0.0,-0.0009393172198906541,-0.0024192305468022824,0,0,True,-0.0013101866096805065,0.020747620750266524
990.62,12.053208351135254,-0.03924309462308884,3.10072800316307,0.00010828696720679183,-0.0002731474705993321,-0.0007516393198252217,0.0002916344515630504,0.0017388677091183795,-0.0009393172198906541,-0.0024192305468022824,0,0,True,-0.009205263148794244,0.01941953051407759
990.64,12.053208351135254,-0.03924309462308884,3.10072800316307,0.00010828696720679183,-0.0002731474705993321,-0.00010481492877449414,0.00022911241230800538,0.001659809660022171,-0.0009393172198906541,-0.0024192305468022824,0,0,True,-0.027506916937706915,-0.010000755736945349
990.66,12.053267478942871,-0.0392688624560833,3.1008671125797993,0.0002620849731433474,8.073846218813131e-05,-0.0007364210519028697,0.00021205744831479694,0.0015535624411247943,-0.0009393172198906541,-0.0024192305468022824,0,0,True,-0.035228390833822204,-0.029385738058788344
990.68,12.053215980529785,-0.039261750876903534,3.1008607879358716,8.791360483863544e-05,-4.5919177505859084e-05,-0.0022005533550145517,-0.00045590263885165213,-0.0008000604589549002,0.0005268768500536681,-0.003212882410734892,0,0,True,-0.06986357960060839,-0.043433881354497696
990.7,12.053266525268555,-0.03926244378089905,3.10085228815836,6.524902763594621e-05,-7.799164757649757e-05,-0.0035699105865324397,-0.0002290823877393206,-0.0006119913355858908,0.00514915100298822,-0.0002946409955620766,0,0,True,-0.0799091494158481,-0.037907944193589484
990.72,12.053385734558105,-0.03921382129192352,3.1006639983263535,2.107055598464414e-05,-0.00010677663493419534,-0.005693901296826025,-0.0005130379166941345,-0.001814900848339422,-0.002096338607370854,-0.004481809306889773,0,0,True,-0.08063443964659671,0.03797961154544761
990.74,12.053553581237793,-0.039262183010578156,3.1008181532729524,5.964758787341484e-05,-0.00019408826333263093,-0.007129153005173989,-0.00042707487443086295,-0.001479073094363916,-0.005317417941987515,-0.006921574994921685,0,0,True,-0.054674352533301836,0.02923905141166469
990.76,12.053672790527344,-0.03923938050866127,3.1007155958680044,5.1116632757911595e-05,-0.00030815426300608863,-0.008651308526745588,0.0006178783677074796,0.0022383084646824627,-0.006494126282632352,-0.007434301860630513,0,0,True,-0.01889297663668724,0.046924503550681916
990.78,12.053837776184082,-0.039251554757356644,3.100733962310811,4.7508870712059934e-05,-0.00046869249860037474,-0.007943858789192609,0.0005320303714132328,0.0017271327773451574,0.003831921555101872,-0.00823243584483862,0,0,True,0.05253850062664539,0.03866686299548786
990.8,12.054075241088867,-0.039291493594646454,3.100843063003528,0.00016726947946743472,-7.657665980346079e-05,-0.00720533942775963,0.0005635649682228634,0.0019390594357117168,0.03854994513094426,-0.010262978449463845,0,0,True,0.13401583815306006,-0.07416554221008892
990.82,12.054186820983887,-0.03933066874742508,3.10095632389514,0.0003131530460372397,-7.894477862536168e-05,-0.0029260729550402076,7.457855716355419e-05,0.0016142759452766953,-0.007086787074804307,-0.011026524379849434,0,0,True,0.16342116053503655,-0.10153778924771735
990.84,12.05424690246582,-0.039307910948991776,3.1008707206228614,0.0003883413553173207,0.00021086513205729053,0.0020699585255047033,-0.001023921978946159,-0.0036949349121276867,-0.005242972709238529,-0.005234032198786736,0,0,True,0.1854685710437346,-0.1329462283386669
990.86,12.054071426391602,-0.039267025887966156,3.100863104386433,0.0001429840435201139,-0.00011153146674165142,0.005129834053617003,0.0014741381826173909,-0.006395890362476386,0.0012444277852773668,0.00016901254653930666,0,0,True,0.13641860161518388,-0.15969713723709114
990.88,12.053913116455078,-0.03920290619134903,3.1005474682105576,-1.4593560343086485e-05,-0.0001729951375414577,0.007632146255746729,8.959324825826825e-05,-0.008696638831387077,0.009324741698801518,0.007477326355874539,0,0,True,0.08307853772461869,-0.11250333334653394
990.9,12.05377197265625,-0.03943179175257683,3.1004446526661424,0.00041628124400883414,7.097179464015964e-05,0.007987415174164578,0.0027629213338877376,-0.011161495033678977,0.0076463928818702705,0.006574754118919373,0,0,True,0.03381975115771534,-0.026505024607324207
990.92,12.05363655090332,-0.03929001837968826,3.100174989516351,4.562172306421325e-05,5.865610753759908e-05,0.008716241543468154,0.0038739611143852994,-0.012695201579842216,0.012296522781252862,0.003662004787474871,0,0,True,-0.013169606867622053,0.06852194656023602
990.94,12.053423881530762,-0.039461586624383926,3.0999701847837384,0.0002829378335432752,-8.459600653890923e-05,0.007835414146235615,0.0018011802507414787,-0.008516292331063408,0.00915543057024479,0.006056237109005452,0,0,True,-0.07859874125277035,0.1051513265472138
990.96,12.053203582763672,-0.0394836850464344,3.0995318520841697,0.00023015011113197703,-0.0001068207386166657,0.0065785777063364255,0.0041496546322542325,-0.00321488310656539,0.011735377907752993,0.007654330208897591,0,0,True,-0.09313790969447354,0.17364588581437643
990.98,12.053139686584473,-0.039549678564071655,3.099763349279657,-2.453058261763284e-05,-0.00019103223436186569,0.0016995158739397337,0.001299642245110513,-0.002749388909897568,0.010588512122631073,-0.0023304944485425952,0,0,True,-0.10191932353657539,0.10136934960113511
991.0,12.053096771240234,-0.03959956765174866,3.0999177988678257,-6.0138917634027804e-05,-0.0002847659004831071,0.0012652087679064596,0.00027432569520941967,0.001196469285315005,0.006286607347428799,0.0033978015556931497,0,0,True,-0.11181494358354171,0.007560390864611257
991.02,12.05328369140625,-0.039559781551361084,3.099750233670947,0.00016825560898587152,0.00026275915877609746,-0.0003181317366829998,-9.590664178158557e-05,-0.0004067443629799752,0.00039837647229433063,0.00022148070856928829,0,0,True,-0.04948517871630718,0.005371918631503674
991.04,12.053101539611816,-0.03950139507651329,3.099627569626995,0.00011966269174567449,-0.00033704809976146455,-0.0023666177803387755,-0.0007525730294111007,-0.0026100518373970397,-0.002239432279020548,-0.006369265280663968,0,0,True,-0.10770926728373849,0.017907790803810948
991.06,12.053165435791016,-0.03954307734966278,3.0997308097306187,0.00014219701865088183,-0.00036495700305828367,-0.0022592984233612396,-0.0007526773532326923,-0.002319635419377665,0.004984696917235852,0.003922613561153412,0,0,True,-0.07767547487208545,0.03703824195591384
991.08,12.053288459777832,-0.039547357708215714,3.099708994720834,0.00021958472753947904,-0.00042296006385793446,-0.0073515326147970276,0.0008969347955272745,0.0026290925496206138,0.06101050645112992,-0.003483907394111157,0,0,True,-0.0280524897112169,0.05199177892431725
991.1,12.053466796875,-0.0395071841776371,3.0995646628373965,0.0003523788299666756,-0.0003503579249208005,-0.006532169726453015,0.0007020065423689787,0.002556314993494648,0.04328140616416932,-0.0045659922249615195,0,0,True,0.011330499933396434,0.02970479050162626
991.12,12.053686141967773,-0.03959771245718002,3.0998378970309646,0.0002107350589947908,9.2190991700355e-05,-0.004610816957237276,0.0004130192301161122,0.001549290476550468,-0.004797977283596993,-0.004691026378422976,0,0,True,0.12896377561173683,-0.020373478313095775
991.14,12.053685188293457,-0.03962114453315735,3.0999353149300983,0.00038683631326582994,-3.559732851250487e-05,-0.0013528584286890612,0.0018284268645388738,5.6747820753651455e-05,0.005446559749543668,-0.008800137005746365,0,0,True,0.13199804647635444,-0.054345546592290385
991.16,12.053655624389648,-0.039595767855644226,3.0998329379589578,0.00014800214664350433,-0.00015134454396944577,0.002965569434132535,0.0004131549330425849,0.0009992142845744341,-0.001463538743555546,-0.001454402916133404,0,0,True,0.11196591233062572,-0.011117323437409057
991.18,12.053568840026855,-0.0396578386425972,3.099569202663057,0.0003622399685908848,-4.7447538046717086e-05,0.004027673991645736,-0.00044478761371416774,-0.001791328733884628,0.004202123619616032,0.0008235219959169627,0,0,True,0.06849628985394239,0.04420064468632174
991.2,12.053447723388672,-0.03962083160877228,3.0999178341737306,0.0005164677290629776,9.015777590643434e-05,0.004346456029217365,0.0007752437728895228,0.0006599046015572884,0.004642951413989067,0.003693492412567139,0,0,True,-0.011479650280718347,-0.029229327499901692
991.22,12.053364753723145,-0.039572056382894516,3.0997920086313875,0.00020267260335853936,-3.064733640638171e-05,0.004126844759629133,-0.0019633395886276294,0.0035927993956612,0.007093713134527207,0.0073294067382812505,0,0,True,-0.03130941902919417,0.03810910519893851
991.24,12.053305625915527,-0.03964324668049812,3.0998857303270824,0.000380928670789995,0.0001252597481826776,0.0020471974116745974,-0.0004523157763443576,-0.0013391319154188975,0.007093713134527207,0.0073294067382812505,0,0,True,-0.04417809781722861,-0.06553643173821787
991.26,12.053245544433594,-0.03948711231350899,3.09985662661471,2.500993408393261e-05,-2.8638514655565783e-05,0.0015229204693089204,0.00038839977674503634,0.0012573996820320122,0.004258949384093285,0.0034694800153374675,0,0,True,-0.021074510348313338,-0.02397792206941096
991.28,12.053285598754883,-0.039577849209308624,3.099810703620497,-1.3326046229967873e-05,-7.437955389126781e-05,0.0008122082038422903,-0.0020187480776075006,-0.004583009937495373,0.0032716845534741883,-0.0005298090167343617,0,0,True,0.009907164035098231,0.03140923424855278
991.3,12.053241729736328,-0.0395980179309845,3.09989260060595,-7.988417764193818e-05,-9.749338715883759e-05,0.0024408839317655996,0.0018363569238529014,0.001674565630110068,0.0005970765464007855,0.0029746358655393127,0,0,True,0.032567708447660645,-0.02490774629555455
991.32,12.053247451782227,-0.039479173719882965,3.0995190895320825,-0.0003083231750478965,0.00029667600223685106,0.0028397705344828613,0.00028160365863635797,0.0011736068244666102,0.0015340434759855272,0.0016618147399276497,0,0,True,0.04255499463719958,0.13238683918334507
991.34,12.053044319152832,-0.039625752717256546,3.0999905918651187,0.00010533373024705852,-0.00038885615358830807,0.004128337145123105,-0.0002896040182275015,-0.0007352200216133711,0.007173139080405236,0.005709420666098595,0,0,True,0.006367239689332542,-0.012589397375948018
991.36,12.053057670593262,-0.039590802043676376,3.0999045921664545,0.0002563724656387353,-4.782970271903542e-05,0.004216607774819998,0.0018857412302594754,0.0060079371971776515,0.0008106186240911485,0.004588802456855774,0,0,True,-0.0421374759054835,-0.009266476957290685
991.38,12.052912712097168,-0.039561133831739426,3.099833783004221,1.3453768953551271e-05,9.757279270926012e-05,0.0029502631069124635,0.000493934874245393,0.0006674138400337113,0.003634504210203886,0.001408856250345707,0,0,True,-0.12191123592401354,0.024035407883575406
991.4,12.05290412902832,-0.03961584344506264,3.0999997245078563,-8.324827500832555e-05,0.0002772887288559249,-0.0005312275379527528,0.00015024254383702514,0.0004322886678840296,0.013766296803951264,0.011520103663206101,0,0,True,-0.17558661648145296,-0.08830984348550092
991.42,12.052806854248047,-0.039655379951000214,3.1000439849723214,-6.004481004454144e-05,-0.00034006972008084177,-0.005624561728789109,0.00040617079384525653,0.0011876126090709126,-0.009762814715504647,-5.192458629608155e-05,0,0,True,-0.19631498238890008,-0.02771935574836807
991.44,12.053099632263184,-0.03960457816720009,3.0999391752598853,-2.1674271356053156e-05,1.963868536154311e-05,-0.009830321543703426,-0.0003115040499669935,-0.0010568502816660364,0.0031618624366819862,0.0023219788633286956,0,0,True,-0.14211969235847485,-0.012517762417033139
991.46,12.053360939025879,-0.039612289518117905,3.0999287920129466,-8.98114815530608e-05,2.774152749407099e-05,-0.012754935484207577,-0.0008491649524448063,-0.001550134619836869,-0.010678416341543198,-0.013505945280194285,0,0,True,-0.0900141983903815,-0.015998769818100483
991.48,12.053690910339355,-0.0396236926317215,3.099915176485323,-0.00022247798035934598,4.3792248605112716e-05,-0.011900802926636556,-0.000158851033392953,-0.0005691323254791339,-0.01084048978984356,-0.013254197612404825,0,0,True,-0.01911934095399075,-0.0199833040754323
991.5,12.053829193115234,-0.03963000699877739,3.0999199742027344,7.72416019668719e-05,8.752516771040196e-06,-0.012825697600023313,-1.046663838412626e-05,-9.228897637778077e-05,0.07459831587970257,-0.019635836184024813,0,0,True,0.05513710767125997,0.012843497032224541
991.52,12.054051399230957,-0.03963154926896095,3.099893644673847,0.00014038248706473133,-2.1145983406595253e-05,-0.011359868820021294,-0.0008274347965884898,-0.0026555146076991665,-0.009931692183017732,-0.008493613749742508,0,0,True,0.1133733083806865,-1.3144368708361487e-05
991.54,12.054386138916016,-0.0396541990339756,3.0999214088948364,0.00021178327483797999,-1.6796922279332457e-05,-0.008343966870510791,-0.00019028140302177312,-0.00052265485725984,-0.00635177880525589,-0.012452363818883897,0,0,True,0.23170308924291294,-0.005319040544120159
991.56,12.054601669311523,-0.03959544003009796,3.0997027353167073,1.587246890080408e-05,3.6272721759650325e-05,-0.0028309382561898843,-0.00020837568923026188,-0.0005701838749758018,0.03080864176154137,-0.015105874463915826,0,0,True,0.29418730472872706,0.05174199964194082
991.58,12.054496765136719,-0.03964260593056679,3.0998781618141535,-0.00043643580960544236,-7.583898727683387e-05,0.005710549539419206,-0.00017691451683465317,-0.0005178122199076112,-0.010633979514241219,-0.012154702320694925,0,0,True,0.30729239000702063,0.004636401835642954
991.6,12.054278373718262,-0.039624378085136414,3.099848029963849,-9.847952034239831e-05,-0.00012656689193127254,0.012175115558288908,0.000447626049559083,0.0014838453636582165,0.006933708116412163,0.003392594233155251,0,0,True,0.25306363959901107,-0.032410775227623964
991.62,12.053930282592773,-0.039621006697416306,3.0998799839172437,-0.00017378759252914067,-0.0002315952587026495,0.016239424330063437,-2.1923037509471088e-05,-0.00015174271040821398,0.011909686699509621,0.009816780611872675,0,0,True,0.13229203273551376,0.001065563594235688
991.64,12.053627014160156,-0.03959057107567787,3.0998214429458,-0.0001596966522498641,9.339425834386459e-05,0.017414152911741358,0.002417702366431511,-0.0031630458931870453,0.016128032580018044,0.015111797600984574,0,0,True,0.014345236258288626,-0.0032008748802199727
991.66,12.05319881439209,-0.03958667814731598,3.099866022397321,-0.0002635510054919857,6.790405347270251e-05,0.01629391215825068,-0.00018366340795507535,-0.0004325671323688337,0.018608528375625613,0.013519902750849725,0,0,True,-0.10886958010544633,0.0002848833574622014
991.68,12.052878379821777,-0.039759449660778046,3.099594986292394,0.0003831690823154595,0.0001629102322809499,0.013322734458950955,0.0003956557088579815,0.0012277753732408516,0.01997745364904404,0.01974900007247925,0,0,True,-0.17154416435865036,0.10018286501450399
991.7,12.052628517150879,-0.03955195099115372,3.099845378546654,9.248131476936465e-05,9.592394485301806e-05,0.007529857921623276,-2.8538391516329763e-05,-0.00012895204181122622,0.01344133995473385,0.01184035360813141,0,0,True,-0.240299586186185,0.00997988918983634
991.72,12.052560806274414,-0.03957744687795639,3.0999196649756593,-3.5784327226461348e-06,0.00019058210002196292,0.003690619763042309,-0.0018092280243250747,0.004851583307977374,0.004429142959415913,0.004548691548407078,0,0,True,-0.2466296995896138,-0.015100705817434352
991.74,12.052597045898438,-0.039559256285429,3.099855706233976,-0.000308360121964401,0.00018801254245170038,-0.002930054736653953,0.000164781381987974,0.0003658240028184819,0.004429142959415913,0.004548691548407078,0,0,True,-0.2211078147383167,-0.004347397490752146
991.76,12.052589416503906,-0.03960253670811653,3.0999831129570325,-0.00015725524069507566,-0.0004510988064111295,-0.006407641508228243,1.3378488534405183e-05,1.97189078454853e-05,-0.00031519712880253794,-0.0025005341693758966,0,0,True,-0.2033471362759368,-0.04636359942517444
991.78,12.052862167358398,-0.03957490250468254,3.0998746444668797,0.0001470055379037881,-0.00022314690404195381,-0.01015876725742597,-0.00016072183699388502,-0.0004767438410710815,-0.005498555786907673,-0.002940058894455433,0,0,True,-0.10092374701289406,0.03177577017658957
991.8,12.053072929382324,-0.039599839597940445,3.099921242488287,0.00016558336701209467,-0.0004348086915235757,-0.012577151139017842,0.00032392191800270284,0.0011424953539667922,-0.011936185136437417,-0.016266669034957888,0,0,True,-0.04324138486527433,0.017295364591728143
991.82,12.053409576416016,-0.03958030417561531,3.0998175667266903,0.0003513984456217379,-0.00014725211855524207,-0.011003954497689608,0.000934330004198374,0.002907885616946948,0.047415795996785165,-0.011983666718006136,0,0,True,0.037746714594086725,0.03913487014576433
991.84,12.053593635559082,-0.039670344442129135,3.10007451258535,0.00028506256020124573,-0.00014737133870503674,-0.009866952297451959,0.0008577980772771934,0.0014033480751844446,-0.011720351800322534,-0.01687534868717194,0,0,True,0.08701256895516454,-0.030677241216809058
991.86,12.053738594055176,-0.03968634828925133,3.1001072753162355,0.00021304486065085352,-0.0001885132233645378,-0.007139030089897487,0.0012503389140920856,0.0026540457705916667,-0.008666634336113931,-0.007814600691199304,0,0,True,0.09575242723916101,-0.07836368741384946
991.88,12.053858757019043,-0.03970116749405861,3.1000335103343017,0.00020315568343931865,-0.00021914639910080178,-0.005616145622601118,-0.0003702331549668792,-0.0013116839433791878,-0.009731696471571924,-0.006865393333137036,0,0,True,0.10837488342684735,-0.04297786436098839
991.9,12.053976058959961,-0.03970393165946007,3.1000298903883374,0.0002023654501607699,-0.00021136259292308724,-0.003343760318563694,-0.0010750985015002537,-0.0033612093761553065,-0.012068965733051301,-0.0010963647440075876,0,0,True,0.1056091616991581,-0.09507651153139157
991.92,12.054043769836426,-0.039659418165683746,3.0999695778698797,-0.00012772896745651057,-0.0003258143066035647,-0.0011969616233120561,-0.0010538471379127738,-0.0020348810736914996,-0.007644178159534932,-0.004879592917859555,0,0,True,0.1047624713433273,-0.03599831049688289
991.94,12.054009437561035,-0.03961152955889702,3.099838378566143,-3.040743695008355e-06,-0.00017747249462538505,0.0013097028460394842,-0.0019334332629571645,-0.00495207515192355,0.004047896489501,0.0016903107427060605,0,0,True,0.06945386362226855,0.03521208856565743
991.96,12.05395793914795,-0.03962091729044914,3.0998707198484063,7.440242493000326e-05,-8.997734126853783e-05,0.0027648520848693554,-0.0013520828116574863,-0.004191548783131292,0.004387848936021329,0.004006726071238518,0,0,True,0.04448400751558543,0.026008029566137198
991.98,12.053877830505371,-0.03954501822590828,3.0996337243761833,-4.439970509014672e-05,-0.00013803219570022546,0.002212548771220632,-0.00012467147892112224,-0.000544242290901271,0.004387848936021329,0.004006726071238518,0,0,True,-0.0029939055872695197,0.09925124964146423
992.0,12.053827285766602,-0.039542119950056076,3.099634253967229,6.289024908090892e-05,-9.92383886021675e-05,0.0023617589779365987,1.5820238747963207e-05,4.576129160054064e-05,0.005640059672296048,0.0038115358352661137,0,0,True,-0.017305503764242315,0.09458398832190174
992.02,12.0538330078125,-0.0395941399037838,3.099794839182871,-9.470849360581881e-06,5.974058139662147e-05,0.0010701903990581404,0.0009426849746106241,0.0029880248193863675,0.003899594582617283,0.0034781853109598164,0,0,True,-0.007527435406842733,0.018950552921354613
992.04,12.0537691116333,-0.03961425647139549,3.0998743807517344,-2.1393753854404654e-05,2.8757642962877604e-05,0.0013804117837312292,0.0009442207075524223,0.0033751702826139646,-0.0015959675610065461,-0.0011754177883267405,0,0,True,-0.011651447821050506,0.0009671027833400864
992.06,12.053789138793945,-0.03961678966879845,3.099872766361734,-8.869323009426004e-05,7.939224976404755e-05,0.001610353938673761,0.0002947566193968069,0.0009718019428057191,0.002225526310503483,0.0033711216226220133,0,0,True,0.012118868716230063,-0.0360932797862668
992.08,12.05371379852295,-0.03961298614740372,3.0999042675898383,-3.2427360319933686e-05,-6.970207814562374e-05,0.0014296431522520814,5.063898793590411e-05,0.00012312951426778713,0.002225526310503483,0.0033711216226220133,0,0,True,0.002117329948232695,-0.04557324585086046
992.1,12.053703308105469,-0.03961232677102089,3.0998725833382954,-1.3481022864339057e-05,5.4505896115895824e-05,0.0020396998963570414,1.3278322859083764e-05,0.0001005624364835463,0.002469216175377369,0.003557228054851294,0,0,True,-0.006535190241396172,-0.014672811629093072
992.12,12.053654670715332,-0.03961353749036789,3.099884231112876,-1.944759102465792e-05,8.909782567034566e-06,0.0015497981795899315,3.0467856250854364e-05,-0.00027068938545673685,0.00161482946947217,0.0016430289763957264,0,0,True,-0.010874007202791516,-0.00042507039992051553
992.14,12.05362606048584,-0.03961104527115822,3.0998808113566527,-1.2677587808693257e-06,5.1243672938798466e-05,0.0010875387193617998,-4.288345818337851e-05,-0.00020202298752232728,0.0019133449252694847,0.0023388879932463172,0,0,True,-0.02298242793504746,0.00039135498224056623
992.16,12.053589820861816,-0.039610251784324646,3.0998826124390018,-3.343311116481984e-06,1.0464887372891784e-05,0.0005597225760295513,2.5130652940348868e-05,8.912388227417682e-05,0.0018362518306821586,0.0024130004830658436,0,0,True,-0.022521325623136516,0.004750583639453967
992.18,12.053616523742676,-0.0396052710711956,3.0998564214992936,-3.3269946545905556e-05,4.976667977868469e-05,0.0002011056615549169,4.1349217173717865e-05,0.00013187083506276313,0.0012251857388764621,0.0016639751568436625,0,0,True,-0.0126068286020682,0.007984587994664808
992.2,12.053609848022461,-0.03961367905139923,3.0998913610234577,-6.0360757440745954e-06,3.0416879758212865e-05,-0.00025190787026191163,3.2367138144516616e-05,0.00010935730569977499,-0.0005973413586616516,-0.0006047029700130225,0,0,True,-0.006996532200365812,-0.0011140485284266404
992.22,12.053609848022461,-0.03961367905139923,3.0998913610234577,-6.0360757440745954e-06,3.0416879758212865e-05,7.899243119582794e-05,0.00010848720020950938,0.0004367440520511842,0.00031235342845320707,0.0009915193310007454,0,0,True,-0.0025138207694351752,-0.0016483854382836958
992.24,12.053609848022461,-0.03961367905139923,3.0998913610234577,-6.0360757440745954e-06,3.0416879758212865e-05,0.0,-0.0,0.0,0.0006379654631018639,0.0010214678570628166,0,0,True,0.0031488483782767594,-0.0013669663212484305
992.26,12.053609848022461,-0.03961367905139923,3.0998913610234577,-6.0360757440745954e-06,3.0416879758212865e-05,0.0,-0.0,0.0,0.0006379654631018639,0.0010214678570628166,0,0,True,-0.0009874053899487473,-0.0054593006506447675
992.28,12.053609848022461,-0.03961367905139923,3.0998913610234577,-6.0360757440745954e-06,3.0416879758212865e-05,0.0,-0.0,0.0,0.0006379654631018639,0.0010214678570628166,0,0,True,0.0,0.0
992.3,12.053609848022461,-0.03961367905139923,3.0998913610234577,-6.0360757440745954e-06,3.0416879758212865e-05,0.0,-0.0,0.0,0.0006379654631018639,0.0010214678570628166,0,0,True,0.0,0.0
992.32,12.053609848022461,-0.03961367905139923,3.0998913610234577,-6.0360757440745954e-06,3.0416879758212865e-05,0.0,-0.0,0.0,0.0006379654631018639,0.0010214678570628166,0,0,True,0.0,0.0
992.34,12.053609848022461,-0.03961367905139923,3.0998913610234577,-6.0360757440745954e-06,3.0416879758212865e-05,0.0,-0.0,0.0,0.0006379654631018639,0.0010214678570628166,0,0,True,0.0,0.0
992.36,12.053609848022461,-0.03961367905139923,3.0998913610234577,-6.0360757440745954e-06,3.0416879758212865e-05,0.0,-0.0,0.0,0.0006379654631018639,0.0010214678570628166,0,0,True,0.0,0.0
992.38,12.053609848022461,-0.03961367905139923,3.0998913610234577,-6.0360757440745954e-06,3.0416879758212865e-05,0.0,-0.0,0.0,0.0006379654631018639,0.0010214678570628166,0,0,True,0.0,0.0
992.4,12.053609848022461,-0.03961367905139923,3.0998913610234577,-6.0360757440745954e-06,3.0416879758212865e-05,0.0,-0.0,0.0,0.0006379654631018639,0.0010214678570628166,0,0,True,0.0,0.0
992.42,12.053609848022461,-0.03961367905139923,3.0998913610234577,-6.0360757440745954e-06,3.0416879758212865e-05,0.0,-0.0,0.0,0.0006379654631018639,0.0010214678570628166,0,0,True,0.0,0.0
992.44,12.053609848022461,-0.03961367905139923,3.0998913610234577,-6.0360757440745954e-06,3.0416879758212865e-05,0.0,-0.0,0.0,0.0006379654631018639,0.0010214678570628166,0,0,True,0.0,0.0
992.46,12.053609848022461,-0.03961367905139923,3.0998913610234577,-6.0360757440745954e-06,3.0416879758212865e-05,0.0,-0.0,0.0,0.0006379654631018639,0.0010214678570628166,0,0,True,0.0,0.0
992.48,12.053609848022461,-0.03961367905139923,3.0998913610234577,-6.0360757440745954e-06,3.0416879758212865e-05,0.0,-0.0,0.0,0.0006379654631018639,0.0010214678570628166,0,0,True,0.0,0.0
992.5,12.053609848022461,-0.03961367905139923,3.0998913610234577,-6.0360757440745954e-06,3.0416879758212865e-05,0.0,-0.0,0.0,0.0006379654631018639,0.0010214678570628166,0,0,True,0.0,0.0
992.52,12.053609848022461,-0.03961367905139923,3.0998913610234577,-6.0360757440745954e-06,3.0416879758212865e-05,0.0,-0.0,0.0,0.0006379654631018639,0.0010214678570628166,0,0,True,0.0,0.0
992.54,12.053609848022461,-0.03961367905139923,3.0998913610234577,-6.0360757440745954e-06,3.0416879758212865e-05,0.0,-0.0,0.0,0.0006379654631018639,0.0010214678570628166,0,0,True,0.0,0.0
992.56,12.053609848022461,-0.03961367905139923,3.0998913610234577,-6.0360757440745954e-06,3.0416879758212865e-05,0.0,-0.0,0.0,0.0006379654631018639,0.0010214678570628166,0,0,True,0.0,0.0
992.58,12.053609848022461,-0.03961367905139923,3.0998913610234577,-6.0360757440745954e-06,3.0416879758212865e-05,0.0,-0.0,0.0,0.0006379654631018639,0.0010214678570628166,0,0,True,0.0,0.0
992.6,12.053609848022461,-0.03961367905139923,3.0998913610234577,-6.0360757440745954e-06,3.0416879758212865e-05,0.0,-0.0,0.0,0.0006379654631018639,0.0010214678570628166,0,0,True,0.0,0.0
992.62,12.053609848022461,-0.03961367905139923,3.0998913610234577,-6.0360757440745954e-06,3.0416879758212865e-05,0.0,-0.0,0.0,0.0006379654631018639,0.0010214678570628166,0,0,True,0.0,0.0
992.64,12.053609848022461,-0.03961367905139923,3.0998913610234577,-6.0360757440745954e-06,3.0416879758212865e-05,0.0,-0.0,0.0,0.0006379654631018639,0.0010214678570628166,0,0,True,0.0,0.0
992.66,12.053609848022461,-0.03961367905139923,3.0998913610234577,-6.0360757440745954e-06,3.0416879758212865e-05,0.0,-0.0,0.0,0.0006379654631018639,0.0010214678570628166,0,0,True,0.0,0.0
992.68,12.053609848022461,-0.03961367905139923,3.0998913610234577,-6.0360757440745954e-06,3.0416879758212865e-05,0.0,-0.0,0.0,0.0006379654631018639,0.0010214678570628166,0,0,True,0.0,0.0
992.7,12.053609848022461,-0.03961367905139923,3.0998913610234577,-6.0360757440745954e-06,3.0416879758212865e-05,0.0,-0.0,0.0,0.0006379654631018639,0.0010214678570628166,0,0,True,0.0,0.0
992.72,12.053609848022461,-0.03961367905139923,3.0998913610234577,-6.0360757440745954e-06,3.0416879758212865e-05,0.0,-0.0,0.0,0.0006379654631018639,0.0010214678570628166,0,0,True,0.0,0.0
992.74,12.053609848022461,-0.03961367905139923,3.0998913610234577,-6.0360757440745954e-06,3.0416879758212865e-05,0.0,-0.0,0.0,0.0006379654631018639,0.0010214678570628166,0,0,True,0.0,0.0
992.76,12.053609848022461,-0.03961367905139923,3.0998913610234577,-6.0360757440745954e-06,3.0416879758212865e-05,0.0,-0.0,0.0,0.0006379654631018639,0.0010214678570628166,0,0,True,0.0,0.0
992.78,12.053609848022461,-0.03961367905139923,3.0998913610234577,-6.0360757440745954e-06,3.0416879758212865e-05,0.0,-0.0,0.0,0.0006379654631018639,0.0010214678570628166,0,0,True,0.0,0.0
992.8,12.053609848022461,-0.03961367905139923,3.0998913610234577,-6.0360757440745954e-06,3.0416879758212865e-05,0.0,-0.0,0.0,0.0006379654631018639,0.0010214678570628166,0,0,True,0.0,0.0
992.82,12.053609848022461,-0.03961367905139923,3.0998913610234577,-6.0360757440745954e-06,3.0416879758212865e-05,0.0,-0.0,0.0,0.0006379654631018639,0.0010214678570628166,0,0,True,0.0,0.0
992.84,12.053609848022461,-0.03961367905139923,3.0998913610234577,-6.0360757440745954e-06,3.0416879758212865e-05,0.0,-0.0,0.0,0.0006379654631018639,0.0010214678570628166,0,0,True,0.0,0.0
992.86,12.053609848022461,-0.03961367905139923,3.0998913610234577,-6.0360757440745954e-06,3.0416879758212865e-05,0.0,-0.0,0.0,0.0006379654631018639,0.0010214678570628166,0,0,True,0.0,0.0
992.88,12.053609848022461,-0.03961367905139923,3.0998913610234577,-6.0360757440745954e-06,3.0416879758212865e-05,0.0,-0.0,0.0,0.0006379654631018639,0.0010214678570628166,0,0,True,0.0,0.0
992.9,12.053609848022461,-0.03961367905139923,3.0998913610234577,-6.0360757440745954e-06,3.0416879758212865e-05,0.0,-0.0,0.0,0.0006379654631018639,0.0010214678570628166,0,0,True,0.0,0.0
992.92,12.053609848022461,-0.03961367905139923,3.0998913610234577,-6.0360757440745954e-06,3.0416879758212865e-05,0.0,-0.0,0.0,0.0006379654631018639,0.0010214678570628166,0,0,True,0.0,0.0
992.94,12.053609848022461,-0.03961367905139923,3.0998913610234577,-6.0360757440745954e-06,3.0416879758212865e-05,0.0,-0.0,0.0,0.0006379654631018639,0.0010214678570628166,0,0,True,0.0,0.0
992.96,12.053609848022461,-0.03961367905139923,3.0998913610234577,-6.0360757440745954e-06,3.0416879758212865e-05,0.0,-0.0,0.0,0.0006379654631018639,0.0010214678570628166,0,0,True,0.0,0.0
992.98,12.053609848022461,-0.03961367905139923,3.0998913610234577,-6.0360757440745954e-06,3.0416879758212865e-05,0.0,-0.0,0.0,0.0006379654631018639,0.0010214678570628166,0,0,True,0.0,0.0
993.0,12.053609848022461,-0.03961367905139923,3.0998913610234577,-6.0360757440745954e-06,3.0416879758212865e-05,0.0,-0.0,0.0,0.0006379654631018639,0.0010214678570628166,0,0,True,0.0,0.0
993.02,12.053609848022461,-0.03961367905139923,3.0998913610234577,-6.0360757440745954e-06,3.0416879758212865e-05,0.0,-0.0,0.0,0.0006379654631018639,0.0010214678570628166,0,0,True,0.0,0.0
993.04,12.053609848022461,-0.03961367905139923,3.0998913610234577,-6.0360757440745954e-06,3.0416879758212865e-05,0.0,-0.0,0.0,0.0006379654631018639,0.0010214678570628166,0,0,True,0.0,0.0
993.06,12.053609848022461,-0.03961367905139923,3.0998913610234577,-6.0360757440745954e-06,3.0416879758212865e-05,0.0,-0.0,0.0,0.0006379654631018639,0.0010214678570628166,0,0,True,0.0,0.0
993.08,12.053609848022461,-0.03961367905139923,3.0998913610234577,-6.0360757440745954e-06,3.0416879758212865e-05,0.0,-0.0,0.0,0.0006379654631018639,0.0010214678570628166,0,0,True,0.0,0.0
993.1,12.053609848022461,-0.03961367905139923,3.0998913610234577,-6.0360757440745954e-06,3.0416879758212865e-05,0.0,-0.0,0.0,0.0006379654631018639,0.0010214678570628166,0,0,True,0.0,0.0
993.12,12.053609848022461,-0.03961367905139923,3.0998913610234577,-6.0360757440745954e-06,3.0416879758212865e-05,0.0,-0.0,0.0,0.0006379654631018639,0.0010214678570628166,0,0,True,0.0,0.0
993.14,12.053609848022461,-0.03961367905139923,3.0998913610234577,-6.0360757440745954e-06,3.0416879758212865e-05,0.0,-0.0,0.0,0.0006379654631018639,0.0010214678570628166,0,0,True,0.0,0.0
993.16,12.053609848022461,-0.03961367905139923,3.0998913610234577,-6.0360757440745954e-06,3.0416879758212865e-05,0.0,-0.0,0.0,0.0006379654631018639,0.0010214678570628166,0,0,True,0.0,0.0
993.18,12.053609848022461,-0.03961367905139923,3.0998913610234577,-6.0360757440745954e-06,3.0416879758212865e-05,0.0,-0.0,0.0,0.0006379654631018639,0.0010214678570628166,0,0,True,0.0,0.0
993.2,12.053609848022461,-0.03961367905139923,3.0998913610234577,-6.0360757440745954e-06,3.0416879758212865e-05,0.0,-0.0,0.0,0.0006379654631018639,0.0010214678570628166,0,0,True,0.0,0.0
993.22,12.053609848022461,-0.03961367905139923,3.0998913610234577,-6.0360757440745954e-06,3.0416879758212865e-05,0.0,-0.0,0.0,0.0006379654631018639,0.0010214678570628166,0,0,True,0.0,0.0
993.24,12.053609848022461,-0.03961367905139923,3.0998913610234577,-6.0360757440745954e-06,3.0416879758212865e-05,0.0,-0.0,0.0,0.0006379654631018639,0.0010214678570628166,0,0,True,0.0,0.0
993.26,12.053609848022461,-0.03961367905139923,3.0998913610234577,-6.0360757440745954e-06,3.0416879758212865e-05,0.0,-0.0,0.0,0.0006379654631018639,0.0010214678570628166,0,0,True,0.0,0.0
993.28,12.053609848022461,-0.03961367905139923,3.0998913610234577,-6.0360757440745954e-06,3.0416879758212865e-05,0.0,-0.0,0.0,0.0006379654631018639,0.0010214678570628166,0,0,True,0.0,0.0
993.3,12.053609848022461,-0.03961367905139923,3.0998913610234577,-6.0360757440745954e-06,3.0416879758212865e-05,0.0,-0.0,0.0,0.0006379654631018639,0.0010214678570628166,0,0,True,0.0,0.0
993.32,12.053609848022461,-0.03961367905139923,3.0998913610234577,-6.0360757440745954e-06,3.0416879758212865e-05,0.0,-0.0,0.0,0.0006379654631018639,0.0010214678570628166,0,0,True,0.0,0.0
993.34,12.053609848022461,-0.03961367905139923,3.0998913610234577,-6.0360757440745954e-06,3.0416879758212865e-05,0.0,-0.0,0.0,0.0006379654631018639,0.0010214678570628166,0,0,True,0.0,0.0
993.36,12.053609848022461,-0.03961367905139923,3.0998913610234577,-6.0360757440745954e-06,3.0416879758212865e-05,0.0,-0.0,0.0,0.0006379654631018639,0.0010214678570628166,0,0,True,0.0,0.0
993.38,12.053609848022461,-0.03961367905139923,3.0998913610234577,-6.0360757440745954e-06,3.0416879758212865e-05,0.0,-0.0,0.0,0.0006379654631018639,0.0010214678570628166,0,0,True,0.0,0.0
993.4,12.053609848022461,-0.03961367905139923,3.0998913610234577,-6.0360757440745954e-06,3.0416879758212865e-05,0.0,-0.0,0.0,0.0006379654631018639,0.0010214678570628166,0,0,True,0.0,0.0
993.42,12.053609848022461,-0.03961367905139923,3.0998913610234577,-6.0360757440745954e-06,3.0416879758212865e-05,0.0,-0.0,0.0,0.0006379654631018639,0.0010214678570628166,0,0,True,0.0,0.0
993.44,12.053609848022461,-0.03961367905139923,3.0998913610234577,-6.0360757440745954e-06,3.0416879758212865e-05,0.0,-0.0,0.0,0.0006379654631018639,0.0010214678570628166,0,0,True,0.0,0.0
993.46,12.053609848022461,-0.03961367905139923,3.0998913610234577,-6.0360757440745954e-06,3.0416879758212865e-05,0.0,-0.0,0.0,0.0006379654631018639,0.0010214678570628166,0,0,True,0.0,0.0
993.48,12.053609848022461,-0.03961367905139923,3.0998913610234577,-6.0360757440745954e-06,3.0416879758212865e-05,0.0,-0.0,0.0,0.0006379654631018639,0.0010214678570628166,0,0,True,0.0,0.0
993.5,12.053609848022461,-0.03961367905139923,3.0998913610234577,-6.0360757440745954e-06,3.0416879758212865e-05,0.0,-0.0,0.0,0.0006379654631018639,0.0010214678570628166,0,0,True,0.0,0.0
