t,x,y,yaw,roll,pitch,v,lateral,w,rim_left,rim_right,cmd_v,cmd_w,publishing,a,alpha
920.18,12.087242126464844,-0.04645814001560211,3.090890636101179,0.0008449398758044312,9.623970531797113e-05,-0.003788532888867182,0.0010342005000162217,0.0033990424444779004,-0.004368815049529076,-0.003977692816406489,0,0.2,True,0.0019071407006365467,0.23752260423958219
920.2,12.08730411529541,-0.046479806303977966,3.0909512435907556,0.0008559641501743766,0.00021231101870320434,-0.0026153219275160716,0.0023803927552784967,0.007880162015301694,-0.0059575879573822025,-0.0007974072173237802,0,0.2,True,0.00699830276987335,0.44045582744253536
920.22,12.087325096130371,-0.04654133692383766,3.0911468120554533,0.0009686199930810889,0.00028009066814663544,-0.0025474687960295485,0.002701079745250139,0.019198651355230193,-0.005037889629602433,0.0006934643629938365,0,0.2,True,0.04684236559570503,0.6689193888858931
920.24,12.087333679199219,-0.04664131626486778,3.0914822908577038,0.0010835963516297347,0.0003315780478697495,-0.0029277762020404876,0.005067200302481918,0.036190902831178706,-0.0035063447896391156,0.012195282354950905,0,0.2,True,0.07187679910650263,0.9183761393526298
920.26,12.087434768676758,-0.046684227883815765,3.0924265282095984,0.0007602120916893801,0.0003478853302378018,-4.1143641208862315e-05,0.010295992807348173,0.05691259355537673,-0.0035063447896391156,0.012195282354950905,0,0.2,True,0.060305651847110495,1.1120621532279953
920.28,12.087517738342285,-0.04689640551805496,3.0938465158172472,0.0006625898375952613,0.0004481182798687991,0.0031348220009989095,0.006826599537101057,0.08135025316344527,-0.050088023953139785,0.006191957369446755,0,0.2,True,0.07321030116445983,1.234920136453344
920.3,12.087287902832031,-0.04736418277025223,3.0956998195398793,0.0010872791253969374,-0.00012081569999501937,0.002276983351734903,0.006546559517246218,0.1081636236133889,-0.03626385882496834,0.05670540176331997,0,0.2,True,0.05074971875500506,1.250472453809409
920.32,12.087057113647461,-0.0471748523414135,3.0979903111107827,0.00030845172644105564,-0.0005668010515113201,0.002929047891119294,0.006160908412002138,0.13498451374749676,-0.03010068789124489,0.022879049181938175,0,0.2,True,-0.0003900611063167131,1.1931233308151479
920.34,12.087228775024414,-0.04719904437661171,3.101079618098674,8.312123781104089e-05,5.584895053099406e-05,0.004018833859193619,0.0035768141739921646,0.15695038986018062,-0.08082572549581528,0.054161691069602974,0,0.2,True,0.017105032738716275,0.9992837870249501
920.36,12.087262153625488,-0.04737859591841698,3.1046452769170525,-0.0001400873893776824,0.0006004747705771478,0.0031036171124935565,0.007366851873897278,0.17680011962870593,-0.14547948956489565,0.041841651499271396,0,0.2,True,0.0910203913684353,0.7431876957551307
920.38,12.086955070495605,-0.04763707146048546,3.1082558507287,-8.577026819786352e-05,0.00013174143547281164,0.003645385970832905,0.006928803891566086,0.1881063265754258,-0.061687781214714056,0.13267470717430116,0,0.2,True,0.08795940861901567,0.5601757553516112
920.4,12.086787223815918,-0.04775462672114372,3.1121343206810663,-0.00011803170223700402,-0.0001027022451385188,0.010210679200587495,0.006005280899028253,0.19443952940785314,-0.09932984977960588,0.1496578770875931,0,0.2,True,0.11793639670753582,0.38173505952970244
920.42,12.086918830871582,-0.04774332046508789,3.1161281242246943,-0.00017451117856624957,0.000698319307678719,0.011055586548708474,0.0018216548189816913,0.20176445028826875,-0.11298850059509279,0.13005612671375275,0,0.2,True,0.19359235169332356,0.2508814496867646
920.44,12.086431503295898,-0.04783475026488304,3.1202004392696887,-0.0001334683576969622,-5.226325245972155e-05,0.01253852884910125,-0.0025453892285956983,0.20733892439109775,-0.15831006944179538,0.07291030943393707,0,0.2,True,0.009121222120696744,0.16983363696902404
920.46,12.086067199707031,-0.047760237008333206,3.12439700675177,-0.00012413712373098997,-0.00037813287543869733,0.01913277410630671,0.0008762192011109447,0.20817684255037724,-0.10229123890399934,0.13615591585636141,0,0.2,True,-0.024627051129366043,-0.03621813285021855
920.48,12.08578872680664,-0.04752958565950394,3.1287214346323626,-0.00023995524770017025,-0.0006296133199677602,0.010940376970243608,0.0012324708121972357,0.20802622036538201,-0.08156662821769715,0.1300779813528061,0,0.2,True,-0.10395336201870685,-0.1350755510006543
920.5,12.085387229919434,-0.04778708890080452,3.132782271628733,0.00034636148484139885,-0.0014806468804221737,0.009085422458358182,-0.0015031220098035147,0.1988669996602498,-0.05502039104700089,0.13814238905906678,0,0.2,True,-0.21635936123116314,-0.16498810813846115
920.52,12.085555076599121,-0.04792207479476929,3.136842536898904,0.0005883635738555105,-0.0005901914300359007,0.004222259887612265,0.002045752397396039,0.19653288031105523,-0.12655159473419192,0.17107093393802644,0,0.2,True,-0.06443922761333998,-0.22010240033849618
920.54,12.085341453552246,-0.047633588314056396,3.1403063667245754,-7.430449842835498e-05,-0.0007031166534758951,0.0018240252078294016,-9.451140692643888e-05,0.19497779389931236,-0.1711225998401642,0.10006660103797914,0,0.2,True,-0.0462750476688619,-0.008189543515366134
920.56,12.085450172424316,-0.04769163951277733,-3.1387412421223533,-0.00046578826406463747,0.00019719902260709407,0.005785238761181098,0.0012501542760291586,0.19041802833831833,-0.08531408548355103,0.13378326892852785,0,0.2,True,0.07801330627821856,0.028242988509128344
920.58,12.085241317749023,-0.04777934029698372,-3.134804812038901,-0.0005675435532287111,-0.0001602362564696537,0.005383418644847336,0.0045371950442818,0.19821183617902016,-0.08309295549988747,0.09769311547279359,0,0.2,True,0.11720233144896126,0.0878857495986611
920.6,12.085092544555664,-0.04802340641617775,-3.1311093280136095,-0.0004433680423720286,7.940190573957601e-05,0.010463324389872942,0.006457934134594891,0.19879231939178665,-0.10406532406806947,0.1213494646549225,0,0.2,True,0.10356576186695113,0.2201762753556062
920.62,12.08491325378418,-0.04799947887659073,-3.127021993560681,-0.0008413932061456445,0.00020041231160964704,0.011200211723751099,0.006088960423545579,0.20200865386720884,-0.12851319253444674,0.12151956617832185,0,0.2,True,0.10145231661192894,0.16942191075809865
920.64,12.08461856842041,-0.04821702092885971,-3.122837856571002,-0.00034319380733759987,5.5461584974219146e-05,0.014070499710541428,-0.0005647904151767011,0.20803213036677584,-0.11657155990600587,0.12263849616050722,0,0.2,True,0.049687480205189455,0.20011610024199183
920.66,12.084352493286133,-0.04827946051955223,-3.118644119729539,-5.264123485442502e-05,0.00014440369751291492,0.01349960397379427,0.002665437502729274,0.21176558903965573,-0.11243347704410554,0.12720110893249512,0,0.2,True,0.07571665313066801,0.20140179351891588
920.68,12.083966255187988,-0.047999341040849686,-3.1144667575842826,-0.00047202226104556554,-0.00031114385192494855,0.014438322806284484,-0.0005587495409584227,0.21480160741113144,-0.12671956419944763,0.13101651668548586,0,0.2,True,0.020774626214074006,0.08948338682878075
920.7,12.08383846282959,-0.04823743924498558,-3.1100807464374998,0.00042127447381010597,0.0005909319583068363,0.01725754397420764,-0.0022894647643617117,0.21812079734873036,-0.1713088607788086,0.13742873787879945,0,0.2,True,-0.006308992845300039,0.041643955567580715
920.72,12.083462715148926,-0.048203665763139725,-3.105653727978103,0.0007209019530023592,0.00043410003295721626,0.0157324698076682,-0.004020062198867249,0.21519080131308196,-0.14168414235115054,0.12896413743495944,0,0.2,True,-0.05213259359909271,-0.031247816278334006
920.74,12.082966804504395,-0.048139892518520355,-3.1011944559416316,0.0008742238152501442,-0.0003359044157478081,0.012994884546170008,-0.008500624369838967,0.2150971054850639,-0.15430601835250857,0.14672560453414918,0,0.2,True,-0.1526098844897196,-0.16682435118347805
920.76,12.082696914672852,-0.04772316664457321,-3.0972514934792272,0.00022748329797514491,-0.0004430577401657534,0.010267715318354933,-0.007941132947987968,0.21230178210886344,-0.14297990381717685,0.13811336219310763,0,0.2,True,-0.162194289454183,-0.12386743157599124
920.78,12.082772254943848,-0.04759993031620979,-3.0928729779987103,-0.0002945309000032414,0.00019346864529590696,0.005048753215041174,-0.004646533814550084,0.20477484925406425,-0.08153803527355195,0.09735095977783204,0,0.2,True,-0.09835819016752034,-0.15271111167293525
920.8,12.082613945007324,-0.04760541021823883,-3.0886695854094093,-0.0005924640188394093,-0.00010053337845767695,0.0027569266513453616,0.005170546393490109,0.20528140678701168,-0.14546919226646424,0.12746081948280336,0,0.2,True,-0.07705566741458139,-0.1234680218175167
920.82,12.082545280456543,-0.04778828099370003,-3.084812468001298,-0.0005130696090227802,-0.00011545350804986376,0.005126229332764356,0.005320079271772402,0.20288021655122282,-0.07540294408798219,0.15223409175872804,0,0.2,True,0.0069467549387548745,0.04067025546135688
920.84,12.082498550415039,-0.04814789816737175,-3.080828980936258,0.00018461680395431758,-1.1306898447456464e-05,0.004103261925185268,0.006982858246462377,0.20242434036345705,-0.11505881667137147,0.12839194893836978,0,0.2,True,0.057524679963825764,0.13523757481837942
920.86,12.08238697052002,-0.048048123717308044,-3.076642560674604,-0.0002756029140604975,2.3024276160338238e-05,0.005604493610141848,0.006455541388988686,0.20802846969097447,-0.13074107229709628,0.12054072618484499,0,0.2,True,0.028118131020504124,0.303999630407499
920.88,12.082320213317871,-0.04818294197320938,-3.0724756381803244,-0.00015438839612914502,0.00017153829786296611,0.007358901048453778,0.0022155535419947506,0.21610041277248757,-0.12971873164176942,0.17318223476409914,0,0.2,True,0.0786712005790106,0.36119251433458993
920.9,12.082131385803223,-0.048332735896110535,-3.0681701904260352,0.0003025320034103133,5.522036170823608e-05,0.00737567981440264,0.0021206983257346162,0.22720018698380062,-0.1201294642686844,0.16877196192741395,0,0.2,True,0.060179061331212653,0.34950963522847794
920.92,12.081923484802246,-0.04836537688970566,-3.0635409479144746,0.0005936227255580843,3.162186702884915e-05,0.010396957971500392,0.0005358310935261302,0.23131974151019796,-0.12427430212497713,0.15835377454757693,0,0.2,True,-0.026798298929476015,0.21623759791599423
920.94,12.08181095123291,-0.048260606825351715,-3.058466545715891,0.0003865322089954979,0.0004871442723144464,0.010418818516641323,-0.002444194042687033,0.235989240509267,-0.13179058313369751,0.14305209755897524,0,0.2,True,-0.052390195920306484,-0.035496295431039375
920.96,12.081494331359863,-0.04829053208231926,-3.053970058859499,0.00048333706794421137,8.984404575866635e-05,0.0052150371340946,-0.005477422258288105,0.23339942060577595,-0.16651703715324404,0.17305426120758058,0,0.2,True,-0.12131800739755526,-0.24177506074829266
920.98,12.081284523010254,-0.048207081854343414,-3.049291051185284,0.0003515855954052851,-0.0003300113756074102,0.003184464140775977,-0.005820731506248151,0.22436048334931602,-0.15790059328079226,0.17400472521781923,0,0.2,True,-0.16926445351187058,-0.40233987038917435
921.0,12.081469535827637,-0.04796537384390831,-3.044868994266003,-0.00019685471698668145,0.0002594195107911206,0.0006915173796910078,-0.001019914797104865,0.21197773665032466,-0.20190571427345277,0.09725684463977814,0,0.2,True,-0.03948010065013936,-0.4648300716725054
921.02,12.081514358520508,-0.04782041162252426,-3.040517707047962,-0.0008909458747322913,0.0002916268050065872,-0.0031223377642960073,-0.00042341155908789404,0.20380205087816233,-0.1556662255525589,0.13586931467056276,0,0.2,True,-0.019331111679385813,-0.37724782068514207
921.04,12.08143138885498,-0.048214662820100784,-3.0370118399274886,-0.00033078491716394737,-0.0002252741245566902,0.002056629082086323,0.005433430212119943,0.19621301487200934,-0.14687627553939822,0.13054874479770662,0,0.2,True,-0.00021662690234919825,-0.06606211026489263
921.06,12.08152961730957,-0.048148177564144135,-3.032986887115046,-0.0006025419330766299,0.00012899380185884366,0.0016379752064265185,0.00952352964585179,0.1941806576945321,-0.07044295072555543,0.16790795266628267,0,0.2,True,0.07926010292273616,0.09753852010181632
921.08,12.081351280212402,-0.04841484874486923,-3.029171953076234,-0.0002365205421682821,-0.0005425709215319137,0.0006741872275030631,0.006290503778740411,0.20669276782913054,-0.16447712481021884,0.08582937180995942,0,0.2,True,0.005211736831312671,0.3292088767147763
921.1,12.081466674804688,-0.04859200865030289,-3.0249832544323914,-3.061875965105056e-06,-4.235966086974478e-05,0.00321847046952613,0.00810997639102615,0.21160513248631163,-0.15226473331451418,0.17760045170783997,0,0.2,True,0.00045842456916839387,0.4716006508096187
921.12,12.08143424987793,-0.04872077703475952,-3.0204764185011497,0.00015071490265995962,-9.371943265164939e-05,0.00247356802859155,0.005621811847485638,0.22254972500920492,-0.13840920925140382,0.12239809095859529,0,0.2,True,-0.01824720120551755,0.33212553846562903
921.14,12.08134937286377,-0.04882252588868141,-3.0160584765161325,0.00036450539702280574,-0.0002356729580588674,0.0016746491719600088,0.0030824063406907493,0.2319087097593209,-0.13696544706821442,0.14280060648918153,0,0.2,True,-0.06815728537138613,0.28570569434308335
921.16,12.081209182739258,-0.04888520762324333,-3.011367975075514,0.00035808077086855604,-0.00030333452061429326,-0.0007855888689370133,0.001162012546854506,0.2332628109063567,-0.1391128343343735,0.1784649991989136,0,0.2,True,-0.09573095895843656,0.08648811825167825
921.18,12.081364631652832,-0.04885343462228775,-3.0064305576516626,0.00044337010669899584,0.0002763620874985858,-0.0022341123601798013,-0.006254719802236735,0.2344615880337375,-0.08277691960334779,0.15576895236968996,0,0.2,True,-0.05910681973675196,-0.18784549369201056
921.2,12.08150863647461,-0.048804789781570435,-3.0018153936286316,0.0005085918741752082,0.00037053718558697053,-0.005184908688087292,-0.005108117145611318,0.22946877446934272,-0.12484849333763123,0.11976949274539948,0,0.2,True,-0.01894139699190734,-0.3129911089767205
921.22,12.081459045410156,-0.048302628099918365,-2.997301549473424,-0.0006318618682365403,7.37270566457721e-05,-0.0030538964069825674,-0.005017154140053177,0.21688107026395237,-0.14999515533447266,0.12532125532627106,0,0.2,True,-0.0010929645502544437,-0.370827422454264
921.24,12.081562995910645,-0.04842275381088257,-2.993010473117957,-0.00029993999255070004,-6.918775996192604e-05,-0.0023009006282903757,-0.004339360584257641,0.20822352218820625,-0.1301579314470291,0.1144522148370743,0,0.2,True,0.044504366590027655,-0.33643384017914
921.26,12.081548690795898,-0.04842110350728035,-2.9890800720305375,-0.00032397405321412303,-5.140045836580633e-05,-0.0023215495242002015,0.0005896689082811338,0.20479539423738122,-0.14727009296417237,0.13858756363391878,0,0.2,True,0.034082548450272775,-0.19433057740194604
921.28,12.081639289855957,-0.048434216529130936,-2.9851575118535902,-9.104317716690825e-05,6.523899813921206e-05,-0.001624559360888318,0.0004886407265472162,0.202554067255036,-0.14727009296417237,0.13858756363391878,0,0.2,True,0.005187465291249855,0.024025757915473376
921.3,12.081649780273438,-0.048321038484573364,-2.9809179179344483,-0.00020013132166510594,-7.895229080981851e-05,-0.0003272925309632251,0.0016317143577032507,0.20133462407181082,-0.10906454145908356,0.14779421210289004,0,0.2,True,0.01679898051350966,0.1785619862015821
921.32,12.081697463989258,-0.048441119492053986,-2.976806147737546,8.264163668053606e-05,0.0002147213310218305,-0.001885903404990175,0.0019578808878861252,0.2101455828214451,-0.12723883509635928,0.1542748260498047,0,0.2,True,0.04649028096617273,0.3392440285608505
921.34,12.081595420837402,-0.04854577034711838,-2.9729733021047844,0.00013391469140906732,-0.00034799638419223314,-0.0009776310831187411,0.005054273454919946,0.2190803531335151,-0.11924593269824983,0.11102391123771668,0,0.2,True,0.005938045681002035,0.5256933846560892
921.36,12.08181381225586,-0.04856397584080696,-2.968345865227866,0.00019481208281768009,0.00011158583596247394,0.0020946631164074025,0.0009738802633359112,0.22969358953991792,-0.12220215022563935,0.13066514432430268,0,0.2,True,0.09208156792311281,0.35936178447590755
921.38,12.081794738769531,-0.04870652034878731,-2.963391489683758,0.00022988995303308829,0.00018781810443499065,0.0001477511235171807,0.001627345713587603,0.24339009484431948,-0.13398725390434266,0.1440858244895935,0,0.2,True,0.06958186267710945,0.08911762081741888
921.4,12.08154582977295,-0.04854675009846687,-2.9584306605743693,-0.00038973773760219143,-0.0003576051578207314,0.00548062202885215,0.006090562209646069,0.23889452557949156,-0.12293332099914552,0.1863249629735947,0,0.2,True,0.007807264372848768,-0.20897877508743232
921.42,12.0816068649292,-0.04867599159479141,-2.9535020945172565,-0.00026126912409226626,0.00014588643887690988,0.004588917931044952,0.00421777183578427,0.22620976279890212,-0.16497323513031006,0.1484809893369675,0,0.2,True,0.07018299021889078,-0.49490507527928707
921.44,12.08147144317627,-0.04912292957305908,-2.949234303181497,0.00040268979647601054,4.540900292460151e-05,0.0027192442662356234,0.005106957494486322,0.21297528753291478,-0.1406136739253998,0.14854441285133363,0,0.2,True,-0.05668056135512414,-0.4458489550118324
921.46,12.081497192382812,-0.04910663515329361,-2.9452947086598367,0.0004318277442216315,0.00023806901772849886,0.005762390341031316,0.0034289288796608784,0.20379768882195626,-0.07545446395874024,0.11855466187000276,0,0.2,True,-0.03820605031595755,-0.22504665663589007
921.48,12.08141040802002,-0.04898935928940773,-2.9413926375717274,3.0354049549423383e-05,1.1059390522339662e-05,0.0009461771204398987,-0.0006722323293373706,0.20322660917852672,-0.11789386987686158,0.13602995753288272,0,0.2,True,-0.021841537077161733,0.041935903323147054
921.5,12.081208229064941,-0.04903494939208031,-2.9371982794114917,-2.022458324277559e-06,-0.0003872340834852761,0.0015324339057667842,5.133057303055431e-05,0.2082060302680217,-0.14349731385707856,0.15649739861488343,0,0.2,True,-0.08608779672218354,0.20832064821543694
921.52,12.08138656616211,-0.04908527806401253,-2.9329761744472296,9.08350014210435e-05,0.0001299008426266889,0.0009719213000642738,0.0014253404886779009,0.2163301597987635,-0.1594454634189606,0.17735253632068634,0,0.2,True,0.01793757732333671,0.3123632784084708
921.54,12.081377983093262,-0.049135539680719376,-2.92863822623841,0.00013447261047803939,1.2758363338969936e-05,-0.0011246333967371036,0.0018494917856228337,0.22046334067917606,-0.1277527987957001,0.15975267171859742,0,0.2,True,-0.010797179814285723,0.26139250911063117
921.56,12.081357955932617,-0.04911701753735542,-2.924086224787842,-6.210373652211951e-05,-4.796509404946139e-05,0.0023811833063055307,-0.0004948678622249484,0.22821567145118166,-0.16163575887680054,0.13686498999595642,0,0.2,True,0.006230735789662535,0.15274267049200402
921.58,12.081327438354492,-0.04916055127978325,-2.9195612121571486,-0.00010653694217170233,-0.0001743950678364604,0.0006686595206234845,0.003124303963281932,0.2291174309968829,-0.1324012279510498,0.17033278703689578,0,0.2,True,0.009901867660820811,0.08338676779274524
921.6,12.081192016601562,-0.049087729305028915,-2.9147189207311257,-0.0005884544735924276,-0.0007363350426457791,0.0014703801632375316,0.005998485681607952,0.22854957343813007,-0.132296302318573,0.1267917162179947,0,0.2,True,-0.054316025098749894,-0.17683302135082452
921.62,12.081380844116211,-0.04939112812280655,-2.91030883175865,-6.77382318570367e-05,-0.00037386357700912835,-0.0003324839838710334,0.00867710296676761,0.2271342821025991,-0.13623223185539246,0.16628926157951357,0,0.2,True,0.008806640131052285,-0.2899970366185043
921.64,12.081351280212402,-0.049611058086156845,-2.9058022589127823,0.00011210091734628841,-0.00040752633709758375,-0.0019640987015966836,0.008052269047272699,0.21406902974310846,-0.08619503438472749,0.12224222958087923,0,0.2,True,0.010869330114867608,-0.4020959732766106
921.66,12.081512451171875,-0.04983013868331909,-2.901390469588957,0.00047934340319046113,0.00037859495248402064,0.0013731907311070265,0.0066086229482510755,0.20591766806742365,-0.1318361157178879,0.14240007162094118,0,0.2,True,0.08694176772115836,-0.437190518727447
921.68,12.08149528503418,-0.04967737942934036,-2.8975933983516926,-0.0001066176327983335,0.0006149018437450485,0.0023399265724261494,0.0028359891130872623,0.19638189557603047,-0.08801743507385255,0.1107148838043213,0,0.2,True,0.12217772489547854,-0.27172695786842316
921.7,12.081399917602539,-0.04993077367544174,-2.8938354183132478,0.00025254764804988084,0.000272293471151509,0.006622857433825194,0.002022286101906195,0.19215904060438543,-0.10695773839950562,0.11162021160125733,0,0.2,True,0.09123148892228741,-0.08093305230700726
921.72,12.08122444152832,-0.049876440316438675,-2.890091707266692,-0.00019125509385548869,0.00020021499637220498,0.0078101192900466,0.005630893064389764,0.19233087311362349,-0.06906599164009095,0.06344197273254396,0,0.2,True,0.0701744821131532,0.13844505078187055
921.74,12.081038475036621,-0.05011691153049469,-2.8860177463405985,0.0001080661739548586,-0.00029404665255736075,0.008671709844893754,0.0011226376980523938,0.19944302388285975,-0.11068485558032991,0.11093866229057313,0,0.2,True,-0.00979196855737866,0.22257990650089413
921.76,12.081002235412598,-0.05026916787028313,-2.882206928502595,0.00018040956106800987,0.0002010107139107021,0.007953885141481277,0.004178357793940462,0.20745749963858579,-0.061700001955032356,0.11427273392677308,0,0.2,True,0.0017547645154326712,0.3798538703714396
921.78,12.080751419067383,-0.050193045288324356,-2.8778799764026335,-0.00029758496051601177,-6.0718870096567215e-05,0.0058394999492356135,0.0026944650020817697,0.20996543312444077,-0.12225540161132814,0.11098441600799562,0,0.2,True,-0.02538062462951621,0.3602026540803094
921.8,12.080695152282715,-0.050362732261419296,-2.87349510729562,0.00018905378229002636,-0.0001373159978980913,0.007950500451281086,-0.002830130672753386,0.222719182743311,-0.09261832892894746,0.13678791880607608,0,0.2,True,-0.011075270253949254,0.3071482136051098
921.82,12.080643653869629,-0.05044678971171379,-2.8692205116906346,0.0003881534345629959,-0.00015146478820096356,0.006641259874531418,0.0005127751971521557,0.22825923620929925,-0.1225324982404709,0.1238671123981476,0,0.2,True,0.009609664801036791,0.3718874016828052
921.84,12.080328941345215,-0.0502193309366703,-2.864389393883121,-0.00037314926904348733,-0.0003288262721876538,0.007067863521164884,-0.0003806565727757676,0.23202935672700714,-0.2044762170314789,0.07425074398517609,0,0.2,True,-0.04828278870240739,0.04730995159749661
921.86,12.08025074005127,-0.05037548393011093,-2.85961923750588,-0.00012181255903986792,-0.0005922616357667797,0.00660827313331895,0.0005762352521815428,0.2397164252590804,-0.12418355822563172,0.14093195974826814,0,0.2,True,-0.039298763917683874,-0.11293519179026228
921.88,12.080142974853516,-0.05048818141222,-2.85493275875745,-1.7979421082391373e-05,-0.00092340908512204,0.004087877355086519,0.00775431035379559,0.22650397887111268,-0.19237084150314332,0.13390129983425142,0,0.2,True,-0.03488160171848246,-0.2621212570932602
921.9,12.080148696899414,-0.050638169050216675,-2.8500431976699256,-2.1874274417425013e-05,-0.0002304142890066923,0.0034973587611195674,0.008875231750628172,0.21922442086608648,-0.16821668803691867,0.19120591998100284,0,0.2,True,-0.01167382468777751,-0.5333971176682899
921.92,12.080190658569336,-0.05090682953596115,-2.8462690755734483,-0.0001420979954312519,0.000583333307318427,0.004277335383688825,0.008080089272713722,0.2110596561595654,-0.08710743427276613,0.1204702639579773,0,0.2,True,0.040055067907957355,-0.37836915726600956
921.94,12.08018684387207,-0.05113596096634865,-2.8420812838365843,6.52289423587537e-05,0.0007354564067378729,0.0056743671582962715,0.0064567122924243155,0.19704465584559538,-0.11814906597137452,0.1199838960170746,0,0.2,True,0.06706424086038347,-0.31253446247018135
921.96,12.08000373840332,-0.05120619758963585,-2.838047986264676,0.00014293268363305456,0.0003562087309981363,0.007292282787724747,0.0024230312907714013,0.19623444628981643,-0.05412620961666108,0.11330422043800355,0,0.2,True,0.04632832517354584,-0.18925804476634492
921.98,12.079867362976074,-0.051265649497509,-2.83427962520227,0.0001482478139454123,0.0003931252306375599,0.00886249802995299,-0.0003306385172412857,0.19422166386845918,-0.19262277483940127,0.14719799518585205,0,0.2,True,0.03567334758884339,0.09507910898938045
922.0,12.079691886901855,-0.05126618593931198,-2.830570319870255,-8.165424757443035e-06,0.0002343946298967723,0.007983601397574388,0.0004511169594589716,0.19591901257825006,-0.09336582183837891,0.06494844913482667,0,0.2,True,0.01902734396476433,0.23896065178222023
922.02,12.079503059387207,-0.05132522061467171,-2.8265435507271217,1.3584449829289696e-05,9.454275681270062e-05,0.008528234965401147,-0.00041591499310137574,0.2046509845647389,-0.11232562243938447,0.11385871827602388,0,0.2,True,-0.027927138488928565,0.409760603403394
922.04,12.07940673828125,-0.05143601447343826,-2.8223744652584304,0.0001452683686197524,-2.8417189488571384e-06,0.00881447030490451,0.00023008429923684123,0.21535129843237666,-0.11939470529556276,0.12206790149211885,0,0.2,True,-0.04135216458522676,0.4176464496496783
922.06,12.079208374023438,-0.05144542083144188,-2.8179075464371057,5.500884428379175e-05,-0.000313398064475198,0.006628326950840736,0.000942613725793105,0.22700251214070089,-0.12210726737976076,0.1690713429450989,0,0.2,True,-0.09390365831582582,0.22178588432407026
922.08,12.079028129577637,-0.0515049584209919,-2.813342215995656,4.1651749411170196e-05,-0.0005660292120343387,0.004675428230754555,0.0015627514663874376,0.22933072855024142,-0.15069823384284975,0.14067817807197572,0,0.2,True,-0.10599404803678124,-0.0041620415980949755
922.1,12.079024314880371,-0.051565371453762054,-2.8083833497558564,-2.2900795538101582e-05,-0.000735555503805599,0.0010159423001312382,0.0030810639564098005,0.2223938553106736,-0.13265805125236513,0.14261260986328125,0,0.2,True,-0.07933033330078722,-0.2591862544430983
922.12,12.079092979431152,-0.051674943417310715,-2.8040280069744017,-0.00020397460491138002,-0.0004591495722993981,0.00033494646195767223,0.00714527019610463,0.2150183351045289,-0.09143139004707337,0.14520090341567995,0,0.2,True,-0.007922465443719419,-0.3276611375506361
922.14,12.079212188720703,-0.05170493200421333,-2.8001160380122427,-0.0006000459913035608,0.0003247454499550512,0.000281900286774512,0.007592361851512925,0.20626761178524242,-0.12242781043052675,0.16274402022361756,0,0.2,True,0.03963247840189249,-0.20286615916653455
922.16,12.079192161560059,-0.052053194493055344,-2.7961407491873094,-0.00015460054567120054,0.000311640870644784,0.004041630995257578,0.005527318351477181,0.20311783754621437,-0.11933681011199952,0.11558879792690278,0,0.2,True,0.04611199568658006,-0.037441199062758085
922.18,12.079206466674805,-0.05214524269104004,-2.791881940813052,1.1802612590067002e-05,0.0005459740729397521,0.004186540572279754,0.0048339572951234325,0.2061645625773656,-0.03254251301288605,0.15559783279895784,0,0.2,True,0.06403247445911285,0.09967193471868177
922.2,12.078938484191895,-0.05220049247145653,-2.7877785799706962,8.464653722542443e-06,-0.00021542959248197743,0.004023906116885964,0.0005381519678502383,0.2120230391795067,-0.15679452240467073,0.1234412306547165,0,0.2,True,-0.036869193804922026,0.18577192163409426
922.22,12.07903003692627,-0.05218299478292465,-2.783622873006045,-8.602724705996146e-06,0.000290199900026583,0.00540449824350616,-0.0008293708830971163,0.21424136656274104,-0.1124913763999939,0.1287829041481018,0,0.2,True,0.003825715129531561,0.19101871556444713
922.24,12.07890510559082,-0.05220511555671692,-2.77917890605294,-0.00011983781129478325,0.00013188730428662142,0.0010920954908623071,-0.000919261595232381,0.21797959127694952,-0.10658628463745118,0.12182969927787782,0,0.2,True,-0.010096464995592398,0.149601178390375
922.26,12.078778266906738,-0.05223458632826805,-2.774742631488024,-2.6143258996905164e-05,-0.00016847377333042055,0.004492597782642435,0.0011230527427005693,0.22144605982252918,-0.10658628463745118,0.12182969927787782,0,0.2,True,0.0035253440042815262,0.050588056699031124
922.28,12.07883071899414,-0.05216270312666893,-2.770340212668556,-8.196827593381165e-05,0.00012041969217731563,0.003216188917239307,-0.0036666985957312047,0.22399113345072583,-0.15473699867725374,0.18875317692756655,0,0.2,True,0.026780432500771834,0.02536892580616727
922.3,12.078726768493652,-0.0523957721889019,-2.765907188220259,0.0002686623300431118,-0.0004816747980997798,0.005686525763848426,0.0008041676989800016,0.21828841109865985,-0.12492658674716951,0.15933524310588837,0,0.2,True,-0.035513442837952595,-0.05065736787684554
922.32,12.078558921813965,-0.05202510580420494,-2.761259615376873,-0.0005342175748507699,-0.00031203645966019106,0.0032345300909251496,0.0031451438974668343,0.22000910534144394,-0.1306203877925873,0.21052139878273013,0,0.2,True,-0.017666515123974935,-0.12548276990011034
922.34,12.078378677368164,-0.052461348474025726,-2.757279558600122,-0.00015005458059014288,-0.00105796322086052,0.0016515223556047742,0.003384149611948404,0.21739347039237947,-0.1626991927623749,0.15946025848388673,0,0.2,True,-0.07393647568657774,-0.10841200711810971
922.36,12.078683853149414,-0.05249239504337311,-2.7527394842412316,-0.00014347641069239648,0.00029346193249989595,0.0018028677073205894,0.009682732556077713,0.21395251185871186,-0.10908766865730286,0.1454586112499237,0,0.2,True,-0.019256832411959295,-0.33695453566697864
922.38,12.078705787658691,-0.052696291357278824,-2.7485157105888596,0.0001565354863188988,0.0005782719584368946,-0.0002283922910808196,0.005767068424393236,0.20961545052920663,-0.13634994566440584,0.1274346423149109,0,0.2,True,-0.018445272376996884,-0.2991762456833688
922.4,12.078719139099121,-0.05279657617211342,-2.7441434144281915,0.00042597088508429965,0.0007657490172382746,0.0016939834979698071,0.004866861591136779,0.19305274248811016,-0.13634994566440584,0.1274346423149109,0,0.2,True,-0.016890711099008242,-0.27251445233222565
922.42,12.078572273254395,-0.052880529314279556,-2.740510322557801,0.0002543634169952463,0.0001897592832588198,0.0001759005654463655,0.0026132392017824925,0.19345937073773173,-0.12219636321067812,0.13220822870731355,0,0.2,True,-0.02155209248650626,-0.07601892286209948
922.44,12.078709602355957,-0.05290384963154793,-2.737295264842175,0.00023440430133874076,0.0005050621121108661,0.00045161081939923864,-0.00039912023467460195,0.19215135567212266,-0.17400596857070924,0.07987709522247315,0,0.2,True,-0.02707559615686691,0.39172364164908163
922.46,12.078774452209473,-0.05289425328373909,-2.733038960929833,0.0002573393169915935,0.0002784220693825279,-0.0019525596900022025,0.002511161437787818,0.20353393670023556,-0.17400596857070924,0.07987709522247315,0,0.2,True,-0.0031931151692348634,0.5018562426730159
922.48,12.078673362731934,-0.05278143286705017,-2.728771305974414,-0.00026015071415586455,-0.00011113194750430308,-0.00047206419458065363,-0.0017314953710858808,0.22439063382005273,-0.07556821823120118,0.15333428382873537,0,0.2,True,0.00621580850209918,0.4666954884208504
922.5,12.078795433044434,-0.05300283059477806,-2.7242276076217737,0.0003221784370800182,-0.00024246434626498645,-7.954864809255429e-05,-0.00014999090941695176,0.23360787015159354,-0.13834447562694552,0.08061369001865387,0,0.2,True,0.02834690924580858,0.30837918313242146
922.52,12.078688621520996,-0.05276181548833847,-2.719344014136587,-0.0004002427064921157,-0.0004894271520548697,0.0009488754995667207,0.004962722967070466,0.22948699474575673,-0.16908576667308808,0.11095276892185212,0,0.2,True,0.0006282761143744231,-0.049953819208062286
922.54,12.078775405883789,-0.052880704402923584,-2.7143503313177226,-8.722694447226683e-05,-0.0007772281346978548,0.00031519304966042124,0.002706146757236594,0.22820427135080684,-0.17207545042037967,0.1538966464996338,0,0.2,True,0.0076629617048479155,-0.3602106899601786
922.56,12.078766822814941,-0.053174689412117004,-2.71041234639477,0.00015493041992123747,-0.0010182423968843452,-0.0004218021054307455,0.007012486851678299,0.22039432828341138,-0.15240289568901064,0.1428281855583191,0,0.2,True,-0.0176752976437555,-0.3696288512330462
922.58,12.078862190246582,-0.0532103106379509,-2.7059712659137,-0.0002745536198225463,-0.0007088582193642492,0.0005334882882955926,0.011090336240941126,0.2047910149547645,-0.08874424576759339,0.1404178959131241,0,0.2,True,0.029108533218595124,-0.3769025685275249
922.6,12.078953742980957,-0.05325736477971077,-2.701712467873905,-0.0006669991721324833,-0.00013104001809567905,-0.00046514831193444255,0.00922964996038534,0.1999166866470979,-0.1707389795780182,0.13190558075904849,0,0.2,True,0.0607538108030072,-0.3073164189685662
922.62,12.079111099243164,-0.053703080862760544,-2.697967050121333,0.00010704301330166807,9.023319702636866e-05,0.0026438757071492224,0.009646238536275503,0.19805206586858942,-0.1488341683149338,0.14451990067958834,0,0.2,True,0.06845343349844374,-0.035211128939033436
922.64,12.07911491394043,-0.05382692441344261,-2.694419011462994,0.0001385116786728256,0.0001982915998327359,0.004438502758812317,0.00975132004546557,0.1958090147659135,-0.1946068572998047,0.14760083317756653,0,0.2,True,0.10052320747591245,0.18942809491891754
922.66,12.079002380371094,-0.05399809405207634,-2.690127100644227,0.0001942692188650871,0.0003683391573564733,0.006009762968166112,0.002558197326647829,0.2019741246396444,-0.2421645295619965,0.08648111820220948,0,0.2,True,0.058155520062865534,0.25555854095613917
922.68,12.078970909118652,-0.05411430820822716,-2.6860477466926462,0.00019991745497022006,0.0005942131741786119,0.00757670828613124,0.005087673313860428,0.21507093424059753,-0.18026427268981934,0.12013762116432192,0,0.2,True,0.05153610155375788,0.32815153516115275
922.7,12.078767776489258,-0.05409698933362961,-2.6818091201501533,-0.00045075822556973666,0.00044256574292991774,0.0072963173121808455,-0.0014910435075453138,0.218496749145091,-0.12892782151699067,0.05962695300579072,0,0.2,True,-0.009762109010378286,0.3443551967908861
922.72,12.078749656677246,-0.0544591024518013,-2.6772133367237374,0.00015307816645388872,0.0001077753299084649,0.008561390883115057,-0.005692700410039613,0.22206113757881915,-0.1619174200296402,0.13342097759246827,0,0.2,True,-0.014024180505724479,0.1720548621563679
922.74,12.078426361083984,-0.05415022000670433,-2.672647360712611,-0.0007642122991607992,5.28944543795315e-05,0.005228794247335449,-0.0017337091779226488,0.22952254038292938,-0.14682150959968568,0.12713026702404023,0,0.2,True,-0.034264161841742066,0.08116066891275973
922.76,12.078154563903809,-0.054013870656490326,-2.6682828556863316,-0.0009494375724659269,-0.0008341960946402713,0.006454773845672708,-0.00405512568447634,0.228835323213114,-0.1342998778820038,0.09229375958442688,0,0.2,True,-0.08472387393456171,0.05194139570121435
922.78,12.07833194732666,-0.054162316024303436,-2.6634473169195356,-0.0002885424300960537,-0.0004807932610669021,0.004555184364843973,0.003348865684531284,0.22498960265810589,-0.23739652156829835,0.13169656395912172,0,0.2,True,-0.03126204157651307,-0.20819457068538966
922.8,12.078142166137695,-0.05440574139356613,-2.658906510866705,0.00024321167278942363,-0.0012143623234807043,0.0017834809683562845,0.00805198195268507,0.22621644923491252,-0.17092195272445682,0.13785824537277222,0,0.2,True,-0.11109586531227926,-0.2310499869991858
922.82,12.078226089477539,-0.05455576255917549,-2.654648192499953,0.00046738036409581636,-0.0007755165806893093,0.002727830921213124,0.00810722274373633,0.2128669747280897,-0.1241671234369278,0.14521392941474917,0,0.2,True,-0.09520995905850352,-0.17622848690712767
922.84,12.078327178955078,-0.05465066060423851,-2.6501855397475294,0.00048136223558396015,-0.00017244901729640642,-0.0024328953793141808,0.006367962256106811,0.21035132425316969,-0.13720010280609132,0.12501733481884003,0,0.2,True,-0.035440018485707575,-0.17946254519078017
922.86,12.078442573547363,-0.05483762174844742,-2.6464179589412797,0.000670042098563443,5.1673796295636585e-05,-0.0030616123598402054,0.0045663654303464765,0.21089132370552846,-0.13967176318168642,0.15746713042259217,0,0.2,True,-0.0871578960123001,0.10857403250981607
922.88,12.078554153442383,-0.054763056337833405,-2.6420784049264427,0.000254473421092041,0.000502125073329928,-0.0010517205105017716,0.0025771895984398295,0.21185944561964276,-0.1391371923685074,0.08367602646350861,0,0.2,True,-0.018304590085506334,0.17236967693567898
922.9,12.078615188598633,-0.054760806262493134,-2.6377768866035263,-3.196661478933824e-05,0.0005735026135944571,-0.004244800759764542,-0.0014528132620446402,0.22155289732886707,-0.15403381168842317,0.05773734450340272,0,0.2,True,-0.013938921548855374,0.22214980519496705
922.92,12.078499794006348,-0.054791342467069626,-2.6332367840979733,-0.0002558386608214572,-0.0002155142035545574,-0.0038972625861533557,-0.0008715212688636049,0.22414089840801146,-0.1401853346824646,0.15424748480319977,0,0.2,True,-0.02909787798227115,0.19750871659749175
922.94,12.078683853149414,-0.05457189679145813,-2.6286937271549613,-0.000633557726527311,0.0004133149122578907,-0.004176726083749206,-0.0026792204282385947,0.22866330812113492,-0.1321851432323456,0.09795069813728334,0,0.2,True,0.052652457433547135,0.08317897797817364
922.96,12.078792572021484,-0.05455039441585541,-2.6241471330537927,-0.0005214172334257215,2.736265666021975e-05,-0.0033795507490846544,-0.0013587921931366195,0.22766014294745018,-0.1443612188100815,0.1240019452571869,0,0.2,True,0.0702712614211047,0.040510604652461375
922.98,12.078801155090332,-0.05441008508205414,-2.619483821953826,-0.0006132146449006698,-2.86794463658826e-05,-3.260416507861624e-05,0.0028834723925748188,0.22820721556712437,-0.13632550418376924,0.16455143809318545,0,0.2,True,0.05143860042158716,-0.06360019954431755
923.0,12.078680992126465,-0.05456313118338585,-2.615023972662168,-0.0003392103241665241,-0.0007515139661917782,0.0017244383275378953,0.001756716624080823,0.22738174678021003,-0.06840082287788392,0.15214022278785708,0,0.2,True,0.03282757472941793,-0.22046984928561947
923.02,12.078801155090332,-0.054770540446043015,-2.610437149909608,0.0004107465895553237,-0.0005118159113354647,-6.163805002597559e-05,0.0015895627344864453,0.22357529215759414,-0.11675048589706422,0.1438581657409668,0,0.2,True,-0.0381683090388206,-0.3196015530952844
923.04,12.078743934631348,-0.05474122613668442,-2.6059565933113924,0.00042198201354247633,-0.00035083540806449205,-0.0007533447707336091,0.0032151687276777557,0.21002255500461667,-0.13298993051052094,0.15057801246643068,0,0.2,True,-0.08793802016651298,-0.35545030361245966
923.06,12.078869819641113,-0.0545172318816185,-2.601597798581235,0.00037763638709871906,0.0003432576822279936,-0.0030860688881814867,-0.00023285731992968317,0.20263909131952487,-0.13691094398498538,0.13648076474666596,0,0.2,True,-0.07844548772908311,-0.34449561287717667
923.08,12.078864097595215,-0.054753560572862625,-2.59822216826179,0.0008067738837035451,6.846328078595872e-05,-0.005310603285786742,-0.0004685791616897573,0.1989457224911987,-0.07649216711521149,0.06298573315143585,0,0.2,True,-0.11251812939677973,-0.026148611868656038
923.1,12.07900333404541,-0.05462763085961342,-2.5942260226040377,0.0005313337937940498,0.00011939606374888827,-0.0063372770683558345,-0.0003422108563287617,0.1960156431274059,-0.16186513245105744,0.08016978800296784,0,0.2,True,-0.10709842661071665,0.16629087516864738
923.12,12.07908821105957,-0.05448948219418526,-2.5900409355120884,0.00019675381180014095,3.931980762593527e-05,-0.009754795122480592,-0.004798975828036595,0.20793066605512311,-0.12074916303157808,0.1105591642856598,0,0.2,True,-0.1052245528724468,0.21012324362094964
923.14,12.079288482666016,-0.05423000082373619,-2.5859165471310344,-0.0001957677502393068,0.00033659840690129474,-0.011653943017043202,-0.003582197267618271,0.21594236133302347,-0.16923257827758792,0.09481970191001893,0,0.2,True,-0.05468651940740792,0.32630022024054073
923.16,12.079327583312988,-0.05401764437556267,-2.5815877149773954,-0.0006500470845271911,-2.4627730155584814e-05,-0.01372856751557483,-0.0027766532671141394,0.2157555819808594,-0.06696200489997864,0.13671825766563417,0,0.2,True,-0.015055403083622547,0.23492006452437936
923.18,12.079644203186035,-0.053892359137535095,-2.5769506336974115,-0.0004727486936488952,6.638852514743022e-05,-0.01071219862094449,0.00010864289489038656,0.22211966074662542,-0.1304208964109421,0.07336999535560608,0,0.2,True,0.04137065594986187,-0.016916432672294347
923.2,12.079900741577148,-0.05371788144111633,-2.572780488953611,-0.0006181497022006186,0.00010991167441556738,-0.010959227369171012,9.802832870691065e-05,0.22672427121708308,-0.11916425526142121,0.11252530992031098,0,0.2,True,0.10562501207095427,-0.06740912032164266
923.22,12.08001708984375,-0.053778763860464096,-2.5681469742712952,-0.0004034628995898457,-0.0006257238918532578,-0.00834429054105256,0.00323000433248242,0.21458904671923923,-0.1261745458841324,0.17093261718750002,0,0.2,True,0.03165916602463489,-0.25307628494637613
923.24,12.080070495605469,-0.053552012890577316,-2.5634497732800194,-0.00046738794664707994,-0.000794028449446908,-0.005278566549894165,0.0029921949503627443,0.21036285235512522,-0.06561430215835572,0.1704664182662964,0,0.2,True,0.026389629485103375,-0.36917476177831526
923.26,12.080345153808594,-0.0537472628057003,-2.5597835099598636,0.0007783626645693102,-0.000709804637281146,-0.008179465338972403,0.00016807483534723696,0.20187355795090497,-0.08547289043664934,0.12942504167556765,0,0.2,True,0.01856544994159486,-0.12002464806743587
923.28,12.080385208129883,-0.05368758738040924,-2.555951460765216,0.0008315739738178785,-0.00029507906565329146,-0.008848057010364662,0.003374358610390316,0.19719029027484472,-0.15374476552009583,0.06442870676517487,0,0.2,True,-0.058694611688654856,-0.03802356146188136
923.3,12.080571174621582,-0.053430404514074326,-2.5519970896352375,0.0004903300744066678,0.00030140575424531196,-0.006859054545726322,-0.0020632447518400343,0.2049870748738531,-0.18535984992980958,0.06970581352710725,0,0.2,True,-0.029658875319721948,0.17346665547020101
923.32,12.080809593200684,-0.05338572710752487,-2.547674550058024,0.00037875179132415717,0.000771979600889337,-0.009974135484988956,-0.004034865052117733,0.20732096743817316,-0.1620509469509125,0.056127849221229556,0,0.2,True,-0.018575619079810212,0.24553703864698473
923.34,12.080709457397461,-0.053304966539144516,-2.543384543969947,2.1310465937814008e-05,0.0001497384226738438,-0.010552175364551372,-0.002634664629816154,0.21575089038852815,-0.13716919839382172,0.10000780880451203,0,0.2,True,-0.059152102018927115,0.14423270717727626
923.36,12.080865859985352,-0.05297354236245155,-2.5393657833701537,-0.000402804917911117,0.0005861887451512292,-0.010334106536750239,-0.0019019794850776098,0.21683325336661355,-0.13650403380393983,0.10979507803916932,0,0.2,True,0.02708528760524137,0.06221740934650135
923.38,12.08115005493164,-0.05278082564473152,-2.5347370184041464,-0.0006299790482071724,0.0009742082392124261,-0.011591222707242912,-0.003067066672363965,0.2165256914480411,-0.18164269626140597,0.11139108836650849,0,0.2,True,0.09002150100205844,-0.10189054909269457
923.4,12.081404685974121,-0.0527920126914978,-2.5303278897887105,-0.00011459013659773292,0.0005293795673481294,-0.007807312476571617,-0.005303686863236597,0.21229836018588874,-0.13448534190654757,0.18036913573741914,0,0.2,True,0.13673937713963386,-0.08330511091977083
923.42,12.081331253051758,-0.05257458612322807,-2.5260624886541194,-0.0003128346670920226,0.0001990576799617816,-0.0033504552843932472,-0.003147996215598966,0.20759964646112,-0.12828450739383698,0.13952277779579164,0,0.2,True,0.17680485059449547,-0.09805868813356086
923.44,12.081133842468262,-0.05226762592792511,-2.522381914555274,-0.0010165265975109622,-9.278694319621327e-05,0.0006050436344260659,-0.004162694875401739,0.21016884449302847,-0.10087178051471711,0.07692614734172822,0,0.2,True,0.14908268197691774,0.05023927736870733
923.46,12.081223487854004,-0.052420444786548615,-2.5181290466872484,-0.0003362359331248145,-0.0003572391017624198,0.002553165340323961,0.002692703480319846,0.20868099639735221,-0.1107151883840561,0.1279380625486374,0,0.2,True,0.10857381989844599,0.09537761593075093
923.48,12.081171989440918,-0.05254891887307167,-2.5135143822292596,3.1330908823176065e-05,-0.0006565634361023699,0.004119302081587905,0.01127203271997889,0.21631750237538738,-0.10901417315006257,0.18015161991119386,0,0.2,True,0.02635542412803458,-0.0018324286385654211
923.5,12.081291198730469,-0.05286872759461403,-2.5093680089423227,0.0008503039966595543,-0.0008209893823612041,0.005335450307486874,0.006617914986271299,0.21522985573558398,-0.1621138405799866,0.14162254214286807,0,0.2,True,-0.07178530168034528,0.16436532910543347
923.52,12.08139705657959,-0.0531909316778183,-2.5050765143652587,0.0015526285646953115,-0.000984026811264169,0.0027134775646669145,0.0019062319714433292,0.21002225020194337,-0.17549018144607545,0.12098025560379029,0,0.2,True,-0.1372379216116565,0.19419103359936513
923.54,12.081192016601562,-0.05309978127479553,-2.5009106582284173,0.0007906421576082617,-0.000885730241361199,-0.0031896587940984386,0.0003688284096432597,0.22183022272577493,-0.07820335447788239,0.13402183830738068,0,0.2,True,-0.1548707519283992,0.2954148236089899
923.56,12.081088066101074,-0.052800584584474564,-2.4967126022131194,-6.856434360755777e-05,-0.0005401294502047262,-0.0068597316473346295,-0.003190381962008324,0.23185278506332246,-0.12422949135303499,0.1164896070957184,0,0.2,True,-0.08101754112537467,0.3213568753753987
923.58,12.081513404846191,-0.05273985490202904,-2.4916215911242516,0.00018292649038707695,0.00032510223077712806,-0.007054209846791399,0.002302916190340218,0.23886304162431526,-0.07408487737178804,0.1432444041967392,0,0.2,True,0.08553251459928154,0.0829643041484233
923.6,12.081682205200195,-0.05265708640217781,-2.4865282915601834,-0.0001054758005701001,0.000891723901598417,-0.0037679257253663747,0.0013765694059099912,0.23573080023198842,-0.19804718971252444,0.1270201635360718,0,0.2,True,0.1617164989282538,-0.13879287155865982
923.62,12.08175277709961,-0.05290493369102478,-2.4818016148984623,-0.0003672958126657427,0.0005204795807201033,0.003652942373847586,0.0020249160286869524,0.2284673670576522,-0.1381454306840897,0.13678368806838992,0,0.2,True,0.1787130753880506,-0.27473005613666357
923.64,12.08139419555664,-0.052704278379678726,-2.4778541381945507,-0.0012932380031744307,-0.00010139018680565356,0.006077588266932293,0.0038426643477140034,0.220749355338624,-0.07790305137634278,0.1819020438194275,0,0.2,True,0.17013032707098036,-0.18097626322100213
923.66,12.081381797790527,-0.053046975284814835,-2.473344201759656,-0.000846504626159496,-0.0005650433364079995,0.007242836184239645,0.0016524497693868397,0.21688463713340217,-0.11735161781311036,0.15806766986846926,0,0.2,True,0.1029008216373145,-0.15924780866608923
923.68,12.081488609313965,-0.05319876968860626,-2.4688683431331095,-0.00032457867931489205,-9.367377008929926e-05,0.009842500440299676,0.004931264573466586,0.22125269917432142,-0.11879812538623812,0.11436084091663362,0,0.2,True,0.09390680851920563,-0.1223227477278674
923.7,12.081379890441895,-0.05336771532893181,-2.4644508439277812,4.505356606411372e-06,-0.00010387633043176964,0.011885008104836958,0.0037674478271502443,0.21572754236435854,-0.11994886100292207,0.13022041618824007,0,0.2,True,0.09403594351241451,-0.09572151208226022
923.72,12.081024169921875,-0.05350347235798836,-2.460153922260596,-8.327765678357297e-05,-0.00034388950848233024,0.013590132948472586,0.005836752567464941,0.2109635355203896,-0.12183871150016785,0.13506172358989718,0,0.2,True,0.04547161101774889,-0.13883116913541727
923.74,12.080829620361328,-0.05387761443853378,-2.4560859983704986,0.00038608307053869745,-0.0009251067771974233,0.014765711665236655,0.0027460019698454076,0.20922691616681743,-0.08818894267082215,0.14059913754463196,0,0.2,True,-0.01798124266517293,0.009557990491991191
923.76,12.080938339233398,-0.05424627289175987,-2.4519912602914697,0.0011393140559042801,-0.0006979976218250945,0.013480229321721448,0.005947344197214046,0.21014620564348235,-0.07774852514266968,0.071937894821167,0,0.2,True,-0.03276445502709441,0.03818621496275262
923.78,12.080604553222656,-0.05428558215498924,-2.447712690634451,0.0001802236777957214,-0.00019206875007326884,0.010446508691624432,0.009239738936957223,0.21649218160371714,-0.10123157888650895,0.13342793703079225,0,0.2,True,-0.030623267178266588,-0.001083232793432574
923.8,12.08049488067627,-0.05455666407942772,-2.4433422258091326,-2.4319936203639415e-05,7.128369090018879e-05,0.010968976546307418,0.0037049256315232057,0.21401843271740703,-0.13368036270141603,0.0917769753932953,0,0.2,True,0.01831173974686296,-0.10818445245247502
923.82,12.080659866333008,-0.054980337619781494,-2.4387666238421923,0.0005059125189227594,0.0006670248680428553,0.012315850290974074,0.007069015561017854,0.20914025754334278,-0.18572325110435486,0.13884214222431185,0,0.2,True,0.07410581045763494,-0.24466067983723452
923.84,12.080456733703613,-0.05503743886947632,-2.4348697856740684,-1.1774508337477603e-05,0.0011965588064163331,0.014945168501471234,0.001072586555598068,0.20149144944727992,-0.18572325110435486,0.13884214222431185,0,0.2,True,0.12478970251185426,-0.1515160477647047
923.86,12.080218315124512,-0.05535393953323364,-2.430981470030975,0.0002871656772509644,0.0007666283723283621,0.01637497352823826,-0.005004455239512251,0.19691932721672836,-0.1722567963600159,0.11934657335281373,0,0.2,True,0.07137799581937855,0.007550695739353128
923.88,12.079641342163086,-0.05539828538894653,-2.427222909853342,-0.0003774744214687043,0.00015174255338321478,0.020952152747260866,-0.0043875325818187975,0.20189714889622445,-0.07507099390029907,0.14081113755702973,0,0.2,True,0.00903438047319203,0.2602583783281932
923.9,12.079405784606934,-0.05553139001131058,-2.4230130776648684,-0.0006317869127010056,-0.00020422698204606668,0.018026089956519165,-0.004902814030144148,0.20974431320249048,-0.08021816924214364,0.12262802362442017,0,0.2,True,0.030059754427657636,0.36708372327208344
923.92,12.078960418701172,-0.055870383977890015,-2.418718013762385,-0.0007563434663508772,-0.0013334032233260692,0.01566791893932594,0.001849167289287375,0.22231211971351644,-0.16086437940597537,0.1269076818227768,0,0.2,True,-0.07078084166961358,0.28659819161579775
923.94,12.078874588012695,-0.05600804463028908,-2.4142019249747673,-0.000694539006322924,-0.0007575821079189699,0.0187797538824521,0.0036332582505118477,0.22628602507851006,-0.16399105310440065,0.14432420611381533,0,0.2,True,-0.02156841625035138,0.11962942019878735
923.96,12.0787992477417,-0.05633842200040817,-2.4094379402762516,-0.00014880953541945825,-0.0007166419089860036,0.015289685413688883,0.008255088429852458,0.2248250042255,-0.12294160723686219,0.135855867266655,0,0.2,True,0.04436046049672058,-0.15626748873710675
923.98,12.078476905822754,-0.05674745514988899,-2.4049101956585783,1.3424527847221445e-05,-0.001134462241843703,0.01630061665649017,0.009099604151512383,0.21931466681839837,-0.11727406889200212,0.11872794687747956,0,0.2,True,-0.03158709568445875,-0.24456304965027878
924.0,12.078492164611816,-0.05717921257019043,-2.400732013424336,0.0004362485040163826,-0.0008065271697689306,0.0192167557790654,0.007674223289790764,0.2098107206145415,-0.08443863153457642,0.12681554436683656,0,0.2,True,-0.025539447428268126,-0.21012509702671184
924.02,12.078397750854492,-0.05742335692048073,-2.3966567516293114,0.00021124424984641642,-8.41230618016676e-05,0.0162527862276977,0.008761717467364951,0.20672098110650555,-0.08443863153457642,0.12681554436683656,0,0.2,True,-0.015039551250868215,-0.13272637390863357
924.04,12.078079223632812,-0.05782902613282204,-2.3926530826271035,-0.00023458239472651414,-0.00016648643918086665,0.01324652961942929,0.012095884077708053,0.20801499646337834,-0.07881436124444009,0.07936627745628358,0,0.2,True,-0.06219625651225988,-0.060479289450258926
924.06,12.077996253967285,-0.05814418941736221,-2.388372517170073,-0.00039939486154728964,0.0002671853910469485,0.015097452556421809,0.008886336999482184,0.20869655690571734,-0.1575703036785126,0.13527403652668002,0,0.2,True,-0.004817043708271357,-0.041088874781097594
924.08,12.078374862670898,-0.05860947072505951,-2.384090813707257,0.0004921205182082223,0.00112522755718426,0.014241055258082065,0.007268734731701035,0.20497237745851832,-0.09256375491619111,0.17022172808647157,0,0.2,True,0.09346692704382238,-0.12786833890842345
924.1,12.0780029296875,-0.058768078684806824,-2.3799610270768454,0.00010677479335096415,0.0007779622944630554,0.015867422731035793,0.004392806083333621,0.20343387112401606,-0.16701289713382722,0.16330367088317874,0,0,True,0.104347838057089,-0.1675002520932039
924.12,12.077651023864746,-0.059034328907728195,-2.3762552924304137,0.00017196308781020574,0.0004085575080352288,0.020723883782938907,-0.005081722676108751,0.19778552935069924,-0.060902399420738225,0.12898238301277162,0,0,True,0.10675297285345708,-0.20581087218898722
924.14,12.077320098876953,-0.05927453190088272,-2.3720978074801433,0.00016845519740058332,0.00024014955935358474,0.0234452796009932,-0.005814556729611864,0.19529653673825417,-0.15169998824596406,0.12493444323539735,0,0,True,0.08159636635088433,-0.4592950192642852
924.16,12.076897621154785,-0.05946486443281174,-2.3682679713592156,5.2940481979003615e-05,-0.0003321427659160487,0.022781293086350865,-0.005281580905288253,0.18850750768341432,-0.13034645795822145,0.1316561633348465,0,0,True,-0.02102158299045892,-0.6362876197396102
924.18,12.076332092285156,-0.05973897501826286,-2.3643373041377993,-0.00022596266954284206,-0.0010705224582824664,0.022395132039100603,-0.0071361196832276765,0.16669026958290667,-0.1732004636526108,0.1252785474061966,0,0,True,-0.10546386408698794,-0.9742569924866153
924.2,12.076051712036133,-0.06000502407550812,-2.361174691815733,-0.00011880528938283638,-0.0009450810631060435,0.019042157143701333,-0.00609750330765704,0.14688251977150438,-0.06011817336082459,0.1640524071455002,0,0,True,-0.15960292559990386,-1.3383290729194623
924.22,12.075642585754395,-0.06012408062815666,-2.358762585913504,-0.0003152979129878291,-0.0014222786605068594,0.015008170474029848,-0.005535231956161749,0.11735597733928507,-0.014019932448863985,0.13188567876815796,0,0,True,-0.1887323776101686,-1.479705802442306
924.24,12.075471878051758,-0.06019003316760063,-2.3565173697774893,-0.00021372120725978005,-0.001176391756282499,0.010013059038352024,-0.006591695452052151,0.08144118184980255,-0.05355975389480591,0.07874314904212952,0,0,True,-0.20336031169727786,-1.634236589173497
924.26,12.07516860961914,-0.06027185916900635,-2.3549488259506517,-0.0004057388076177698,-0.001319570875802611,0.0072965418302793905,-0.006427565145489042,0.04831380538746164,-0.00555349487811327,0.04413187414407731,0,0,True,-0.21176744555693036,-1.5737144741968818
924.28,12.075112342834473,-0.060198262333869934,-2.3546593972677545,-0.0004477405409623324,-0.000955866311962528,0.002773332207933899,-0.006863599148740976,0.016143592637743523,-0.06211063046008349,0.049949065446853645,0,0,True,-0.17981404601189843,-1.155033688696448
924.3,12.07486629486084,-0.06017420440912247,-2.3548974814825105,-0.0003511426452869279,-0.0015062178388380826,-0.0019332251705091743,-0.0065246948969347445,-0.008541180596350966,-0.0004583805706351996,-0.002027351036667824,0,0,True,-0.19128176405979563,-0.644112233614954
924.32,12.074926376342773,-0.05995948985219002,-2.355225882366469,-0.00013171060951561465,-0.0011008310281017384,-0.00437206464260721,-0.003622536125553688,-0.010961513245960562,0.0007645479729399086,0.003165202252566815,0,0,True,-0.15408342445573642,-0.14904523145257437
924.34,12.074908256530762,-0.05979374423623085,-2.35563212039836,-0.0002655856518087452,-0.0011528995943923016,-0.00800599929451209,-0.0013583886693602082,-0.003215173301761041,-0.004414958618581296,-0.009315681755542756,0,0,True,-0.12209739796361697,0.23579901382472548
924.36,12.075154304504395,-0.05974597856402397,-2.355536318327432,0.0001609018587753027,-0.0012333400904677007,-0.00955334174853132,0.0022525835449304613,0.004219974121531475,-0.0041373993828892714,-0.006528462693095208,0,0,True,-0.09456576889235153,0.23384447923049534
924.38,12.075242042541504,-0.05964426323771477,-2.3551546953466516,0.00011409399537563418,-0.001365238031695715,-0.01170101700760353,0.0033961982268692703,0.010322740509636726,-0.008588681742548943,-0.009224010035395623,0,0,True,-0.0705740003610787,0.08390237553588262
924.4,12.075593948364258,-0.059546057134866714,-2.354888284436747,9.526489136986243e-05,-0.0012555549602668498,-0.011937326153988452,0.0012264923600516665,0.007746045092462051,-0.013166796788573267,-0.008729612454771996,0,0,True,-0.02433271524557958,-0.033908062630176615
924.42,12.075761795043945,-0.05932306498289108,-2.35480630115759,2.3080959224596183e-05,-0.0011554181993539585,-0.013651919323393252,0.0015546128747081622,0.0034970167411034632,0.017058961242437363,-0.00281969852745533,0,0,True,0.043851650057199425,-0.1207843625138692
924.44,12.075898170471191,-0.05913911014795303,-2.3549166347200345,2.5520107859283133e-05,-0.0011473877408511763,-0.011499958968178682,-0.0012504026664603317,0.0015073291111159578,-0.014396246969699862,-0.01114286132156849,0,0,True,0.10288702370828046,-0.12594308157079093
924.46,12.076101303100586,-0.0589587427675724,-2.354874934007363,-9.925197547747075e-05,-0.000924596704648426,-0.008192885003025781,-0.0003928113019882823,0.0006599915085222462,-0.008272417932748796,-0.009459357857704163,0,0,True,0.18388746466108333,-0.05475494687826174
924.48,12.076172828674316,-0.058824047446250916,-2.3547676981078576,-0.0001726809615897314,-0.0008358593614615154,-0.0037063642573218047,0.0008495760606063449,-0.0023294014332063775,-0.013079973310232165,-0.009427670091390611,0,0,True,0.19283799495764956,-0.05559257720354701
924.5,12.076202392578125,-0.05883680284023285,-2.354753501836908,-0.000211981844200087,-0.0007171018420793684,0.0010590778495009406,0.0004836570500803636,-0.0008833790091597167,-0.005116493105888367,-0.005070943050086499,0,0,True,0.18459497410973316,-0.07392892317641286
924.52,12.076155662536621,-0.05897713825106621,-2.355102986834691,-2.9280992362212845e-05,-0.0008825279165846263,0.00392708062841925,0.0007356875537964044,-0.002940077065163758,0.0005828949436545372,0.001364942267537117,0,0,True,0.12794211766236424,0.05912905829289878
924.54,12.076068878173828,-0.05904605984687805,-2.354945604328096,-2.3775071233188353e-05,-0.0009171225779524813,0.006574712925739439,-0.0003451556305814774,-0.005254322345585404,0.007459217160940171,0.005694177336990834,0,0,True,0.06918349034024167,0.011774546209434614
924.56,12.075992584228516,-0.05908801034092903,-2.3550029042730705,-0.00011686717051038126,-0.000644338405056636,0.006529005155658026,-0.0005587844553006874,0.0024009232302212233,0.00515088975429535,0.006541206799447537,0,0,True,0.03697157481453055,0.0641216280743711
924.58,12.075811386108398,-0.05918968841433525,-2.355173847624555,-0.0001452404087300706,-0.0009975152243255167,0.006593757076723106,-2.1580057880834884e-05,5.858468759553426e-05,0.004597867876291275,0.005144143104553223,0,0,True,-0.011255405141119567,0.101397442581144
924.6,12.07575511932373,-0.05931534245610237,-2.354910912976273,2.346436766335006e-05,-0.0011737735450960964,0.006884806613583207,0.0002164840032628625,0.002189653180788555,0.008881294466555119,0.008664603717625141,0,0,True,-0.013445776221247997,-0.03772915229728625
924.62,12.075695037841797,-0.059418220072984695,-2.354940917553088,-3.3742051861243933e-06,-0.0011420388248729314,0.005674280514449413,0.0008613431257419096,0.002857473060910266,0.004491121023893357,0.007588297426700593,0,0,True,-0.02021549407513639,0.03233540665824218
924.64,12.075615882873535,-0.059490203857421875,-2.3548277320186073,8.131148542742163e-05,-0.0012465417602598747,0.0054533430579576355,0.0002867187006372414,-0.0006174089535632209,0.00424482697620988,0.004914724938571454,0,0,True,-0.024834675934788275,-0.026084858116778135
924.66,12.075539588928223,-0.059559740126132965,-2.3549452497796826,4.050261603135363e-05,-0.0011649538073356552,0.004976517550713665,0.0002832136670284139,0.002645417220252556,0.00376750385388732,0.00531088799238205,0,0,True,-0.015613868376939562,-0.03639846700051427
924.68,12.07546329498291,-0.05964044854044914,-2.354960305692558,1.9179797043868854e-06,-0.001181834621680009,0.004898032538801952,0.0001376494421721549,0.00010286453144820196,0.0038694122433662417,0.004933851789683104,0,0,True,-0.023424414262552515,0.02052849468670399
924.7,12.075429916381836,-0.05971608683466911,-2.354729284175468,6.158077291993625e-05,-0.0012459263356342772,0.004425171044293609,5.219258676561218e-05,-5.4404299132365575e-05,0.004211586844176054,0.0051779264211654664,0,0,True,-0.0245100607650527,-0.07581526409157197
924.72,12.075346946716309,-0.059775397181510925,-2.3548195028560914,-8.264539182992501e-05,-0.0012115120137579404,0.0035793899169524754,-0.0001679444659646223,0.0010248706213739386,0.003106494508683682,0.004352208413183689,0,0,True,-0.039047011342648534,-0.031004473297981915
924.74,12.075292587280273,-0.05981338024139404,-2.354949602123613,-9.796532348256304e-05,-0.0012130320782980644,0.0030157126895084463,-0.0005782359733749306,-0.0034198039070763037,0.0045618944801390175,0.0042382642999291426,0,0,True,-0.043886178429630926,-0.009064880319018807
924.76,12.075251579284668,-0.059833720326423645,-2.354878316042848,-4.9422419545712945e-05,-0.001230759158547125,0.001774271631388471,-0.00038547677840931947,-0.00237749333239162,0.0024287585727870466,0.002042346242815256,0,0,True,-0.041706971103908974,-0.03344522791945358
924.78,12.075226783752441,-0.05985422432422638,-2.3550028684880338,-9.199314125280513e-05,-0.0012252755903584538,0.0009142767699263279,-0.00023293023119620683,-0.0007795947246532106,0.0013071273360401392,0.0021765734627842907,0,0,True,-0.04116260603479595,0.04191636904913153
924.8,12.075224876403809,-0.05985412001609802,-2.3550097023226826,-9.226104302270576e-05,-0.0012055968632523168,0.00024283222864279205,-6.084091482239886e-05,-0.001650747612179914,0.0007053842395544053,0.0002701073326170445,0,0,True,-0.02733408808885307,0.029861606578596735
924.82,12.075227737426758,-0.0598520003259182,-2.3550119697015854,-9.099153856665271e-05,-0.0012093267211028208,-0.0002772957932769139,-4.089700691282552e-05,-6.649438314406604e-05,-0.0006012425478547812,-0.0003757824515923858,0,0,True,-0.017123063025072983,0.01051527565027332
924.84,12.075234413146973,-0.059844035655260086,-2.3550103758518226,-9.25822225462428e-05,-0.0012022542614025427,-0.00041245541572089363,-7.348290538157753e-06,1.1435193897340857e-05,-0.0009632389852777124,-0.0007140577863901854,0,0,True,-0.008933984769677165,0.02136100911145216
924.86,12.075240135192871,-0.05983620882034302,-2.3550081880386853,-9.172903605618362e-05,-0.0012000530301331626,-0.0004555682720802115,-1.668050912556336e-05,6.162732736908537e-05,-0.0012144476082175972,-0.0008784343581646682,0,0,True,-0.0016095523055202968,0.001190821162511598
924.88,12.075247764587402,-0.05983034521341324,-2.355008787507171,-9.081011101880181e-05,-0.0012046059242101215,-0.0004718865529317468,-3.296042160392046e-05,5.813311673713308e-05,-0.0012971622589975597,-0.0009642748953774573,0,0,True,0.0008249660237003582,0.0004474151493046422
924.9,12.075252532958984,-0.05982525646686554,-2.355007039515396,-8.722712004413575e-05,-0.0012117080984038481,-0.0004060599777184205,-9.66622516939856e-07,2.8771309856775166e-05,-0.0013582798466086389,-0.001009769211523235,0,0,True,0.0017138936582774549,-0.000571870155328068
924.92,12.0752592086792,-0.05981544777750969,-2.3550057252024836,-8.759565340058855e-05,-0.0012038330085457356,-0.000346458133824925,-2.5699450697305254e-05,4.722840584167968e-05,-0.0013897396996617318,-0.0010013491660356524,0,0,True,0.0035289969327987857,-0.0006584402954122029
924.94,12.075263023376465,-0.059813156723976135,-2.3550058863338967,-8.972215108012998e-05,-0.0012033778800431033,-0.00031845677941794495,-1.4603379004634665e-05,1.5877714942816518e-05,-0.0013313832134008408,-0.0008597030956298113,0,0,True,0.003108014736031902,-0.0001666054044719971
924.96,12.075265884399414,-0.05980927124619484,-2.3550050092347035,-9.254753021364215e-05,-0.0012057223458599648,-0.00018956679830769952,-3.890419883482914e-06,5.457893104129902e-06,-0.0012262687832117081,-0.0007758866250514985,0,0,True,0.003108515693591248,-0.00053436585323245
924.98,12.07526969909668,-0.05980639532208443,-2.3550057692982005,-9.060834980965826e-05,-0.0012036862062773613,-0.00015741879883574114,-2.2335110982187194e-05,1.5442877499008578e-05,-0.0011359837418422104,-0.000663196067325771,0,0,True,0.003497590933035038,-2.3722295585987094e-05
925.0,12.07526969909668,-0.05980449169874191,-2.3550052885710353,-9.150336322142053e-05,-0.0012046053954422218,-9.777687833749794e-05,-1.3350968233891506e-05,4.4791375830618085e-06,-0.0011214407440274955,-0.0006730629969388247,0,0,True,0.0020970389226104176,3.141185783707285e-05
925.02,12.075270652770996,-0.05980297923088074,-2.355004650903697,-9.220827999106874e-05,-0.0012015300046025429,-3.86495047753964e-05,-2.171892467436021e-05,1.3979931295939276e-05,-0.0010665378347039223,-0.0005864258226938547,0,0,True,0.001967734985448554,-0.0001930359687377828
925.04,12.075270652770996,-0.05980297923088074,-2.355004650903697,-9.220827999106874e-05,-0.0012015300046025429,-2.18036844990187e-05,-4.913144413346878e-06,7.970841731093445e-06,-0.0010341241490095855,-0.0005380201525986196,0,0,True,0.001222210979218099,-5.598921978824396e-05
925.06,12.075270652770996,-0.05980297923088074,-2.355004650903697,-9.220827999106874e-05,-0.0012015300046025429,-0.0,0.0,0.0,-0.00098308099899441,-0.00047394383233040577,0,0,True,0.0004831188096922078,-0.00017474914119915155
925.08,12.075270652770996,-0.05980297923088074,-2.355004650903697,-9.220827999106874e-05,-0.0012015300046025429,-0.0,0.0,0.0,-0.00098308099899441,-0.00047394383233040577,0,0,True,0.0002725460562375943,-9.963552163861708e-05
925.1,12.075270652770996,-0.05980297923088074,-2.355004650903697,-9.220827999106874e-05,-0.0012015300046025429,-0.0,0.0,0.0,-0.00098308099899441,-0.00047394383233040577,0,0,True,0.0,0.0
925.12,12.075270652770996,-0.05980297923088074,-2.355004650903697,-9.220827999106874e-05,-0.0012015300046025429,-0.0,0.0,0.0,-0.00098308099899441,-0.00047394383233040577,0,0,True,0.0,0.0
925.14,12.075270652770996,-0.05980297923088074,-2.355004650903697,-9.220827999106874e-05,-0.0012015300046025429,-0.0,0.0,0.0,-0.00098308099899441,-0.00047394383233040577,0,0,True,0.0,0.0
925.16,12.075270652770996,-0.05980297923088074,-2.355004650903697,-9.220827999106874e-05,-0.0012015300046025429,-0.0,0.0,0.0,-0.00098308099899441,-0.00047394383233040577,0,0,True,0.0,0.0
925.18,12.075270652770996,-0.05980297923088074,-2.355004650903697,-9.220827999106874e-05,-0.0012015300046025429,-0.0,0.0,0.0,-0.00098308099899441,-0.00047394383233040577,0,0,True,0.0,0.0
925.2,12.075270652770996,-0.05980297923088074,-2.355004650903697,-9.220827999106874e-05,-0.0012015300046025429,-0.0,0.0,0.0,-0.00098308099899441,-0.00047394383233040577,0,0,True,0.0,0.0
925.22,12.075270652770996,-0.05980297923088074,-2.355004650903697,-9.220827999106874e-05,-0.0012015300046025429,-0.0,0.0,0.0,-0.00098308099899441,-0.00047394383233040577,0,0,True,0.0,0.0
925.24,12.075270652770996,-0.05980297923088074,-2.355004650903697,-9.220827999106874e-05,-0.0012015300046025429,-0.0,0.0,0.0,-0.00098308099899441,-0.00047394383233040577,0,0,True,0.0,0.0
925.26,12.075270652770996,-0.05980297923088074,-2.355004650903697,-9.220827999106874e-05,-0.0012015300046025429,-0.0,0.0,0.0,-0.00098308099899441,-0.00047394383233040577,0,0,True,0.0,0.0
925.28,12.075270652770996,-0.05980297923088074,-2.355004650903697,-9.220827999106874e-05,-0.0012015300046025429,-0.0,0.0,0.0,-0.00098308099899441,-0.00047394383233040577,0,0,True,0.0,0.0
925.3,12.075270652770996,-0.05980297923088074,-2.355004650903697,-9.220827999106874e-05,-0.0012015300046025429,-0.0,0.0,0.0,-0.00098308099899441,-0.00047394383233040577,0,0,True,0.0,0.0
925.32,12.075270652770996,-0.05980297923088074,-2.355004650903697,-9.220827999106874e-05,-0.0012015300046025429,-0.0,0.0,0.0,-0.00098308099899441,-0.00047394383233040577,0,0,True,0.0,0.0
925.34,12.075270652770996,-0.05980297923088074,-2.355004650903697,-9.220827999106874e-05,-0.0012015300046025429,-0.0,0.0,0.0,-0.00098308099899441,-0.00047394383233040577,0,0,True,0.0,0.0
925.36,12.075270652770996,-0.05980297923088074,-2.355004650903697,-9.220827999106874e-05,-0.0012015300046025429,-0.0,0.0,0.0,-0.00098308099899441,-0.00047394383233040577,0,0,True,0.0,0.0
925.38,12.075270652770996,-0.05980297923088074,-2.355004650903697,-9.220827999106874e-05,-0.0012015300046025429,-0.0,0.0,0.0,-0.00098308099899441,-0.00047394383233040577,0,0,True,0.0,0.0
925.4,12.075270652770996,-0.05980297923088074,-2.355004650903697,-9.220827999106874e-05,-0.0012015300046025429,-0.0,0.0,0.0,-0.00098308099899441,-0.00047394383233040577,0,0,True,0.0,0.0
925.42,12.075270652770996,-0.05980297923088074,-2.355004650903697,-9.220827999106874e-05,-0.0012015300046025429,-0.0,0.0,0.0,-0.00098308099899441,-0.00047394383233040577,0,0,True,0.0,0.0
925.44,12.075270652770996,-0.05980297923088074,-2.355004650903697,-9.220827999106874e-05,-0.0012015300046025429,-0.0,0.0,0.0,-0.00098308099899441,-0.00047394383233040577,0,0,True,0.0,0.0
925.46,12.075270652770996,-0.05980297923088074,-2.355004650903697,-9.220827999106874e-05,-0.0012015300046025429,-0.0,0.0,0.0,-0.00098308099899441,-0.00047394383233040577,0,0,True,0.0,0.0
925.48,12.075270652770996,-0.05980297923088074,-2.355004650903697,-9.220827999106874e-05,-0.0012015300046025429,-0.0,0.0,0.0,-0.00098308099899441,-0.00047394383233040577,0,0,True,0.0,0.0
925.5,12.075270652770996,-0.05980297923088074,-2.355004650903697,-9.220827999106874e-05,-0.0012015300046025429,-0.0,0.0,0.0,-0.00098308099899441,-0.00047394383233040577,0,0,True,0.0,0.0
925.52,12.075270652770996,-0.05980297923088074,-2.355004650903697,-9.220827999106874e-05,-0.0012015300046025429,-0.0,0.0,0.0,-0.00098308099899441,-0.00047394383233040577,0,0,True,0.0,0.0
925.54,12.075270652770996,-0.05980297923088074,-2.355004650903697,-9.220827999106874e-05,-0.0012015300046025429,-0.0,0.0,0.0,-0.00098308099899441,-0.00047394383233040577,0,0,True,0.0,0.0
925.56,12.075270652770996,-0.05980297923088074,-2.355004650903697,-9.220827999106874e-05,-0.0012015300046025429,-0.0,0.0,0.0,-0.00098308099899441,-0.00047394383233040577,0,0,True,0.0,0.0
925.58,12.075270652770996,-0.05980297923088074,-2.355004650903697,-9.220827999106874e-05,-0.0012015300046025429,-0.0,0.0,0.0,-0.00098308099899441,-0.00047394383233040577,0,0,True,0.0,0.0
925.6,12.075270652770996,-0.05980297923088074,-2.355004650903697,-9.220827999106874e-05,-0.0012015300046025429,-0.0,0.0,0.0,-0.00098308099899441,-0.00047394383233040577,0,0,True,0.0,0.0
925.62,12.075270652770996,-0.05980297923088074,-2.355004650903697,-9.220827999106874e-05,-0.0012015300046025429,-0.0,0.0,0.0,-0.00098308099899441,-0.00047394383233040577,0,0,True,0.0,0.0
925.64,12.075270652770996,-0.05980297923088074,-2.355004650903697,-9.220827999106874e-05,-0.0012015300046025429,-0.0,0.0,0.0,-0.00098308099899441,-0.00047394383233040577,0,0,True,0.0,0.0
925.66,12.075270652770996,-0.05980297923088074,-2.355004650903697,-9.220827999106874e-05,-0.0012015300046025429,-0.0,0.0,0.0,-0.00098308099899441,-0.00047394383233040577,0,0,True,0.0,0.0
925.68,12.075270652770996,-0.05980297923088074,-2.355004650903697,-9.220827999106874e-05,-0.0012015300046025429,-0.0,0.0,0.0,-0.00098308099899441,-0.00047394383233040577,0,0,True,0.0,0.0
925.7,12.075270652770996,-0.05980297923088074,-2.355004650903697,-9.220827999106874e-05,-0.0012015300046025429,-0.0,0.0,0.0,-0.00098308099899441,-0.00047394383233040577,0,0,True,0.0,0.0
925.72,12.075270652770996,-0.05980297923088074,-2.355004650903697,-9.220827999106874e-05,-0.0012015300046025429,-0.0,0.0,0.0,-0.00098308099899441,-0.00047394383233040577,0,0,True,0.0,0.0
925.74,12.075270652770996,-0.05980297923088074,-2.355004650903697,-9.220827999106874e-05,-0.0012015300046025429,-0.0,0.0,0.0,-0.00098308099899441,-0.00047394383233040577,0,0,True,0.0,0.0
925.76,12.075270652770996,-0.05980297923088074,-2.355004650903697,-9.220827999106874e-05,-0.0012015300046025429,-0.0,0.0,0.0,-0.00098308099899441,-0.00047394383233040577,0,0,True,0.0,0.0
925.78,12.075270652770996,-0.05980297923088074,-2.355004650903697,-9.220827999106874e-05,-0.0012015300046025429,-0.0,0.0,0.0,-0.00098308099899441,-0.00047394383233040577,0,0,True,0.0,0.0
925.8,12.075270652770996,-0.05980297923088074,-2.355004650903697,-9.220827999106874e-05,-0.0012015300046025429,-0.0,0.0,0.0,-0.00098308099899441,-0.00047394383233040577,0,0,True,0.0,0.0
925.82,12.075270652770996,-0.05980297923088074,-2.355004650903697,-9.220827999106874e-05,-0.0012015300046025429,-0.0,0.0,0.0,-0.00098308099899441,-0.00047394383233040577,0,0,True,0.0,0.0
925.84,12.075270652770996,-0.05980297923088074,-2.355004650903697,-9.220827999106874e-05,-0.0012015300046025429,-0.0,0.0,0.0,-0.00098308099899441,-0.00047394383233040577,0,0,True,0.0,0.0
925.86,12.075270652770996,-0.05980297923088074,-2.355004650903697,-9.220827999106874e-05,-0.0012015300046025429,-0.0,0.0,0.0,-0.00098308099899441,-0.00047394383233040577,0,0,True,0.0,0.0
925.88,12.075270652770996,-0.05980297923088074,-2.355004650903697,-9.220827999106874e-05,-0.0012015300046025429,-0.0,0.0,0.0,-0.00098308099899441,-0.00047394383233040577,0,0,True,0.0,0.0
925.9,12.075270652770996,-0.05980297923088074,-2.355004650903697,-9.220827999106874e-05,-0.0012015300046025429,-0.0,0.0,0.0,-0.00098308099899441,-0.00047394383233040577,0,0,True,0.0,0.0
925.92,12.075270652770996,-0.05980297923088074,-2.355004650903697,-9.220827999106874e-05,-0.0012015300046025429,-0.0,0.0,0.0,-0.00098308099899441,-0.00047394383233040577,0,0,True,0.0,0.0
925.94,12.075270652770996,-0.05980297923088074,-2.355004650903697,-9.220827999106874e-05,-0.0012015300046025429,-0.0,0.0,0.0,-0.00098308099899441,-0.00047394383233040577,0,0,True,0.0,0.0
925.96,12.075270652770996,-0.05980297923088074,-2.355004650903697,-9.220827999106874e-05,-0.0012015300046025429,-0.0,0.0,0.0,-0.00098308099899441,-0.00047394383233040577,0,0,True,0.0,0.0
925.98,12.075270652770996,-0.05980297923088074,-2.355004650903697,-9.220827999106874e-05,-0.0012015300046025429,-0.0,0.0,0.0,-0.00098308099899441,-0.00047394383233040577,0,0,True,0.0,0.0
926.0,12.075270652770996,-0.05980297923088074,-2.355004650903697,-9.220827999106874e-05,-0.0012015300046025429,-0.0,0.0,0.0,-0.00098308099899441,-0.00047394383233040577,0,0,True,0.0,0.0
926.02,12.075270652770996,-0.05980297923088074,-2.355004650903697,-9.220827999106874e-05,-0.0012015300046025429,-0.0,0.0,0.0,-0.00098308099899441,-0.00047394383233040577,0,0,True,0.0,0.0
926.04,12.075270652770996,-0.05980297923088074,-2.355004650903697,-9.220827999106874e-05,-0.0012015300046025429,-0.0,0.0,0.0,-0.00098308099899441,-0.00047394383233040577,0,0,True,0.0,0.0
926.06,12.075270652770996,-0.05980297923088074,-2.355004650903697,-9.220827999106874e-05,-0.0012015300046025429,-0.0,0.0,0.0,-0.00098308099899441,-0.00047394383233040577,0,0,True,0.0,0.0
926.08,12.075270652770996,-0.05980297923088074,-2.355004650903697,-9.220827999106874e-05,-0.0012015300046025429,-0.0,0.0,0.0,-0.00098308099899441,-0.00047394383233040577,0,0,True,0.0,0.0
926.1,12.075270652770996,-0.05980297923088074,-2.355004650903697,-9.220827999106874e-05,-0.0012015300046025429,-0.0,0.0,0.0,-0.00098308099899441,-0.00047394383233040577,0,-0.2,True,0.0,0.0
926.12,12.075270652770996,-0.05980297923088074,-2.355004650903697,-9.220827999106874e-05,-0.0012015300046025429,-0.0,0.0,0.0,-0.00098308099899441,-0.00047394383233040577,0,-0.2,True,-0.0029495250879165926,-0.00801059034189241
926.14,12.075270652770996,-0.05980297923088074,-2.355004650903697,-9.220827999106874e-05,-0.0012015300046025429,-0.0,0.0,0.0,-0.00098308099899441,-0.00047394383233040577,0,-0.2,True,-0.0054196945640972325,-0.05866121754463219
926.16,12.075270652770996,-0.05980297923088074,-2.355004650903697,-9.220827999106874e-05,-0.0012015300046025429,-0.0002359620070331128,5.085701101297465e-05,-0.00064084722735081,-0.00098308099899441,-0.00047394383233040577,0,-0.2,True,-0.01338952313585282,-0.07647965295550453
926.18,12.075270652770996,-0.05980297923088074,-2.355004650903697,-9.220827999106874e-05,-0.0012015300046025429,-0.0004335755651273843,0.00025784233413031265,-0.004692897403566307,-0.00098308099899441,-0.00047394383233040577,0,-0.2,True,-0.026149298038599007,-0.13206036519664374
926.2,12.075286865234375,-0.05979248881340027,-2.355055918681885,-9.528210304095286e-05,-0.0011918476410968878,-0.0010711618508687736,-0.0002941048811323989,-0.006118372236443493,-0.00098308099899441,-0.00047394383233040577,0,-0.2,True,-0.048010068064804116,-0.24965511771783658
926.22,12.075309753417969,-0.05979299172759056,-2.3553800826959823,-2.827909247910425e-05,-0.0012185997460817477,-0.0020919438430889907,-0.0019537790153747155,-0.010564829215736905,-0.0009945386927574873,-0.0014209681190550329,0,-0.2,True,-0.08530548637066666,-0.3729930395029543
926.24,12.07531452178955,-0.059725698083639145,-2.3554941206826125,-3.2120197221734004e-05,-0.0011740224803838905,-0.004076767452219407,-0.004627010127577498,-0.020613256644787952,0.004550636308267713,-0.039473308846354485,0,-0.2,True,-0.05697457842484107,-0.6356934861080386
926.26,12.075278282165527,-0.05957411229610443,-2.355849837240956,-1.083674366627276e-05,-0.0012433907675028523,-0.007258014474784209,-0.006107013830566026,-0.03453234056381792,0.0006987928785383701,-0.010023372769355774,0,-0.2,True,-0.05527629826393386,-0.7618762846608569
926.28,12.075255393981934,-0.059300150722265244,-2.3567049792134664,-1.2339232200588862e-05,-0.0011028752181107223,-0.005629128124851913,-0.007119205270544246,-0.056973851125040324,0.0033786443248391153,-0.011055959612131119,0,-0.2,True,-0.025572588761645806,-0.7089619484211045
926.3,12.075374603271484,-0.05903692916035652,-2.3581426699410852,-3.46578161029173e-05,-0.0009273648029666742,-0.006514047704199678,-0.01238399944698262,-0.07151493198855002,0.023573581725358964,-0.0473619756102562,0,-0.2,True,0.05679449296061548,-0.5932117040649147
926.32,12.075230598449707,-0.05900450050830841,-2.360052028772618,0.00010040408486314752,-0.0011412284302992559,-0.006122574553152118,-0.014073572234923056,-0.07733021251850533,0.006202069520950318,-0.06788465097546578,0,-0.2,True,0.04130828511039752,-0.32923002953277003
926.34,12.07494831085205,-0.05850443243980408,-2.361571031800043,-2.4686091343995102e-05,-0.0006212407821985553,-0.002714455037932646,-0.016303895437271475,-0.08198927688903537,0.011739970594644548,-0.04128181569278241,0,-0.2,True,0.09233492064525847,-0.17859460368671107
926.36,12.074810028076172,-0.058155957609415054,-2.36289139621495,0.00024693382758828053,0.00014071813780158854,-0.002324465316018421,-0.021823592731576434,-0.0833122534876754,0.0771353915333748,-0.08334061324596406,0,-0.2,True,0.1342897811244311,-0.24665192788822599
926.38,12.07461166381836,-0.05795697122812271,-2.3647018120922114,0.0008310991472842656,0.00022810876557898403,0.0008727459474247787,-0.01946607868029505,-0.08580250028349422,0.01891365468502045,-0.053973300158977514,0,-0.2,True,0.15325282909380075,-0.30143367975533414
926.4,12.074136734008789,-0.057631123811006546,-2.366717009051626,0.0004935398325878644,0.00048707329632186877,0.004620607936792599,-0.020975883658576076,-0.09706236674954546,0.06366013944149018,-0.07988284885883332,0,-0.2,True,0.1894465476574412,-0.34417328414385034
926.42,12.073806762695312,-0.057442884892225266,-2.3684352318227164,0.0006093367842126547,0.00026529773232529915,0.009545771289560264,-0.024970007327581117,-0.10610397126944017,0.031289701461792,-0.07186771631240846,0,-0.2,True,0.12904333356064224,-0.448651906455004
926.44,12.073371887207031,-0.057215578854084015,-2.3706563855549176,0.0005943189954714506,0.0004104920632932855,0.01283125849658463,-0.02610617008591037,-0.11084611621919752,0.14973124742507937,-0.14664799928665162,0,-0.2,True,0.12216499385849489,-0.319848353797897
926.46,12.072669982910156,-0.0570606105029583,-2.373190129793771,0.00019988927568693858,-0.00011589776114971458,0.01119621263228144,-0.03097250448570229,-0.1216946527999129,0.08261861324310303,-0.10774636626243592,0,-0.2,True,0.04186647933547002,-0.21016121975888963
926.48,12.071945190429688,-0.05684840679168701,-2.3755846983491664,-0.00011345122223390856,-0.0005560189359188255,0.01439380744547719,-0.029985588926638627,-0.12265023505339032,0.2033959186077118,-0.16925847589969636,0,-0.2,True,-0.05000370069202689,-0.33323714821877887
926.5,12.071440696716309,-0.05628379061818123,-2.3781708040467144,-0.0005103249480596148,0.0003217066325199117,0.012895089636399579,-0.032095339170777226,-0.12291686885015994,0.09654150784015657,-0.22191157937049868,0,-0.2,True,0.03124923333910295,-0.4811091433263273
926.52,12.070878982543945,-0.0562850646674633,-2.38046840435918,-0.00019074437275225383,-0.00017501206595387336,0.008830962441226116,-0.028562754995231567,-0.13750508807667558,0.12268737494945527,-0.13858687102794648,0,-0.2,True,-0.10854785912374088,-0.7531022380816794
926.54,12.070149421691895,-0.05591881647706032,-2.383023479301775,-0.000962425586694461,-0.0006466643050464542,0.013696151299407402,-0.021213352185185472,-0.16018338426598408,0.21078230261802675,-0.07316579341888428,0,-0.2,True,-0.10887548606030062,-0.9994771324830924
926.56,12.069857597351074,-0.055681195110082626,-2.3865851053952905,-0.0007215796277219404,-0.0003756160656272094,0.005709978715585817,-0.01426712930320748,-0.18289841409986987,0.21078230261802675,-0.07316579341888428,0,-0.2,True,-0.01970124865525382,-0.8556257361214946
926.58,12.069478034973145,-0.05580573156476021,-2.3909854747879997,-0.0002528097186751378,-0.0011335863421443146,0.004185050751571073,-0.005143083723343328,-0.20287503944884824,0.15678046584129335,-0.10499660998582841,0,-0.2,True,-0.10284054908707299,-0.5270270291226501
926.6,12.069764137268066,-0.05576688423752785,-2.395100277487177,0.0006786463604509055,-7.435807020943299e-05,0.007254862548805004,-0.003462779269992026,-0.20595514696643016,0.07726381361484529,-0.1202384662628174,0,-0.2,True,0.07925837823300412,-0.10130026550588
926.62,12.069623947143555,-0.05584629997611046,-2.399253482457691,0.0011230935326016177,-0.0001266388609842891,0.005468907372437354,-0.0020445193382242987,-0.20234554659581766,0.11261700510978699,-0.11864992022514344,0,-0.2,True,0.14254024275279234,0.25149128285373623
926.64,12.069243431091309,-0.05587196350097656,-2.4030615171526133,0.0009106974345694155,-0.00034209611063614766,0.01205064897422939,-0.006171080923518759,-0.19100243534034442,0.08957838535308839,-0.06281641602516175,0,-0.2,True,0.11404464974374705,0.26869530680037246
926.66,12.069045066833496,-0.05598096922039986,-2.4071731185156504,0.0006082766306254742,0.00011597538561291122,0.015588270171784088,-0.0019468278954314164,-0.18275573682056764,0.057137022018432626,-0.06516050130128861,0,-0.2,True,0.14641618560150887,0.33611351492059416
926.68,12.068718910217285,-0.056050825864076614,-2.4103804723143907,0.00013661381153863978,0.00016213871457066738,0.01637843452829647,0.0006194679300299856,-0.18445952242241992,0.12378806769847871,-0.14326945483684542,0,-0.2,True,0.09002145565093049,0.11871576108859679
926.7,12.068593978881836,-0.056566428393125534,-2.413873941403344,0.00044126487430094373,0.00024820030394858425,0.017182202220564057,0.0018861726304422117,-0.17545646540215637,0.1416826069355011,-0.057492274641990665,0,-0.2,True,0.06448692586931089,-0.11746958837339116
926.72,12.0683012008667,-0.05678381770849228,-2.4178182789464144,0.00019027639555155927,0.0007491867530339771,0.019252365426307514,0.0023067583606149293,-0.18150517445325182,0.11466688096523286,-0.11394875705242158,0,-0.2,True,0.08714386705639507,-0.09607356022648995
926.74,12.068119049072266,-0.057007964700460434,-2.42120963574783,5.169397114276474e-05,0.0009456765640580117,0.0207472242413316,-0.0012467974739935276,-0.19215330389044374,0.11198608279228212,-0.07566050171852112,0,-0.2,True,0.10516217191600294,-0.3530005834587889
926.76,12.067687034606934,-0.05720904469490051,-2.4249008862706583,-0.00021677308685972684,0.0005183552837569325,0.023349943892811642,-0.002978842395017412,-0.19214540724054305,0.17804002285003664,-0.07096673607826233,0,-0.2,True,0.04132423034309142,-0.3214017117396972
926.78,12.067280769348145,-0.05758637562394142,-2.4292462057145654,-9.798157128995394e-05,2.0715058803271054e-05,0.02559517597383664,-0.003939994743771189,-0.2036965120788338,0.15115411043167115,-0.07193721629679203,0,-0.2,True,-0.04482054665790217,-0.20774439443168752
926.8,12.066736221313477,-0.057831212878227234,-2.433189911525644,-0.0006909389518038649,-0.0009140948745720703,0.02255830385375182,-0.0008604636464244093,-0.2072173113924042,0.15115411043167115,-0.07193721629679203,0,-0.2,True,-0.10972842148296787,-0.26781304171156106
926.82,12.066363334655762,-0.058107756078243256,-2.437505356714145,-0.001095088015143153,-0.0014324999672299227,0.01716158050869759,-0.0012102439546478987,-0.20877285544498725,0.06893474698066712,-0.23073424458503725,0,-0.2,True,-0.20104790360488392,-0.16469391702238842
926.84,12.066271781921387,-0.058330923318862915,-2.441478271182059,-0.0007399942374249596,-0.000831883055427207,0.014571670174169722,-0.0007063572137491732,-0.2135704505774789,0.129161776304245,-0.19543437957763674,0,-0.2,True,-0.1909711135829938,-0.24379032775130888
926.86,12.066171646118164,-0.05840132758021355,-2.445948034150173,-0.00032029005196367445,0.00010367032271794518,0.009511343685437696,-0.0017210075677311465,-0.2168720254406316,0.06318542897701264,-0.15164918184280396,0,-0.2,True,-0.11417267857728661,-0.19659458145943934
926.88,12.065808296203613,-0.05853908509016037,-2.450275547571851,-0.00012005624446393554,-0.00032087905171378044,0.007280614767104503,-0.005300495962013357,-0.2267205376125189,0.11933279216289522,-0.17513338923454286,0,-0.2,True,-0.04489391224090184,-0.1791324064088376
926.9,12.065690994262695,-0.05848971754312515,-2.45485511874938,0.0001678617757496948,0.00026265888558239374,0.00802776622252297,-0.004629731900862004,-0.2245004219617281,0.17044064164161685,-0.1400733578205109,0,-0.2,True,0.021705128719235713,-0.050697392353411544
926.92,12.065552711486816,-0.058375582098960876,-2.459615914191044,0.0003648635565846389,0.0007790867463646588,0.010980157194900841,-0.004367549832062764,-0.22790104309017287,0.12256801307201387,-0.14529482662677767,0,-0.2,True,0.1179047218100617,0.12957040207256032
926.94,12.06544017791748,-0.05852208659052849,-2.4639080679071204,0.0007417923950781021,0.0007850865938011649,0.011247753982977442,-0.005950380379350251,-0.2209278168289066,0.1429107975959778,-0.06355911910533905,0,-0.2,True,0.10827384241797523,0.14273688729224082
926.96,12.064906120300293,-0.05882152169942856,-2.468507631019074,0.00048365186447931716,-0.0005795965246356225,0.016712992511914264,-0.002118436814951375,-0.21635490544670877,0.13727610588073733,-0.05956260167062283,0,-0.2,True,0.030864835090529275,0.21993584923717935
926.98,12.064691543579102,-0.05868305638432503,-2.4725293440957015,-0.0002202038626311112,3.894887510715481e-05,0.01668967361596542,-0.007549639140458003,-0.21308147097834299,0.13727610588073733,-0.05956260167062283,0,-0.2,True,0.034879785532000135,0.06821317955230312
927.0,12.064401626586914,-0.05907658115029335,-2.4769243066267896,-8.69869397389313e-05,-0.0006358579628619381,0.013449344002144446,-0.003806661358547633,-0.21030617515118952,0.11895961940288545,-0.07833283424377442,0,-0.2,True,-0.0593058360370816,0.033971158543366305
927.02,12.064018249511719,-0.05887647345662117,-2.4809545855853723,-0.0008024614369633659,-0.00033289054185035486,0.014038136825534914,-0.0019847335244530433,-0.21547076246472732,0.14589465260505677,-0.1252164798974991,0,-0.2,True,-0.03808532306241152,-0.14009475155204046
927.04,12.063871383666992,-0.059245459735393524,-2.485332125031154,-0.00024283764694539402,-0.00036272118040122996,0.01196852562895205,-0.005188306501733207,-0.21363721276324193,0.10443684875965119,-0.1960420995950699,0,-0.2,True,-0.046406853005861726,-0.2051597129444733
927.06,12.06370735168457,-0.059246812015771866,-2.489767005092864,-0.00035204061811547,-7.795213238576221e-05,0.01364284777097527,0.0017451504397003005,-0.22428905110249603,0.1564789652824402,-0.17655041098594668,0,-0.2,True,-0.04074670900631811,-0.16337785412826256
927.08,12.063389778137207,-0.059331949800252914,-2.4940152836478577,-0.0005133027235574532,-0.00040053120038575826,0.009736795761673609,-0.002027037068386083,-0.22671895218675578,0.1185243707895279,-0.10060811877250672,0,-0.2,True,0.01213772209173503,-0.2379637913867871
927.1,12.06323528289795,-0.05964956432580948,-2.498897709673581,0.00015245938716793532,-0.0001987174436906965,0.010778400105027798,-0.0018544408729164897,-0.228540990794995,0.16915056705474854,-0.19262694716453554,0,-0.2,True,0.009331068466380814,-0.03140953255081891
927.12,12.063152313232422,-0.05958602949976921,-2.5034696412061037,0.00014711118452004706,0.000758838820581719,0.01293954339629135,-0.004465717721623175,-0.23267431607419464,0.1379901158809662,-0.1630898976325989,0,-0.2,True,0.101526589399879,0.05633509787719172
927.14,12.062928199768066,-0.05964486300945282,-2.508050284356473,0.0002584242320380516,0.001010192831774462,0.014389333248286116,-0.003990743524223357,-0.22680181370656283,0.13361557066440582,-0.14692973971366885,0,-0.2,True,0.09454971089011083,0.1628601940629283
927.16,12.062345504760742,-0.0596616305410862,-2.5126292289337764,-0.00033316329796240614,0.0006709673360123959,0.017858922913656542,-0.0014501824825241209,-0.22221214435658454,0.13361557066440582,-0.14692973971366885,0,-0.2,True,0.03307536173001771,0.28325493424285936
927.18,12.062118530273438,-0.060073744505643845,-2.5170418547700897,4.053235165883277e-05,-7.491218630134632e-05,0.018342376976229785,-0.002829527411584846,-0.2155121752699726,0.1536410999298096,-0.05999183535575867,0,-0.2,True,0.020558443269807353,0.244108450507434
927.2,12.061928749084473,-0.06033273786306381,-2.5212466127546396,5.191470882293465e-05,-0.00024343302387055352,0.01558557233469412,0.000939455894519884,-0.2100139213347543,0.11810250699520113,-0.0734589545428753,0,-0.2,True,-0.029025932179805976,0.121604959153116
927.22,12.061605453491211,-0.060319263488054276,-2.5252912583780796,-0.0004852957937063483,-0.00022418097638246057,0.016034008709871546,-0.0032260811572063204,-0.20727313766595812,0.13394938588142397,-0.10738568544387818,0,-0.2,True,-0.05414039614616034,-0.01763777164392084
927.24,12.06137466430664,-0.06044759601354599,-2.5294303426405653,-0.0007173392242390703,-0.0003965170252510023,0.015536848339270876,-0.004986061594244592,-0.21248374762433028,0.12858638346195223,-0.07485473811626435,0,-0.2,True,-0.05025136844660801,-0.19959493073194348
927.26,12.060922622680664,-0.060604579746723175,-2.533623705783375,-0.0007334256934642189,-0.0006047940459875427,0.014011145284534742,-0.0019047829084608125,-0.216923197001487,0.0797385197877884,-0.16848225235939027,0,-0.2,True,-0.11347250736222196,-0.2955394775404833
927.28,12.06068229675293,-0.0607205331325531,-2.5382453125645705,-0.0005847048242989788,-0.00045710871080868943,0.011565462858969136,-0.0017671855991787727,-0.22598151579329526,0.12520183503627777,-0.1685387581586838,0,-0.2,True,-0.09702464002827983,-0.16379542801302127
927.3,12.060598373413086,-0.06083444133400917,-2.5426451141381827,-0.00019498894874058745,7.250492801660605e-05,0.0069562081209020455,-0.0037013326647826897,-0.23091629586917528,0.13313700914382937,-0.1837988579273224,0,-0.2,True,-0.059252694441898,-0.09449862354058378
927.32,12.060532569885254,-0.0608561635017395,-2.547508863904038,0.0002948445224856411,0.0007341322180415715,0.007774877137004518,0.0017986595685111624,-0.2255873818653787,0.13369692265987398,-0.14068235039711,0,-0.2,True,0.013740192971725268,0.06126251703281899
927.34,12.060296058654785,-0.060673754662275314,-2.5520970094529183,-0.0001582288620158032,0.0011272463061694211,0.009270929729180477,0.003118685307711449,-0.22448308688473756,0.13297596991062166,-0.14666736721992493,0,-0.2,True,0.12032182467749393,0.15622111218019258
927.36,12.060247421264648,-0.06118793040513992,-2.55629230311381,0.0005692864962014895,0.0007258197800614952,0.01266467829670772,0.0028818110460582178,-0.22108051443066723,0.16838123619556428,-0.13416519939899446,0,-0.2,True,0.11522777106345737,0.0857425425714385
927.38,12.060120582580566,-0.061454154551029205,-2.560603761088971,0.0009009632809503617,0.000641176292899312,0.016581954095106485,0.009269163910082617,-0.21841860689475348,0.12934312224388123,-0.15701094508171082,0,-0.2,True,0.11341166776062288,0.05181030165205645
927.4,12.059815406799316,-0.06160806119441986,-2.5651953050584755,0.0006618092721470468,2.042062690680638e-05,0.016993098822072724,0.0012067577204797576,-0.21872797845966985,0.16138488948345187,-0.0776330602169037,0,-0.2,True,0.08878088108023456,0.12987474605192212
927.42,12.05959415435791,-0.06202169880270958,-2.5695704980044827,0.0008791761798364605,-0.0006433624748090778,0.018343863150022056,0.000877135262491854,-0.2203382627525768,0.135537251830101,-0.12659085214138033,0,-0.2,True,-0.02057687422726539,0.19122897613459805
927.44,12.059160232543945,-0.0620097815990448,-2.5737905413905926,-7.42505405724639e-05,-0.0009521451334483959,0.019767148783130118,0.00011070026729253016,-0.21069053474650815,0.1391957426071167,-0.12477585315704347,0,-0.2,True,-0.06545228002305695,0.1925659161353892
927.46,12.058924674987793,-0.06230756640434265,-2.578230822109186,6.693204469100948e-05,-0.0009843813047810091,0.014935804156924411,-0.004190211838563909,-0.2031202888039778,0.12657302379608157,-0.1519523471593857,0,-0.2,True,-0.08759016665414328,0.3259888138140336
927.48,12.058486938476562,-0.062465958297252655,-2.5820505478382048,-7.245005336520006e-05,-0.0014529483358766031,0.011756916420225489,-0.0025639055527012025,-0.20332270516883083,0.0912086296081543,-0.07499680995941163,0,-0.2,True,-0.2114861922159837,0.14057739303101005
927.5,12.058404922485352,-0.06237637996673584,-2.585820121108809,-0.00020907797278093385,-0.000451778010417451,0.011336649817687009,-0.003686158432105377,-0.19425915764744078,0.12468875169754029,-0.11058679759502411,0,-0.2,True,-0.17222119663911387,-0.04146856064849078
927.52,12.05825424194336,-0.062335193157196045,-2.5900563578040843,-0.00029092340282685527,6.284071592240276e-05,0.0028482534058668126,-0.003059865126681355,-0.19944434330403757,0.13420474052429202,-0.10396715342998505,0,-0.2,True,-0.1474563207541664,0.018816004425669986
927.54,12.057998657226562,-0.06253555417060852,-2.593771554720967,-0.00018115627399513767,-0.00043890847414169,0.0011581084258078331,0.001966857375705173,-0.20643777365585406,0.11714058160781861,-0.15765474736690524,0,-0.2,True,-0.17634082414081684,-0.17558946018505187
927.56,12.058164596557617,-0.06237686425447464,-2.5980060953025133,-0.0001582997659937019,0.000634674034074424,-3.9589240097095014e-05,0.004313718662731122,-0.2018174248147786,0.1291546165943146,-0.08306836903095247,0,-0.2,True,0.0030856916366622388,-0.16341840302681426
927.58,12.0584077835083,-0.06255895644426346,-2.602335143001286,0.0003152018990327764,0.0009174094866066306,-0.002770616113585555,0.005352611982599084,-0.20830631446225212,0.11997184634208681,-0.1938593101501465,0,-0.2,True,0.08608143920512717,-0.08663994310635333
927.6,12.058435440063477,-0.06262890994548798,-2.606201751789275,0.00023777048722795326,0.0007464506699923589,0.003095108736799918,0.009470466734386087,-0.2125178155461894,0.07686929106712342,-0.1775970220565796,0,-0.2,True,0.10372053797146938,-0.1516162638694569
927.62,12.058408737182617,-0.0627891793847084,-2.610436059877956,0.0002492746929733334,0.000278835601131297,0.00804462356222153,0.004162181364534239,-0.21336896910436587,0.12357145726680757,-0.1591666352748871,0,-0.2,True,0.13852348693565594,-0.015852088714330748
927.64,12.058338165283203,-0.06315480917692184,-2.615007520546217,0.0006158489726684174,-0.000599815216777412,0.0082580537976247,0.0011833479034084487,-0.21394672592434136,0.1647719955444336,-0.12827475666999819,0,-0.2,True,0.07709588308311205,0.08341236911606753
927.66,12.058021545410156,-0.06317204236984253,-2.6194046605296197,0.00028590535837122954,-0.0010845816497113447,0.008311262841256842,-0.006757005174082292,-0.20957448155939742,0.12668927729129792,-0.12150943160057069,0,-0.2,True,0.00502504934018433,0.1384404812811556
927.68,12.05791187286377,-0.0630427822470665,-2.6233174898632066,7.853725363100018e-05,-0.0006978757780305397,0.009262779383443272,-0.010059359427823765,-0.20584482601691007,0.07917703330516816,-0.12220081925392152,0,-0.2,True,0.04693996569891818,0.10302411193334855
927.7,12.057562828063965,-0.06265229731798172,-2.6272020184027163,-0.0007443130976985143,-0.0003173848710603291,0.008446627509436483,-0.012723724140991701,-0.20229373060186776,0.1156332165002823,-0.14949103832244875,0,-0.2,True,0.04081383098252288,-0.038841095877572326
927.72,12.057295799255371,-0.06282283365726471,-2.6314751066275783,-0.00037462416610769037,-0.0004325373974487798,0.012013251053540076,-0.01085340854030714,-0.20570479696966926,0.16904021739959718,-0.15591593503952028,0,-0.2,True,-0.021401709353552952,-0.12080012037163283
927.74,12.05693244934082,-0.06261833012104034,-2.6355881589777774,-0.0007106679234548996,-0.0002619561448538127,0.011576369319860343,-0.009606708393430554,-0.2126817692296048,0.13026123821735383,-0.1180673134326935,0,-0.2,True,-0.04572272605392772,-0.22370673891292603
927.76,12.056649208068848,-0.0627543181180954,-2.6397738736207885,-8.414187851645602e-06,1.6049639204313718e-05,0.00755064263515816,-0.011665098099074761,-0.21550883564664564,0.1246909546852112,-0.0842596596479416,0,-0.2,True,-0.13847767150394866,-0.21964411076014656
927.78,12.056380271911621,-0.06242894008755684,-2.644216559941069,-0.0005311012517588286,0.0003210651905430497,0.004788809425125592,-0.0037966952603817033,-0.22019026971488556,0.13364294946193697,-0.12711007714271547,0,-0.2,True,-0.14709303594511247,-0.11648562876150356
927.8,12.056317329406738,-0.06229524314403534,-2.6487158134792943,-0.0005653451989184041,0.0007393203949060781,0.00093503733323426,-0.003247509889272981,-0.223276325830465,0.1169379234313965,-0.13772935390472413,0,-0.2,True,-0.076077352591056,-0.08380127376907077
927.82,12.056450843811035,-0.06253418326377869,-2.6532033805549773,0.0003795064144583019,0.0010351989995182349,-0.00019107355575467459,0.00017392092312217255,-0.22200061953052985,0.12017717063426972,-0.13687535405159,0,-0.2,True,-0.005241057307433396,-0.01002807489064631
927.84,12.0564603805542,-0.06256083399057388,-2.657635979687235,0.0004158660373432078,0.0008908294458375629,0.0014644544278705667,0.00498936597296577,-0.22221293754817473,0.08555574655532838,-0.14609341382980348,0,-0.2,True,0.07063963804517927,0.03813548045732583
927.86,12.056400299072266,-0.06243405491113663,-2.6619766095035207,-6.313133515433125e-05,0.000401689485331869,0.004369524840530705,0.001270687872028242,-0.22099251570613768,0.1499732631444931,-0.18075323581695557,0,-0.2,True,0.1100910405305945,-0.04490795517580044
927.88,12.05639934539795,-0.06270306557416916,-2.6664928484831574,0.000522604953078699,-0.0002640344698199994,0.006586208376851492,-0.00035700239108067905,-0.22022548739387737,0.11104154765605928,-0.14926270782947543,0,-0.2,True,0.07588489953791511,0.012877201161573105
927.9,12.056187629699707,-0.06278567016124725,-2.6708827818114522,0.00047925743530672954,-0.0007258787168541201,0.008616209686684875,0.0025805753654429943,-0.22559325594459062,0.1348922061920166,-0.12052693247795106,0,-0.2,True,0.05326152337836262,0.044595313006886864
927.92,12.055978775024414,-0.06277645379304886,-2.675254018678729,0.00027774488923457195,-0.0007802921882092531,0.007535246390898254,-0.006824373092573194,-0.22118276145524982,0.13746810376644136,-0.12385631024837496,0,-0.2,True,-0.005829678135599444,0.007398965753293119
927.94,12.055879592895508,-0.06293065845966339,-2.680024069979097,0.0001799130310095881,-0.0008372845313571771,0.008630446710801895,-0.006873482888461529,-0.2174248906655849,0.12827937960624697,-0.1239455270767212,0,-0.2,True,-0.012244471069296476,0.2311448232364105
927.96,12.055615425109863,-0.062486451119184494,-2.6841874693995864,-0.0007913898454922982,-0.000412799529166862,0.006119834126003298,-0.007245193056950981,-0.21963357013361362,0.15740696966648104,-0.12578571021556856,0,-0.2,True,-0.0035233032193621515,0.14276185382239276
927.98,12.05532455444336,-0.06260082125663757,-2.688276773064708,-0.0007669430427971265,-0.0007314606422024771,0.007636652001140656,-0.010209990758836229,-0.20710167008566832,0.14311655163764955,-0.17176515460014344,0,-0.2,True,-0.07433493810750172,0.07679407571392291
928.0,12.055283546447754,-0.0624726340174675,-2.692824704289427,-0.0005735615774939628,0.00022925983605289873,0.007253382133349137,-0.009308841463086675,-0.20976181314945255,0.11608191251754763,-0.12123412907123567,0,-0.2,True,-0.043224357560159805,0.22772936422543083
928.02,12.054972648620605,-0.0624639131128788,-2.6965922035859355,2.659499717285037e-05,0.00020175776870284243,0.0026836516622071667,-0.006474852380003861,-0.21128136460847666,0.12427174448966981,-0.09503030627965928,0,-0.2,True,-0.08902851153299786,-0.039993334678288125
928.04,12.054769515991211,-0.06206723675131798,-2.7009684144515274,-0.00039009329046376957,0.0006079028950182027,0.0026618855211936587,-0.0058425330732364295,-0.20141522099559572,0.15665149927139282,-0.16148624777793885,0,-0.2,True,-0.08692170118718007,-0.031206456596033834
928.06,12.05490779876709,-0.062225695699453354,-2.7051792822333707,0.0002781380844068445,0.0010328364860889988,0.0005143710785073055,-0.004058203671872482,-0.21030113685992846,0.13152183532714845,-0.14535047292709352,0,-0.2,True,0.013330539695471027,-0.05781359456808319
928.08,12.054891586303711,-0.06214069947600365,-2.708937921969083,7.107709450725667e-05,0.0008877438661570995,0.00029964603837117504,0.002752760865639376,-0.21225832967713654,0.14975372374057772,-0.13774533808231354,0,-0.2,True,0.045004232126651375,-0.2873305473508202
928.1,12.054798126220703,-0.0621870793402195,-2.7134162945347384,-6.18227353300705e-06,0.0003706053550374571,0.0037500948378453944,0.0035078922576351214,-0.21590645217392568,0.17988575518131258,-0.06728715419769288,0,-0.2,True,0.059835403677166527,-0.2401867122769355
928.12,12.054840087890625,-0.06227721646428108,-2.717949080825707,0.00013070005239219454,0.00034069807165422016,0.006262224091327611,0.0035921945691281044,-0.2244016647836731,0.13346577584743502,-0.06502853274345398,0,-0.2,True,0.10119428531406693,-0.18843656812422005
928.14,12.0547513961792,-0.06260555982589722,-2.7224517984072936,0.0006187469555179242,-0.000538225414106119,0.005301203372683076,0.003579528828999857,-0.22951607384209313,0.12895724058151245,-0.18972757339477542,0,-0.2,True,0.02954462083003567,-0.08956698712790048
928.16,12.054553031921387,-0.06260861456394196,-2.7268900551517605,3.433227117123962e-05,-0.001070450565974724,0.008395188863489167,0.003655278672544144,-0.22733325512706043,0.1411491084098816,-0.1136452329158783,0,-0.2,True,-0.05636869597525388,0.005174239505909135
928.18,12.054527282714844,-0.06262125074863434,-2.731777580442089,-0.00021587838502833674,-0.0007720709454878378,0.006113664504246098,-0.0036087000173607112,-0.2230718111441512,0.15985644578933716,-0.1715488821268082,0,-0.2,True,-0.02043040727568417,0.13198768793845675
928.2,12.054343223571777,-0.06281545758247375,-2.736135741235881,3.80985456683022e-05,-0.001163652563524014,0.0017527284133049927,-0.004378979736703892,-0.22398772562320016,0.1338959759473801,-0.10236765921115876,0,-0.2,True,-0.09692022031454035,0.10749831962700382
928.22,12.054187774658203,-0.06253564357757568,-2.740297543298835,-0.0005261354195209309,-0.0009420228955793942,0.0036667707906275064,-0.0069535369844765695,-0.2189570588070112,0.11831824123859407,-0.11763566553592683,0,-0.2,True,-0.03430037984584983,0.08029871581989263
928.24,12.054286003112793,-0.06234200671315193,-2.7448090732016257,-0.0003230710313655982,0.00014166475862331443,0.000641571238321972,-0.011671332125113381,-0.21873338955689572,0.12202243149280549,-0.16069716930389405,0,-0.2,True,0.09234382155552134,0.17728537766922978
928.26,12.05403995513916,-0.06222374364733696,-2.749294145146659,-0.00020736664957798128,6.511760405551899e-05,0.0033696341165767086,-0.007664547746688519,-0.2166479138785565,0.12202243149280549,-0.16069716930389405,0,-0.2,True,0.08488674239861038,0.19899629833252755
928.28,12.053935050964355,-0.06197412684559822,-2.753634412400417,-0.00013976036880478316,0.0009715312658554922,0.009140234137739981,-0.006373062499870501,-0.20980489540967467,0.1394530498981476,-0.12574303150177002,0,-0.2,True,0.16722747621688372,0.1639822505218308
928.3,12.053704261779785,-0.06207212060689926,-2.7576293764091035,3.5519988554956545e-05,0.0008718571541813867,0.01045771018251016,-0.004156724262476518,-0.20303735494042346,0.1276223260164261,-0.08523535788059236,0,-0.2,True,0.11112372153221803,0.05637648570586332
928.32,12.05341625213623,-0.06214667111635208,-2.7615934648344083,3.056715287308553e-05,0.0006090280111751574,0.014019769335679513,-0.0006052087817039822,-0.20561480951514255,0.16222143650054932,-0.13644501209259036,0,-0.2,True,0.05324969032662349,-0.19196000664500923
928.34,12.053139686584473,-0.062228813767433167,-2.7655371335419012,-1.6777686692824228e-06,0.0001980197492352247,0.012259531839158698,-0.00030707735869700114,-0.21213779502208513,0.13084127485752106,-0.15944590568542483,0,-0.2,True,0.03646490935111303,-0.42842684103215806
928.36,12.052875518798828,-0.06234518066048622,-2.7700835971616367,-1.939891731789258e-05,-0.00015813366027787426,0.01340020936387204,-0.0006762598943688206,-0.22516169594128327,0.08405130624771119,-0.1769299340248108,0,-0.2,True,-0.026189262511061476,-0.4090193880283238
928.38,12.052783012390137,-0.06240946054458618,-2.774600400010879,-4.2326682688549505e-05,0.00024346736833185352,0.013374902930600695,0.0033641232619466164,-0.23731150222301364,0.09290215551853181,-0.12954775393009188,0,-0.2,True,-0.019625173504719602,-0.3145128407548577
928.4,12.052397727966309,-0.06248542666435242,-2.7796064005096945,-0.0003353603983666091,-0.000471661928625651,0.011924628334796501,0.0005549401740345176,-0.2383363605573787,0.14484635174274446,-0.1362443816661835,0,-0.2,True,-0.11448286501812754,-0.0389184941261412
928.42,12.052237510681152,-0.06286394596099854,-2.784522053719725,0.00029803541298975024,-0.0008073393929864544,0.010689517958782558,0.001232643227264487,-0.23729882228245086,0.14693166315555575,-0.1293842446804047,0,-0.2,True,-0.1934019917703747,0.276344212203466
928.44,12.05199909210205,-0.0627245306968689,-2.7891505060062367,-0.00030816620412896494,-0.0010936090738560276,0.00424158016241715,-0.001970568821626386,-0.22827517547137616,0.1488359832763672,-0.16970354199409488,0,-0.2,True,-0.18037631272168955,0.45276949568639874
928.46,12.052016258239746,-0.06280075758695602,-2.793584305793485,0.00023339896121457433,-0.00044011894659507693,-0.002097256411037196,-0.010709982219130703,-0.21520396524672505,0.15436628341674807,-0.14313768029212953,0,-0.2,True,-0.1564644665896531,0.540241421809289
928.48,12.052024841308594,-0.06245460361242294,-2.797868414547414,8.082163994960015e-05,0.00015307529338801033,-0.002505476682946044,-0.007671962758555715,-0.20211480090244827,0.12823627531528475,-0.1345768451690674,0,-0.2,True,-0.02990305093050158,0.4658532656312401
928.5,12.052103042602539,-0.062001291662454605,-2.801738370939472,-0.000449383585163974,0.0009214343489632006,-0.0018276393683960943,-0.011892132578218218,-0.19407950853768563,0.08102208137512208,-0.1432621741294861,0,-0.2,True,0.09469100560411942,0.26014391886607746
928.52,12.051980972290039,-0.06207912787795067,-2.805319690078418,0.00013541649987451284,0.0007220452945518568,0.0018493360879791995,-0.0072816272983633554,-0.19100691422091085,0.11790827274322511,-0.08128109097480775,0,-0.2,True,0.09176784811595591,0.03191263694426518
928.54,12.051836967468262,-0.06185506284236908,-2.8091106664764856,-0.00027107433820191645,0.00047088091133112083,0.005478024037285467,-0.005720909204614352,-0.19439245173745778,0.08421634674072266,-0.10556265056133271,0,-0.2,True,0.08597031894083285,-0.16988833469641762
928.56,12.051692962646484,-0.06195351853966713,-2.813148967685073,0.00022980056651445227,0.0002664178810785489,0.0048359511663237514,-0.006098336228456629,-0.19956178994690937,0.12055168271064759,-0.07294440567493439,0,-0.2,True,0.03039762861455825,-0.3393488743632585
928.58,12.051539421081543,-0.06171172112226486,-2.8172897670784764,-0.00015008787599755387,-1.0803644684631447e-05,0.005049986146874052,-0.004469061832599309,-0.207670575313406,0.14974597156047822,-0.1173301386833191,0,-0.2,True,-0.009272022142675678,-0.40712326943429755
928.6,12.051457405090332,-0.061742134392261505,-2.8212846332741788,0.0002260296644026885,7.095152149512981e-05,0.004281146377145104,-0.005305760469872757,-0.2181548241699854,0.09918899416923524,-0.08329432129859925,0,-0.2,True,0.009720141007988587,-0.5017923288475726
928.62,12.051340103149414,-0.06164490804076195,-2.8257243125015665,2.740653024474024e-05,-0.0001993192964153596,0.004736262265871033,-0.001970543088657178,-0.22696231329221825,0.1369345635175705,-0.12460374474525453,0,-0.2,True,-0.010133329110817707,-0.4361615264778998
928.64,12.051234245300293,-0.06165848299860954,-2.8306013536186807,2.0403730011990755e-05,-0.0003907075961119475,0.005613562446963236,-0.0022084305668493066,-0.23970517625473572,0.13771997451782228,-0.1844006407260895,0,-0.2,True,-0.05595213179922398,-0.1532532779936673
928.66,12.051130294799805,-0.06167957931756973,-2.8354467521418374,0.00011949882941927721,-0.00041641495462743574,0.004239319818009373,-0.004505783257958073,-0.24256349743160624,0.15285167932510377,-0.182110493183136,0,-0.2,True,-0.077373175696708,0.12211276985393188
928.68,12.050975799560547,-0.06171135604381561,-2.84046104737454,0.00018968854329810676,-0.0005535879519483724,-0.00019502416678874386,-0.006897861830753649,-0.23041508640946765,0.14086563229560853,-0.14781096816062927,0,-0.2,True,-0.10542081858800369,0.45226544691132736
928.7,12.050908088684082,-0.06140341982245445,-2.845129392296105,-0.00019336179212465807,-0.00044886052586534024,-0.0014535917898687736,-0.005493115713602323,-0.2171932917038987,0.12435702681541444,-0.1573631477355957,0,-0.2,True,-0.0838958098662784,0.6232563540011976
928.72,12.051085472106934,-0.06112685799598694,-2.8490345605314475,-0.00031115036800393104,0.0003817083803287325,-0.002820103040081374,-0.006717469026969025,-0.20352394050181102,0.1618780165910721,-0.15434702396392824,0,-0.2,True,0.02869920354928582,0.4295850657240112
928.74,12.05111312866211,-0.06122532859444618,-2.852822215478158,0.0001657840626562676,0.0002803997472773382,-0.0024723449712963324,-0.006396705877241269,-0.19270298911148492,0.1007307517528534,-0.16379951834678652,0,-0.2,True,0.04584068404564281,0.16764237948600508
928.76,12.051036834716797,-0.06113172695040703,-2.8567429626146934,0.000219830400689603,0.00022937724314990598,0.0021009121171552967,-0.0002911960653781765,-0.19604828115152917,0.0903358793258667,-0.10562587797641755,0,-0.2,True,0.05832006838098946,-0.1406094233140228
928.78,12.050951957702637,-0.060856547206640244,-2.8605456314250097,-0.00027841379689303824,5.541787322511214e-05,0.0022136629337793155,-0.005827626270022952,-0.2037819013450305,0.12609063625335695,-0.12200974345207216,0,-0.2,True,0.07000379508633525,-0.43150767251374433
928.8,12.050917625427246,-0.06115173175930977,-2.8647184230235556,0.0004077501593940187,-0.0001141641737299871,0.0018455024303935391,-0.003536115056950376,-0.21477269436692262,0.06124442994594575,-0.15799820065498354,0,-0.2,True,0.011977256727854192,-0.40652632059627725
928.82,12.050813674926758,-0.06082652881741524,-2.869124767585769,-0.00041873067811346704,-0.00013568993758452045,0.003127958635613352,-0.0009872879169706933,-0.22722360291260213,0.0920077008008957,-0.1283813762664795,0,-0.2,True,0.02041426941098429,-0.30617418268422975
928.84,12.050817489624023,-0.060899969190359116,-2.873924778164056,-9.427333953603343e-05,-4.535997103482253e-06,0.003059092655384122,-0.0087676354911504,-0.228570386799248,0.12054076373577119,-0.13775689125061036,0,-0.2,True,-0.006086959783035647,-0.17574009939610927
928.86,12.050689697265625,-0.06084781885147095,-2.878723519658027,-0.0001786494918338839,-2.708185396018285e-05,0.0038468044866588943,-0.005614817195998389,-0.2282758359597814,0.09273915737867357,-0.06157983899116517,0,-0.2,True,0.00646099764460298,0.03143657369067285
928.88,12.050496101379395,-0.06054002419114113,-2.883004053967505,-0.0008753290949900491,-0.00039347648387367103,0.0013585456477504382,-0.006937938016108604,-0.22883190231861855,0.12714542508125307,-0.13932757139205934,0,-0.2,True,0.02642417203231118,0.09139289159545448
928.9,12.050399780273438,-0.06047274172306061,-2.887386834462535,-0.0006710840762000714,-0.00023999438439822944,0.0036448384471811203,-0.0014256478556805006,-0.2247086770173506,0.18415723562240602,-0.0984962421655655,0,-0.2,True,-0.009521283539307642,0.09516397954941146
928.92,12.050570487976074,-0.06039118021726608,-2.892231330349529,-0.00036108633796786733,0.0005558323198430378,0.005173026417967094,0.0007498415047749408,-0.22125895547161828,0.13431138932704928,-0.13709676682949068,0,-0.2,True,0.044640850120432236,0.23405652342240799
928.94,12.050378799438477,-0.06081075966358185,-2.8967002138194244,0.0007037974287549364,-0.00015639289987220254,0.0030851018035138933,-0.0006846440036151507,-0.2206627175958246,0.1819955998659134,-0.10125628530979157,0,-0.2,True,-0.004453673659010353,0.25210133552853464
928.96,12.05010986328125,-0.06070028617978096,-2.9007047704052433,0.0005698577189336634,-0.0004759681149369372,0.0049298136573868445,-0.004916864415456579,-0.21010738044481633,0.20817147850990297,-0.14762718558311463,0,-0.2,True,-0.05867997011903978,0.15323013821498777
928.98,12.05014705657959,-0.06047944352030754,-2.90503985187021,0.0003901750068196181,-3.429254206664133e-05,0.00328854455446011,-0.007824390966541257,-0.2045405701750575,0.14523279666900635,-0.07706180632114411,0,-0.2,True,-0.02126869642119215,0.11349577465732172
929.0,12.050093650817871,-0.06010327488183975,-2.9090399207851227,-0.00028343481093338544,0.0003037520205974663,0.0004786288084415102,-0.008582947468742276,-0.209000544414413,0.07774288415908814,-0.12058593750000002,0,-0.2,True,-0.022230172719250665,-0.1717841229204727
929.02,12.049976348876953,-0.060263894498348236,-2.913063459433414,0.00032196222532710964,5.573279942043433e-05,0.0013836060898200688,-0.008311535559985879,-0.2115830556232471,0.11689854919910432,-0.09296259999275208,0,-0.2,True,-0.01510675881976039,-0.4106270199569906
929.04,12.049914360046387,-0.06004095822572708,-2.917424813958381,-2.4193353136430752e-05,8.782245401669883e-05,0.0031513998398484087,-0.003713953881807102,-0.22385011027844165,0.13010659515857698,-0.1156013983488083,0,-0.2,True,-0.008387938589494215,-0.5095266559193552
929.06,12.049888610839844,-0.05985688418149948,-2.9219664963200542,-0.0001942440527127253,0.00012010835748262641,0.002080003848880378,-0.005455727348368748,-0.23739073177158687,0.12299114108085633,-0.22106194376945498,0,-0.2,True,-0.02411965095883501,-0.5262315234415335
929.08,12.049781799316406,-0.059869635850191116,-2.9269479296074072,-2.4425527372774107e-05,-0.00013046062633951353,-0.00019240627871837032,-0.005136056003952217,-0.24976267688798226,0.1836152255535126,-0.1453454411029816,0,-0.2,True,-0.08859785438669192,-0.23180734287535615
929.1,12.049718856811523,-0.05987417325377464,-2.932054717975151,3.907776319258662e-05,-0.00020097077100856073,-0.0005459659868877192,-0.0030831151471628305,-0.2536815774985913,0.1501110875606537,-0.15954564929008486,0,-0.2,True,-0.10528376368538232,0.12195275019256455
929.12,12.04984188079834,-0.05963622406125069,-2.93740582810943,-0.0003417379228177539,0.00025082889302487077,-0.0039364285110905705,-0.0037832506927047652,-0.24239469770847963,0.11753818750381471,-0.15578719377517702,0,-0.2,True,-0.08213151389788867,0.4841667222089796
929.14,12.049880027770996,-0.05960654467344284,-2.942261022519952,-8.092960411005558e-05,-7.938036052958966e-05,-0.006342697245954518,-0.004306197247790472,-0.22763451175617672,0.14486873626708985,-0.15630245089530947,0,-0.2,True,-0.072191556792454,0.6452127822571608
929.16,12.050028800964355,-0.059509407728910446,-2.946339505424068,0.00012508283416385978,9.090496691289556e-05,-0.006762927390543488,-0.003043638884019822,-0.21102933911129912,0.1359573131799698,-0.1458190417289734,0,-0.2,True,-0.039170451767947305,0.4701551824133707
929.18,12.050148010253906,-0.059436023235321045,-2.9502654789156284,0.0001950616646350191,0.00014287909844373163,-0.0063212905302787855,-0.0006013266289494994,-0.2020645549180654,0.1371595060825348,-0.10693886280059815,0,-0.2,True,0.039851809440592814,0.30493033413922316
929.2,12.050325393676758,-0.05929239094257355,-2.9542881752383425,1.825663615937989e-05,0.0004236959299882828,-0.007070064652527958,-0.0051667196054310804,-0.20478228311539073,0.12013029873371125,-0.11048259794712068,0,-0.2,True,0.05104485087469457,0.03142746688938521
929.22,12.05036735534668,-0.059463150799274445,-2.9584261869134054,0.0005395665626665928,-0.00011986089202205414,-0.0031545524907054616,-0.00551047164499169,-0.20324008502502638,0.12013029873371125,-0.11048259794712068,0,-0.2,True,0.06187230173356469,-0.1480954111902614
929.24,12.050507545471191,-0.058997977524995804,-2.9627220880733076,-0.00023278663152389068,0.0002729931928002721,-0.002679339320565833,-0.005371793364418374,-0.20851514176014702,0.1406111079454422,-0.1454388636350632,0,-0.2,True,0.1003922424973878,-0.0993257700434133
929.26,12.050315856933594,-0.05895659327507019,-2.966524685717639,-4.157548501220566e-05,-0.0003255039097361106,-0.0013715063915910775,-0.010696952706724348,-0.21391218781329238,0.12046974658966066,-0.08314231514930726,0,-0.2,True,-0.011803672497890301,-0.1942318721486002
929.28,12.050459861755371,-0.05883136764168739,-2.970969386579139,-9.859882079441626e-05,0.00022585256453482253,0.0009613147472557625,-0.006917510379604445,-0.21272834471885657,0.14177183628082277,-0.12094213306903841,0,-0.2,True,-0.03134116145468786,-0.11007904614668193
929.3,12.050326347351074,-0.058601364493370056,-2.9755391619384532,-0.000514761121886773,-0.00021363395375729167,-0.004098846290535827,-0.006354307606552076,-0.21877863479690027,0.14035057544708254,-0.13641937732696535,0,-0.2,True,-0.09217951421124593,0.06611235198154768
929.32,12.050337791442871,-0.05846567079424858,-2.979740355650825,-0.0006199073329372923,-0.00023724318292131407,-0.005186632236942145,-0.004468122899969238,-0.21732146545188608,0.07603916108608247,-0.08850880146026611,0,-0.2,True,-0.11965242821058354,0.19528514238556924
929.34,12.050555229187012,-0.058401040732860565,-2.9840269765014,-0.00044916540681924367,0.00024278686097879405,-0.008745867528494523,-0.0004989875927671099,-0.20862319965476586,0.1819281876087189,-0.15814908862113955,0,-0.2,True,-0.09920626952519013,0.32445801787564876
929.36,12.050811767578125,-0.058411724865436554,-2.988355103815299,9.394472831827818e-05,0.0003365732813292883,-0.008610879509595819,0.002275128377205259,-0.19710553332800304,0.11684044957160951,-0.14933566927909853,0,-0.2,True,-0.05711366367647987,0.38271452929507205
929.38,12.051011085510254,-0.05845215171575546,-2.992229017910843,0.00026794298051506467,5.554661476268418e-05,-0.012035347852555098,-0.0002689468210319045,-0.1928219933668351,0.11563702166080476,-0.14464381456375122,0,-0.2,True,-0.014811045933673744,0.2590735169086586
929.4,12.051046371459961,-0.05854040011763573,-2.9955087983170507,0.0004933721285759232,-0.0006418577582367749,-0.009755725331056378,-0.0027559780098707336,-0.18670430310830816,0.10838355958461762,-0.1232771372795105,0,-0.2,True,-0.06743619181331169,-0.03909260403243699
929.42,12.051504135131836,-0.058236487209796906,-2.9994527359707326,0.00041849604989099766,0.0001231302889425389,-0.009930751203187345,-0.0039256745848325674,-0.18789731830209203,0.0613444072008133,-0.07117225229740143,0,-0.2,True,0.0577768467377339,-0.16761219055993823
929.44,12.051551818847656,-0.05807998776435852,-3.003291448063971,7.222851882923885e-05,-0.00024793338494869194,-0.014005774854663514,-0.005592175855941433,-0.2002329416505996,0.13024316787719728,-0.1335093140602112,0,-0.2,True,-0.024613066242328663,-0.36049098389708456
929.46,12.051753044128418,-0.05802872031927109,-3.007260803375018,9.301720114354265e-05,-0.00027886707331710274,-0.007413200113534021,-0.003494699552020073,-0.206230968611637,0.1227496385574341,-0.06030187666416169,0,-0.2,True,0.010809578445800843,-0.4129290171805595
929.48,12.052094459533691,-0.05794283002614975,-3.011527433649107,0.0001651370208376334,0.00040599854482451555,-0.011724770630443679,-0.0025953737713589817,-0.21554358182008967,0.17691601514816285,-0.12829548060894014,0,-0.2,True,0.06892490585695,-0.38123477589456894
929.5,12.052054405212402,-0.05788000300526619,-3.015951213459672,0.00013348419332779817,-0.0001964197166380142,-0.009065984927522835,-0.007183810184115025,-0.2209316396765537,0.12458094716072084,-0.1449177861213684,0,-0.2,True,-0.03703939184597358,-0.3547768854583768
929.52,12.052454948425293,-0.05775245651602745,-3.0205349346095627,0.00015560384402081326,0.0005330683278876319,-0.008491782386112529,-0.004849724646048917,-0.23073172372213738,0.17957543432712555,-0.13440508723258973,0,-0.2,True,0.07415957339835814,-0.21238123583310367
929.54,12.052400588989258,-0.057367660105228424,-3.0249353345491263,-0.0005927578948140895,-3.8595832661189035e-05,-0.010376351461209212,-0.006710063300714114,-0.23461311944828134,0.17948164463043215,-0.14496827960014344,0,-0.2,True,0.031562489436960245,-0.025787391824132536
929.56,12.052721977233887,-0.057475652545690536,-3.029985971546861,-0.00011405331013670798,0.000630117524984873,-0.005792004758580423,-0.00148196237579797,-0.23253408068672252,0.17948164463043215,-0.14496827960014344,0,-0.2,True,0.04368522251261646,0.27518962051928464
929.58,12.052816390991211,-0.05725022777915001,-3.034720263015544,-0.0007634275506910485,0.0003251907593685069,-0.006540985772564724,0.006418482028027189,-0.22299463102248535,0.14299597978591921,-0.14824575781822205,0,-0.2,True,0.024715393552748204,0.4601474603805179
929.6,12.052902221679688,-0.0575830303132534,-3.03913766106451,-0.00019625893512960362,-0.00031843764059827145,-0.004996964585101424,0.0032661916513628984,-0.20871655408058334,0.0719228994846344,-0.19810740470886232,0,-0.2,True,-0.052434366680371935,0.4534038342353439
929.62,12.05297565460205,-0.057822391390800476,-3.0427749050309343,0.00038348692644725354,-0.0008350077668633544,-0.008399119976988344,0.0022798583873707714,-0.19780132261782107,0.0936577531695366,-0.13741287469863894,0,-0.2,True,-0.0781588021276732,0.24865242034442994
929.64,12.053146362304688,-0.0576946921646595,-3.0466832958733163,0.00044741242862136795,-0.0009197990002769912,-0.009986754093012324,-0.0008779468089621521,-0.19626177394787644,0.15133670806884766,-0.14384657919406893,0,-0.2,True,-0.11006360664945382,-0.04579523729919961
929.66,12.053503036499023,-0.05736543610692024,-3.0505443688249554,-4.441776603170444e-05,-0.00018788611193967973,-0.012793689942772893,-0.007573907159235554,-0.20310243739494904,0.1633958959579468,-0.11931171774864198,0,-0.2,True,-0.04196394881731545,-0.2792046673638805
929.68,12.053690910339355,-0.05743739753961563,-3.054838602980326,0.0003808520477853726,-0.00036306350758035844,-0.01380205311704972,-0.00542709228085708,-0.21238017306451598,0.13000107288360596,-0.12625712454319002,0,-0.2,True,-0.06091007002774057,-0.2967923814068117
929.7,12.053939819335938,-0.05712592974305153,-3.0590231000225385,-4.934777577201231e-05,-0.00020421726718372962,-0.011756235882375298,-0.005178048476340758,-0.22013769600694294,0.15733737945556642,-0.15643886089324952,0,-0.2,True,-0.010976685197196745,-0.334845724388876
929.72,12.054208755493164,-0.057166486978530884,-3.0636737097184863,0.0003076684018240013,6.63168880089045e-05,-0.014859559695234063,-0.01052545931448223,-0.22000516446043353,0.1719971859455109,-0.1343097996711731,0,-0.2,True,0.03379947896579037,-0.23186662248567833
929.74,12.05440616607666,-0.05687503516674042,-3.06815538450552,3.049442718782158e-06,0.00011602834255025545,-0.013671824758549082,-0.0050016996614019454,-0.22989009534607283,0.18368746519088747,-0.1339496111869812,0,-0.2,True,0.0626695943184941,-0.13582869350407675
929.76,12.054810523986816,-0.05650538206100464,-3.0724390161371695,-0.00040713917061330104,0.0006160755428614071,-0.011098094799785107,-0.008065427989866897,-0.23092950286337974,0.09393930792808533,-0.14694244861602784,0,-0.2,True,0.17435183330926485,-0.13888640483383755
929.78,12.055001258850098,-0.056646622717380524,-3.0774143076502076,0.00027856479879138284,0.0009859275955694383,-0.00674266833690033,-0.003615550106155391,-0.2310039914872592,0.07349671304225923,-0.1846903169155121,0,-0.2,True,0.18904263320568349,0.0725475723831727
929.8,12.055049896240234,-0.05646144598722458,-3.08214806994754,-0.00021522058531214824,0.0008848634048156188,-0.0009114130305055589,0.0023437054056961,-0.23111607684713042,0.14336933612823488,-0.14317270278930666,0,-0.2,True,0.15162797610981904,0.17718779347319313
929.82,12.054925918579102,-0.05655179172754288,-3.08663570382451,-0.0005161206960954914,-2.733590241558685e-05,0.0014515858979133349,0.003599114823369778,-0.22408628955541604,0.13963944852352145,-0.1220730459690094,0,-0.2,True,0.043565547689785294,0.21668764619565353
929.84,12.05489444732666,-0.05668821558356285,-3.0909283022849494,-0.00045597002880640397,-0.0006435991520484315,0.0010321432890066215,0.002229490073256768,-0.21675447938551703,0.16696658015251162,-0.1280610877275467,0,-0.2,True,-0.07385466083683714,0.23269779307757762
929.86,12.054901123046875,-0.05694049596786499,-3.09534121081465,0.00034684828646925925,-0.0007999715374118516,-0.0032574245217157232,-0.00024761206009617383,-0.21366897979159805,0.19899958968162537,-0.16257486164569857,0,-0.2,True,-0.14926861004764805,0.12272459785513831
929.88,12.054976463317871,-0.056643757969141006,-3.09948842829839,-4.718172430091265e-05,-0.0008269658146579211,-0.006819785897455553,-0.003562276072594899,-0.2125002534009147,0.18056653261184694,-0.14664453625679016,0,-0.2,True,-0.12342513133703756,-0.005539744593263855
929.9,12.055185317993164,-0.05651995539665222,-3.1037292222078223,6.400337839971592e-05,-0.0006458220406674003,-0.010489902905887648,-0.008605422216901838,-0.2142683217270139,0.08541495144367219,-0.1230452185869217,0,-0.2,True,-0.08930621599440543,-0.08285129931208975
929.92,12.055427551269531,-0.05638052150607109,-3.107928322557007,8.775081703389455e-05,-0.0002629825938280202,-0.008841867217947403,-0.006831867126025386,-0.21719765895297774,0.11545233786106111,-0.12372054278850557,0,-0.2,True,-0.011180305566089429,-0.15312645487683
929.94,12.055713653564453,-0.05622078850865364,-3.11248267655282,0.000185291234954974,0.0003145014534486807,-0.010401921801271813,-0.007456968947367839,-0.22029708373656862,0.12312230646610262,-0.13026208102703096,0,-0.2,True,0.07581618776614792,-0.09771603245385706
929.96,12.055665016174316,-0.056073710322380066,-3.116864241014637,0.00021221027388859909,-0.0001528967387250449,-0.007714210342743165,-0.009120337376795634,-0.22475036979106736,0.12283550918102265,-0.12482428550720216,0,-0.2,True,0.023748719138258354,0.013620170020744974
929.98,12.055999755859375,-0.05589943006634712,-3.121352988906757,0.00025024725985111935,0.0009633131410559709,-0.004424607884592712,-0.008297641779187102,-0.22208560432332647,0.13587028682231905,-0.1232949197292328,0,-0.2,True,0.15493372804095878,0.07525041413669376
930.0,12.056026458740234,-0.055635858327150345,-3.1259083521403017,0.00012541864370152229,0.0009227510079451853,-0.006941969686885763,-0.00932093413690795,-0.21610804535131758,0.13780549466609956,-0.10952765703201295,0,-0.2,True,0.10239758174721074,0.19507245241083354
930.02,12.05605411529541,-0.055549949407577515,-3.13024952489867,5.021653095717523e-05,0.001085631219082222,0.0019927764419936165,-0.0061423936659240645,-0.2142770506056386,0.1457264620065689,-0.12466075122356415,0,-0.2,True,0.07883937195103503,0.2617221895393481
930.04,12.056208610534668,-0.055319417268037796,-3.134152884642727,-0.0005654367235440112,0.0011487838573343715,0.00047759619702624374,-0.0031044310336134735,-0.20914457359821487,0.130537383556366,-0.12633099973201753,0,-0.2,True,0.10176867184198829,0.20966101446727964
930.06,12.055834770202637,-0.05540987849235535,-3.1384951529551923,-0.0005338572615953455,-3.737364739250512e-05,0.001882541871484354,-0.0003144264087982112,-0.20114782916019766,0.10627856314182282,-0.0879161560535431,0,-0.2,True,-0.08580541409546188,0.195234302411864
930.08,12.055986404418945,-0.055387794971466064,3.140545389151419,-0.0006934165116842161,1.0133416833456438e-05,0.0011995240604774653,0.00428776385191463,-0.19933516419392663,0.1385725474357605,-0.11507595658302308,0,-0.2,True,-0.11340828009855024,0.24501010832306327
930.1,12.055903434753418,-0.05552526190876961,3.1368439559480925,-0.00040907323988029497,-0.0004448732817771289,-0.004871656685646845,0.004166141674764378,-0.19865830641268148,0.08752686977386476,-0.08916202485561371,0,0,True,-0.17528102840667759,0.1884954315151219
930.12,12.056112289428711,-0.05566233769059181,3.1330856094013373,-0.0003419754691735629,-0.0008042514463954824,-0.008595066210862416,0.004176378906013468,-0.18954376493235978,0.08696564614772798,-0.15705188393592837,0,0,True,-0.1735510933344213,0.3056408147613728
930.14,12.056222915649414,-0.055745016783475876,3.1287974897113715,1.0739712729912854e-05,-0.0012348969776177394,-0.012139940401057028,0.0012006359621726892,-0.1860681946389802,0.15991084456443788,-0.1315904200077057,0,0,True,-0.10198578590832273,0.5967483832699361
930.16,12.056671142578125,-0.05572774261236191,3.125381887956844,0.00037252896115874467,-0.0006299783217030194,-0.012684563406263612,-0.004472360992855072,-0.17488389901303905,0.19528614521026613,-0.07899643421173097,0,0,True,0.015121597439444355,0.7672729568223574
930.18,12.056873321533203,-0.05563373118638992,3.1219585003769876,0.0007977834974941963,-0.0005649541252505154,-0.013030519558305243,-0.007973324553224687,-0.15091843575113,0.06869172990322114,-0.1173995077610016,0,0,True,0.0716949370140001,1.125905403157395
930.2,12.057132720947266,-0.055321045219898224,3.119094897480287,0.0004898755161322717,-0.00010541894647576012,-0.007385338415706249,-0.012521765602524115,-0.12816192838653978,0.09448847353458406,-0.09764828801155091,0,0,True,0.14691071827617322,1.4209663692251864
930.22,12.05727767944336,-0.055127739906311035,3.116724014851275,0.0005237290946770528,0.00024353572385772584,-0.006404345439934085,-0.010513686615657986,-0.09599576238634251,0.005264218449592591,-0.07219669371843339,0,0,True,0.21526128273041092,1.4759435596494472
930.24,12.057284355163574,-0.05473954603075981,3.1151289336859156,4.572064332404114e-05,0.0002590881990994887,-0.0009317059441637417,-0.010753902237817681,-0.06120658947496599,0.0557435504347086,-0.07472918450832368,0,0,True,0.2083351256603952,1.5001744499264642
930.26,12.057406425476074,-0.054805636405944824,3.1142788393860763,0.000515738769556023,0.000557305001777382,0.004190383060136438,-0.008460933746358468,-0.032842950979113834,0.04024011388421059,0.02087637171149254,0,0,True,0.24574629501841497,1.2625073193453684
930.28,12.057229995727539,-0.05446300655603409,3.114198370322294,0.00014587781541225566,0.0002471517213166083,0.009281471637110206,-0.002304095389391596,-0.008147972392531783,0.0010776385664939881,-0.01064929559826851,0,0,True,0.2069324438104382,0.8546170382615257
930.3,12.056961059570312,-0.05444196239113808,3.114096578772948,0.00012833772776281425,0.0003772471699429985,0.013255358161521232,-0.0023933813712416624,0.005004823161195098,0.009354716986417771,0.008320260420441629,0,0,True,0.13503239417923535,0.5638218020901569
930.32,12.056547164916992,-0.054534949362277985,3.1144770958945127,0.000360332309066564,-4.6220508075480784e-05,0.015622889560679786,0.0021715308672672425,0.007162773585991044,0.012309504970908167,0.011629338264465333,0,0,True,0.04241131977413013,0.22113413788293776
930.34,12.056351661682129,-0.054585084319114685,3.114679225238972,0.0005950778621090062,0.0002732557305391619,0.014992974594480794,0.0034347655142055473,0.01226279318812179,0.00945535346865654,0.01754189379513264,0,0,True,-0.02661480600811188,0.054378581983399246
930.36,12.055975914001465,-0.05460277944803238,3.1147713922091738,0.00036239597527993315,6.626822336474206e-05,0.012674377219042353,0.002746449483069536,0.009542758638112289,0.013055722191929818,0.012630018815398217,0,0,True,-0.07485813626175075,-0.02458284894369812
930.38,12.055754661560059,-0.054684367030858994,3.1150776022279985,0.0005355891571864015,0.00031190776437013863,0.011126173680871192,0.002696501397689278,0.009355109719869263,0.01714003369212151,0.017158257365226748,0,0,True,-0.07960142341513207,-0.10039006262026028
930.4,12.055527687072754,-0.05472739413380623,3.115240516585561,0.0005048942472276734,0.000291546771896202,0.009634238659745173,0.0027607215609834744,0.005196145670496983,0.010580262392759323,0.013420011028647424,0,0,True,-0.07312831970465106,-0.06427913537897893
930.42,12.055456161499023,-0.054777130484580994,3.115427634016561,0.0005722460536072889,0.0006973586990712806,0.00862486072127602,0.0012493622175533132,0.004231588178508272,0.009492072016000748,0.009172276332974435,0,0,True,-0.029845110335647452,-0.10862001564053378
930.44,12.05519962310791,-0.05480325222015381,3.1151870838628137,0.0006308749831323401,0.00025889915906760234,0.006824111642667275,0.0012423610129896259,0.0044004278077913435,0.00855072245001793,0.006993944495916367,0,0,True,-0.029818678005368516,0.011908127810031258
930.46,12.055062294006348,-0.054766230285167694,3.1154161292822793,0.0006222749097396533,0.0002735594261554094,0.008738564854018175,9.436161252077255e-05,0.0006655084686221151,0.01244662217795849,0.011363080814480783,0,0,True,-0.025816703951197843,-0.04904111291248445
930.48,12.05497932434082,-0.05481233447790146,3.1155925508101845,0.0007655563350585129,0.0005902402937702253,0.007248744419314472,0.0018969007590127936,0.006148795895299971,0.008393170759081841,0.0038733608275651936,0,0,True,-0.0007685158786425579,-0.08782031646976772
930.5,12.054757118225098,-0.05476637929677963,3.1154808746940508,0.0004166011347390842,0.0005225981155694634,0.006559524405179136,-2.9774740070046224e-05,0.0003082991455075097,0.007102206945419312,0.005590574070811272,0,0,True,-0.05017586606629739,0.0064505714460925245
930.52,12.05461597442627,-0.0549398772418499,3.1156789875344373,0.0010201198295993691,0.000539975239089474,0.0067626303723759265,0.0008741034674117092,-0.0026251975097836837,0.01301764763891697,0.009264224469661714,0,0,True,-0.02453751948746806,-0.09614115125269365
930.54,12.054537773132324,-0.054750148206949234,3.11544079321392,0.0007528998088209952,0.0005138530181491879,0.004724495568718034,0.000372051215392441,0.0011815541843090476,0.007022864967584611,0.008317283727228642,0,0,True,-0.011799410506919659,-0.019016676091804137
930.56,12.054436683654785,-0.054868221282958984,3.115382535009402,0.0008633906437150963,0.000597408121958123,0.005285742860318812,-0.0019322834059696025,-0.001542496204908527,0.007353851608932019,0.005807965770363808,0,0,True,-0.01893334570428257,0.06756313226931845
930.58,12.054378509521484,-0.05478624999523163,3.1155753990287955,0.000834706581742476,0.0006644464682040808,0.00561557156462508,-0.00041648137966139576,-0.0012130349418375997,0.005009823441505433,0.0041975176334381106,0,0,True,0.027535376111052428,-0.011138647155653589
930.6,12.054197311401367,-0.054774265736341476,3.1155555878380445,0.0007653370113023486,0.00026309700173807177,0.005247962716032546,-0.0009532512680791832,0.0027798530717645584,0.0035875127464532856,0.003351595401763916,0,0,True,0.05621117811835216,0.07363271688716666
930.62,12.054089546203613,-0.05470515415072441,3.115343750418573,0.0006399401408680962,0.00011170466807967048,0.006927325657603355,4.268893325789206e-05,0.00029046241185630477,0.008342965953052044,0.007887397333979607,0,0,True,0.061249240670696925,0.1171142071483327
930.64,12.0540189743042,-0.05478105694055557,3.1156049232551433,0.0007464733250178023,0.0004866320606352605,0.009782637109789286,0.001215735324780959,0.00434812114606782,0.00384027598425746,0.003925119824707508,0,0,True,0.04882101633031415,0.04910010690724898
930.66,12.053824424743652,-0.054775118827819824,3.115598636021744,0.0007139163607613612,0.0006504555579014908,0.010515510818276378,0.0019231452943654647,0.008156101630020497,0.006919514387845994,0.004982055183500052,0,0,True,0.015377874223091266,0.019667871302186644
930.68,12.053412437438965,-0.05485115572810173,3.1159034375297296,0.0007835299684763516,2.2856592134423094e-05,0.009153644022454126,0.0015733018003836596,0.006707861624340904,0.009990985095500947,0.013660071492195131,0,0,True,-0.08045035714286071,-0.02699061667885937
930.7,12.053244590759277,-0.05483708903193474,3.115996238548975,0.000629654384927505,-0.00013293562161594515,0.008157555595451286,0.0032226189760538333,0.0018638921160320412,0.013167398646473885,0.03264238700270653,0,0,True,-0.1252024238448731,-0.10039748101816401
930.72,12.05328369140625,-0.05488806962966919,3.116141552185091,0.0005048003885034969,0.0005693295347097615,0.0033466085383571367,0.0006356900631777978,0.0021888718117579658,0.00624486193060875,0.0005394691228866578,0,0,True,-0.08421564493316389,-0.11314471473198663
930.74,12.053165435791016,-0.05501614138484001,3.1157477473910267,0.0010013690555018817,0.00020698124089644953,0.0004993169106814073,0.0005204617146862969,0.00012430314856326714,0.003209706358611584,0.0022306019440293313,0,0,True,-0.08098284462266758,0.036349862799226494
930.76,12.053143501281738,-0.05489518120884895,3.1160785472746704,0.0011008243637190484,0.000257513993732388,0.0024163924277975676,-0.0002970570350842285,-0.002343715554222658,0.003726423662155867,0.002316811503842473,0,0,True,-0.02200579165114649,-0.008363211390919332
930.78,12.053203582763672,-0.05487767979502678,3.11600618280086,0.0010660566368124018,0.0006653670665088079,0.001678928025643771,-0.0013012315346817576,0.004771881139967516,0.0020447376370429995,0.0022104374878108503,0,0,True,0.03319549709334422,-0.012431817671191316
930.8,12.053091049194336,-0.054859381169080734,3.115954054940753,0.0008872269299004214,0.0003409461627097083,0.0015861452062670186,0.0004595357415804475,0.0015198149004850277,-0.0018955367896705867,-0.0007903082016855479,0,0,True,-0.002808294597390123,0.05408779769509891
930.82,12.053033828735352,-0.054908640682697296,3.1161294978822243,0.0009434231611151509,0.00021558727246468766,0.0031549566781503037,-0.0002674229349847114,-0.000870242265132547,0.004605038277804852,0.0044710938632488255,0,0,True,-7.496432879110565e-05,-0.10454398227113651
930.84,12.05301570892334,-0.05492867901921272,3.1162001324667092,0.000883064009883694,0.0002690203708200609,0.002191728860006243,0.0005651700523290592,0.0019833082613874686,0.0015358366630971432,0.0008333070762455464,0,0,True,0.00025384676276382016,-0.053708764492019154
930.86,12.05295181274414,-0.05484986677765846,3.115936563419649,0.0008111435360285331,0.00012332893612621427,0.0016729308793404795,0.0003301981408771778,-0.003591637441727682,-0.00030810691416263583,-0.000274721859022975,0,0,True,-0.024536241267555093,0.011132624938158243
930.88,12.0529146194458,-0.05490012839436531,3.1161127196016642,0.0009509745481627138,0.00011024861635227857,0.0016064529472881346,-0.0008025986593307456,-0.0027768862588787024,0.00023670992348343137,0.0003250968339852989,0,0,True,-0.013530628574163789,-0.024702110138159872
930.9,12.052899360656738,-0.05493161454796791,3.1158421668868863,0.0009725518261620803,0.00015636882651477862,0.0011920573767476813,1.672837264141819e-05,2.0367729919302375e-05,0.0010341938072815538,0.0003414499200880528,0,0,True,-0.00840346779938787,0.04455353960328579
930.92,12.052888870239258,-0.054861217737197876,3.115977981565999,0.0008724914973191617,0.00019400592539336648,0.0011092785740741242,-1.047545397880759e-05,7.139450336476017e-06,-0.0013009176775813105,-0.0009829073259606958,0,0,True,-0.0083207512371634,0.03645816478306344
930.94,12.0528564453125,-0.054848749190568924,3.1159381928380427,0.0008246691401540716,9.704660434286749e-05,0.001000653455389106,4.030343553925146e-05,-2.7354273462995456e-05,-0.000984639720991254,-0.0005766478972509504,0,0,True,-0.008255857767428732,0.007709478666299107
930.96,12.052825927734375,-0.054897017776966095,3.116113290757691,0.0009686795698579787,8.215866149588676e-05,0.000940792848314722,4.968883991653849e-05,0.00013976692376786514,-0.0006525141000747681,-0.000787289459258318,0,0,True,-0.011794487750687066,-0.019484217783993084
930.98,12.05281925201416,-0.05493278428912163,3.1158399785450093,0.0009877538697257498,0.0001352896904036487,0.0005315887553530449,0.00019531441797047944,0.0006371260232235465,0.0005935385776683689,-0.00026514304801821713,0,0,True,-0.011336343255511338,0.0236519869950972
931.0,12.052813529968262,-0.05486327409744263,3.1159891629199006,0.0008877966840248053,0.00015667911767695204,0.00016571955401867625,-0.00041769035717374145,-0.0015515979723837682,-0.0019904264807701112,-0.001592437904328108,0,0,True,-0.01175991060394472,-0.0017470865470999033
931.02,12.052813529968262,-0.05486327409744263,3.1159891629199006,0.0008877966840248053,0.00015667911767695204,9.374599494902382e-05,-0.0008667615158669138,0.0018648046861430598,-0.001561430161818862,-0.0011292568128556013,0,0,True,-0.006644859441919105,-0.007964075290301574
931.04,12.052813529968262,-0.05486327409744263,3.1159891629199006,0.0008877966840248053,0.00015667911767695204,0.0,-0.0,0.0,-0.001350900111719966,-0.0012929223943501712,0,0,True,-0.0020714944252323932,0.019394974654787178
931.06,12.052813529968262,-0.05486327409744263,3.1159891629199006,0.0008877966840248053,0.00015667911767695204,0.0,-0.0,0.0,-0.001350900111719966,-0.0012929223943501712,0,0,True,-0.0011718249368621982,-0.023310058576776323
931.08,12.052813529968262,-0.05486327409744263,3.1159891629199006,0.0008877966840248053,0.00015667911767695204,0.0,-0.0,0.0,-0.001350900111719966,-0.0012929223943501712,0,0,True,0.0,0.0
931.1,12.052813529968262,-0.05486327409744263,3.1159891629199006,0.0008877966840248053,0.00015667911767695204,0.0,-0.0,0.0,-0.001350900111719966,-0.0012929223943501712,0,0,True,0.0,0.0
931.12,12.052813529968262,-0.05486327409744263,3.1159891629199006,0.0008877966840248053,0.00015667911767695204,0.0,-0.0,0.0,-0.001350900111719966,-0.0012929223943501712,0,0,True,0.0,0.0
931.14,12.052813529968262,-0.05486327409744263,3.1159891629199006,0.0008877966840248053,0.00015667911767695204,0.0,-0.0,0.0,-0.001350900111719966,-0.0012929223943501712,0,0,True,0.0,0.0
931.16,12.052813529968262,-0.05486327409744263,3.1159891629199006,0.0008877966840248053,0.00015667911767695204,0.0,-0.0,0.0,-0.001350900111719966,-0.0012929223943501712,0,0,True,0.0,0.0
931.18,12.052813529968262,-0.05486327409744263,3.1159891629199006,0.0008877966840248053,0.00015667911767695204,0.0,-0.0,0.0,-0.001350900111719966,-0.0012929223943501712,0,0,True,0.0,0.0
931.2,12.052813529968262,-0.05486327409744263,3.1159891629199006,0.0008877966840248053,0.00015667911767695204,0.0,-0.0,0.0,-0.001350900111719966,-0.0012929223943501712,0,0,True,0.0,0.0
931.22,12.052813529968262,-0.05486327409744263,3.1159891629199006,0.0008877966840248053,0.00015667911767695204,0.0,-0.0,0.0,-0.001350900111719966,-0.0012929223943501712,0,0,True,0.0,0.0
931.24,12.052813529968262,-0.05486327409744263,3.1159891629199006,0.0008877966840248053,0.00015667911767695204,0.0,-0.0,0.0,-0.001350900111719966,-0.0012929223943501712,0,0,True,0.0,0.0
931.26,12.052813529968262,-0.05486327409744263,3.1159891629199006,0.0008877966840248053,0.00015667911767695204,0.0,-0.0,0.0,-0.001350900111719966,-0.0012929223943501712,0,0,True,0.0,0.0
931.28,12.052813529968262,-0.05486327409744263,3.1159891629199006,0.0008877966840248053,0.00015667911767695204,0.0,-0.0,0.0,-0.001350900111719966,-0.0012929223943501712,0,0,True,0.0,0.0
931.3,12.052813529968262,-0.05486327409744263,3.1159891629199006,0.0008877966840248053,0.00015667911767695204,0.0,-0.0,0.0,-0.001350900111719966,-0.0012929223943501712,0,0,True,0.0,0.0
931.32,12.052813529968262,-0.05486327409744263,3.1159891629199006,0.0008877966840248053,0.00015667911767695204,0.0,-0.0,0.0,-0.001350900111719966,-0.0012929223943501712,0,0,True,0.0,0.0
931.34,12.052813529968262,-0.05486327409744263,3.1159891629199006,0.0008877966840248053,0.00015667911767695204,0.0,-0.0,0.0,-0.001350900111719966,-0.0012929223943501712,0,0,True,0.0,0.0
931.36,12.052813529968262,-0.05486327409744263,3.1159891629199006,0.0008877966840248053,0.00015667911767695204,0.0,-0.0,0.0,-0.001350900111719966,-0.0012929223943501712,0,0,True,0.0,0.0
931.38,12.052813529968262,-0.05486327409744263,3.1159891629199006,0.0008877966840248053,0.00015667911767695204,0.0,-0.0,0.0,-0.001350900111719966,-0.0012929223943501712,0,0,True,0.0,0.0
931.4,12.052813529968262,-0.05486327409744263,3.1159891629199006,0.0008877966840248053,0.00015667911767695204,0.0,-0.0,0.0,-0.001350900111719966,-0.0012929223943501712,0,0,True,0.0,0.0
931.42,12.052813529968262,-0.05486327409744263,3.1159891629199006,0.0008877966840248053,0.00015667911767695204,0.0,-0.0,0.0,-0.001350900111719966,-0.0012929223943501712,0,0,True,0.0,0.0
931.44,12.052813529968262,-0.05486327409744263,3.1159891629199006,0.0008877966840248053,0.00015667911767695204,0.0,-0.0,0.0,-0.001350900111719966,-0.0012929223943501712,0,0,True,0.0,0.0
931.46,12.052813529968262,-0.05486327409744263,3.1159891629199006,0.0008877966840248053,0.00015667911767695204,0.0,-0.0,0.0,-0.001350900111719966,-0.0012929223943501712,0,0,True,0.0,0.0
931.48,12.052813529968262,-0.05486327409744263,3.1159891629199006,0.0008877966840248053,0.00015667911767695204,0.0,-0.0,0.0,-0.001350900111719966,-0.0012929223943501712,0,0,True,0.0,0.0
931.5,12.052813529968262,-0.05486327409744263,3.1159891629199006,0.0008877966840248053,0.00015667911767695204,0.0,-0.0,0.0,-0.001350900111719966,-0.0012929223943501712,0,0,True,0.0,0.0
931.52,12.052813529968262,-0.05486327409744263,3.1159891629199006,0.0008877966840248053,0.00015667911767695204,0.0,-0.0,0.0,-0.001350900111719966,-0.0012929223943501712,0,0,True,0.0,0.0
931.54,12.052813529968262,-0.05486327409744263,3.1159891629199006,0.0008877966840248053,0.00015667911767695204,0.0,-0.0,0.0,-0.001350900111719966,-0.0012929223943501712,0,0,True,0.0,0.0
931.56,12.052813529968262,-0.05486327409744263,3.1159891629199006,0.0008877966840248053,0.00015667911767695204,0.0,-0.0,0.0,-0.001350900111719966,-0.0012929223943501712,0,0,True,0.0,0.0
931.58,12.052813529968262,-0.05486327409744263,3.1159891629199006,0.0008877966840248053,0.00015667911767695204,0.0,-0.0,0.0,-0.001350900111719966,-0.0012929223943501712,0,0,True,0.0,0.0
931.6,12.052813529968262,-0.05486327409744263,3.1159891629199006,0.0008877966840248053,0.00015667911767695204,0.0,-0.0,0.0,-0.001350900111719966,-0.0012929223943501712,0,0,True,0.0,0.0
931.62,12.052813529968262,-0.05486327409744263,3.1159891629199006,0.0008877966840248053,0.00015667911767695204,0.0,-0.0,0.0,-0.001350900111719966,-0.0012929223943501712,0,0,True,0.0,0.0
931.64,12.052813529968262,-0.05486327409744263,3.1159891629199006,0.0008877966840248053,0.00015667911767695204,0.0,-0.0,0.0,-0.001350900111719966,-0.0012929223943501712,0,0,True,0.0,0.0
931.66,12.052813529968262,-0.05486327409744263,3.1159891629199006,0.0008877966840248053,0.00015667911767695204,0.0,-0.0,0.0,-0.001350900111719966,-0.0012929223943501712,0,0,True,0.0,0.0
931.68,12.052813529968262,-0.05486327409744263,3.1159891629199006,0.0008877966840248053,0.00015667911767695204,0.0,-0.0,0.0,-0.001350900111719966,-0.0012929223943501712,0,0,True,0.0,0.0
931.7,12.052813529968262,-0.05486327409744263,3.1159891629199006,0.0008877966840248053,0.00015667911767695204,0.0,-0.0,0.0,-0.001350900111719966,-0.0012929223943501712,0,0,True,0.0,0.0
931.72,12.052813529968262,-0.05486327409744263,3.1159891629199006,0.0008877966840248053,0.00015667911767695204,0.0,-0.0,0.0,-0.001350900111719966,-0.0012929223943501712,0,0,True,0.0,0.0
931.74,12.052813529968262,-0.05486327409744263,3.1159891629199006,0.0008877966840248053,0.00015667911767695204,0.0,-0.0,0.0,-0.001350900111719966,-0.0012929223943501712,0,0,True,0.0,0.0
931.76,12.052813529968262,-0.05486327409744263,3.1159891629199006,0.0008877966840248053,0.00015667911767695204,0.0,-0.0,0.0,-0.001350900111719966,-0.0012929223943501712,0,0,True,0.0,0.0
931.78,12.052813529968262,-0.05486327409744263,3.1159891629199006,0.0008877966840248053,0.00015667911767695204,0.0,-0.0,0.0,-0.001350900111719966,-0.0012929223943501712,0,0,True,0.0,0.0
931.8,12.052813529968262,-0.05486327409744263,3.1159891629199006,0.0008877966840248053,0.00015667911767695204,0.0,-0.0,0.0,-0.001350900111719966,-0.0012929223943501712,0,0,True,0.0,0.0
931.82,12.052813529968262,-0.05486327409744263,3.1159891629199006,0.0008877966840248053,0.00015667911767695204,0.0,-0.0,0.0,-0.001350900111719966,-0.0012929223943501712,0,0,True,0.0,0.0
931.84,12.052813529968262,-0.05486327409744263,3.1159891629199006,0.0008877966840248053,0.00015667911767695204,0.0,-0.0,0.0,-0.001350900111719966,-0.0012929223943501712,0,0,True,0.0,0.0
931.86,12.052813529968262,-0.05486327409744263,3.1159891629199006,0.0008877966840248053,0.00015667911767695204,0.0,-0.0,0.0,-0.001350900111719966,-0.0012929223943501712,0,0,True,0.0,0.0
931.88,12.052813529968262,-0.05486327409744263,3.1159891629199006,0.0008877966840248053,0.00015667911767695204,0.0,-0.0,0.0,-0.001350900111719966,-0.0012929223943501712,0,0,True,0.0,0.0
931.9,12.052813529968262,-0.05486327409744263,3.1159891629199006,0.0008877966840248053,0.00015667911767695204,0.0,-0.0,0.0,-0.001350900111719966,-0.0012929223943501712,0,0,True,0.0,0.0
931.92,12.052813529968262,-0.05486327409744263,3.1159891629199006,0.0008877966840248053,0.00015667911767695204,0.0,-0.0,0.0,-0.001350900111719966,-0.0012929223943501712,0,0,True,0.0,0.0
931.94,12.052813529968262,-0.05486327409744263,3.1159891629199006,0.0008877966840248053,0.00015667911767695204,0.0,-0.0,0.0,-0.001350900111719966,-0.0012929223943501712,0,0,True,0.0,0.0
931.96,12.052813529968262,-0.05486327409744263,3.1159891629199006,0.0008877966840248053,0.00015667911767695204,0.0,-0.0,0.0,-0.001350900111719966,-0.0012929223943501712,0,0,True,0.0,0.0
931.98,12.052813529968262,-0.05486327409744263,3.1159891629199006,0.0008877966840248053,0.00015667911767695204,0.0,-0.0,0.0,-0.001350900111719966,-0.0012929223943501712,0,0,True,0.0,0.0
932.0,12.052813529968262,-0.05486327409744263,3.1159891629199006,0.0008877966840248053,0.00015667911767695204,0.0,-0.0,0.0,-0.001350900111719966,-0.0012929223943501712,0,0,True,0.0,0.0
932.02,12.052813529968262,-0.05486327409744263,3.1159891629199006,0.0008877966840248053,0.00015667911767695204,0.0,-0.0,0.0,-0.001350900111719966,-0.0012929223943501712,0,0,True,0.0,0.0
932.04,12.052813529968262,-0.05486327409744263,3.1159891629199006,0.0008877966840248053,0.00015667911767695204,0.0,-0.0,0.0,-0.001350900111719966,-0.0012929223943501712,0,0,True,0.0,0.0
932.06,12.052813529968262,-0.05486327409744263,3.1159891629199006,0.0008877966840248053,0.00015667911767695204,0.0,-0.0,0.0,-0.001350900111719966,-0.0012929223943501712,0,0,True,0.0,0.0
932.08,12.052813529968262,-0.05486327409744263,3.1159891629199006,0.0008877966840248053,0.00015667911767695204,0.0,-0.0,0.0,-0.001350900111719966,-0.0012929223943501712,0,0,True,0.0,0.0
932.1,12.052813529968262,-0.05486327409744263,3.1159891629199006,0.0008877966840248053,0.00015667911767695204,0.0,-0.0,0.0,-0.001350900111719966,-0.0012929223943501712,0,0,True,0.0,0.0
932.12,12.052813529968262,-0.05486327409744263,3.1159891629199006,0.0008877966840248053,0.00015667911767695204,0.0,-0.0,0.0,-0.001350900111719966,-0.0012929223943501712,0,0,True,0.0,0.0
932.14,12.052813529968262,-0.05486327409744263,3.1159891629199006,0.0008877966840248053,0.00015667911767695204,0.0,-0.0,0.0,-0.001350900111719966,-0.0012929223943501712,0,0,True,0.0,0.0
932.16,12.052813529968262,-0.05486327409744263,3.1159891629199006,0.0008877966840248053,0.00015667911767695204,0.0,-0.0,0.0,-0.001350900111719966,-0.0012929223943501712,0,0,True,0.0,0.0
932.18,12.052813529968262,-0.05486327409744263,3.1159891629199006,0.0008877966840248053,0.00015667911767695204,0.0,-0.0,0.0,-0.001350900111719966,-0.0012929223943501712,0,0,True,0.0,0.0
932.2,12.052813529968262,-0.05486327409744263,3.1159891629199006,0.0008877966840248053,0.00015667911767695204,0.0,-0.0,0.0,-0.001350900111719966,-0.0012929223943501712,0,0,True,0.0,0.0
932.22,12.052813529968262,-0.05486327409744263,3.1159891629199006,0.0008877966840248053,0.00015667911767695204,0.0,-0.0,0.0,-0.001350900111719966,-0.0012929223943501712,0,0,True,0.0,0.0
932.24,12.052813529968262,-0.05486327409744263,3.1159891629199006,0.0008877966840248053,0.00015667911767695204,0.0,-0.0,0.0,-0.001350900111719966,-0.0012929223943501712,0,0,True,0.0,0.0
932.26,12.052813529968262,-0.05486327409744263,3.1159891629199006,0.0008877966840248053,0.00015667911767695204,0.0,-0.0,0.0,-0.001350900111719966,-0.0012929223943501712,0,0,True,0.0,0.0
932.28,12.052813529968262,-0.05486327409744263,3.1159891629199006,0.0008877966840248053,0.00015667911767695204,0.0,-0.0,0.0,-0.001350900111719966,-0.0012929223943501712,0,0,True,0.0,0.0
932.3,12.052813529968262,-0.05486327409744263,3.1159891629199006,0.0008877966840248053,0.00015667911767695204,0.0,-0.0,0.0,-0.001350900111719966,-0.0012929223943501712,0,0,True,0.0,0.0
932.32,12.052813529968262,-0.05486327409744263,3.1159891629199006,0.0008877966840248053,0.00015667911767695204,0.0,-0.0,0.0,-0.001350900111719966,-0.0012929223943501712,0,0,True,0.0,0.0
932.34,12.052813529968262,-0.05486327409744263,3.1159891629199006,0.0008877966840248053,0.00015667911767695204,0.0,-0.0,0.0,-0.001350900111719966,-0.0012929223943501712,0,0,True,0.0,0.0
932.36,12.052813529968262,-0.05486327409744263,3.1159891629199006,0.0008877966840248053,0.00015667911767695204,0.0,-0.0,0.0,-0.001350900111719966,-0.0012929223943501712,0,0,True,0.0,0.0
932.38,12.052813529968262,-0.05486327409744263,3.1159891629199006,0.0008877966840248053,0.00015667911767695204,0.0,-0.0,0.0,-0.001350900111719966,-0.0012929223943501712,0,0,True,0.0,0.0
932.4,12.052813529968262,-0.05486327409744263,3.1159891629199006,0.0008877966840248053,0.00015667911767695204,0.0,-0.0,0.0,-0.001350900111719966,-0.0012929223943501712,0,0,True,0.0,0.0
932.42,12.052813529968262,-0.05486327409744263,3.1159891629199006,0.0008877966840248053,0.00015667911767695204,0.0,-0.0,0.0,-0.001350900111719966,-0.0012929223943501712,0,0,True,0.0,0.0
932.44,12.052813529968262,-0.05486327409744263,3.1159891629199006,0.0008877966840248053,0.00015667911767695204,0.0,-0.0,0.0,-0.001350900111719966,-0.0012929223943501712,0,0,True,0.0,0.0
932.46,12.052813529968262,-0.05486327409744263,3.1159891629199006,0.0008877966840248053,0.00015667911767695204,0.0,-0.0,0.0,-0.001350900111719966,-0.0012929223943501712,0,0,True,0.0,0.0
932.48,12.052813529968262,-0.05486327409744263,3.1159891629199006,0.0008877966840248053,0.00015667911767695204,0.0,-0.0,0.0,-0.001350900111719966,-0.0012929223943501712,0,0,True,0.0,0.0
932.5,12.052813529968262,-0.05486327409744263,3.1159891629199006,0.0008877966840248053,0.00015667911767695204,0.0,-0.0,0.0,-0.001350900111719966,-0.0012929223943501712,0,0,True,0.0,0.0
932.52,12.052813529968262,-0.05486327409744263,3.1159891629199006,0.0008877966840248053,0.00015667911767695204,0.0,-0.0,0.0,-0.001350900111719966,-0.0012929223943501712,0,0,True,0.0,0.0
932.54,12.052813529968262,-0.05486327409744263,3.1159891629199006,0.0008877966840248053,0.00015667911767695204,0.0,-0.0,0.0,-0.001350900111719966,-0.0012929223943501712,0,0,True,0.0,0.0
932.56,12.052813529968262,-0.05486327409744263,3.1159891629199006,0.0008877966840248053,0.00015667911767695204,0.0,-0.0,0.0,-0.001350900111719966,-0.0012929223943501712,0,0,True,0.0,0.0
932.58,12.052813529968262,-0.05486327409744263,3.1159891629199006,0.0008877966840248053,0.00015667911767695204,0.0,-0.0,0.0,-0.001350900111719966,-0.0012929223943501712,0,0,True,0.0,0.0
932.6,12.052813529968262,-0.05486327409744263,3.1159891629199006,0.0008877966840248053,0.00015667911767695204,0.0,-0.0,0.0,-0.001350900111719966,-0.0012929223943501712,0,0,True,0.0,0.0
932.62,12.052813529968262,-0.05486327409744263,3.1159891629199006,0.0008877966840248053,0.00015667911767695204,0.0,-0.0,0.0,-0.001350900111719966,-0.0012929223943501712,0,0,True,0.0,0.0
932.64,12.052813529968262,-0.05486327409744263,3.1159891629199006,0.0008877966840248053,0.00015667911767695204,0.0,-0.0,0.0,-0.001350900111719966,-0.0012929223943501712,0,0,True,0.0,0.0
932.66,12.052813529968262,-0.05486327409744263,3.1159891629199006,0.0008877966840248053,0.00015667911767695204,0.0,-0.0,0.0,-0.001350900111719966,-0.0012929223943501712,0,0,True,0.0,0.0
932.68,12.052813529968262,-0.05486327409744263,3.1159891629199006,0.0008877966840248053,0.00015667911767695204,0.0,-0.0,0.0,-0.001350900111719966,-0.0012929223943501712,0,0,True,0.0,0.0
932.7,12.052813529968262,-0.05486327409744263,3.1159891629199006,0.0008877966840248053,0.00015667911767695204,0.0,-0.0,0.0,-0.001350900111719966,-0.0012929223943501712,0,0,True,0.0,0.0
932.72,12.052813529968262,-0.05486327409744263,3.1159891629199006,0.0008877966840248053,0.00015667911767695204,0.0,-0.0,0.0,-0.001350900111719966,-0.0012929223943501712,0,0,True,0.0,0.0
932.74,12.052813529968262,-0.05486327409744263,3.1159891629199006,0.0008877966840248053,0.00015667911767695204,0.0,-0.0,0.0,-0.001350900111719966,-0.0012929223943501712,0,0,True,0.0,0.0
932.76,12.052813529968262,-0.05486327409744263,3.1159891629199006,0.0008877966840248053,0.00015667911767695204,0.0,-0.0,0.0,-0.001350900111719966,-0.0012929223943501712,0,0,True,0.0,0.0
932.78,12.052813529968262,-0.05486327409744263,3.1159891629199006,0.0008877966840248053,0.00015667911767695204,0.0,-0.0,0.0,-0.001350900111719966,-0.0012929223943501712,0,0,True,0.0,0.0
932.8,12.052813529968262,-0.05486327409744263,3.1159891629199006,0.0008877966840248053,0.00015667911767695204,0.0,-0.0,0.0,-0.001350900111719966,-0.0012929223943501712,0,0,True,0.0,0.0
932.82,12.052813529968262,-0.05486327409744263,3.1159891629199006,0.0008877966840248053,0.00015667911767695204,0.0,-0.0,0.0,-0.001350900111719966,-0.0012929223943501712,0,0,True,0.0,0.0
932.84,12.052813529968262,-0.05486327409744263,3.1159891629199006,0.0008877966840248053,0.00015667911767695204,0.0,-0.0,0.0,-0.001350900111719966,-0.0012929223943501712,0,0,True,0.0,0.0
932.86,12.052813529968262,-0.05486327409744263,3.1159891629199006,0.0008877966840248053,0.00015667911767695204,0.0,-0.0,0.0,-0.001350900111719966,-0.0012929223943501712,0,0,True,0.0,0.0
932.88,12.052813529968262,-0.05486327409744263,3.1159891629199006,0.0008877966840248053,0.00015667911767695204,0.0,-0.0,0.0,-0.001350900111719966,-0.0012929223943501712,0,0,True,0.0,0.0
932.9,12.052813529968262,-0.05486327409744263,3.1159891629199006,0.0008877966840248053,0.00015667911767695204,0.0,-0.0,0.0,-0.001350900111719966,-0.0012929223943501712,0,0,True,0.0,0.0
932.92,12.052813529968262,-0.05486327409744263,3.1159891629199006,0.0008877966840248053,0.00015667911767695204,0.0,-0.0,0.0,-0.001350900111719966,-0.0012929223943501712,0,0,True,0.0,0.0
932.94,12.052813529968262,-0.05486327409744263,3.1159891629199006,0.0008877966840248053,0.00015667911767695204,0.0,-0.0,0.0,-0.001350900111719966,-0.0012929223943501712,0,0,True,0.0,0.0
932.96,12.052813529968262,-0.05486327409744263,3.1159891629199006,0.0008877966840248053,0.00015667911767695204,0.0,-0.0,0.0,-0.001350900111719966,-0.0012929223943501712,0,0,True,0.0,0.0
932.98,12.052813529968262,-0.05486327409744263,3.1159891629199006,0.0008877966840248053,0.00015667911767695204,0.0,-0.0,0.0,-0.001350900111719966,-0.0012929223943501712,0,0,True,0.0,0.0
933.0,12.052813529968262,-0.05486327409744263,3.1159891629199006,0.0008877966840248053,0.00015667911767695204,0.0,-0.0,0.0,-0.001350900111719966,-0.0012929223943501712,0,0,True,0.0,0.0
