t,x,y,yaw,roll,pitch,v,lateral,w,rim_left,rim_right,cmd_v,cmd_w,publishing,a,alpha
868.18,12.0825777053833,-0.041267503052949905,3.09561226180684,-0.00011204472897057118,0.00017397192802571487,0.000839125215558032,-0.0011195024055405728,0.01643385433850167,0.0020473645720630886,0.0021182415541261437,0,0.08,True,0.02112419822529132,0.38154564936816343
868.2,12.082602500915527,-0.041236065328121185,3.0958986855895407,5.357626001943008e-06,0.0003948107072605264,0.0006461472112577701,-0.0008210809946822753,0.02736135906778169,0.001646868558600545,0.002240585405379534,0,0.08,True,0.05860700774910226,0.4126795555627701
868.22,12.08259105682373,-0.04126062989234924,3.0967299858113098,3.3753860973964866e-05,0.00014982624012036138,0.0027631318882696426,-0.00041335691153031426,0.032989029019181215,0.00025458673946559434,0.0020612423773854974,0,0.08,True,0.0803360928164581,0.19447250847038658
868.24,12.082579612731934,-0.0412873812019825,3.097613255650184,0.0002536053333614575,0.00043050111389525636,0.005375182510557427,-0.0009400566720448995,0.039096091774906166,-0.11440658628940584,0.002944786660373211,0,0.08,True,0.06660855052156088,-0.042470829759808336
868.26,12.082358360290527,-0.04122455418109894,3.0982513841283756,-0.00031409319660633645,1.8500130470027417e-05,0.0072660126408779675,-0.0019107868092339915,0.031991655016140555,-0.007764601111412049,0.010145046636462212,0,0.08,True,0.004026302848182838,-0.11817949260373702
868.28,12.082176208496094,-0.04114202782511711,3.0990263729315304,-0.0007609473013910007,-0.00043186335548724863,0.005974831252977793,-0.0013309960779171973,0.02396369268700011,-0.0028780834376811986,0.02088262915611267,0,0.08,True,-0.055089856538983406,-0.18459888510945807
868.3,12.082016944885254,-0.041082724928855896,3.0992893182125987,-0.0011605753695700092,-0.0007850756161154647,0.0030852361161239766,0.0015286886626343355,0.023534669610890853,-0.06085946150124073,0.009882450923323632,0,0.08,True,-0.10431471125576457,-0.0724132782994965
868.32,12.082106590270996,-0.04116065800189972,3.099530351065145,-0.0013591773624665366,-0.0006365128267458484,0.0009679939874365,0.0027982640889474054,0.024328180966141966,-0.021313592791557315,0.006744272038340569,0,0.08,True,-0.07098397878313732,0.08011279569269908
868.34,12.082106590270996,-0.0413363017141819,3.100134157697248,-0.001017752025267702,-0.0007483783901654248,-0.001079164259587466,0.003005375043105441,0.026198592752177872,-0.009211324602365494,0.005087702758610249,0,0.08,True,-0.025131195186075695,-0.0055836881330406365
868.36,12.0820894241333,-0.04136243462562561,3.1009726274088227,-0.0011453317541220097,-0.0008217431686356028,0.0002961129503239019,0.004162824327484629,0.030372716342419316,-0.06484694324433804,0.007676659710705281,0,0.08,True,-0.009423006378755799,0.019954798165252727
868.38,12.082093238830566,-0.041326526552438736,3.101385205632774,-0.0014834049598398467,-0.0009732505275562523,0.0010747405012368925,0.001754806827674509,0.023087974560247373,-0.0026978329941630365,0.043518676124513156,0,0.08,True,0.009089918325235556,0.0229007018651925
868.4,12.082069396972656,-0.04149244725704193,3.1019601683725364,-0.0011384391141266727,-0.0010918315000121768,0.00021415347713672162,0.0006166574316831421,0.025924564819360733,-0.0808244550228119,0.05149881720542908,0,0.08,True,0.02387690537697808,0.09049383361831659
868.42,12.082015037536621,-0.04147311672568321,3.101981195662066,-0.0012274120196530968,-0.0011719268541867138,-0.00035197079356928283,0.0010542773803035202,0.028030648901391605,-0.09724350571632386,0.050326624102890495,0,0.08,True,0.011289668027995232,0.2898449800754637
868.44,12.082070350646973,-0.04141104966402054,3.1030465925943727,-0.0011237353229580137,-0.0009548934316100517,0.0022062653804831257,-0.0058581409162098315,0.037612223031888346,-0.002387264668941498,0.007386557422578335,0,0.08,True,0.042854237416293676,0.34372738443551376
868.46,12.082118034362793,-0.04141191765666008,3.1036276575448865,-0.0011478596001380866,-0.000822962181881733,0.001977913943476973,-0.007474910453394897,0.046275572966296336,-0.013300315886735917,0.04007875755429268,0,0.08,True,0.038937620510426346,0.44759535498753045
868.48,12.081911087036133,-0.04101734235882759,3.104969146215089,-0.001578250306302268,-0.0011040584166681423,0.0036424924704419694,-0.004997376473242543,0.0534227555742159,-0.0375234642252326,0.006679295897483826,0,0.08,True,0.0024832407529118417,0.37081141618005775
868.5,12.081879615783691,-0.04086954891681671,3.1056832414993716,-0.0015305596517543965,-0.0008041527966454668,0.0027630388472664183,-0.006850416906790247,0.06383827730041236,-0.04678019650280476,0.0133176464214921,0,0.08,True,-0.0368454496391537,0.31061093991665994
868.52,12.081793785095215,-0.0410008579492569,3.107320413040306,-0.0009059617432445776,-0.000676734259367497,0.0024049246407158924,-0.0047388069458728825,0.06727713632626599,-0.0520973974838853,0.01908332593739033,0,0.08,True,-0.03226484558636669,0.2555509539079452
868.54,12.081916809082031,-0.04085630178451538,3.108734719728915,-0.0006873530963102958,-0.00010883627251631583,-0.0009697220276526414,-0.00025318310205820106,0.07112444815960653,-0.001920398958027363,0.03178366459906101,0,0.08,True,0.017647210714921747,0.13543042108437192
868.56,12.081731796264648,-0.040631867945194244,3.1103513171211854,-0.0008825675216360024,-0.00031276133937546273,0.001061304823534982,-0.003047474587226699,0.07386683188683292,-0.0474956151843071,0.03136432610452176,0,0.08,True,0.0053503842383718385,0.06664922150982588
868.58,12.081957817077637,-0.04085185378789902,3.111373197352143,-0.000517961140560406,0.00034218530195462624,0.00417481570446088,-0.0019920367920055644,0.07467271098716766,-0.00957493543624878,0.07490808390080929,0,0.08,True,0.11303133871525119,0.11300824728200215
868.6,12.081716537475586,-0.0407545268535614,3.1132297595912557,-0.0006387498675822926,-0.00018984539144962996,0.0028329553797858584,0.003131681034194893,0.07260907404705479,-0.00957493543624878,0.07490808390080929,0,0.08,True,0.043944211835380984,0.026742683757259775
868.62,12.081587791442871,-0.040686920285224915,3.1147085366078913,-0.0006793932775833462,-0.00035877416292875823,0.00807278506957208,0.0013527746077055928,0.08016510794217133,-0.021519598215818406,0.06177369356155396,0,0.08,True,0.031015520219820434,0.08791892134252954
868.64,12.081498146057129,-0.0408758744597435,3.1161600430449528,-0.00010444577250878603,-0.000276379413700799,0.0045768417703672595,0.004308453992305229,0.0760062465874148,-0.008522997871041299,0.045127342939376834,0,0.08,True,0.05287888287718316,0.1787756443307632
868.66,12.08130931854248,-0.04094267636537552,3.117786405987511,9.334920100521549e-05,-0.00038923720118648366,0.006656057322044258,0.004911626557717306,0.08170622469456362,-0.018191826790571214,0.035193825364112856,0,0.08,True,-0.0022154791725208264,0.06598213882626933
868.68,12.081341743469238,-0.04108978062868118,3.1193102593182434,0.0004498091929202128,0.00014993159963794107,0.007063266009956664,0.0056914011876788104,0.08691112559350284,-0.04620173230767251,0.06259968250989914,0,0.08,True,0.09533142949908685,0.021544469670386073
868.7,12.081046104431152,-0.04106706380844116,3.1212450345834597,0.0002330060491008929,-8.008229191952769e-05,0.007895546735770323,0.005748093446053294,0.08544367904827557,-0.0880356451869011,0.012626996487379076,0,0.08,True,0.05688388889161642,-0.2284087267132996
868.72,12.080923080444336,-0.04131848365068436,3.1231129330924365,0.0005323478642203105,-0.0001559915628493619,0.01220335613029811,0.0035372368907571005,0.07772980416104656,-0.009088650941848755,0.018029655292630196,0,0.08,True,0.0786024035521719,-0.3230046712682651
868.74,12.080668449401855,-0.041389577090740204,3.1246219003113764,0.0002799211849731351,-0.00013689739528157063,0.0112067684333759,0.008460237056307638,0.06343352655749031,-0.0635535365343094,0.08935070157051088,0,0.08,True,0.06415656855463289,-0.2802068447140403
868.76,12.080360412597656,-0.041354671120643616,3.1255286436511303,2.257587265632648e-05,-0.0001288958974172348,0.013351458294133634,0.006785219590996061,0.06107075189202841,-0.004109872207045556,0.05466756880283356,0,0.08,True,-0.008484051964132048,-0.1369902287285386
868.78,12.080138206481934,-0.04172857105731964,3.1263197167080543,0.0006092147570160449,-0.0001647492651137813,0.013028072220136286,0.011125705024441889,0.06302713147117274,-0.04868060793727637,0.02196688607335091,0,0.08,True,-0.007731504813339681,0.07890985538380733
868.8,12.079846382141113,-0.04184407368302345,3.1279985932437944,0.00046088740255482394,7.121788314608071e-05,0.011524631973168163,0.012569419357661182,0.06677058586277344,-0.05661274198442698,0.04798098385334015,0,0.08,True,-0.04297983835796497,-0.06094450381554759
868.82,12.079612731933594,-0.042263612151145935,3.129664070829073,0.0008762514973402167,0.00025595341470996516,0.010588248048308409,0.007851713500806486,0.06974631498819812,-0.008104894906282425,0.03371975541114808,0,0.08,True,-0.06970739918699648,-0.23952793611956294
868.84,12.079424858093262,-0.04234759882092476,3.130870290520155,0.0007126261874669219,0.00032275162620142765,0.009913071225494677,0.008315304983250239,0.05619519158678211,-0.057577802613377575,0.06685292780399323,0,0.08,True,-0.08642111001314877,-0.3521266945586498
868.86,12.079283714294434,-0.04234655946493149,3.131899421907113,0.00044262926224616374,0.0005260963538846285,0.007451480285173715,0.0024029754260642532,0.0438648965815979,-0.0044883529469370844,0.06445543363690377,0,0.08,True,-0.099242176242898,-0.4379633929215915
868.88,12.079046249389648,-0.042500756680965424,3.1324942085707392,0.0007344310070894457,0.000278143826072092,0.004610943172112724,0.0002909529671559651,0.038600450298067045,-0.06514073856174947,0.031114340722560887,0,0.08,True,-0.1356535750729753,-0.17422041713698042
868.9,12.079014778137207,-0.042450062930583954,3.1331732625555975,0.0005406904603892425,0.0005724608970588639,0.002648873948883791,0.002554611699096954,0.034709243554502674,-0.05039430495351553,0.013250156454741957,0,0.08,True,-0.11830027013999372,0.021022693282889224
868.92,12.079055786132812,-0.042367517948150635,3.1339583265439974,0.0003372844700725878,0.0007694986356960242,-0.0009392147803334752,-0.003459124997215851,0.04225755821583635,-0.019550439640879633,0.01626500114798546,0,0.08,True,-0.11280818842059875,0.006673140991871107
868.94,12.079070091247559,-0.04254913702607155,3.1346761613914746,0.0009465666196902797,0.0003781036830105474,-0.0020125413260306244,-0.0037570880402097643,0.0455467120442299,-0.045218929909169675,0.0026501623541116716,0,0.08,True,-0.10297271729298996,0.08580639087196594
868.96,12.079123497009277,-0.04222460836172104,3.135874813228008,0.00021569724579319381,0.0001708840450520266,-0.004413711901539792,-0.0015783826556112076,0.039134301577417006,-0.007738814316689969,0.03691112466156483,0,0.08,True,-0.058831507676364886,0.03575742865497166
868.98,12.079177856445312,-0.04215061664581299,3.1368169995191377,9.580366520309723e-05,2.9236817020566815e-05,-0.005588943434559619,-0.00042632613734960075,0.04157375482426346,-0.0785758012533188,0.0426674834638834,0,0.08,True,-0.052646376424083714,-0.02486994081451978
869.0,12.0794095993042,-0.042243268340826035,3.1370890706701924,0.00014019426399118837,0.00041083362361281963,-0.0056457353944450745,0.0015718082038091742,0.045118152508235546,-0.03815453857183457,0.029628442227840425,0,0.08,True,-0.013493768053627892,0.16428542123358578
869.02,12.079517364501953,-0.04251716658473015,3.1380020617774127,0.000651004900435585,0.00016311308616059788,-0.00622425143995349,0.0037340252782452612,0.04355711677907013,-0.03815453857183457,0.029628442227840425,0,0.08,True,-0.0063123516265625465,0.15963935628997447
869.04,12.079574584960938,-0.04235238581895828,3.1394842654286634,1.2457024982082346e-05,-0.00010043071173074766,-0.005493213345829042,0.0045408261522364235,0.052277135276091916,-0.022074817866086963,0.014436938092112543,0,0.08,True,-0.024075798232725303,0.0635929906825417
869.06,12.07967472076416,-0.042451124638319016,3.14030156886146,-5.78059040231719e-05,-0.00014239294565250287,-0.0060939315646841635,0.001806070704053986,0.0543449033274498,-0.022074817866086963,0.014436938092112543,0,0.08,True,-0.031976858352603575,0.1337771319486222
869.08,12.079848289489746,-0.04260746017098427,3.141271241492282,0.00027780492234570045,-0.00017186538919694368,-0.007571799253064084,0.006250466420981679,0.050205591762841485,-0.008711746037006378,0.001758212335407734,0,0.08,True,-0.05580576008898589,0.08588349207745899
869.1,12.080004692077637,-0.042662281543016434,-3.1408356531359756,3.892766561110747e-05,-0.00042905195593070494,-0.008782400108163085,0.004395041511106933,0.05425928733496538,-0.008711746037006378,0.001758212335407734,0,0.08,True,-0.07135990875484495,0.1076258319441372
869.12,12.080180168151855,-0.04285261780023575,-3.1396845944098937,-6.316034663865737e-05,-0.00032207268663719915,-0.009957674152950197,0.0043188308765548,0.05914781464229215,-0.007180318348109723,-0.006880842149257661,0,0.08,True,-0.05241802316270742,0.13464351118293433
869.14,12.080377578735352,-0.042802195996046066,-3.138542995331327,-0.00028546630883572713,-0.0003183955297735501,-0.01180272426507468,0.003597528172693226,0.06295496988298518,-0.03254528343677521,0.006847809329628945,0,0.08,True,-0.04743940728347646,0.05247775995418857
869.16,12.080645561218262,-0.042951446026563644,-3.1371822405159255,-0.00021117975939559632,-0.00036760372562647014,-0.011765241106076864,0.00018823686065606523,0.060977072657466436,-0.09019003570079805,0.05528190352022649,0,0.08,True,-0.022579049338626183,-0.05052891881407104
869.18,12.080949783325195,-0.042947202920913696,-3.1357992555453413,-0.00032743852313037527,-0.0003977796158828808,-0.01257755269083775,0.0019262306104299459,0.058457508131296645,-0.05220107793807984,0.059779472351074225,0,0.08,True,0.044159480054464996,-0.18228872852330189
869.2,12.081121444702148,-0.042863525450229645,-3.134806428597294,-0.0008473949851717457,-0.0008419858169561527,-0.011763998100041216,0.0038418588308675376,0.0551055011371644,-0.011193591058254243,0.011164418160915375,0,0.08,True,0.07354922824826036,-0.10574415239043812
869.22,12.081384658813477,-0.04295046254992485,-3.1338663946808207,-0.0010248280082432511,-0.0008738460476105509,-0.008269965860715673,0.006612501046485716,0.04837187160111357,-0.010494338050484659,0.050777982976287606,0,0.08,True,0.10735311695621812,0.031107859091865583
869.24,12.081588745117188,-0.04325240105390549,-3.13277380042495,-0.0008778619891976571,-0.0008902368257381913,-0.005881302846213024,0.009002458514738179,0.05251754046622706,-0.06964398384094239,0.00550983801484108,0,0.08,True,0.15676411178939392,0.21207670978158732
869.26,12.081615447998047,-0.0434710755944252,-3.1319295058172503,-0.0009274044926504485,-0.0009078119715891154,-0.0039893033343359075,0.006623075616749482,0.060946136858647165,-0.07489529311656952,0.01153212308883667,0,0.08,True,0.095979797633493,0.5157230600962679
869.28,12.081598281860352,-0.04357954487204552,-3.1306050253599995,-0.000875211922283629,-0.0008987469905799991,0.0007771308430988916,0.0045422241967233564,0.07207163791967595,-0.01958114951848984,0.04448351353406906,0,0.08,True,0.09652538081874298,0.4833149283675223
869.3,12.081708908081055,-0.04347719997167587,-3.1289907037321334,-0.00116322454670613,-0.0008178216873422734,-0.0005915820500432164,0.0031959517956384785,0.08962971640877748,-0.10318513453006746,0.049950481951236726,0,0.08,True,0.07312003092199854,0.3996351778216491
869.32,12.081530570983887,-0.043616440147161484,-3.127008069391373,-0.0009001797198893532,-0.0013548028521583589,0.0018407276192903659,0.0027750544095551362,0.09118273473564863,-0.11002228617668153,0.04107640117406845,0,0.08,True,-0.010929139080614143,0.1995818272322311
869.34,12.081665992736816,-0.04372613504528999,-3.1247591285045444,-0.0007571682573523545,-0.0007777815787686298,0.0018602991394269677,0.008520412386135953,0.09291695108439545,-0.007019352912902833,0.0553501445055008,0,0.08,True,0.033233312114997145,-0.017187207896490288
869.36,12.081454277038574,-0.04380367323756218,-3.123310406581144,-0.0005019931507785069,-0.0004976052127026268,-9.720028335068708e-05,0.005117316005457226,0.08803818409826261,-0.011880710422992708,0.037171968519687654,0,0.08,True,0.0024133835057937474,0.018798060213855605
869.38,12.081571578979492,-0.04416124150156975,-3.121557347645378,0.00024835801665682095,0.0002853373971695478,0.0020670829191579156,0.005572321993086357,0.08825473977705756,-0.041105109900236136,0.053481433093547824,0,0.08,True,0.08765586679626279,-0.057074371584026624
869.4,12.08154582977295,-0.044025614857673645,-3.1199650146635185,6.970485908637839e-05,0.00044981920298756,0.00203379829975369,0.0019665040233237062,0.09268657955275571,-0.07046592772006989,0.007042893171310426,0,0.08,True,0.15849770354386888,-0.028540793199091436
869.42,12.081509590148926,-0.04417514428496361,-3.117698749322386,0.00039708829912289977,0.0006494404923706215,0.008872768483121614,0.001042478207723182,0.08835100135767747,-0.013212110847234728,0.006752300895750523,0,0.08,True,0.18345577545039474,-0.21525534260882914
869.44,12.081295013427734,-0.04396447539329529,-3.1158954802169196,-0.00012544863532506606,0.0009353561952078943,0.01258261600016531,0.004248799044082837,0.08575492064233413,-0.05984355509281159,0.05694443374872208,0,0.08,True,0.18244074281747383,-0.4484426078603973
869.46,12.080863952636719,-0.04426157474517822,-3.11448926753676,0.0003860148943570358,0.0003925868149354304,0.016743544955197004,0.00573368694467116,0.07103431236834241,-0.02957006931304932,0.06696072608232499,0,0.08,True,0.03174886217119156,-0.5470677154011476
869.48,12.080548286437988,-0.044391270726919174,-3.1131046210121283,0.00048026362882793203,0.00017409524361358425,0.016629057725159064,0.010203478335899206,0.05681117092390557,-0.05206983536481858,0.07278389215469361,0,0.08,True,-0.06410974008488765,-0.6600975442964502
869.5,12.080183029174805,-0.044669970870018005,-3.112016004332916,0.0009713539395704192,-0.00046975468738423,0.011412677456818237,0.00884669563386318,0.044585584125563266,-0.06725821025669576,0.0645597678422928,0,0.08,True,-0.1647808184362248,-0.6610433015963166
869.52,12.079988479614258,-0.04481831565499306,-3.1113505865430113,0.0011445821552664394,-0.0006739771645814142,0.0074538367933789625,0.008668331949400391,0.03294711709866614,0.0015448623150587084,0.03497637629508973,0,0.08,True,-0.19107383061320907,-0.5438373558753805
869.54,12.079972267150879,-0.044996000826358795,-3.1109224208067183,0.0012262951140130656,-0.00026966173672151423,0.0035610794803110093,0.004503381741811728,0.018150848240685177,-0.04089876795187593,0.009615862555801869,0,0.08,True,-0.13364951083930454,-0.39114785718709677
869.56,12.079973220825195,-0.045102450996637344,-3.1104688516442374,0.0011410101363074454,-3.155191987843746e-05,0.00134315127611624,0.0036841131594828424,0.013304182453914702,-0.04895337395370007,0.05631966821849347,0,0.08,True,-0.08521070511155072,-0.18866947654812644
869.58,12.079909324645996,-0.04503880813717842,-3.1105639364736604,0.0006852460655130123,3.004999247429457e-05,0.0007207165896684039,0.0024703505030244594,0.013293755550579517,-0.005179621428251267,0.006627453193068505,0,0.08,True,-0.047819106227181336,0.1448723453598475
869.6,12.079890251159668,-0.04511624574661255,-3.1102862519466976,0.0005270498738402197,0.00017241126415864475,0.0006369803844514172,0.004725370192145679,0.017853558974808306,-0.008645506203174592,0.07856407806277275,0,0.08,True,-0.0032190360734376386,0.2561152503522453
869.62,12.079920768737793,-0.045195322483778,-3.1098589203626714,0.00043897572066626834,0.0001265943750211414,-0.0002644490178654546,0.005946703316726434,0.029740635869478907,-0.008406074717640877,0.00959526039659977,0,0.08,True,-0.022095081294757516,0.3081672430107878
869.64,12.079934120178223,-0.04548189043998718,-3.109040566926252,0.000543783181527741,0.00020367250371159878,0.0010856283902410972,0.006234326922853158,0.03379340248210481,-0.01453108660876751,0.006921823769807816,0,0.08,True,-0.0018063000087056632,0.3088182100314926
869.66,12.07994556427002,-0.04551363363862038,-3.108184685604104,0.0003661321802835531,0.00028183248264253134,-0.0010468899139105899,0.0054353411312601805,0.03794713499142012,-0.050424267202615745,0.008701033852994443,0,0.08,True,0.0010606833166517723,0.22624467821530733
869.68,12.079819679260254,-0.04561755433678627,-3.1075827797481317,0.00029346159376661515,-0.00011894736714313891,0.0004924763837550956,0.004658533160852901,0.04255901577730525,-0.006399652063846589,0.006066135168075562,0,0.08,True,-0.06775632015609605,0.2635894444042208
869.7,12.080018997192383,-0.045627109706401825,-3.1068231495633563,4.636741975777102e-05,0.00035441597239040476,-0.0001795943525332694,0.0037528472081068084,0.04784021012671275,-0.012634827941656114,0.05217278122901917,0,0.08,True,-0.029123091334195616,0.27573392296790344
869.72,12.079907417297363,-0.045855697244405746,-3.105635845664066,0.00028789310533385053,-0.0001046352331777061,-0.0043348772222493595,0.005504392626448574,0.054880558034453256,-0.053204067349433906,0.00554649580270052,0,0.08,True,-0.0885290641652988,0.14432916825538875
869.74,12.079970359802246,-0.0458131805062294,-3.1043574687939652,0.00010024053103059335,-0.0001881012884309515,-0.003376737220647431,0.004142156717281841,0.06000584882886368,-0.07615648686885834,0.11420027315616608,0,0.08,True,-0.10462570948561849,0.05368758523911134
869.76,12.080182075500488,-0.046045154333114624,-3.103192335105373,0.0005644081794187951,4.114394228907046e-05,-0.006589848749472431,0.0011212505378931509,0.05410534923774225,-0.05097172841429711,0.0039737156778574,0,0.08,True,-0.056167523332479465,-0.1056957289531373
869.78,12.080301284790039,-0.045948196202516556,-3.1020226816570515,0.0003535554195308147,-4.380579607385382e-05,-0.008549651111375137,0.0019179417539270916,0.05213521694583775,-0.05097172841429711,0.0039737156778574,0,0.08,True,-0.07528619893873302,-0.1084988447251468
869.8,12.080437660217285,-0.045925091952085495,-3.1013074177250504,0.0005593568289157886,-0.00021190153207768702,-0.00882827908884363,0.0008971931963601168,0.04642489971820996,-0.03299317836761475,0.03926802001893521,0,0.08,True,-0.04905262176795239,0.03705465765631329
869.82,12.080659866333008,-0.04593943804502487,-3.100186651438296,0.0004961495419286363,-0.00020131349673402804,-0.009399633135749154,0.002354988415799471,0.051325941250847495,-0.023350215256214144,0.005963765345513821,0,0.08,True,-0.031345228536205604,0.0911568781020076
869.84,12.080890655517578,-0.04608842730522156,-3.0994783431279145,0.0005126265548919072,-0.00015518763694741115,-0.01051405849091063,0.005322808165523723,0.057069721850248833,-0.03467153370380402,0.05114720363169909,0,0.08,True,-0.050289795708502526,0.2596621650084989
869.86,12.081060409545898,-0.04610530659556389,-3.0979166063569816,0.0002729869415846891,-0.00040201210246630913,-0.011057269394272868,0.005824631022756732,0.05942776719400209,-0.014461181908845903,0.052773889414966114,0,0.08,True,-0.08644467765543674,0.0976196943162614
869.88,12.08129596710205,-0.04631512612104416,-3.096741839977028,0.0002947056723535044,-0.0005165900669023023,-0.01285146274552589,0.006121961561957691,0.0671978729189005,-0.045739681720733644,0.014898363351821901,0,0.08,True,-0.07053445542407943,0.07858909387338867
869.9,12.081563949584961,-0.04636634141206741,-3.0954324300627802,3.835997361540797e-05,-0.0004127181988264126,-0.016315207348177804,0.011842192033777642,0.059135516796141305,-0.05329636231064797,0.003662453182041645,0,0.08,True,-0.07050802878348668,0.17179035613811391
869.92,12.081939697265625,-0.046531595289707184,-3.0941025132944073,-1.759591706307057e-05,-0.00036207066248120605,-0.016156814924831852,0.009089349311137135,0.06335684936011421,-0.0770257991552353,0.009522943571209908,0,0.08,True,-0.06433474374942666,0.1524779395585227
869.94,12.08240795135498,-0.04699144512414932,-3.093185765013288,0.00048646302422807736,-9.963226485760831e-06,-0.016697911696954688,0.010080718701532446,0.07317099568505823,-0.059972452819347384,0.04864975698292256,0,0.08,True,-0.02955595259441867,0.33351631982058244
869.96,12.082621574401855,-0.04698009416460991,-3.0916732920282164,-0.00022161068744241903,-0.00017638448268762573,-0.017998242245482656,0.013158484102281152,0.07939610808358856,-0.04832164585590363,0.08928977727890015,0,0.08,True,-0.09523782659389723,0.2897486298725134
869.98,12.082937240600586,-0.04710721597075462,-3.0895787504079726,-0.0005156856194928231,-0.0001657574769846587,-0.018679683555732508,0.00966546720776992,0.08581682238180155,-0.07266623884439469,0.018504701107740405,0,0.08,True,-0.0729700166545843,-0.05490149360602087
870.0,12.083430290222168,-0.04751111567020416,-3.087750824647717,-0.0005075442218901931,-5.1849505530320314e-05,-0.023775841052347528,0.01493623548481002,0.08653673974992714,-0.01998839765787125,0.04335795372724534,0,0.08,True,-0.040901979873918366,-0.32566618374570594
870.02,12.083940505981445,-0.04768594354391098,-3.08632041922275,-0.0008063878116795672,0.00011229257085383819,-0.022535513029316123,0.01628563117236736,0.06877887619658056,-0.05742166429758072,0.05978951213881374,0,0.08,True,-0.01156818749958155,-0.4181858878049121
870.04,12.084585189819336,-0.04807090014219284,-3.0847503528482285,-0.0008531814429434287,0.0006745541286397436,-0.02127040063539315,0.013763164748301486,0.05334281338395578,-0.0661113554239273,0.06689839858561755,0,0.08,True,0.12046218903379885,-0.6546451826739199
870.06,12.084809303283691,-0.04830848053097725,-3.084076440312251,-0.0008691418822291897,6.456448590711767e-05,-0.01960513855569819,0.015163628189236163,0.052361951357439006,-0.09240192711353303,0.05800175596028567,0,0.08,True,0.12343574473543269,-0.4815198017988844
870.08,12.08519172668457,-0.04851371794939041,-3.0834833995769984,-0.0008876243475654438,4.328725756612399e-05,-0.01413886592963869,0.01004715222923166,0.03416512513598675,-0.013468396961688996,0.010151462629437448,0,0.08,True,0.14189603091944938,-0.2734225159096933
870.1,12.085576057434082,-0.048806868493556976,-3.0821314631141528,-0.0002999223575960428,0.0004862204482452685,-0.012660653450476456,0.0049797866124695524,0.030257292052650105,-0.02160381190478802,0.001976732909679413,0,0.08,True,0.17104943780925044,-0.3455560023056925
870.12,12.085761070251465,-0.048807624727487564,-3.082017142837348,-0.00042209570541860546,0.0004359052453445699,-0.009918718161831392,0.004091165745609022,0.03146901211116913,-0.013847148120403292,0.06039289671927691,0,0.08,True,0.12235201273756606,-0.03559727364288474
870.14,12.085844039916992,-0.04864596948027611,-3.081655856948038,-0.0009721718234430472,0.00017565450734545777,-0.0059211835309511554,-0.0005598086584690185,0.024717471172969463,-0.06871379002928735,0.056191128790378575,0,0.08,True,0.13495790723051745,0.07557716996165151
870.16,12.086003303527832,-0.048793185502290726,-3.080965878608107,-0.00048202154841868656,0.00035147136479937686,-0.004350704910642307,-0.0006479039536141322,0.03131734324455856,-0.0853812599182129,0.002903117910027504,0,0.08,True,0.1172214367995218,0.10954883249941265
870.18,12.08604621887207,-0.04873378947377205,-3.080154065420317,-0.00045943377154125534,0.00043935332888231946,-0.0018640208720448774,0.0021220087445398684,0.036303465649576726,-0.018877627700567248,0.007028295509517194,0,0.08,True,0.08778568259820828,0.2038000183940866
870.2,12.086105346679688,-0.04873479902744293,-3.079511755377782,-0.0003638619205408589,0.0006509300941526029,-0.0005410032178648508,0.0024411724459671635,0.04023291871112662,-0.016228297203779222,0.013176825493574143,0,0.08,True,0.07984906592709198,0.1327461789028663
870.22,12.086003303527832,-0.04880625382065773,-3.0787515796960703,-0.0004424358285535731,0.00012299857189593846,0.0011016710769090996,0.005928686684797611,0.04102147264450473,-0.023176581859588624,0.004574754238128663,0,0.08,True,0.0539737026034488,-0.0032284631615811313
870.24,12.086058616638184,-0.04898541793227196,-3.0777472451112153,-0.0003469320262724931,0.00020118720916864329,0.00203722036352832,0.007575759255294448,0.041937037556793295,-0.05812653273344041,0.005289864949882031,0,0.08,True,0.0967750431098255,-0.09807519178864098
870.26,12.08598804473877,-0.049212682992219925,-3.076872347608755,-0.00025124307187560395,-0.00024197669410682386,0.002453875336233236,0.010767063724741286,0.0360451885966501,-0.006292617321014405,0.03699178874492646,0,0.08,True,0.06236733169026937,-0.10901421518637497
870.28,12.085981369018555,-0.04935002326965332,-3.076156792373242,-0.0005444983292312575,-0.00020093302687387897,0.007201000230914148,0.010532059148295846,0.03238690336804248,-0.04027884088456631,0.042065086811780936,0,0.08,True,0.07733778088996464,-0.031388955392277595
870.3,12.08586311340332,-0.049678511917591095,-3.075867964608341,-0.0005517299451049333,-6.388211064343319e-05,0.0060910576121261115,0.007959415783431107,0.032300335429602665,-0.04627345457673073,0.0020843110978603363,0,0.08,True,0.04528363221464172,0.12944825969667548
870.32,12.085538864135742,-0.049863848835229874,-3.0751562928417706,-0.00024664197196502607,-0.0006311449839200877,0.008224242834728656,0.008327819086406917,0.0394259211254098,-0.04498220026493073,0.06596674263477326,0,0.08,True,-0.045986058985688624,0.26029972421569175
870.34,12.085543632507324,-0.04988006502389908,-3.0742883207743854,-0.0005280753430583004,-0.00020661583247251375,0.006076565913406427,0.003826054432963679,0.04640104937238944,-0.04705131027847529,0.017897575646638873,0,0.08,True,-0.016892092741480676,0.3011161478225912
870.36,12.085369110107422,-0.050058458000421524,-3.0730027186832074,-0.0005746184250095405,-0.00028707348813541793,0.003522115512057176,0.0058723924571968695,0.053210881305308474,-0.016673896312713623,0.028404653370380405,0,0.08,True,-0.09931354605921834,0.2132844692826779
870.38,12.08539867401123,-0.05001659691333771,-3.072155880658548,-0.0008070284798865996,3.394788499748361e-05,0.004739690192806966,0.008184727016736277,0.056389627255422285,-0.03879487991333008,0.016924245208501817,0,0.08,True,-0.05842079372903295,0.21587317393449987
870.4,12.08528995513916,-0.05035184696316719,-3.07089942233735,-6.303584732461485e-05,-0.00010181143029954582,0.00027915914999841464,0.0037735309396235983,0.05648867866800852,-0.10370233803987504,0.0611117646098137,0,0.08,True,-0.015729624189396187,0.14737306285221616
870.42,12.085210800170898,-0.050559572875499725,-3.0697771505939557,0.0002009674907299901,-0.00021623009030766852,0.0014029024150880416,0.007705520766577366,0.06367090328713372,-0.05618612408638001,0.038979455232620246,0,0.08,True,-0.06156293651755966,0.24679796949359817
870.44,12.085368156433105,-0.050361163914203644,-3.0684836243897644,-0.00037627505763107393,0.00023989494008955258,0.002263745576904837,0.0038172141563573396,0.0650007263334918,-0.013023922294378282,0.052496905177831656,0,0.08,True,0.03741818939192301,0.2995019986316973
870.46,12.085330963134766,-0.050639502704143524,-3.0670622083955745,7.999717986987233e-05,-4.871324451102841e-05,-0.00018534472860032603,0.002160536994389387,0.07613346481492024,-0.05113498628139496,0.029207043647766117,0,0.08,True,0.034004053961014385,0.1906448391985055
870.48,12.085131645202637,-0.05066963657736778,-3.065699364230668,0.00013385301102892557,-0.00021412797055525307,0.0032726143013537866,0.004675352705478872,0.08044883855855656,-0.05113498628139496,0.029207043647766117,0,0.08,True,-0.015549453612319311,0.2577214557561016
870.5,12.085238456726074,-0.050730831921100616,-3.063686473408759,0.00020876661640870401,0.0003908842383387456,0.004123226731970584,0.004722612866738497,0.07892249042302196,-0.031778614651411775,0.03910450138151646,0,0.08,True,0.07098599140093866,0.11454854360997267
870.52,12.085135459899902,-0.050753965973854065,-3.0620477173050857,-8.420290595259879e-05,0.0003502058677928768,0.0010197892879204235,0.006042239742393611,0.08561844279396118,-0.05986944124102593,0.06745162099599838,0,0.08,True,0.06385387493395317,0.015549522665615337
870.54,12.085031509399414,-0.05104183778166771,-3.0607484091617385,0.00028705703675960964,-1.3632657559095316e-05,0.005493534583469601,0.00742892861775495,0.08529734830370972,-0.07497777581214905,0.01829009234905243,0,0.08,True,0.10681777334265646,0.06738824212446132
870.56,12.085088729858398,-0.05115796998143196,-3.058849888807157,0.00037245807793402646,0.0006987331000609275,0.008380924296065394,0.010765482313245995,0.08169280037180465,-0.057985410094261176,0.05837285429239274,0,0.08,True,0.1840079548049082,-0.053194272051369285
870.58,12.084848403930664,-0.051358696073293686,-3.0568626855444587,0.0005767873211172135,0.00032514950325235884,0.012668648599387473,0.007593967666546323,0.08431354979298163,-0.06871483206748963,0.029353692531585696,0,0.08,True,0.11555571555069971,-0.18243708720092136
870.6,12.084538459777832,-0.05166767165064812,-3.055512293275338,0.0008439637692882309,0.0001940250019863799,0.01574042567232061,0.010193198376384792,0.08136290102984946,-0.08870669066905976,0.01057720459997654,0,0.08,True,0.07295910880348459,-0.12632111157392995
870.62,12.084073066711426,-0.05173294618725777,-3.0540033251782965,0.0004261251242040132,0.00013228546016137062,0.014737991827530309,0.010026113591549875,0.07070238132762854,-0.001143857017159462,0.0440858294069767,0,0.08,True,-0.019711848442060236,-0.34758571662574206
870.64,12.083904266357422,-0.052078668028116226,-3.052340856724766,0.0005728394878131255,0.0007233918026476087,0.014217653000347148,0.01055443666450526,0.07158711144588509,-0.06536499869078398,0.03999530166387558,0,0.08,True,-0.08444991828688501,-0.4605270560620074
870.66,12.083744049072266,-0.05226084962487221,-3.0512064950382536,0.0007148659236683915,0.0007194221699394292,0.011091700724024088,0.006952250592667547,0.05650669246294755,-0.0038383435457944874,0.019940397143363955,0,0.08,True,-0.11649228115109032,-0.3816262231468355
870.68,12.083480834960938,-0.05261004716157913,-3.0497853243596724,0.0009669213667190686,0.00046508471243271953,0.008984432209375955,0.0008445240294875636,0.044520736544922376,-0.06628213547170163,0.026570540443062785,0,0.08,True,-0.1516617969593961,-0.5504964026866045
870.7,12.083239555358887,-0.0523669496178627,-3.0494827897812584,0.0005130562650996426,0.0002849756745189732,0.005418609335438315,-0.0013454155296108395,0.040172283475866086,-0.093779616355896,0.03699235200881958,0,0.08,True,-0.13604692971244736,-0.16118497815960767
870.72,12.083194732666016,-0.05221183970570564,-3.0487791978011702,0.0002549758320647223,0.0001381991159605965,0.002084709243589252,-0.007829950208811432,0.027547399230934196,-0.093779616355896,0.03699235200881958,0,0.08,True,-0.15260384810355976,0.08942773448899415
870.74,12.08330249786377,-0.052193544805049896,-3.0479927123601827,0.0003353420189359048,0.0003217218520118823,0.00020794634702273024,-0.0033968912148528443,0.04361189421017234,-0.011661949679255487,0.003458812423050404,0,0.08,True,-0.10947917801878916,0.24019182876994066
870.76,12.083256721496582,-0.05200180411338806,-3.0475815324211966,0.00012047825762372869,0.00026948308331542633,-0.003223875638915071,-0.00295177559612643,0.05167495530404557,-0.06650274142622949,-0.0005064936727285386,0,0.08,True,-0.11348146414737209,0.6413914601109459
870.78,12.083197593688965,-0.05209794268012047,-3.045993838244448,0.0005220769190359226,-0.0002481797526538618,-0.0033397249060568533,-0.002482417186430691,0.059387629777443864,-0.056072399020195014,0.0024391548335552216,0,0.08,True,-0.14130024273152847,0.3565848773966608
870.8,12.083429336547852,-0.051952529698610306,-3.0446452013768504,0.0004248352986236355,-3.0991981635676744e-06,-0.006993807888192259,-0.004917385220887442,0.0788587160397632,-0.02461424306035042,0.08680262506008149,0,0.08,True,-0.09492341267664846,0.29598280550931266
870.82,12.083549499511719,-0.051970355212688446,-3.0432417019779847,0.0007247495434296522,-0.0005109558754823937,-0.011096073071505331,-0.00586475752858487,0.0721386844019198,-0.09013689279556275,0.0032233047485351564,0,0.08,True,-0.11441347190291765,0.20079494112710788
870.84,12.083775520324707,-0.05155610293149948,-3.0412728351380123,-7.676420430776796e-06,-0.0005519612795533932,-0.010817748653050832,-0.005820031909806551,0.0753535797448027,-0.013283817470073702,0.04484859850257635,0,0.08,True,-0.08147275817053136,-0.2672173994382427
870.86,12.08403491973877,-0.051543865352869034,-3.0402227434922913,0.0003297043366616588,-0.0006028393087615477,-0.012492802658294947,-0.0057241873208419385,0.07545122506762071,-0.042494753897190096,0.006239753440022469,0,0.08,True,-0.06926861467056658,-0.24847428875051009
870.88,12.084243774414062,-0.05140259489417076,-3.038616914997263,6.609195851788137e-05,-0.0007091115653775186,-0.013511628541838102,6.571123340750316e-05,0.05748132408469285,-0.04325984358787537,0.016627849228680134,0,0.08,True,-0.10057690879023828,-0.3830369919061991
870.9,12.084497451782227,-0.051413632929325104,-3.0372056039725805,0.00016878053118002555,-0.0010956869989977853,-0.016637562245145617,-0.00046480886597089367,0.05226074130189707,-0.012120049595832827,0.003675453364849091,0,0.08,True,-0.1039186944704907,-0.40385694106063746
870.92,12.084851264953613,-0.0514502190053463,-3.036674329211241,0.00013389977251680233,-0.0010035255461570951,-0.018863901356262577,0.006520486605286244,0.044710620392334637,-0.012120049595832827,0.003675453364849091,0,0.08,True,-0.07744687880089844,-0.07374432970348924
870.94,12.085354804992676,-0.051368195563554764,-3.0360418841881374,-0.0002621114532562791,-0.0010712315202351633,-0.020806298215938455,0.007847496314849184,0.04314266978275318,-0.05441018432378769,-0.006741841398179532,0,0.08,True,0.011195920049065921,0.05357561220003309
870.96,12.085799217224121,-0.051763322204351425,-3.0350400653658745,0.00011180734242033115,-0.001122835171960618,-0.019707378845913146,0.011007382394270241,0.051581777708410693,-0.019227621108293534,0.03739503771066666,0,0.08,True,0.08142477962941871,0.14964455009649383
870.98,12.08621883392334,-0.051862575113773346,-3.0337541903899585,-4.7775028152529105e-05,-0.0011522808701338314,-0.015741888641219885,0.012864144960771423,0.05654679027790191,-0.019227621108293534,0.03739503771066666,0,0.08,True,0.17745174545513723,0.19504641956846464
871.0,12.086512565612793,-0.05215814337134361,-3.032547786994566,0.0003991550876114567,-0.001143542609599061,-0.012349918985905747,0.009986270606441364,0.056682184400060266,-0.04734335660934449,0.0184865165501833,0,0.08,True,0.2025631572546018,0.0707451556354187
871.02,12.08671760559082,-0.05225580558180809,-3.0315181409659093,0.00037552881839247854,-0.0010745996205051161,-0.0066101585795403876,0.011053137470140546,0.058746383348216163,-0.03270435124635697,0.004245005212724209,0,0.08,True,0.1241314942351098,-0.0023501656410885832
871.04,12.086868286132812,-0.05244995653629303,-3.0305054906138738,0.00047259507515206954,-0.0010381141357295243,-0.0035023262655597418,0.007313769580411989,0.05724139015923904,-0.025202385485172275,0.003397415485233069,0,0.08,True,0.11259802482198335,-0.012764910342794181
871.06,12.086841583251953,-0.05268338322639465,-3.0290544797221055,0.0004447968752696247,-0.0010193084924983908,-0.005811369102420133,0.007281034326650382,0.056358777026614994,-0.04945874840021134,0.047933639436960225,0,0.08,True,0.007866044287198282,-0.14469617369616164
871.08,12.0868558883667,-0.05270857736468315,-3.0279684757818246,2.1414778078696076e-05,-0.001092009438223189,-0.0033420770001424726,0.010246467924527356,0.05566099157263621,-0.025001602768898012,0.10332511603832246,0,0.08,True,-0.0354267638105032,-0.20644314206629893
871.1,12.087244987487793,-0.052782393991947174,-3.027009438803778,-0.00017879956514302135,-0.0004950650817402202,-0.005980875036564203,0.008297204544014359,0.04717068945251731,-0.03982779428362847,0.004324122667312622,0,0.08,True,0.05681850324636854,-0.2109678074415354
871.12,12.087226867675781,-0.053234074264764786,-3.0260526112880606,0.00018100403320635131,-0.000960437121087405,-0.0063364673704014475,0.012512347824934886,0.04072593879392668,-0.025751776397228244,0.025565706081688407,0,0.08,True,0.05124175407561082,-0.24612924987783905
871.14,12.087392807006836,-0.05328810214996338,-3.025280824565902,-0.0001537898548581207,-0.0002840756535966506,-0.0012658888427083245,0.01361351752111796,0.03948135243128353,-0.032496064603328705,0.01619874879717827,0,0.08,True,0.13539568483013772,-0.06791240052507407
871.16,12.087474822998047,-0.05364445224404335,-3.0247104006783134,-0.00017942373739805568,-2.0471513890921805e-05,0.0007572633259026644,0.012582737011921315,0.035970651582426995,-0.012935265600681306,0.012688181549310685,0,0.08,True,0.16952050484565812,0.1165528340907229
871.18,12.087471961975098,-0.05385236442089081,-3.023850930609278,9.482214582193944e-05,-0.0001762731881089331,0.004850779749836965,0.012187391832198233,0.041737697410516326,-0.0666491848230362,0.06293220169842244,0,0.08,True,0.12286553268112022,0.180506755922074
871.2,12.087284088134766,-0.054240889847278595,-3.023174959161465,0.00020891927683413971,-5.820482260905823e-07,0.007225173017258139,0.011790332698586507,0.05005016552118928,-0.006214963048696519,0.021573956310749057,0,0.08,True,0.12281018290362652,0.3088865351986977
871.22,12.087121963500977,-0.05430192872881889,-3.021941808773059,-0.0003803874705624138,4.3228132341388045e-05,0.008563353771786322,0.01250463549517033,0.053921892905056834,-0.04659974448382855,0.07544795721769333,0,0.08,True,0.062112609577374044,0.27556170596064916
871.24,12.08701229095459,-0.05464936047792435,-3.0207063874366162,-0.0004317806290991021,0.0002865284251540578,0.010582077958197813,0.012772922595008222,0.06068157439833545,-0.06229965582489968,0.017774141579866412,0,0.08,True,-0.010447452370417417,0.2663755444322712
871.26,12.08691120147705,-0.05492735654115677,-3.0195371791768713,-0.0006135090764577436,0.0006491307404048383,0.00981978851602943,0.01631347866291366,0.06378263388737954,-0.05907940678298474,0.058281130939722064,0,0.08,True,-0.012032128537262493,0.26510233896156477
871.28,12.086566925048828,-0.05535735562443733,-3.0183204332096025,-0.00027896461240340005,0.00017149843236003115,0.006389376827625506,0.014533939294502666,0.0713602090757516,-0.004884501919150353,0.08657791614532472,0,0.08,True,-0.08640510906962272,0.19776768987453044
871.3,12.086501121520996,-0.055692944675683975,-3.0168391980620735,-0.00026038692702610674,0.00013949865599139738,0.007600783488806198,0.013953380461668061,0.07513008002196273,-0.002870982922613621,0.08203252151608467,0,0.08,True,-0.08000638651637446,0.030345747541684048
871.32,12.086647987365723,-0.05586610361933708,-3.014997570710553,-0.0003663724612486124,0.0008673359264434412,0.00366966923262446,0.01032654494868604,0.07650298958830598,-0.014643599875271321,0.05398704484105111,0,0.08,True,0.0007579336408681933,0.031492123579547115
871.34,12.086446762084961,-0.05611061304807663,-3.013526772775111,-0.00011745837699421487,0.0005016050086832217,0.0034192775947162004,0.006111937938494106,0.0662102936907155,-0.007728569693863392,0.028793482780456545,0,0.08,True,-0.01688453586201998,0.005181688015003537
871.36,12.086380004882812,-0.05621393397450447,-3.012200194042535,3.5709487777107056e-05,0.0008874968482200406,0.006450011518894992,0.004392394781484049,0.07387957896211665,-0.0021758493036031726,0.02686077728867531,0,0.08,True,0.055089512849054716,-0.07109314507171348
871.38,12.086292266845703,-0.056212831288576126,-3.0115423745668135,0.00017101512904241039,0.0009774974259673483,0.006250020619843908,-0.0026784219096333316,0.07554461506316322,-0.048868759721517566,0.00041259184479713445,0,0.08,True,0.10128199193479558,0.14712727640391357
871.4,12.086181640625,-0.056281138211488724,-3.0090872043935892,0.0003668509200358121,0.0010319619266490542,0.008076830260544829,-0.0026532524076317908,0.07081553798257408,-0.0040449158847332,0.006093424130231143,0,0.08,True,0.10179683553527293,-0.15774034772199289
871.42,12.085923194885254,-0.05596299096941948,-3.0074832035700636,-0.00012449386772010472,0.0009300081991264952,0.011521836949492477,-0.008216388809367562,0.07798047580301788,-0.04515521459281445,0.07605881273746491,0,0.08,True,0.09107208557736764,-0.21442975814253543
871.44,12.085711479187012,-0.056088902056217194,-3.006534951003926,0.00047255633990900443,0.0007296811748078922,0.014593758361720992,-0.008847684475454117,0.061260351144350765,-0.053010059543885296,0.01721233278512955,0,0.08,True,0.05860749710282061,-0.16727602442554093
871.46,12.085290908813477,-0.05568466708064079,-3.005303936502569,5.62954571933831e-06,0.000488770548881283,0.013535787466037046,-0.008340957127393262,0.05839023441175161,0.0045704984664916995,0.07834353625774385,0,0.08,True,-0.031175128439758597,-0.23321764609156118
871.48,12.084929466247559,-0.0557369701564312,-3.0041863763020387,0.0006494009239072788,6.661448955551202e-06,0.012765430028772876,-0.01238018185527182,0.057433456028523955,-0.05424970053136349,0.07381404235959053,0,0.08,True,-0.13519759046294808,-0.006664598765810596
871.5,12.084759712219238,-0.05544902756810188,-3.002811984817121,0.0006415792132473235,-0.0001838371244331969,0.009027826674310513,-0.009304395505406581,0.059323064115683444,-0.00726159654557705,0.09176821559667588,0,0.08,True,-0.0999992035781936,0.02835741841776283
871.52,12.084564208984375,-0.055247705429792404,-3.0019402745216484,0.0005434487500068933,-0.0005518244947442266,0.0037779511246949816,-0.008835248141420953,0.0607271832430864,-0.11950210928916932,0.13027247428894045,0,0.08,True,-0.1620801839550974,0.0179976677211757
871.54,12.08447265625,-0.05504738166928291,-3.0005580913733185,0.00041590068316211675,-0.0008945664222293134,0.005535851179788835,-0.005786290119460504,0.060658827885170574,-0.06697236895561219,0.016824573576450348,0,0.08,True,-0.13538084751620105,-0.032636749314592484
871.56,12.084531784057617,-0.055079102516174316,-2.999328201642596,0.0006171713685398861,-0.0007717533824307096,-0.00020098468762312454,-0.0045981542270739865,0.0588732694462167,-0.019556398242712023,0.01514691971242428,0,0.08,True,-0.09674149241138807,0.04907142083077983
871.58,12.084256172180176,-0.055052973330020905,-2.997959278586305,0.000499531728084576,-0.0012487847292104778,-0.0018026411269911119,0.0003614972562649713,0.05671212417051471,-0.008507569655776025,0.018501676172018054,0,0.08,True,-0.1778586152190657,0.04629556207709469
871.6,12.084527969360352,-0.05488128960132599,-2.9972304129659486,-3.883656843402622e-05,-0.0009048875741462538,-0.003961368268220023,0.000924183699092834,0.0646528969095508,-0.04353060975670815,0.04366314105689526,0,0.08,True,-0.06416749961556675,0.12505950592203643
871.62,12.084619522094727,-0.05505536124110222,-2.996021121439675,-0.00012195677639520305,-0.001011209695535155,-0.0086928380377437,0.005054477331198608,0.06436247285134004,-0.04449020698666573,-0.006567871607840062,0,0.08,True,-0.06824424613179773,0.11278550339386177
871.64,12.084856033325195,-0.05510667711496353,-2.9941559698898295,-0.00024534656847327737,-0.0006176357970033699,-0.005334384656871091,0.008875519793716735,0.06887802991998473,-0.007053417339920999,0.043905980810523035,0,0.08,True,-0.06781046945420144,-0.14364577994993744
871.66,12.085002899169922,-0.05535217747092247,-2.9928102807582024,-0.0001186144860946637,-0.0006983807661712193,-0.007262180817529966,0.0098541655085036,0.06573496444201544,-0.0641929391026497,0.05462474171072245,0,0.08,True,-0.02465863693598321,-0.21260109241453715
871.68,12.085054397583008,-0.05552093684673309,-2.991720170572355,-0.00013890351769860898,-0.0007045704648554489,-0.009386205824551205,0.012171805731451628,0.053161234513566254,-0.048334039747715,0.018014856576919556,0,0.08,True,-0.05210055173214966,-0.2582462919285701
871.7,12.085310935974121,-0.05574886500835419,-2.990762324284311,-0.0001230243209171212,-0.0005350867939316384,-0.010665528992623366,0.011620183773969336,0.04735438545816837,-0.09797404125332833,0.03605742365121842,0,0.08,True,-0.03698657356409033,-0.23847154103241316
871.72,12.08574390411377,-0.05595738813281059,-2.989903071128742,-0.00026050953939781,-0.0002788993576915736,-0.009502428795445196,0.013729334602843275,0.04821832656568856,-0.09797404125332833,0.03605742365121842,0,0.08,True,0.05170530025687366,-0.06043512454324408
871.74,12.085986137390137,-0.056143030524253845,-2.989021929921547,-0.00021973038383943028,-0.0001511606179027175,-0.010221106702658706,0.014005168363782084,0.04665724115941263,-0.024778971672058107,0.03189327366650105,0,0.08,True,0.10426922799286494,-0.025579016151102314
871.76,12.08597183227539,-0.05649179965257645,-2.987862704447098,-0.00021568769178056466,-0.0008564706214338585,-0.0052497818039991965,0.014465466823828942,0.048326424550104254,-0.03671180069446564,0.02084992438554764,0,0.08,True,0.09211212809423008,-0.11556784932008769
871.78,12.086289405822754,-0.05673199146986008,-2.9870297449915615,-0.00026635309848574044,-0.00016981245648374615,-0.002323990753201758,0.014199468097204385,0.045308064166082046,-0.03620995342731476,0.03487640947103501,0,0.08,True,0.1479909737699073,-0.06447006228378581
871.8,12.086336135864258,-0.05703666806221008,-2.986036957164737,-0.00014856123636379785,-0.00022272251539042276,-0.002133458547913491,0.0070937707925205805,0.03897289862008995,-0.01698208197951317,0.06962328232824803,0,0.08,True,0.12163716107220914,-0.10181387226886524
871.82,12.086344718933105,-0.05723682418465614,-2.9853972847882586,1.711808061117414e-05,-0.00010034746212795107,0.0016181711989399334,0.006367306035261741,0.04149963617670713,-0.055955789834260944,0.07287257075309754,0,0.08,True,0.10950626453257187,-0.049943390212892624
871.84,12.086228370666504,-0.057026006281375885,-2.984744872557489,-0.0006868895979882566,1.4618222293623492e-05,0.004481191081782512,0.0060514614429311425,0.04018131476859087,-0.014292259067296984,0.014797579795122149,0,0.08,True,0.1173938499515306,0.08557065823148106
871.86,12.086240768432617,-0.05725531280040741,-2.983709774097423,-0.0007563918648233027,0.00014348632117149574,0.006436510409408474,0.004262429796996316,0.04131259294904859,-0.012032228931784631,0.019966991543769838,0,0.08,True,0.13127641865541587,0.06460550640271863
871.88,12.086057662963867,-0.057570841163396835,-2.9828224519832482,-0.000525715059811342,-0.00019268248037435212,0.007258049448213761,0.008534558200240627,0.04581855127861194,-0.051206166669726376,0.0336618821322918,0,0.08,True,0.10305842407643438,0.11026509759590405
871.9,12.08588981628418,-0.05765453726053238,-2.9820922773523377,-0.0006827957053017889,1.1180633612045656e-05,0.012120284691363652,0.010119013378647302,0.04666807668891992,-0.0013228184729814532,0.134916672706604,0,0.08,True,0.06358700504223702,0.20235732114428087
871.92,12.085762977600098,-0.05779198557138443,-2.9810793884552034,-0.0008590304747130602,0.00019840493781204566,0.012725865007889765,0.010427347977083484,0.04900252257625517,-0.01103735625743866,0.02115123510360718,0,0.08,True,0.040541026357242424,0.21045596337970526
871.94,12.08541202545166,-0.05820855870842934,-2.9799763279623077,-0.0007269180891890604,-5.8689679264477246e-05,0.011523470812790038,0.012376396130549203,0.057501178640599344,-0.008654490523040296,0.016342905759811403,0,0.08,True,-0.054488468922599,0.2241748423188216
871.96,12.085186004638672,-0.058557018637657166,-2.978902250177146,-0.0006774523347236305,-0.00013150600760968356,0.010501331556794814,0.012458889749812763,0.06265502834899697,-0.01740629088133574,0.02607375577092171,0,0.08,True,-0.07465517140468744,0.24289815802206863
871.98,12.085139274597168,-0.058780089020729065,-2.9774921830610874,-0.0007164561251616022,0.0003881815765140564,0.007761207177553502,0.013376396945306282,0.06460206407443482,-0.0571565891802311,0.04778183043003083,0,0.08,True,-0.06711772701102749,0.07147200016187301
872.0,12.085095405578613,-0.05891161039471626,-2.976066986187281,-0.0007835861766194737,0.0006204122241437738,0.006753451295511714,0.010691470237619068,0.0684343752180306,-0.010051359161734582,0.06281084597110749,0,0.08,True,-0.013316389814854475,-0.08603732979648537
872.02,12.08497428894043,-0.05936572700738907,-2.9748081628363576,-0.00018845928382711302,0.00026258348060042923,0.006154052651912722,0.011925490648509965,0.06321893865354399,0.0012435367330908777,0.058674033582210544,0,0.08,True,0.038286723165182536,-0.20167754489498008
872.04,12.084794044494629,-0.059489667415618896,-2.9734275001597084,-0.0004894818930567564,0.00027943770432756003,0.009436020371607425,0.010354804165123964,0.0557720419652844,-0.03953402452170849,0.025226647555828097,0,0.08,True,0.08057129030018538,-0.32897153622262393
872.06,12.08481216430664,-0.059802621603012085,-2.9724346679688085,-0.00013280431961112252,0.0009058129859306411,0.01082414503076532,0.007295855556194421,0.04846786048285109,-0.009692298769950867,0.030285470783710484,0,0.08,True,0.13219142979151122,-0.20331414020359395
872.08,12.084489822387695,-0.059854656457901,-2.971605222830056,-0.0002872078843975499,0.0004968920006865852,0.013199154519529842,0.0027670186474949227,0.04211665232020722,-0.0041351069509983065,0.04489686369895936,0,0.08,True,0.08984678584494006,-0.1395636023144105
872.1,12.084218978881836,-0.060086846351623535,-2.9709307339977276,0.00010223135202112467,0.000924101704608607,0.01672936703523903,0.002033709680951555,0.04695380743724815,-0.07452423572540284,0.045660344958305364,0,0,True,0.07189373173194788,-0.12521825295071998
872.12,12.08379077911377,-0.059886470437049866,-2.97005816797409,-0.00034204172133645255,0.0008053527494241405,0.016623763239206307,0.0004914216958419194,0.04460695378012585,-0.005480169132351876,0.02763092488050461,0,0,True,0.038342832524802486,-0.0972998021535025
872.14,12.083520889282227,-0.06019025295972824,-2.9686783633738267,0.000264457564207029,0.0008528686083075751,0.016575643569324092,-0.0034136877248236715,0.03845040024678836,0.008600903786718846,0.0708532801270485,0,0,True,-0.0022371458721700543,-0.43155470404749274
872.16,12.083186149597168,-0.06012040004134178,-2.968036666527649,0.00010236838204851811,0.0009307886193353693,0.01626658112151125,-0.003172719114405537,0.0343326681479341,0.0011730544269084931,0.03793374747037888,0,0,True,0.005602208493631638,-0.5292263654977936
872.18,12.082865715026855,-0.06004597619175911,-2.9678547019779873,0.00021905953369376333,0.0008075967806496026,0.016550395365465587,-0.00217592851585768,0.01242943111348013,-0.03878129117190838,0.033236962109804154,0,0,True,0.006728463984521259,-0.4900746162813952
872.2,12.082465171813965,-0.059861186891794205,-2.967311554522254,-0.0004328701961954819,0.0007364649763498027,0.017071939918697068,-0.0015534378690398737,0.0022688445402807064,0.0018180275708436968,0.016266165226697923,0,0,True,0.009899081428615139,-0.5049300331760255
872.22,12.082186698913574,-0.06024767830967903,-2.967684008884748,0.00027735615546237987,0.0007580322264519949,0.01711392068808607,0.0001353614605757278,-0.0007555690557433124,0.015874412059783936,0.01785910002887249,0,0,True,0.0205510117643864,-0.17823736702427262
872.24,12.081819534301758,-0.060234829783439636,-2.9678551589644266,0.0002938450383327037,0.0006024531507648566,0.017058507635800867,0.0011329516440348629,-0.006061734506168609,0.019586116671562195,0.00939465917646885,0,0,True,0.005400812804289533,-0.043294113338341336
872.26,12.08151912689209,-0.060293544083833694,-2.967915147502447,0.00039569562917045613,0.0007216162432461795,0.01819447630661734,-0.0004620525267765908,-0.0018295582484689754,0.018491746038198472,0.017769349664449693,0,0,True,0.006388031935365168,0.007164940507775684
872.28,12.081136703491211,-0.06018636375665665,-2.967796493282747,-0.00013902636368199245,0.0006793900271161746,0.017504004943039837,-5.360593142727816e-05,-0.001194684526783451,0.016464572846889496,0.016957449093461037,0,0,True,0.025433579989096167,0.05527698752496705
872.3,12.0807466506958,-0.06046279892325401,-2.967830373544625,0.00011760414696199395,0.00033274757950508584,0.017624963242914817,-5.344233139286617e-05,-0.00018237381512177904,0.02027271866798401,0.017600622400641443,0,0,True,0.0024520409262755757,0.023398147775003056
872.32,12.080439567565918,-0.0604727528989315,-2.9679507337265694,0.00019810045415327767,0.0006226265132077573,0.0190931940349296,0.0021091262069672413,-0.0016395755041689825,0.018950892686843874,0.020526635944843295,0,0,True,0.01302056191550811,0.039186543262231734
872.34,12.080129623413086,-0.060533106327056885,-2.9679297374076565,0.00028324354181989773,0.000890205912711842,0.018390639580719487,-3.354363941568666e-05,4.229357353222664e-05,0.016651390790939333,0.013798380419611933,0,0,True,0.006634941575605994,0.022156008894774783
872.36,12.07966136932373,-0.06061645597219467,-2.9679276593230806,0.00019396127146377096,0.00042329642183742576,0.01854564989628102,0.0006430410313232843,0.0019402389341966913,0.016775987893342975,0.014872188270092013,0,0,True,-0.04464021974326153,0.019450212180174255
872.38,12.079297065734863,-0.06071437522768974,-2.9678269900587426,0.00021531617775461144,0.00034308167611814505,0.018155758568963568,0.0005571061868921996,0.0015901068964611104,0.022047295123338702,0.021132357418537143,0,0,True,-0.04930341887152466,-0.014196123117599197
872.4,12.078987121582031,-0.060779787600040436,-2.9677955146118338,4.3877187739504085e-05,0.0003227205110947286,0.015521976455471927,3.186904727235998e-05,-8.355852975645728e-05,0.017000900208950044,0.017060539424419405,0,0,True,-0.0537038260433302,-0.04657023881261893
872.42,12.078706741333008,-0.06082812324166298,-2.9678025288559398,0.00017721230953365847,0.0002239014150655394,0.014446366071001101,-0.00037267127099166507,-0.0010933962758746764,0.014789419248700144,0.013561180606484414,0,0,True,-0.036693942430720355,-0.04191010617658677
872.44,12.078438758850098,-0.06083369627594948,-2.967934344005461,9.96562659682037e-05,0.00025916736976928955,0.014249343812812405,-0.0005972605037726907,-0.0017853801708147292,0.008463845252990723,0.008680606931447983,0,0,True,-0.0010562853527707715,0.004251071788891266
872.46,12.078153610229492,-0.06088485196232796,-2.9679144617608126,0.00010988211379248505,0.00027430903643090986,0.015220243174504438,-0.0005823224069687613,-0.001762701597667546,0.01041818790137768,0.011210983395576479,0,0,True,-0.018729763473912683,0.015984702416899903
872.48,12.077856063842773,-0.06092969328165054,-2.967938345025499,0.0001461041513492766,0.0003226483542861484,0.015437473627250222,0.0001733423557403386,0.000256527213355018,0.014252822250127794,0.013540525510907174,0,0,True,-0.04652963872316852,0.02764403028177512
872.5,12.077499389648438,-0.06099265068769455,-2.9679435449837532,-3.1625102804398e-05,-6.0141920555737276e-05,0.01294798499308732,-8.135722781162395e-05,0.00018537991747797006,0.011802937760949136,0.011832866892218592,0,0,True,-0.08696633631651089,0.009327443877622346
872.52,12.077224731445312,-0.061060741543769836,-2.9679138218283927,-0.00010686008219245059,-0.0001840499449955283,0.010526972714962309,0.0001918697421869225,0.00042614225172526895,0.011802937760949136,0.011832866892218592,0,0,True,-0.10048219958364238,0.026522766601109082
872.54,12.077132225036621,-0.06105741113424301,-2.9678996313674144,-2.6231315805129396e-05,0.00013073523469415657,0.008262936269189895,-0.0028477249813368645,-0.0010165060874584371,0.008609633073210717,0.00810455694794655,0,0,True,-0.08992169847159685,0.041038708507742064
872.56,12.07702922821045,-0.061090342700481415,-2.967904253645361,0.00043661879444000407,4.807535151743297e-05,0.007398897660566142,-0.001977938774422547,0.0023783485414418147,0.005530555695295335,0.006697446554899216,0,0,True,-0.03198844265945877,0.023826498976277338
872.58,12.07680892944336,-0.06088250130414963,-2.96802486547075,4.785403842720864e-05,6.445327318885362e-05,0.005754249115355892,-0.0013495782280976436,0.0034684765980990146,-0.04560600981116295,0.0032550665736198426,0,0,True,-0.008710268220140097,0.03717491268491142
872.6,12.076614379882812,-0.06100717931985855,-2.9677235539450773,1.2421273223418423e-05,-2.5432364187855267e-05,0.007967897302204298,-0.0018386291727971178,0.002332262169828431,0.011459384337067606,0.011966625899076462,0,0,True,-0.02861858539030203,-0.014822902227767672
872.62,12.07666015625,-0.061030566692352295,-2.9676221532395664,0.0001178234059757692,0.0002981990135652239,0.00756611481157833,0.0004897457976565486,0.001957486927335998,0.010702711269259453,0.009315413683652879,0,0,True,0.00820655663225091,-0.03852258223269323
872.64,12.076375961303711,-0.0610557422041893,-2.9677176726717747,0.00014038691862439286,-0.00021360858122119124,0.005109410829340809,0.00035458162509356575,0.0011925163632197943,0.008272112831473352,0.006678091138601304,0,0,True,-0.04378092786103315,-0.0066460299334046655
872.66,12.07621955871582,-0.06102586165070534,-2.967868266516563,-7.532801170874168e-05,-0.0003045552443294802,0.0064107736459353675,0.00018482905085909478,0.00038667001948635907,0.011106499508023263,0.01086007781326771,0,0,True,-0.04705386489992157,0.021175805688679786
872.68,12.076216697692871,-0.06110583245754242,-2.9676281526360198,0.00016696147808464387,-0.00012859161765346549,0.004465423073324831,0.0005463565694687546,0.0018005797751565415,0.008277640640735627,0.006296136155724526,0,0,True,-0.012460054922474338,-0.008888244025726954
872.7,12.076157569885254,-0.06113377958536148,-2.9675912196380074,0.00018336674704953702,3.54729753967879e-05,0.003801805619582679,0.001246517583678519,0.0036515513824312475,0.00231812559068203,0.001647338792681694,0,0,True,-0.027359890976865375,-0.002521997473075818
872.72,12.076031684875488,-0.0611606240272522,-2.967573626289762,8.391055751172236e-05,-9.566445010486636e-06,0.004112606435542352,0.00026025470910713176,0.0004814568411612742,0.00231812559068203,0.001647338792681694,0,0,True,-0.035425738282092605,-0.027334854672801376
872.74,12.075937271118164,-0.06117673218250275,-2.9675761424059686,5.761632682300454e-05,5.356542236954661e-05,0.004221982367785018,-1.262095743264182e-05,0.00018491022164019043,0.00514524381607771,0.004849892742931843,0,0,True,-0.04425106931243537,-0.050182504405477654
872.76,12.075896263122559,-0.06118330359458923,-2.967589636088727,7.522791519359711e-05,0.00015666514850106,0.0016313640107559733,-0.00022156300003646641,-0.0003862085986686874,0.004491387531161309,0.004126725662499667,0,0,True,-0.07397245591828633,-0.047992709951030436
872.78,12.075824737548828,-0.061191264539957047,-2.9675764268202762,9.352693963048586e-05,0.0002778437102098242,0.00026172007459106884,-9.480203936879768e-05,-0.00036304897000331317,0.004491387531161309,0.004126725662499667,0,0,True,-0.10662185900216564,-0.09680475906552603
872.8,12.075900077819824,-0.061165761202573776,-2.9676045229776555,-0.00027637925857140706,0.0004225998312345216,-0.0018051900379151716,-0.0010428598741533777,-0.0033579599549176686,0.004491624832153321,0.004392555579543114,0,0,True,-0.1127396987173894,-0.06294936721232082
872.82,12.075915336608887,-0.061172887682914734,-2.967605186323569,-1.3845628212594468e-05,-0.00016852909686708106,-0.004307766352392597,-0.002197134520526195,-0.0075594705036058545,-0.00024632716551423075,-0.0009438571333885194,0,0,True,-0.1158356184731325,-0.0852403052266763
872.84,12.076024055480957,-0.06107613444328308,-2.9678582728851204,2.9660960703419124e-05,-0.0004081009565289318,-0.007387811886639792,-0.0016140719931907242,-0.00542215797565693,-0.0018032506946474315,-0.0012594952248036863,0,0,True,-0.12249837972104949,-0.039668909732205
872.86,12.076133728027344,-0.060958489775657654,-2.968181184460565,-2.2674834375041157e-06,-0.0006342985180742526,-0.009005129403264272,-0.0022160647934820086,-0.007182273388140906,-0.006998609155416489,-0.007493173889815808,0,0,True,-0.12865415460394813,0.09055733775322755
872.88,12.076459884643555,-0.06093641370534897,-2.9680382956157083,0.00021318714488366758,-0.00026880166076247435,-0.011605060415604143,-0.001993556389377155,-0.006531472733495692,-0.007664605602622033,-0.007851220406591893,0,0,True,-0.09965371269402562,0.03740927899108339
872.9,12.076594352722168,-0.060873959213495255,-2.9681797681946196,0.0001943288955835538,-0.0004164222920843889,-0.014600098720699086,-0.00016414582513364293,-0.00031488348335423897,-0.014124520123004915,-0.014279162138700487,0,0,True,-0.09466818513642515,0.11079667733852915
872.92,12.076910972595215,-0.06075872480869293,-2.9683807907037996,0.00013455883109928342,1.2337906278892155e-06,-0.015360108902154591,-0.0007068017702164522,-0.00242941565637298,-0.009098084829747678,-0.008331544473767282,0,0,True,-0.04830095658173572,0.17092873183779608
872.94,12.077281951904297,-0.0607440210878849,-2.9682063751392334,9.335375095726592e-05,6.645102047761383e-05,-0.01657858421418216,0.0004933410446274255,0.001681460798945961,-0.014621526449918749,-0.015015298500657083,0,0,True,0.05496489011685834,0.04847401211956185
872.96,12.07766056060791,-0.060668934136629105,-2.9682326488682182,-8.034426347136189e-05,0.00019971243640074134,-0.015469136942144978,0.0021289553526090826,0.0071428258135349905,-0.014045342952013018,-0.014522221982479096,0,0,True,0.10138811575805891,0.06397176515638876
872.98,12.07790756225586,-0.060684025287628174,-2.968045251330704,-0.00024000724255423587,0.00016121888411234006,-0.01020290751134817,0.0011718680399754049,0.003563037486212693,-0.017805247306823733,-0.01751892514526844,0,0,True,0.15374655603899745,0.005671571828470774
873.0,12.07815933227539,-0.0607130229473114,-2.9678093646387165,-0.00034724190843890383,0.0002749836433824107,-0.007249059641505729,0.001659054844766838,0.0026883255561407386,-0.013666047826409341,-0.013934545293450357,0,0,True,0.18726753426693887,-0.09824560411844398
873.02,12.078102111816406,-0.06069541722536087,-2.9679213321403366,-0.00016597291528633697,-9.87002759661156e-05,-0.0042788597310735475,0.001066726581773501,0.00213518654522321,-0.00819200210273266,-0.006257468089461327,0,0,True,0.12056138591654177,-0.01664084036082144
873.04,12.078254699707031,-0.06069938465952873,-2.968017582823727,8.820563813352486e-05,0.00021592575536113806,-0.0004877342008034935,-0.00022773516614011294,-0.0007168225159333793,-0.0011516895145177843,-0.008592112697660925,0,0,True,0.11706015285019562,-0.009623130918272766
873.06,12.078259468078613,-0.06070892885327339,-2.967874436407086,0.000137453834315074,0.0002597808149797564,-0.0005579966380336003,0.0005446009983869097,0.002231770257348189,-0.008246183004230261,-0.0017247334681451322,0,0,True,0.07694153410335909,-0.044773043506230355
873.08,12.078194618225098,-0.06068833917379379,-2.967866710439991,-0.00011694101205304276,0.0002443428002975762,0.002115752586514712,-0.0001509896280245464,0.0019184750826785235,-0.008246183004230261,-0.0017247334681451322,0,0,True,0.0024762746799873976,-0.0026539270475133487
873.1,12.078153610229492,-0.06073061376810074,-2.9677427905197487,-9.899374716746774e-05,0.0002590445725599987,0.0018764629971983289,-0.00034207850477424074,-0.0014466569352770504,-0.09319498755037786,0.00014268752187490466,0,0,True,-0.009683827041681293,-0.05943506624485129
873.12,12.078085899353027,-0.060716744512319565,-2.967864104817113,-0.0003235359284428864,0.00025503245168387935,-0.00028963222640440034,-0.0001331281112032193,-0.0009291366797345559,0.0005507698655128479,0.0021790214441716675,0,0,True,-0.05886411997632086,-0.035136460195275936
873.14,12.078106880187988,-0.0607079416513443,-2.9679901689619084,-0.00010373929026416414,0.0002000261035577933,-0.0013327028013685,-0.0006980643586447792,-0.002523035042242346,-0.000544731728732586,0.00037660358473658563,0,0,True,-0.04137226108285995,-0.004721354730926266
873.16,12.078215599060059,-0.06067384406924248,-2.96794104137437,-3.734018350125984e-05,0.0003880524985749993,-0.0025933770115866735,-0.00022605411602119612,-0.0008924417329409948,-0.010005870908498766,0.0011039206944406033,0,0,True,0.013789990869017197,-0.025699194691779448
873.18,12.078248977661133,-0.06065719202160835,-2.967944633323128,-0.0003162845544547619,0.00041336755241500896,-0.0014333178894274565,0.0016264330275071641,-0.0018243653137508082,-0.0044639122486114504,-0.0037323438003659254,0,0,True,0.029191597491928997,0.0005210138544652209
873.2,12.078287124633789,-0.06066308543086052,-2.967935500155748,-0.0003512695658779743,0.0004456792901349549,0.0008135670431175399,-0.0007437070968597629,-0.002985072255077963,0.0005613800883293152,-0.0007404457218945027,0,0,True,0.06443992998052772,0.006867941519648405
873.22,12.078242301940918,-0.060816287994384766,-2.9681361181870085,9.439298139863936e-05,0.00015714045520172622,0.0010026249979870143,-0.0006324062813877843,-0.002481353933885107,-0.001848848992958665,-0.0006326748244464398,0,0,True,0.06369390392131057,0.05492996146576668
873.24,12.078141212463379,-0.06062648817896843,-2.9681798471547762,-0.00014984242152321235,-7.842597947744408e-05,0.002561817386858182,-9.135899908493565e-05,-0.00034300641136884136,-0.002061460022814572,9.5300420653075e-05,0,0,True,0.05274153823594454,0.07538627934410239
873.26,12.078161239624023,-0.06062120199203491,-2.9681431416378388,-0.0001363074260486325,6.574879088447771e-05,0.0036621944242799962,-0.0018237296077695019,0.0025700316035127744,-0.002257611621171236,0.002491216096095741,0,0,True,0.08065020952739395,0.06354751208327322
873.28,12.078083992004395,-0.06069124862551689,-2.9679629406686576,4.770155726658266e-05,0.0002355035289812076,0.005032890101989266,0.0006790942278296657,0.003045830092444742,0.0023063823208212854,0.0011621531192213298,0,0,True,0.07231017471193775,0.003763537723968668
873.3,12.07792854309082,-0.060723140835762024,-2.9679305156587277,0.00014709268795292274,0.0002910581448979445,0.0074546417601726615,0.000685399111279159,0.002602447032772127,0.0061940190196037295,0.004363881535828114,0,0,True,0.05669709220720877,-0.0390467350543851
873.32,12.077754020690918,-0.06074955686926842,-2.9679361807473805,0.00015909256578539152,0.00026223222816240373,0.008346631363816161,-9.414867538917867e-05,-4.192339345119388e-05,0.007430557198822499,0.0071800677478313455,0,0,True,0.04084188072623992,-0.03436785162537602
873.34,12.077583312988281,-0.06077825650572777,-2.967934945875217,0.0001977038717547152,0.0002696600979120314,0.008197961800859018,-0.00018272592109460327,-0.0005537072008396313,0.008304463736712933,0.007939591556787492,0,0,True,0.003805110830147102,-0.033020925168903086
873.36,12.077425003051758,-0.06079920381307602,-2.9679662945401337,0.0002055086708344444,0.00036763496519319727,0.008300240560090131,0.00012462218388582997,0.0002964019624132539,0.00837075885385275,0.0077411004900932315,0,0,True,-0.013618336799819847,0.0048829863557467434
873.38,12.077280044555664,-0.06082206219434738,-2.967974812234795,0.00023249873224758972,0.0005224509652397514,0.007759050626584585,6.295261509756903e-06,-3.92269807414715e-05,0.008159461095929146,0.00792957302182913,0,0,True,-0.01039320754736843,0.011381439553111527
873.4,12.077101707458496,-0.0608740895986557,-2.9679124685903875,0.0002386398689422323,0.00014846764442578116,0.0072571644198315645,0.00011150092930692422,0.0003487155150081904,0.00799731593579054,0.007904640510678292,0,0,True,-0.019551027174671446,0.010955726459355346
873.42,12.076972007751465,-0.06088598072528839,-2.967938084033676,0.00027288063244218773,0.00014736134366039524,0.0073665051970703,0.00011406400013426487,0.00035680796340846265,0.009769360572099687,0.010664992928504945,0,0,True,0.01291847769784603,-0.011808647613132928
873.44,12.076854705810547,-0.06090831756591797,-2.967938397298933,0.0003149336184551545,0.00019205624282450572,0.006736158386115615,-0.0001675690301345073,0.00117286007916213,0.006470287702977658,0.006248137205839157,0,0,True,0.028282150539741358,-0.025910001791450095
873.46,12.076701164245605,-0.06093287467956543,-2.967946267597722,0.0003647621012104067,0.00029871618586000927,0.008792528842412797,-0.00024295982742768632,-0.000983918789792589,0.0069991366937756545,0.007076478302478791,0,0,True,0.026381233827478524,0.006258561879657843
873.48,12.076568603515625,-0.06095399707555771,-2.9678186397840545,8.146391241561488e-05,0.00033535564656832727,0.00951973646301203,-0.000513910275002756,-0.0017240846283088774,0.007706448286771775,0.007693948261439801,0,0,True,0.027431087029952044,-0.044326183413758005
873.5,12.076275825500488,-0.06098836660385132,-2.9680167975368597,0.00041283495731892097,4.218802436961975e-05,0.009477003903269662,-0.00013509448822184933,0.0008574929137813463,-0.08680489897727967,0.004779049791395665,0,0,True,-0.026618091839940596,-0.00853835975631385
873.52,12.07609748840332,-0.06099950149655342,-2.9680763240691976,0.000601173676735599,4.67357815890924e-05,0.008930645348509783,-0.00021354329249103233,-0.002373234593935285,1.549549400806427e-05,0.007297161575406791,0,0,True,-0.07909664226330718,0.014554497245989114
873.54,12.075952529907227,-0.06105316802859306,-2.9678776681646197,0.0003821496018650961,-0.00010518333229370038,0.006663081495219486,-0.0006533210446396154,-0.0016669875702970758,0.008186027854681015,0.008055203296244146,0,0,True,-0.09551294259270711,-0.09669857507560398
873.56,12.075861930847168,-0.06106051802635193,-2.968008498551569,0.0005105122677854481,-0.0002331929983912356,0.0031920050819532115,-0.0002939727413342762,-0.0005597248486308072,0.00916980266571045,0.00896322511136532,0,0,True,-0.10868354865909871,-0.05162255867973084
873.58,12.0757417678833,-0.06102902069687843,-2.9681501565424835,9.761760274034209e-05,-0.0003524950907862022,0.0018359684958491843,-0.001678471630303323,-0.00687839309227093,0.0039297109469771385,0.0027331538125872613,0,0,True,-0.08782469991670327,-0.10905649830604906
873.6,12.075841903686523,-0.061020441353321075,-2.968121102057088,0.00010075741570707789,-0.0002029856186665576,0.00023596145577743747,-0.0020376577110450484,-0.006503039288315865,0.004758299253880978,0.0036858103796839716,0,0,True,-0.012439236851824286,-0.19609879522175994
873.62,12.075784683227539,-0.060946252197027206,-2.9684279396120017,1.3715933389945264e-05,-0.0003900995798804985,-0.0003628944981203709,-0.0031124741508928837,-0.010391507434785464,-0.0032586589455604557,-0.004535285215824843,0,0,True,-0.016255694155949203,-0.07018781756250332
873.64,12.075815200805664,-0.06090321019291878,-2.9685287416946347,6.38551352401964e-05,-0.00012645844409117665,0.0021968661338067595,-0.0032859442906859166,-0.016247628466379626,-0.0009625484980642796,-0.0012329424172639848,0,0,True,0.010848383828002293,0.00533925128623706
873.66,12.075727462768555,-0.060778744518756866,-2.9689814771372656,5.923896509339107e-05,-0.00035121728615473556,0.0005355129633744309,-0.0017869024620408695,-0.012493418497266089,-0.004766987208276987,-0.0028206772636622194,0,0,True,0.023961336140866818,0.11405721741824927
873.68,12.075623512268066,-0.060791756957769394,-2.9694209123343973,-2.5899389736458303e-05,-0.0005141760950610039,0.0011038321620168317,-0.001862906536916954,-0.006075899185417288,0.000389394760131836,0.00030828547663986684,0,0,True,-0.008587027521655868,0.24523061929956508
873.7,12.07571792602539,-0.06081278249621391,-2.9694274130917835,0.00010057525646523737,-5.3147369089324165e-05,0.0015540123931499553,-0.00038739173398713534,-0.0012669300413208533,0.002045262306928635,0.002330244304612279,0,0,True,0.056754127117675496,0.18963095888057455
873.72,12.075702667236328,-0.06077151000499725,-2.9690148136294683,8.251763352609057e-05,-4.351544148666612e-05,0.0015099039320739386,-0.000640158621092812,0.003370821077595617,-0.001702451426535845,-0.001744748763740063,0,0,True,0.06283183726665877,0.01343012850162928
873.74,12.075599670410156,-0.06076950952410698,-2.9690828315405713,2.6349031976602062e-05,-9.880259270767776e-05,0.005075843132790793,-0.001286671935920648,0.0026770582131876363,0.0011526242457330228,0.0009295527078211309,0,0,True,0.056485921225322394,-0.0290608045847134
873.76,12.075495719909668,-0.06076204776763916,-2.9691512466481895,2.5266374319048466e-05,-3.026274077809501e-05,0.0061303791433521045,-0.0014154328687228104,-0.005001488905286396,0.003366548884660006,0.0031733841821551326,0,0,True,0.006708747927641599,-0.10350375174332471
873.78,12.075300216674805,-0.060781080275774,-2.9692132484347287,1.897326608540307e-05,-9.175806340124907e-05,0.0060728860911716375,-0.0007727888520735631,-0.0035917944080958108,0.004207004196941853,0.0034545220993459228,0,0,True,-0.07257334749319846,-0.1354363312435414
873.8,12.075200080871582,-0.06074410676956177,-2.969414932741891,0.00013010627671579056,6.401340631987682e-05,0.0020466037662847784,-0.0033994379146733656,-0.0049094790618628295,0.0068578927963972094,0.006688840091228485,0,0,True,-0.12680366379047467,0.014622274545771412
873.82,12.07511043548584,-0.06079193577170372,-2.969370175093219,0.00021502335426269378,0.00020359221169286538,-0.0007300246666680544,-0.0004405305135950699,-0.008157848286301218,0.004502242878079415,0.0037731788679957394,0,0,True,-0.18102368505485228,-0.0010664703924776959
873.84,12.075287818908691,-0.0605221651494503,-2.9695440049731388,-0.00040223467031508996,0.00036201061579855376,-0.004013913959891057,-0.001235279720471862,-0.003831706941624085,0.0064414676278829585,0.006309345737099648,0,0,True,-0.13510589794061015,0.04615544467727384
873.86,12.07535171508789,-0.06073635071516037,-2.969865876297633,0.0001646632669683271,-0.0001582335554485167,-0.008409008713223955,-0.0014665845804395132,-0.00367711203949407,-0.003176869377493859,-0.006428417898714543,0,0,True,-0.13356640389443927,0.14079845754486114
873.88,12.075499534606934,-0.060591768473386765,-2.969721469297221,4.198451446554135e-05,-0.00034424822269680914,-0.008761868068969563,0.0015216269769099118,-0.0012170434876790338,-0.002850131075829268,-0.000540823694318533,0,0,True,-0.09129890540987319,0.07233010096984008
873.9,12.075753211975098,-0.06056137755513191,-2.9696643440563784,0.00016288332785780737,-0.00018229977805692225,-0.011415336978213479,-0.0011476102624921568,0.0031060283172774303,-0.00803833067417145,-0.00800506003201008,0,0,True,-0.035783976536713724,0.061643527620866015
873.92,12.07599925994873,-0.06052222102880478,-2.969641368452153,0.00027298013698830897,-7.761679332817763e-05,-0.01131782639267427,0.0005290092580919044,0.0019547011359578583,-0.01959291234612465,-0.013244040608406069,0,0,True,-0.0231292124532217,-0.07270382280444412
873.94,12.0762357711792,-0.06048965826630592,-2.969617394032251,0.0003930398280958831,-7.253657714377995e-05,-0.011271726836162517,0.0004463160878524677,0.0012543701701777344,-0.012114157229661943,-0.011335344761610033,0,0,True,0.03828789044287474,-0.07293105765274359
873.96,12.076398849487305,-0.06047854200005531,-2.969565093206344,0.0003639411642071383,9.573162014243592e-05,-0.010612205065228246,-0.0021641504032158766,-0.007033349312037539,-0.010641467273235321,-0.010169520974159242,0,0,True,0.06857839371466551,-0.053774269338003326
873.98,12.076647758483887,-0.0604422427713871,-2.969563994442764,0.000493506445411285,0.0001533554899598278,-0.008352305742781932,-0.0007869486790874989,-0.002728456294945042,-0.010983305871486665,-0.00984879069030285,0,0,True,0.12032584824419036,-0.046276980477786556
874.0,12.07680606842041,-0.06020631641149521,-2.9702040363971163,-6.4172765560992964e-06,0.00023189156413563626,-0.0058315548954982225,-0.0007702021947805131,-0.002347240411084609,0.05099551640450955,-0.010757259726524354,0,0,True,0.1802639438513331,0.18937763890198342
874.02,12.076883316040039,-0.06031325086951256,-2.969835670535846,-6.393983317476315e-05,0.0002949859184980603,-0.0016456589766360422,-0.0009078876789984157,-0.002447788268041823,-0.0072989059984684,-0.006210919544100762,0,0,True,0.18437919704170114,0.06479059759132363
874.04,12.076848030090332,-0.06033826246857643,-2.969752872439231,-8.855087666361426e-05,0.00041256997079221495,0.003808910442865285,0.002566116710338468,0.008116861800107355,-0.0005642542988061905,-0.0014304931461811066,0,0,True,0.16819644669022102,0.07646364604905152
874.06,12.076765060424805,-0.06034817919135094,-2.9697598175042073,-0.0002648999994561143,0.000554469079788825,0.006398030020540744,0.0007530636819326078,0.0024547915123561345,0.002759450543671847,0.002324757045134902,0,0,True,0.15661070708639738,0.014971642711720095
874.08,12.07654094696045,-0.060460686683654785,-2.9695546874531074,9.642439624858587e-05,0.00022000617641607334,0.007624160839726344,-0.0018718194167532455,0.0037698512728426424,0.00614281076937914,0.005339556559920311,0,0,True,0.07714141833020587,-0.1872166970117575
874.1,12.07638931274414,-0.060460127890110016,-2.9696392872148576,0.00013265302886335335,0.0003381495070243861,0.010883197590282157,-0.00017521903771756117,-0.0012500568511036026,0.009334340915083885,-0.0009548246115446092,0,-0.08,True,0.02790296031396553,-0.07623288797080413
874.12,12.076221466064453,-0.060295142233371735,-2.9694512843374032,-0.00041211781009474263,0.00041232776205328504,0.009980223909284911,-0.0019605880261471973,-0.0068604739608409075,0.007045177519321442,0.006913040764629842,0,-0.08,True,0.010200809339342058,-0.2216511973521428
874.14,12.075904846191406,-0.06048334389925003,-2.9698598220522956,-0.00016872897647561596,-0.00010600276181774355,0.008630266845659129,-0.0010247507377838467,-0.0036438395253113156,0.007017229199409485,0.006647475920617581,0,-0.08,True,-0.06661054248342699,-0.2287186269676411
874.16,12.075727462768555,-0.06044292077422142,-2.970103525369974,-0.00024689570509878444,-0.0002279268044676034,0.008440225586872966,0.003467101168388312,-0.013962244515312656,0.01237267553806305,0.005217734053730965,0,-0.08,True,-0.08063093873644993,-0.2408650020594352
874.18,12.075695037841797,-0.06049733981490135,-2.9699307943768822,-0.00046339953339841926,-0.00017550490130703713,0.005554354191612845,0.0008433580245274534,-0.01954754700849825,0.004452915564179421,0.0029462576657533646,0,-0.08,True,-0.06563958748265884,-0.36997610323799646
874.2,12.075603485107422,-0.06068366765975952,-2.970568263898629,-9.45207875224894e-06,-0.00022646046288695137,0.0035297488103656167,0.0028561875043797867,-0.026129674125605584,0.014836262986063959,0.006138063184916974,0,-0.08,True,-0.07306634220567051,-0.1922194760203608
874.22,12.075478553771973,-0.060625724494457245,-2.9714236258129763,-0.00016673856902129012,-0.00037185069620615773,0.0033790998470437346,0.0030525932445499768,-0.033241927784366174,0.009706200435757638,-0.0083956952765584,0,-0.08,True,-0.0707558729587354,-0.16828592334351475
874.24,12.075488090515137,-0.060716141015291214,-2.9721938993000236,0.00012108024735363561,-5.653467514394517e-06,0.0025949182104163344,-0.0025765376658042558,-0.029339802596949387,0.055004994124174124,-0.008661694824695587,0,-0.08,True,-0.014336702007875735,-0.019732349579520483
874.26,12.075469970703125,-0.06078379973769188,-2.972590148599633,0.0001834607233232089,9.153158873612357e-05,-0.00010611564508888297,-0.0005510306723767178,-0.03301042087598632,0.030859583765268327,-0.04970084182918072,0,-0.08,True,-0.038994783778787324,0.040251436331186774
874.28,12.075364112854004,-0.06051549315452576,-2.9729154481063826,-0.0003471069740547256,1.5095527644457647e-05,0.002382812649736601,0.0006424910004973292,-0.027708262091965787,0.0042193474015221,-0.04869362141937018,0,-0.08,True,-0.04498666545554993,-0.03751790834497896
874.3,12.075479507446289,-0.060580842196941376,-2.9740644594830528,-0.00017669915571272163,0.00046353762860898743,0.000259517144743586,-0.0008246497424874499,-0.03002181287787416,0.010612554624676706,-0.0516678610444069,0,-0.08,True,0.024739629353852984,0.10030986035656855
874.32,12.075308799743652,-0.06079881265759468,-2.974410560267382,6.894658978049637e-05,-0.00030576620044331246,-0.0010040150260295015,0.0009994535799959763,-0.03234123526454924,0.015076427757740022,-0.018942925631999973,0,-0.08,True,-0.08337658072683025,0.0821469421581884
874.34,12.075438499450684,-0.06072221323847771,-2.974991893629864,-6.719146374329467e-05,-0.00012172010202966787,0.0018730547032203683,0.000643214938724404,-0.024985632047456727,0.013361933827400209,0.0015553218126296998,0,-0.08,True,-0.04927792955008668,0.12074881070349476
874.36,12.075456619262695,-0.06058096885681152,-2.975502746927548,-0.0001669190684417616,3.313822520686558e-08,-0.004287313808413231,-0.004520751185698771,-0.021136506719307353,0.00588435035198927,-0.01546040214598179,0,-0.08,True,-0.04368085006928456,0.1436124248266907
874.38,12.075340270996094,-0.060656435787677765,-2.9760633100468503,0.00016218138401397363,-0.00048666212138751024,-0.0036827172192653657,-0.003957815484571447,-0.020361908021589638,0.009908864088356496,-0.02282221741974354,0,-0.08,True,-0.12952547486353194,0.08059994818027535
874.4,12.075587272644043,-0.06038542464375496,-2.976101480804925,-0.00012397001381524733,-0.00023799097443680123,-0.004498483031569088,-0.0035606050296403363,-0.020852241278424433,0.009212421402335167,0.004080197848379612,0,-0.08,True,0.00051130375239458,-0.08397959104479094
874.42,12.075676918029785,-0.06036137044429779,-2.9766208462715897,3.4094363886762556e-05,-0.00022343269610806,-0.008488983285852764,-0.008452232716253833,-0.018537636193040562,-0.006540045067667962,-0.018105915486812594,0,-0.08,True,-0.008299039116245568,-0.1852067958856046
874.44,12.075764656066895,-0.0602407269179821,-2.9771709262298227,9.585800654174817e-05,-0.00017086432641596827,-0.004246409508221644,-0.007458538307839165,-0.027854874002894065,0.055851559676229956,-0.009100374132394791,0,-0.08,True,0.02723467960030747,-0.29876340056058187
874.46,12.075899124145508,-0.059877909719944,-2.9775463209422943,-0.0001796680136626945,9.533748536267713e-05,-0.004346640348565351,-0.010199403887013818,-0.035178451692445586,0.00729638408869505,-0.03267816677689553,0,-0.08,True,0.09573341097448487,-0.41036662014806013
874.48,12.075824737548828,-0.05974118411540985,-2.9783298707251578,-0.00021010897959942087,-0.0004700413678481863,-0.0023197086635433754,-0.008067908840800204,-0.04475331332328321,0.043198436871171,-0.014262869209051133,0,-0.08,True,0.050409387237595804,-0.3241504562536293
874.5,12.075886726379395,-0.0594995841383934,-2.979435122406987,-0.0003574142143930167,-0.00037989826859651177,-0.0008303104078900563,-0.00507543450705375,-0.051366965804902166,0.004895872564520687,-0.01277236133813858,0,-0.08,True,0.0744249911668837,-0.25679658771513525
874.52,12.07584285736084,-0.059573713690042496,-2.980751191295682,0.00014692812953754492,-0.0004998909044920239,-0.00021365852921764744,-0.0032522551162473927,-0.053786910503160826,0.03826729774475098,-0.03053797155618668,0,-0.08,True,0.07684708930228566,-0.0752569676125397
874.54,12.075899124145508,-0.05946647748351097,-2.9816556782066828,3.0064131533065725e-05,-0.0004159447255174689,0.0016073589447799302,-0.002985608129374975,-0.05572217870963772,0.005507039949297905,-0.06579372465610504,0,-0.08,True,0.06485502929433513,-0.019369692986532096
874.56,12.075799942016602,-0.05948162451386452,-2.9826328235654067,0.0002491645262577623,-0.00042539631307177226,0.003828058480633886,-0.0018773092003914655,-0.05077387073228091,0.04091188117861748,-0.054650199413299565,0,-0.08,True,0.05505714702914304,-0.009630286845897021
874.58,12.075721740722656,-0.0592842623591423,-2.98389289670376,1.166100277754753e-05,-0.0003330544417647523,0.004358091935659409,-0.004171323040688985,-0.05291654124382553,0.04440850295126438,-0.04182076796889306,0,-0.08,True,0.03082761927130898,0.051136404121828544
874.6,12.075516700744629,-0.05947389826178551,-2.9848131009542667,0.00030646127774475336,-0.0007051770917593851,0.004190913233116049,-0.001966168862994432,-0.05455733345083298,0.005216042567044497,-0.01036478839814663,0,-0.08,True,-0.036246374191358385,-0.010547167381279206
874.62,12.075502395629883,-0.059191666543483734,-2.985889001506191,-0.00022130566907760412,-0.00014945078196227927,0.00407356848648591,0.0008903178599783098,-0.051631266379889344,0.02484455853700638,-0.07397604696452618,0,-0.08,True,-0.050743658738905045,0.010702154835053239
874.64,12.075444221496582,-0.05937860906124115,-2.9869974102414756,0.000300325939371384,-0.0002843240578714945,0.0009283485453237317,-0.004958910746342602,-0.051617644122783676,0.04244693696498871,-0.012789409980177881,0,-0.08,True,-0.05920284302497613,0.015803660728264782
874.66,12.075410842895508,-0.059405162930488586,-2.9880233980141475,0.0004438033961104703,-0.00021525033393353875,0.00029859923655069763,-0.004227519630626737,-0.052060368857022046,0.02329702749848366,-0.015692738071084025,0,-0.08,True,-0.09336500845572825,-0.026401903653771742
874.68,12.075382232666016,-0.059093352407217026,-2.9889425124840856,-0.00010182704225662615,-0.00023993434740665387,-0.0005453142088777333,-0.00879713933383373,-0.05329304059257295,0.0014931713789701462,-0.04348290156573058,0,-0.08,True,-0.08499093562233807,-0.12385499491271153
874.7,12.075427055358887,-0.05886109918355942,-2.990053831014755,-0.00018943036550343796,-0.0002577991147155001,-0.00339563218997617,-0.007310984145371492,-0.053743418672192164,0.043830948323011404,-0.05010334759950638,0,-0.08,True,-0.06429673549017523,-0.12485016516100866
874.72,12.075380325317383,-0.05867638811469078,-2.9912608534888836,-0.00021545923451733203,-0.0003506332386835734,-0.005870926304466793,-0.002621479129033177,-0.06152604371580567,0.04457000061869622,-0.0495048100873828,0,-0.08,True,-0.07417289903047874,-0.18362618772060174
874.74,12.075591087341309,-0.05878597870469093,-2.992322871507925,0.00031679418805244586,0.0001959438410411808,-0.004845139602665952,-7.375687334370965e-05,-0.06204838206990785,0.016823877841234208,-0.06149586781859399,0,-0.08,True,-0.04989378231384062,-0.2252382241432269
874.76,12.075815200805664,-0.05881565809249878,-2.9938645959813526,0.0005126996456906878,0.0003387867097253497,-0.006479146131319068,0.0003571403516439036,-0.0679831356102286,0.00865956172347069,-0.007035265117883683,0,-0.08,True,-0.0017898107748598711,-0.11202382547076696
874.78,12.075809478759766,-0.05879762023687363,-2.995017701580343,0.00020452144838604443,-6.899774298256164e-05,-0.0073871347750797895,-0.002288109283958638,-0.07176247660363393,0.0631892591714859,-0.03517619624733925,0,-0.08,True,-0.05401799960355818,-0.11238486590705155
874.8,12.075897216796875,-0.05862835422158241,-2.996699504337697,0.00016311399048463284,-0.0001806703390453521,-0.006014111166455453,-0.004393458849861996,-0.07048794975345887,0.09724630117416383,-0.07261358827352525,0,-0.08,True,-0.03019094659187223,0.024254025517356656
874.82,12.076148986816406,-0.058518581092357635,-2.9980638696362187,0.0003534618083305486,0.0004715066466321859,-0.009166579570952817,-0.007004188105184281,-0.07103917134247657,0.10167973875999452,-0.05374900221824647,0,-0.08,True,0.0036586949420727207,-0.005827178586354269
874.84,12.076240539550781,-0.05839839577674866,-2.999503631961632,0.00026722906717261443,0.0005482486399442468,-0.008894421858670083,-0.005185443600441122,-0.06604281356883908,0.06265851855278015,-0.11178560256958009,0,-0.08,True,-0.05914005926030878,-0.11419931718650148
874.86,12.076455116271973,-0.058138154447078705,-3.000700835287744,-0.0003381117419787197,0.0006471381498558748,-0.007094439179713822,-0.0044336658605814445,-0.0722286508905425,0.07004163563251496,-0.049746373891830446,0,-0.08,True,0.0034796843103185476,-0.20021367505820473
874.88,12.076542854309082,-0.058116935193538666,-3.0019829294232068,-2.150237396984115e-05,0.0006293965634198098,-0.010745315907282576,-0.0012517724464468662,-0.07962389512838366,0.06157297134399415,-0.01497919484972954,0,-0.08,True,-0.010360783804256226,-0.28157426381858586
874.9,12.076661109924316,-0.058087702840566635,-3.003842161707457,0.00026256776531304927,0.0006250771752058525,-0.008888204826127587,-0.0010013090187983838,-0.08705626534711838,0.12550447046756746,-0.03709819972515106,0,-0.08,True,-0.03838924256643534,-0.09345010407940173
874.92,12.077077865600586,-0.05817960575222969,-3.005873543571897,0.0006020922104458301,0.0011620513138525155,-0.009723284563009827,-0.0002773352422514282,-0.08856875467430546,0.04607897102832795,-0.034427511096000674,0,-0.08,True,0.05234012565007618,0.0233522684765118
874.94,12.0771484375,-0.05796116963028908,-3.007665336515517,0.0002520089851377922,0.000554461910717831,-0.01016557858503022,-0.0027777914297646613,-0.07970465921689847,0.0009836196526885033,-0.09774757683277131,0,-0.08,True,0.048484367994418735,0.12944028293371654
874.96,12.077310562133789,-0.057989705353975296,-3.009068429797155,0.000471556747440347,0.0007324583523729406,-0.006558105855274339,-0.0019225127311204857,-0.07775571365026177,0.08551753222942353,-0.03745503157377243,0,-0.08,True,0.12924914686462066,0.19550534315962767
874.98,12.077437400817871,-0.057758878916502,-3.010218534444812,-2.079675585827606e-05,0.00044666102277371087,-0.005009455386572104,3.6179137901585015e-05,-0.07670104271241576,0.06351986795663835,-0.016946156173944474,0,-0.08,True,0.16634613201869985,0.11566999660120512
875.0,12.077577590942383,-0.05795782804489136,-3.012094000663921,0.0005136106459516279,0.00045586875197395663,0.000616647186165116,0.001781163477086349,-0.07292832722152724,0.1097618079185486,-0.00887443333864212,0,-0.08,True,0.20714682860053757,0.11103700415346625
875.02,12.077546119689941,-0.05791154131293297,-3.0138014199325047,6.847783307794283e-05,0.00026020775248811076,0.003142111976453665,0.008178112777773411,-0.07045105948881047,0.056844533681869515,-0.03602028787136078,0,-0.08,True,0.24660345119548482,0.21197211538314184
875.04,12.077280044555664,-0.058137375861406326,-3.0149026959748717,0.0002185091883859799,-0.0004574784701028533,0.010013640432753592,0.00681876285517667,-0.06887275331799254,0.049031725525856024,-0.04335959136486054,0,-0.08,True,0.17787319857446088,0.10197341351285177
875.06,12.077271461486816,-0.05843982845544815,-3.0158546192039117,0.0005322493307464962,2.4513384972438328e-05,0.01471882070904874,0.013018817699277787,-0.05974327348177984,0.06886144131422044,-0.09027815103530884,0,-0.08,True,0.17489077930862457,0.0825660735747369
875.08,12.076851844787598,-0.05860017612576485,-3.0176038209293634,0.00042206909250370165,1.790122367804527e-05,0.014846503072129267,0.012034939896062073,-0.06477045414049493,0.014645124077796938,-0.0648696255683899,0,-0.08,True,0.07836131652705523,0.17552576561728586
875.1,12.076508522033691,-0.05909249186515808,-3.0185808818110496,0.0006668924102867838,2.851373931501923e-05,0.017133374321150786,0.008976139712005839,-0.06384577360282814,0.08881768703460695,-0.06726785928010941,0,-0.08,True,-0.032580362241578016,0.045710361637610795
875.12,12.076220512390137,-0.059239666908979416,-3.020084332306114,0.00018293027666703305,0.00040058662023253686,0.016282545754921218,0.011488060844361927,-0.05483069206860249,0.07638861417770386,-0.0030406377464532856,0,-0.08,True,-0.09025465530927068,0.2009477657544217
875.14,12.07599925994873,-0.05932067707180977,-3.0209622810921406,-0.00018560753773177183,0.00034676155065830916,0.012112391729721166,0.004029578021900157,-0.0560864445507691,0.07452075600624085,-0.007679812945425511,0,-0.08,True,-0.1293867391684152,0.20448444151368952
875.16,12.07567024230957,-0.059670332819223404,-3.0219902762948476,0.00011753512520304001,-0.00023529302253756502,0.007626130647394179,0.004711336183064824,-0.04869463288015581,0.018445653319358827,-0.00308936607092619,0,-0.08,True,-0.19240569233100122,0.14516810503440558
875.18,12.07558536529541,-0.05952912196516991,-3.023067797375107,-0.0005945447998175215,-6.955164571729475e-05,0.006782435187686985,0.005238282872092918,-0.04748701828174786,0.023482795581221582,-0.0004362156800925732,0,-0.08,True,-0.14438797015793112,0.25777127060072325
875.2,12.07565975189209,-0.059686675667762756,-3.0239799029365284,-0.0006417647126397606,0.0002183611095413571,0.0008900903684332475,0.004891668367263233,-0.043217243665844104,0.053279250562191016,0.0003316714242100716,0,-0.08,True,-0.06961027140202013,0.28969445864093746
875.22,12.075510025024414,-0.05980096012353897,-3.0247612425546824,-0.0007753780963412461,0.0001001821278560196,0.0005613541170807672,0.005805618680081784,-0.03546474290270069,0.009849718511104584,-0.0065718089789152155,0,-0.08,True,-0.08595337038507873,0.22303665676849121
875.24,12.075645446777344,-0.060067318379879,-3.025447655788117,-0.00045010283528145806,0.00029018087432983343,0.0020573089352297195,0.008169570201995276,-0.025519076188868957,0.0528796873241663,-0.004618782829493285,0,-0.08,True,-0.04395199622371661,0.13837888001291776
875.26,12.075594902038574,-0.05999564006924629,-3.0259049768073245,-0.000973172993857026,4.5209571774234256e-05,-9.383444312283237e-05,0.006318445538648324,-0.029644085740259434,0.06157924495637417,-0.008985472731292249,0,-0.08,True,-0.03598078284922907,-0.053375937248849724
875.28,12.07557201385498,-0.06035491079092026,-3.026021429031636,-0.0005333341546830677,-0.00013259250225798025,-0.002626069329460883,0.004670496708982146,-0.03214693326482075,0.05088346730917693,-0.007154625691473485,0,-0.08,True,-0.06602796854380225,-0.31660372331417097
875.3,12.075575828552246,-0.060302190482616425,-3.027132769413901,-0.0007383838242092159,-0.00031651869847864505,-0.0023171085108549404,0.0053126628959182225,-0.03973481788260479,0.009306972548365594,-0.03691730257123709,0,-0.08,True,-0.011863770413245874,-0.3058777504958491
875.32,12.075897216796875,-0.06041423976421356,-3.028019410449304,-0.0005573990475562885,0.0002456341296085289,-0.003224928548277162,-0.0005031946405277985,-0.05084737405401559,0.0056149143725633625,-0.046705266237258916,0,-0.08,True,0.09011031700502141,-0.2811440628833097
875.34,12.075827598571777,-0.0603967010974884,-3.0290837622379345,-0.0004497992924118904,0.00024470441302301015,-0.0010429360761829878,0.003404673205257436,-0.05411430577993988,-0.00024741366505622866,-0.03539392590522766,0,-0.08,True,0.10507060725386985,-0.17570838871863592
875.36,12.075823783874512,-0.06028567627072334,-3.0300892189559594,-0.0005508914050141855,0.0003401150080248505,0.004582756030944517,0.0008615726796983377,-0.05463845829549703,0.007006474249064923,-0.06417378813028336,0,-0.08,True,0.14757685162321665,0.05204384993499195
875.38,12.075689315795898,-0.060563474893569946,-3.0314619138762984,1.4189931051927825e-05,0.0002768547456890603,0.006088540069458948,-0.002315725394985499,-0.05379148898010285,0.03286785293370486,-0.0376414093375206,0,-0.08,True,0.06886394494775902,0.11848561641233088
875.4,12.075540542602539,-0.06052353233098984,-3.0323904871129397,-9.449721648179777e-05,0.00019970782310666652,0.008581219581569433,-0.0011422648063602735,-0.04668386605922002,0.04885739952325822,-0.004838674664497376,0,-0.08,True,-0.02258829130768146,0.11448647526510894
875.42,12.075323104858398,-0.060266099870204926,-3.033387081356339,-0.0004938954663902168,0.00013856985944945226,0.004466179519632723,-0.0076762359287379615,-0.04463545646696203,0.04940151870250702,-0.007249903604388238,0,-0.08,True,-0.07032030399971363,0.1177162093349307
875.44,12.0751314163208,-0.06026965752243996,-3.033823928240699,-0.0001853656213416608,-0.00041794851411032947,0.002775692726329076,-0.010696098825804079,-0.04547954027428363,0.06043432869017125,-0.03305840536952019,0,-0.08,True,-0.12950640068305524,-0.05960941653707731
875.46,12.075267791748047,-0.05999155342578888,-3.035032750393657,-9.379543148749046e-05,0.0001178476912328083,0.0004629157494789797,-0.005759712908669945,-0.04437419223330358,0.009186577498912812,-0.004900684803724289,0,-0.08,True,-0.06077000236380237,-0.10052738514981803
875.48,12.075227737426758,-0.05969669297337532,-3.0360288503348842,-0.0004513063890150686,7.12831555202216e-05,-0.0017792924730802863,-0.008194122854126495,-0.05145261938218865,0.08279773950576783,-0.011010706052184106,0,-0.08,True,-0.038277164551717584,-0.11309985937885177
875.5,12.075237274169922,-0.059811875224113464,-3.036937016735005,7.858080458865502e-05,8.305265291400546e-05,-0.00039542066947395344,-0.004563299218089023,-0.052677647278951585,0.08279773950576783,-0.011010706052184106,0,-0.08,True,-0.025691473024508287,-0.22985978701930423
875.52,12.075203895568848,-0.059602778404951096,-3.0379401377912703,-0.00022081610013220573,-6.167903929969225e-05,-0.0002864804378055458,-0.00413652629605704,-0.05452752902458354,0.053166750073432925,-0.01765414968132973,0,-0.08,True,-0.022414965634332824,-0.23875532494077567
875.54,12.075261116027832,-0.059625182300806046,-3.0392469621759695,-7.366110018061141e-06,-6.667808292554516e-06,-0.001592402092479814,-0.0025531340700666433,-0.06276297519483119,0.047373347282409675,-0.034834943860769275,0,-0.08,True,-0.061655305017753306,-0.3328535838092037
875.56,12.075216293334961,-0.059365175664424896,-3.040391052656847,-0.0005900321910333919,-0.00018694733818924858,-0.0035724897238252813,-1.7561357085338217e-05,-0.07055304537743333,0.0025138686597347263,-0.0461187019944191,0,-0.08,True,-0.08789951512052051,-0.3944446658661772
875.58,12.075343132019043,-0.05959567800164223,-3.041958054750594,8.463770051201936e-05,-9.372782878514679e-05,-0.005327845070896741,-0.0022429544197180616,-0.0793059339837015,0.02762723341584206,-0.07168991684913636,0,-0.08,True,-0.08399366471492037,-0.34282322965762063
875.6,12.075488090515137,-0.059572506695985794,-3.043584381421468,0.00032441123082950957,-0.00010248834376268729,-0.007318441647450784,0.0026839394259769913,-0.08608310229389386,0.029738523811101918,-0.0383751617372036,0,-0.08,True,-0.029718287591554985,-0.22923152458660512
875.62,12.075667381286621,-0.05940423905849457,-3.045591436894669,6.387170236518592e-05,0.00033822007402946374,-0.008311895269676881,-0.0021194104126025706,-0.09018883356745487,0.0037963454425334934,-0.029575948119163517,0,-0.08,True,-0.053912466543517355,-0.008492195491195072
875.64,12.075819969177246,-0.059521570801734924,-3.047277700840362,0.0005354567449086919,-2.4339418390105187e-05,-0.0059499527311508964,-0.0017594901800161923,-0.08889156734437112,0.011754772439599038,-0.03543016463518143,0,-0.08,True,-0.049989706035360466,0.07084097123608066
875.66,12.07598876953125,-0.059363167732954025,-3.049173161435984,0.00017251730247136318,1.652968032594064e-06,-0.009640842394374207,-0.0010696771789747038,-0.07998530962299649,0.0028108062595129015,-0.03248012006282807,0,-0.08,True,-0.08989780251018636,0.15741059408094552
875.68,12.075948715209961,-0.05938754603266716,-3.050695706809011,0.0004727429412641639,-0.0005846279494880649,-0.011317618130275984,-0.003870417383674235,-0.08041582459501256,0.005709755886346102,-0.015796265453100207,0,-0.08,True,-0.14673186582261097,0.09173942291394757
875.7,12.076427459716797,-0.05924785137176514,-3.051990261664512,0.00041192972828692486,-0.0001792713068720845,-0.01550371947049547,-0.002708239831905923,-0.07759598604097279,0.062380069047212605,-0.048429695516824724,0,-0.08,True,-0.09146701000237734,-0.050339872715005334
875.72,12.076693534851074,-0.05913102999329567,-3.0537109668079663,0.0005246969043963451,-0.00022178389395820873,-0.01768850199696578,-0.002593236523477649,-0.08155241351125156,0.10064794570207597,-0.0443862670660019,0,-0.08,True,-0.058119574385382754,-0.025730358554821642
875.74,12.077204704284668,-0.05903639271855354,-3.055380840319265,0.0006147997309434917,0.00014415449562547414,-0.016958203194568137,-0.002806847205100471,-0.08401249944019898,0.012512688338756562,-0.06645263910293579,0,-0.08,True,0.08861652959338416,0.030660969712824122
875.76,12.077340126037598,-0.059056688100099564,-3.0572198998899145,0.0011538250324313007,-0.0003910623893054282,-0.015967184081108983,-0.001932267277594327,-0.08247425327939935,0.05318067755550147,-0.05122165590524674,0,-0.08,True,0.14848217025325566,0.0695295498688158
875.78,12.077759742736816,-0.05890732258558273,-3.0587112616197216,0.00128523082768577,0.00023216350165688944,-0.008414397103031185,-0.0043814835719438484,-0.07514310846394909,0.017063835561275484,-0.08019794493913651,0,-0.08,True,0.24448687403249286,0.21073550934734572
875.8,12.077953338623047,-0.05886935070157051,-3.0603089070703122,0.001153659131913653,0.00012367884865236567,-0.0058099283767161294,-0.0034888734604284193,-0.07599004952175135,0.07967611849308015,-0.05610997915267945,0,-0.08,True,0.325156483917655,0.2485593363768834
875.82,12.07784652709961,-0.058631349354982376,-3.061392288996384,0.0006400692846691838,-0.00027982404822004257,0.0026007467280412993,-0.006626726263213512,-0.0671536586924027,0.009603161215782167,-0.0928592535853386,0,-0.08,True,0.2414176927240826,0.0865970387806294
875.84,12.077780723571777,-0.0587407611310482,-3.0632991038516577,0.001007269508923139,0.00011445129594102743,0.010045334632316726,-0.007608202004561118,-0.0625895063692385,0.08983297854661942,-0.07399843513965608,0,-0.08,True,0.22667962439612807,0.14569046519227613
875.86,12.077509880065918,-0.05839555710554123,-3.0640835543151166,0.0005243091760701818,-6.288320035000098e-05,0.010899018314905303,-0.008539706377351441,-0.06821534536149519,0.04671460494399071,-0.007474484741687775,0,-0.08,True,0.12800233122185728,-0.08556435310575564
875.88,12.077104568481445,-0.05832541361451149,-3.065316067579854,0.0007426220443701488,-0.00039199296738336306,0.012324441574983391,-0.01113159916580736,-0.0643348123063633,0.024976448863744737,0.0006325805559754372,0,-0.08,True,0.020947046333493088,-0.25569667298569926
875.9,12.076924324035645,-0.05801773816347122,-3.0668495166252985,0.0005201589773928754,0.00019538010534210672,0.012840933225780567,-0.007795549546587502,-0.07399880694085692,0.06559613168239595,-0.005118589699268342,0,-0.08,True,-0.004056597253567207,-0.28925124600719593
875.92,12.076729774475098,-0.05792795494198799,-3.068445888836162,0.0004990896723679875,0.00023269259959142897,0.01172109833899465,-0.007241176489618488,-0.08304524020807584,0.04206604331731797,-0.012872720882296563,0,-0.08,True,-0.0027045284879632795,-0.37378918262907923
875.94,12.076438903808594,-0.05785036459565163,-3.070003458870388,0.00035677788529177464,5.445556290928661e-05,0.01057449053461976,-0.008536294519072467,-0.0913554450420827,0.09133415400981904,-0.0065370112657547,0,-0.08,True,-0.0523958751415049,-0.1476583260246459
875.96,12.076127052307129,-0.057816196233034134,-3.0719596867965033,0.000357067562216091,0.00011496743114744954,0.012108079295946218,-0.00801199246271468,-0.09423794691670494,0.0642716708779335,-0.04393751785159111,0,-0.08,True,-0.02376807343513132,0.05350668141127297
875.98,12.076031684875488,-0.05739709362387657,-3.074157952228669,-0.0004501935814891376,0.00039605824738852055,0.00864926321445803,-0.00868569476564815,-0.08581147302283464,0.14473197996616366,-0.07323009312152863,0,-0.08,True,0.0035645850205216615,0.30046969334482976
876.0,12.075718879699707,-0.05735594406723976,-3.0759849245895023,-0.000494305265380294,-0.00011629049513736687,0.009819652464183171,-0.005825855633842012,-0.07876470569517181,0.07682970821857453,-0.006556808948516847,0,-0.08,True,-0.03484501865419176,0.3872198800038295
876.02,12.075701713562012,-0.057203713804483414,-3.0768683767122087,-0.0007440313518959136,0.0004259558748608722,0.010859657336261234,-0.0007249586842341481,-0.06731786957451819,0.07047905176877976,0.007026902474462987,0,-0.08,True,0.03154798512169694,0.31441782776182653
876.04,12.075312614440918,-0.057402633130550385,-3.0782608632521113,-0.0005528335926259399,-3.692144081252788e-05,0.009320477803613413,5.479016689195412e-05,-0.06326035651642675,0.060368371009826664,-0.0533878105506301,0,-0.08,True,-0.03130336991220221,0.25164284127448056
876.06,12.07516098022461,-0.05739540979266167,-3.0795433817946254,-0.0006654597022001489,0.00031476368535206765,0.01117310202419149,0.0002814478865604404,-0.06065804680191139,0.06186867862939835,-0.0646182680130005,0,-0.08,True,-0.04795304836515626,0.03203992339986537
876.08,12.07497501373291,-0.05740750953555107,-3.081045753110819,-0.0007211637288750442,0.00032658069896232176,0.007315382871205713,0.0016813285846412162,-0.05863327839320307,0.08143093585968018,-0.017845152989029885,0,-0.08,True,-0.07133247255901551,0.07464364479322037
876.1,12.074810981750488,-0.05728161334991455,-3.081721020456364,-0.0013017253645847293,0.0002844360471401359,0.007023413467046771,0.0012174715134917666,-0.06475467570252764,0.008057214617729187,-0.008652449473738671,0,-0.08,True,-0.05761620286505035,0.011166640778474431
876.12,12.074736595153809,-0.05757230520248413,-3.08295152552357,-0.0007454996038337638,-6.32882786897769e-05,0.0036138799988892534,-0.0010916347620055953,-0.05728886493296607,0.006640945971012116,0.007318201046437026,0,-0.08,True,-0.048854085089048385,0.017252415996794796
876.14,12.074605941772461,-0.057526253163814545,-3.0847237558508303,-0.0008522006644806149,-0.00015975706684014034,0.006563805794985104,-0.001736218321807632,-0.05976471553963298,0.01077010188251734,-0.004773459136486054,0,-0.08,True,-0.07056108809229465,0.22616525598854303
876.16,12.074681282043457,-0.05733727291226387,-3.085628862305452,-0.0008706538225863332,0.00041349410519965794,0.003407056064085397,-0.0056781997236832246,-0.05725308511346074,0.07083805322647095,-0.04029699049890042,0,-0.08,True,-0.016175612530403706,0.08068535761382975
876.18,12.074278831481934,-0.05717278644442558,-3.0865021976995304,-0.0008204828455620553,-0.00044593260549935634,0.001378526419668333,-0.008343014066016126,-0.04666145522346066,0.0029451911151409152,-0.00705938220024109,0,-0.08,True,-0.1249394459045559,0.09143066598743174
876.2,12.07443904876709,-0.057134006172418594,-3.087531772332649,-0.0004898777506627033,-5.309016795214202e-06,0.002319830996456295,-0.006548517454437885,-0.050834036323856385,0.043197464197874076,0.0011084287613630295,0,-0.08,True,-0.055985647828930694,0.07943494606794939
876.22,12.074459075927734,-0.05686589702963829,-3.088456672268709,-0.0006759547215918717,-7.2752082257209e-05,-0.003431349877384483,-0.007504869350449723,-0.0524502622606347,-0.00318125031888485,-0.043688370585441595,0,-0.08,True,-0.02597089966826815,-0.049210014589436635
876.24,12.074467658996582,-0.05682418495416641,-3.089695585211363,-0.00023366469799341124,0.0001873627439679599,-0.0010717957622313492,-0.010752115039515934,-0.05089828942802154,0.05033912882208825,-0.01956132680177689,0,-0.08,True,-0.052120215321529696,0.006019276334731226
876.26,12.0745210647583,-0.05655866488814354,-3.0906982186803833,-0.0004180001132544014,0.0002693255824788086,-0.0006991455537941819,-0.007867065942991146,-0.0505982563906176,0.005277767814695836,-0.046970789358019835,0,-0.08,True,0.005576825435722101,0.02421972330552838
876.28,12.074480056762695,-0.0562705472111702,-3.091603635486887,-0.0006306433405361631,0.00030536116542614905,-0.001849786229262288,-0.006197454607795648,-0.050352494217078325,0.005277767814695836,-0.046970789358019835,0,-0.08,True,-0.043770863173145706,0.0026361874422280553
876.3,12.074482917785645,-0.05623450130224228,-3.0925045327799547,-0.000643569689923865,-0.0001565948436188989,-0.0029852038425271206,-0.00610166331019955,-0.05051268439619419,0.017276134938001633,-0.02732845008373261,0,-0.08,True,-0.05086955144909942,-0.0599081845863965
876.32,12.074590682983398,-0.05632161349058151,-3.093723784748731,-0.0001668205885519853,0.00026707142022607265,-0.004573464816084797,-0.0015472268388952856,-0.05068739443264319,0.0669430959224701,-0.04349743038415909,0,-0.08,True,-0.04893340559526632,-0.07858786590946996
876.34,12.074735641479492,-0.056059401482343674,-3.094739233432081,-0.00045420374131206124,0.0002473266642012588,-0.004768709669724217,-0.002186193447024999,-0.05539091115753177,0.007575125396251679,-0.043548283725976945,0,-0.08,True,-0.02224384533581544,-0.15984944031327875
876.36,12.07483959197998,-0.05612940341234207,-3.0956586270415007,-0.00021841400462637093,0.000297754072985679,-0.005764458676885596,-0.0023489350220256195,-0.05663952348983914,-0.005732410177588463,-0.014709528610110285,0,-0.08,True,-0.08386575779637108,-0.23363393152518303
876.38,12.07485580444336,-0.05604192987084389,-3.0969358056725595,-0.000287398930588741,-0.00014698107264742068,-0.004764711469393266,0.0025916993269493936,-0.06330063962126303,0.0958543947339058,-0.06329505264759064,0,-0.08,True,-0.13959466264348125,-0.2591795517945311
876.4,12.075042724609375,-0.05611272156238556,-3.098254946627914,-0.0003681183243115266,-0.00046517068441471424,-0.011282725439788381,0.00699587492305687,-0.06937810895464083,0.049896043539047245,-0.0431252944469452,0,-0.08,True,-0.12850586678774192,-0.37837638469886414
876.42,12.075125694274902,-0.05624951422214508,-3.0998032846017773,-0.00028583783317903466,-0.0007366295387075414,-0.01593628268119256,0.009797283427615926,-0.0761252753010754,0.0024913793057203294,-0.03675676167011261,0,-0.08,True,-0.15863683787275912,-0.34924310517517654
876.44,12.075765609741211,-0.05664944276213646,-3.101208875757875,0.0006146405533584166,0.00022363276926012663,-0.01604492801991021,0.010379155520311429,-0.08690963426576376,0.003317988365888596,-0.03291635751724244,0,-0.08,True,-0.016244878237191885,-0.26978772248653005
876.46,12.076162338256836,-0.056771766394376755,-3.1030258276966487,0.0008412482944159193,0.0005412462595388046,-0.017455658499220487,0.00828652657846103,-0.09124008803529145,0.08774312973022462,-0.08105405181646348,0,-0.08,True,0.09233934242222622,0.03596504229546603
876.48,12.076358795166016,-0.05689055472612381,-3.1052077173691788,0.0009778816959539983,-0.00011012619491567737,-0.012582315698764397,0.0030206092148608904,-0.09096112675357428,0.012173513770103455,-0.034062720537185676,0,-0.08,True,0.11755990773812906,0.347750329144141
876.5,12.076546669006348,-0.05685809999704361,-3.1071024916446044,0.000992012432335778,-0.00035914944248522686,-0.008549135287410683,0.0014772035209504224,-0.07324807191743665,0.0028233597427606586,-0.10367720186710358,0,-0.08,True,0.16644342366809142,0.5764334175578858
876.52,12.076780319213867,-0.05685431510210037,-3.108485765898154,0.001113289149111356,-0.0004192147786316877,-0.0066401354008684375,-0.0024164279290406886,-0.05908960793425778,0.044018887057900434,-0.09895101726055146,0,-0.08,True,0.15265676111913515,0.6401751509474387
876.54,12.076849937438965,-0.05686628818511963,-3.1088856734500383,0.0009308009875147841,-0.00024578017757227163,-0.004140184605785283,-0.0018657639916614724,-0.04512541463070253,0.05191087603569031,-0.009843649864196778,0,-0.08,True,0.11981738346903577,0.31311615716241953
876.56,12.076883316040039,-0.05667976289987564,-3.109934886003915,0.0007225248507430272,0.00014083641217860714,-0.0003697748092446915,-0.003390858831496032,-0.039747114677825754,0.01431571274995804,-0.04357353881001473,0,-0.08,True,0.09342014382509752,0.020969406200389694
876.58,12.076872825622559,-0.056698087602853775,-3.1107125248150624,0.0006150326663710718,-0.000424625930352933,0.001036255390117082,-0.000816231400337746,-0.04819877934443027,0.0038428840786218646,-0.027451475262641908,0,-0.08,True,0.10479013653631838,-0.24172194039550735
876.6,12.076801300048828,-0.0565822459757328,-3.111665535072382,0.0001545901897749979,-0.0002671148524310567,0.0008334761051431874,0.000352869497921171,-0.057412055438225744,0.06119084216654301,-0.031363341957330704,0,-0.08,True,0.06181788468624329,-0.35169205463052244
876.62,12.076765060424805,-0.05680358037352562,-3.1127415757975947,0.0007490566117687653,-0.0003146012602564335,0.004243026317124476,-0.0013295271623954353,-0.06446316986235301,0.008810279928147794,-0.024781600236892704,0,-0.08,True,0.05257025077679947,-0.32721096040507464
876.64,12.076817512512207,-0.05670997500419617,-3.1145278504389755,0.0006323167034636874,7.85340315481617e-05,0.004575655965657301,0.00030539461097768116,-0.06788247904828194,0.006679236441850663,-0.04273750081658364,0,-0.08,True,0.10937805774171681,-0.21560725980704612
876.66,12.076530456542969,-0.05660156160593033,-3.115869578404046,0.0005502352842877905,1.4885952855941867e-05,0.005241875452257214,-0.00344141085665742,-0.07437565617681244,0.02668568253517151,-0.04758720606565476,0,-0.08,True,0.032028402841111824,-0.2586878310581246
876.68,12.076436042785645,-0.05661657452583313,-3.1170961333962395,0.0003777873264379923,0.0002566345025691843,0.009583720724472574,-0.00014621942166846426,-0.07466063622277375,0.0399203072488308,-0.06806704938411713,0,-0.08,True,0.020630274564745876,-0.3006507137341122
876.7,12.076338768005371,-0.0565391443669796,-3.1186916282917427,-0.00014332249603945052,0.00036830373379075803,0.006805298544414733,0.0029778221525351314,-0.08515819634701356,0.004902618154883385,-0.009767205566167832,0,-0.08,True,0.03946114852648645,-0.26564052045545156
876.72,12.076050758361816,-0.05671706050634384,-3.1205007013368005,0.00019430175505711017,-8.052902117142819e-05,0.006226077930837816,0.0006585510547505782,-0.09193453614702322,0.09300115644931795,-0.00359027273952961,0,-0.08,True,-0.02909954705997467,-0.22040460057037686
876.74,12.0759916305542,-0.05685219168663025,-3.1226822341118106,0.00030361189087819675,1.4373931035862205e-07,0.008398767334377746,0.0021520882140054374,-0.09562689781325943,0.09298324465751649,-0.0479815473780036,0,-0.08,True,0.022214452172352704,0.09423681692624226
876.76,12.075939178466797,-0.056679751724004745,-3.124450896288005,-0.0004988710157774318,3.6248999639458615e-05,0.00725575695967341,0.002481136257456083,-0.09229300426841291,0.02800451070070267,-0.04821962833404542,0,-0.08,True,0.05413034893891684,0.2271720123777705
876.78,12.07567024230957,-0.05672398582100868,-3.1263417801167965,-0.0008509412084224474,6.933419140208706e-05,0.008582454718201333,0.0014576553079941675,-0.07761925099292104,0.04633402839303017,-0.06290455274283886,0,-0.08,True,0.008754704410169905,0.34929809372484033
876.8,12.07547378540039,-0.05692547187209129,-3.127884141678267,-0.0006648897530584134,-2.584825470755754e-05,0.010556505845947224,0.00474876584987112,-0.07376077515681811,0.013568759113550188,-0.03801490232348442,0,-0.08,True,0.004245591573472754,0.3865823266287153
876.82,12.07530689239502,-0.056979261338710785,-3.1288917741912474,-0.0009357694832115269,-4.582504001551334e-05,0.009099143687191696,0.003970282074198445,-0.06768305031525791,0.044833923652768136,-0.007562643364071846,0,-0.08,True,-0.04608985296339404,0.20394242494061604
876.84,12.07509994506836,-0.05707119405269623,-3.1303517583005536,-0.0009914570017192465,8.544317213840371e-05,0.007595404285551404,0.0032965563249611344,-0.06136641813809987,0.04511543929576874,-0.06254906229674817,0,-0.08,True,-0.13265387669430612,0.1905206647983554
876.86,12.074946403503418,-0.05705082789063454,-3.13175642414202,-0.0010560922761705433,0.00015289656175442205,0.004895266481127924,0.0007572942089994749,-0.06130385699766341,0.12249758005142213,-0.08731940925121308,0,-0.08,True,-0.12902479716756493,0.08829283521760059
876.88,12.074869155883789,-0.057196009904146194,-3.1327934551293173,-0.0005291324334485343,6.498818806773941e-05,-5.580428960269401e-05,-0.003632226722772032,-0.05851912197294189,0.04275500059127808,-0.0404678612947464,0,-0.08,True,-0.12098077026677301,-0.07069663506292818
876.9,12.074915885925293,-0.05704369395971298,-3.133796082751056,-0.0005538209257903488,0.000233852838074082,-0.001222840086204109,-0.0008809304250323688,-0.06061962349785629,0.076024589240551,-0.010048186108469965,0,-0.08,True,-0.12630729150602865,-0.12452963055454244
876.92,12.075101852416992,-0.05678058788180351,-3.1350332880583847,-0.0007474718285302814,0.000449544542155596,-0.0020830573357816344,-0.006789374932737173,-0.06702214894312898,0.06984251976013184,-0.006973101124167443,0,-0.08,True,-0.03988849856293167,-0.12257919399046102
876.94,12.075043678283691,-0.05697959288954735,-3.136605994021851,-0.0002116808561095507,-4.008015605053294e-05,-0.005209316839359538,-0.004742267297836936,-0.0712662274420319,-0.0026793751493096353,-0.03871800769120455,0,-0.08,True,-0.07527076818549343,-0.038308975526763545
876.96,12.075032234191895,-0.056651778519153595,-3.1381552270447703,-0.0004790164454706572,-0.00022920861280724742,-0.00324688417463886,-0.0012719762880703954,-0.06832545749218379,0.0034082368016242984,-0.04933299660682679,0,-0.08,True,-0.12641177313722884,0.09388063907592371
876.98,12.07533073425293,-0.056662239134311676,-3.1394973809464215,-0.00015963151345075316,0.00040085236429436463,-0.0072445015410466645,-0.004048050385683825,-0.06368434153999894,0.04385192520916462,-0.03799062252044678,0,-0.08,True,-0.09566635652964954,0.15424276141632134
877.0,12.075361251831055,-0.056677937507629395,-3.140499324657762,-9.936829875010658e-05,-1.9731830664051884e-05,-0.012195999186765115,-0.0008063232437369798,-0.05951169781705124,-0.00872461896389723,-0.03698283910751343,0,-0.08,True,-0.14936406442040207,0.1292491746207039
877.02,12.07562255859375,-0.05665453523397446,3.1414845658345407,2.9918693907806436e-05,-0.00014596583719118445,-0.01286262536172454,-0.0005278669468134295,-0.05892680652873741,0.004208927899599076,-0.0648311734199524,0,-0.08,True,-0.07979804393300786,0.019046903196107544
877.04,12.076007843017578,-0.05658620595932007,3.140269144309457,0.0002535140750804202,0.0003863793190877544,-0.015196009328260157,-0.00240904969958128,-0.05798552352253688,0.05417216803878546,-0.06680747658014298,0,-0.08,True,-0.008407395740621852,-0.021119257205541798
877.06,12.076359748840332,-0.056620121002197266,3.1389737817108703,0.00016890618318124082,0.0005307021911766156,-0.013628345055681487,0.0010220157039054596,-0.06216058928431172,0.002213419266045094,-0.07610800445079804,0,-0.08,True,-0.03553109196984488,-0.01844800238050925
877.08,12.076577186584473,-0.0564868226647377,3.1380471406400194,-0.00013509134702014919,0.0006089416597839331,-0.012868590846015207,0.0016436641230287733,-0.06120123839349545,0.012157695963978768,-0.01178589016199112,0,-0.08,True,-0.015675907785873123,-0.17993068835447412
877.1,12.076712608337402,-0.05673915147781372,3.1365117186917932,0.00035909418497849987,0.00021364581387291523,-0.015705112719313585,0.0009932398130487027,-0.06040264671917891,0.004826316758990288,-0.05063803106546402,0,-0.08,True,-0.058984416539135776,-0.17134853378223527
877.12,12.07703685760498,-0.05672134831547737,3.1353730452379747,0.00019385025134078076,-2.9457773673920498e-05,-0.01645008195113065,0.0017368970074418493,-0.07237997859090217,0.009782727137207986,-0.0560800176858902,0,-0.08,True,-0.07797116975925723,-0.32401780796545826
877.14,12.077615737915039,-0.056705962866544724,3.1341415699733335,0.00023901250203635667,0.0005383581622384327,-0.018347098378814763,3.7500429373423986e-05,-0.07586847198689756,0.0010389603301882745,-0.03637372866272927,0,-0.08,True,-0.008427774094352584,-0.40068768921849146
877.16,12.077892303466797,-0.05663395673036575,3.1322567423527525,0.0003076752693032972,0.0006129245382460958,-0.019106284426750112,-0.0004067500055009649,-0.08712266303070854,0.047092901840806015,-0.025209621340036393,0,-0.08,True,-0.016368300157597798,-0.0610934323664859
877.18,12.078180313110352,-0.05675308778882027,3.130442240932847,0.00068452592557756,0.0004898408916577672,-0.016379334646861178,-0.0054388896153402325,-0.09245766185662907,0.017656576931476594,-0.05592159867286683,0,-0.08,True,0.08169765635286813,0.17826413312083075
877.2,12.07856559753418,-0.056703079491853714,3.1284032321955144,0.000879918767004639,0.0006016012304196124,-0.017759545963739142,-0.00754795867803315,-0.07726745318022354,0.006464916616678238,-0.0483716031908989,0,-0.08,True,0.11210036399043223,0.5372061201906597
877.22,12.078930854797363,-0.05628548935055733,3.1267449570247994,0.00044191485082902763,0.00040165247281408667,-0.011811285870581969,-0.009881206857957911,-0.0616073413372238,0.061232163831591614,-0.042392648756504066,0,-0.08,True,0.08559136693394065,0.7258806986841154
877.24,12.079320907592773,-0.056048911064863205,3.1260753460983315,0.0006085027407020414,0.0004584148521511018,-0.010138255307510946,-0.01125039245852155,-0.04414617341543377,0.012312282696366311,-0.0164931657910347,0,-0.08,True,0.14655568979192343,0.5569130126181207
877.26,12.079136848449707,-0.055976707488298416,3.1255136536258665,0.0008828669226321681,-0.0007207467830493903,-0.009532025292142423,-0.0070429294837425415,-0.03438720596187013,0.012312282696366311,-0.0164931657910347,0,-0.08,True,0.02961733728025071,0.3400210538356784
877.28,12.079390525817871,-0.055815741419792175,3.124871538322283,0.0006096450836181066,-0.000591368548388546,-0.00603509078039593,-0.005568690430335932,-0.032714412170814416,0.003649077229201794,-0.061674185693264015,0,-0.08,True,0.02277295409604173,0.18963196109524802
877.3,12.079702377319336,-0.055734388530254364,3.1239939805478523,0.000646802096036933,-0.0001706893049212255,-0.009441898888164067,-0.007504883067833944,-0.03440565703039427,0.04516078164801002,-0.020781969726085665,0,-0.08,True,0.06578913093135189,0.09769627514611974
877.32,12.079811096191406,-0.05561155080795288,3.123458193124665,0.0006300197384095235,-0.00019302487857878075,-0.008316418979826675,-0.006234065444536371,-0.028975616527806166,0.04759032448753715,-0.016442232131958008,0,-0.08,True,0.037293606140653905,0.02390284390035593
877.34,12.079902648925781,-0.05538970232009888,3.1227612010634336,0.0005290727112808881,-0.00028202293021368895,-0.004268894817631579,-0.00757319317364006,-0.026571503950176552,0.0853186458349228,-0.0083122219145298,0,-0.08,True,0.09245071658259509,-0.03321844403332544
877.36,12.08006477355957,-0.05532916262745857,3.1225534890000572,0.0008263028428936989,-2.046311295880494e-05,-0.0030516022891420914,-0.008177358597311012,-0.030802184658784964,0.07126391410827637,-0.010888528246432544,0,-0.08,True,0.1356194323481971,-0.2884921744233005
877.38,12.080055236816406,-0.05513507127761841,3.121868260231837,0.000460467152709531,-1.4174169272000708e-05,-0.0020458415615526764,-0.008108671274496278,-0.037063132553061665,0.0035074028000235563,-0.010351095870137215,0,-0.08,True,0.09674775985153575,-0.4432168698287013
877.4,12.08006763458252,-0.05496212840080261,3.1209940183519644,0.0003274975165573117,-2.8668506405191893e-05,0.002533135608019224,-0.007205473597600827,-0.052054990481649216,0.052431661486625675,-0.010556114539504053,0,-0.08,True,0.07187319131675449,-0.46414164310013484
877.42,12.080079078674316,-0.05474436283111572,3.1197961504591913,0.00017345995706471035,9.12575037770362e-05,0.0034709259704842417,-0.007161498125588208,-0.06202885353644041,0.06390285924077034,-0.04313163220882416,0,-0.08,True,0.08232719584873166,-0.4457936508904484
877.44,12.079874038696289,-0.05474867299199104,3.118389089761523,0.0004989305260329926,-0.0003311464218864404,0.002698253016201209,-0.0068258056204458795,-0.06793351610681475,0.056271805912256244,-0.04472430258989334,0,-0.08,True,0.026541122730809462,-0.26477907546672586
877.46,12.079790115356445,-0.054556235671043396,3.1169059519489193,-3.913769410262169e-05,-0.00037286074745484973,0.004540334106349226,-0.004228012835864367,-0.07272662462431578,0.013343384191393854,-0.03162158280611038,0,-0.08,True,0.04966689829408479,-0.13068224899663775
877.48,12.079864501953125,-0.05441120266914368,3.1155593370634165,-0.00036413067812243386,0.0004246655388275428,0.004656425426485067,-0.0034241463830271086,-0.07323731651899812,0.037646390050649646,-0.1074638706445694,0,-0.08,True,0.11241128384460485,-0.06009879040667685
877.5,12.079724311828613,-0.054397258907556534,3.113978020489243,7.205572980819692e-05,0.00013150518738745974,0.007444277834013058,0.001626292142746658,-0.07248343345617678,0.006351631730794907,-0.010872265696525574,0,-0.08,True,0.11895320343284073,0.03212744915875751
877.52,12.079508781433105,-0.05446513742208481,3.1125301044400087,0.00014613291170070749,0.00010474507963868954,0.011691155723761417,0.0035645396455929587,-0.07274141933934453,0.09146801054477692,-0.09772573471069337,0,-0.08,True,0.15015397817207166,0.0936830929678728
877.54,12.079191207885742,-0.05466984584927559,3.1111072772724304,0.0002745354577237889,0.0001581653088150084,0.01405659038096783,0.0036746099110764032,-0.07015642869161752,0.0628628832101822,-0.05674367606639862,0,-0.08,True,0.11085339148417443,0.02099472038859554
877.56,12.0789213180542,-0.05466906726360321,3.109740023516274,-0.00025766754773683126,0.00033972996423715067,0.016668743680239875,0.005777083516036513,-0.06574266908157511,0.07285978570580483,-0.04900518745183945,0,-0.08,True,0.016362045317906585,-0.02216912068510647
877.58,12.078591346740723,-0.05465681478381157,3.108365506193911,-0.000657480742436257,0.0004814664988748041,0.01631254915275155,0.004076210558849342,-0.07080385582508827,0.03902966290712357,-0.0058680660277605065,0,-0.08,True,-0.03482348795521918,-0.03469820924578403
877.6,12.078161239624023,-0.05488460138440132,3.10727069091348,-0.0003257909667596425,-8.278136809974562e-05,0.013000119349194613,0.004902853453309357,-0.07451494899415395,0.04973523586988449,-0.05766089133918286,0,-0.08,True,-0.1266912403037893,-0.032405501369585095
877.62,12.077876091003418,-0.054952409118413925,3.1054429688064205,-0.0005175180080682501,-0.000168158551173234,0.01127071134454887,0.006650152931229369,-0.07293228543128166,0.0700921791791916,0.0033582898974418643,0,-0.08,True,-0.21097200775144467,0.16308048089337218
877.64,12.077868461608887,-0.0550253763794899,3.103778827596739,-0.0006325969772328668,0.000419025254907781,0.006533444455931546,0.004202299881136615,-0.06833510919114325,0.10157629847526552,-0.027817073166370394,0,-0.08,True,-0.19600024876800656,0.28379389941835165
877.66,12.07767105102539,-0.05515589192509651,3.1025309233594136,-0.0008286788664068485,-6.0546393851388703e-05,-0.0005652114673486723,0.004083518375817395,-0.057757417353630366,0.08654747277498247,-0.02231832936406136,0,-0.08,True,-0.21270617921095658,0.3815548668120759
877.68,12.07762622833252,-0.055200785398483276,3.1018038821781935,-0.000899056883826461,-0.0002242339656913998,-0.0026799005522316487,0.00618201759929128,-0.05181143704070647,0.00566223219037056,-0.009245258122682572,0,-0.08,True,-0.18246846802680722,0.1899574793616307
877.7,12.077908515930176,-0.05528060719370842,3.1008223754181277,-0.0009886084595941086,-6.340665055873783e-05,-0.005745782992336362,0.005437284232858915,-0.042407896086299975,0.00566223219037056,-0.009245258122682572,0,-0.08,True,-0.09013965037498214,-0.051050346015912754
877.72,12.078063011169434,-0.055528074502944946,3.09963391263348,-0.000475499657125372,2.322286900416235e-06,-0.008064032986220498,0.0042244709898674555,-0.053138510842205014,0.004053157791495323,-0.09215132474899293,0,-0.08,True,-0.08735528699005024,-0.16760108598539067
877.74,12.078112602233887,-0.05560924857854843,3.099138291672508,-0.0005334415151274632,-0.00011955895349640577,-0.007776383497350933,0.007230523370466493,-0.061841445034905476,0.012288020625710489,-0.01730290770530701,0,-0.08,True,-0.10055162749804973,-0.4382471662605159
877.76,12.078256607055664,-0.05556550621986389,3.097552801310815,-0.0007567525880160595,-0.0002957613533541204,-0.009668323511439243,0.004941972591163674,-0.06521952391954458,0.08691469371318818,-0.08183750808238983,0,-0.08,True,-0.11397800459457658,-0.31744378029814757
877.78,12.078505516052246,-0.05588493123650551,3.0958750598153397,-6.362094505296518e-05,-0.00033876511920954435,-0.013789913192173025,0.003279590651458903,-0.07746766938710936,0.04929998934268952,-0.038167184889316565,0,-0.08,True,-0.1304048084153344,-0.08871456996669282
877.8,12.078818321228027,-0.05595710128545761,3.0944163507199214,-9.668216674847615e-05,-0.000525686445591108,-0.01718227335377833,0.004739653343039781,-0.07853401326603372,0.04456096075475216,-0.04631494000554085,0,-0.08,True,-0.12692924142743867,0.029668668565606317
877.82,12.079202651977539,-0.0559217594563961,3.092940878121536,-0.00010720916231526951,-0.00020612992554574125,-0.01820876817058302,0.0006507486429935742,-0.06893861063224453,0.04456096075475216,-0.04631494000554085,0,-0.08,True,-0.05149492002456066,0.24914878563768428
877.84,12.079611778259277,-0.05600908026099205,3.091270080249529,0.00020001566852547107,-0.00010914986031640212,-0.01982266282563953,0.0030193656941928044,-0.06284603043429486,0.000983552895486355,-0.07576106727123261,0,-0.08,True,0.04050884037142371,0.41062485664789333
877.86,12.079957962036133,-0.05600777268409729,3.0903599709647573,0.0003637090251956511,-0.0003174036986821764,-0.017909506794139985,0.002185157955384964,-0.05753576653608442,0.008985628150403501,-0.059405690431594854,0,-0.08,True,0.09160047384968954,0.3859115448214139
877.88,12.080389976501465,-0.05627811327576637,3.089388668285175,0.0008235601813724657,-1.942535713898006e-05,-0.013941566124062776,-0.0011628224058611689,-0.04568402473418545,0.0031443711370229724,-0.06685947418212891,0,-0.08,True,0.1418212761087733,0.448154891774214
877.9,12.0806245803833,-0.05616971477866173,3.0883380167986534,0.0004059830997616099,-4.876919510892929e-06,-0.010880730262614522,-0.0016913372621885107,-0.0380656870465595,-0.0032059086300432684,-0.06177804112434388,0,-0.08,True,0.13473769778172398,0.4371675699771568
877.92,12.080730438232422,-0.05597437918186188,3.0876153582707975,9.058698653407778e-05,-0.0002129251686307944,-0.008476960736947986,-0.007719535750095571,-0.026993639092390345,0.014523052014410497,-0.027605777233839036,0,-0.08,True,0.11423285791412316,0.21231372073913823
877.94,12.08083438873291,-0.055918991565704346,3.087314716001031,6.890868283142335e-05,-0.00040497714183646856,-0.007130490971596554,-0.00873051576847709,-0.022562360937893988,0.005414718259125949,-0.04253648549318314,0,-0.08,True,0.09850357314289407,0.05984331174904694
877.96,12.081100463867188,-0.05569803714752197,3.087229177157783,-0.00015116288940448174,0.00015552514812571943,-0.004802937490928248,-0.008270041219476252,-0.028698927075045705,0.000102159446105361,-0.009753418117761613,0,-0.08,True,0.09544943921167562,-0.1754810757000704
877.98,12.081232070922852,-0.055503249168395996,3.086533027923621,-0.000203792812916248,0.0005102325353498978,-0.0030004444111789656,-0.010113047006666454,-0.033278222106633296,7.076745852828027e-05,-0.04082160666584969,0,-0.08,True,0.09421200416142485,-0.28611705436625534
878.0,12.08115005493164,-0.055334631353616714,3.0853194441047926,-5.210522106224997e-05,-7.891333580843997e-05,-0.0008410056000100294,-0.00711374919912079,-0.04103212514840316,0.00497764777392149,-0.011753542125225069,0,-0.08,True,0.02800501676617571,-0.15688547293244565
878.02,12.0811185836792,-0.05512438341975212,3.084652458232503,-8.213105229307131e-05,-0.000146623217803985,0.00040646936131057945,-0.007968702470423082,-0.045451725287173596,0.016733450517058376,-0.03714200653135777,0,-0.08,True,0.0085645699615417,-0.19429406577409172
878.04,12.081199645996094,-0.055133622139692307,3.0839466071459136,0.000211476235507224,0.00010257708862121661,-0.0025625361496362286,-0.007530680711616646,-0.04124976490962994,0.00801731076091528,-0.013973105922341349,0,-0.08,True,-0.016207398035999875,-0.1652362261674076
878.06,12.081235885620117,-0.05486493557691574,3.0828968899006504,-0.00029444639480642005,6.0408166110184494e-05,-0.0023152788142562527,-0.0024618924137663634,-0.0488217473685465,0.008657067716121675,-0.013694655373692514,0,-0.08,True,-0.03653574335743877,-0.13431861504364823
878.08,12.081389427185059,-0.054744988679885864,3.0820194629120206,-0.0003685769145915207,9.908104888454184e-05,-0.0021375974428906827,-0.005807182324277096,-0.05425102324180253,0.004893916770815849,-0.0024338439851999284,0,-0.08,True,0.028277822023682887,-0.32076387911107723
878.1,12.081315040588379,-0.05493863672018051,3.080746718443017,0.0002954983231132461,0.00010365720024031604,-0.002516390107286017,-0.0028034876997796443,-0.05619721449067095,0.007507968954741956,-0.006190144233405591,0,0,True,0.008476042578810511,-0.11975159711638424
878.12,12.081398010253906,-0.054680053144693375,3.079606525286567,-0.00028415730005770915,4.7162290408670554e-05,-0.0003003103877404404,-0.004398492475286036,-0.06691087523852925,0.004099228475242854,-0.06092093497514725,0,0,True,0.0013573635526611045,0.09431371056734952
878.14,12.081450462341309,-0.054653313010931015,3.0784011127413944,-0.0001809011521300507,-6.598962380952981e-06,-0.001637195407951065,-0.010936801123343382,-0.05840187513786214,0.02658569067716599,-0.030025810301303867,0,0,True,0.014667743710497156,0.3916872576512941
878.16,12.081435203552246,-0.054395273327827454,3.076666592892943,-0.00047676601960064055,-0.00025610775102556497,-0.002029008358677893,-0.006091437680236122,-0.04670592639642143,0.035813653469085695,-0.06029539912939072,0,0,True,-0.04679502721591447,0.8981169118346598
878.18,12.081501007080078,-0.05407370999455452,3.0760745684319923,-0.0006102530031813518,-0.00017439392065608217,-0.0013429706104473118,-0.007389703611641524,-0.024862233878595923,0.053321499526500706,-0.049530079513788225,0,0,True,-0.031812795023163004,0.89620172135955
878.2,12.081591606140137,-0.054204296320676804,3.0758700511748516,2.1562173236748397e-05,-2.860348807862769e-05,-0.004043912565015513,-0.0019066873014362148,0.004938477708280292,3.1224638223648075e-05,-0.004858818128705025,0,0,True,-0.023955248728920853,0.8110004956928466
878.22,12.081596374511719,-0.05407043918967247,3.0764121340311057,-0.00038063180251322307,-0.00030667734509732695,-0.004182219009805407,0.0025778391808845263,0.013294262570938546,-0.001621659826487303,-0.026526494119316343,0,0,True,-0.0345928487774145,0.42524220695200854
878.24,12.081768035888672,-0.054264314472675323,3.0770616711096057,-0.00019333968080371337,5.236500306876133e-05,-0.003945428256992542,-0.0014275572625435525,0.018174113259039486,-0.006928187087178231,0.0039451802335679536,0,0,True,-0.0005028073708714519,-0.06762132286303095
878.26,12.08182144165039,-0.054301291704177856,3.077138109437668,-6.451758091478269e-05,1.4830728770239594e-05,-0.004110398512641888,0.00038667440958525156,0.009157142677582164,-0.0073050583526492125,-0.00864058416336775,0,0,True,-0.0073935273495309446,-0.15882138286092076
878.28,12.081913948059082,-0.054110683500766754,3.0773239802355734,-0.0003463868175353249,-5.070268883175884e-05,-0.0040841371546851924,-1.9499314053288662e-05,-0.00047122812075726424,-0.00317355303093791,-0.0028525216877460483,0,0,True,-0.02842458246969159,-0.2808691153089953
878.3,12.08192253112793,-0.05412248894572258,3.0771447054453116,-0.0005822862355048085,-0.00024712935417000703,-0.004773701197767345,-7.112717708366483e-05,0.0005885519420764416,-0.0018788646347820761,-0.0022041749581694606,0,0,True,-0.04458176428365163,-0.12475180381856689
878.32,12.082094192504883,-0.0542837418615818,3.077023972859945,-0.00024082605513645579,3.8716919345151886e-05,-0.006219394854569032,0.0015950549968038394,-0.0042954159656916294,-0.003635142575949431,-0.003738423921167851,0,0,True,-0.05862743638495694,0.020496805561015304
878.34,12.082202911376953,-0.054320208728313446,3.077185193593034,-0.0005012570355065482,-0.0001401440225775708,-0.007676939655335843,0.0017878911086003078,-0.0008230016279082937,-0.0070566089078784,-0.008939656168222428,0,0,True,-0.052731378090706736,-0.022847461377954764
878.36,12.082402229309082,-0.054270125925540924,3.076980346958318,-0.0006422634032599323,-3.63757540215882e-05,-0.008774332065484147,9.387500616988122e-05,0.001168516324124799,-0.0030375929921865464,0.0015167358890175822,0,0,True,-0.04416199418916105,0.0650295521966835
878.38,12.082526206970215,-0.05430475249886513,3.077078865315079,-0.0009150187761783343,-0.00030086477204494547,-0.008992211445026042,-0.00041564673412510965,-0.0012392449681608746,-0.006000961102545262,-0.00929515313357115,0,0,True,-0.02989938123424211,0.022945121697726913
878.4,12.082794189453125,-0.054336559027433395,3.077117454165875,-0.000639517655223512,-3.224461003573552e-05,-0.009752354389698703,0.00025661424143674403,0.0009069482100383186,-0.005253095552325249,-0.008171292245388031,0,0,True,-0.017064871166246606,-0.016167466701803905
878.42,12.08292293548584,-0.0543334037065506,3.0770860539955813,-0.0009538881155100828,-0.0002598296843066795,-0.010068890154073036,0.0003482264594088215,0.0010126081079081899,-0.009696479961276054,-0.01218447394669056,0,0,True,-0.03135740687329071,0.08038159367903613
878.44,12.083179473876953,-0.05434088036417961,3.077052902815121,-0.0009637784847954477,-0.0001177680752776497,-0.010139521758784574,-3.809712855082879e-05,-0.00012488101202017538,-0.006076242364943028,-0.00835698027163744,0,0,True,-0.009046976960607899,0.003016241781911949
878.46,12.083328247070312,-0.05438447743654251,3.0771598739637116,-0.0008666389286641468,-0.00030359833929398985,-0.011500803994890582,-0.001526413613594998,0.005191282526165306,-0.009039717130362989,-0.010349356532096864,0,0,True,-0.022440975302969585,-0.025333446690484627
878.48,12.083603858947754,-0.05438583344221115,3.0771074636849134,-0.0006277392669538481,-2.6759908705236958e-05,-0.010476112546547706,0.00036507534293271746,0.001148247552591398,-0.008912205919623375,-0.008589625470340253,0,0,True,-0.008490590807884427,0.006718329204634676
878.5,12.08384895324707,-0.05427078530192375,3.0775013565976748,-0.0010728799459910592,-1.3645665940123194e-05,-0.011864168178311521,-0.0003359226279944218,-0.001014067627331617,-0.01020807169377804,-0.012450946271419527,0,0,True,0.03778489363590277,-0.1056438413782061
878.52,12.084013938903809,-0.05442403256893158,3.0771447626193282,-0.0009485170215439052,-0.0001293835502777874,-0.01081876902341471,0.0001221684626436046,0.00041258532435010985,-0.007233818769454957,-0.010774549320340157,0,0,True,-0.0037508573789231375,-0.019687571522931026
878.54,12.084277153015137,-0.054418448358774185,3.077078748553525,-0.0009257182952386718,0.00016203758358859186,-0.00847801250402111,0.0021648688387825585,-0.0032602247840834955,-0.009030312448740006,-0.008536203801631928,0,0,True,0.025518711444960564,0.0325909166498508
878.56,12.084466934204102,-0.05445132777094841,3.0771404705108614,-0.0009762960640805772,0.00020382339626618475,-0.010776181136861284,-0.00016756637213066023,-0.0004267581692416515,-0.010492895469069482,-0.012260734662413598,0,0,True,0.010267972783950459,-0.006076025044489121
878.58,12.084514617919922,-0.05448734015226364,3.077240538614948,-0.0009858867889251917,-0.00044064951455125007,-0.009822671262713632,0.0004226202593403304,0.001593205704657781,-0.008668517619371416,-0.008277859687805176,0,0,True,-0.04530928871186804,0.034666130555955084
878.6,12.084875106811523,-0.05446618050336838,3.077110621965789,-0.0009195123071928905,6.960096374979256e-05,-0.009997331200698253,-1.9604277261636716e-05,-7.349667920926854e-05,-0.006416462101042271,-0.0050703615322709086,0,0,True,0.004491639785012209,0.012004507582705186
878.62,12.08505916595459,-0.05450272187590599,3.077206205009898,-0.0009716448303496714,5.357112261905003e-05,-0.012102755600972407,-0.000157663419898336,-0.0004869343396056701,-0.011039462238550186,-0.01258251689374447,0,0,True,-0.038618986091986586,-0.046148803720687574
878.64,12.085265159606934,-0.05450129881501198,3.0771345907765246,-0.0008789612998173895,-7.177332351289029e-06,-0.010416849954060123,0.00018766493891347327,0.0005336024373752546,-0.009891891330480577,-0.009032910764217377,0,0,True,-0.021357076372356953,0.023106617523536467
878.66,12.085481643676758,-0.05453705042600632,3.0772015838677795,-0.0008497295391605136,-2.365653005407864e-06,-0.012912190150069749,-0.00038751064514833616,-0.002098698592993867,-0.008472220674157144,-0.010332699567079546,0,0,True,-0.014650695020886676,0.0323089138458166
878.68,12.085705757141113,-0.05453484132885933,3.077153310160779,-0.0012253989703011915,-5.637611323784674e-05,-0.011705897310485255,0.0005412579962192555,0.0017750327226719676,-0.010512040704488756,-0.010010054707527161,0,0,True,-0.03737812122519859,-0.004515670921986097
878.7,12.086091995239258,-0.05453825369477272,3.0770383091224582,-0.0011980935003949838,0.0004770646912556792,-0.01327481120264394,0.0006010230492622712,0.00209777876806098,-0.0095967123657465,-0.01123544365167618,0,0,True,0.03610568998359378,0.019598135593585857
878.72,12.086196899414062,-0.05460481345653534,3.0772765933943385,-0.0010991400097611396,-0.00015351767444405433,-0.01340709965207754,6.374988617275203e-05,0.000172348763616182,-0.013154966682195665,-0.01483281821012497,0,0,True,0.012883354217685255,-0.07773703869132172
878.74,12.086538314819336,-0.05465354025363922,3.0773694061692245,-0.0010115318794408467,0.00011842411706241334,-0.010023734951380769,0.0015079364938921664,-0.0005308477455061966,-0.006945020072162152,-0.005185175314545632,0,0,True,0.0572014282423407,-0.07974876521519135
878.76,12.086775779724121,-0.054608866572380066,3.077167098061868,-0.0013344029503518855,0.00012518088946776552,-0.010675228973069908,0.0004898084259167335,-0.004443930372636951,-0.014252113476395609,-0.01551194652915001,0,0,True,0.0813502428350827,-0.01661279455202719
878.78,12.086884498596191,-0.05471010506153107,3.076995841302818,-0.0008770722089527697,-0.00032139884543883176,-0.008698696943260847,-0.0012598896080882657,-0.004282122449148525,-0.009165314808487894,-0.011690270379185679,0,0,True,0.048955194959056286,-0.003336431544155228
878.8,12.08704662322998,-0.05469889938831329,3.076921078964528,-0.0006385298425812731,-0.0004732935439435787,-0.0068990802252768425,-0.0002717153322423164,-0.0011566748005447847,-0.00884297139942646,-0.005805987305939198,0,0,True,0.07081683863267939,0.09618825949691541
878.82,12.087239265441895,-0.0545978806912899,3.0770268363732924,-0.0009192892591659571,-0.0002087248597049192,-0.0061073193546542625,-0.0005077982540418948,-0.0007977622690387514,-0.008829435333609581,-0.008419487699866295,0,0,True,0.07738544633390407,0.05331910787090343
878.84,12.08732795715332,-0.054622843861579895,3.0770745640778245,-0.000904104107120164,-0.00022030120223188998,-0.005009881882452659,-0.0008533047318383764,0.0032511303871202183,-0.012286745458841324,-0.011484350487589837,0,0,True,0.056638915131260806,0.0715137060712602
878.86,12.087374687194824,-0.05470108985900879,3.0769320203212946,-0.0006450953312697875,-0.00035111836732683256,-0.002507861236545355,-1.1989343047346426e-05,-1.6593819474068456e-05,-0.0049774983525276185,-0.004325523786246777,0,0,True,0.060117294611015414,0.04821434649570331
878.88,12.087450981140137,-0.05465661734342575,3.0771811693954976,-0.0005921266255291734,-8.94400766744414e-05,-0.0023679670147736596,0.001153358840965435,0.004564421685158958,-0.0031704640761017803,-0.0028505035862326626,0,0,True,0.043102445380769176,-0.03675594054870854
878.9,12.08743953704834,-0.054609887301921844,3.0770255088677345,-0.0009459712109873463,-0.00010659494594463854,-0.0012979357857774037,-0.0006185894701348027,0.0030593854506140053,-0.004288262575864793,-0.0025062222220003606,0,0,True,-0.009209699454945413,0.06535003949093292
878.92,12.08751106262207,-0.054727114737033844,3.077439717812637,-0.000883950560823343,-8.600811408909502e-05,-0.0015616862519942606,0.00013653247902492728,0.0003106551432262093,0.0001365441642701626,0.00022524453699588777,0,0,True,-0.008978078955639368,-0.08394146422882129
878.94,12.087481498718262,-0.05465840548276901,3.077176771157344,-0.0009773902195199513,-0.00012209943887296114,-0.003244637192941365,0.0015954855189618273,0.0052114093398032395,-0.0011033034836873414,-0.0014239107165485623,0,0,True,-0.041952803979670515,-0.02450216043304846
878.96,12.08757495880127,-0.05467552691698074,3.0772060218069557,-0.0009671923770315565,-0.0001425696136045295,-0.0030862133312251766,-0.0004902552475696449,-0.00215089545315018,-0.004067364949733019,-0.0028486411646008493,0,0,True,-0.034799325395250574,-0.026790960109967656
878.98,12.087690353393555,-0.054753970354795456,3.077442421614919,-0.0008772060335879687,-0.0001088160365800428,-0.004654160104152762,0.0003005390932121427,0.0010992126159691256,-0.0049292660132050515,-0.0043194122426211835,0,0,True,-0.007871094079471203,-0.10662028559111227
879.0,12.087759971618652,-0.054703861474990845,3.077267646176385,-0.0008319176731285405,-0.00014355653615341453,-0.004345632283615731,-0.0005963849906570196,-0.0018326216655722997,-0.005597939267754555,-0.004227839354425669,0,0,True,-0.01924331422878394,-0.0019299271866731664
879.02,12.087851524353027,-0.05470626801252365,3.0772647081666213,-0.0008536355582042029,-0.00019346376056431918,-0.0038743247192984886,-0.0010515158663605252,-0.0033182135074779832,0.007409045211970807,-0.0028271242231130604,0,0,True,0.004106917888093705,-0.04464304032833053
879.04,12.08792495727539,-0.054650261998176575,3.07705941207371,-0.0008749287903498121,-0.00026670233841179984,-0.004625678469526492,-0.0006983159495402705,-0.002305289628083893,-0.0034993714652955536,-0.004484573863446713,0,0,True,-0.0031255080282742856,0.043483379311275716
879.06,12.088005065917969,-0.05468994751572609,3.077176964534321,-0.0008536908067885859,-0.0004118852759190751,-0.004325606673105564,-0.00072120066598289,-0.002472230610294069,-0.0033632254973053935,-0.0038966413587331774,0,0,True,-0.008837577820636813,0.02298531818070094
879.08,12.088132858276367,-0.05467197671532631,3.077083223006138,-0.0009335465208161424,-0.00015042525789631025,-0.004595672925877802,0.0005013443348541873,0.001646048679331537,-0.004199940841645003,-0.004585703201591969,0,0,True,0.0077327376293263896,0.05436575306478631
879.1,12.088200569152832,-0.054670967161655426,3.0770669297177977,-0.0009136091889268927,-0.00018158683647322897,-0.004581330944949795,-9.056641309657207e-05,-0.0014793880530209673,0.005119690671563149,-0.004115555174648762,0,0,True,0.007879298666059966,0.031033516477676007
879.12,12.088289260864258,-0.054713986814022064,3.0771910959680566,-0.0008593203156145265,-0.00023956215398845425,-0.004007059459180064,0.0006371354444723576,0.002043970617101237,0.0073875501751899724,-0.002530013993382454,0,0,True,0.01562242488783016,-0.034908402113620354
879.14,12.088371276855469,-0.05470634996891022,3.0770586134900793,-0.0008989109890807482,-0.00012015918562157555,-0.0036952627798204447,6.208288269501718e-05,1.0450707921281845e-05,-0.0037984266504645352,-0.004295606780797243,0,0,True,0.01936329171961396,0.008574485421065174
879.16,12.088449478149414,-0.05474347248673439,3.077246740655506,-0.0008425521201623909,-0.00015266219756508755,-0.0033458789348525257,-0.000353759505380154,-0.0011466234897555513,0.008196525033563376,-0.0029460272751748564,0,0,True,0.016369648604110533,-0.06684144481950827
879.18,12.088495254516602,-0.05469498783349991,3.0770677657744314,-0.0009512507443228425,-0.0001490472577561565,-0.0030322676073820873,-0.00058500677262495,-0.0007934292193363772,-0.002979334816336632,-0.0034393489174544814,0,0,True,0.014024740176223996,-0.0020713420743870377
879.2,12.088558197021484,-0.05470295622944832,3.077099366088876,-0.0008694975305614519,-0.00019224379008437963,-0.0026974875708505514,0.00015005071439785664,-0.00330334496846216,0.008740009758621456,-0.0005139772593975067,0,0,True,0.004549337261423764,0.026651329363473704
879.22,12.088616371154785,-0.05467528849840164,3.0769951391525323,-0.0008105730644047239,-0.0001891644100315676,-0.002573283565721951,-0.0001085033123143162,-0.00015525665802976592,-0.002188602797687054,-0.0023787282221019272,0,0,True,-0.0072126362039776695,0.056529847846870165
879.24,12.088664054870605,-0.0547693595290184,3.076982473058029,-0.000834535912538129,-0.00012520169170346685,-0.0029819319539384384,0.00029922815753501847,0.0009854828593234357,-0.002948892749845982,-0.003106919825077057,0,0,True,-0.011501497990334359,0.08768970212676853
879.26,12.088701248168945,-0.0546996146440506,3.077055345241789,-0.0008128841933062196,-0.00018817714786757415,-0.003609278503700596,0.0009497035747681934,0.00372895860841555,-0.0024360971059650184,-0.0005272983200848103,0,0,True,-0.026236330986490676,0.018374514418960746
879.28,12.088794708251953,-0.054742246866226196,3.077178204717622,-0.0007424117108704505,-0.00024361183702606683,-0.0036176074100764634,-3.0085411969163462e-05,0.0037118312016729427,-0.0015178691968321801,-0.0022447501681745054,0,0,True,-0.020268545291168266,0.005635591141297013
879.3,12.088899612426758,-0.05476972833275795,3.0772934558412053,-0.0008191575386008245,-0.00012521120672495933,-0.004672190044639296,0.0003936460491310512,0.001314704495485757,-0.004297380018979311,-0.004087452478706837,0,0,True,0.0021783261815043454,-0.07325538957498284
879.32,12.088953018188477,-0.0547855868935585,3.077279419554163,-0.0008041722653082732,-0.00017208326107525656,-0.004603415577232729,0.00043851317674785325,0.0014363301506274274,-0.0034606700204312803,-0.0017453763075172904,0,0,True,0.00286281701924337,-0.07072616486722799
879.34,12.089072227478027,-0.05475505813956261,3.077160521601428,-0.0007734735274789697,-0.0002252992187508015,-0.0034350124091801592,-0.00045326687234237435,-0.002131472557586076,-0.004435526616871357,-0.0040234805643558505,0,0,True,0.025089966911857015,-0.024099624554074883
879.36,12.089159965515137,-0.05480092391371727,3.077293111129672,-0.0006705823826604078,-0.00012078851548178282,-0.0033885820485368766,-0.0006182698128586482,-0.0019462619877081914,-0.00766161821782589,-0.006995091624557972,0,0,True,0.02363635342535589,-0.05513247072640976
879.38,12.089176177978516,-0.054751235991716385,3.0771229380365983,-0.0008194289594063937,-0.00014821272789425778,-0.0026649926916897083,-0.0001681300550592598,-0.0006132654688412202,-0.00521547343581915,-0.003476078156381846,0,0,True,-0.010374666817439886,0.03486663020435543
879.4,12.089226722717285,-0.05475364625453949,3.0771237185951463,-0.0009031481920907228,-0.0001537495854294541,-0.0027125073032059775,-0.0009124382479819935,-0.002974267507481342,-0.005368394628167153,-0.002343849148601294,0,0,True,-0.004069400444481737,0.007088150143316326
879.42,12.089285850524902,-0.05475537106394768,3.0771114603639207,-0.0009618372432095844,-0.00017440429051640834,-0.004264985754574595,0.00019044460823085452,0.0006578578587598215,-0.005691068433225155,-0.0029614449292421343,0,0,True,-0.011370246644103172,-0.012662016243396045
879.44,12.089381217956543,-0.05474206060171127,3.0770551697290736,-0.0009567870500183962,-0.00024951754590230284,-0.003714134084095582,-0.0003852969853076519,-0.0013792099762425952,-0.005325779281556607,-0.0033270820789039137,0,0,True,-0.006076953494539119,0.048484195839423636
879.46,12.089515686035156,-0.05478842556476593,3.077175566665299,-0.0009038879393348076,-0.0003207280226207193,-0.0035746124232184273,-0.0003262441164821342,-0.001626226768313422,-0.006044684723019601,-0.005282438732683659,0,0,True,0.03257457437147248,0.005529056606182199
879.48,12.08952522277832,-0.05474204942584038,3.077013381797047,-0.0010186027306228701,-0.0003497976405113809,-0.003198663582769356,0.0003258543605067053,0.0009044681596745329,-0.0068686349689960485,-0.006606430672109128,0,0,True,0.03991063588921787,0.010934221963474874
879.5,12.08957290649414,-0.05474773421883583,3.0769813622224556,-0.000783510913822089,-0.0002582640634368461,-0.0016590198048554638,0.00034678832056538104,0.0011001823872546237,-0.004774648249149323,-0.0018274186924099923,0,0,True,0.06182938543198645,0.03471298784947501
879.52,12.089634895324707,-0.054784588515758514,3.0771275271818475,-0.000956984178372762,-0.0001343108387078825,-0.0005212832129610563,0.0014133234625451204,-0.0005044722191654008,-0.0031450958177447323,-0.0034043242037296298,0,0,True,0.07076654767599064,0.011396170728402833
879.54,12.089646339416504,-0.05482468008995056,3.0772635812562794,-0.0008194692292050694,-7.629897865788629e-05,0.00137173841133599,0.00021664019743430085,0.001150812259642053,-0.0011648071743547918,0.0012160009518265725,0,0,True,0.06076634665717826,-0.038263005763033806
879.56,12.089559555053711,-0.05485756695270538,3.0769730240195137,-0.0006969026684468682,-0.00010790370164660944,0.002462660231304746,0.0005258066958485967,0.0018161618179459303,-0.0007590133510529996,-0.0002977693919092417,0,0,True,0.05610488672993231,0.023686014188671604
879.58,12.089462280273438,-0.0547579750418663,3.077073427203227,-0.0008552988626525065,-8.153052144109061e-05,0.003202287927721284,-0.0005673398131581932,-0.001960858073789647,0.0027865595743060113,0.005434545539319516,0,0,True,0.027553434883664386,-0.015766039940301166
879.6,12.089435577392578,-0.054813843220472336,3.077272820127283,-0.0006882025812181772,-9.120206929877763e-05,0.003967107725435825,-0.0011307835536286867,0.001390408915929297,0.004191560596227647,0.005972469858825207,0,0,True,0.01031601290324675,-0.05523805380289541
879.62,12.089393615722656,-0.05476287007331848,3.077106712610376,-0.000890167709522331,4.517207817361051e-05,0.0035760132020302687,-6.552803054811311e-05,-0.0001104709355826855,0.0014192985370755197,0.001508876532316208,0,0,True,-0.005985586712000953,0.017928994360545875
879.64,12.089248657226562,-0.05474689230322838,3.077084256732788,-0.0009095495437721768,-6.0323260014194906e-05,0.003287941263564908,-0.0007838644961312051,-0.0026028824862879634,0.0028302599862217908,0.0044130759872496135,0,0,True,-0.03830944446075106,-0.02045311213783855
879.66,12.089177131652832,-0.054734308272600174,3.0770645895283804,-0.000784393670465066,-0.00010932909840144088,0.0027234409907616434,-0.00018178439962110885,-0.0005265385249472813,0.00015001464635133746,0.002802438661456108,0,0,True,-0.04470016502535549,0.0013808866947828623
879.68,12.089177131652832,-0.054734308272600174,3.0770645895283804,-0.000784393670465066,-0.00010932909840144088,0.0009023521685785279,-9.93204512497685e-05,-0.0002458400550962988,0.00015001464635133746,0.002802438661456108,0,0,True,-0.041099265794540325,0.0325360310785829
879.7,12.089177131652832,-0.054734308272600174,3.0770645895283804,-0.000784393670465066,-0.00010932909840144088,0.0,-0.0,0.0,0.00015001464635133746,0.002802438661456108,0,0,True,-0.03404301238450313,0.006581731561837649
879.72,12.089177131652832,-0.054734308272600174,3.0770645895283804,-0.000784393670465066,-0.00010932909840144088,0.0,-0.0,0.0,0.002200739048421383,0.0036670110560953623,0,0,True,-0.011279402107225828,0.0030730006887021632
879.74,12.089177131652832,-0.054734308272600174,3.0770645895283804,-0.000784393670465066,-0.00010932909840144088,0.0,-0.0,0.0,0.002200739048421383,0.0036670110560953623,0,0,True,0.0,0.0
879.76,12.089177131652832,-0.054734308272600174,3.0770645895283804,-0.000784393670465066,-0.00010932909840144088,0.0,-0.0,0.0,0.002200739048421383,0.0036670110560953623,0,0,True,0.0,0.0
879.78,12.089177131652832,-0.054734308272600174,3.0770645895283804,-0.000784393670465066,-0.00010932909840144088,0.0,-0.0,0.0,0.002200739048421383,0.0036670110560953623,0,0,True,0.0,0.0
879.8,12.089177131652832,-0.054734308272600174,3.0770645895283804,-0.000784393670465066,-0.00010932909840144088,0.0,-0.0,0.0,0.002200739048421383,0.0036670110560953623,0,0,True,0.0,0.0
879.82,12.089177131652832,-0.054734308272600174,3.0770645895283804,-0.000784393670465066,-0.00010932909840144088,0.0,-0.0,0.0,0.002200739048421383,0.0036670110560953623,0,0,True,0.0,0.0
879.84,12.089177131652832,-0.054734308272600174,3.0770645895283804,-0.000784393670465066,-0.00010932909840144088,0.0,-0.0,0.0,0.002200739048421383,0.0036670110560953623,0,0,True,0.0,0.0
879.86,12.089177131652832,-0.054734308272600174,3.0770645895283804,-0.000784393670465066,-0.00010932909840144088,0.0,-0.0,0.0,0.002200739048421383,0.0036670110560953623,0,0,True,0.0,0.0
879.88,12.089177131652832,-0.054734308272600174,3.0770645895283804,-0.000784393670465066,-0.00010932909840144088,0.0,-0.0,0.0,0.002200739048421383,0.0036670110560953623,0,0,True,0.0,0.0
879.9,12.089177131652832,-0.054734308272600174,3.0770645895283804,-0.000784393670465066,-0.00010932909840144088,0.0,-0.0,0.0,0.002200739048421383,0.0036670110560953623,0,0,True,0.0,0.0
879.92,12.089177131652832,-0.054734308272600174,3.0770645895283804,-0.000784393670465066,-0.00010932909840144088,0.0,-0.0,0.0,0.002200739048421383,0.0036670110560953623,0,0,True,0.0,0.0
879.94,12.089177131652832,-0.054734308272600174,3.0770645895283804,-0.000784393670465066,-0.00010932909840144088,0.0,-0.0,0.0,0.002200739048421383,0.0036670110560953623,0,0,True,0.0,0.0
879.96,12.089177131652832,-0.054734308272600174,3.0770645895283804,-0.000784393670465066,-0.00010932909840144088,0.0,-0.0,0.0,0.002200739048421383,0.0036670110560953623,0,0,True,0.0,0.0
879.98,12.089177131652832,-0.054734308272600174,3.0770645895283804,-0.000784393670465066,-0.00010932909840144088,0.0,-0.0,0.0,0.002200739048421383,0.0036670110560953623,0,0,True,0.0,0.0
880.0,12.089177131652832,-0.054734308272600174,3.0770645895283804,-0.000784393670465066,-0.00010932909840144088,0.0,-0.0,0.0,0.002200739048421383,0.0036670110560953623,0,0,True,0.0,0.0
880.02,12.089177131652832,-0.054734308272600174,3.0770645895283804,-0.000784393670465066,-0.00010932909840144088,0.0,-0.0,0.0,0.002200739048421383,0.0036670110560953623,0,0,True,0.0,0.0
880.04,12.089177131652832,-0.054734308272600174,3.0770645895283804,-0.000784393670465066,-0.00010932909840144088,0.0,-0.0,0.0,0.002200739048421383,0.0036670110560953623,0,0,True,0.0,0.0
880.06,12.089177131652832,-0.054734308272600174,3.0770645895283804,-0.000784393670465066,-0.00010932909840144088,0.0,-0.0,0.0,0.002200739048421383,0.0036670110560953623,0,0,True,0.0,0.0
880.08,12.089177131652832,-0.054734308272600174,3.0770645895283804,-0.000784393670465066,-0.00010932909840144088,0.0,-0.0,0.0,0.002200739048421383,0.0036670110560953623,0,0,True,0.0,0.0
880.1,12.089177131652832,-0.054734308272600174,3.0770645895283804,-0.000784393670465066,-0.00010932909840144088,0.0,-0.0,0.0,0.002200739048421383,0.0036670110560953623,0,0,True,0.0,0.0
880.12,12.089177131652832,-0.054734308272600174,3.0770645895283804,-0.000784393670465066,-0.00010932909840144088,0.0,-0.0,0.0,0.002200739048421383,0.0036670110560953623,0,0,True,0.0,0.0
880.14,12.089177131652832,-0.054734308272600174,3.0770645895283804,-0.000784393670465066,-0.00010932909840144088,0.0,-0.0,0.0,0.002200739048421383,0.0036670110560953623,0,0,True,0.0,0.0
880.16,12.089177131652832,-0.054734308272600174,3.0770645895283804,-0.000784393670465066,-0.00010932909840144088,0.0,-0.0,0.0,0.002200739048421383,0.0036670110560953623,0,0,True,0.0,0.0
880.18,12.089177131652832,-0.054734308272600174,3.0770645895283804,-0.000784393670465066,-0.00010932909840144088,0.0,-0.0,0.0,0.002200739048421383,0.0036670110560953623,0,0,True,0.0,0.0
880.2,12.089177131652832,-0.054734308272600174,3.0770645895283804,-0.000784393670465066,-0.00010932909840144088,0.0,-0.0,0.0,0.002200739048421383,0.0036670110560953623,0,0,True,0.0,0.0
880.22,12.089177131652832,-0.054734308272600174,3.0770645895283804,-0.000784393670465066,-0.00010932909840144088,0.0,-0.0,0.0,0.002200739048421383,0.0036670110560953623,0,0,True,0.0,0.0
880.24,12.089177131652832,-0.054734308272600174,3.0770645895283804,-0.000784393670465066,-0.00010932909840144088,0.0,-0.0,0.0,0.002200739048421383,0.0036670110560953623,0,0,True,0.0,0.0
880.26,12.089177131652832,-0.054734308272600174,3.0770645895283804,-0.000784393670465066,-0.00010932909840144088,0.0,-0.0,0.0,0.002200739048421383,0.0036670110560953623,0,0,True,0.0,0.0
880.28,12.089177131652832,-0.054734308272600174,3.0770645895283804,-0.000784393670465066,-0.00010932909840144088,0.0,-0.0,0.0,0.002200739048421383,0.0036670110560953623,0,0,True,0.0,0.0
880.3,12.089177131652832,-0.054734308272600174,3.0770645895283804,-0.000784393670465066,-0.00010932909840144088,0.0,-0.0,0.0,0.002200739048421383,0.0036670110560953623,0,0,True,0.0,0.0
880.32,12.089177131652832,-0.054734308272600174,3.0770645895283804,-0.000784393670465066,-0.00010932909840144088,0.0,-0.0,0.0,0.002200739048421383,0.0036670110560953623,0,0,True,0.0,0.0
880.34,12.089177131652832,-0.054734308272600174,3.0770645895283804,-0.000784393670465066,-0.00010932909840144088,0.0,-0.0,0.0,0.002200739048421383,0.0036670110560953623,0,0,True,0.0,0.0
880.36,12.089177131652832,-0.054734308272600174,3.0770645895283804,-0.000784393670465066,-0.00010932909840144088,0.0,-0.0,0.0,0.002200739048421383,0.0036670110560953623,0,0,True,0.0,0.0
880.38,12.089177131652832,-0.054734308272600174,3.0770645895283804,-0.000784393670465066,-0.00010932909840144088,0.0,-0.0,0.0,0.002200739048421383,0.0036670110560953623,0,0,True,0.0,0.0
880.4,12.089177131652832,-0.054734308272600174,3.0770645895283804,-0.000784393670465066,-0.00010932909840144088,0.0,-0.0,0.0,0.002200739048421383,0.0036670110560953623,0,0,True,0.0,0.0
880.42,12.089177131652832,-0.054734308272600174,3.0770645895283804,-0.000784393670465066,-0.00010932909840144088,0.0,-0.0,0.0,0.002200739048421383,0.0036670110560953623,0,0,True,0.0,0.0
880.44,12.089177131652832,-0.054734308272600174,3.0770645895283804,-0.000784393670465066,-0.00010932909840144088,0.0,-0.0,0.0,0.002200739048421383,0.0036670110560953623,0,0,True,0.0,0.0
880.46,12.089177131652832,-0.054734308272600174,3.0770645895283804,-0.000784393670465066,-0.00010932909840144088,0.0,-0.0,0.0,0.002200739048421383,0.0036670110560953623,0,0,True,0.0,0.0
880.48,12.089177131652832,-0.054734308272600174,3.0770645895283804,-0.000784393670465066,-0.00010932909840144088,0.0,-0.0,0.0,0.002200739048421383,0.0036670110560953623,0,0,True,0.0,0.0
880.5,12.089177131652832,-0.054734308272600174,3.0770645895283804,-0.000784393670465066,-0.00010932909840144088,0.0,-0.0,0.0,0.002200739048421383,0.0036670110560953623,0,0,True,0.0,0.0
880.52,12.089177131652832,-0.054734308272600174,3.0770645895283804,-0.000784393670465066,-0.00010932909840144088,0.0,-0.0,0.0,0.002200739048421383,0.0036670110560953623,0,0,True,0.0,0.0
880.54,12.089177131652832,-0.054734308272600174,3.0770645895283804,-0.000784393670465066,-0.00010932909840144088,0.0,-0.0,0.0,0.002200739048421383,0.0036670110560953623,0,0,True,0.0,0.0
880.56,12.089177131652832,-0.054734308272600174,3.0770645895283804,-0.000784393670465066,-0.00010932909840144088,0.0,-0.0,0.0,0.002200739048421383,0.0036670110560953623,0,0,True,0.0,0.0
880.58,12.089177131652832,-0.054734308272600174,3.0770645895283804,-0.000784393670465066,-0.00010932909840144088,0.0,-0.0,0.0,0.002200739048421383,0.0036670110560953623,0,0,True,0.0,0.0
880.6,12.089177131652832,-0.054734308272600174,3.0770645895283804,-0.000784393670465066,-0.00010932909840144088,0.0,-0.0,0.0,0.002200739048421383,0.0036670110560953623,0,0,True,0.0,0.0
880.62,12.089177131652832,-0.054734308272600174,3.0770645895283804,-0.000784393670465066,-0.00010932909840144088,0.0,-0.0,0.0,0.002200739048421383,0.0036670110560953623,0,0,True,0.0,0.0
880.64,12.089177131652832,-0.054734308272600174,3.0770645895283804,-0.000784393670465066,-0.00010932909840144088,0.0,-0.0,0.0,0.002200739048421383,0.0036670110560953623,0,0,True,0.0,0.0
880.66,12.089177131652832,-0.054734308272600174,3.0770645895283804,-0.000784393670465066,-0.00010932909840144088,0.0,-0.0,0.0,0.002200739048421383,0.0036670110560953623,0,0,True,0.0,0.0
880.68,12.089177131652832,-0.054734308272600174,3.0770645895283804,-0.000784393670465066,-0.00010932909840144088,0.0,-0.0,0.0,0.002200739048421383,0.0036670110560953623,0,0,True,0.0,0.0
880.7,12.089177131652832,-0.054734308272600174,3.0770645895283804,-0.000784393670465066,-0.00010932909840144088,0.0,-0.0,0.0,0.002200739048421383,0.0036670110560953623,0,0,True,0.0,0.0
880.72,12.089177131652832,-0.054734308272600174,3.0770645895283804,-0.000784393670465066,-0.00010932909840144088,0.0,-0.0,0.0,0.002200739048421383,0.0036670110560953623,0,0,True,0.0,0.0
880.74,12.089177131652832,-0.054734308272600174,3.0770645895283804,-0.000784393670465066,-0.00010932909840144088,0.0,-0.0,0.0,0.002200739048421383,0.0036670110560953623,0,0,True,0.0,0.0
880.76,12.089177131652832,-0.054734308272600174,3.0770645895283804,-0.000784393670465066,-0.00010932909840144088,0.0,-0.0,0.0,0.002200739048421383,0.0036670110560953623,0,0,True,0.0,0.0
880.78,12.089177131652832,-0.054734308272600174,3.0770645895283804,-0.000784393670465066,-0.00010932909840144088,0.0,-0.0,0.0,0.002200739048421383,0.0036670110560953623,0,0,True,0.0,0.0
880.8,12.089177131652832,-0.054734308272600174,3.0770645895283804,-0.000784393670465066,-0.00010932909840144088,0.0,-0.0,0.0,0.002200739048421383,0.0036670110560953623,0,0,True,0.0,0.0
880.82,12.089177131652832,-0.054734308272600174,3.0770645895283804,-0.000784393670465066,-0.00010932909840144088,0.0,-0.0,0.0,0.002200739048421383,0.0036670110560953623,0,0,True,0.0,0.0
880.84,12.089177131652832,-0.054734308272600174,3.0770645895283804,-0.000784393670465066,-0.00010932909840144088,0.0,-0.0,0.0,0.002200739048421383,0.0036670110560953623,0,0,True,0.0,0.0
880.86,12.089177131652832,-0.054734308272600174,3.0770645895283804,-0.000784393670465066,-0.00010932909840144088,0.0,-0.0,0.0,0.002200739048421383,0.0036670110560953623,0,0,True,0.0,0.0
880.88,12.089177131652832,-0.054734308272600174,3.0770645895283804,-0.000784393670465066,-0.00010932909840144088,0.0,-0.0,0.0,0.002200739048421383,0.0036670110560953623,0,0,True,0.0,0.0
880.9,12.089177131652832,-0.054734308272600174,3.0770645895283804,-0.000784393670465066,-0.00010932909840144088,0.0,-0.0,0.0,0.002200739048421383,0.0036670110560953623,0,0,True,0.0,0.0
880.92,12.089177131652832,-0.054734308272600174,3.0770645895283804,-0.000784393670465066,-0.00010932909840144088,0.0,-0.0,0.0,0.002200739048421383,0.0036670110560953623,0,0,True,0.0,0.0
880.94,12.089177131652832,-0.054734308272600174,3.0770645895283804,-0.000784393670465066,-0.00010932909840144088,0.0,-0.0,0.0,0.002200739048421383,0.0036670110560953623,0,0,True,0.0,0.0
880.96,12.089177131652832,-0.054734308272600174,3.0770645895283804,-0.000784393670465066,-0.00010932909840144088,0.0,-0.0,0.0,0.002200739048421383,0.0036670110560953623,0,0,True,0.0,0.0
880.98,12.089177131652832,-0.054734308272600174,3.0770645895283804,-0.000784393670465066,-0.00010932909840144088,0.0,-0.0,0.0,0.002200739048421383,0.0036670110560953623,0,0,True,0.0,0.0
881.0,12.089177131652832,-0.054734308272600174,3.0770645895283804,-0.000784393670465066,-0.00010932909840144088,0.0,-0.0,0.0,0.002200739048421383,0.0036670110560953623,0,0,True,0.0,0.0
