t,x,y,yaw,roll,pitch,v,lateral,w,rim_left,rim_right,cmd_v,cmd_w,publishing,a,alpha
803.18,12.075846672058105,-0.04160598665475845,3.0938552924034224,3.765514253963037e-05,7.210881416389183e-05,0.0046870191133752265,0.0005676396819704882,0.0019437009856283541,-0.0028066085092723373,-0.003351304512470961,0.1,0,True,0.23852178166029583,-0.009218522212058345
803.2,12.075700759887695,-0.0416053868830204,3.0938782089353474,7.654518573755879e-05,5.468178573489586e-05,0.010188956805780117,0.0005651296429496948,0.0019339652597806331,0.002238867972046137,0.0017310437187552455,0.1,0,True,0.3154800806623963,-0.01892679052141986
803.22,12.075424194335938,-0.04159881919622421,3.093898210831715,0.0001449114211949302,6.194544022230427e-05,0.01848948533768745,0.0001883559417474994,0.0006697388550077524,0.007979855798184872,0.008146240562200547,0.1,0,True,0.39096039134896376,-0.029015387194552322
803.24,12.074984550476074,-0.04157763347029686,3.093897431973647,0.0002766076279328924,4.475305753883684e-05,0.026468322369144877,5.0293884368306317e-05,0.00017953403931863742,0.015089321285486222,0.01534487619996071,0.1,0,True,0.4470502832750836,-0.027717667224630354
803.26,12.074368476867676,-0.041550517082214355,3.093908871511823,0.000521174682231927,2.2959454475077355e-05,0.03596385042130833,-0.00010936473580447814,-0.00037752998993701917,0.023159286528825762,0.023577313870191578,0.1,0,True,0.4953593610654903,0.004885464199440861
803.28,12.073585510253906,-0.041508451104164124,3.093892571658493,7.919172592879678e-05,3.3219408818227895e-05,0.04595297946775428,-0.00010768310815298388,-0.0002834481181877784,0.032254875004291535,0.03287214860320092,0.1,0,True,0.5425379038316619,0.002582278648613209
803.3,12.072550773620605,-0.04145294055342674,3.09386800843252,0.00013700797352751503,4.019571651925416e-05,0.05811823422289063,0.00030990336447747364,0.0010605759909626659,0.04195607542991638,0.04220683425664902,0.1,0,True,0.5316397643263797,0.014507488059748075
803.32,12.07131290435791,-0.041393738240003586,3.093874756124192,0.0002662099752116339,8.83543214225312e-05,0.06987135467570003,0.00010938667264401552,0.00038611633120779983,0.05299342542886735,0.05373396515846253,0.1,0,True,0.548997115310187,0.017458963615936934
803.34,12.069723129272461,-0.04135347157716751,3.0939937175911,5.0107648567315474e-05,-0.0004547117849342852,0.07849503156744046,0.00020478331101608967,0.0007830690548434207,0.06437832385301591,0.06518129825592042,0.1,0,True,0.4856784066739977,-0.018415558680958823
803.36,12.068001747131348,-0.0412505641579628,3.0939234609649895,-8.91617964393222e-05,-0.0006707365439708427,0.08987274869259171,0.000373131028702677,0.0011132689710878908,0.07950282096862794,0.07941151380538941,0.1,0,True,0.39319697298568274,0.0013836369410635777
803.38,12.066277503967285,-0.04117051512002945,3.0939306539569076,-0.00016540974741262695,-1.9529096506712187e-05,0.09697250675683032,-0.00010148743100080702,-0.0004126687035147936,0.08670455038547517,0.08589796900749207,0.1,0,True,0.2774294381886485,-0.009378645114345009
803.4,12.064129829406738,-0.04108095169067383,3.093963817641879,0.00013157023204071703,-0.0005188407334803084,0.10132711251452604,0.00017651655949801372,0.0004968072864927854,0.08955047249794007,0.09001852810382843,0.1,0,True,0.044165877467347875,0.002359334577614626
803.42,12.06197452545166,-0.040975749492645264,3.093960704094819,7.814299025188347e-05,-0.0005722256440699217,0.10068938662251216,3.5526342558030687e-05,3.277744569650231e-05,0.10408824265003205,0.10716574132442476,0.1,0,True,-0.12019423017367209,0.00887392648231225
803.44,12.059904098510742,-0.04087872803211212,3.093963205547909,-0.00032340319446816254,-0.0004209725002404877,0.09340601888998135,0.0003558330275089689,0.0013020157372971575,0.10804322719573976,0.10768796205520631,0.1,0,True,-0.245124141570037,-0.012744769348409643
803.46,12.058231353759766,-0.04078981652855873,3.0939332761525633,-0.0004117361362660736,7.493632391778859e-05,0.08735696834293163,7.188818719934022e-05,0.00029724541507054956,0.1020607888698578,0.10128499925136566,0.1,0,True,-0.23917945008067454,-0.04213785720881777
803.48,12.05666446685791,-0.04075361043214798,3.094067978900863,-0.0002654467166642776,0.0005393015646829337,0.08171718118891305,0.002460580735981363,-0.0005227742613805078,0.08892343044281006,0.08778786540031434,0.1,0,True,-0.14896341267777533,-0.043029165238738974
803.5,12.054993629455566,-0.04064854979515076,3.0939844837280246,-0.0006109951798168064,0.0003322988702383472,0.08155503061604841,0.0016080996199466387,-0.003338251131010644,0.08338424742221832,0.08926663756370545,0.1,0,True,-0.04601599809977712,-0.013389136539135092
803.52,12.053364753723145,-0.04076478257775307,3.0939213836069985,6.147736317421865e-05,0.0003287717653114764,0.08148894587577016,0.001995684365680257,-0.0021403174817988297,0.08530980467796327,0.08387286841869356,0.1,0,True,0.04612449942031167,0.01230671939010694
803.54,12.051708221435547,-0.04060782119631767,3.0936662160620827,-0.0002743753668204782,0.0001645292981674515,0.08367568849495281,0.002447070229461932,-0.0007738855080592836,0.08239380419254304,0.08148217201232912,0.1,0,True,0.04948329290558434,0.07930828391904712
803.56,12.050145149230957,-0.0406024269759655,3.093896753502319,-0.00011625330912932465,0.0005999590637961518,0.08540714114253463,0.00016937182092662375,0.000461763289827152,0.08572377026081086,0.08374765276908876,0.1,0,True,0.11581085102869226,0.03213197527434335
803.58,12.048297882080078,-0.04052339121699333,3.09392257288738,-0.00011201701507231092,-4.82361495135428e-05,0.08551369404849718,0.0009357304972190885,0.003006411582516371,0.08313715815544129,0.08198101103305817,0.1,0,True,0.10376311029330845,0.01130742242802981
803.6,12.046539306640625,-0.04045255482196808,3.0939583246701847,-0.00010464979644968121,-0.0002292981937809715,0.09075381395807028,0.00016365837912646862,0.0004302405401499529,0.0902200847864151,0.09198254168033601,0.1,0,True,0.10131527999933218,-0.009383898387986228
803.62,12.04487133026123,-0.040356602519750595,3.093906728988684,-4.241022024737081e-05,0.0003137332016991708,0.09197673731842174,5.0714575739288156e-05,0.0001307082861835641,0.0902200847864151,0.09198254168033601,0.1,0,True,0.18075496102479335,-0.026169081397003222
803.64,12.042892456054688,-0.040269795805215836,3.093931172745531,5.981973496306359e-06,-0.00022641542104924147,0.09351236354248535,-0.00011949511198561073,-0.0002889485812121303,0.08748226761817933,0.08709437489509583,0.1,0,True,0.13537279139931713,0.00784406636422964
803.66,12.040947914123535,-0.040176697075366974,3.0939330295502745,-1.1185355168032267e-05,-0.0004021620087567695,0.0999740909304675,0.00027230260757121847,0.0009128850707580175,0.09825824439525606,0.09891357064247132,0.1,0,True,0.16461141909185828,0.004472134863743634
803.68,12.039067268371582,-0.04008658602833748,3.0939352087836878,-0.00010457747875226267,7.950961280161583e-05,0.1015836372700058,0.00030582031164002807,0.0010577658492877534,0.09686242222785951,0.09717491686344147,0.1,0,True,0.1743603474476147,0.019185467145229555
803.7,12.036881446838379,-0.03999732807278633,3.093979759794345,0.00020269450504110993,-0.00041450464561730376,0.10514565084577714,0.0019384450994030058,0.0004884790752832379,0.09616761326789856,0.09750330388545991,0.1,0,True,0.06806182756838625,-0.014852382648120851
803.72,12.034773826599121,-0.03990708291530609,3.0940157940134743,-3.2452980432671187e-05,-0.00031055335765267357,0.10746119133830166,0.0021813091227800042,0.0012458887904070192,0.09616761326789856,0.09750330388545991,0.1,0,True,-0.006132650983671654,-0.022078544574731226
803.74,12.032538414001465,-0.039931245148181915,3.093972107876297,5.86276356941333e-05,-0.0004720612807616071,0.10541903713594118,0.0017117250997716292,-0.0002753055410922584,0.1067059636116028,0.10801460921764375,0.1,0,True,-0.14349467581790665,-0.011470189512160068
803.76,12.030471801757812,-0.03985203430056572,3.0940348798869204,-0.0003491058418260934,-0.00012675171150900095,0.10109302519131182,0.0015774382944048443,-0.0007085177166916483,0.11145913898944856,0.1118392711877823,0.1,0,True,-0.2333181125020028,-0.038480775446951596
803.78,12.028450965881348,-0.03973265364766121,3.0939577353510574,-0.0006795037821912274,-0.00036562780384356575,0.09366607678035505,-9.194777249217634e-05,-0.000429136085688733,0.10300139784812928,0.10232772171497347,0.1,0,True,-0.25473461016027266,-0.0020606716170864466
803.8,12.026689529418945,-0.03964865952730179,3.093959112596139,-0.0006331263312908405,-0.00020109366770506868,0.08879574233815841,-0.0005702987800500978,-0.001832573245346309,0.10166745126247408,0.10058402359485627,0.1,0,True,-0.20151512556571352,-0.009691543121475835
803.82,12.025053977966309,-0.039567090570926666,3.093937776989442,-4.456736837822814e-05,0.00018140190223471,0.08504026832310894,-0.00014915153652889958,-0.0004401592704592585,0.09025523662567139,0.09050269305706025,0.1,0,True,-0.08835421552403744,0.005765281611552986
803.84,12.023378372192383,-0.03946821764111519,3.0938882740272926,-0.00020007939327951278,0.00032681107703192916,0.08497181514604649,-0.0004608382513373085,-0.0014838411664101117,0.08541093766689302,0.08295036733150483,0.1,0,True,-0.0072936636204472775,0.027915336274753823
803.86,12.021656036376953,-0.03939665108919144,3.0939225226094207,-0.00017002991511927927,0.0002651417580786929,0.08659773953842843,-2.3158026565762296e-05,3.208644323574182e-05,0.08836958765983582,0.0848664951324463,0.1,0,True,0.05164389269618447,0.008992696042892904
803.88,12.019901275634766,-0.03928767517209053,3.093840405302826,-3.933349353168565e-05,7.291023992853348e-05,0.08821224924852233,0.00016367058852185742,0.00040065365663513955,0.08729368686676026,0.0873797243833542,0.1,0,True,0.0834934442564468,0.03228744110567069
803.9,12.018134117126465,-0.03923511505126953,3.093940343904901,-6.597371683073079e-06,-5.2222291428612615e-05,0.08917177973879994,5.511445355919128e-05,0.00027925641297151953,0.09031038641929627,0.08845989763736725,0.1,0,True,0.0947808613706801,0.013790939316484535
803.92,12.016328811645508,-0.03914443776011467,3.0939203263198234,3.648225499468011e-05,-0.0002008917654803102,0.09165129068655616,0.00036703076343135455,0.0010991541220411942,0.0883549052476883,0.08966678857803345,0.1,0,True,0.1110739763179773,-0.02058867611362529
803.94,12.014530181884766,-0.03906124457716942,3.0939448631224584,4.9275698113440013e-05,-0.00010998663408218303,0.09418020844808672,0.0003899409489133655,0.0011353615885550691,0.0908536857366562,0.09153261065483094,0.1,0,True,0.1412717610821192,0.004296773668053819
803.96,12.01257610321045,-0.03896759822964668,3.0939283376325895,7.132920353746173e-05,-0.00020982595485850793,0.09709816735396506,0.0017679092090537203,-0.0012464404324557263,0.09112490355968476,0.09289304733276368,0.1,0,True,0.1455952955202484,-0.002796746660353359
803.98,12.01060676574707,-0.03890741243958473,3.0940311728319854,-6.628192710228276e-05,-0.00019521559463849558,0.10047352062537526,0.002307094890639481,0.0006229983064160009,0.09742893218994142,0.09881366431713105,0.1,0,True,0.13835593150712072,-0.012379572630341193
804.0,12.008563041687012,-0.03891560062766075,3.093820611085227,0.0003871735458508483,-0.00020865751155106413,0.10329891432818199,0.0023827468548500573,0.000875414389212811,0.09848276972770692,0.10089859187602998,0.1,0,True,0.07561755754179411,0.038317865196869895
804.02,12.006492614746094,-0.03886345401406288,3.0939947029869717,0.0004817989667122878,-6.577127237819344e-05,0.10524868296864631,0.00027557323220949847,0.00014499577812867456,0.10006022155284883,0.10575884997844696,0.1,0,True,-0.038482520394111715,-0.017508362834280082
804.04,12.004312515258789,-0.038763366639614105,3.0939983707837264,0.0005436998837695804,7.130613287053554e-05,0.10314757195730309,-0.001214552672618812,0.0018189887832910775,0.1062882721424103,0.1074535608291626,0.1,0,True,-0.15757642823614337,-0.010476714812570455
804.06,12.002195358276367,-0.038528814911842346,3.0940427724942356,-4.782943215413085e-05,8.704222502266623e-05,0.09739491899384912,-0.0019671276034516497,-0.0007776707203251316,0.1106522697210312,0.11142964899539949,0.1,0,True,-0.2386173312820376,-0.025582747732084958
804.08,12.000325202941895,-0.038425955921411514,3.0939661301878902,-0.00040827405044159066,0.00031827770443625065,0.09069280006928407,-0.0018120347120538357,3.727720420674577e-05,0.10882138252258301,0.10722165048122408,0.1,0,True,-0.27538403093498287,-0.048539459112152177
804.1,11.998717308044434,-0.03833591192960739,3.0939324893293456,-0.00038324235877518475,0.0006110033319852001,0.08615929646607354,-0.000590143194046152,-0.0019016240404391691,0.09259450912475586,0.09247250616550447,0.1,0,True,-0.194256554599811,-0.02091494236365059
804.12,11.997072219848633,-0.038273148238658905,3.094001352960063,-0.00025719229796179223,0.0005608726935845432,0.08111684948249319,-0.0007191723500496283,-0.002064167945683083,0.08550284564495088,0.0845067572593689,0.1,0,True,-0.09422808004567133,-0.025833120131251452
804.14,11.995312690734863,-0.0381532721221447,3.0938906425710004,-0.00034938295554924425,-0.00014751309632577661,0.0818543946258563,-0.0011583806101167424,-0.002450866109418035,0.08342330873012543,0.08391397416591645,0.1,0,True,-0.04153961214932788,-0.005687967760891796
804.16,11.99384593963623,-0.038059767335653305,3.0938009967522357,-0.0002319437263471632,0.0003399432533500133,0.08315455366563722,-0.0006350240877305968,-0.0020293724062914907,0.08605457723140718,0.08644536137580873,0.1,0,True,0.07243046850314075,0.014536517044341368
804.18,11.992180824279785,-0.03793109580874443,3.0937364200405923,-0.00025098396423564866,0.00036459890302356895,0.08283612749413033,-0.0007083090397053213,-0.002356661461310099,0.08071511507034303,0.07958244144916535,0.1,0,True,0.08998880988304793,0.029667597083115473
804.2,11.990429878234863,-0.03790459781885147,3.0938390031675596,-2.363675171230359e-05,9.97712018850943e-05,0.08691128696274741,-0.00033361622416360707,-0.0009012465821351786,0.08493701159954072,0.08518647491931916,0.1,0,True,0.10045124262938808,0.006887706140332181
804.22,11.988696098327637,-0.03777965530753136,3.0937021096540955,2.997936207031172e-05,2.3483976759946463e-05,0.08905349941650381,0.00030280901793172145,-7.745834276758268e-05,0.08994078934192658,0.08867677092552186,0.1,0,True,0.14077658441876692,0.013902434980622463
804.24,11.986902236938477,-0.037701208144426346,3.093728897025665,0.0001383450737991804,-8.019472448303308e-05,0.09119065307599238,-0.0004648423717630466,-0.0014783559150646343,0.08806930959224701,0.08812043309211731,0.1,0,True,0.14281595233627192,0.015054085634325524
804.26,11.985063552856445,-0.037614237517118454,3.093730223373171,8.42045587434477e-05,-0.00010776892903801097,0.09409825424763744,0.0018701804109029084,-0.0012444666628597329,0.09066865146160126,0.09073458254337312,0.1,0,True,0.1367120505997467,-0.00014036443347914573
804.28,11.983144760131836,-0.03751840814948082,3.0937207346943545,0.00014025284964302363,-0.00018473655029217035,0.09833656314963878,9.507923718336114e-05,0.00030308026860976817,0.09330767631530762,0.09306357443332673,0.1,0,True,0.15805132304518194,0.025511637241904132
804.3,11.981169700622559,-0.03756893426179886,3.093602552321067,0.00019797904854195936,-0.00015742622805765122,0.0999904634644736,-3.7548522395017964e-05,-8.868749744590413e-05,0.09736854612827302,0.09701904296875001,0.1,0,True,0.13884413847437957,0.03521316354142263
804.32,11.979043960571289,-0.03733234480023384,3.0937531434471537,1.1721531096442217e-05,-0.0006436823967177751,0.1038347589196134,0.0001681332853850125,0.0005625750642887403,0.10218794882297517,0.09990137696266176,0.1,0,True,0.04712432236947777,0.005061953627240781
804.34,11.977073669433594,-0.03722750023007393,3.0937231283733753,-0.00012100216087472389,-4.9509202672514794e-05,0.10520578532559349,-0.0017915317887964256,0.0015725864204555184,0.10718639433383943,0.10542830169200898,0.1,0,True,-0.03421445612093109,-3.286949483586407e-05
804.36,11.974846839904785,-0.037134602665901184,3.0937657406994976,0.00014649026544580522,-0.00045275451054065807,0.10210650893919893,0.0006182707245476447,0.0007080365587892379,0.10192897260189057,0.10194603741168977,0.1,0,True,-0.15058351688431473,0.001058228678644113
804.38,11.972769737243652,-0.03702303767204285,3.0937283592347034,-0.00032820978130766813,-0.00012746966479979926,0.09725330697479771,3.605363296967697e-05,-9.13170570327746e-05,0.11260261893272401,0.11427593410015108,0.1,0,True,-0.25371766555461145,-0.006652371958226633
804.4,11.970882415771484,-0.03699122369289398,3.0938097863718568,-0.0003817528311831304,0.00019734840480079287,0.09178807756887918,0.00026114266230545247,0.0006472333585801923,0.10310706615448,0.10239280998706819,0.1,0,True,-0.25021560765196366,-0.0038664511811062506
804.42,11.9693021774292,-0.036858126521110535,3.0937158230088126,-0.00030796552902305285,0.0006912141834202003,0.08490837208124304,0.0003813922126159543,0.0010403966637978718,0.09086623191833497,0.09131534934043885,0.1,0,True,-0.19217007961830332,0.003984767058884717
804.44,11.967511177062988,-0.03680473193526268,3.093817519368184,-0.0002346721400700792,1.670435553931232e-05,0.0820892603270316,-0.0005713885514973321,0.00039872046430057957,0.08646070301532746,0.0836257165670395,0.1,0,True,-0.11356271165388032,-0.00549526434300464
804.46,11.965983390808105,-0.036728426814079285,3.0938115909678072,-4.038643742322448e-05,0.0003261834863820418,0.08187970060532558,6.787862051047628e-05,0.00022746430767816588,0.08737951576709749,0.08803729534149171,0.1,0,True,-0.0041019657869737465,-0.023346592422012445
804.48,11.964324951171875,-0.03663193807005882,3.093841684009001,-0.0003421108460797859,0.0001538637291498624,0.0827030606365641,6.802468153734248e-05,0.00020761221113959623,0.08011829733848573,0.07865848422050477,0.1,0,True,0.05309183752958506,-0.009773446424190682
804.5,11.962759017944336,-0.03655068576335907,3.093734020153427,-0.00028108392231034345,0.0005692001753699641,0.08458021481828497,-0.00024388199664495108,-0.0008273307299640795,0.08491209864616395,0.08390070617198944,0.1,0,True,0.11715188867189051,0.004085088274182153
804.52,11.960902214050293,-0.03649435564875603,3.093834128345075,-0.00015295813942140917,-0.00011908448680315887,0.08633660732939454,0.00020436637232280983,-0.00038315524963396393,0.08464777350425721,0.08031716287136079,0.1,0,True,0.1049402970078533,0.004441451521770303
804.54,11.95922565460205,-0.03638523072004318,3.09374540450941,-6.075118707569648e-05,9.881540695087749e-05,0.0912518516990683,0.001994035893783915,0.0005542713696124409,0.09064628779888154,0.09269902586936951,0.1,0,True,0.13469253837860987,0.05971527965139634
804.56,11.957425117492676,-0.03631852939724922,3.09381103158903,-6.913911800145163e-05,9.004873592990284e-05,0.09109828439718473,-0.00028854505990812303,0.0005629283328808973,0.08640146851539612,0.0862458658218384,0.1,0,True,0.16539442483479808,0.023141247432242665
804.58,11.955459594726562,-0.03636086732149124,3.093778361862996,0.00046183754975232503,-0.00042248347365515923,0.09535561788857927,0.0007813989062393678,0.0039498916421500715,0.0915871971845627,0.09268172323703766,0.1,0,True,0.15832448457536108,0.018971853188668644
804.6,11.95362377166748,-0.03612320497632027,3.0938791626117057,8.172773429453083e-05,-9.988632794325026e-05,0.09956816131618515,3.0710722547154685e-05,0.0014681445449463964,0.09613259911537171,0.09698645710945131,0.1,0,True,0.1875153921208024,0.00983965885174857
804.62,11.951602935791016,-0.03608306124806404,3.0940613958407823,9.571217779950999e-05,-0.00011669760310776928,0.10391781046510366,-0.0016088758913359947,0.0020720196247067087,0.08939955115318299,0.09795106947422029,0.1,0,True,0.13319998522933515,-0.06910828011619215
804.64,11.949468612670898,-0.03594106808304787,3.093928483152626,0.0003945090951588612,-0.0003653306044116895,0.1060995157668566,0.0004593029603457942,0.0013501010410211856,0.101267546415329,0.10249692618846894,0.1,0,True,0.02484212922622135,-0.03260200739091299
804.66,11.947161674499512,-0.03583730384707451,3.0939441234329723,0.0003966586846740921,-0.0010589872122750905,0.10601161670691639,-0.00045193662191810036,-0.0015787707671402723,0.10746608197689057,0.10741874277591706,0.1,0,True,-0.12634176966958469,-0.0004576434127159617
804.68,11.945143699645996,-0.03575548902153969,3.0939871706949873,0.00024377253424374542,-0.00031226880336942273,0.10155553165428105,-0.0003617146898188808,-0.001140016046324271,0.11100730121135713,0.11121615111827851,0.1,0,True,-0.20438835804032657,-0.03541512495429551
804.7,11.943133354187012,-0.035642996430397034,3.093935094179411,-0.00021853657332025013,0.0001390630934093946,0.09381046889153172,0.0006362050536831321,0.002035408151689413,0.09901441991329193,0.10114473402500153,0.1,0,True,-0.27969735952697705,0.03999862160714193
804.72,11.941354751586914,-0.03552554175257683,3.09383728186892,-0.0003454504219922782,0.00040066438244983684,0.08974844712362211,-0.000514978250143505,-0.0014831089553239047,0.10052516043186188,0.09989931166172028,0.1,0,True,-0.221146987578448,0.05130199629957438
804.74,11.93966293334961,-0.03553061559796333,3.0941069560851076,-8.991979011961443e-05,0.0004142720579743644,0.08363582794474678,0.0005090006936192392,0.0016211189614327192,0.0912516462802887,0.0900162833929062,0.1,0,True,-0.14245952783984628,-0.016111424008750402
804.76,11.937973976135254,-0.03537159040570259,3.0938685219785613,-0.0003904781259986877,0.00016047747697220432,0.08386377264799616,0.0010012252581559074,0.0029641436576437787,0.08572879374027254,0.08499617099761964,0.1,0,True,-0.08910988354257167,0.058218183386175425
804.78,11.936448097229004,-0.03536606952548027,3.0940647836963255,-0.00028721557184070766,0.0005910792041009895,0.08241370666435438,0.00036232816828338666,0.0007464942309905532,0.08640182316303253,0.08464066803455354,0.1,0,True,0.04737281217417522,-0.017463288833213624
804.8,11.934649467468262,-0.03528548404574394,3.094074413361531,-0.00023587979749206328,-5.7899759158444864e-05,0.08261965644022286,0.0010500505254120826,0.003174345715565893,0.08029862105846405,0.08223505556583405,0.1,0,True,0.027815596130516256,-0.03241702882803571
804.82,11.933075904846191,-0.03524633124470711,3.094166675623587,-7.908464529840095e-05,0.00027302166500471305,0.08742565291868273,0.00011335782258116954,0.0002240558547749147,0.08829103529453279,0.08898820161819458,0.1,0,True,0.09424325931485408,-0.019538913293282233
804.84,11.931367874145508,-0.03514154255390167,3.0941224696358067,1.2136742240803432e-05,0.0002785275562993552,0.0860890203384386,0.00011675331191717247,0.0003707813513995952,0.0832479751110077,0.08180777609348298,0.1,0,True,0.14542771902243715,-0.027673275737490486
804.86,11.929461479187012,-0.03504355251789093,3.0940827081647075,1.3501979640109697e-06,-0.0004274920229318378,0.08995316740954656,-0.00032731740713220613,-0.0008166188324728251,0.08739310503005983,0.08799089908599854,0.1,0,True,0.10205349336605865,0.011303861352442492
804.88,11.927769660949707,-0.03496800363063812,3.094104075869643,6.474979651130731e-05,3.520392726715454e-05,0.09425387396202378,0.00033289780763936117,0.0009604836565655215,0.09358165204524994,0.09406914234161377,0.1,0,True,0.16136190788129356,0.0037617600098808733
804.9,11.925889015197754,-0.034878410398960114,3.094101346116989,0.00016359936383475402,6.496260621204164e-05,0.09558993238796,0.0003456065813031914,0.0011283647629694916,0.08701636493206025,0.08786696016788484,0.1,0,True,0.18120414607057997,0.02953265359836682
804.92,11.923834800720215,-0.034810200333595276,3.094199308328332,0.0001025083698180731,-0.00042232684859956935,0.09899797296893034,0.00019448724560527236,0.0006717221521897914,0.0960397106409073,0.09671498894691469,0.1,0,True,0.14139839335784443,-0.010262265565462069
804.94,11.921821594238281,-0.03470813110470772,3.094172977345745,-0.00011552754228700899,-0.0005244862360515805,0.10444949909520038,0.0005005049191348478,0.0015459934553977291,0.10037386775016785,0.10274729490280152,0.1,0,True,0.12439232445050147,-0.022945228951496054
804.96,11.9198579788208,-0.03460833802819252,3.0941578136418184,-0.0001850456592965418,1.6711734082133896e-05,0.10556574543065712,0.00011672345739542882,0.00013950241132813592,0.10028107523918153,0.1004259091615677,0.1,0,True,0.04140653464585404,-0.021305344096580345
804.98,11.917540550231934,-0.034522317349910736,3.094225025593421,0.00012317789705536578,-0.000558199067120933,0.10554131834400521,0.00012156967284277734,-0.0007072535531511319,0.10211373150348664,0.10150121331214906,0.1,0,True,-0.11732478454204062,-0.03497042339897234
805.0,11.915398597717285,-0.03441907837986946,3.094210468521238,-0.00011398869486386825,-0.0003747329738666394,0.10231049574060036,-0.00019987636294200532,-0.001032705375537508,0.11197637796401978,0.11415585458278657,0.1,0,True,-0.21839892939866865,-0.005612770222209752
805.02,11.913387298583984,-0.03431805595755577,3.094116397061493,-0.00036452740180278556,-7.004238537540715e-05,0.09506351633184566,-0.0003818482022141514,-0.0012516404165175137,0.10636632800102234,0.1049768102169037,0.1,0,True,-0.2521823392880931,0.04032181339433479
805.04,11.911683082580566,-0.034204695373773575,3.0940751972117755,-0.000292163198475878,0.00042889565966563184,0.08809383107877952,-0.0001267224148914026,-0.0003095192064482359,0.10185492634773255,0.0945904701948166,0.1,0,True,-0.2343470716796504,0.04672791833273788
805.06,11.909945487976074,-0.03413087874650955,3.0941248943600996,-0.00019265188848916143,0.00030565110887389096,0.08536673120097611,0.0004988641138305981,0.0025184915183927175,0.09086823046207429,0.0965544879436493,0.1,0,True,-0.15099324682928278,0.05012876201204589
805.08,11.90835952758789,-0.034074198454618454,3.0941857069847223,-0.00033278788739117966,0.000630935588175289,0.08356273000621874,0.0007862543011811821,0.002705528091083435,0.08707639634609224,0.0882442593574524,0.1,0,True,-0.01642837617366169,0.02713262647690259
805.1,11.906563758850098,-0.034033868461847305,3.0943178763829646,-0.0002566709737666105,-4.275538772067594e-05,0.08298405658549686,0.0009005958045002686,0.002758660544448209,0.08687389671802521,0.08528096973896028,0.1,0,True,-0.004136644538595274,-0.034590395183064615
805.12,11.90500259399414,-0.03395072743296623,3.0942916394590623,-0.00012718558814885659,0.0002778213276190806,0.08677956098488591,0.0006416170248970177,0.0018610909117050818,0.0824803924560547,0.07972831010818482,0.1,0,True,0.06394603220627429,-0.029083527587151412
805.14,11.903310775756836,-0.03388911858201027,3.0943455872036556,-8.480129667479168e-05,0.00028533979724172675,0.08503579963788832,-9.075697112957172e-05,-0.0002487400962538674,0.0824803924560547,0.07972831010818482,0.1,0,True,0.12180263525969948,-0.052690845396434635
805.16,11.901422500610352,-0.033797211945056915,3.0943345942576586,-8.052962921100242e-05,-0.0004173771927810995,0.08867841258271603,0.00010617751086651472,0.0003788458841134384,0.08614850878715516,0.08767440736293794,0.1,0,True,0.08958224225581073,-0.04718589073296341
805.18,11.899768829345703,-0.033705320209264755,3.0942979771752643,-4.561471304315442e-05,5.9764481905553174e-05,0.09272826740626396,0.0015348565121776525,-0.0014566070872627276,0.0918135666847229,0.09344981074333192,0.1,0,True,0.15574507132205917,-0.010545871805807464
805.2,11.897915840148926,-0.0336240753531456,3.0943219471297914,-5.053807514961355e-05,4.9524485391586485e-05,0.09394614036535444,0.001268905436009356,-0.0019137803469339225,0.0850085210800171,0.10245340883731843,0.1,0,True,0.15685453083084638,-0.03521030033170509
805.22,11.895895004272461,-0.03366105630993843,3.0942290586366745,0.00045872880949950805,-0.00045323937841111855,0.09749540534365943,0.0016779823752910662,-0.001092409840718896,0.09370826542377472,0.09461168229579926,0.1,0,True,0.15484870118607347,0.00424169784176222
805.24,11.89391040802002,-0.03354347124695778,3.0941814918299038,0.00017999133952984438,-0.0006428781776101953,0.10122677504919016,0.0012638337294721708,-0.00243797814242441,0.0968117117881775,0.09961989521980287,0.1,0,True,0.17816937471428002,0.054158249957005807
805.26,11.891971588134766,-0.03347012773156166,3.094210584388007,0.00013084646195578672,-0.00017347159575085812,0.10511616350115617,0.0010353030865624929,-0.0011172712599215764,0.09902260601520539,0.09870244264602662,0.1,0,True,0.11084836771554192,0.018892966984908912
805.28,11.889822006225586,-0.03334126994013786,3.0941269088783976,0.00011141661916689223,-0.00015809999011061552,0.10819969034248388,0.0009483909714079067,0.002418879649622602,0.09754593253135682,0.09817170202732087,0.1,0,True,0.0071587274414619,0.06945773543241829
805.3,11.887491226196289,-0.03334548696875572,3.094139676935881,0.00040286341245203796,-0.0005106018098605999,0.10636327476089472,0.0001622458348760833,0.00041902751807244224,0.10875725805759431,0.10888846516609194,0.1,0,True,-0.1352858735102465,0.02604662031543289
805.32,11.885260581970215,-0.03320854902267456,3.0943750022018737,0.0001235511006319419,-0.00014336029905793993,0.1017994732445074,0.0009998848852644372,0.0031186406921718955,0.1145782232284546,0.11492385864257813,0.1,0,True,-0.2762518178164238,0.005600359828984114
805.34,11.883471488952637,-0.03307946398854256,3.0942441065894526,-0.00029704124837500346,0.0003519214217739699,0.09429329362033091,-0.0010149837640059866,0.0009664583653141209,0.10987096011638642,0.1088579821586609,0.1,0,True,-0.26247462780968345,0.04426779015530021
805.36,11.881683349609375,-0.03303677588701248,3.0943764001337715,-0.00024075071640238484,0.00024290998825787235,0.08609954491715867,0.0008830012351299537,0.0028669084359415602,-0.014346402287483217,0.09307022094726564,0.1,0,True,-0.2461875617334203,0.05735311426615714
805.38,11.879960060119629,-0.03290734067559242,3.094216993605106,-0.0005756910227726491,-5.058442131345836e-05,0.0853653045361093,-0.001491703339571362,0.003960450730498271,0.08753418803215028,0.08889710307121278,0.1,0,True,-0.13424733261765215,0.11543652732951422
805.4,11.878376960754395,-0.032954007387161255,3.094604354876749,0.00011857852706985857,0.00016429487835144935,0.08210446830585169,-0.000715703601362451,0.007706889833460294,0.08949848532676698,0.09070510923862458,0.1,0,True,-0.01172699706529248,0.032928301137281936
805.42,11.876655578613281,-0.032636843621730804,3.094560942647892,-0.00027882283173680754,-0.0002374540657335057,0.08355350701092851,0.0012105581887605068,0.01020138055166686,0.07875286221504212,0.08167522966861726,0.1,0,True,0.009635312347278897,0.01794659939170228
805.44,11.87512493133545,-0.03267106041312218,3.0949929513204486,-0.0003291104581571605,0.00043690900090260864,0.08516138515193479,-0.0025845741863858435,0.005501172526925463,0.08667892813682557,0.08570887088775636,0.1,0,True,0.1140382196766322,-0.09269423030016921
805.46,11.873278617858887,-0.03268982097506523,3.09503310404924,0.00020918127556066921,-0.00012189182922585571,0.086136129523892,0.0015900866806282834,0.005396178681835188,0.07927953481674195,0.08214018523693085,0.1,0,True,0.10396644259096598,-0.1055364159748685
805.48,11.871581077575684,-0.032430101186037064,3.095044448678903,-0.00016911539385101526,6.104357817181668e-05,0.09122752587998693,0.00040213751703041577,0.0002913514094429622,0.09002916753292084,0.09212752580642701,0.1,0,True,0.1302117781264315,-0.049829128883065024
805.5,11.869766235351562,-0.03244319185614586,3.094992636942439,-0.00019124225679756777,0.00011875857448342976,0.09187082241821004,-0.0013606301917106793,0.0017584672736730596,0.08754247426986696,0.08790755689144135,0.1,0,True,0.1508327527493351,-0.022834240806938393
805.52,11.867833137512207,-0.03236360102891922,3.095016259433204,0.00015866450415603087,-0.00021489839806689852,0.09557832740203984,0.0005130555910059578,0.001514842216283886,0.09242586374282838,0.09383580505847931,0.1,0,True,0.1234021859456048,0.02566956892790189
805.54,11.865942001342773,-0.03223871812224388,3.0951737814311335,0.00021109436454774816,-0.0001649536012024953,0.09820274974382784,-0.00024925520368151034,0.003569439417281778,0.09797488093376161,0.09822622179985048,0.1,0,True,0.16765634783136577,-0.009888033747650375
805.56,11.863941192626953,-0.03211509436368942,3.0951656360562056,0.0002672101879957075,-0.00026022772196983046,0.10109970075562634,-0.0006984310374791979,0.002344916923673246,0.09536724030971527,0.09871279418468476,0.1,0,True,0.09319624412765413,-0.03727757633935611
805.58,11.861919403076172,-0.032058726996183395,3.095278192095822,0.00016200714247150704,-6.124972229257946e-05,0.10528333024472616,-8.633802243374414e-05,0.0009674245738606249,0.10109972298145295,0.10284135997295381,0.1,0,True,0.00553204625719795,-0.05218421124208904
805.6,11.859756469726562,-0.031932421028614044,3.095203852787098,0.00031861633224662065,-0.00014838262167223947,0.10303402693225598,-0.00046854693924912923,-0.0014673638908661289,0.10109972298145295,0.10284135997295381,0.1,0,True,-0.11206224985829864,-0.012495976026737873
805.62,11.857528686523438,-0.03184186667203903,3.0952511753970424,-0.00015848549326993717,-0.0004434244554665352,0.0986453134444039,-0.00027917110946782883,-0.0006052974820874811,0.10201685428619385,0.10551864504814149,0.1,0,True,-0.2814571403579029,-0.006625002362331405
805.64,11.855709075927734,-0.0316954180598259,3.0950482469449363,-0.0006358176138469844,8.898152796869926e-05,0.09213472076695786,0.0003970567581635313,0.0013452388415337046,0.10774208545684816,0.1095634013414383,0.1,0,True,-0.26615761165497503,0.0545667896953645
805.66,11.854037284851074,-0.031670838594436646,3.095229768297255,-0.0004606872471838021,0.00035420209098078673,0.08276675901611441,0.0001239056709688908,0.0004374243848745945,0.09458036065101624,0.0935175108909607,0.1,0,True,-0.23369366450039036,0.0327034771779639
805.68,11.852392196655273,-0.03162120655179024,3.0953114718944206,-0.00035982341742824936,0.00013620868090703417,0.08174141799987734,0.0008696795220641414,0.0028979792847590607,0.08340493381023407,0.086160746216774,0.1,0,True,-0.1440410997261964,-0.035889363434378145
805.7,11.850914001464844,-0.031544893980026245,3.0952861693478324,-0.00010739439862289098,0.0005731057313738012,0.07994982028436311,0.0006469673106764642,0.0020109806921509692,0.08205445230007172,0.08233358919620515,0.1,0,True,-0.00743611368696531,-0.020007862620782992
805.72,11.849173545837402,-0.031462378799915314,3.095280085287717,-0.0002494382844947997,-4.3021950744404686e-05,0.08061143278885625,-0.0004960498208166548,-0.0015259102332180158,0.0791982537508011,0.07803455471992493,0.1,0,True,0.034202705322162,-0.04398366734010494
805.74,11.84764575958252,-0.03142647072672844,3.095390646752627,3.4300612238621386e-05,0.0002454716661648549,0.08217186992115688,-0.00044402422524888584,-0.0011632046247888638,0.08648365914821625,0.08612921595573426,0.1,0,True,0.10582233791789089,-0.05327955364053293
805.76,11.845952033996582,-0.03128300607204437,3.095189399075763,-0.000241896273828917,7.992209773379725e-05,0.0844776344256517,-0.00022343432186964964,-0.0006207141024511349,0.08069138705730439,0.07758398532867432,0.1,0,True,0.10050612423543116,0.04513485818509874
805.78,11.844348907470703,-0.0312057975679636,3.0951931129778494,-0.00010306934978897986,0.0005211276895217466,0.08841560731778668,-0.0007340810364069974,-0.0022513835990877894,0.08757301151752472,0.08804374992847444,0.1,0,True,0.15662232145573932,0.015422187419141694
805.8,11.842423439025879,-0.03113103285431862,3.095230428159521,-4.831650063379977e-05,-0.00020761770324834042,0.08865192272768344,0.000598977311526742,0.0020848784215865995,0.08641050159931184,0.08411781311035157,0.1,0,True,0.13879751004618618,0.023993385955254156
805.82,11.840582847595215,-0.031039729714393616,3.0952105360647,-2.686307163164152e-05,-0.000448187186473759,0.09470165563762244,0.00035813475591619983,7.057036874310305e-05,0.09488209903240205,0.09556962311267854,0.1,0,True,0.12566129373784923,0.04528523424145749
805.84,11.838865280151367,-0.031002182513475418,3.09535618934949,1.7411713951167564e-05,0.0002274305516177263,0.09558143522935228,0.0004170475357319816,0.0012987567739701795,0.09091828167438508,0.09145838916301728,0.1,0,True,0.19066992604261102,-0.062161597793168794
805.86,11.836779594421387,-0.030883146449923515,3.095198758607349,0.00019152553179989734,-0.0003724303292858155,0.09846851081681976,0.0004499691637677491,0.0013714351402306629,0.10281567931175233,0.10408501744270325,0.1,0,True,0.11472020275710555,0.0686237870750196
805.88,11.834783554077148,-0.030810939148068428,3.0953343287014388,9.28988132452518e-05,-0.0003754427231656103,0.10390551681110012,0.0018296959687625646,-0.002888049401869448,0.10281567931175233,0.10408501744270325,0.1,0,True,0.0908549483975629,0.023690950611564
805.9,11.832712173461914,-0.030710352584719658,3.0953202508759183,-0.0001339698676754515,-0.0003330559808760535,0.10387927185818253,-0.0001797887555227435,0.005560473334739677,0.10123377978801729,0.10134195148944855,0.1,0,True,0.011587499295208503,-0.002970266747025724
805.92,11.830554962158203,-0.0307640191167593,3.0951251453973407,0.0005363315835375822,-0.00044596635223265066,0.1028498311011507,-0.0006047048641044384,0.0031940328228935756,0.10476254463195801,0.10433515250682832,0.1,0,True,-0.1292186672091083,0.04134378417224927
805.94,11.828478813171387,-0.030484376475214958,3.0956435964741282,0.00024330127779097782,-0.0001318615481909453,0.09939551076043691,0.00023374610138111613,0.0011338138004684834,0.1079890662431717,0.10883025288581849,0.1,0,True,-0.17946591922533262,-0.14369558668302088
805.96,11.826566696166992,-0.03038041852414608,3.0955898513272704,-0.00011494839647154533,0.0004407580767328831,0.09356802343436617,6.458566359273873e-05,0.00041945333191218597,0.10085600078105927,0.10280572831630708,0.1,0,True,-0.22992181548692792,-0.12208807314082487
805.98,11.82476806640625,-0.030363790690898895,3.095410955979956,-0.00036212850630339095,0.0005309655051849645,0.08952199832014858,0.0024162329776044192,-0.005935173599907874,0.09717116177082062,0.0952040857076645,0.1,0,True,-0.20305167064912308,-0.060136528003357656
806.0,11.823077201843262,-0.030424950644373894,3.0951587016638937,-0.00024216522607955316,0.0005029633174648227,0.08445608586218706,0.0022976091999690846,-0.006573013028377411,0.092572078704834,0.09100024700164795,0.1,0,True,-0.13075562119236842,-0.006531622261249194
806.02,11.82131576538086,-0.030346844345331192,3.095168782586136,-0.0003447087676397203,-0.00011772167694366079,0.08315137710852184,0.0016111347957423923,-0.0036771084397957533,0.08597034633159638,0.08635488867759705,0.1,0,True,-0.08287472882056299,0.07369819899918514
806.04,11.819808959960938,-0.030250411480665207,3.0950640102850007,-0.0001180360561934688,0.0002751900182701281,0.08310757373898621,-6.026905065598109e-06,-0.00010307644898727433,0.08698318660259248,0.08657729864120484,0.1,0,True,0.022788005978389078,0.10021016071595813
806.06,11.818117141723633,-0.030183836817741394,3.0951167873047725,-0.0003911244330560565,0.0001055264303197869,0.08289202001450957,5.596975767122557e-06,-3.9317679978425485e-05,0.07992042899131775,0.07780657887458801,0.1,0,True,0.07638433452029493,0.043373513168874896
806.08,11.816435813903809,-0.03011523000895977,3.0951504555479747,8.553419421955949e-05,0.0001265764344669756,0.08627912634045912,0.0003045949645420587,0.0014437998289033413,0.08623805522918702,0.08501364469528198,0.1,0,True,0.09040529054025338,0.010688393370930284
806.1,11.814691543579102,-0.03003920428454876,3.0951656371717378,0.00030719290537073983,8.003774343682522e-05,0.08926212387014856,0.0015973558676926321,-0.0002072273862839863,0.08539257526397706,0.08579820036888124,0.1,0,True,0.12286387783839546,-0.0021221280919346717
806.12,11.812912940979004,-0.02995430864393711,3.095179514271313,-0.00016578479739524327,8.172472128678717e-05,0.09033999698221018,0.002027943999595541,0.0007519950206875857,0.08801978409290315,0.08932776212692262,0.1,0,True,0.11925916972675651,-0.03333799708572721
806.14,11.810977935791016,-0.029980072751641273,3.0951002091138697,0.0002949478616966037,-0.00043891907348593545,0.09272113024158624,0.001639691865808451,-0.00020908792733328606,0.08801978409290315,0.08932776212692262,0.1,0,True,0.13352913431163554,-0.0005067453139747461
806.16,11.809208869934082,-0.029941974207758904,3.0952106151496297,0.0005204691487286482,-4.861873665220637e-06,0.09581985991859096,0.0014634633801963548,-0.0012232399379524098,0.0950585299730301,0.09598974287509919,0.1,0,True,0.18151152959652578,-0.018165423467659023
806.18,11.807275772094727,-0.029825495555996895,3.095148910137551,0.00021446095285571767,0.00011015668448999702,0.09994445461506969,2.3632094584652603e-05,-0.0002477670114019291,0.09213070929050446,0.09292950093746186,0.1,0,True,0.18042764273328066,-0.0019963167427414935
806.2,11.80525016784668,-0.02971584163606167,3.0950816550762767,0.00023702139246606913,0.00021324477422223027,0.10486091934993967,-0.0002201692313961636,-0.0007012388567258797,0.09972839653491974,0.10062610566616059,0.1,0,True,0.13367421546383018,0.0011479967985737367
806.22,11.802990913391113,-0.029610751196742058,3.0950803877529576,0.0004593815077258383,-0.00038325948172157116,0.10715534166025607,-3.079918742561038e-05,-0.00036879326675268723,0.10450301349163056,0.10438789904117585,0.1,0,True,0.019022888490843343,-0.021490789069377365
806.24,11.800829887390137,-0.029534345492720604,3.0951545160410916,0.000338137883741861,-0.000232055627686759,0.10651379715570285,-0.0003575774553600426,-0.001131400194066464,0.11182214796543122,0.11297215759754183,0.1,0,True,-0.11341683774698304,-0.01657226058355381
806.26,11.798712730407715,-0.029424455016851425,3.095119406676211,6.291641539566331e-05,9.178559611805358e-05,0.10146628569433794,-0.0006207470288844014,-0.001967030136952998,0.10831454515457155,0.1105478072166443,0.1,0,True,-0.20966591568608312,-0.02067519834601229
806.28,11.79673957824707,-0.029291704297065735,3.0949911430607515,-0.00021926283286686796,0.00046861815253144496,0.09578757233018928,-0.0006449817062645245,-0.0020270197034089788,0.1058416497707367,0.10612024426460268,0.1,0,True,-0.25064199283780575,0.021835492251540665
806.3,11.79488468170166,-0.029184043407440186,3.0949230253420015,-0.00045923448416694453,0.00045771934025683257,0.09038206840538468,-0.0006495794666410001,-0.0020228091344321663,0.10167444825172425,0.09831578493118287,0.1,0,True,-0.21483436318512913,0.04173598276652813
806.32,11.793177604675293,-0.029125824570655823,3.094992354464819,-0.0004073446734482372,0.00041353322385712576,0.08646243772866813,0.00022490575847679663,0.0006154391860576829,0.09151960968971254,0.09010182023048402,0.1,0,True,-0.14672835668301387,0.02599856688633094
806.34,11.791492462158203,-0.02903521992266178,3.0949575819454562,-0.00024108744126234743,0.00025949992251828795,0.08427953663951882,0.0004619597732327613,0.0013718484843709608,0.08637946367263795,0.0865305894613266,0.1,0,True,-0.06842053285574509,0.035541916993514916
806.36,11.78982925415039,-0.02898745983839035,3.095040378195636,-0.00015011699347593105,0.0001537108915011709,0.08404930379554217,1.8364817490748586e-05,5.286564749856039e-05,0.08676502406597138,0.08533701241016389,0.1,0,True,0.003581259835080219,-0.008599162975440148
806.38,11.788147926330566,-0.028906643390655518,3.095032773220751,-8.799794561101435e-05,1.6500774492772444e-05,0.08490842577692227,0.00027761902551964694,0.0008205442250504815,0.08343932628631592,0.08454302310943604,0.1,0,True,0.05592213496441234,-0.017915167942132902
806.4,11.786460876464844,-0.028814390301704407,3.0949965837166187,-5.576685217813882e-05,3.3660535662272974e-05,0.08674893851547429,-3.324666647006123e-05,-7.249385197690316e-05,0.08442652761936188,0.08540378212928773,0.1,0,True,0.09861244850197778,-0.0017530776347243538
806.42,11.784706115722656,-0.028741253539919853,3.09502322548346,1.8005300392936045e-05,-5.573739444778399e-05,0.08875330743666773,-2.440303009187267e-05,-6.136495099836795e-05,0.08666699528694154,0.0860539221763611,0.1,0,True,0.12427332295783877,-0.0015505991593630628
806.44,11.782896995544434,-0.028661547228693962,3.095034578687478,0.00012072230082136367,-0.0001701552130506846,0.09193829967570442,3.528543728507569e-06,-8.738056327945968e-05,0.08872748136520386,0.0898853349685669,0.1,0,True,0.14787095516626753,-0.004903668664391533
806.46,11.781055450439453,-0.028574157506227493,3.0950278640246713,0.00012627087822107978,-0.00015609879690700335,0.09485029161355446,0.00025747739795921754,0.000696496292301373,0.09124817907810212,0.09255198895931245,0.1,0,True,0.1537568063666666,0.0021110408249256085
806.48,11.77911376953125,-0.028472358360886574,3.0949895932715563,0.0002045769339979482,-0.0002503151256246148,0.09857861492878174,-0.00010115412146676633,-0.0004647873451284265,0.0927254742383957,0.09451596081256868,0.1,0,True,0.16286604166940857,0.054529942702761174
806.5,11.777125358581543,-0.02840862236917019,3.0950789451868443,5.305187359336457e-05,-0.00020207242649128516,0.10105385194600736,4.0239404369334965e-05,0.00010751831499576711,0.09716566681861878,0.09919638335704804,0.1,0,True,0.1577590489725233,-0.024928301884465306
806.52,11.775019645690918,-0.028286071494221687,3.0949973956998678,0.0001331559774830082,-0.00040892027319227756,0.10496758300924526,0.0003168185602722166,0.004275014852937467,0.09863568544387818,0.10234738588333131,0.1,0,True,0.06965072934015333,-0.007983311266635455
806.54,11.772979736328125,-0.028201477602124214,3.095036465489871,0.0005074420598692039,-2.194620555795062e-05,0.10747101553134485,0.000626609792567373,-0.0012977678584540375,0.10478398203849794,0.1056328582763672,0.1,0,True,-0.012541642725684076,-0.014364337801637796
806.56,11.770724296569824,-0.028106538578867912,3.095331594459791,0.00013599505563554603,-0.00030163054000477283,0.10415067327598894,0.000400941784796726,-0.001103452246458682,0.10489892542362214,0.12064160466194154,0.1,0,True,-0.18978744189963823,-0.12722212658031323
806.58,11.768534660339355,-0.02805856615304947,3.094975123758168,-4.4770001348309966e-05,-0.0003521855353835817,0.10005052052795212,-0.00044203492508826034,-0.0010416287091358444,0.10897387266159059,0.11054062664508821,0.1,0,True,-0.32527883849110745,-0.010880539957721829
806.6,11.766695022583008,-0.027932800352573395,3.094909119520151,-5.035028768277514e-05,-0.0002199922128646259,0.08978458765726643,0.000901350547266872,-0.0059027552734928,0.10664933264255524,0.10677871644496918,0.1,0,True,-0.3326092465174473,0.0001448219859116964
806.62,11.764986038208008,-0.0277931597083807,3.09495313519314,-0.0003710746126045107,-0.0005004652475438772,0.08144870845204294,4.312165396134961e-06,-0.002168211055072229,0.09023472964763642,0.09017060101032258,0.1,0,True,-0.30530176853444785,-0.000809090598200323
806.64,11.763545989990234,-0.027843372896313667,3.0948593740379113,-0.00038434145789013115,-0.00015244357548767657,0.07754193355457954,0.0006157386321957946,-0.0010918664875857404,0.08793920397758485,0.08390031814575197,0.1,0,True,-0.14554991249667099,0.04417404080631442
806.66,11.762025833129883,-0.027755122631788254,3.0948016668737623,-0.0004646066023231133,-0.00014077110188817158,0.0756263790452185,0.0015146535483864581,-0.0011063559569918114,0.07884184539318086,0.0758360356092453,0.1,0,True,-0.02209505298414839,0.011611763867823689
806.68,11.760496139526367,-0.02769220806658268,3.0948217702011442,1.4182153203507707e-05,-7.14023901132181e-05,0.07814059465754335,-0.0006986238543241585,-0.00236883200899086,0.07740848898887635,0.07792511463165284,0.1,0,True,0.05665808657742461,-0.009568004600528325
806.7,11.758936882019043,-0.027631212025880814,3.0948646267165807,0.00013822752615409934,2.031393768120794e-06,0.07968110421331016,0.002337845076283564,-0.0012392699456458588,0.0784348601102829,0.07865549683570862,0.1,0,True,0.11499849618060093,-0.00646447759102833
806.72,11.757304191589355,-0.02749527432024479,3.094669867477192,-0.00023184351092585663,-0.00010838999247723136,0.08207458048077583,-0.0005938895111117833,-0.001857306855628398,0.07999960720539094,0.08039735496044159,0.1,0,True,0.11604255942529881,0.08252626052153897
806.74,11.75564956665039,-0.027644187211990356,3.0947025252781106,0.0003791585134050155,-3.562647148360122e-05,0.08482625873967128,-0.0004885887574905944,-0.0016235141642743423,0.08488476157188417,0.08236620843410493,0.1,0,True,0.1393951330685516,0.06214171939754018
806.76,11.753939628601074,-0.027336768805980682,3.094673185652694,-0.00013272631661490574,-1.213780678005441e-05,0.087423999411572,0.001376102207053794,0.004233268832735635,0.08190508723258973,0.08395275175571443,0.1,0,True,0.15273862712173142,0.10508797099528808
806.78,11.75216007232666,-0.027274083346128464,3.094734745583439,-0.00018713520807132702,1.080755677146915e-05,0.09083271485878415,-0.0038777703538301093,0.0037320676061528336,0.08313065350055696,0.09097961485385896,0.1,0,True,0.1646035675237137,0.11239122001313316
806.8,11.750312805175781,-0.027277210727334023,3.0950085289838105,0.0003729278404848464,1.943648828184995e-05,0.09429367065050323,-0.0003444042950757429,0.006549730823987001,0.0895758068561554,0.09070126235485078,0.1,0,True,0.1783208259553096,0.013121632066926053
806.82,11.748405456542969,-0.02699393220245838,3.095001090686603,-0.00010712133421905776,7.336911479372002e-05,0.09799454414157512,-0.00011709659001798208,0.007367783436780911,0.09268335044384003,0.09397997140884401,0.1,0,True,0.18055570709204155,0.019489264303650607
806.84,11.746405601501465,-0.02695796638727188,3.095197164118613,-0.00022046138705175233,9.495073650278968e-05,0.10168966548800407,-0.0008143080869754222,0.005282999398090256,0.09072796523571015,0.10122697055339815,0.1,0,True,0.19357311725250356,-0.04260423443033565
806.86,11.744329452514648,-0.02689960040152073,3.0953241682583816,0.000287316730740856,0.00010562915629743626,0.10527717142615486,0.0015881814961449083,0.00529120875044568,0.09969145894050599,0.10031943142414095,0.1,0,True,0.14911337922213597,-0.07477031199600226
806.88,11.742189407348633,-0.02683483622968197,3.095431168935658,0.0002785878591608896,0.00030365123601746083,0.10977952003071144,0.000991048249440605,0.0031413920695584057,0.10385556459426881,0.10409618675708772,0.1,0,True,0.054079172425769345,-0.06397521190882931
806.9,11.739986419677734,-0.026731308549642563,3.0954243873866383,-0.00016781455176359056,0.0004646005380474501,0.10992361447933514,0.000455772510630237,0.0013861584771061712,0.10458945155143738,0.10996445357799531,0.1,0,True,-0.07467046156586009,-0.06914967862143676
806.92,11.737628936767578,-0.026631902903318405,3.0954484754841776,4.8773984888594564e-05,-1.5203862168704502e-05,0.10601599928206168,5.165379971878992e-05,0.00016498244538856616,0.11171817362308503,0.11185005664825441,0.1,0,True,-0.21967804753879938,-0.024094842867475937
806.94,11.735543251037598,-0.02653016895055771,3.09543506093655,-0.00034095521014662497,-1.0057972273584413e-05,0.099303534500883,-8.060465237922764e-05,-0.00024076553927209095,0.05701730132102967,0.11441072940826418,0.1,0,True,-0.30809485848342233,0.013499305867611408
806.96,11.73371696472168,-0.02644774131476879,3.095444367531289,-0.0005856273409004264,0.00012654129497942788,0.0922052762275985,0.00038646692399665113,0.0012138046401593446,0.10323594927787781,0.040507181286811834,0.1,0,True,-0.26856171601167494,0.0670405403102888
806.98,11.732050895690918,-0.026358308270573616,3.0954051261434965,-0.0006767174131963737,0.0002502587484910775,0.08527602580064875,-0.001766711173137086,0.0024661029465156362,0.08283352553844453,0.048546955585479744,0.1,0,True,-0.19190546038311102,0.05307290334039883
807.0,11.73025894165039,-0.02632249891757965,3.0955455798553904,-0.0003518065552369717,-0.0003427425064949852,0.0845310620011167,-0.0006378968395113725,0.005528225670214415,0.08598171174526216,0.0858073377609253,0.1,0,True,-0.10728509124609897,0.03985658474732678
807.02,11.728734970092773,-0.02607399970293045,3.0956323491722713,-0.0005253707998296664,0.00011219864847381712,0.08395109767024808,-0.0015287399231771557,0.004005066727955954,0.08738913297653199,0.08850539267063141,0.1,0,True,0.02338189699216772,0.010322132120254282
807.04,11.726963996887207,-0.02608548104763031,3.095886625584906,-0.00026004155771764764,-0.00031689906998070774,0.08362246892791839,-0.0014181230394646653,0.0044023314199425866,0.08013416469097139,0.07954393088817598,0.1,0,True,0.05037644351246613,-0.06859028460366762
807.06,11.725347518920898,-0.025927573442459106,3.0957255314817327,-0.0001943353024809362,-2.1968653404866733e-05,0.08714657756002046,0.0008589224978503532,0.0032918735161352277,0.08520407795906068,0.08951499104499817,0.1,0,True,0.10900056114213293,-0.016669780491444762
807.08,11.723581314086914,-0.02590350992977619,3.095897766368986,-0.00021828227509194945,-1.8468344571128442e-05,0.08856117748211605,-0.0003380514361283589,4.1002901918198e-05,0.08325410008430481,0.08247340798377992,0,0,True,0.13211445043037467,-0.05693193912513492
807.1,11.72176742553711,-0.02582298032939434,3.095895699053562,9.96472828286598e-06,1.6546424054459923e-05,0.09267114256162318,0.0005992682650469787,0.0026714842886396907,0.0897876524925232,0.09051491379737855,0,0,True,0.08474379025924934,-0.03852844005179505
807.12,11.719887733459473,-0.025734834372997284,3.0958899058170593,7.120395050486313e-05,2.6595276275326566e-05,0.09419162496235377,-3.0181110821741325e-05,-0.0001522237100705367,0.09221352577209474,0.09303972959518433,0,0,True,0.03111649729436695,0.001799095052033178
807.14,11.717939376831055,-0.02563679963350296,3.095939250224824,0.00012642093752601922,3.2261019432963344e-05,0.09392608078076388,3.102609766386221e-05,0.00020959831199004653,0.09540903449058534,0.09587368965148926,0,0,True,-0.10394095965217727,-0.04309039988230672
807.16,11.71605396270752,-0.025556832551956177,3.0958855884721803,0.00023528285884833814,5.220716286604191e-05,0.09105049726566314,2.8069583752218796e-05,0.00018493050608072134,0.09858212113380434,0.09910729169845582,0,0,True,-0.21987577617668613,-0.00024027822620158778
807.18,11.714261054992676,-0.025482535362243652,3.0959124669185214,0.00032686776656683654,4.716663778023975e-05,0.08435586578945656,2.5786371270450446e-05,-0.000775747701941712,0.09610075592994691,0.09487317442893983,0,0,True,-0.3313874168877189,-0.018626968081704373
807.2,11.712611198425293,-0.02540426142513752,3.0959047002575457,0.0004327245192259829,1.120458581350962e-05,0.07660156286820988,-2.5949753780497593e-05,-0.00017144596816667356,0.08938213169574738,0.0893142729997635,0,0,True,-0.44394442157235703,0.010339529883323281
807.22,11.711197853088379,-0.025330696254968643,3.0958771904086686,0.00041980454215568284,8.101814526240082e-05,0.0674150874297328,-0.0003336454326748552,-0.0012805591345470657,0.08107842445373536,0.0809477972984314,0,0,True,-0.5392689209576451,-0.0453568909274434
807.24,11.709932327270508,-0.02527487464249134,3.095871872794727,0.00047266475501268575,6.502402850831667e-05,0.055534943539856406,0.0003285313039099419,0.001012092896747007,0.0705007290840149,0.06942411482334138,0,0,True,-0.5509579475239355,-0.016829006645325863
807.26,11.708874702453613,-0.02520940452814102,3.0958100221877576,0.0004394480929152977,-6.843935614501004e-05,0.04121435211282288,-0.001221021118929274,-0.00440429897613904,0.06096863508224488,0.06075005114078522,0,0,True,-0.5740259379761704,-0.03123097316705258
807.28,11.708171844482422,-0.025227459147572517,3.0959856676892854,0.00011890370502859995,-0.0003235523439900517,0.03252492706633513,0.0003787182192093407,-0.001517766499791518,0.048475154042243965,0.048757213652133945,0,0,True,-0.49691878326160704,-0.13300168938706183
807.3,11.707908630371094,-0.025082217529416084,3.095524846490578,-0.00023454868764947702,0.0004145836049091451,0.021493012391680937,0.002057494791179209,-0.0037790369879089998,-0.03753132462501526,0.03174959495663643,0,0,True,-0.3287831172082447,-0.018015123185763846
807.32,11.707331657409668,-0.025186512619256973,3.0957504514747436,-0.00013184358295270215,-0.0001016740697323161,0.0157814408789075,-0.002719028159083739,-0.009628042254223384,0.018334325253963474,-0.0024693697690963746,0,0,True,-0.2905774100387724,-0.11694458048224356
807.34,11.707149505615234,-0.025294646620750427,3.0955076992287247,0.00020968023117724812,0.00031902298380037073,0.014911702736149845,-0.0016965105297740092,-0.005845508831000885,0.022518768906593326,0.022240568697452546,0,0,True,-0.19843125664499683,-0.07741265075671211
807.36,11.706920623779297,-0.02495230920612812,3.095215424308947,-0.00014052165133955944,0.00022545144420793058,0.009278734263221441,-0.0039906643387779325,-0.010873332938375788,0.015990106463432314,0.012541711553931238,0,0,True,-0.18531541839739366,-0.010275681336870037
807.38,11.7067232131958,-0.02489168383181095,3.0950572057840975,-0.00014261491276001972,0.00021392553159922838,0.005618511860073067,-0.0027688260430420693,-0.009972049048449137,0.01140425018966198,0.007229966148734094,0,0,True,-0.22488332295839475,-0.05349978981052845
807.4,11.706604957580566,-0.024833189323544502,3.0948805848396743,-0.0004432585728668955,-1.3241477011174874e-06,0.0009562074071294913,0.0014998479420295402,-0.010450096761172239,0.008980563208460808,-0.03699920479208231,0,0,True,-0.19142438472506687,0.08008962731478904
807.42,11.706710815429688,-0.025052471086382866,3.0947099353048495,-0.0001116053213915587,0.00028760143961193134,-0.0030789631005053724,0.0027975883533054584,-0.010125492015839269,0.013731083162128926,-0.003647617176175118,0,0,True,-0.1475527798925318,0.0436536519362394
807.44,11.706838607788086,-0.02506859414279461,3.094379416568053,-9.604884703348701e-05,0.0003322942107400945,-0.006035216514791742,0.0019465465657909217,-0.004466162753189387,0.0030856523104012016,-0.010652385726571085,0,0,True,-0.07269997611155642,0.13737663301455985
807.46,11.706958770751953,-0.025126788765192032,3.09424716642283,7.085830754586608e-05,0.000361079088246227,-0.006185710531335514,0.0005827347896742766,-0.006479756893548199,-0.004112714733928442,-0.006585949771106244,0,0,True,-0.017297401763642327,0.1690127513420942
807.48,11.707079887390137,-0.02501152642071247,3.094523291819419,-0.00015022763033475196,0.00024420333260894133,-0.0048597906817979975,-0.0012117352651536911,0.0005400338799981723,-0.004112714733928442,-0.006585949771106244,0,0,True,0.02001046579141115,0.0463078626711987
807.5,11.707202911376953,-0.02512245811522007,3.0941915547533654,4.979018107624587e-05,0.0002736021932256186,-0.0044627552415974665,-0.001523961999343506,0.0033955280915351845,-0.0004950896650552751,-0.009919825047254563,0,0,True,0.035799757528462955,0.07692109192384007
807.52,11.707231521606445,-0.024990055710077286,3.0944226192784527,-0.0001944777629245317,7.218327628779109e-05,-0.004434379251480306,-0.00010897988872151596,-0.00076153373949686,-0.0029951944760978223,-0.0077736774832010275,0,0,True,0.018396301942984066,-0.07767142714405648
807.54,11.707321166992188,-0.025021925568580627,3.0945188086701525,-0.00027490189824658657,-1.3751393021253116e-05,-0.0033217299290610827,-0.0027009733484581583,-0.0003260695396465893,-0.0018675638921558859,-0.004349290393292904,0,0,True,0.034929160543064774,-0.12509463811892665
807.56,11.70743465423584,-0.02501954510807991,3.0944623691202593,-0.00019149490095045628,0.0001942902476061065,-0.0033880865263606107,-0.0017970901989965218,-0.005673680291520695,-0.003913297932595015,-0.004322831854224205,0,0,True,0.04009844879034547,-0.07795680641240307
807.58,11.707478523254395,-0.02491912432014942,3.0941654691901936,-0.00023648787775202166,5.853014249450809e-05,-0.0016684223981508549,-0.002061851553146341,-0.006612042957984069,-0.0041675523854792125,-0.006810727007687092,0,0,True,0.04609067790812905,-0.022814201298003035
807.6,11.70750904083252,-0.024859217926859856,3.093968724855131,-0.0002587674676467226,-0.00012446385561222886,-0.0012265033482510269,-0.002311294275656893,-0.006998078252492296,0.0011794709414243698,-0.007991174794733526,0,0,True,0.06843258229363988,0.07257426461043408
807.62,11.707462310791016,-0.02486349083483219,3.0939898452335135,-0.0003316170965374238,-0.00036277401750555647,0.0003655243035911275,-0.0006582817585875538,-0.002151205643487766,-0.000633397288620472,-0.00772455643862486,0,0,True,0.042566217431592134,0.05875866463260055
807.64,11.707541465759277,-0.024839522317051888,3.0939025228600596,-0.00023438144281921674,-3.0609277198295253e-05,0.00208652005713338,4.22636966783096e-05,0.00013226087731700126,-0.0006188779883086682,-0.0006317643448710442,0,0,True,0.0704828663846439,0.06498942293662968
807.66,11.707451820373535,-0.024865129962563515,3.0939933727387148,-0.00025273462130454466,-0.0001366220725471634,0.001736874996373419,-0.0003844784293435421,-0.0019113497873803002,-0.0018885690718889237,-0.004605504795908928,0,0,True,0.055171774166658895,0.03160119303534969
807.68,11.707342147827148,-0.024854637682437897,3.093979305725316,-0.0003574582554825915,-0.00032432005875942654,0.004412125962515357,0.0018292649154764142,-0.0017989244175666505,0.0029949943348765375,0.0021263895183801654,0,0,True,0.01933890111318998,0.013433942217794816
807.7,11.707324981689453,-0.024826155975461006,3.093836937250523,-0.00022906815716934657,-4.803027082946906e-05,0.0047792662369260976,0.00013563858298196112,0.0003768897993415025,0.0026322921551764013,0.0026280655898153786,0,0,True,0.03848501308367755,0.04692638211149651
807.72,11.707181930541992,-0.02496889792382717,3.093758608906654,-0.0001366785532567176,-0.00020416824179795434,0.00363363214618937,0.0003833119749845971,0.0012069762547411364,0.001800663396716118,-0.002099991608411074,0,0,True,0.009982715905633713,0.06117475647034813
807.74,11.707069396972656,-0.024857716634869576,3.094023523922662,-0.00033735819165187385,-0.00034316904210345,0.004815676043069198,0.00037323282299225077,0.0018427607815413411,0.0037630541995167734,0.004265035763382912,0,0,True,-0.016235246127477003,-0.03411617759707633
807.76,11.707050323486328,-0.02487136796116829,3.0940758638256955,-9.240550353405032e-05,-1.489955686076317e-05,0.005210743234966462,-0.001409325703836635,0.003095056100063704,0.0026853885129094128,0.0044414449296891695,0,0,True,-0.011225759397497799,-0.037224291854710365
807.78,11.706938743591309,-0.024837661534547806,3.093984358113046,-0.00021867465595391082,-6.923380813136816e-05,0.0034804465467291185,-0.0006588425019986961,-0.002352404408422122,0.004281904473900796,0.003688244670629502,0,0,True,-0.048314090934296255,-0.028757494374215795
807.8,11.706770896911621,-0.024836478754878044,3.094006213394659,-0.00031719862136304525,-0.00021912732995296895,0.002735571394390363,-0.0005554895993664293,-0.0017709670936329842,0.004281904473900796,0.003688244670629502,0,0,True,-0.07945770023914313,-0.047826073607751755
807.82,11.706793785095215,-0.024791818112134933,3.0938353315699882,-0.00012805529551796396,0.0001209394626063879,0.0009505487683235199,-0.0001615360966944388,-0.0004578387683970997,0.004281904473900796,0.003688244670629502,0,0,True,-0.05458916434885957,0.04696746785310313
807.84,11.706833839416504,-0.024816568940877914,3.093934186458205,-1.6852674260453347e-06,0.0002316037764067224,-0.00114587278416824,-0.0002468156991460942,-0.0007310297885583939,-0.0010442375391721726,-0.006776081845164299,0,0,True,-0.0388426510896216,0.024253425134393828
807.86,11.706863403320312,-0.024821123108267784,3.0939477310115744,6.373776413714e-05,0.00026848533556653826,-0.000886686601181881,0.0003244505067046189,0.0014049930198280502,-0.001098794797435403,-0.0028832297399640086,0,0,True,-0.011881859604054804,0.005722984604968951
807.88,11.706863403320312,-0.024821123108267784,3.0939477310115744,6.373776413714e-05,0.00026848533556653826,-0.00037184069278095485,3.9262028113833694e-05,0.00016930691711951462,-0.0008633173070847989,-0.0014278439152985813,0,0,True,0.014323409802116027,0.009137872356988236
807.9,11.706863403320312,-0.024821123108267784,3.0939477310115744,6.373776413714e-05,0.00026848533556653826,0.0,-0.0,0.0,-0.004080000054091215,-0.005858299918472767,0,0,True,0.011083582514767843,-0.017562412747841642
807.92,11.706863403320312,-0.024821123108267784,3.0939477310115744,6.373776413714e-05,0.00026848533556653826,0.0,-0.0,0.0,-0.004080000054091215,-0.005858299918472767,0,0,True,0.004648008659759558,-0.00211633646399285
807.94,11.706863403320312,-0.024821123108267784,3.0939477310115744,6.373776413714e-05,0.00026848533556653826,0.0,-0.0,0.0,-0.004080000054091215,-0.005858299918472767,0,0,True,0.0,0.0
807.96,11.706863403320312,-0.024821123108267784,3.0939477310115744,6.373776413714e-05,0.00026848533556653826,0.0,-0.0,0.0,-0.004080000054091215,-0.005858299918472767,0,0,True,0.0,0.0
807.98,11.706863403320312,-0.024821123108267784,3.0939477310115744,6.373776413714e-05,0.00026848533556653826,0.0,-0.0,0.0,-0.004080000054091215,-0.005858299918472767,0,0,True,0.0,0.0
808.0,11.706863403320312,-0.024821123108267784,3.0939477310115744,6.373776413714e-05,0.00026848533556653826,0.0,-0.0,0.0,-0.004080000054091215,-0.005858299918472767,0,0,True,0.0,0.0
808.02,11.706863403320312,-0.024821123108267784,3.0939477310115744,6.373776413714e-05,0.00026848533556653826,0.0,-0.0,0.0,-0.004080000054091215,-0.005858299918472767,0,0,True,0.0,0.0
808.04,11.706863403320312,-0.024821123108267784,3.0939477310115744,6.373776413714e-05,0.00026848533556653826,0.0,-0.0,0.0,-0.004080000054091215,-0.005858299918472767,0,0,True,0.0,0.0
808.06,11.706863403320312,-0.024821123108267784,3.0939477310115744,6.373776413714e-05,0.00026848533556653826,0.0,-0.0,0.0,-0.004080000054091215,-0.005858299918472767,0,0,True,0.0,0.0
808.08,11.706863403320312,-0.024821123108267784,3.0939477310115744,6.373776413714e-05,0.00026848533556653826,0.0,-0.0,0.0,-0.004080000054091215,-0.005858299918472767,0,0,True,0.0,0.0
808.1,11.706863403320312,-0.024821123108267784,3.0939477310115744,6.373776413714e-05,0.00026848533556653826,0.0,-0.0,0.0,-0.004080000054091215,-0.005858299918472767,0,0,True,0.0,0.0
808.12,11.706863403320312,-0.024821123108267784,3.0939477310115744,6.373776413714e-05,0.00026848533556653826,0.0,-0.0,0.0,-0.004080000054091215,-0.005858299918472767,0,0,True,0.0,0.0
808.14,11.706863403320312,-0.024821123108267784,3.0939477310115744,6.373776413714e-05,0.00026848533556653826,0.0,-0.0,0.0,-0.004080000054091215,-0.005858299918472767,0,0,True,0.0,0.0
808.16,11.706863403320312,-0.024821123108267784,3.0939477310115744,6.373776413714e-05,0.00026848533556653826,0.0,-0.0,0.0,-0.004080000054091215,-0.005858299918472767,0,0,True,0.0,0.0
808.18,11.706863403320312,-0.024821123108267784,3.0939477310115744,6.373776413714e-05,0.00026848533556653826,0.0,-0.0,0.0,-0.004080000054091215,-0.005858299918472767,0,0,True,0.0,0.0
808.2,11.706863403320312,-0.024821123108267784,3.0939477310115744,6.373776413714e-05,0.00026848533556653826,0.0,-0.0,0.0,-0.004080000054091215,-0.005858299918472767,0,0,True,0.0,0.0
808.22,11.706863403320312,-0.024821123108267784,3.0939477310115744,6.373776413714e-05,0.00026848533556653826,0.0,-0.0,0.0,-0.004080000054091215,-0.005858299918472767,0,0,True,0.0,0.0
808.24,11.706863403320312,-0.024821123108267784,3.0939477310115744,6.373776413714e-05,0.00026848533556653826,0.0,-0.0,0.0,-0.004080000054091215,-0.005858299918472767,0,0,True,0.0,0.0
808.26,11.706863403320312,-0.024821123108267784,3.0939477310115744,6.373776413714e-05,0.00026848533556653826,0.0,-0.0,0.0,-0.004080000054091215,-0.005858299918472767,0,0,True,0.0,0.0
808.28,11.706863403320312,-0.024821123108267784,3.0939477310115744,6.373776413714e-05,0.00026848533556653826,0.0,-0.0,0.0,-0.004080000054091215,-0.005858299918472767,0,0,True,0.0,0.0
808.3,11.706863403320312,-0.024821123108267784,3.0939477310115744,6.373776413714e-05,0.00026848533556653826,0.0,-0.0,0.0,-0.004080000054091215,-0.005858299918472767,0,0,True,0.0,0.0
808.32,11.706863403320312,-0.024821123108267784,3.0939477310115744,6.373776413714e-05,0.00026848533556653826,0.0,-0.0,0.0,-0.004080000054091215,-0.005858299918472767,0,0,True,0.0,0.0
808.34,11.706863403320312,-0.024821123108267784,3.0939477310115744,6.373776413714e-05,0.00026848533556653826,0.0,-0.0,0.0,-0.004080000054091215,-0.005858299918472767,0,0,True,0.0,0.0
808.36,11.706863403320312,-0.024821123108267784,3.0939477310115744,6.373776413714e-05,0.00026848533556653826,0.0,-0.0,0.0,-0.004080000054091215,-0.005858299918472767,0,0,True,0.0,0.0
808.38,11.706863403320312,-0.024821123108267784,3.0939477310115744,6.373776413714e-05,0.00026848533556653826,0.0,-0.0,0.0,-0.004080000054091215,-0.005858299918472767,0,0,True,0.0,0.0
808.4,11.706863403320312,-0.024821123108267784,3.0939477310115744,6.373776413714e-05,0.00026848533556653826,0.0,-0.0,0.0,-0.004080000054091215,-0.005858299918472767,0,0,True,0.0,0.0
808.42,11.706863403320312,-0.024821123108267784,3.0939477310115744,6.373776413714e-05,0.00026848533556653826,0.0,-0.0,0.0,-0.004080000054091215,-0.005858299918472767,0,0,True,0.0,0.0
808.44,11.706863403320312,-0.024821123108267784,3.0939477310115744,6.373776413714e-05,0.00026848533556653826,0.0,-0.0,0.0,-0.004080000054091215,-0.005858299918472767,0,0,True,0.0,0.0
808.46,11.706863403320312,-0.024821123108267784,3.0939477310115744,6.373776413714e-05,0.00026848533556653826,0.0,-0.0,0.0,-0.004080000054091215,-0.005858299918472767,0,0,True,0.0,0.0
808.48,11.706863403320312,-0.024821123108267784,3.0939477310115744,6.373776413714e-05,0.00026848533556653826,0.0,-0.0,0.0,-0.004080000054091215,-0.005858299918472767,0,0,True,0.0,0.0
808.5,11.706863403320312,-0.024821123108267784,3.0939477310115744,6.373776413714e-05,0.00026848533556653826,0.0,-0.0,0.0,-0.004080000054091215,-0.005858299918472767,0,0,True,0.0,0.0
808.52,11.706863403320312,-0.024821123108267784,3.0939477310115744,6.373776413714e-05,0.00026848533556653826,0.0,-0.0,0.0,-0.004080000054091215,-0.005858299918472767,0,0,True,0.0,0.0
808.54,11.706863403320312,-0.024821123108267784,3.0939477310115744,6.373776413714e-05,0.00026848533556653826,0.0,-0.0,0.0,-0.004080000054091215,-0.005858299918472767,0,0,True,0.0,0.0
808.56,11.706863403320312,-0.024821123108267784,3.0939477310115744,6.373776413714e-05,0.00026848533556653826,0.0,-0.0,0.0,-0.004080000054091215,-0.005858299918472767,0,0,True,0.0,0.0
808.58,11.706863403320312,-0.024821123108267784,3.0939477310115744,6.373776413714e-05,0.00026848533556653826,0.0,-0.0,0.0,-0.004080000054091215,-0.005858299918472767,0,0,True,0.0,0.0
808.6,11.706863403320312,-0.024821123108267784,3.0939477310115744,6.373776413714e-05,0.00026848533556653826,0.0,-0.0,0.0,-0.004080000054091215,-0.005858299918472767,0,0,True,0.0,0.0
808.62,11.706863403320312,-0.024821123108267784,3.0939477310115744,6.373776413714e-05,0.00026848533556653826,0.0,-0.0,0.0,-0.004080000054091215,-0.005858299918472767,0,0,True,0.0,0.0
808.64,11.706863403320312,-0.024821123108267784,3.0939477310115744,6.373776413714e-05,0.00026848533556653826,0.0,-0.0,0.0,-0.004080000054091215,-0.005858299918472767,0,0,True,0.0,0.0
808.66,11.706863403320312,-0.024821123108267784,3.0939477310115744,6.373776413714e-05,0.00026848533556653826,0.0,-0.0,0.0,-0.004080000054091215,-0.005858299918472767,0,0,True,0.0,0.0
808.68,11.706863403320312,-0.024821123108267784,3.0939477310115744,6.373776413714e-05,0.00026848533556653826,0.0,-0.0,0.0,-0.004080000054091215,-0.005858299918472767,0,0,True,0.0,0.0
808.7,11.706863403320312,-0.024821123108267784,3.0939477310115744,6.373776413714e-05,0.00026848533556653826,0.0,-0.0,0.0,-0.004080000054091215,-0.005858299918472767,0,0,True,0.0,0.0
808.72,11.706863403320312,-0.024821123108267784,3.0939477310115744,6.373776413714e-05,0.00026848533556653826,0.0,-0.0,0.0,-0.004080000054091215,-0.005858299918472767,0,0,True,0.0,0.0
808.74,11.706863403320312,-0.024821123108267784,3.0939477310115744,6.373776413714e-05,0.00026848533556653826,0.0,-0.0,0.0,-0.004080000054091215,-0.005858299918472767,0,0,True,0.0,0.0
808.76,11.706863403320312,-0.024821123108267784,3.0939477310115744,6.373776413714e-05,0.00026848533556653826,0.0,-0.0,0.0,-0.004080000054091215,-0.005858299918472767,0,0,True,0.0,0.0
808.78,11.706863403320312,-0.024821123108267784,3.0939477310115744,6.373776413714e-05,0.00026848533556653826,0.0,-0.0,0.0,-0.004080000054091215,-0.005858299918472767,0,0,True,0.0,0.0
808.8,11.706863403320312,-0.024821123108267784,3.0939477310115744,6.373776413714e-05,0.00026848533556653826,0.0,-0.0,0.0,-0.004080000054091215,-0.005858299918472767,0,0,True,0.0,0.0
808.82,11.706863403320312,-0.024821123108267784,3.0939477310115744,6.373776413714e-05,0.00026848533556653826,0.0,-0.0,0.0,-0.004080000054091215,-0.005858299918472767,0,0,True,0.0,0.0
808.84,11.706863403320312,-0.024821123108267784,3.0939477310115744,6.373776413714e-05,0.00026848533556653826,0.0,-0.0,0.0,-0.004080000054091215,-0.005858299918472767,0,0,True,0.0,0.0
808.86,11.706863403320312,-0.024821123108267784,3.0939477310115744,6.373776413714e-05,0.00026848533556653826,0.0,-0.0,0.0,-0.004080000054091215,-0.005858299918472767,0,0,True,0.0,0.0
808.88,11.706863403320312,-0.024821123108267784,3.0939477310115744,6.373776413714e-05,0.00026848533556653826,0.0,-0.0,0.0,-0.004080000054091215,-0.005858299918472767,0,0,True,0.0,0.0
808.9,11.706863403320312,-0.024821123108267784,3.0939477310115744,6.373776413714e-05,0.00026848533556653826,0.0,-0.0,0.0,-0.004080000054091215,-0.005858299918472767,0,0,True,0.0,0.0
808.92,11.706863403320312,-0.024821123108267784,3.0939477310115744,6.373776413714e-05,0.00026848533556653826,0.0,-0.0,0.0,-0.004080000054091215,-0.005858299918472767,0,0,True,0.0,0.0
808.94,11.706863403320312,-0.024821123108267784,3.0939477310115744,6.373776413714e-05,0.00026848533556653826,0.0,-0.0,0.0,-0.004080000054091215,-0.005858299918472767,0,0,True,0.0,0.0
808.96,11.706863403320312,-0.024821123108267784,3.0939477310115744,6.373776413714e-05,0.00026848533556653826,0.0,-0.0,0.0,-0.004080000054091215,-0.005858299918472767,0,0,True,0.0,0.0
808.98,11.706863403320312,-0.024821123108267784,3.0939477310115744,6.373776413714e-05,0.00026848533556653826,0.0,-0.0,0.0,-0.004080000054091215,-0.005858299918472767,0,0,True,0.0,0.0
809.0,11.706863403320312,-0.024821123108267784,3.0939477310115744,6.373776413714e-05,0.00026848533556653826,0.0,-0.0,0.0,-0.004080000054091215,-0.005858299918472767,0,0,True,0.0,0.0
809.02,11.706863403320312,-0.024821123108267784,3.0939477310115744,6.373776413714e-05,0.00026848533556653826,0.0,-0.0,0.0,-0.004080000054091215,-0.005858299918472767,0,0,True,0.0,0.0
809.04,11.706863403320312,-0.024821123108267784,3.0939477310115744,6.373776413714e-05,0.00026848533556653826,0.0,-0.0,0.0,-0.004080000054091215,-0.005858299918472767,0,0,True,0.0,0.0
809.06,11.706863403320312,-0.024821123108267784,3.0939477310115744,6.373776413714e-05,0.00026848533556653826,0.0,-0.0,0.0,-0.004080000054091215,-0.005858299918472767,0,0,True,0.0,0.0
809.08,11.706863403320312,-0.024821123108267784,3.0939477310115744,6.373776413714e-05,0.00026848533556653826,0.0,-0.0,0.0,-0.004080000054091215,-0.005858299918472767,0,0,True,-0.03206638557044217,-0.01247391064350897
809.1,11.706863403320312,-0.024821123108267784,3.0939477310115744,6.373776413714e-05,0.00026848533556653826,0.0,-0.0,0.0,-0.004080000054091215,-0.005858299918472767,-0.1,0,True,-0.05964675893133569,-0.01311107491395147
809.12,11.706863403320312,-0.024821123108267784,3.0939477310115744,6.373776413714e-05,0.00026848533556653826,-0.002565310845636686,-0.00026289629678544234,-0.000997912851481228,-0.004080000054091215,-0.005858299918472767,-0.1,0,True,-0.09988968977173168,-0.004804824806291765
809.14,11.706863403320312,-0.024821123108267784,3.0939477310115744,6.373776413714e-05,0.00026848533556653826,-0.004771740714509296,-0.0002932542391954447,-0.0010488859931166543,-0.004080000054091215,-0.005858299918472767,-0.1,0,True,-0.1370617454829073,-0.024419785652356196
809.16,11.707069396972656,-0.024809889495372772,3.093867897983456,-0.0002848406453498501,6.722755533942417e-05,-0.007991175181731267,-0.00010367634635750553,-0.0003843859845029916,-0.004080000054091215,-0.005858299918472767,-0.1,0,True,-0.1550901842682323,0.0610615267059269
809.18,11.707245826721191,-0.024815870448946953,3.093863820132125,-0.0002313810225246674,-7.432823447535613e-05,-0.010964939638622611,-0.0008099602344559017,-0.001953582852186719,-0.0026837177574634556,-0.004927571006119251,-0.1,0,True,-0.18601894025292445,0.03320555412757018
809.2,11.707502365112305,-0.024843337014317513,3.093916980132814,-0.00013083470158138874,-0.00010444703600273954,-0.014972525587101616,-0.0006104992111655731,0.003887009284995423,-0.009917516186833383,-0.011051690280437471,-0.1,0,True,-0.2185383604089125,0.02270102850303544
809.22,11.707742691040039,-0.024798251688480377,3.0937914443833994,-8.961129475934343e-05,-0.0004218919396568627,-0.019653255934750865,0.00043694759482032226,0.0016075583370903192,-0.0028898269683122636,-0.07357706263661386,-0.1,0,True,-0.2751533055076529,0.05516647707043521
809.24,11.708268165588379,-0.024818189442157745,3.0941788587262558,-0.00031137743906688257,-0.0003597428681082665,-0.02547424401445321,0.0006370771798824976,0.001431696295740773,-0.016119857951998714,-0.015245943069458008,-0.1,0,True,-0.3268370680015134,-0.1000511283294185
809.26,11.70881462097168,-0.02492591366171837,3.0939924247990924,-0.00020027974665398393,-0.000499444457329085,-0.032977204079246106,0.0025541905052057336,0.002459735313450356,-0.025575799196958543,-0.02369372069835663,-0.1,0,True,-0.3576218924221711,-0.0445868860648496
809.28,11.709535598754883,-0.024990836158394814,3.0940315158364733,-0.00035716129215934895,-0.00044425863792474043,-0.04111949102719891,0.0021193260207466743,-0.004117080981350777,-0.02906559139490128,-0.02877645865082741,-0.1,0,True,-0.37077625757974775,-0.03229412032373163
809.3,11.710368156433105,-0.02512788586318493,3.093988223208475,-0.00046272513921477034,-0.0003555628185020857,-0.04826300732849853,0.0010040316113360042,-0.0019593925480944044,-0.03976104438304902,-0.03729717791080475,-0.1,0,True,-0.39857899388041396,-0.050406943756095994
809.32,11.711545944213867,-0.02514394000172615,3.0938494922477475,-0.0004920281854473784,0.00033806260769751886,-0.0551363446208482,0.0009745274385279624,-0.001151833330159079,-0.043587640225887306,-0.045790187716484076,-0.1,0,True,-0.364521814170437,0.05270588353306962
809.34,11.712667465209961,-0.025189878419041634,3.093835673395245,-0.0004696470575563046,-1.8979812430800205e-05,-0.06486352358969553,-0.0005136520319676077,-0.0015728201870393867,-0.05653851866722107,-0.057696355581283575,-0.1,0,True,-0.3446259882119318,0.047954538917231275
809.36,11.713937759399414,-0.025279220193624496,3.0939393691700605,-0.0001367074626793265,-0.0004525103885624202,-0.07028123616084879,-1.8849897935525016e-05,9.93897012969496e-05,-0.05915111809968949,-0.05994503021240235,-0.1,0,True,-0.3344142254025038,0.019717266372337245
809.38,11.715553283691406,-0.025334561243653297,3.093862397593512,-0.00010236073210325099,6.920062466164789e-05,-0.07583308638546718,0.0005235869499999463,0.0018769705652860599,-0.06972322463989258,-0.06755979895591736,-0.1,0,True,-0.2668867753163272,0.05155002463822609
809.4,11.717162132263184,-0.025410262867808342,3.0938574434238513,-1.7661566008596003e-05,0.00023572534143900752,-0.08188948265302418,0.00014057985132612336,0.00042554797962646596,-0.08110158503055573,-0.08076376855373384,-0.1,0,True,-0.2277792786520806,-0.009592555421231441
809.42,11.718725204467773,-0.025521170347929,3.0939858310404675,4.579029329605959e-05,-0.00020850675492015917,-0.08621446561498229,0.0007513827924029194,0.0025511817840149493,-0.08036816537380219,-0.08093772947788239,-0.1,0,True,-0.22250868597292608,-0.055510432422194306
809.44,11.720480918884277,-0.025603055953979492,3.0939734130084307,-5.256843239712992e-06,-0.0001998218579642818,-0.08850357845302456,-0.0002999428405107297,-0.0006680147324019583,-0.08102010786533356,-0.08210536301136018,-0.1,0,True,-0.22247523547475628,-0.022171839425545608
809.46,11.722439765930176,-0.02572283148765564,3.0940664921362333,9.248783970133135e-05,0.00038241051225489325,-0.09363378126331037,-0.0008275863909114035,-0.0025638640284917566,-0.09172490060329438,-0.09023935675621034,-0.1,0,True,-0.18226580017266122,-0.07232670865489356
809.48,11.724235534667969,-0.025723325088620186,3.093804002245259,6.980387933540506e-05,-4.679748620246171e-05,-0.09968750149101378,-0.0005373444105565804,-0.0013481991744180902,-0.09656006634235383,-0.09764822125434876,-0.1,0,True,-0.2254670629152399,0.021513230808830674
809.5,11.726210594177246,-0.025810908526182175,3.093780721918188,4.874727160833061e-05,-0.0001922316389168955,-0.10079572962880265,-0.0010735019325670385,-0.003234954908379495,-0.09285049796104432,-0.09359502434730531,-0.1,0,True,-0.19684773444308223,0.05515262740856649
809.52,11.728448867797852,-0.025941086933016777,3.0938655570744773,0.00014935183996654365,0.0005093994512138254,-0.10654094348622735,0.00028110326474243674,0.0010530437323029304,-0.10163371384143831,-0.1024520778656006,-0.1,0,True,-0.06880417770867646,0.01732388906282609
809.54,11.730498313903809,-0.026022441685199738,3.093807695743563,0.00019537942699797325,5.084871712983894e-05,-0.10938160001874263,0.0005290428713691604,0.0018483461641895496,-0.10795549154281617,-0.11175729334354402,-0.1,0,True,-0.007128065008920981,0.04667870182780835
809.56,11.732748031616211,-0.02615242451429367,3.0938882457438432,0.0003038571421124441,0.0001877968152654,-0.1051918357077029,2.3015216424090816e-05,3.7711950606736514e-05,-0.10478830456733705,-0.10505153238773347,-0.1,0,True,0.16165524300114648,-0.017600387045153133
809.58,11.734949111938477,-0.026271168142557144,3.0939285896113233,0.00034440575611493324,5.3848248000008086e-05,-0.10136597482951662,0.0001343702688770751,0.0004993412378470839,-0.1109386956691742,-0.07097077906131745,-0.1,0,True,0.3163197236589879,-0.016984872882085406
809.6,11.736854553222656,-0.02634422294795513,3.093868574030526,-0.00030331175533060265,6.029492204532854e-05,-0.09360852404612902,-0.00012206567759026447,-0.0003549872313100404,-0.10918028593063356,-0.10546289026737214,-0.1,0,True,0.2882415717605804,-0.004345531222777981
809.62,11.738597869873047,-0.02641955390572548,3.093847643042591,-0.000519586075855098,0.0001135153990047413,-0.08407602212601065,0.00019250174704951023,0.0004895563336220222,-0.09411139130592347,-0.0944698190689087,-0.1,0,True,0.25015694584826215,-0.0034268298847880707
809.64,11.740228652954102,-0.026499925181269646,3.0938598467653384,-0.000601048277637971,0.00022713141446572738,-0.08213250996684467,-1.8265858252709734e-05,-0.0003099305472156798,-0.08140824675559999,-0.08578728139400484,-0.1,0,True,0.16036088142249053,0.005463295775292541
809.66,11.741666793823242,-0.026607565581798553,3.093967754118013,-0.00026419091217359905,-0.000365850178074044,-0.08135341916167385,0.00017066293015272288,0.00022519484706428754,-0.08180231451988221,-0.08210144937038423,-0.1,0,True,-0.006688541266451505,-0.02179595749682322
809.68,11.743417739868164,-0.02665627747774124,3.0938437795867486,-0.000192767394138402,0.0001457126084106955,-0.08077965353234144,0.0001411433009552922,8.207643071296531e-05,-0.07779907703399659,-0.07896910130977632,-0.1,0,True,-0.06969463185814506,0.004836401323594089
809.7,11.745098114013672,-0.026743030175566673,3.093865658630356,-0.00013693177030463165,0.0003063662028724282,-0.08461110542732704,-0.0003468931768727864,-0.0012541202661247276,-0.08672619223594666,-0.08737037420272828,-0.1,0,True,-0.09495964745733289,-0.0017587285104614682
809.72,11.746683120727539,-0.026819657534360886,3.0938664128797955,-0.00010004540008624062,-0.000242281212231134,-0.08770808051549912,2.729329671057653e-05,7.698155867204518e-05,-0.08344511747360231,-0.0837830674648285,-0.1,0,True,-0.15879802758647915,-0.00014237717060743037
809.74,11.748429298400879,-0.026902781799435616,3.093867424496723,-6.811237783693248e-05,-0.00041945657290472205,-0.08895019095826437,4.6656958135735636e-05,8.44965662272981e-05,-0.08243488073348999,-0.08208109676837921,-0.1,0,True,-0.180671780043714,0.013009699165253031
809.76,11.750426292419434,-0.02699320949614048,3.0938499381114424,-1.6168250759426192e-05,0.0002843898818245598,-0.09348349573926627,7.0797423485273805e-06,7.068625706436505e-05,-0.09060767710208893,-0.09027863919734956,-0.1,0,True,-0.14866089787498912,-0.0071150486641330946
809.78,11.752205848693848,-0.02708624303340912,3.0938724183556543,3.5502059073899655e-05,-0.00017361438551169458,-0.09906484783081101,-7.459395523027549e-05,-0.00021334433290543152,-0.09822148621082306,-0.09812591910362245,-0.1,0,True,-0.208489478748764,-0.002532946440785297
809.8,11.75415325164795,-0.02717714011669159,3.0938720677803606,5.318134588071722e-05,-0.0003236729956569291,-0.09960095234548744,0.0019047206126699854,-0.0004922223344580847,-0.09193357944488527,-0.09121112883090973,-0.1,0,True,-0.209986783767257,-0.0060906809101707515
809.82,11.756345748901367,-0.02727486938238144,3.0938503569500906,9.322863550020772e-05,0.0003108987298191889,-0.10562934925817402,-6.604551971643984e-05,-0.00011813914903562934,-0.10001659572124483,-0.09924919247627259,-0.1,0,True,-0.11094996109259343,0.04200951098037769
809.84,11.758378028869629,-0.027525510638952255,3.0938105603246857,0.0006333901925129963,2.6191940862881495e-05,-0.11028243844065543,-9.916624362889866e-05,-0.00041656821574954434,-0.10685302138328553,-0.10754148840904237,-0.1,0,True,-0.08076089718403436,0.05458197270194386
809.86,11.76064682006836,-0.02748425118625164,3.0938629672237314,0.00018659831146192762,0.000122177398692734,-0.10794084471822303,-0.0013935875392171813,0.003147416545526503,-0.10558780133724213,-0.10339955866336824,-0.1,0,True,0.08435055505137891,0.04098302864652647
809.88,11.76296615600586,-0.027590617537498474,3.0938387423231006,0.00021018688437293847,0.00015497384112330396,-0.10606182412021349,-0.003254461481527555,0.0038743354816996576,-0.11108807742595674,-0.11141258835792543,-0.1,0,True,0.22923171959273195,0.03228918767307529
809.9,11.764976501464844,-0.02757551148533821,3.0941021502737325,-0.00011961797163285134,-0.00015978913296564576,-0.09888130485406985,-0.001402955662877385,0.003160503142683506,-0.11414289116859437,-0.11390651226043702,-0.1,0,True,0.26763779354540856,-0.044235554613896826
809.92,11.766865730285645,-0.02767048589885235,3.0941205071632214,-0.0004425361821964184,-0.0001966236061909032,-0.09194390087325355,-0.001727249506456806,0.002166566798094129,-0.10759380102157594,-0.0951523905992508,-0.1,0,True,0.28088549558171866,-0.06791434472790059
809.94,11.768553733825684,-0.02774767391383648,3.0941158074751463,-0.0004928549230471162,-0.0002918891477411906,-0.08652982123457939,-0.0001335386685694922,-0.00039142782358705345,-0.09408794283866884,-0.09473254621028901,-0.1,0,True,0.18824800520932086,-0.09023384077597926
809.96,11.770319938659668,-0.027801644057035446,3.0940120676669483,-0.00029965882782429935,0.0001954305537311652,-0.0835909844736645,-0.00045513161190024586,-0.0015588120965351689,-0.08678022801876069,-0.08819281041622162,-0.1,0,True,0.09978177339761882,-0.09743773835953236
809.98,11.771891593933105,-0.027893370017409325,3.0940708360478455,-4.34349484775969e-05,-0.00010779186927538408,-0.08382146443731647,-0.0011252631394085863,-0.004058204119398528,-0.08420918285846711,-0.09271158874034882,-0.1,0,True,-0.004196000298318722,-0.07395070686769525
810.0,11.773547172546387,-0.027952181175351143,3.0939958021954985,0.00011555259944400615,-0.00013654129398232826,-0.08396135900143996,0.001556610103390827,-0.005628452270672447,-0.07974944293498994,-0.08176899433135987,-0.1,0,True,-0.0772821484053086,-0.05658367694806075
810.02,11.775256156921387,-0.027976302430033684,3.0937911511455947,-0.00040146748643878104,-0.0001348190310583909,-0.08686550125844458,0.0013678573740552235,-0.006307484372997293,-0.085815749168396,-0.08406984388828279,-0.1,0,True,-0.11311441320230807,-0.013151895558591073
810.04,11.777023315429688,-0.02824561484158039,3.093561791485295,0.00013313801287477594,-5.763703768618472e-05,-0.08977355634608357,-0.0004799880015958907,-0.006085506252375912,-0.08772031962871553,-0.08739493250846864,-0.1,0,True,-0.1504123446457158,0.029242820850303837
810.06,11.778827667236328,-0.028334731236100197,3.093566237298006,0.0003504156361052092,-9.02283527786138e-05,-0.09287061749349289,0.003617695006392153,-0.005110355764084857,-0.08440932929515839,-0.09457334697246553,-0.1,0,True,-0.15913684562815478,0.03590117377321493
810.08,11.780722618103027,-0.02825864590704441,3.093508961695308,-0.0003463174856234141,-4.63796232832422e-05,-0.09599434657310338,0.0010620712329228775,-0.003289026602646943,-0.09221937954425813,-0.09169500589370728,-0.1,0,True,-0.1698493549495946,0.041800484517537505
810.1,11.782663345336914,-0.028622066602110863,3.0933823226844677,0.00023707293296865186,2.537002497473343e-05,-0.09959644890870348,0.0010014198825105377,-0.0034353904711386294,-0.09628270685672762,-0.09525870978832246,-0.1,0,True,-0.18205934656088646,0.04952965414646403
810.12,11.784689903259277,-0.02869960106909275,3.093298669357083,0.00043844729087855097,2.6272848818765843e-05,-0.10336150474205809,0.003082308146977267,-0.002741467490971201,-0.09200522661209107,-0.10470064401626587,-0.1,0,True,-0.1640335248260367,0.08882913591402235
810.14,11.786782264709473,-0.028798729181289673,3.093291406060315,0.00030111710449552773,4.010904046316735e-05,-0.10743536521837126,-0.0002911557696585725,-0.0011479834323657072,-0.10259735822677614,-0.10176416158676148,-0.1,0,True,-0.1150741131802129,0.047444686826164095
810.16,11.788969993591309,-0.028904126957058907,3.0932896442960307,0.00041300639549588994,3.16259390653864e-05,-0.10911702855917438,0.001166211931723761,0.0038173042704683813,-0.10559011280536652,-0.10503842294216156,-0.1,0,True,-0.0012301472754850822,0.032563541776818694
810.18,11.79124927520752,-0.029013780876994133,3.0932904840098785,7.72582154876427e-06,4.2719444610470025e-05,-0.10880237796311214,8.886891292090703e-05,0.00036018447495104637,-0.11358113765716554,-0.11362365782260896,-0.1,0,True,0.14439779351413926,0.013289944349188643
810.2,11.793404579162598,-0.02921427972614765,3.0936040536987206,5.8769298807432064e-05,-5.045398746101721e-05,-0.10345991652409695,-3.591697737478309e-05,-0.0001363841488243724,-0.11358113765716554,-0.11362365782260896,-0.1,0,True,0.2212162624633577,-0.0990101845151491
810.22,11.795475959777832,-0.029226098209619522,3.093320220818311,-0.0003252005058554827,-6.481749749463127e-05,-0.0958835417372342,-1.8548667790398675e-05,-8.478788443007193e-05,-0.10817018270492555,-0.1053050971031189,-0.1,0,True,0.3028183553297956,-0.009185224413701986
810.24,11.797237396240234,-0.029298296198248863,3.0932787335641247,-0.00030274798073533075,-8.67085626207165e-05,-0.09141972756209671,-0.0012603690712724275,-0.004103510490747599,-0.10817018270492555,-0.1053050971031189,-0.1,0,True,0.24505435777763537,0.0020740928638471254
810.26,11.798911094665527,-0.029382437467575073,3.093283700979124,-0.0002678718825264957,-0.00012832965813474247,-0.0845769095367161,-0.00011152715679621766,-0.0003746334781454884,-0.08875184357166291,-0.08940350651741029,-0.1,0,True,0.1390473205902054,0.0005477713320436408
810.28,11.800714492797852,-0.02946677803993225,3.093275772859461,-0.00022976685173275877,0.0005351221811180705,-0.08385556790190395,2.6063428801257303e-05,2.95432802832467e-05,-0.08525721669197084,-0.0855553585290909,-0.1,0,True,0.07830989129630381,0.05148455962245636
810.3,11.802234649658203,-0.0295439250767231,3.0932902501400594,-0.00015639261157404557,-5.1935759982517974e-05,-0.0847597560900279,-3.188574663588739e-05,-4.096617786662052e-05,-0.08769074618816376,-0.08830376088619234,-0.1,0,True,-0.06122692001782154,0.0033176175413156947
810.32,11.803937911987305,-0.02962438389658928,3.0932810970265474,-0.00011262615733540629,-7.623313505671977e-05,-0.0851549362583892,-5.147688507288993e-06,1.5254279051016806e-05,-0.07858250617980958,-0.07880520820617677,-0.1,0,True,-0.10621534745210345,7.502413572391067e-05
810.34,11.805684089660645,-0.02970729023218155,3.0932804236848948,-6.983226153092873e-05,-0.00012122010412848613,-0.08947506313814432,-1.1213308283060906e-05,-0.00010922407484009707,-0.08648290812969209,-0.08724414885044099,-0.1,0,True,-0.13697600674764387,-8.591176554960244e-05
810.36,11.80751895904541,-0.02979535609483719,3.093276993201785,3.87724151567363e-06,-1.489666005742654e-05,-0.09235279569807657,1.8098237530126023e-05,3.5545211141162625e-05,-0.08880798637866975,-0.08916754484176637,-0.1,0,True,-0.1721790490993595,7.36913002841471e-05
810.38,11.8093843460083,-0.029888713732361794,3.093281512214072,5.3906513437904316e-05,-2.5341112178752602e-05,-0.09571783662984501,6.357684171781966e-06,-4.783911911059223e-05,-0.09284840345382692,-0.09294059097766877,-0.1,0,True,-0.1667935819454934,0.0015789298071784042
810.4,11.811317443847656,-0.029982658103108406,3.0932839406434387,0.00010293694575953407,-5.114237952666862e-05,-0.09892926018632543,2.620315424307993e-05,2.1149583073743212e-05,-0.09430975615978242,-0.09466905593872071,-0.1,0,True,-0.17286084577722055,-0.003175030236360502
810.42,11.813332557678223,-0.03007759340107441,3.093276596555366,0.00017449191650156426,2.4903554813452835e-05,-0.10281854969377166,-5.007470797504729e-06,1.7090309734060364e-05,-0.09764918506145479,-0.09804447948932649,-0.1,0,True,-0.14864018159980585,0.004974913365147972
810.44,11.815423965454102,-0.03017963282763958,3.093278685168431,0.00023376187624775394,2.1052086680452933e-05,-0.10618166336026129,-5.682073746411144e-05,-0.00021845720776780746,-0.10170262813568116,-0.10211446166038514,-0.1,0,True,-0.08446842933949454,0.07395331137745523
810.46,11.81760025024414,-0.030285581946372986,3.093282879438851,0.0002896483606972271,2.649273805644258e-06,-0.10760905115783556,9.13063307867645e-05,0.0003501539501014491,-0.10500189423561097,-0.10447916865348816,-0.1,0,True,0.013135373813188318,0.09254571857183584
810.48,11.819802284240723,-0.03038836270570755,3.0932664640668173,0.00038208313747080966,4.43357347072908e-05,-0.10568673453348845,-0.0019012884720595118,0.005937414493273189,-0.10900404691696168,-0.10849899530410767,-0.1,0,True,0.12868131059059773,0.07513636975673656
810.5,11.821930885314941,-0.030500613152980804,3.093304608871374,0.0002714420833668166,-4.630453755850906e-05,-0.10176771978871606,-0.0014956017795455011,0.0074207477954847155,-0.10900404691696168,-0.10849899530410767,-0.1,0,True,0.23479679606049492,0.06882877354510948
810.52,11.82387638092041,-0.030436143279075623,3.0937536783278925,-0.00022966328032683183,1.1791606971436157e-05,-0.09588715851302283,-0.0018956912481134258,0.005792452372765651,-0.11107392907142641,-0.09763073921203615,-0.1,0,True,0.2521270065015431,-0.06370519933850718
810.54,11.825737953186035,-0.030559053644537926,3.093876539262489,-0.0003053636651257154,6.233062544402533e-05,-0.08882530747301305,-0.0018179796792139906,0.0058564558337052,-0.10662960588932038,-0.08996813893318177,-0.1,0,True,0.2078707417517516,-0.1100163297189564
810.56,11.827471733093262,-0.030603712424635887,3.093729860256638,-0.0003521478157510317,0.00016823174191028505,-0.08551657401338335,0.00035751187597754357,0.0008409985461972497,-0.09131290435791016,-0.0922882354259491,-0.1,0,True,0.15527854660441834,-0.05732166851302441
810.58,11.829035758972168,-0.030694283545017242,3.0937731253380707,-9.730258180474477e-05,-0.00021946107672547358,-0.08513806044856742,-0.0003157237859817796,-0.0013805585820362996,-0.0859518212080002,-0.08657951831817627,-0.1,0,True,0.031973704636679236,-0.06849759710671849
810.6,11.830708503723145,-0.030792031437158585,3.0938209582115883,-0.000206315777374409,-0.00017460538888531407,-0.08346487478466301,0.00038779524562028954,0.0012067188917213522,-0.08886530995368959,-0.08175085723400116,-0.1,0,True,-0.03879336346131079,-0.023202529209822974
810.62,11.832542419433594,-0.03085940144956112,3.093766094575926,-0.00021484247407154312,0.0004447092594225109,-0.0862674111020774,8.978049652863182e-05,0.00037664806516491794,-0.08686509311199189,-0.08488771557807923,-0.1,0,True,-0.06181590337673624,0.02847710974891472
810.64,11.834139823913574,-0.030953560024499893,3.093826397767976,-0.00011697290691863864,-0.00010564343591581579,-0.0886200430902898,-0.0003722757356967037,-0.001015203790589538,-0.08869822084903718,-0.08958665490150453,-0.1,0,True,-0.14050410242967784,-0.028025210442606023
810.66,11.835928916931152,-0.031031401827931404,3.093803257183284,-0.00017448636853387162,-0.00017485620709350343,-0.09008333271870182,0.0002770313812802084,0.0008976101978748057,-0.08180616140365601,-0.08319565832614899,-0.1,0,True,-0.14809692235113872,-0.015486394935237128
810.68,11.837791442871094,-0.031100798398256302,3.0937397419083412,-0.00016810610033935874,-0.0001399072198016983,-0.09470520297902701,-0.0004102094169399391,-0.0010352979436850905,-0.09059993743896486,-0.09100183248519898,-0.1,0,True,-0.15594216116215992,-0.001822272877574169
810.7,11.839739799499512,-0.031225809827446938,3.0938379033917562,0.00036570526034639627,0.00011404792269757082,-0.09811516489017456,-0.0002213883734945507,-0.0008622635296546862,-0.09258926868438722,-0.09349830985069275,-0.1,0,True,-0.18264096080247608,-0.04037043756864601
810.72,11.84170913696289,-0.031283196061849594,3.093743573932481,8.553068831649736e-05,9.467586010076704e-05,-0.10109541598326897,-0.00030111885139604434,-0.001160985620795546,-0.09794542014598848,-0.09752705693244935,-0.1,0,True,-0.16611879122277465,0.06474046381482094
810.74,11.843770027160645,-0.031388405710458755,3.0937342761009115,0.00011665858025555581,0.00013960523805906156,-0.10469460958290738,-0.0006567011157166576,-0.002332024807618527,-0.09847013592720033,-0.09910054087638856,-0.1,0,True,-0.11212395274206326,0.05534839079739932
810.76,11.845870971679688,-0.03146357461810112,3.0936468630586775,0.00033530199432834,-7.561551607868421e-05,-0.10799470627685578,-0.001034247733016835,0.0041439391615032345,-0.10271496772766114,-0.1037187832593918,-0.1,0,True,-0.02962116399887754,0.06586540548972186
810.78,11.848108291625977,-0.03157402202486992,3.093651341407147,0.0004903523484885119,-0.0001980258693065518,-0.10708508110953147,-0.0013366459873572125,0.0035656077341332327,-0.10449570775032044,-0.10611941397190094,-0.1,0,True,0.08710337365244218,0.02597265564259585
810.8,11.850342750549316,-0.031614623963832855,3.094075089065401,7.587273017394986e-05,6.201848600628556e-05,-0.10346510910317702,-0.0011329462742319164,0.004108246818377411,-0.11259253859519959,-0.11235944330692292,-0.1,0,True,0.21831355091962384,-0.11936752065985078
810.82,11.85233211517334,-0.03169214352965355,3.0940195247196423,-0.00022102611583720816,-0.00016849919964820562,-0.09772633969070844,0.00040222612203056306,-0.0002542123562097963,-0.11348459005355836,-0.1109395718574524,-0.1,0,True,0.2846130804760661,-0.10907957781675863
810.84,11.854143142700195,-0.03176620602607727,3.093975522804148,-0.00042653786414326893,-0.0002769396586255593,-0.09052962220327694,0.0011438474698952207,-0.0054054624912897135,-0.10041814029216767,-0.1004198843240738,-0.1,0,True,0.24135936756230617,-0.09935978205564397
810.86,11.855916023254395,-0.031977955251932144,3.09363100441865,-0.00017758339448948387,0.00013046132983148603,-0.08431603467143453,0.0011955363730237816,-0.005160758491211922,-0.09176786303520204,-0.0918713825941086,-0.1,0,True,0.17826885755109378,0.004828377330528244
810.88,11.857572555541992,-0.032050758600234985,3.0936426520660976,-7.883790789356438e-05,0.0002839704125224158,-0.08415635969818265,0.001599934816189615,-0.003840535746078173,-0.08645822882652283,-0.0882452940940857,-0.1,0,True,0.09384648525025356,0.08526361049362226
810.9,11.859065055847168,-0.032111067324876785,3.0936066640403457,-5.461357634045078e-05,-0.0003875410020374566,-0.08346483108663391,-0.00012973243444057555,0.00013205783023211197,-0.08242153346538544,-0.08289353609085084,-0.1,0,True,-0.05163934772875115,0.07642078835573511
810.92,11.860861778259277,-0.03221675381064415,3.093668279944462,-1.3972845050158964e-05,0.00016960630545283616,-0.08302190338326348,0.0003448553667107909,0.0014156263481938632,-0.07845498740673065,-0.07934447705745698,-0.1,0,True,-0.068097087621433,0.028185796447891508
810.94,11.86258602142334,-0.032287877053022385,3.0936415690450687,8.98063448342899e-05,0.0003352634835493361,-0.08844718248973674,0.00023855991472867665,0.0009529045772500144,-0.08968162953853608,-0.08967920124530793,-0.1,0,True,-0.09659500312564111,-0.0009924356875864932
810.96,11.864205360412598,-0.03239649534225464,3.093755902173953,9.625850230855591e-05,-0.00028352745074560295,-0.08960412670790008,-0.0005134666906165732,-0.0015856720302456987,-0.08563423216342927,-0.08612399637699128,-0.1,0,True,-0.16211684282320946,-0.030081032427729117
810.98,11.866131782531738,-0.03246929123997688,3.0936828964065257,0.00016133346523672067,0.00019278382872311522,-0.09119243133668915,0.0014929548455237945,5.2662975225151886e-05,-0.08348387837409973,-0.08501641094684602,-0.1,0,True,-0.14696511087887973,-0.06177104437075749
811.0,11.868023872375488,-0.032518502324819565,3.093541426182042,-0.00016343006196018194,0.00019556551829680728,-0.09599125080912688,0.0017460792017243787,-0.0009908562460256972,-0.09642694830894472,-0.09526647448539735,-0.1,0,True,-0.1675457214826938,0.009386365849437932
811.02,11.869867324829102,-0.032756563276052475,3.0936457820830867,0.0002814047337062825,-0.00020362421636733967,-0.10020439136003642,0.0007694094232410841,-0.003988778972406091,-0.09249932169914246,-0.09486511766910553,-0.1,0,True,-0.2166080193602674,-0.04415258571298837
811.04,11.871869087219238,-0.03290487825870514,3.093676633674271,0.00031297849163530354,-0.0003387589890634736,-0.1030077844265034,0.001742581841100925,-0.0008347627622913471,-0.09249932169914246,-0.09486511766910553,-0.1,0,True,-0.17288583722076153,-0.0718060165537165
811.06,11.874135971069336,-0.032914984971284866,3.0933637940887335,8.154395565127162e-05,0.00027590190164576933,-0.10852107288549478,-0.0005385326609176587,-0.0034795438818107055,-0.10241851150989534,-0.10230686843395234,-0.1,0,True,-0.0609829385581757,0.014158362022357618
811.08,11.876248359680176,-0.03305245563387871,3.093474645161059,0.0004370886141661632,-1.1665099793272291e-05,-0.10982211778679488,-0.0020114844855190495,-0.006735337570325957,-0.1093219155073166,-0.10395548760890962,-0.1,0,True,0.043820040468117674,-0.04198809856015663
811.1,11.878540992736816,-0.033132076263427734,3.0933674185725417,0.0006465179547703122,-6.582617199868221e-05,-0.10508302644469297,-0.0008025156302997995,-0.0028561100106169017,-0.10840841829776765,-0.10568491637706758,-0.1,0,True,0.21815688878225822,0.007055646525654775
811.12,11.88065242767334,-0.033166736364364624,3.093137806668645,-3.636821151902882e-05,-1.4633767327056917e-05,-0.09950218118905219,-0.0012179915743466452,-0.004193810647105596,-0.1143369084596634,-0.1142560112476349,-0.1,0,True,0.3104650872420299,0.08174123603318018
811.14,11.882535934448242,-0.03325611352920532,3.093135305287884,-0.0003779310188397136,-2.9354241375992016e-05,-0.0910685217829052,-0.0008825356545744726,-0.0029150921597580347,-0.10552395641803743,-0.10310238480567933,-0.1,0,True,0.28953203789459353,0.03450192490665734
811.16,11.884203910827637,-0.0333406887948513,3.0931391403092907,-0.00040625223254062745,-3.767011871440101e-05,-0.08498491080745507,-7.775704323371296e-05,-0.00019603868767749074,-0.0902250123023987,-0.09148903906345368,-0.1,0,True,0.21662937992727244,0.053108974569108416
811.18,11.885821342468262,-0.03341445326805115,3.0931342111997613,-0.00048149007547002124,-4.748734487914145e-05,-0.08192046341314656,-1.97726258323273e-05,-9.59560180868244e-05,-0.08451410472393037,-0.08467142641544342,-0.1,0,True,0.09296577519431207,0.0005225382357878013
811.2,11.887443542480469,-0.03348981961607933,3.0931221235736306,-6.374834431659154e-05,-3.3653689355545816e-05,-0.08217183079486153,-5.636484778381336e-06,5.4907318425250985e-05,-0.08223947405815125,-0.08247664153575898,-0.1,0,True,-0.009666294185599592,-0.031692858623882374
811.22,11.889081954956055,-0.033571988344192505,3.093127628806437,6.929849891157774e-05,-4.316917848073002e-05,-0.08363125976735643,0.0015406078986384885,-0.002873289100894989,-0.0824123501777649,-0.08264206171035768,-0.1,0,True,-0.08152997365324803,-0.0338791322782874
811.24,11.890769958496094,-0.033658746629953384,3.0931435328947647,-0.000391240662158505,-1.8199980963400645e-05,-0.08575821434230343,0.0015947536975226152,-0.0027314673775893777,-0.0833521455526352,-0.08330067157745362,-0.1,0,True,-0.1136877768216275,-0.0722787176313532
811.26,11.892498016357422,-0.033861685544252396,3.0929043480716896,4.785072875778468e-05,2.3382552048279326e-06,-0.08844286130540974,0.00155118776266501,-0.002806286600351203,-0.08592214345932007,-0.08549472630023958,-0.1,0,True,-0.13758568496118936,-0.013536120154483525
811.28,11.89428997039795,-0.033949512988328934,3.0929036061834236,0.00019761168735344645,1.6917643877470676e-05,-0.09126685294058345,0.0031708156132606666,-0.005727390092077745,-0.08354808628559113,-0.09130476832389832,-0.1,0,True,-0.15663995384082516,-0.01645991412676086
811.3,11.896142959594727,-0.034040290862321854,3.092903125878409,-0.0002791467638525398,2.1333518867098535e-05,-0.09463811456424157,0.0013256096546259847,-0.003956178713252686,-0.09070442497730256,-0.09014183282852174,-0.1,0,True,-0.1686109657844804,-0.03141422369434948
811.32,11.898050308227539,-0.03426746651530266,3.0926853416873983,0.00018972870788619786,2.9077741864413647e-05,-0.09828941064957586,0.0012812664812933815,-0.00404826050773092,-0.09266382396221162,-0.10015372335910798,-0.1,0,True,-0.18048491150526397,0.019689601593781324
811.34,11.900054931640625,-0.03433609381318092,3.092587853774629,0.0003525507638067333,4.2992221458763394e-05,-0.10193173856817507,0.0039883815302704335,-0.005319424495900447,-0.09266382396221162,-0.10015372335910798,-0.1,0,True,-0.16558072358252776,0.0428909606244888
811.36,11.902138710021973,-0.03443630412220955,3.092579745342805,-0.00013453751546576675,6.229885421498589e-05,-0.10570564586101196,0.0018452417136197155,-0.0041522219645744336,-0.10128195762634279,-0.09992943584918977,-0.1,0,True,-0.11505457522429482,0.10137286765796041
811.38,11.904272079467773,-0.03475842997431755,3.092477571918737,0.00045170830252099506,4.69037165739223e-05,-0.10788457245085056,0.002938128792478777,-0.0005249018632918267,-0.10418743550777436,-0.1041106939315796,-0.1,0,True,-0.030805266895779938,0.1403752393570049
811.4,11.906489372253418,-0.034829217940568924,3.0923531639302326,0.0002870737413556585,-9.721201634463505e-05,-0.10749377666751107,0.0010420593675050356,0.004061568904898536,-0.10658111512660981,-0.10906715750694276,-0.1,0,True,0.11205463743223848,0.14330406547260682
811.42,11.908663749694824,-0.034994591027498245,3.092545861625566,0.0004153208867760411,0.00010594716072932074,-0.10439615991983522,-0.0014945422785431822,0.005910594652649733,-0.10993931114673615,-0.1133316493034363,-0.1,0,True,0.20214789228961205,0.06307397992311199
811.44,11.910723686218262,-0.034942831844091415,3.092904670855197,-0.0002540180879259367,0.00010094780178173652,-0.09674127486642829,0.00015420136755802012,0.007312103273239978,-0.10872482657432557,-0.016368486285209656,-0.1,0,True,0.2554904392231967,-0.051072078583753525
811.46,11.912619590759277,-0.0350484699010849,3.092950419490949,-0.0006127406924972198,0.00016355674116619616,-0.09171274106767333,-0.001882282107095441,0.004521016530559714,-0.10226175725460053,-0.09793903648853303,-0.1,0,True,0.26870640188774536,-0.08637973189506863
811.48,11.91421890258789,-0.03521820157766342,3.092938132192092,-0.0002420220662287625,-0.00026232849554601095,-0.08705454152964488,5.4606987335611284e-06,-2.4197381803836372e-05,-0.09279519379138948,-0.09360719501972199,-0.1,0,True,0.15666226582210965,-0.0752533972633932
811.5,11.915999412536621,-0.03520093485713005,3.092907542948011,-0.00018633330721136982,0.00017157461756428757,-0.0828996477688046,-0.0002727230776088706,-0.0009997838989592935,-0.09279519379138948,-0.09360719501972199,-0.1,0,True,0.07022454735232997,-0.02868617115751623
811.52,11.917679786682129,-0.03528198227286339,3.0929027350646527,-8.962372774074837e-05,0.0003315167649636455,-0.08420829360067092,-0.0008493988098308863,0.0012918314921739984,-0.08491283714771272,-0.08252684712409974,-0.1,0,True,0.0073115256457895765,0.04231667524433664
811.54,11.919244766235352,-0.03534942865371704,3.0928704367790325,-7.014395067745196e-05,-0.000187525263771048,-0.08609477727949204,0.0006322115845390367,0.002226122837960503,-0.08353277385234834,-0.08341869831085205,-0.1,0,True,-0.09410449742314951,0.050352004370737384
811.56,11.920950889587402,-0.03547820821404457,3.093041478711466,5.927962172421374e-05,-0.0003220374372211183,-0.08646961947798225,0.0009947873441464323,0.0033611366377400156,-0.0807070291042328,-0.08150446474552156,-0.1,0,True,-0.13212808785537766,-0.015401945750386198
811.58,11.922876358032227,-0.035586897283792496,3.0930856327750478,0.0001665682413260943,0.0003683554518929027,-0.09042800756266041,0.001162533779478823,0.0030283764507017578,-0.0881378358602524,-0.08817256212234498,-0.1,0,True,-0.1014121271722023,-0.04288955651761934
811.6,11.924585342407227,-0.035697195678949356,3.093171625995672,0.00017484545840685246,-0.00011588536775648655,-0.09477854062910654,6.935264849974171e-05,5.96758321424723e-05,-0.09559438586235047,-0.09492643415927887,-0.1,0,True,-0.16520590842979302,-0.04650048454918386
811.62,11.92646598815918,-0.03579309582710266,3.0931127068950888,0.0001778808338369447,-0.00012576773561191306,-0.09420774745327237,-0.0003853296974901813,-0.0012050416834507997,-0.08729541838169098,-0.08861648082733155,-0.1,0,True,-0.19010101807367183,-0.023344035353238108
811.64,11.928524017333984,-0.03585074841976166,3.0930462527780374,0.00025319424280331553,0.0003320582058927385,-0.09968609215237245,-0.0001416127864399385,-0.00035890212619659633,-0.09831030666828157,-0.095418501496315,-0.1,0,True,-0.14499485233398382,0.02415663822822729
811.66,11.930405616760254,-0.03592133894562721,3.092989229440372,0.0002581848477931388,-0.00023649054321483667,-0.10563608900854032,-1.6472418573409454e-05,0.0011608536224444078,-0.10257219910621644,-0.10133315205574037,-0.1,0,True,-0.2009321239760672,0.050202383142764505
811.68,11.932551383972168,-0.036072880029678345,3.0931429138255764,0.00013976566628188438,-0.0002422018190994244,-0.1063781288158147,0.0005347944724413013,0.0019922068903988977,-0.09750401318073273,-0.09751421451568605,-0.1,0,True,-0.10077151070095616,0.015577151548017294
811.7,11.934906959533691,-0.036202359944581985,3.0932055751848844,0.00021726882542232463,0.00038854305522385537,-0.11028231737136597,0.0008191185625027421,0.002811148967972415,-0.11018896639347077,-0.10659878909587861,-0.1,0,True,0.07427627210093884,-0.013339778622749272
811.72,11.93702220916748,-0.036305639892816544,3.0932056293292693,0.00022955464729500878,-0.00011895832681105269,-0.10774781300845307,0.0002372788966757038,0.0008872699976454247,-0.11018896639347077,-0.10659878909587861,-0.1,0,True,0.15923621755193895,-0.026091351327434092
811.74,11.939214706420898,-0.03641352429986,3.0932141213578097,-4.730824483252482e-05,-0.00011727658189879157,-0.09969398724046218,3.7726091754211946e-05,9.367133262391995e-05,-0.11412154555320742,-0.11434543251991273,-0.1,0,True,0.275150009269162,-0.034770643094844636
811.76,11.941160202026367,-0.03650876507163048,3.093213895425388,-0.00028271329673462724,-0.00015070899712494882,-0.09363923141165306,-4.006022028093907e-05,-9.510121579689768e-05,-0.10910389482975007,-0.10742178022861482,-0.1,0,True,0.2882373273777255,-0.011723753130109761
811.78,11.942873001098633,-0.0365910679101944,3.0932130688914943,-0.00022671711031151148,-0.0002461360637156211,-0.08827031662985303,-3.2222312767067607e-06,2.9497520387374196e-05,-0.09374085128307344,-0.09538693368434907,-0.1,0,True,0.18783579976515455,-0.0012275873940291364
811.8,11.944504737854004,-0.03666470944881439,3.0931980212320056,-0.0001846038204094316,-0.0004377747954771869,-0.084688826818256,-2.5591784807187275e-05,-5.063025276250318e-05,-0.08752071976661684,-0.08767072737216951,-0.1,0,True,0.11199460239950763,0.0015580071178329224
811.82,11.946268081665039,-0.03675477206707001,3.0932164811594407,-0.00016341189674719234,1.0551981267089839e-05,-0.08466712325924212,2.070590986344694e-05,-4.535658898461204e-06,-0.08518099665641786,-0.08498750090599061,-0.1,0,True,0.014457847707744872,-0.0015133438689003082
811.84,11.947927474975586,-0.0368344709277153,3.093209845005167,-0.00012546965751494967,3.190139173950829e-05,-0.08467966321968787,3.2637272498103366e-05,2.9539353629799857e-05,-0.08846988618373872,-0.08868620038032532,-0.1,0,True,-0.0652135725511709,-0.00028690756596995497
811.86,11.949638366699219,-0.03692026436328888,3.0932127060387824,-6.874764098051367e-05,7.740717839104271e-05,-0.08711368881323285,1.8574074539368102e-05,-9.156998912471238e-05,-0.08393263280391694,-0.08424655854701997,-0.1,0,True,-0.0842450012171867,-0.0027058686343655824
811.88,11.951271057128906,-0.03699495270848274,3.093200384380296,-2.5544804957331095e-05,-0.0005032988492805496,-0.08990591262235234,6.2841576095899396e-06,-7.358285804011132e-05,-0.08597247421741487,-0.08627893149852754,-0.1,0,True,-0.1653975205262358,-0.0018431062112641123
811.9,11.953228950500488,-0.03709328919649124,3.0932091555603107,2.0506436390817067e-05,5.856926451126295e-05,-0.09140672335661093,-5.4595971127277716e-05,-0.0002210051496475109,-0.085617972612381,-0.08597555339336396,-0.1,0,True,-0.1592802938539265,-0.0008567185671273739
811.92,11.955111503601074,-0.037182897329330444,3.093203958376524,6.802540778502364e-05,0.00010610448352224583,-0.0979114648617747,-5.048800234511153e-05,-0.00011790914327119502,-0.09720759451389313,-0.09774357557296753,-0.1,0,True,-0.15019387286941638,-0.00044571503224168
811.94,11.956942558288574,-0.03726956993341446,3.0931950256268106,0.00010288103478332916,-0.000436581839330326,-0.09985611232155349,-6.667026408695761e-05,-0.00016010747449493736,-0.09383015990257264,-0.09442562997341157,-0.1,0,True,-0.2155649792153816,0.0012974285294697118
811.96,11.959095001220703,-0.03736979514360428,3.0931909516488343,0.00015564854887731896,7.84139851165367e-05,-0.1019214224519118,-5.527662449474231e-05,-0.00010924006061946396,-0.09466254711151124,-0.09539748966693878,-0.1,0,True,-0.13918768295510645,0.008835430636706975
811.98,11.96120834350586,-0.037474434822797775,3.093196346962351,0.00019699021244994305,0.00013755378761909318,-0.10865192169385028,-7.096453039594913e-05,-0.00011721086728988086,-0.10619502902030946,-0.10685536623001099,-0.1,0,True,-0.06969251089308903,0.0022158852745075217
812.0,11.963255882263184,-0.03757297992706299,3.0931952191716743,0.00023744397593397653,-0.00047880458086552874,-0.10904647949818891,0.00018989969533294952,0.0005889253076657246,-0.10461026310920717,-0.10515370011329651,-0.1,0,True,0.004555971145421709,0.0033018296401190286
812.02,11.965624809265137,-0.037684403359889984,3.0931856487574274,0.0003044495411110711,9.379654187845576e-05,-0.10543151319299554,-3.047541593685383e-05,1.7163347465503145e-05,-0.10543565332889558,-0.10580442428588868,-0.1,0,True,0.20027417379637288,0.0034015080258055163
812.04,11.96780776977539,-0.03780701011419296,3.0932380656734475,0.00022257792675010144,5.334520408028756e-05,-0.10155694476027839,6.320182231913524e-05,0.0001549063105898181,-0.11634084284305574,-0.11704980432987214,-0.1,0,True,0.3078190035966589,-0.013651844988912075
812.06,11.969633102416992,-0.03788013011217117,3.0931977200301484,-0.000210309037177531,4.243615064906695e-05,-0.09262998779015502,6.628074197722895e-05,0.00015490977477431293,-0.10794067144393922,-0.10167553305625916,-0.1,0,True,0.2934246739214866,-0.001995132831651354
812.08,11.971370697021484,-0.037970736622810364,3.0932076116765215,-0.0001604309576569123,0.0001397395437429616,-0.0844209592104436,-0.00013423459300373943,-0.0005032222914478002,-0.09135462343692781,-0.09089336037635803,-0.1,0,True,0.23256782467797335,-0.008565692755092105
812.1,11.973026275634766,-0.03804818540811539,3.0931980415394094,-3.343621474365883e-05,0.0002596854100643609,-0.08195753927926461,1.1679811837623719e-05,-0.00014244727906668683,-0.08728639781475069,-0.08636754751205446,-0.1,0,True,0.1257842668910809,0.01122525326546109
812.12,11.974554061889648,-0.038122933357954025,3.0931978078901317,-0.00022008984084829865,-0.0001688111036566809,-0.082951518786031,-0.00016492047372139527,-0.0005303491098179008,-0.08267878234386444,-0.08278526008129121,-0.1,0,True,-0.015340777585952791,7.19617376798984e-05
812.14,11.976181983947754,-0.03819824382662773,3.093186324247823,-0.0002235655373723815,-0.00028796331499947737,-0.0825672464388634,0.0005246406849462818,0.0010529300360116595,-0.08010918498039246,-0.07870300710201264,-0.1,0,True,-0.0790212832511406,0.0012775571001799135
812.16,11.977999687194824,-0.03827858716249466,3.093165183747736,-0.0001969110763864119,0.0003110610343265023,-0.0856482214173187,6.657726152534214e-05,-0.0004974653524334136,-0.08380113780498505,-0.08393617510795594,-0.1,0,True,-0.08460726452581774,0.0013854001081139533
812.18,11.979621887207031,-0.038409724831581116,3.09328227594229,0.0001932654443000612,6.847352299286779e-07,-0.0882792419393501,0.00018749202774894988,-4.02427110523867e-05,-0.08931135654449464,-0.08998910903930665,-0.1,0,True,-0.14544877186334748,-0.033501888397400835
812.2,11.98139762878418,-0.03845994174480438,3.093158010661937,-0.0001763346099640072,-4.099956022930569e-06,-0.08972009994809989,0.0023246190580308457,-0.00041951710116872786,-0.08539751946926118,-0.08159148275852204,-0.1,0,True,-0.1553013382575545,-0.03655822608391708
812.22,11.983235359191895,-0.03855427727103233,3.093183104830939,-0.0002810237862529541,-9.419332367253219e-06,-0.09420314818793715,-0.00047418593087505435,-0.0016272210357817787,-0.09020629525184633,-0.09020571947097779,-0.1,0,True,-0.16617036974655267,-0.04068132977196351
812.24,11.985159873962402,-0.03881184756755829,3.0931316223796426,0.00042424690575925187,8.07433816022058e-05,-0.09807232847792942,0.0010445770399374523,-0.0034221234391482763,-0.09412525594234468,-0.0927148973941803,-0.1,0,True,-0.19608135668312196,-0.03854600985413327
812.26,11.987151145935059,-0.03873651847243309,3.0931520982594276,5.31950252221622e-06,9.492476892260029e-05,-0.10157287151908112,0.0013676604416176952,-0.0032947490928111325,-0.09602533280849458,-0.096972713470459,-0.1,0,True,-0.19836948288891165,-0.02549914612606412
812.28,11.989230155944824,-0.0389234758913517,3.0928842407868053,-2.53321286394138e-05,0.00016716986654205897,-0.10540660848273538,-0.003266076288192859,-0.003503197889496585,-0.09549175918102265,-0.10373241841793061,-0.1,0,True,-0.1250988129922191,0.08450278530737695
812.3,11.99134635925293,-0.03905702754855156,3.092919524903514,0.0006027809508093135,6.397132267238545e-05,-0.11007270681903565,-0.0010700901870537658,-0.003667152725865053,-0.10340203702449799,-0.10334803044795991,-0.1,0,True,-0.047360569000854065,0.06714135817992666
812.32,11.993595123291016,-0.038961444050073624,3.0928513665484827,0.0001194999211672655,7.02227120971368e-05,-0.10808023351731207,-0.0030193480049039356,0.003338099385445338,-0.1067005479335785,-0.10545226752758027,-0.1,0,True,0.08959787581875649,0.07572682578598898
812.34,11.995950698852539,-0.039079450070858,3.0928587260413583,4.374055404206033e-05,0.000107455904741996,-0.10536171703915138,-0.0036980621097084587,0.002076559561585748,-0.10747449755668641,-0.11465356707572938,-0.1,0,True,0.26381589504471287,0.08089300648228027
812.36,11.997878074645996,-0.03910348564386368,3.093151288737641,-0.00036328390730351243,-0.00038674591657337045,-0.09823877841723119,-0.0011819276581572003,0.0025549481733856323,-0.11561224222183229,-0.11494486212730409,-0.1,0,True,0.282850036657431,-0.05324302437328296
812.38,11.99977970123291,-0.03917214646935463,3.093085649668441,-0.0004566638063076064,3.849862730204992e-05,-0.08896743521544782,-0.0011429715808844638,0.00280428779272068,-0.09902445852756502,-0.09511497735977174,-0.1,0,True,0.2851034243164676,-0.027720781900716845
812.4,12.001449584960938,-0.039247557520866394,3.0930557624023534,-0.0006565580700127632,4.217995806789291e-05,-0.08545223058473816,-0.00029220922796590297,-0.0009213425644134249,-0.0936761510372162,-0.09463387489318849,-0.1,0,True,0.20789460776558363,-0.03735715798890865
812.42,12.003064155578613,-0.03933322802186012,3.0930830690647757,-0.0002820414037063568,-8.345209335528545e-06,-0.08255344309385472,-1.515737272840198e-05,-0.00014110299046958262,-0.0839413571357727,-0.08459789752960206,-0.1,0,True,0.05277337635901161,-0.08365729634727288
812.44,12.004707336425781,-0.03941181302070618,3.093077581332488,-0.0003447114817939642,9.08763178385075e-06,-0.081607209795976,0.0013898467387978728,-0.00043362446572858837,-0.08208578646183015,-0.08215930700302125,-0.1,0,True,-0.016449404137211084,-0.022126447930146034
812.46,12.006376266479492,-0.03949118033051491,3.0930743614292036,-0.00048574457780545835,3.191719322456829e-05,-0.08474556510672474,0.0003951286081135654,-0.003888295915064575,-0.08300115704536438,-0.08328750789165498,-0.1,0,True,-0.10780650000325795,-0.026764316836138505
812.48,12.007965087890625,-0.03967522457242012,3.093021072445095,-0.00024319862940616065,-0.0004697411400360591,-0.08676818291571572,0.0007509530462173012,-0.002691458398826013,-0.08398923456668854,-0.08470153808593751,-0.1,0,True,-0.15757135630669294,-0.02754782225700367
812.5,12.009834289550781,-0.03969360888004303,3.0927720053915704,2.3855072358344015e-05,-0.00013799190813263426,-0.09117796309411977,0.0008424343664163204,-0.0022822483373617585,-0.08505523443222046,-0.08320870518684388,-0.1,0,True,-0.14289407319261763,0.06264780546760546
812.52,12.011637687683105,-0.03980884328484535,3.092862264660582,0.00011005872860540655,-0.00024311187256288895,-0.09421291830049996,-0.0007903108502112254,-0.0026374502462868776,-0.09248662114143373,-0.0948285973072052,-0.1,0,True,-0.18298646956077635,0.019710309645315643
812.54,12.01365852355957,-0.039914462715387344,3.092891781562215,0.00018849053823345168,0.00036285022826072083,-0.09617709096212375,0.00033141263978781615,0.0011235285223393035,-0.0923041445016861,-0.09216804742813112,-0.1,0,True,-0.14183556444272935,0.029109420974099066
812.56,12.015496253967285,-0.03997921198606491,3.0928100764253923,0.00018895714364281277,-0.00012255687185951233,-0.10140710048056452,-0.00036074539886715284,-0.0011146336272021954,-0.0993701857328415,-0.09893129885196687,-0.1,0,True,-0.17438072949832215,0.02773569543203696
812.58,12.017518043518066,-0.04009465500712395,3.0928618876733576,0.00030330740218134715,-0.00022510722094468754,-0.10252480824954392,4.7636008262246995e-05,4.650534056735831e-05,-0.09349665343761444,-0.09453411877155304,-0.1,0,True,-0.17217458068572639,-0.030563567684763735
812.6,12.019742012023926,-0.04017561301589012,3.092773093970406,3.5158236374188446e-06,0.00022418005930516263,-0.10816337666037287,-9.984434003494722e-05,-0.0004185946117227858,-0.1028383767604828,-0.10275365352630617,-0.1,0,True,-0.04484035221717169,0.013726806375929474
812.62,12.0218505859375,-0.040317799896001816,3.09289550198946,0.00032079925986021,-0.00011934273708632616,-0.1099510574169889,-0.0003846893809015357,-0.001321556892443046,-0.10848114192485811,-0.11004275560379029,-0.1,0,True,0.041372132797676424,-0.022505204705795052
812.64,12.024139404296875,-0.04039350524544716,3.0927765888564545,0.00043190319126452475,-0.00021702697373373095,-0.10499432865794009,1.7220625385321736e-05,-1.648911712727575e-05,-0.10648125469684602,-0.10609570264816286,-0.1,0,True,0.1968206462907098,-0.011302216569868462
812.66,12.026305198669434,-0.040492091327905655,3.092756163121962,-0.00015443748235709488,-9.288846027063043e-05,-0.09921503762573282,-0.0005280363718303252,-0.0017539110358946084,-0.11442968010902406,-0.1145926719903946,-0.1,0,True,0.32655050398191704,0.029254613010600488
812.68,12.028131484985352,-0.04058685898780823,3.0927717748410357,-0.00047892516822051624,-0.00011705913095117233,-0.09241772495713041,-0.000409531416649362,-0.0013227719373114404,-0.10748381435871125,-0.10543361306190492,-0.1,0,True,0.2932028577045287,0.026275344673130696
812.7,12.029780387878418,-0.04066307842731476,3.0927551891065885,-0.0005442147715250426,-0.00018383979949054323,-0.08382701709842218,0.00037498465838517285,0.0010188121484061901,-0.08924736976623536,-0.09113318979740144,-0.1,0,True,0.21634197181733747,0.037543456821912284
812.72,12.031525611877441,-0.0407215915620327,3.0926707671014695,-0.0004539436885470689,0.0003270708918595945,-0.0815381000415658,0.0006650192643172194,0.0020855384567242553,-0.08408706724643708,-0.08471162259578706,-0.1,0,True,0.13392022198449838,0.04064981113986
812.74,12.033001899719238,-0.040849436074495316,3.0928376680938348,-9.410266264568142e-05,-0.0001456841045218902,-0.08190767988033697,0.0004279479955811155,0.0012495655098599108,-0.08444822371006012,-0.085704043507576,-0.1,0,True,-0.023306549394841482,-0.014589303720605438
812.76,12.03464412689209,-0.040958989411592484,3.0929386179175737,-0.00019928235608900662,-5.192291794191445e-05,-0.08170410719836506,0.000668324002581956,0.001929212953879023,-0.08511964678764344,-0.08249668121337891,-0.1,0,True,-0.08657239750164447,-0.04304283285553093
812.78,12.036323547363281,-0.04101661965250969,3.0928551543473772,-0.0001268672040677482,-5.11707868596029e-06,-0.0856915410500078,-5.094892346063466e-05,-0.00014833214924118336,-0.08507818639278412,-0.08534397602081299,-0.1,0,True,-0.12411932644150521,-0.02961923785758125
812.8,12.03805160522461,-0.0410928875207901,3.0928251041377797,-0.0001273958836201126,3.197770595531672e-06,-0.08846389184169105,0.0014834831686409283,-0.0013578881717150873,-0.08707333803176881,-0.08727029263973236,-0.1,0,True,-0.1546389476788463,-0.012540019389017176
812.82,12.039849281311035,-0.041179344058036804,3.0928258015218955,-0.00015295873602824933,2.91727805260024e-05,-0.09183722599566246,-0.00031643691563059285,-0.001119973518747801,-0.08707333803176881,-0.08727029263973236,-0.1,0,True,-0.1459704436412854,0.003469136752863722
812.84,12.041707038879395,-0.0414225235581398,3.0928299868638365,0.0005027968060479692,0.00010038043690249179,-0.0940752230126791,0.0002986696042940199,0.0009260114027571357,-0.0902075093984604,-0.09037632584571839,-0.1,0,True,-0.1772158181253016,0.010488134959387755
812.86,12.043663024902344,-0.04134948179125786,3.0927655564658774,-5.1607055622843444e-05,0.00022553126104404717,-0.0973691765413166,4.493075692049535e-05,0.00012919879098805638,-0.09297466218471528,-0.0940524446964264,-0.1,0,True,-0.16468312017019385,0.049632315717951556
812.88,12.045567512512207,-0.041483595967292786,3.0928991850500003,0.000235438364280829,-0.00010067419688941243,-0.10264115729172243,-0.0024592239332762254,-0.0005188373749636377,-0.09778436422348023,-0.09420738399028779,-0.1,0,True,-0.19926512539589436,-0.02126249451396014
812.9,12.047629356384277,-0.04156312346458435,3.0928361374251745,0.0003971503943241379,-0.0002101162444777631,-0.10501187560926599,0.000872294043182318,0.002850611738684712,-0.0969984942674637,-0.09766448080539704,-0.1,0,True,-0.1501838199695644,0.0029338371074857693
812.92,12.049918174743652,-0.041625697165727615,3.0927884798738394,-5.462196696089546e-05,0.00034648326299023486,-0.11001643304433614,-0.00027890170519706634,-0.0007749881583581285,-0.10501607596874238,-0.10438773214817049,-0.1,0,True,-0.007599422185181682,0.006576755815295977
812.94,12.052050590515137,-0.04182862117886543,3.0929936054049723,0.00036942590730804683,-7.127466986758033e-05,-0.1093838821388879,-0.0019750724441254673,0.000363905759587038,-0.11074397325515749,-0.1123567271232605,-0.1,0,True,0.09219152006578817,-0.11262361102596623
812.96,12.054359436035156,-0.04189068078994751,3.0928371859973316,0.000541686622779482,-0.00014688156910299275,-0.10324911106653728,0.00045765483458066157,7.303090260309547e-06,-0.11055423676967623,-0.10673894166946413,-0.1,0,True,0.25055623092298007,0.001489021635978786
812.98,12.056377410888672,-0.04183041304349899,3.0928652498859415,-0.00031371473929248507,-0.0001524334011126535,-0.09763655400399916,-0.0018046580191313668,-0.006159277143397196,-0.1148719882965088,-0.11237039983272554,-0.1,0,True,0.29995414455743646,-0.01761394025623146
813.0,12.05816650390625,-0.04206482321023941,3.0927890641210602,-0.0004766398062706938,-0.00027976692062409164,-0.08997193457048748,-0.00014502024520737095,-0.0006558664274797647,-0.09943125188350678,-0.10024788022041321,-0.1,0,True,0.24229721595058318,-0.0012739842400471618
813.02,12.059859275817871,-0.04206487536430359,3.092500863233501,-0.0004068075212683122,-0.00021363313606628245,-0.08538755057431481,0.0017484451634387247,-0.0010452094609101972,-0.08976032376289368,-0.09174966335296632,-0.1,0,True,0.19132893015727567,0.12225054290370393
813.04,12.061549186706543,-0.04223022982478142,3.0927847166831333,8.240610606070762e-05,4.480727377012722e-05,-0.08386533379050826,-5.9578793564244066e-05,-9.461564894337071e-05,-0.08500896751880646,-0.0856352710723877,-0.1,0,True,0.06401412643482159,0.003231408188678082
813.06,12.063193321228027,-0.04230533167719841,3.0927816331290687,-0.00020816398814848248,0.00010607666927144343,-0.08233023959143103,0.0010103841653669723,0.0036207662888902226,-0.08674188435077668,-0.08462801337242128,-0.1,0,True,-0.023823382831723295,0.011915830479831404
813.08,12.064867973327637,-0.04238739609718323,3.0927814948691448,-0.0002004693326738849,0.00023258986620691572,-0.08485080445569913,-0.00016519397685254861,-0.0003973537723853858,-0.0824271160364151,-0.08234869301319123,-0.1,0,True,-0.057156303536282864,-0.0003816219883175383
813.1,12.066433906555176,-0.04246697202324867,3.0927905245366123,-0.00014530878433974238,-0.00039032055215207335,-0.08729342120085365,-3.7644287666704565e-06,-9.194302252319723e-05,-0.07980621993541719,-0.08564287722110749,0,0,True,-0.11050253534032174,0.0006475784682054551
813.12,12.068329811096191,-0.04254823178052902,3.0927529283813424,-0.0001291321200481583,0.00013528911739184036,-0.08843783807341322,0.001674421249271786,-0.0001251454080087894,-0.08239775955677034,-0.08239962875843049,0,0,True,-0.07265195068090548,-0.010590742588749473
813.14,12.070168495178223,-0.04264570400118828,3.092774277687267,-0.00016612297347986686,0.0002604937595596095,-0.09117044241866129,0.0009330353455923339,0.0036725725663466855,-0.0938581269979477,-0.09470034003257752,0,0,True,-0.002788502099833789,-0.017800289164878056
813.16,12.071928024291992,-0.04286659508943558,3.092771483236504,0.0003853344689290047,-0.00017360991280395238,-0.09066296051016628,0.002515626164050929,-0.0012446131794845731,-0.0914183807373047,-0.09181367933750154,0,0,True,0.08917983807142874,0.002797851397575628
813.18,12.073715209960938,-0.04289744794368744,3.0930843303419198,-2.000735523571464e-05,-0.00040890302389952934,-0.08751650136884015,0.0026503593056487976,-0.0015159661557121466,-0.09204360365867616,-0.09015520095825195,0,0,True,0.2234763584815875,-0.09134958256486143
813.2,12.07556438446045,-0.04310320317745209,3.0926533593269836,0.00010259737818278086,0.00013183256628034092,-0.08130345102769528,1.5112862608487529e-05,9.868270379737536e-05,-0.09368016064167023,-0.0921232032775879,0,0,True,0.3320057179644859,0.03677163825910963
813.22,12.07715129852295,-0.04319697245955467,3.09265300039481,0.00020238330537059173,0.00025949280740209836,-0.07329233374012514,0.0006933440837976475,-0.0036353940388459674,-0.089893416762352,-0.0910783737897873,0,0,True,0.4295729285548474,0.042042107326601755
813.24,12.078424453735352,-0.043185990303754807,3.092779377852808,0.0002532687953347068,-0.00017790846746205486,-0.06410250307299382,-0.0007567265835973082,0.0016971178812457024,-0.07694367945194246,-0.07712621033191681,0,0,True,0.41833598666186256,0.0024431242210558317
813.26,12.079568862915039,-0.04323968663811684,3.092793498818812,0.0002820795268187166,-0.00036705933844106346,-0.05315066708443478,-0.0009058276290699059,0.0018474024304177144,-0.06403395473957062,-0.06395053118467331,0,0,True,0.39323925992038206,0.04564029473306125
813.28,12.080689430236816,-0.04329296201467514,3.092789128757483,0.00029391075184801075,0.00021570292452572617,-0.04783657209477671,1.0904303778301507e-05,0.00029413264148166413,-0.057562955915927895,-0.057351688146591195,0,0,True,0.3802787755059835,-0.0028165535742858505
813.3,12.081401824951172,-0.04333200678229332,3.092800792589243,0.0003378973325890367,-0.0003179701411753206,-0.04183319294652319,1.1314396543581073e-05,1.5829539795611754e-05,-0.04167911440134049,-0.05395369231700898,0,0,True,0.27925571170316565,0.05833496767295352
813.32,12.082246780395508,-0.043373554944992065,3.0928029084641264,0.0003285059438130243,0.00011325848234200373,-0.03368020103249958,0.00047369919354080356,0.0014717935953027191,-0.03620457530021668,-0.03582336246967316,0,0,True,0.29235728997620003,0.18432483024293875
813.34,12.082911491394043,-0.04340381547808647,3.0927947651819956,0.00030306537775484453,0.0001438306922384213,-0.030810210148170095,-0.0011067987500738123,0.006514199844256384,-0.03914899349212647,-0.038880151808261876,0,0,True,0.2671158022660991,0.20031046977572411
813.36,12.083378791809082,-0.04346222057938576,3.0929068722451074,0.0006159834382320035,-0.00019027363601374078,-0.02444798889666874,0.0013266230080084898,0.015040119060924307,-0.03178239151835442,-0.031197505593299868,0,0,True,0.19590461847153395,0.1339792405176238
813.38,12.083868026733398,-0.043363798409700394,3.093321928576784,3.6393028647276224e-05,-0.00016613123727100764,-0.02046392876522433,0.0016402563326472365,0.01604066712186174,-0.029241749048233037,-0.02641460031270981,0,0,True,0.22246105888566942,0.05454948618063232
813.4,12.084195137023926,-0.0435747429728508,3.0940061179889993,5.0669583424726186e-05,-0.000259306974704906,-0.018007831554791118,0.0014776563277868683,0.012190132836702875,-0.02422474138438702,-0.015439477413892748,0,0,True,0.17391209479443215,-0.17720586625221116
813.42,12.084540367126465,-0.04361387714743614,3.0940780185517434,-0.00010461143129247879,-0.00014574684890422072,-0.01301332543733273,0.003113414181431986,0.010878158738703,-0.01904118545353413,-0.015739203691482545,0,0,True,0.17002510265265244,-0.20025469725329048
813.44,12.08481216430664,-0.04364882782101631,3.093882082872044,-8.364843765682947e-05,-0.00014184755252276835,-0.01053502131310705,0.00018396660368168454,0.0008636497607401617,-0.01959265783429146,-0.018417960032820705,0,0,True,0.18289581359764254,-0.09901494930335591
813.46,12.084896087646484,-0.04366203770041466,3.0941921812758806,6.0626866725471845e-06,-0.00041869156331942215,-0.006861920553005176,-6.771473767610138e-06,2.029134159030682e-05,-0.011721103340387345,-0.012016140446066857,0,0,True,0.16864953066448837,-0.15907581889505248
813.48,12.085036277770996,-0.043629638850688934,3.0940752099698585,-0.00018035068700342097,-0.00031910037914633835,-0.0033761664669722294,0.0002242901231184304,0.004268936892430349,-0.01003328412771225,-0.012408090755343439,0,0,True,0.20421238602560177,-0.01607611888916618
813.5,12.085088729858398,-0.043639346957206726,3.0940796418590706,-0.00029639962858997703,-0.00025196122466171223,0.00047863701583324294,-0.0005285079791003173,-0.001847906772907708,-0.010114190205931664,-0.009790917411446573,0,0,True,0.20424716445518776,-0.0026950332256147794
813.52,12.085081100463867,-0.043679580092430115,3.0942235978234383,-0.0002009038463812406,5.2468806565562914e-05,0.005801969568926234,-3.99144862916795e-05,-0.00042243975039196307,-0.0025769174471497536,-0.0005835429579019547,0,0,True,0.1902844954568741,-0.06944641571877207
813.54,12.084859848022461,-0.043617986142635345,3.094044348734048,-0.00021676182068375307,4.2949709848887066e-05,0.009477852603394982,-4.045982314049854e-05,-0.00019531131645867945,0.0035186305269598963,0.0029820168390870096,0,0,True,0.12805490778130696,0.02719972145321325
813.56,12.084572792053223,-0.043604470789432526,3.094041414789827,-0.0002047055970942185,5.978538687762871e-05,0.011846593169563853,-0.0006623299327124364,-0.0012867763650663633,0.011433687508106232,0.012327469959855081,0,0,True,0.016549880283266864,0.0046347566026061346
813.58,12.084331512451172,-0.04360007494688034,3.094064016953754,-0.00015451261028331898,9.333688333301038e-05,0.010723029638343042,0.00012617610313688074,0.00032807094335046564,0.012764979973435403,0.01356552504003048,0,0,True,-0.06949320222925533,-0.002859455173827741
813.6,12.084136962890625,-0.043581604957580566,3.094120655714233,-0.0001342790557980206,0.00011092378138443163,0.007125959991588261,-2.396870663951326e-05,-5.1659222183282556e-05,-0.04977096036076546,0.012686714455485346,0,0,True,-0.14266697331989867,0.008516640239133969
813.62,12.084002494812012,-0.04358731210231781,3.094070594409516,-6.65159610928628e-05,0.00011848516861185606,0.003918396425051712,-8.226672278791321e-05,-0.0004240677303650158,0.009844396710395813,0.010942500531673432,0,0,True,-0.16461889559740725,-0.003732431838114711
813.64,12.084003448486328,-0.043575502932071686,3.0940372820520525,-8.578824070959313e-05,0.00020030330872191886,0.00043323530396612,0.00017520626237658253,-0.0006054451459352973,0.00582270659506321,0.006155700124800206,0,0,True,-0.12522535897038667,0.003990213431200241
813.66,12.08401870727539,-0.0435786098241806,3.0940300915353247,-6.0053967350292936e-05,6.623824311075418e-05,-0.0024464820094375595,-1.579930973894363e-06,2.947639630156031e-05,-0.0015992276463657619,-0.0005116147454828024,0,0,True,-0.09038028645631893,0.01210421209026994
813.68,12.084101676940918,-0.043593958020210266,3.094072220102558,-3.237091798640474e-05,6.685756742615848e-05,-0.0028920687260335608,8.292419389934505e-05,0.00026755785231244634,-0.003840709384530783,-0.0027551776915788655,0,0,True,-0.04174763181178915,0.01425088147849091
813.7,12.084197998046875,-0.04359649121761322,3.0940729525212203,4.6694383316719454e-05,9.203888664795941e-05,-0.0033120264914575015,0.00013031910681485568,0.0005442692368570748,-0.003840709384530783,-0.0027551776915788655,0,0,True,0.004664494109559265,-0.001773572627719782
813.72,12.084234237670898,-0.04359311982989311,3.0940586866802375,3.1767099916902744e-05,6.806511714898804e-05,-0.0029065752409787207,-0.0003648325020981469,0.0005346253723445589,-0.0028972724825143815,-0.001175216604024172,0,0,True,0.016019831525297644,-0.0033295077756616692
813.74,12.084282875061035,-0.04360160976648331,3.0940736330742733,-4.2157659082759374e-05,8.359370821286374e-05,-0.0020733224806726274,-6.862061882491605e-05,-0.00011240941391609481,-0.0008467843383550645,-0.00036323633510619406,0,0,True,0.029795800789911973,-0.004914266391530544
813.76,12.084335327148438,-0.04357585310935974,3.0941149901323457,-5.412258804562277e-05,4.779891262131185e-05,-0.0016104822040090936,-1.3863955105689022e-05,1.197230259376548e-06,-0.0025843707844614987,0.04441971711814404,0,0,True,0.03666259645119892,-0.006710706462953357
813.78,12.08436393737793,-0.04359888657927513,3.094063959768107,-0.00013019783640905635,0.00013239090037805645,-0.0009283624282667112,-0.0003039169183218178,0.00015112792553498885,-0.0009143921080976725,-0.001483044233173132,0,0,True,0.03001512599588145,0.00723490934897445
813.8,12.084362983703613,-0.043598126620054245,3.0940587824586583,-0.00011038560426930009,0.00011754286865041932,2.6432475114525258e-05,-5.389263842366162e-05,-2.231144691221511e-06,0.0006514923693612219,0.0010059165582060815,0,0,True,0.028681337984390144,0.00891067588159241
813.82,12.084358215332031,-0.04358085244894028,3.094085723308316,-0.00013792068881915824,0.00011224973020154062,0.00032788759899911714,0.0001319956211250336,0.0004663833340021574,0.0010923496633768082,0.0013214464951306583,0,0,True,0.018417247587160488,-0.00046145651161094416
813.84,12.084333419799805,-0.04357144609093666,3.0941148116407704,-0.00014003677588823098,7.396240692048512e-05,0.0006840248347432917,-0.0003304258327444261,0.0007140513007871341,0.0010923496633768082,0.0013214464951306583,0,0,True,0.002542683756708046,-0.003089520079769973
813.86,12.08433723449707,-0.04360818862915039,3.094101270434827,-6.880574849920442e-05,6.080276656806575e-05,0.0005450173787068817,0.000334518843927787,0.00011421140460609443,0.0012293001404032112,0.0014313224609941244,0,0,True,-0.000357662764378896,-0.006831387634814666
813.88,12.084309577941895,-0.04356912523508072,3.0941159065627213,-0.00012774800597933607,6.089796432344167e-05,0.000229847175651273,0.0004372482397037141,-0.0002493927510729458,0.002817044015973807,0.0037053385563194756,0,0,True,-0.009415642482151421,-0.012214132203083181
813.9,12.08431339263916,-0.043605513870716095,3.0940948602206846,-6.730008421781096e-05,4.780432829008752e-05,0.0002992745778488315,-1.924664918527538e-05,-8.012767678251883e-05,0.0016629927698522807,0.002065279558300972,0,0,True,-0.006812717233832536,-0.00142764255757545
813.92,12.08431339263916,-0.043605513870716095,3.0940948602206846,-6.730008421781096e-05,4.780432829008752e-05,-6.922656382813693e-05,0.00045208093318195396,-0.00026307927545863175,0.002401513159275055,0.0032415790110826496,0,0,True,-0.0028730896956394424,0.0031174093884102274
813.94,12.08431339263916,-0.043605513870716095,3.0940948602206846,-6.730008421781096e-05,4.780432829008752e-05,0.0,-0.0,0.0,0.0010425103269517423,0.001869594641029835,0,0,True,-0.00374093222310848,0.001001595959780973
813.96,12.08431339263916,-0.043605513870716095,3.0940948602206846,-6.730008421781096e-05,4.780432829008752e-05,0.0,-0.0,0.0,0.0010425103269517423,0.001869594641029835,0,0,True,0.000865332047851269,0.0032884909432312147
813.98,12.08431339263916,-0.043605513870716095,3.0940948602206846,-6.730008421781096e-05,4.780432829008752e-05,0.0,-0.0,0.0,0.0010425103269517423,0.001869594641029835,0,0,True,0.0,0.0
814.0,12.08431339263916,-0.043605513870716095,3.0940948602206846,-6.730008421781096e-05,4.780432829008752e-05,0.0,-0.0,0.0,0.0010425103269517423,0.001869594641029835,0,0,True,0.0,0.0
814.02,12.08431339263916,-0.043605513870716095,3.0940948602206846,-6.730008421781096e-05,4.780432829008752e-05,0.0,-0.0,0.0,0.0010425103269517423,0.001869594641029835,0,0,True,0.0,0.0
814.04,12.08431339263916,-0.043605513870716095,3.0940948602206846,-6.730008421781096e-05,4.780432829008752e-05,0.0,-0.0,0.0,0.0010425103269517423,0.001869594641029835,0,0,True,0.0,0.0
814.06,12.08431339263916,-0.043605513870716095,3.0940948602206846,-6.730008421781096e-05,4.780432829008752e-05,0.0,-0.0,0.0,0.0010425103269517423,0.001869594641029835,0,0,True,0.0,0.0
814.08,12.08431339263916,-0.043605513870716095,3.0940948602206846,-6.730008421781096e-05,4.780432829008752e-05,0.0,-0.0,0.0,0.0010425103269517423,0.001869594641029835,0,0,True,0.0,0.0
814.1,12.08431339263916,-0.043605513870716095,3.0940948602206846,-6.730008421781096e-05,4.780432829008752e-05,0.0,-0.0,0.0,0.0010425103269517423,0.001869594641029835,0,0,True,0.0,0.0
814.12,12.08431339263916,-0.043605513870716095,3.0940948602206846,-6.730008421781096e-05,4.780432829008752e-05,0.0,-0.0,0.0,0.0010425103269517423,0.001869594641029835,0,0,True,0.0,0.0
814.14,12.08431339263916,-0.043605513870716095,3.0940948602206846,-6.730008421781096e-05,4.780432829008752e-05,0.0,-0.0,0.0,0.0010425103269517423,0.001869594641029835,0,0,True,0.0,0.0
814.16,12.08431339263916,-0.043605513870716095,3.0940948602206846,-6.730008421781096e-05,4.780432829008752e-05,0.0,-0.0,0.0,0.0010425103269517423,0.001869594641029835,0,0,True,0.0,0.0
814.18,12.08431339263916,-0.043605513870716095,3.0940948602206846,-6.730008421781096e-05,4.780432829008752e-05,0.0,-0.0,0.0,0.0010425103269517423,0.001869594641029835,0,0,True,0.0,0.0
814.2,12.08431339263916,-0.043605513870716095,3.0940948602206846,-6.730008421781096e-05,4.780432829008752e-05,0.0,-0.0,0.0,0.0010425103269517423,0.001869594641029835,0,0,True,0.0,0.0
814.22,12.08431339263916,-0.043605513870716095,3.0940948602206846,-6.730008421781096e-05,4.780432829008752e-05,0.0,-0.0,0.0,0.0010425103269517423,0.001869594641029835,0,0,True,0.0,0.0
814.24,12.08431339263916,-0.043605513870716095,3.0940948602206846,-6.730008421781096e-05,4.780432829008752e-05,0.0,-0.0,0.0,0.0010425103269517423,0.001869594641029835,0,0,True,0.0,0.0
814.26,12.08431339263916,-0.043605513870716095,3.0940948602206846,-6.730008421781096e-05,4.780432829008752e-05,0.0,-0.0,0.0,0.0010425103269517423,0.001869594641029835,0,0,True,0.0,0.0
814.28,12.08431339263916,-0.043605513870716095,3.0940948602206846,-6.730008421781096e-05,4.780432829008752e-05,0.0,-0.0,0.0,0.0010425103269517423,0.001869594641029835,0,0,True,0.0,0.0
814.3,12.08431339263916,-0.043605513870716095,3.0940948602206846,-6.730008421781096e-05,4.780432829008752e-05,0.0,-0.0,0.0,0.0010425103269517423,0.001869594641029835,0,0,True,0.0,0.0
814.32,12.08431339263916,-0.043605513870716095,3.0940948602206846,-6.730008421781096e-05,4.780432829008752e-05,0.0,-0.0,0.0,0.0010425103269517423,0.001869594641029835,0,0,True,0.0,0.0
814.34,12.08431339263916,-0.043605513870716095,3.0940948602206846,-6.730008421781096e-05,4.780432829008752e-05,0.0,-0.0,0.0,0.0010425103269517423,0.001869594641029835,0,0,True,0.0,0.0
814.36,12.08431339263916,-0.043605513870716095,3.0940948602206846,-6.730008421781096e-05,4.780432829008752e-05,0.0,-0.0,0.0,0.0010425103269517423,0.001869594641029835,0,0,True,0.0,0.0
814.38,12.08431339263916,-0.043605513870716095,3.0940948602206846,-6.730008421781096e-05,4.780432829008752e-05,0.0,-0.0,0.0,0.0010425103269517423,0.001869594641029835,0,0,True,0.0,0.0
814.4,12.08431339263916,-0.043605513870716095,3.0940948602206846,-6.730008421781096e-05,4.780432829008752e-05,0.0,-0.0,0.0,0.0010425103269517423,0.001869594641029835,0,0,True,0.0,0.0
814.42,12.08431339263916,-0.043605513870716095,3.0940948602206846,-6.730008421781096e-05,4.780432829008752e-05,0.0,-0.0,0.0,0.0010425103269517423,0.001869594641029835,0,0,True,0.0,0.0
814.44,12.08431339263916,-0.043605513870716095,3.0940948602206846,-6.730008421781096e-05,4.780432829008752e-05,0.0,-0.0,0.0,0.0010425103269517423,0.001869594641029835,0,0,True,0.0,0.0
814.46,12.08431339263916,-0.043605513870716095,3.0940948602206846,-6.730008421781096e-05,4.780432829008752e-05,0.0,-0.0,0.0,0.0010425103269517423,0.001869594641029835,0,0,True,0.0,0.0
814.48,12.08431339263916,-0.043605513870716095,3.0940948602206846,-6.730008421781096e-05,4.780432829008752e-05,0.0,-0.0,0.0,0.0010425103269517423,0.001869594641029835,0,0,True,0.0,0.0
814.5,12.08431339263916,-0.043605513870716095,3.0940948602206846,-6.730008421781096e-05,4.780432829008752e-05,0.0,-0.0,0.0,0.0010425103269517423,0.001869594641029835,0,0,True,0.0,0.0
814.52,12.08431339263916,-0.043605513870716095,3.0940948602206846,-6.730008421781096e-05,4.780432829008752e-05,0.0,-0.0,0.0,0.0010425103269517423,0.001869594641029835,0,0,True,0.0,0.0
814.54,12.08431339263916,-0.043605513870716095,3.0940948602206846,-6.730008421781096e-05,4.780432829008752e-05,0.0,-0.0,0.0,0.0010425103269517423,0.001869594641029835,0,0,True,0.0,0.0
814.56,12.08431339263916,-0.043605513870716095,3.0940948602206846,-6.730008421781096e-05,4.780432829008752e-05,0.0,-0.0,0.0,0.0010425103269517423,0.001869594641029835,0,0,True,0.0,0.0
814.58,12.08431339263916,-0.043605513870716095,3.0940948602206846,-6.730008421781096e-05,4.780432829008752e-05,0.0,-0.0,0.0,0.0010425103269517423,0.001869594641029835,0,0,True,0.0,0.0
814.6,12.08431339263916,-0.043605513870716095,3.0940948602206846,-6.730008421781096e-05,4.780432829008752e-05,0.0,-0.0,0.0,0.0010425103269517423,0.001869594641029835,0,0,True,0.0,0.0
814.62,12.08431339263916,-0.043605513870716095,3.0940948602206846,-6.730008421781096e-05,4.780432829008752e-05,0.0,-0.0,0.0,0.0010425103269517423,0.001869594641029835,0,0,True,0.0,0.0
814.64,12.08431339263916,-0.043605513870716095,3.0940948602206846,-6.730008421781096e-05,4.780432829008752e-05,0.0,-0.0,0.0,0.0010425103269517423,0.001869594641029835,0,0,True,0.0,0.0
814.66,12.08431339263916,-0.043605513870716095,3.0940948602206846,-6.730008421781096e-05,4.780432829008752e-05,0.0,-0.0,0.0,0.0010425103269517423,0.001869594641029835,0,0,True,0.0,0.0
814.68,12.08431339263916,-0.043605513870716095,3.0940948602206846,-6.730008421781096e-05,4.780432829008752e-05,0.0,-0.0,0.0,0.0010425103269517423,0.001869594641029835,0,0,True,0.0,0.0
814.7,12.08431339263916,-0.043605513870716095,3.0940948602206846,-6.730008421781096e-05,4.780432829008752e-05,0.0,-0.0,0.0,0.0010425103269517423,0.001869594641029835,0,0,True,0.0,0.0
814.72,12.08431339263916,-0.043605513870716095,3.0940948602206846,-6.730008421781096e-05,4.780432829008752e-05,0.0,-0.0,0.0,0.0010425103269517423,0.001869594641029835,0,0,True,0.0,0.0
814.74,12.08431339263916,-0.043605513870716095,3.0940948602206846,-6.730008421781096e-05,4.780432829008752e-05,0.0,-0.0,0.0,0.0010425103269517423,0.001869594641029835,0,0,True,0.0,0.0
814.76,12.08431339263916,-0.043605513870716095,3.0940948602206846,-6.730008421781096e-05,4.780432829008752e-05,0.0,-0.0,0.0,0.0010425103269517423,0.001869594641029835,0,0,True,0.0,0.0
814.78,12.08431339263916,-0.043605513870716095,3.0940948602206846,-6.730008421781096e-05,4.780432829008752e-05,0.0,-0.0,0.0,0.0010425103269517423,0.001869594641029835,0,0,True,0.0,0.0
814.8,12.08431339263916,-0.043605513870716095,3.0940948602206846,-6.730008421781096e-05,4.780432829008752e-05,0.0,-0.0,0.0,0.0010425103269517423,0.001869594641029835,0,0,True,0.0,0.0
814.82,12.08431339263916,-0.043605513870716095,3.0940948602206846,-6.730008421781096e-05,4.780432829008752e-05,0.0,-0.0,0.0,0.0010425103269517423,0.001869594641029835,0,0,True,0.0,0.0
814.84,12.08431339263916,-0.043605513870716095,3.0940948602206846,-6.730008421781096e-05,4.780432829008752e-05,0.0,-0.0,0.0,0.0010425103269517423,0.001869594641029835,0,0,True,0.0,0.0
814.86,12.08431339263916,-0.043605513870716095,3.0940948602206846,-6.730008421781096e-05,4.780432829008752e-05,0.0,-0.0,0.0,0.0010425103269517423,0.001869594641029835,0,0,True,0.0,0.0
814.88,12.08431339263916,-0.043605513870716095,3.0940948602206846,-6.730008421781096e-05,4.780432829008752e-05,0.0,-0.0,0.0,0.0010425103269517423,0.001869594641029835,0,0,True,0.0,0.0
814.9,12.08431339263916,-0.043605513870716095,3.0940948602206846,-6.730008421781096e-05,4.780432829008752e-05,0.0,-0.0,0.0,0.0010425103269517423,0.001869594641029835,0,0,True,0.0,0.0
814.92,12.08431339263916,-0.043605513870716095,3.0940948602206846,-6.730008421781096e-05,4.780432829008752e-05,0.0,-0.0,0.0,0.0010425103269517423,0.001869594641029835,0,0,True,0.0,0.0
814.94,12.08431339263916,-0.043605513870716095,3.0940948602206846,-6.730008421781096e-05,4.780432829008752e-05,0.0,-0.0,0.0,0.0010425103269517423,0.001869594641029835,0,0,True,0.0,0.0
814.96,12.08431339263916,-0.043605513870716095,3.0940948602206846,-6.730008421781096e-05,4.780432829008752e-05,0.0,-0.0,0.0,0.0010425103269517423,0.001869594641029835,0,0,True,0.0,0.0
814.98,12.08431339263916,-0.043605513870716095,3.0940948602206846,-6.730008421781096e-05,4.780432829008752e-05,0.0,-0.0,0.0,0.0010425103269517423,0.001869594641029835,0,0,True,0.0,0.0
815.0,12.08431339263916,-0.043605513870716095,3.0940948602206846,-6.730008421781096e-05,4.780432829008752e-05,0.0,-0.0,0.0,0.0010425103269517423,0.001869594641029835,0,0,True,0.0,0.0
815.02,12.08431339263916,-0.043605513870716095,3.0940948602206846,-6.730008421781096e-05,4.780432829008752e-05,0.0,-0.0,0.0,0.0010425103269517423,0.001869594641029835,0,0,True,0.0,0.0
815.04,12.08431339263916,-0.043605513870716095,3.0940948602206846,-6.730008421781096e-05,4.780432829008752e-05,0.0,-0.0,0.0,0.0010425103269517423,0.001869594641029835,0,0,True,0.0,0.0
815.06,12.08431339263916,-0.043605513870716095,3.0940948602206846,-6.730008421781096e-05,4.780432829008752e-05,0.0,-0.0,0.0,0.0010425103269517423,0.001869594641029835,0,0,True,0.0,0.0
815.08,12.08431339263916,-0.043605513870716095,3.0940948602206846,-6.730008421781096e-05,4.780432829008752e-05,0.0,-0.0,0.0,0.0010425103269517423,0.001869594641029835,0,0,True,0.0,0.0
815.1,12.08431339263916,-0.043605513870716095,3.0940948602206846,-6.730008421781096e-05,4.780432829008752e-05,0.0,-0.0,0.0,0.0010425103269517423,0.001869594641029835,0,0,True,0.0,0.0
815.12,12.08431339263916,-0.043605513870716095,3.0940948602206846,-6.730008421781096e-05,4.780432829008752e-05,0.0,-0.0,0.0,0.0010425103269517423,0.001869594641029835,0,0,True,0.0,0.0
815.14,12.08431339263916,-0.043605513870716095,3.0940948602206846,-6.730008421781096e-05,4.780432829008752e-05,0.0,-0.0,0.0,0.0010425103269517423,0.001869594641029835,0,0,True,0.0,0.0
815.16,12.08431339263916,-0.043605513870716095,3.0940948602206846,-6.730008421781096e-05,4.780432829008752e-05,0.0,-0.0,0.0,0.0010425103269517423,0.001869594641029835,0,0,True,0.0,0.0
815.18,12.08431339263916,-0.043605513870716095,3.0940948602206846,-6.730008421781096e-05,4.780432829008752e-05,0.0,-0.0,0.0,0.0010425103269517423,0.001869594641029835,0,0,True,0.0,0.0
815.2,12.08431339263916,-0.043605513870716095,3.0940948602206846,-6.730008421781096e-05,4.780432829008752e-05,0.0,-0.0,0.0,0.0010425103269517423,0.001869594641029835,0,0,True,0.0,0.0
815.22,12.08431339263916,-0.043605513870716095,3.0940948602206846,-6.730008421781096e-05,4.780432829008752e-05,0.0,-0.0,0.0,0.0010425103269517423,0.001869594641029835,0,0,True,0.0,0.0
815.24,12.08431339263916,-0.043605513870716095,3.0940948602206846,-6.730008421781096e-05,4.780432829008752e-05,0.0,-0.0,0.0,0.0010425103269517423,0.001869594641029835,0,0,True,0.0,0.0
815.26,12.08431339263916,-0.043605513870716095,3.0940948602206846,-6.730008421781096e-05,4.780432829008752e-05,0.0,-0.0,0.0,0.0010425103269517423,0.001869594641029835,0,0,True,0.0,0.0
815.28,12.08431339263916,-0.043605513870716095,3.0940948602206846,-6.730008421781096e-05,4.780432829008752e-05,0.0,-0.0,0.0,0.0010425103269517423,0.001869594641029835,0,0,True,0.0,0.0
815.3,12.08431339263916,-0.043605513870716095,3.0940948602206846,-6.730008421781096e-05,4.780432829008752e-05,0.0,-0.0,0.0,0.0010425103269517423,0.001869594641029835,0,0,True,0.0,0.0
815.32,12.08431339263916,-0.043605513870716095,3.0940948602206846,-6.730008421781096e-05,4.780432829008752e-05,0.0,-0.0,0.0,0.0010425103269517423,0.001869594641029835,0,0,True,0.0,0.0
815.34,12.08431339263916,-0.043605513870716095,3.0940948602206846,-6.730008421781096e-05,4.780432829008752e-05,0.0,-0.0,0.0,0.0010425103269517423,0.001869594641029835,0,0,True,0.0,0.0
815.36,12.08431339263916,-0.043605513870716095,3.0940948602206846,-6.730008421781096e-05,4.780432829008752e-05,0.0,-0.0,0.0,0.0010425103269517423,0.001869594641029835,0,0,True,0.0,0.0
815.38,12.08431339263916,-0.043605513870716095,3.0940948602206846,-6.730008421781096e-05,4.780432829008752e-05,0.0,-0.0,0.0,0.0010425103269517423,0.001869594641029835,0,0,True,0.0,0.0
815.4,12.08431339263916,-0.043605513870716095,3.0940948602206846,-6.730008421781096e-05,4.780432829008752e-05,0.0,-0.0,0.0,0.0010425103269517423,0.001869594641029835,0,0,True,0.0,0.0
815.42,12.08431339263916,-0.043605513870716095,3.0940948602206846,-6.730008421781096e-05,4.780432829008752e-05,0.0,-0.0,0.0,0.0010425103269517423,0.001869594641029835,0,0,True,0.0,0.0
815.44,12.08431339263916,-0.043605513870716095,3.0940948602206846,-6.730008421781096e-05,4.780432829008752e-05,0.0,-0.0,0.0,0.0010425103269517423,0.001869594641029835,0,0,True,0.0,0.0
815.46,12.08431339263916,-0.043605513870716095,3.0940948602206846,-6.730008421781096e-05,4.780432829008752e-05,0.0,-0.0,0.0,0.0010425103269517423,0.001869594641029835,0,0,True,0.0,0.0
815.48,12.08431339263916,-0.043605513870716095,3.0940948602206846,-6.730008421781096e-05,4.780432829008752e-05,0.0,-0.0,0.0,0.0010425103269517423,0.001869594641029835,0,0,True,0.0,0.0
815.5,12.08431339263916,-0.043605513870716095,3.0940948602206846,-6.730008421781096e-05,4.780432829008752e-05,0.0,-0.0,0.0,0.0010425103269517423,0.001869594641029835,0,0,True,0.0,0.0
815.52,12.08431339263916,-0.043605513870716095,3.0940948602206846,-6.730008421781096e-05,4.780432829008752e-05,0.0,-0.0,0.0,0.0010425103269517423,0.001869594641029835,0,0,True,0.0,0.0
815.54,12.08431339263916,-0.043605513870716095,3.0940948602206846,-6.730008421781096e-05,4.780432829008752e-05,0.0,-0.0,0.0,0.0010425103269517423,0.001869594641029835,0,0,True,0.0,0.0
815.56,12.08431339263916,-0.043605513870716095,3.0940948602206846,-6.730008421781096e-05,4.780432829008752e-05,0.0,-0.0,0.0,0.0010425103269517423,0.001869594641029835,0,0,True,0.0,0.0
815.58,12.08431339263916,-0.043605513870716095,3.0940948602206846,-6.730008421781096e-05,4.780432829008752e-05,0.0,-0.0,0.0,0.0010425103269517423,0.001869594641029835,0,0,True,0.0,0.0
815.6,12.08431339263916,-0.043605513870716095,3.0940948602206846,-6.730008421781096e-05,4.780432829008752e-05,0.0,-0.0,0.0,0.0010425103269517423,0.001869594641029835,0,0,True,0.0,0.0
815.62,12.08431339263916,-0.043605513870716095,3.0940948602206846,-6.730008421781096e-05,4.780432829008752e-05,0.0,-0.0,0.0,0.0010425103269517423,0.001869594641029835,0,0,True,0.0,0.0
815.64,12.08431339263916,-0.043605513870716095,3.0940948602206846,-6.730008421781096e-05,4.780432829008752e-05,0.0,-0.0,0.0,0.0010425103269517423,0.001869594641029835,0,0,True,0.0,0.0
815.66,12.08431339263916,-0.043605513870716095,3.0940948602206846,-6.730008421781096e-05,4.780432829008752e-05,0.0,-0.0,0.0,0.0010425103269517423,0.001869594641029835,0,0,True,0.0,0.0
815.68,12.08431339263916,-0.043605513870716095,3.0940948602206846,-6.730008421781096e-05,4.780432829008752e-05,0.0,-0.0,0.0,0.0010425103269517423,0.001869594641029835,0,0,True,0.0,0.0
815.7,12.08431339263916,-0.043605513870716095,3.0940948602206846,-6.730008421781096e-05,4.780432829008752e-05,0.0,-0.0,0.0,0.0010425103269517423,0.001869594641029835,0,0,True,0.0,0.0
815.72,12.08431339263916,-0.043605513870716095,3.0940948602206846,-6.730008421781096e-05,4.780432829008752e-05,0.0,-0.0,0.0,0.0010425103269517423,0.001869594641029835,0,0,True,0.0,0.0
815.74,12.08431339263916,-0.043605513870716095,3.0940948602206846,-6.730008421781096e-05,4.780432829008752e-05,0.0,-0.0,0.0,0.0010425103269517423,0.001869594641029835,0,0,True,0.0,0.0
815.76,12.08431339263916,-0.043605513870716095,3.0940948602206846,-6.730008421781096e-05,4.780432829008752e-05,0.0,-0.0,0.0,0.0010425103269517423,0.001869594641029835,0,0,True,0.0,0.0
815.78,12.08431339263916,-0.043605513870716095,3.0940948602206846,-6.730008421781096e-05,4.780432829008752e-05,0.0,-0.0,0.0,0.0010425103269517423,0.001869594641029835,0,0,True,0.0,0.0
815.8,12.08431339263916,-0.043605513870716095,3.0940948602206846,-6.730008421781096e-05,4.780432829008752e-05,0.0,-0.0,0.0,0.0010425103269517423,0.001869594641029835,0,0,True,0.0,0.0
815.82,12.08431339263916,-0.043605513870716095,3.0940948602206846,-6.730008421781096e-05,4.780432829008752e-05,0.0,-0.0,0.0,0.0010425103269517423,0.001869594641029835,0,0,True,0.0,0.0
815.84,12.08431339263916,-0.043605513870716095,3.0940948602206846,-6.730008421781096e-05,4.780432829008752e-05,0.0,-0.0,0.0,0.0010425103269517423,0.001869594641029835,0,0,True,0.0,0.0
815.86,12.08431339263916,-0.043605513870716095,3.0940948602206846,-6.730008421781096e-05,4.780432829008752e-05,0.0,-0.0,0.0,0.0010425103269517423,0.001869594641029835,0,0,True,0.0,0.0
815.88,12.08431339263916,-0.043605513870716095,3.0940948602206846,-6.730008421781096e-05,4.780432829008752e-05,0.0,-0.0,0.0,0.0010425103269517423,0.001869594641029835,0,0,True,0.0,0.0
815.9,12.08431339263916,-0.043605513870716095,3.0940948602206846,-6.730008421781096e-05,4.780432829008752e-05,0.0,-0.0,0.0,0.0010425103269517423,0.001869594641029835,0,0,True,0.0,0.0
815.92,12.08431339263916,-0.043605513870716095,3.0940948602206846,-6.730008421781096e-05,4.780432829008752e-05,0.0,-0.0,0.0,0.0010425103269517423,0.001869594641029835,0,0,True,0.0,0.0
815.94,12.08431339263916,-0.043605513870716095,3.0940948602206846,-6.730008421781096e-05,4.780432829008752e-05,0.0,-0.0,0.0,0.0010425103269517423,0.001869594641029835,0,0,True,0.0,0.0
815.96,12.08431339263916,-0.043605513870716095,3.0940948602206846,-6.730008421781096e-05,4.780432829008752e-05,0.0,-0.0,0.0,0.0010425103269517423,0.001869594641029835,0,0,True,0.0,0.0
