t,x,y,yaw,roll,pitch,v,lateral,w,rim_left,rim_right,cmd_v,cmd_w,publishing,a,alpha
907.18,12.07104778289795,-0.05151481181383133,3.1164370215789443,-0.00024108933473009306,-0.00013222892946929642,0.004155678321902443,-0.0007077163750010125,-0.0008483601489635107,-0.0011416880600154402,0.0009844443388283253,0,0.15,True,0.03342549850389134,0.10720363049796432
907.2,12.070972442626953,-0.05151874199509621,3.116456681811607,-6.506690829888476e-05,-6.512328405276352e-05,0.005068335434648303,-0.00143643427629045,-0.0008810441655455681,0.0034053970128297808,0.0055379790440201766,0,0.15,True,0.017663300317177267,0.20970131421742363
907.22,12.070840835571289,-0.05151013657450676,3.116509560717597,-8.044402483534068e-05,-0.0001807860999838415,0.004242124790114664,-0.0017792086799312244,0.006821191057717454,0.003428961066529155,0.007870155461132526,0,0.15,True,-0.0228434454776034,0.31133767186480643
907.24,12.070769309997559,-0.05145002901554108,3.1165069459962704,-0.0001450721239516322,-0.0003259249768173215,0.003921378880118663,7.337732252977989e-05,0.015266758663565201,0.0053971588984131815,0.008461213558912278,0,0.15,True,-0.033973107470930484,0.4587237798424092
907.26,12.070712089538574,-0.05136400833725929,3.116982716863562,-0.000424527475001117,-0.00027290982788747364,0.0023282026836932363,-0.0006029663212446447,0.024058653600233747,-0.007220025714486838,0.005671617053449154,0,0.15,True,-0.01477582759143852,0.48886838424618023
907.28,12.070658683776855,-0.05151674151420593,3.117678022504691,-0.00036212261035336457,-1.2119394389419276e-05,0.002350486836976336,0.0024344286057424768,0.03581685822181379,-9.711217135190965e-05,0.009590576440095902,0,0.15,True,-0.015096962460014808,0.5760484878672838
907.3,12.070655822753906,-0.05145733058452606,3.118434253005614,-0.0008008597313077937,0.0004359900280897164,0.003060058582800657,0.008943406878414138,0.0459306617973763,-0.008901112750172616,0.005800363272428513,0,0.15,True,0.03285768076472246,0.7772009981467638
907.32,12.070576667785645,-0.05164023116230965,3.119372294654017,-0.0009659572680457241,0.0004823467495252239,0.002713621883316861,0.009346954844921668,0.06135063769297148,-0.07653965808451177,0.011781985126435758,0,0.15,True,0.044474407894582284,0.9250859378960915
907.34,12.070450782775879,-0.05207362025976181,3.120657169807354,-0.0003925927766058546,0.00034244674617630796,0.004956817144872378,0.00984196874110675,0.08623473345200666,-0.08317505329847337,0.09344122722744942,0,0.15,True,0.05415269230494118,1.000409598110978
907.36,12.070425033569336,-0.05225948989391327,3.1225860735201314,-0.0002450699139050057,0.00023953519197129357,0.005908439468544739,0.010320380926582199,0.10982373325353896,-0.07311066448688508,0.10493797838687897,0,0.15,True,0.10721038245975167,0.9237743918128828
907.38,12.070242881774902,-0.05223621428012848,3.125333031681778,-0.0005578853469712505,0.00013162209381631636,0.007392273967198168,0.0043794279141817945,0.12596342964629548,-0.06431238651275635,0.06856227517127991,0,0.15,True,0.07605344768114268,0.7414903720646439
907.4,12.070088386535645,-0.052456729114055634,3.128158193314292,-0.00021963184441417806,0.00041476420371131174,0.011290452480089195,0.005300832080472169,0.13525258903793488,-0.08347799956798554,0.11394522309303284,0,0.15,True,0.05609018983262234,0.5556379285664778
907.42,12.069853782653809,-0.052414312958717346,3.1307342441790484,-0.00043080713979812995,0.00010450403848388038,0.011041092959358258,0.00423844464131121,0.14555396321712422,-0.09311637677252294,0.05451633036136628,0,0.15,True,0.056068623719487176,0.48350875716995717
907.44,12.0695161819458,-0.05267138406634331,3.1334062806431717,3.74850455098196e-05,-0.0001687113796804792,0.010395654655156822,0.001424903591099582,0.15427476753887992,-0.09668169796466829,0.04946102492511273,0,0.15,True,-0.009277323133892417,0.5241717404963612
907.46,12.069355964660645,-0.05256567895412445,3.136977348739154,1.1264566129323255e-05,-0.0003656105854693327,0.011877763864759437,0.0042141973742319426,0.16464413021991184,-0.05745658874511719,0.11139768272638322,0,0.15,True,-0.040416203415540516,0.2524461296869912
907.48,12.069255828857422,-0.05256390944123268,3.140500174717409,8.743735385442665e-05,-6.5300343728469465e-06,0.010548266629377422,0.001612654488780576,0.17718632827766523,-0.05745658874511719,0.11139768272638322,0,0.15,True,-0.042758195795762836,0.05515767247086335
907.5,12.068902015686035,-0.05274705961346626,-3.139279532582938,0.0006675837515823207,-0.0005861617367077843,0.007807796686113363,-0.00018704934399683886,0.16574965359209384,-0.06478952527046204,0.13099680662155153,0,0.15,True,-0.13756453363866342,-0.2125101346922405
907.52,12.068672180175781,-0.05279947444796562,-3.1356041202742144,0.0010266007022448906,-0.0009157694131457128,0.006974998991498906,-0.0018018620413831035,0.15868738133654497,-0.11985032737255098,0.13947093248367312,0,0.15,True,-0.1593014581792275,-0.4980733832957692
907.54,12.068731307983398,-0.05255215987563133,-3.132947986153077,0.000691799841060499,-0.0008425574986298444,0.0008726011736763722,-0.0038662502739599826,0.14764331944454806,-0.1453806471824646,0.07232705175876618,0,0.15,True,-0.18249818479154492,-0.33753584907189615
907.56,12.068696975708008,-0.052423104643821716,-3.129990141955266,0.0002949127340702516,-0.0006554855118622161,-0.0021958500249491886,-0.0012215066428143493,0.13734045761403993,-0.07303056418895722,0.0657121452689171,0,0.15,True,-0.2388006997984187,-0.24944512858535828
907.58,12.068829536437988,-0.05243837460875511,-3.127468067027368,6.459892534873089e-05,-0.00044996713067379883,-0.006792058097217698,0.0070033651900137574,0.13874678566632834,-0.05603718668222428,0.05470079824328423,0,0.15,True,-0.2303041716062518,-0.17583293620096535
907.6,12.068846702575684,-0.05269972234964371,-3.1246168836650856,-9.209611331801012e-05,-0.0005196522006436909,-0.012129056992384361,0.011719098288413766,0.1387317710497061,-0.09533261731266976,0.11459688603878022,0,0.15,True,-0.19784544437731005,-0.1061924775792486
907.62,12.069282531738281,-0.0531046986579895,-3.121848243299765,-5.6893503879928815e-05,3.7109770483793384e-05,-0.017551732554833197,0.014455574504686666,0.13357668454846364,-0.09747864961624146,0.12693055868148806,0,0.15,True,-0.11681243106919503,-0.11560108903343089
907.64,12.069683074951172,-0.05334402620792389,-3.118891600271284,-0.00028653526203836234,0.0003314082410096678,-0.01802348557514209,0.010225097511333568,0.1288450594076957,-0.07540087461471558,0.04166798889636994,0,0.15,True,-0.0002464401411595858,-0.21137330816130376
907.66,12.070256233215332,-0.05356687307357788,-3.1167819322635006,-0.0003365169508691244,0.0009124241340305339,-0.016137052582744803,0.005642573016458218,0.12949869854366228,-0.07033332705497743,0.05173202931880951,0,0.15,True,0.14627341493933294,-0.10967936111297298
907.68,12.070306777954102,-0.05348479002714157,-3.1143092789124793,-0.00048606008345712225,0.00035679165954413124,-0.01214877220367711,0.005360226885689387,0.12182190639681718,-0.09848291158676148,0.07739115923643113,0,0.15,True,0.14411264305281882,-0.06834610702617483
907.7,12.070584297180176,-0.05352393910288811,-3.111488347416267,-0.0005047096761746542,0.0006025674556867459,-0.005849859359680575,0.0037626776496399853,0.12480233565942131,-0.07070917636156082,0.10520631313323976,0,0.15,True,0.1545823732865218,-0.047197750973762345
907.72,12.070666313171387,-0.05374617129564285,-3.1091458477595335,1.5499525337558382e-05,0.00020530676309041466,-0.006494474130910684,0.009366933583385612,0.12337737084559891,-0.04554382860660553,0.04938571810722352,0,0.15,True,0.12557699752296148,0.16973900887778712
907.74,12.070733070373535,-0.05385366454720497,-3.106797745410742,-0.00024043088137723614,0.0001864619624697686,-0.0037704627198167323,0.010932044871165482,0.12572287846575936,-0.04087628394365311,0.01710047796368599,0,0.15,True,0.061449728843174685,0.15395715490688133
907.76,12.070850372314453,-0.0542168952524662,-3.1044390892448264,0.0001348387073356657,-0.00010580487146933365,-0.002102612401835054,0.005052010052749046,0.1354010271070471,-0.0805642855167389,0.011431253738701345,0,0.15,True,0.07846409748656476,0.2596418451264798
907.78,12.070916175842285,-0.05438748002052307,-3.1014305171390153,0.0003203074562675317,7.862399947205442e-06,-0.0009338810522310712,0.001699321910858052,0.13711890805196061,-0.11814215660095216,0.06270254127681256,0,0.15,True,0.07927288881586142,0.21144750997596018
907.8,12.070849418640137,-0.05414380505681038,-3.0983137655909796,-0.00035034143506495785,-0.00020673183522073763,-0.0002173463319912126,0.000216219949613023,0.1441487184556984,-0.12019786953926087,0.09730770945549012,0,0.15,True,0.08646684877090176,0.12789241183013328
907.82,12.070813179016113,-0.053986500948667526,-3.0958282327665794,-0.0005273622783367096,-0.0004918099002736312,0.002571368385455426,0.0001240788751226087,0.14263867926384483,-0.09631009399890901,0.05946921408176423,0,0.15,True,0.07488043706652751,0.25017202819135437
907.84,12.070868492126465,-0.05423342436552048,-3.0929071917683646,8.563319346858392e-05,-9.643797871117647e-05,0.004814735499840625,0.0005905120151396626,0.145632420053463,-0.08506237745285035,0.1106573808193207,0,0.15,True,0.09893449641490269,0.2835556324084727
907.86,12.070711135864258,-0.05440680682659149,-3.090019422797902,0.0004293372862747788,-0.0001989098893396174,0.005056553913094194,0.001528666442052399,0.1571326703072792,-0.06230092525482178,0.1154106479883194,0,0.15,True,0.05849995087781245,0.41223164807003887
907.88,12.070466995239258,-0.05420973524451256,-3.0866631719866966,3.767828701554042e-05,-0.0004750970134447054,0.007697413381205051,-0.0009267279942298209,0.16683316904838782,-0.07936334848403931,0.12945556223392488,0,0.15,True,0.008050569463068669,0.40716614524561684
907.9,12.070415496826172,-0.05412948504090309,-3.0832576191420085,6.848191244101622e-06,-0.00026276595789229764,0.007251364455676166,-0.002401723586333738,0.17561721110941794,-0.14635079205036164,0.0688742858171463,0,0.15,True,0.017622214977033493,0.2914574371265158
907.92,12.070249557495117,-0.05419320613145828,-3.0795605382445057,0.00020501324193842007,-0.00033968728805129704,0.005458781056885533,0.00019902735608996367,0.17820571167308272,-0.14723383128643036,0.09687425911426545,0,0.15,True,-0.037080000422878054,0.0032212376381045467
907.94,12.070120811462402,-0.05424881726503372,-3.0759700459091412,9.386841630397736e-05,-9.572853212820374e-05,0.006466331111257595,0.003139071873443452,0.1804492652774124,-0.10252305328845979,0.05909498989582063,0,0.15,True,-0.024832218277877016,-0.2250849812574181
907.96,12.070032119750977,-0.05425269901752472,-3.0724067150528427,-0.00029688401793898176,-0.0002821882910835457,0.004731013347373289,0.006538368215841152,0.16709086805943632,-0.15328968584537508,0.06998341917991639,0,0.15,True,0.007006978870090234,-0.4882366349753236
907.98,12.069915771484375,-0.054413992911577225,-3.068821677919808,-5.6127958633727365e-05,2.9131699279275096e-05,0.005264786993444988,0.008603498846674851,0.15761041260881528,-0.07056350588798524,0.10819706082344056,0,0.15,True,0.011281597330241587,-0.768823530577567
908.0,12.069908142089844,-0.05474118888378143,-3.066193268799744,0.0003369058927461727,0.00010130695355658563,0.0060193393664930385,0.008467231005693127,0.13914678087503685,-0.13430190145969392,0.07274412989616395,0,0.15,True,0.033155084617649946,-0.6656167313102855
908.02,12.069750785827637,-0.054965898394584656,-3.0633612129004475,0.00038909818444412175,2.870345695092387e-05,0.007368858897676101,0.008123154977225561,0.11894338283126298,-0.05055132806301117,0.037183094024658206,0,0.15,True,-0.001702356434327111,-0.5830560980778703
908.04,12.069602966308594,-0.05496442690491676,-3.06127497258285,-6.624679301817355e-05,0.00023107181693208522,0.007383420116782872,0.005403850294230627,0.11384152955466191,-0.049341274499893194,0.02348078191280365,0,0.15,True,-0.04321833227204805,-0.2612165622207904
908.06,12.069378852844238,-0.055107928812503815,-3.0593062072933157,-8.674140602873598e-05,-0.000214699023119193,0.005128598478698943,0.003156293364484661,0.11096592476262808,-0.10471525549888612,0.06102207787334919,0,0.15,True,-0.058831683198469646,0.17118977669539245
908.08,12.069354057312012,-0.05521949380636215,-3.0570859464353664,-0.0001324465482880283,-0.00015579323152428213,0.0025618727847274256,0.008211078994459477,0.11824945589736292,-0.02397697985172272,0.11636965692043305,0,0.15,True,-0.03561400535704732,0.40706969860363457
908.1,12.06936264038086,-0.05525127053260803,-3.0544839389194327,-0.0002910949554680055,0.0001036899431706905,0.002662324241796121,0.007191747744282083,0.13263856496690138,-0.12723729968070985,0.10271914422512056,0,0.15,True,-0.0058494843920727,0.5310710922552428
908.12,12.069454193115234,-0.055636268109083176,-3.051815016111056,0.00033872159880643196,0.00032565685308109525,0.004534299688217629,0.005030298555553384,0.14640710544296934,-0.04992612600326538,0.11128332972526551,0,0.15,True,0.06757149251944126,0.5800277389898335
908.14,12.06921672821045,-0.05569961667060852,-3.048695122095958,0.0002385585165206195,-4.7820210475615086e-05,0.004660639727332888,0.0035053194590637313,0.15345161214306924,-0.12292119622230531,0.09088142335414888,0,0.15,True,0.006824672030229198,0.5161170215479929
908.16,12.069028854370117,-0.05565281957387924,-3.0453733779999395,-0.00017804935514593163,-0.0002474691357011409,0.00796759218627781,-0.00021360852436096286,0.1646516750165074,-0.11834930002689363,0.051734324097633365,0,0.15,True,-0.011132562430688296,0.45507994006625874
908.18,12.06901741027832,-0.05556507408618927,-3.0422078099479983,-0.0003534519171211153,0.0001533502501134538,0.0032082980042139604,-0.001225058794870251,0.17392792669070326,-0.08301987826824189,0.08992711663246156,0,0.15,True,-0.006242406075220253,0.507330770473188
908.2,12.068818092346191,-0.055680494755506516,-3.0386428821097287,2.4739428232285676e-05,-0.0004778426122016432,0.0036436946937621097,-0.000923703996748104,0.18281350064828866,-0.08301987826824189,0.08992711663246156,0,0.15,True,-0.0913916348681023,0.3396634505002727
908.22,12.068951606750488,-0.05562756210565567,-3.034780887960695,0.00010171046497649649,0.00019355459866810757,0.004161247241315012,-0.0005499970211715514,0.19403807378094504,-0.12021253108978272,0.1464014607667923,0,0.15,True,-0.05619951467565512,0.07496277140014734
908.24,12.068731307983398,-0.05560927093029022,-3.030748297948069,0.0001285381635567601,-0.000509792081495615,0.0006562613968258852,-0.000893028291630556,0.19182475105654312,-0.12021253108978272,0.1464014607667923,0,0.15,True,-0.11464957191170976,-0.2662969102936959
908.26,12.068681716918945,-0.05555681511759758,-3.026684764045515,0.0001446599263548813,-0.0007089484216908244,-0.0012876631698407496,0.00048818168419262115,0.1799249484027181,-0.1008637696504593,0.12173196256160737,0,0.15,True,-0.16466234574454777,-0.5947968378818285
908.28,12.068758010864258,-0.055615298449993134,-3.023296902025219,0.00023381919897732295,-0.0007211158075215369,-0.00552827105916633,-0.002071058510294142,0.16150974782481237,-0.1101421320438385,0.11176202893257142,0,0.15,True,-0.10619782035848345,-0.7435428359829037
908.3,12.069058418273926,-0.05565454810857773,-3.0203868920884904,0.00033360123935924515,0.00022145610936606083,-0.00901174041823683,-0.0009281183602939708,0.14645432675044204,-0.06704606056213379,0.03644440472126007,0,0.15,True,-0.07509072681509826,-0.6316894382150764
908.32,12.069150924682617,-0.0553925484418869,-3.0178275181220773,-0.0003798996368104271,0.0003196807001088057,-0.007839564231857138,3.862508967544505e-05,0.1323413241778804,-0.11177071154117585,0.05978034019470215,0,0.15,True,-0.020930649337508576,-0.3357636644211719
908.34,12.069388389587402,-0.0553959421813488,-3.0149684179054734,-0.0006280459035180463,0.0007894937996373034,-0.007294921315051684,-0.0013256108400665186,0.12938979334548614,-0.1047342312335968,0.08332523405551912,0,0.15,True,0.049574755095441146,-0.11999976646125123
908.36,12.069380760192871,-0.055540941655635834,-3.0127095960909833,-0.00028035292226188734,6.636604577978157e-05,-0.007202723006167873,0.0003527367924587785,0.13464865467110487,-0.14897504687309265,0.046232875585556034,0,0.15,True,0.030505591422374266,0.18038675612924954
908.38,12.069623947143555,-0.05547564849257469,-3.0100357086208462,-0.00023380088700738114,0.0005376139328976555,-0.005045760010599509,0.0033977218201510983,0.13685434543353703,-0.11068721294403078,0.04841130286455155,0,0.15,True,0.06606974698541092,0.22689748002959642
908.4,12.06972599029541,-0.055346474051475525,-3.0070556257483987,-0.00038333794183044694,0.00048645251783936233,-0.005399116918069416,-0.0014058271630344454,0.14677226466820723,-0.08702010333538056,0.07936730384826661,0,0.15,True,0.052520693706494585,0.2298076285282239
908.42,12.06982421875,-0.055612459778785706,-3.0040200702708004,0.0004608824551555835,0.000286080854570176,-0.0020093415562236166,-0.00147454414994839,0.14754159174783735,-0.07684702336788178,0.11615335106849671,0,0.15,True,0.021291338402720593,0.2923650128313259
908.44,12.069793701171875,-0.05537155643105507,-3.0009678149175207,-0.0001257349826317894,0.00023650009015987767,-0.0030010675096461565,-0.0007878027082737949,0.1530332649533722,-0.056530171930789956,0.08716399431228639,0,0.15,True,0.016048886056201177,0.23785279234557036
908.46,12.069766998291016,-0.05533675476908684,-2.998232381281013,0.0001253441485098895,-0.0004601095934320471,-0.00334245293838099,-0.004464741231409508,0.16024354646005506,-0.09042646884918214,0.017088558673858643,0,0.15,True,-0.026462927217241205,0.43862152970900464
908.48,12.069954872131348,-0.05525042116641998,-2.9948129645521226,0.0001791672853933299,-0.00016266316422003228,-0.004115206033572665,-0.0022412109527587447,0.1658004880558626,-0.12145748615264894,0.13326799511909487,0,0.15,True,-0.02834769243745661,0.37352792633129944
908.5,12.070037841796875,-0.05522074177861214,-2.9912005865539895,0.000307627056185791,-0.0003082931963096667,-0.004126375733603996,0.00045842824058628693,0.18263131412457567,-0.12652386963367462,0.10163514912128449,0,0.15,True,-0.04191623678133637,0.2360268974210377
908.52,12.070093154907227,-0.05514603853225708,-2.987703775873064,0.00023766221187045283,-0.0009213062083560995,-0.005268882904640623,-0.0003704039972461545,0.18291549905984897,-0.1302963024377823,0.13135618984699252,0,0.15,True,-0.06472618740697762,0.13359074125302858
908.54,12.070098876953125,-0.05532355606555939,-2.9836218761510604,0.00040165631406972765,-0.0010857397559326085,-0.00669575188088485,0.001084632890106468,0.1791256982537209,-0.22136162102222445,0.0772833400964737,0,0.15,True,-0.14067543205395372,-0.345663595959615
908.56,12.070366859436035,-0.05515652894973755,-2.980179724627348,-6.609091312798814e-05,-0.0002593513325787164,-0.009293301026126166,0.003156529578839749,0.17648774735609515,-0.07123888015747071,0.06634987056255341,0,0.15,True,-0.13546556403714402,-0.461775019666642
908.58,12.07058048248291,-0.05522216483950615,-2.9768705306936845,-0.00010048777507529758,-0.00020673824339060263,-0.01538041029792605,0.001909194237146722,0.15497822644779233,-0.11791798174381257,0.08692131102085114,0,0.15,True,-0.13829560047656758,-0.4916372588172045
908.6,12.070867538452148,-0.05527579411864281,-2.973584756084569,-0.00040380192392270854,3.973025754621498e-05,-0.016106128027617687,0.006340734227307798,0.1459734974864987,-0.1090488910675049,0.05811258673667908,0,0.15,True,-0.08878168567540286,-0.4574320377606243
908.62,12.071337699890137,-0.055272459983825684,-2.9712236180352307,-0.0007543004561326164,0.000292773358815634,-0.017759399919015918,0.011868613969792191,0.13979471754832443,-0.10698545932769776,0.05660146236419678,0,0.15,True,0.049444001600508984,-0.0979674090271751
908.64,12.071722030639648,-0.05544118583202362,-2.968501844828422,-0.0009002335782540288,0.00024873227291575037,-0.016395835880162028,0.009909644739621592,0.1398931843352265,-0.04483052372932435,0.13795229375362397,0,0.15,True,0.12453683826914365,0.007315863324866965
908.66,12.072141647338867,-0.05591702461242676,-2.9656869532898287,8.120172433248594e-05,0.0005281784165533948,-0.01142489016988893,0.00854221298280805,0.14714083372562545,-0.05757900163531304,0.030482131242752078,0,0.15,True,0.14745129474911692,0.11270166684511009
908.68,12.072296142578125,-0.05583081394433975,-2.962393301337761,-0.00025824916312926097,0.0005653880461442028,-0.006143180966095256,0.007619359658262564,0.14655876655248753,-0.01842089578509331,0.07365319713950158,0,0.15,True,0.16663321779107731,0.09561554224857063
908.7,12.072357177734375,-0.055785343050956726,-2.9594523513371747,-0.0005294322777720315,0.0004305712311684665,-0.005963296339080529,0.0024375114891394202,0.14881085089593785,-0.10768758654594422,0.12391612470149994,0,0.15,True,0.07436906387066691,0.05403174197795996
908.72,12.072314262390137,-0.05595337599515915,-2.956777143504217,-0.00013092739785841874,-0.00023990969434703046,-0.0030651784568690235,0.0019625256975831992,0.14754242771511605,-0.11166169285774231,0.06252346456050874,0,0.15,True,-0.011852244032816987,0.20336182290440247
908.74,12.072646141052246,-0.056022386997938156,-2.9537820852181476,0.00013467996951618385,0.00022876678976712194,-0.005475365060232533,0.003943870149973062,0.15146337308386446,-0.10568655610084535,0.043401660919189455,0,0.15,True,0.05071678307670821,0.2826822785320385
908.76,12.072566032409668,-0.05594008043408394,-2.9505899071205457,4.493764817556108e-05,-0.0004954193530122017,-0.0070913604887211,0.000624894776494344,0.16282771238484806,-0.09327520310878755,0.08224269978702069,0,0.15,True,0.005936463093757661,0.3751640949976287
908.78,12.072846412658691,-0.05601352080702782,-2.9473352814904765,0.0002830643366996806,8.763661302537299e-05,-0.0019059536929475628,0.0006869680617692811,0.17142543317848036,-0.12086323857307435,0.10302642345428467,0,0.15,True,0.0317731387520576,0.38585114284419714
908.8,12.072880744934082,-0.05589475855231285,-2.943750926513441,1.0244714131276787e-05,3.0295938030621284e-05,-0.0025902614093688426,0.0016952651383363754,0.17755555531489906,-0.05941538691520692,0.05655106902122498,0,0.15,True,0.06856846772588242,0.1879417085881948
908.82,12.072806358337402,-0.056046877056360245,-2.940068050563862,0.00040569310097567123,-0.0005418668323490915,-0.002933513960066624,0.001721113152297256,0.18233146451141602,-0.13307506263256075,0.14015114665031433,0,0.15,True,-0.04633310687079848,-0.051128486846200305
908.84,12.072795867919922,-0.05603232607245445,-2.9363854626953465,0.0005447055493636451,-0.0007070572487131389,-0.0016058830706476997,0.0020543035003944515,0.17786304907191133,-0.12226961672306062,0.1489758563041687,0,0.15,True,-0.07035106340770284,-0.21505636633645064
908.86,12.073103904724121,-0.05610144883394241,-2.932748764329556,0.0006985243654835471,0.00012792174396229988,-0.005612602242613338,-0.004231187036813034,0.16733515423078224,-0.14977433502674103,0.14986281752586367,0,0.15,True,-0.028525230947590803,-0.46478902919260456
908.88,12.073040008544922,-0.05602947622537613,-2.929521882587681,0.00040494087570608215,0.00021587620370192256,-0.00821834648198795,-0.005434765396600449,0.1603510460079742,-0.14977433502674103,0.14986281752586367,0,0.15,True,-0.07244294514570689,-0.5388329608751385
908.9,12.073175430297852,-0.0556226447224617,-2.9266812382254117,-0.00017658611755261912,0.0003714122690394546,-0.005215532435871813,-0.0044967847125046735,0.14514834217604147,-0.14608186483383181,0.07090328544378281,0,0.15,True,-0.009491445465254792,-0.46915585268536014
908.92,12.073347091674805,-0.05546889826655388,-2.9235573790147202,-0.0005867285911788497,0.0003254997533663947,-0.007401318682298979,-0.004307841048031845,0.13475641220193946,-0.021244415640830995,0.0959548830986023,0,0.15,True,0.020143080501525367,-0.4598174803755095
908.94,12.073434829711914,-0.055661000311374664,-2.9211368969554665,-0.00018786291655503747,-4.4776955615014406e-05,-0.00637191787983411,0.001603881784282014,0.12980268601593423,-0.07830538034439087,0.12737628400325776,0,0.15,True,-0.006186541349683913,-0.19784027139112095
908.96,12.073543548583984,-0.05556492879986763,-2.9187413696115203,-0.0003287050862348681,-7.48170789448603e-05,-0.006606900041865095,0.004071161119704857,0.12356564757791462,-0.04170671224594116,0.017582778930664063,0,0.15,True,0.039827266246077,0.005116551715820211
908.98,12.073700904846191,-0.05563637986779213,-2.9162970233441317,-7.068567717901617e-05,5.8080713563010796e-05,-0.005710455743846779,0.002031953961529902,0.1293211204647437,-0.05048274077475071,0.06398068562150003,0,0.15,True,0.026687248741740343,0.14712295688259272
909.0,12.073934555053711,-0.055669721215963364,-2.913672127208482,2.514706589843519e-05,0.00045143670053488075,-0.004215137382611189,0.004566420729210531,0.13516573633920528,-0.10133793771266938,0.11171352982521059,0,0.15,True,0.08294701908769961,0.3320333159804945
909.02,12.0739164352417,-0.05571739375591278,-2.9107912073182964,-0.0001048109506315757,0.0001709071106769122,-0.004236937980496824,0.004325491380467419,0.14157252256653094,-0.045671199262142186,0.09570456236600877,0,0.15,True,0.06914711409726101,0.28464113465732394
909.04,12.073954582214355,-0.05584460124373436,-2.9079281107043937,3.661704671829512e-05,0.0001281740218943343,2.88614851448381e-05,0.0009450125911877788,0.15012831285633002,-0.07557781875133515,0.11340420186519624,0,0.15,True,0.03592762433037962,0.19830701067289333
909.06,12.07411003112793,-0.05589570477604866,-2.9049712215388195,7.554584225546146e-05,0.00014094516712748165,-0.00017868661607092957,-0.0010461294139492332,0.1520924112373089,-0.09204561889171602,0.050675767660140994,0,0.15,True,0.037538266909321966,0.24360434710991613
909.08,12.073949813842773,-0.05574380233883858,-2.9016618621799695,-0.0002999218617570045,-0.0005496836742078091,-0.0013409274361793492,-0.0029729129007649065,0.15103029719304487,-0.08989642500877382,0.08734307885169984,0,0.15,True,-0.023097037434912586,0.12584763305062086
909.1,12.0739107131958,-0.055632684379816055,-2.8986238144193055,-0.00032171375756906765,-0.0007712850617106765,-0.0012338766277495302,-0.0038383631518713055,0.1610608703353342,-0.13745941698551178,0.06738433808088304,0,0.15,True,-0.009158534623310819,0.13759885727054336
909.12,12.074002265930176,-0.05558808892965317,-2.895845686928944,-0.00024063743624225722,-0.0007230393281408244,-0.001818901509649114,0.0026462143215790685,0.16019612350038484,-0.10400287687778474,0.04794468462467194,0,0.15,True,0.015315377265558257,0.25028936025416304
909.14,12.074131965637207,-0.05557390674948692,-2.892086351911986,-0.00011463131235610643,-0.0006790851266540748,-0.0009113693859361699,0.0055961321638726596,0.163100319818958,-0.07976518511772157,0.12983584880828858,0,0.15,True,0.04163545458244033,-0.03700033191765609
909.16,12.074142456054688,-0.055913738906383514,-2.8888461722999503,0.00035875525388856305,-0.0008229758992712182,-0.00011569725493580283,0.007799196538109071,0.1710534460133597,-0.09416521847248079,0.10638593792915345,0,0.15,True,0.05170485749359157,-0.11211782027879524
909.18,12.074091911315918,-0.05604850873351097,-2.8855757888338007,0.00038194203693058584,-0.0006950833181557849,0.0020969597388426665,0.010317676420158644,0.1581008437819244,-0.12638443887233736,0.14408690929412843,0,0.15,True,0.02450020848947637,-0.3525509905186568
909.2,12.074167251586914,-0.0561898872256279,-2.882161411247868,0.00011570401665493274,0.00011081131997339764,0.002317487089840328,0.00989338253161628,0.15122669787807663,-0.11201698720455171,0.13682314574718477,0,0.15,True,0.03509894478258178,-0.543287035436555
909.22,12.074178695678711,-0.0564148984849453,-2.8794382844094257,-0.0002947050155881834,0.0005084290996703086,0.0010486472932229424,0.011543722797972323,0.13489624057745103,-0.07755173325538636,0.06739501297473909,0,0.15,True,0.0337846414536584,-0.35251284779495473
909.24,12.074166297912598,-0.05672628432512283,-2.876748036469698,-0.00019148554736650385,0.0004247738887008852,0.002692218327672176,0.011110563541240077,0.12759048317841307,-0.04667815446853638,0.10245829463005067,0,0.15,True,-0.0007303237036370711,-0.22115673662561228
909.26,12.074250221252441,-0.05696219578385353,-2.874784089587599,-0.0001796886163553154,0.0005622357721592273,0.004799731055136721,0.006889947588523784,0.1298998159583136,-0.06428346604108812,0.1736904072761536,0,0.15,True,0.02323231957855853,0.18154334818845927
909.28,12.07419204711914,-0.057104118168354034,-2.8719541725936044,-9.753764233875666e-05,0.00029475345992993715,0.0022590611935494154,0.005265256253846507,0.13353415894804374,-0.07042745471000672,0.11633442997932435,0,0.15,True,0.008108326639862235,0.3305804480739959
909.3,12.073953628540039,-0.057047829031944275,-2.86904629913277,-0.0003553623371828993,-0.00039386127591463225,0.0029072328595059344,0.002075854167040741,0.14941970843251456,-0.0604136073589325,0.07981327950954438,0,0.15,True,-0.0719992067099996,0.3364287879967082
909.32,12.074104309082031,-0.05718042701482773,-2.866065303753849,7.704283835901393e-06,4.3573859943371006e-05,0.0033408844588614867,0.00038047556989825155,0.15403691902434627,-0.10434698939323427,0.11397546410560609,0,0.15,True,-0.02332058338341993,0.371400188177323
909.34,12.074070930480957,-0.05718474090099335,-2.862830512912992,-0.00019065904764785322,5.0977015452874816e-05,-0.0009602054816661928,0.00019761797451055122,0.15681411899806402,-0.07118438959121705,0.05091130793094636,0,0.15,True,-0.03352167449623451,0.2428582055725048
909.36,12.073943138122559,-0.05720612034201622,-2.8596312190716504,-3.9065498156145674e-05,-0.0004117708504259106,0.00039341452287486637,-0.0038260228286608705,0.16324617400224478,-0.11965352714061739,0.12502636790275576,0,0.15,True,-0.03742213699339807,0.2612722953262633
909.38,12.074031829833984,-0.05704189091920853,-2.8565011696129186,-7.316179353453669e-06,-0.00019867551534185696,0.00022549889980580113,-0.0024095441284962527,0.16884836487832489,-0.12436495006084443,0.06314759850502015,0,0.15,True,0.03170177794701607,0.3248766326508545
909.4,12.073988914489746,-0.056895188987255096,-2.8530056098336813,-0.00010978135025998967,-0.0003527307134061657,0.0003471134993923643,-0.0054489053515772,0.17493870265042832,-0.10513460338115693,0.09713327705860139,0,0.15,True,-0.015231175875797849,0.255185342761702
909.42,12.073999404907227,-0.05700483173131943,-2.849322643722738,0.0005467515805400058,-0.0005612469981072654,0.0015759367540927863,-0.0037404956149007414,0.18280424961010874,-0.09311420977115632,0.15028634607791902,0,0.15,True,-0.04688518243410461,0.15704215201039048
909.44,12.073792457580566,-0.05679613724350929,-2.845636122859609,0.00018726239118600337,-0.0007882370106729109,-0.000825079547189585,3.255278005197216e-05,0.1836610014231914,-0.09311420977115632,0.15028634607791902,0,0.15,True,-0.10314911482088676,0.01137162030816528
909.46,12.073824882507324,-0.05679166689515114,-2.8418768296441024,0.0003021953041532235,-0.0005506518832872025,-0.0035253156949244867,0.0015124151631282984,0.18141173703916255,-0.10986059188842774,0.11514134943485262,0,0.15,True,-0.16734066226731495,-0.24694469174653533
909.48,12.074052810668945,-0.056878428906202316,-2.8383127297198185,0.0002521070567922841,2.4693323696798866e-05,-0.007904815686282799,0.007869742879451063,0.175848432275082,-0.054819933772087104,0.1458671945333481,0,0.15,True,-0.1414449598088132,-0.504769765425504
909.5,12.074304580688477,-0.05703716352581978,-2.8348097047595977,0.0003267452758393831,0.00031264507681797794,-0.011811316227299258,0.009175987130926353,0.1630486742703758,-0.1338356649875641,0.15075297474861146,0,0.15,True,-0.11527499624778888,-0.6286892795677179
909.52,12.074584007263184,-0.057208120822906494,-2.831568248277615,0.0002555882774201993,0.0002163585154471703,-0.01214067633188435,0.010750141326803096,0.1432794201891878,-0.08603618562221528,0.048454517722129824,0,0.15,True,-0.06850660031091015,-0.6091183602742817
909.54,12.074947357177734,-0.05720611661672592,-2.828832935702484,-4.042054426140367e-05,0.0006135675806970574,-0.01274731539473921,0.009862348763958625,0.13111659467379086,-0.049880461990833284,0.05023432875052095,0,0.15,True,0.027092714162727845,-0.41245212316733526
909.56,12.075240135192871,-0.057401128113269806,-2.826850376104694,0.00020696255248856452,0.000365127531690412,-0.013385343711150625,0.006789486384582534,0.1271189634531838,-0.0881349778175354,0.07712931010872126,0,0.15,True,0.07986010942292308,-0.03722880915415578
909.58,12.075517654418945,-0.057474102824926376,-2.824320377185689,7.326382541662056e-05,0.0005438518096329216,-0.009643899094279922,0.009452941902072836,0.1300525044169721,-0.06041543066501618,0.07059136033058167,0,0.15,True,0.08944079067739734,0.20581309086343727
909.6,12.075770378112793,-0.05739310011267662,-2.8213987312013553,-0.00025566976000130655,0.0009022520299828645,-0.005751867578047234,0.002992888023111831,0.1403011154568538,-0.10613429248332978,0.10988183110952378,0,0.15,True,0.15337210420726652,0.30205183173719535
909.62,12.075916290283203,-0.05768391489982605,-2.818428735349121,0.0003223981683436365,0.0003910697097530104,-0.0055920521405437625,0.00030733228380844355,0.14758164194287426,-0.0755407601594925,0.04438550770282746,0,0.15,True,0.1253356276486178,0.28167667682388436
909.64,12.075752258300781,-0.05748355761170387,-2.81562628686814,-0.00035257535560128046,-9.116280735861448e-05,-0.0011155753745630275,0.0044801176845469986,0.1512831099921718,-0.08467169761657715,0.1188423812389374,0,0.15,True,0.03946658169087029,0.21391796844906696
909.66,12.075949668884277,-0.05735534802079201,-2.81251384583027,-0.0006002239754530739,0.0004704884364564069,0.0003829511176003841,-9.588881603994051e-05,0.15258663856286236,-0.0834843122959137,0.11525866270065309,0,0.15,True,0.08480290306233265,0.2200021996826682
909.68,12.075969696044922,-0.05770405754446983,-2.8092960824019926,8.601734639557666e-05,-0.00022530688811234182,-0.0025945410427804824,0.002421362313101456,0.1574145529327636,-0.12203036308288576,0.06528931558132173,0,0.15,True,0.005807669472102532,0.3100243730309662
909.7,12.075884819030762,-0.05768655613064766,-2.806221804264086,-1.6837529513811123e-05,-0.000375846107662209,0.0011921801044463207,0.003927616628708816,0.16518181791749673,-0.05668817579746247,0.11605580627918244,0,0.15,True,-0.025250599620952822,0.4377676008306528
909.72,12.076011657714844,-0.057598959654569626,-2.8030331226335123,9.588422548952957e-05,-4.06394603749946e-05,-0.0006509618167945872,-0.0018487089220652327,0.17608505983466177,-0.09320309698581697,0.06391280710697175,0,0.15,True,0.01159568868269541,0.40033787458160175
909.74,12.075963020324707,-0.057683441787958145,-2.7992993003968634,0.0004209370425151075,-0.0006109909871201189,-0.001637096852076875,0.00012917977936324743,0.1876080466293325,-0.10008729577064515,0.10740835785865785,0,0.15,True,-0.0578827805613147,0.29362581373570146
909.76,12.075969696044922,-0.05754726007580757,-2.7952092776152124,0.00019372056915287046,-0.0003952963032221681,-0.001666885948164375,0.0011754677084064395,0.18944158289930813,-0.19381994009017947,0.11206255733966829,0,0.15,True,-0.0509524150138828,-0.11903658479089087
909.78,12.076011657714844,-0.05765233188867569,-2.791213160533753,0.0004656529677457777,-0.0006554900807220888,-0.003438442340454643,0.002538259243696746,0.18867188301633148,-0.14847017884254457,0.07140775501728058,0,0.15,True,-0.040708754326454016,-0.6268621862722527
909.8,12.07616901397705,-0.0576421394944191,-2.7878777960015815,0.0001858146427490813,-0.00042978724557620016,-0.0047271550179015034,0.006780027504536731,0.16656213305139916,-0.11363333761692049,0.10742132961750031,0,0.15,True,-0.007705711634021832,-0.8935149467994647
909.82,12.07629108428955,-0.057779744267463684,-2.784205549755549,0.00011299322406877801,-0.0005211372508446791,-0.0048937971981948625,0.007647387878654719,0.13745907172752664,-0.10357108712196351,0.07236761093139649,0,0.15,True,0.004571834109357533,-1.1165582345554272
909.84,12.076512336730957,-0.057925090193748474,-2.7818843069710937,0.0001975386251676258,-0.00013086398582252672,-0.002283342878886437,0.00943910712614151,0.11796038715531437,-0.15660128116607666,0.1141542148590088,0,0.15,True,0.07297378756921885,-0.7728899219700541
909.86,12.076592445373535,-0.0580885075032711,-2.780216434795545,0.00013320854609330754,2.86057225595609e-06,-0.0030726956117058534,0.0054247354499424244,0.09934722425185159,-0.058898861408233645,0.0649024784564972,0,0.15,True,0.057097117710915454,-0.1966248104136401
909.88,12.076605796813965,-0.058284640312194824,-2.7784409650291515,0.00020411612431793565,-0.00021555276795889308,0.0011107479876389908,0.006111092686229232,0.1047309392937632,-0.05074365243315697,0.12343323439359666,0,0.15,True,0.012491884966207551,0.2984478576071947
909.9,12.076674461364746,-0.05809878185391426,-2.7762577718154082,-0.00047245576863219483,0.00032849644619111005,-0.000326027781325781,0.005354000610720914,0.12172908689444974,-0.09322248578071596,0.04422882959246636,0,0.15,True,0.05646508753170285,0.7009852770653738
909.92,12.076602935791016,-0.058413658291101456,-2.7735058318276002,-9.365784594242367e-05,-0.0003458273531376632,-0.0012839920815907418,0.003462189666674003,0.14183621576386823,-0.11095966994762421,0.0717076575756073,0,0.15,True,-0.009843248098164895,0.7496821438726051
909.94,12.076769828796387,-0.05847924202680588,-2.770478107843984,8.075023910673784e-05,0.00020839316680540946,0.0014445113908326864,0.0063088391610448,0.1554260464171102,-0.05724956631660462,0.05394510567188263,0,0.15,True,0.04412563624449102,0.6387786043109704
909.96,12.076801300048828,-0.05850610136985779,-2.7670940677680362,0.00015963818057903944,0.00028085133672610944,0.0003232881397853963,0.004602739078063375,0.1647055108036023,-0.05724956631660462,0.05394510567188263,0,0.15,True,0.0679141390548791,0.42199846670328894
909.98,12.076749801635742,-0.05861103907227516,-2.763823688102033,0.00016479361471966655,-0.00014037351706192323,0.0032040231182353064,0.005617810806273505,0.17283137523935352,-0.02776807546615601,0.13987432956695559,0,0.15,True,0.0338494581103288,0.33146795123280837
910.0,12.076713562011719,-0.05876581743359566,-2.7603293909633053,0.00014224882621697297,-6.530058616105984e-05,0.004149139042802366,0.008171574508456009,0.17559609310014862,-0.05509180247783661,0.12498821198940278,0,0.15,True,0.08612313838490562,0.11714435222636366
910.02,12.07669734954834,-0.05899152159690857,-2.7566515978248485,0.00031783627719274814,-0.00012369631735150916,0.0041524680396565275,0.01040785759669996,0.18194348251571074,-0.12794509291648867,0.1325117862224579,0,0.15,True,0.08452779311830046,-0.0788921723483614
910.04,12.076736450195312,-0.059236396104097366,-2.753046380320037,0.0004502210001261439,0.00022641090094186297,0.00721313921057158,0.01164201439226261,0.17407705898170286,-0.06543321073055268,0.09889717340469362,0,0.15,True,0.04152331311565128,-0.18396520972090427
910.06,12.076754570007324,-0.05950747802853584,-2.7492682095007894,0.0007999013042262321,0.0004471210840905689,0.009966246567693193,0.006625875350960432,0.16652000145149035,-0.11251107811927796,0.10577709138393403,0,0.15,True,0.03272368014238508,-0.4222108707218031
910.08,12.076532363891602,-0.05984636768698692,-2.746403226244762,0.0010166768367149144,0.00033209182793432685,0.007471004092056168,0.0026756228031830087,0.16087887632246875,-0.067747620344162,0.10143101811408997,0,0.15,True,-0.04339476302508051,-0.34826291290801725
910.1,12.076163291931152,-0.05978615581989288,-2.7433299977087224,0.0007411429798153237,-0.0003149794141677217,0.0067703624510486735,-0.002413277451291372,0.14816661285794921,-0.11900896549224854,0.09253448605537415,0,0.15,True,-0.1350947699389573,-0.24148919953738132
910.12,12.07626724243164,-0.0596640445291996,-2.740176070214233,0.0005290982307133522,0.00030172516965901153,0.003741558168563363,-0.002443387434585475,0.14621602594904723,-0.13859987616539002,0.12004353523254396,0,0.15,True,-0.10308873422509282,-0.23438371287899296
910.14,12.076180458068848,-0.05953957885503769,-2.7374148804721474,-4.0417552194341e-05,0.00023147807062893556,-0.0008413350274289204,-0.00281575331128606,0.14720086548848996,-0.044605466425418856,0.14160010755062105,0,0.15,True,-0.08907362917995457,-0.13234377746888512
910.16,12.076180458068848,-0.059783387929201126,-2.734705944168849,0.0003056518974645551,-0.0002824641581010639,-0.0007760946459437558,0.0026571309517316303,0.14212817929216637,-0.08603252649307251,0.12632213771343231,0,0.15,True,-0.05731224759554029,-0.11297203956843208
910.18,12.076136589050293,-0.05955257639288902,-2.731553928469654,-0.0006022502041792913,-0.0003078878568358421,-0.0003555278833412116,0.005372139620098674,0.13757911066044803,-0.09147420644760133,0.11629835605621339,0,0.15,True,0.0186174248723711,-0.15523880807648205
910.2,12.076408386230469,-0.059834688901901245,-2.728805815870854,-0.00025609378145244175,0.0002504594630067508,-0.000843421639082206,0.005919144616877447,0.13717826278356804,-0.0844314467906952,0.09945197165012361,0,0.15,True,0.014637299723426268,-0.06193031858808633
910.22,12.076377868652344,-0.05992238596081734,-2.726408551619306,-0.0004556224187628829,-0.00015738967780823447,0.0006480589623615294,0.010336415265669953,0.13478176084236504,-0.06722723335027696,0.05572860777378083,0,0.15,True,-0.005264760819212535,0.12931875371407786
910.24,12.076432228088379,-0.06019007787108421,-2.7237316831461578,-0.0002674613886828576,-0.0002092624272287919,0.0003948893319309448,0.009731518092423402,0.13717375380511693,-0.03279036998748779,0.11206354200839998,0,0.15,True,-0.05189412853692214,0.22200685912335746
910.26,12.076422691345215,-0.06033014878630638,-2.7207713876022592,-0.0004238216278193827,-0.0003327039742761688,-0.0007767087488784298,0.008448896363689513,0.14792461095757956,-0.09673477828502657,0.0925930404663086,0,0.15,True,-0.07027172678082232,0.2919124320479212
910.28,12.076695442199707,-0.060559045523405075,-2.7178319155664545,0.00019119204025576985,1.7827716528402157e-05,-0.0049949519220322015,0.003886403471265969,0.15493881151342048,-0.05399521529674531,0.03975435614585877,0,0.15,True,-0.07820688899229497,0.3455717167220035
910.3,12.07671070098877,-0.0605139434337616,-2.7145745827427104,-4.544025413850689e-05,-7.21085762335543e-05,-0.004973679180099143,0.003489772340498313,0.1581347554061775,-0.05399521529674531,0.03975435614585877,0,0.15,True,-0.04038967209961428,0.30780255540420437
910.32,12.076924324035645,-0.06030917912721634,-2.711336578225078,-0.00042792780567144865,0.000561826277837455,-0.005861661787455853,-0.0002542702140250165,0.16481949114289135,-0.10060443878173829,0.05989993572235108,0,0.15,True,0.025137853648806715,0.27327706101887494
910.34,12.076900482177734,-0.0604194700717926,-2.7081206071697586,-0.00012285162379736548,5.45308146583514e-05,-0.004007882516849225,0.002920150440417103,0.1725488153899285,-0.058134449720382696,0.05103043615818024,0,0.15,True,-0.025031357309832664,0.2500613656147098
910.36,12.077113151550293,-0.060344964265823364,-2.7046463562750165,-6.50373070235789e-05,0.0006947727286720557,-0.0029839236301266356,0.001977759010503604,0.17680097639494166,-0.1161494541168213,0.10175989747047426,0,0.15,True,0.029328356089571954,0.035539618947908316
910.38,12.077099800109863,-0.06059127673506737,-2.700770677511509,0.00047622057096668985,0.00017328036072835284,-0.006976187764886781,0.001417600144774889,0.17813966465536452,-0.06431322515010834,0.05139128804206849,0,0.15,True,-0.043610797798899495,-0.17945399626483283
910.4,12.077207565307617,-0.06035151705145836,-2.6971925001134953,9.03144383752201e-05,0.0004521404642258823,-0.0035153933002922307,0.0019618104516637242,0.16766266065872143,-0.1266921937465668,0.21476507902145386,0,0.15,True,-0.06367775176438023,-0.3564250670329285
910.42,12.07745361328125,-0.060283906757831573,-2.6938694339973424,7.233849174428488e-05,0.0003472261851672017,-0.0074967463407580115,-0.005586815054915114,0.15819249568875493,-0.10921451151371003,0.09711673796176912,0,0.15,True,-0.012113736293469981,-0.4535187377117192
910.44,12.077434539794922,-0.06036575883626938,-2.691233343422312,0.00038281981308450365,-0.0002628279436938609,-0.008078143771279661,-0.0021929929812727887,0.1482869710322928,-0.05205805063247681,0.11629463851451875,0,0.15,True,-0.1061332477024697,-0.4073526851354076
910.46,12.077446937561035,-0.05992874875664711,-2.688115277856402,-0.0003231984196046153,-0.0005475595723909911,-0.007945286668364875,-0.0022349749165535885,0.14185816563840842,-0.1253954017162323,0.09538302838802339,0,0.15,True,-0.05182615006494566,-0.410536573647234
910.48,12.077713012695312,-0.059912264347076416,-2.685329542430906,-0.0001963898017477183,-0.0005708584045151118,-0.01200605311649415,0.0009709032524445544,0.13507444584787215,-0.09447601079940797,0.11691383242607117,0,0.15,True,-0.034969965976346294,-0.34740886904410423
910.5,12.077946662902832,-0.059844717383384705,-2.682520780746264,-0.0004088937338443122,-0.0005785508077452027,-0.011642838345955786,0.009024398506480572,0.1253495697969594,-0.10066720306873322,0.11228031516075135,0,0.15,True,-0.05153238302891986,-0.2828529449354789
910.52,12.078330993652344,-0.060012299567461014,-2.680427387754492,1.5129895589738467e-07,-0.000555468367778753,-0.01087574104938482,0.009670404728837472,0.12049426150878974,-0.11002582848072053,0.05394884824752808,0,0.15,True,0.030935795995814513,-0.13106788415944776
910.54,12.078601837158203,-0.0601632222533226,-2.6780873122726545,2.317586323516651e-05,-0.0003062060307286437,-0.012067877310674715,0.008305253101901468,0.11922993004359068,-0.06494216144084931,0.01721709966659546,0,0.15,True,0.06969005841395394,0.14901199119265437
910.56,12.078836441040039,-0.06021790951490402,-2.6756900015102114,2.0020124681182735e-05,-0.00034490098143797395,-0.00953118943683124,0.00816479932519693,0.12458901511512586,-0.04958556205034256,0.041754541695117955,0,0.15,True,0.07677955904918984,0.3061513949221162
910.58,12.079107284545898,-0.060007404536008835,-2.6729823863427717,-0.00045262357166868356,0.0002689926514340317,-0.006067633672836618,0.0047742315429265166,0.13727052909237786,-0.050211425423622134,0.06508612751960755,0,0.15,True,0.10628429580498366,0.3982975535494902
910.6,12.079305648803711,-0.0602533295750618,-2.670460266545277,0.00015062349881899486,-3.643996416087191e-05,-0.004733376325446491,0.006019453733531645,0.14498637310257156,-0.050211425423622134,0.06508612751960755,0,0.15,True,0.06141839430022698,0.48803348586810114
910.62,12.079207420349121,-0.060284752398729324,-2.6671056699452587,9.121784738671193e-06,-0.0001228531412631696,-0.003565133646271672,0.008609638350513569,0.1510937343275662,-0.048443473577499396,0.03269151613116265,0,0.15,True,0.008524222079676512,0.32452588122794795
910.64,12.079392433166504,-0.060475125908851624,-2.6640910916619998,0.000322430825121705,0.00020052187609652535,-0.004617717892810568,0.006561878184803598,0.16363169398459393,-0.11375972986221315,0.13466106772422792,0,0.15,True,-0.07099619221976794,0.2359121631352845
910.66,12.079675674438477,-0.060489777475595474,-2.6608948875965774,0.000149313967450293,0.0003832795009466197,-0.0053856959064631175,0.00777067349197641,0.16323259959059008,-0.08011132121086122,0.0540897560119629,0,0.15,True,-0.04655898126089297,0.18062489733687975
910.68,12.079874992370605,-0.060549791902303696,-2.657369731026521,0.00017128479783529017,0.0005591827535514325,-0.010413071703022761,0.006834953576390043,0.16385934615337716,-0.08645463645458222,0.1172947531938553,0,0.15,True,0.004447878739394696,-0.055046119067445
910.7,12.079876899719238,-0.0606367290019989,-2.6540470619780048,-0.0001752551201538854,6.482029964146433e-05,-0.007289852147145015,0.003683053485407205,0.16554372611452398,-0.1067447078227997,0.10931685030460359,0,0.15,True,0.013024133261253078,-0.18582286751287444
910.72,12.080384254455566,-0.06057126075029373,-2.650982343969723,-0.00028575877226365835,0.000992075884573318,-0.00426188759365881,0.0013069799618003325,0.15922800445919608,-0.1343306863307953,0.07200879096984864,0,0.15,True,0.18936525469994617,-0.19759366229590763
910.74,12.080328941345215,-0.060476891696453094,-2.6476513895074087,-0.000527473915429804,0.00041298052150392313,-0.004343765245562338,0.0009849709124505723,0.14836677018955252,-0.1908328014612198,0.11523695826530457,0,0.15,True,0.15785574150963944,-0.2587625555866895
910.76,12.080224990844727,-0.060481373220682144,-2.644631490669779,-0.000460485893103663,0.00018623891665841373,0.004736148672980682,-0.0009942161334528514,0.14805185316969646,-0.03836622774600983,0.09875260651111603,0,0.15,True,0.1269407718872419,-0.23357244361312926
910.78,12.080220222473145,-0.06054135784506798,-2.6421777203628514,-0.00012804591777252372,-0.00026519578453305167,0.0053386071736146535,-0.0009424594749032947,0.14484272166760764,-0.08232079163193703,0.05897103846073151,0,0.15,True,0.13223402392563707,-0.010194580742836275
910.8,12.080013275146484,-0.06068198382854462,-2.639138195716158,-9.580078070155493e-06,-0.0008158862112567269,0.005893374157311304,0.0026800845988045243,0.14054220897016273,-0.04006486058235169,0.047985351234674456,0,0.15,True,-0.02625387544259387,0.0015806563299968176
910.82,12.079917907714844,-0.06061524152755737,-2.636063971773994,-0.00018901404574199525,-0.0006105050679378791,0.0062349566684940395,0.002525759287253272,0.1475512037301252,-0.07943963527679444,0.09782760202884674,0,0.15,True,-0.03647551225738257,0.05341450624685032
910.84,12.079915046691895,-0.06089632958173752,-2.63338811395216,-9.027273424608169e-07,-0.0006588999738037871,0.002635838637572098,0.0037277576422321624,0.14817830567609627,-0.13149632573127748,0.05017995357513428,0,0.15,True,-0.038785225974716536,0.18392863344263355
910.86,12.07988166809082,-0.060959696769714355,-2.6303736240644353,-4.843827961212395e-05,-0.0006514122727360204,0.0024205661930225553,0.007775038023548427,0.14911588216735785,-0.04824578046798707,0.04123774185776711,0,0.15,True,-0.08716700966487806,0.1276945756312718
910.88,12.079974174499512,-0.061045125126838684,-2.627283931262064,-9.74910013974046e-05,-0.0001674998667800521,0.0027905560793323935,0.006950105964404143,0.15525649964558094,-0.11001725018024446,0.10058973968029024,0,0.15,True,-0.03669403393674119,0.16341560427422358
910.9,12.080053329467773,-0.06125245988368988,-2.6241347012006164,2.671337855318728e-05,6.659446989407215e-05,-0.0007384041046898625,0.007595107794030675,0.15776676978061765,-0.15919647574424745,0.04507192194461823,0,0.15,True,-0.04782129460459747,0.19329449026252027
910.92,12.079994201660156,-0.06149023026227951,-2.620967593980525,0.00012668582552512729,-0.0005749875139239489,-0.00029968407736452726,0.008584200987397842,0.16125155401802227,-0.0566100823879242,0.08990883350372315,0,0.15,True,-0.11993583944585116,0.18642785891271507
910.94,12.080233573913574,-0.0614585354924202,-2.6177522824819794,4.8132567526226134e-05,0.0002835610942456613,-0.0014051373753471994,0.004359675520771216,0.1645794413883674,-0.12194873988628388,0.09746570706367494,0,0.15,True,-0.015246346513317617,0.17970562808669704
910.96,12.080336570739746,-0.06162894889712334,-2.614383806940616,0.00038024597791776714,0.0001780296413843091,-0.006804311076340609,0.004637302429334891,0.17017072835860578,-0.13698117673397064,0.15405376791954042,0,0.15,True,-0.048206717639742616,0.09812518443756979
910.98,12.08032512664795,-0.061498235911130905,-2.6109683458895403,-0.00017983491066333142,0.0003523945746678962,-0.0019581118257558957,0.005873135458523469,0.17214322002756077,-0.08932990670204163,0.1627286493778229,0,0.15,True,0.006333303549365766,0.01483229464607247
911.0,12.08065128326416,-0.061536967754364014,-2.6073539357118296,-0.00020271044405464078,0.0008864753705267501,-0.004156221488545909,0.005898186087302711,0.16910156877303187,-0.10426096439361573,0.13127057790756227,0,0.15,True,0.15684145693168436,-0.12122055846869968
911.02,12.080606460571289,-0.06178450211882591,-2.603980824879787,-8.270631909630945e-05,0.0004488316974685841,-0.0008984730913983989,0.0049412936739275035,0.1657660249600521,-0.17918175458908084,0.13838470101356506,0,0.15,True,0.10845182198715123,-0.0978709220261517
911.04,12.080862998962402,-0.06186575070023537,-2.6008556814387855,6.321769411830316e-05,0.0007939397242483722,0.005743005478182727,4.690748537305046e-05,0.16047308368111862,-0.1391218674182892,0.07028547048568726,0,0.15,True,0.22008956499127627,-0.125348504711495
911.06,12.080589294433594,-0.061800967901945114,-2.597707063892748,-0.0002776128008913111,0.00032190140290522067,0.006718033933208311,-0.005800027395163889,0.16431354626547576,-0.10770665407180788,0.15136754989624024,0,0.15,True,0.16642064615545316,-0.22164107390984308
911.08,12.080259323120117,-0.06177669018507004,-2.5945160890173335,-0.0003052413821217077,-0.00023534973134011836,0.013450943710765202,-0.008418019924353941,0.15907368839610714,-0.053435072302818305,0.09733087420463563,0,0.15,True,0.07578362663869462,-0.35014796683302046
911.1,12.079906463623047,-0.06166556105017662,-2.5908357411785423,-0.0005226962843268248,-0.00017446675756897255,0.012415178601044664,-0.004522555124238763,0.1480347390472556,-0.15428460597991944,0.09827262222766878,0,0,True,0.03289168412412679,-0.7288433667537809
911.12,12.079593658447266,-0.06185036525130272,-2.5881297863670905,-5.8418917505825515e-05,-0.0005421530030858229,0.011805695609281398,-0.0008054223246145948,0.13246124633446266,-0.05424562573432923,0.15219604432582856,0,0,True,-0.08593914542909545,-0.9854760546418769
911.14,12.079553604125977,-0.0620124451816082,-2.5858642847689617,0.00011469567065882337,-0.0002522856404429794,0.0093493686631398,0.0015650239437108669,0.10600607692514345,-0.10035594135522843,0.12235587954521181,0,0,True,-0.08631059558294898,-1.1364936495666604
911.16,12.079421997070312,-0.0622183158993721,-2.583919189310586,0.00032047449332397424,-0.0006500798676226855,0.006575812076443819,0.005159353172538167,0.08023560402482868,-0.07358237087726593,0.037865536212921144,0,0,True,-0.09975848251625949,-1.273682662578735
911.18,12.079337120056152,-0.06216651201248169,-2.5823552550245386,-0.00021705879167376672,-0.000469324915246014,0.005510330954415025,0.004737058585296365,0.05711524708200543,-0.044737455844879155,0.05649328231811524,0,0,True,-0.06158964928699205,-1.2638991328347766
911.2,12.079365730285645,-0.06247897818684578,-2.581710938045101,6.950790513540618e-05,-0.0007438309671746314,0.003825017007976555,0.0017929058545181054,0.03056663332811173,-0.043513233065605166,0.033130358159542087,0,0,True,-0.017764070778865562,-1.1086975903329281
911.22,12.079380989074707,-0.06256755441427231,-2.581295065002399,0.00022380890506230232,-0.0007185860399400207,0.004422196720177915,0.00462625521194568,0.004894146298309581,-0.03572081714868546,0.058322298228740695,0,0,True,-0.021427968549968084,-0.9546537242505797
911.24,12.079238891601562,-0.06250236183404922,-2.581473858644336,-0.00032897782350777504,-0.0006825447933094636,0.0051546864141338465,0.0029243522434879744,-0.008460203201850959,-0.0005168160051107407,0.004676302894949914,0,0,True,-0.01851073935591385,-0.656566481724558
911.26,12.07923412322998,-0.06266803294420242,-2.5819637233206736,-0.00012135135994194226,-0.0007428893177724195,0.0037960934704167016,0.003836775199633608,-0.019257050858080018,0.003316804533824325,0.0024375754781067373,0,0,True,-0.04062654308214266,-0.2965389566761887
911.28,12.079140663146973,-0.06289626657962799,-2.5823877543012483,3.531099465953631e-05,-0.0008211110274736897,0.002344157859504794,0.006442075189265506,-0.02195868520980513,0.013374260440468789,0.0022982397675514223,0,0,True,-0.09707486445530554,-0.06885121596424258
911.3,12.079286575317383,-0.06298889219760895,-2.582835629071044,-0.00010404309992317655,-0.0006858952021112667,0.0011720732736094585,0.005135229381471729,-0.018828970235763937,0.008290905505418777,0.005365984980016948,0,0,True,-0.07659103958679052,0.11496519421049192
911.32,12.079353332519531,-0.06303871423006058,-2.5832305534611213,-0.0001712512195073279,-0.0006674662609356134,-0.0026113027422945702,0.0035825216156180157,-0.013968300478993183,0.00320930190384388,-0.00027443299070000653,0,0,True,-0.06424929742549308,0.19367151848328273
911.34,12.07937240600586,-0.06306608021259308,-2.5834700409395355,0.00011607116898513209,-0.000916662545243933,-0.002331189696529674,0.0006329870624558945,-0.01005983532123596,0.00320930190384388,-0.00027443299070000653,0,0,True,-0.053537356900159226,0.157708337188012
911.36,12.079469680786133,-0.06302866339683533,-2.5835052183395684,0.00031040268656943394,-0.0007663578399251993,-0.002795785934537282,0.00033895548168310263,-0.006464963731134583,0.0047437101323157555,-0.0024211488058790568,0,0,True,-0.004123393648718803,0.08307152201226217
911.38,12.079471588134766,-0.06293307989835739,-2.583640415896743,-0.00011329146434723082,-0.0007314563260024746,-0.0031109152784054707,0.0012522050569876162,-0.006212303260716522,-0.004038593247532845,-0.005679192692041398,0,0,True,-0.012494117056497974,0.027091136106255034
911.4,12.079557418823242,-0.06294327229261398,-2.5837477505596116,-0.00026613045568948544,-0.0007337092808450867,-0.0029411742341917744,0.0014115308549483981,-0.007322578718018253,-0.0021072359383106235,-0.007945170737802983,0,0,True,-0.01728807135281378,-0.015003164396893125
911.42,12.079636573791504,-0.063019298017025,-2.5839670252003923,3.0514883963251528e-05,-0.0007965791484171986,-0.0033307190610486026,0.001980713866688038,-0.007892544432737528,0.0030288540571928027,-0.0030359926447272303,0,0,True,0.0012866514605343932,-0.015199724737748454
911.44,12.079729080200195,-0.0629999116063118,-2.58409102463701,4.053070657257906e-05,-0.0006662619957640692,-0.004178831642763092,0.0014766086559145509,-0.007665216882886647,0.009992421157658101,0.0002063548564910889,0,0,True,-0.001226290195578278,-0.01870937004134915
911.46,12.079781532287598,-0.0629265308380127,-2.5842718194513625,-0.00013103952390950652,-0.0005987561347449608,-0.0030079831615626666,0.002318208491115261,-0.00742828123973702,0.012158461585640908,-0.005317601263523103,0,0,True,0.0019462079524900013,0.018167644329012102
911.48,12.079903602600098,-0.06286664307117462,-2.584360967910243,-0.00024122858367587834,-0.0004425769856785885,-0.003039277449838087,0.0011635045898275452,-0.00881932832132695,-0.0005723011493682862,-0.004166399911046029,0,0,True,0.0450738541864324,0.03986198416392492
911.5,12.079938888549805,-0.06304941326379776,-2.5845612876995716,4.6803002837392694e-05,-0.0009479752072853603,-0.003175022424849323,0.0006521817948890989,-0.006439132886415816,-0.0020253935642540457,-0.003858601618558169,0,0,True,-0.0038337175284184036,0.041416183963904736
911.52,12.079984664916992,-0.06295032799243927,-2.5847965709027156,-4.8410341139759154e-05,-0.000792788679985271,-0.0005729233078517789,0.0017414171258140253,-0.004476258149775554,0.004410191476345062,0.003451710864901543,0,0,True,-0.003649910455182463,0.01227421574499286
911.54,12.080024719238281,-0.06283653527498245,-2.5847869500822753,-0.00023588799239604221,-0.0006958469088694189,-0.00331468056383586,-0.0007907309949954624,-0.004114986522627655,0.01501321703195572,-0.007297152839601041,0,0,True,0.0057567761853256965,-0.035152684348035514
911.56,12.080016136169434,-0.06296069175004959,-2.5847190685622246,-0.00012990390930933525,-0.001240343338039886,-0.0033312702862524184,-0.001087721641310896,-0.007837391061728415,-0.000974511206150055,-0.004239804148674011,0,0,True,-0.05437595775865734,-0.1277937887558096
911.58,12.080130577087402,-0.06285557150840759,-2.584890486621382,7.285269054664875e-05,-0.0009473048604248176,-0.0027144803300230315,-0.001248155221974562,-0.009251347634260096,0.00342070110142231,0.0027818631008267405,0,0,True,-0.023530489711654272,-0.11335460567687303
911.6,12.080164909362793,-0.06273560225963593,-2.5854235621876542,-5.661732584866895e-05,-0.000994690898168182,-0.004922999928546592,-0.001077748234183778,-0.014699761250245554,-7.243730127811432e-05,-0.008709995225071907,0,0,True,-0.03923030294303529,-0.02159438460020772
911.62,12.080156326293945,-0.06263701617717743,-2.5855270578930165,-0.00021302506407827214,-0.0011744958634943195,-0.005197119740769165,-0.0025583751655414867,-0.013183354976782136,-0.004408756718039513,-0.005430998802185059,0,0,True,-0.03114541581674863,0.013911227382540347
911.64,12.080305099487305,-0.06267954409122467,-2.585895049462245,0.000330267930584325,-0.0011835398363746303,-0.006469694521696847,-0.0010859408816074867,-0.009564941829745916,0.015170259699225428,-0.006624936498701573,0,0,True,0.01250461608027386,0.1398306744557072
911.66,12.080375671386719,-0.062462273985147476,-2.5859451550195236,0.00011049982703611943,-0.0011774857636936212,-0.005206113595360656,0.0006097301965499206,-0.00813844944365788,0.0004236417263746262,-0.03509633481502533,0,0,True,0.04114493387495348,0.11645847327932235
911.68,12.080558776855469,-0.06238875910639763,-2.586188757534033,0.0002041195953066658,-0.0008971141728647311,-0.003922630642125593,-0.0006916525522418144,-0.0035133072937991523,0.0004236417263746262,-0.03509633481502533,0,0,True,0.09788443799538712,0.13540519997540607
911.7,12.080535888671875,-0.06245876103639603,-2.5861781338485095,0.00042156089337537197,-0.001299461068703301,-0.0019055250307712024,0.0009988269459112523,-0.0038666771144315808,-0.00479920368641615,-0.007989736646413803,0,0,True,0.08602946923386769,0.1085291824031955
911.72,12.08054256439209,-0.062467060983181,-2.586176114045749,0.00012653548207296607,-0.0012555640448537431,0.0013610605179381289,0.00018112062843175564,0.001267474168292111,-0.00479920368641615,-0.007989736646413803,0,0,True,0.09014048775801975,0.019862216148484504
911.74,12.080547332763672,-0.06244978681206703,-2.5862544891886783,0.0003942516041296085,-0.0011764237672448432,0.0016762439433522795,-0.0007126265616451751,0.0005438851486022028,-0.0008899256587028505,0.00021654504351317885,0,0,True,0.08315221980219076,0.02142624129537216
911.76,12.080473899841309,-0.06245848536491394,-2.58608735960057,0.0004008145407069911,-0.0010461015599076858,0.003288608378519676,8.753482278617015e-06,-0.001924330001919579,9.614516980946065e-05,-0.0008259782567620279,0,0,True,0.04146801468621464,-0.029405508350730563
911.78,12.080391883850098,-0.06248101964592934,-2.5861346230366213,0.0003358229152238034,-0.0010271022767924772,0.004746652553398008,0.0005722864809341436,-0.002152577810803367,0.0013472284004092218,-0.0031524855270981793,0,0,True,0.03739769179761669,-0.009425207257926522
911.8,12.08031940460205,-0.06260640174150467,-2.5863300604459023,0.00040281226467551025,-0.001061261198148735,0.004678501692832283,0.0004861525242365345,-0.0010849664997641948,0.003597345612943173,0.003920206390321255,0,0,True,0.005566555001275347,0.053181669892093136
911.82,12.080248832702637,-0.0626889318227768,-2.5864266954135426,0.0005932398602882344,-0.0011295190149354358,0.004668059287163145,0.00024367682909836891,-0.00021013143203230466,0.004487412218004466,0.004104924350976944,0,0,True,-0.02173532891883542,0.0765285350073841
911.84,12.08017635345459,-0.06268884241580963,-2.586174156920551,0.0005124792919731031,-0.0009743183241539282,0.0037339327786219314,-0.00069764693761043,0.0023302035894500485,0.003040521312505007,0.0027974902838468554,0,0,True,-0.025737942881999213,0.02044132258431915
911.86,12.080084800720215,-0.06269442290067673,-2.586151433551184,0.00020112315981464605,-0.0010527040351757918,0.0030078262398902846,-0.0011442670511217826,0.003969704989790493,0.0017348832357674839,0.004094999562948943,0,0,True,-0.03372062209865211,0.008598499829582475
911.88,12.080036163330078,-0.06271649152040482,-2.586143644158746,0.00020349535758563346,-0.0011103885844360986,0.0026194662622712923,-0.0005944956479467168,0.0005503393069821737,0.019226436689496043,0.0004999924078583717,0,0,True,-0.030319418351299567,-0.0243727805073715
911.9,12.079996109008789,-0.06273803859949112,-2.5861091190143597,0.00014523989908785887,-0.0010973640190459113,0.0019704095192734296,-0.0001483384147993427,0.00047774855433366773,0.002733518108725548,-0.000559674259275198,0,0,True,-0.028336057517270103,-0.050261101821968635
911.92,12.079973220825195,-0.06275893747806549,-2.5861301297759924,0.00012138735687387542,-0.0010833899881240213,0.001308379310520172,-6.20780839612979e-05,0.00038038114886210196,0.002051705876365304,0.0017526984121650458,0,0,True,-0.028242172052802952,-0.004236099281773489
911.94,12.079944610595703,-0.06276746839284897,-2.586113213666837,0.00013711130695656578,-0.0010920473496470425,0.0007409416385075165,-2.6909607766848007e-05,-5.1183155969055e-05,0.001647236179560423,0.001197627726942301,0,0,True,-0.02463011899090527,-0.0059718569291677915
911.96,12.079944610595703,-0.06276746839284897,-2.586113213666837,0.00013711130695656578,-0.0010920473496470425,0.0003600924980459004,-9.799191044775701e-05,0.00021145136444012115,0.0014172785123810173,0.0007540917349979282,0,0,True,-0.016354741381493784,-0.004754764360773842
911.98,12.079944610595703,-0.06276746839284897,-2.586113213666837,0.00013711130695656578,-0.0010920473496470425,-0.0,0.0,0.0,0.0013125342782586815,0.0006817097985185684,0,0,True,-0.009261770481352379,0.0006397894496137694
912.0,12.079944610595703,-0.06276746839284897,-2.586113213666837,0.00013711130695656578,-0.0010920473496470425,-0.0,0.0,0.0,0.0013125342782586815,0.0006817097985185684,0,0,True,-0.004501156225577848,-0.0026431420555039185
912.02,12.079944610595703,-0.06276746839284897,-2.586113213666837,0.00013711130695656578,-0.0010920473496470425,-0.0,0.0,0.0,0.0013125342782586815,0.0006817097985185684,0,0,True,0.0,0.0
912.04,12.079944610595703,-0.06276746839284897,-2.586113213666837,0.00013711130695656578,-0.0010920473496470425,-0.0,0.0,0.0,0.0013125342782586815,0.0006817097985185684,0,0,True,0.0,0.0
912.06,12.079944610595703,-0.06276746839284897,-2.586113213666837,0.00013711130695656578,-0.0010920473496470425,-0.0,0.0,0.0,0.0013125342782586815,0.0006817097985185684,0,0,True,0.0,0.0
912.08,12.079944610595703,-0.06276746839284897,-2.586113213666837,0.00013711130695656578,-0.0010920473496470425,-0.0,0.0,0.0,0.0013125342782586815,0.0006817097985185684,0,0,True,0.0,0.0
912.1,12.079944610595703,-0.06276746839284897,-2.586113213666837,0.00013711130695656578,-0.0010920473496470425,-0.0,0.0,0.0,0.0013125342782586815,0.0006817097985185684,0,0,True,0.0,0.0
912.12,12.079944610595703,-0.06276746839284897,-2.586113213666837,0.00013711130695656578,-0.0010920473496470425,-0.0,0.0,0.0,0.0013125342782586815,0.0006817097985185684,0,0,True,0.0,0.0
912.14,12.079944610595703,-0.06276746839284897,-2.586113213666837,0.00013711130695656578,-0.0010920473496470425,-0.0,0.0,0.0,0.0013125342782586815,0.0006817097985185684,0,0,True,0.0,0.0
912.16,12.079944610595703,-0.06276746839284897,-2.586113213666837,0.00013711130695656578,-0.0010920473496470425,-0.0,0.0,0.0,0.0013125342782586815,0.0006817097985185684,0,0,True,0.0,0.0
912.18,12.079944610595703,-0.06276746839284897,-2.586113213666837,0.00013711130695656578,-0.0010920473496470425,-0.0,0.0,0.0,0.0013125342782586815,0.0006817097985185684,0,0,True,0.0,0.0
912.2,12.079944610595703,-0.06276746839284897,-2.586113213666837,0.00013711130695656578,-0.0010920473496470425,-0.0,0.0,0.0,0.0013125342782586815,0.0006817097985185684,0,0,True,0.0,0.0
912.22,12.079944610595703,-0.06276746839284897,-2.586113213666837,0.00013711130695656578,-0.0010920473496470425,-0.0,0.0,0.0,0.0013125342782586815,0.0006817097985185684,0,0,True,0.0,0.0
912.24,12.079944610595703,-0.06276746839284897,-2.586113213666837,0.00013711130695656578,-0.0010920473496470425,-0.0,0.0,0.0,0.0013125342782586815,0.0006817097985185684,0,0,True,0.0,0.0
912.26,12.079944610595703,-0.06276746839284897,-2.586113213666837,0.00013711130695656578,-0.0010920473496470425,-0.0,0.0,0.0,0.0013125342782586815,0.0006817097985185684,0,0,True,0.0,0.0
912.28,12.079944610595703,-0.06276746839284897,-2.586113213666837,0.00013711130695656578,-0.0010920473496470425,-0.0,0.0,0.0,0.0013125342782586815,0.0006817097985185684,0,0,True,0.0,0.0
912.3,12.079944610595703,-0.06276746839284897,-2.586113213666837,0.00013711130695656578,-0.0010920473496470425,-0.0,0.0,0.0,0.0013125342782586815,0.0006817097985185684,0,0,True,0.0,0.0
912.32,12.079944610595703,-0.06276746839284897,-2.586113213666837,0.00013711130695656578,-0.0010920473496470425,-0.0,0.0,0.0,0.0013125342782586815,0.0006817097985185684,0,0,True,0.0,0.0
912.34,12.079944610595703,-0.06276746839284897,-2.586113213666837,0.00013711130695656578,-0.0010920473496470425,-0.0,0.0,0.0,0.0013125342782586815,0.0006817097985185684,0,0,True,0.0,0.0
912.36,12.079944610595703,-0.06276746839284897,-2.586113213666837,0.00013711130695656578,-0.0010920473496470425,-0.0,0.0,0.0,0.0013125342782586815,0.0006817097985185684,0,0,True,0.0,0.0
912.38,12.079944610595703,-0.06276746839284897,-2.586113213666837,0.00013711130695656578,-0.0010920473496470425,-0.0,0.0,0.0,0.0013125342782586815,0.0006817097985185684,0,0,True,0.0,0.0
912.4,12.079944610595703,-0.06276746839284897,-2.586113213666837,0.00013711130695656578,-0.0010920473496470425,-0.0,0.0,0.0,0.0013125342782586815,0.0006817097985185684,0,0,True,0.0,0.0
912.42,12.079944610595703,-0.06276746839284897,-2.586113213666837,0.00013711130695656578,-0.0010920473496470425,-0.0,0.0,0.0,0.0013125342782586815,0.0006817097985185684,0,0,True,0.0,0.0
912.44,12.079944610595703,-0.06276746839284897,-2.586113213666837,0.00013711130695656578,-0.0010920473496470425,-0.0,0.0,0.0,0.0013125342782586815,0.0006817097985185684,0,0,True,0.0,0.0
912.46,12.079944610595703,-0.06276746839284897,-2.586113213666837,0.00013711130695656578,-0.0010920473496470425,-0.0,0.0,0.0,0.0013125342782586815,0.0006817097985185684,0,0,True,0.0,0.0
912.48,12.079944610595703,-0.06276746839284897,-2.586113213666837,0.00013711130695656578,-0.0010920473496470425,-0.0,0.0,0.0,0.0013125342782586815,0.0006817097985185684,0,0,True,0.0,0.0
912.5,12.079944610595703,-0.06276746839284897,-2.586113213666837,0.00013711130695656578,-0.0010920473496470425,-0.0,0.0,0.0,0.0013125342782586815,0.0006817097985185684,0,0,True,0.0,0.0
912.52,12.079944610595703,-0.06276746839284897,-2.586113213666837,0.00013711130695656578,-0.0010920473496470425,-0.0,0.0,0.0,0.0013125342782586815,0.0006817097985185684,0,0,True,0.0,0.0
912.54,12.079944610595703,-0.06276746839284897,-2.586113213666837,0.00013711130695656578,-0.0010920473496470425,-0.0,0.0,0.0,0.0013125342782586815,0.0006817097985185684,0,0,True,0.0,0.0
912.56,12.079944610595703,-0.06276746839284897,-2.586113213666837,0.00013711130695656578,-0.0010920473496470425,-0.0,0.0,0.0,0.0013125342782586815,0.0006817097985185684,0,0,True,0.0,0.0
912.58,12.079944610595703,-0.06276746839284897,-2.586113213666837,0.00013711130695656578,-0.0010920473496470425,-0.0,0.0,0.0,0.0013125342782586815,0.0006817097985185684,0,0,True,0.0,0.0
912.6,12.079944610595703,-0.06276746839284897,-2.586113213666837,0.00013711130695656578,-0.0010920473496470425,-0.0,0.0,0.0,0.0013125342782586815,0.0006817097985185684,0,0,True,0.0,0.0
912.62,12.079944610595703,-0.06276746839284897,-2.586113213666837,0.00013711130695656578,-0.0010920473496470425,-0.0,0.0,0.0,0.0013125342782586815,0.0006817097985185684,0,0,True,0.0,0.0
912.64,12.079944610595703,-0.06276746839284897,-2.586113213666837,0.00013711130695656578,-0.0010920473496470425,-0.0,0.0,0.0,0.0013125342782586815,0.0006817097985185684,0,0,True,0.0,0.0
912.66,12.079944610595703,-0.06276746839284897,-2.586113213666837,0.00013711130695656578,-0.0010920473496470425,-0.0,0.0,0.0,0.0013125342782586815,0.0006817097985185684,0,0,True,0.0,0.0
912.68,12.079944610595703,-0.06276746839284897,-2.586113213666837,0.00013711130695656578,-0.0010920473496470425,-0.0,0.0,0.0,0.0013125342782586815,0.0006817097985185684,0,0,True,0.0,0.0
912.7,12.079944610595703,-0.06276746839284897,-2.586113213666837,0.00013711130695656578,-0.0010920473496470425,-0.0,0.0,0.0,0.0013125342782586815,0.0006817097985185684,0,0,True,0.0,0.0
912.72,12.079944610595703,-0.06276746839284897,-2.586113213666837,0.00013711130695656578,-0.0010920473496470425,-0.0,0.0,0.0,0.0013125342782586815,0.0006817097985185684,0,0,True,0.0,0.0
912.74,12.079944610595703,-0.06276746839284897,-2.586113213666837,0.00013711130695656578,-0.0010920473496470425,-0.0,0.0,0.0,0.0013125342782586815,0.0006817097985185684,0,0,True,0.0,0.0
912.76,12.079944610595703,-0.06276746839284897,-2.586113213666837,0.00013711130695656578,-0.0010920473496470425,-0.0,0.0,0.0,0.0013125342782586815,0.0006817097985185684,0,0,True,0.0,0.0
912.78,12.079944610595703,-0.06276746839284897,-2.586113213666837,0.00013711130695656578,-0.0010920473496470425,-0.0,0.0,0.0,0.0013125342782586815,0.0006817097985185684,0,0,True,0.0,0.0
912.8,12.079944610595703,-0.06276746839284897,-2.586113213666837,0.00013711130695656578,-0.0010920473496470425,-0.0,0.0,0.0,0.0013125342782586815,0.0006817097985185684,0,0,True,0.0,0.0
912.82,12.079944610595703,-0.06276746839284897,-2.586113213666837,0.00013711130695656578,-0.0010920473496470425,-0.0,0.0,0.0,0.0013125342782586815,0.0006817097985185684,0,0,True,0.0,0.0
912.84,12.079944610595703,-0.06276746839284897,-2.586113213666837,0.00013711130695656578,-0.0010920473496470425,-0.0,0.0,0.0,0.0013125342782586815,0.0006817097985185684,0,0,True,0.0,0.0
912.86,12.079944610595703,-0.06276746839284897,-2.586113213666837,0.00013711130695656578,-0.0010920473496470425,-0.0,0.0,0.0,0.0013125342782586815,0.0006817097985185684,0,0,True,0.0,0.0
912.88,12.079944610595703,-0.06276746839284897,-2.586113213666837,0.00013711130695656578,-0.0010920473496470425,-0.0,0.0,0.0,0.0013125342782586815,0.0006817097985185684,0,0,True,0.0,0.0
912.9,12.079944610595703,-0.06276746839284897,-2.586113213666837,0.00013711130695656578,-0.0010920473496470425,-0.0,0.0,0.0,0.0013125342782586815,0.0006817097985185684,0,0,True,0.0,0.0
912.92,12.079944610595703,-0.06276746839284897,-2.586113213666837,0.00013711130695656578,-0.0010920473496470425,-0.0,0.0,0.0,0.0013125342782586815,0.0006817097985185684,0,0,True,0.0,0.0
912.94,12.079944610595703,-0.06276746839284897,-2.586113213666837,0.00013711130695656578,-0.0010920473496470425,-0.0,0.0,0.0,0.0013125342782586815,0.0006817097985185684,0,0,True,0.0,0.0
912.96,12.079944610595703,-0.06276746839284897,-2.586113213666837,0.00013711130695656578,-0.0010920473496470425,-0.0,0.0,0.0,0.0013125342782586815,0.0006817097985185684,0,0,True,0.0,0.0
912.98,12.079944610595703,-0.06276746839284897,-2.586113213666837,0.00013711130695656578,-0.0010920473496470425,-0.0,0.0,0.0,0.0013125342782586815,0.0006817097985185684,0,0,True,0.0,0.0
913.0,12.079944610595703,-0.06276746839284897,-2.586113213666837,0.00013711130695656578,-0.0010920473496470425,-0.0,0.0,0.0,0.0013125342782586815,0.0006817097985185684,0,0,True,0.0,0.0
913.02,12.079944610595703,-0.06276746839284897,-2.586113213666837,0.00013711130695656578,-0.0010920473496470425,-0.0,0.0,0.0,0.0013125342782586815,0.0006817097985185684,0,0,True,0.0,0.0
913.04,12.079944610595703,-0.06276746839284897,-2.586113213666837,0.00013711130695656578,-0.0010920473496470425,-0.0,0.0,0.0,0.0013125342782586815,0.0006817097985185684,0,0,True,0.0,0.0
913.06,12.079944610595703,-0.06276746839284897,-2.586113213666837,0.00013711130695656578,-0.0010920473496470425,-0.0,0.0,0.0,0.0013125342782586815,0.0006817097985185684,0,0,True,0.0,0.0
913.08,12.079944610595703,-0.06276746839284897,-2.586113213666837,0.00013711130695656578,-0.0010920473496470425,-0.0,0.0,0.0,0.0013125342782586815,0.0006817097985185684,0,0,True,0.005276741661599544,-0.051399007176703884
913.1,12.079944610595703,-0.06276746839284897,-2.586113213666837,0.00013711130695656578,-0.0010920473496470425,-0.0,0.0,0.0,0.0013125342782586815,0.0006817097985185684,0,-0.15,True,0.01339411378844814,-0.14596644233872114
913.12,12.079944610595703,-0.06276746839284897,-2.586113213666837,0.00013711130695656578,-0.0010920473496470425,0.00042213933292817947,0.0003636606612300845,-0.004111920574138415,0.0013125342782586815,0.0006817097985185684,0,-0.15,True,0.027985811119574495,-0.2716361909540053
913.14,12.079944610595703,-0.06276746839284897,-2.586113213666837,0.00013711130695656578,-0.0010920473496470425,0.0010715291030763993,0.0008900108747085247,-0.011677315387103666,0.0013125342782586815,0.0006817097985185684,0,-0.15,True,0.03779795097743591,-0.40671334594298086
913.16,12.079931259155273,-0.06280999630689621,-2.586442167312768,6.59771135232823e-05,-0.0011089967253039455,0.0022388648895639235,-0.0004839070083316776,-0.021730895276300663,0.0013125342782586815,0.0006817097985185684,0,-0.15,True,0.04070320852220036,-0.44118304583870854
913.18,12.079909324645996,-0.06287316977977753,-2.5870473988978047,4.657432943022323e-05,-0.0009795523941307186,0.0030238360781921223,-0.0024078224623982126,-0.03253706767540888,0.028010362386703493,0.0006577743589878083,0,-0.15,True,0.019104351183160978,-0.43368190780057725
913.2,12.079771995544434,-0.06282897293567657,-2.587851685288942,-7.215625218596721e-05,-0.0010317168429244703,0.003678396014705874,-0.0031406532341367627,-0.039406564241253154,0.031469687223434455,-0.059542561993002896,0,-0.15,True,-0.008887123606934591,-0.3745612049390273
913.22,12.07963752746582,-0.06273108720779419,-2.5887161790808713,-5.403052155164181e-05,-0.0009637141349271405,0.0025998771977300593,-0.007999657531677112,-0.04637186801116759,0.030737530738115314,-0.03583595037460328,0,-0.15,True,-0.049823868820992614,-0.3022919313151783
913.24,12.079548835754395,-0.06275103986263275,-2.58959469245207,0.00015150068055540963,-0.0009424862890842186,0.0015278950010087925,-0.010863328849718645,-0.051695791671438174,0.005120423957705498,-0.03736683696508408,0,-0.15,True,-0.13863108931464507,-0.3559306496038501
913.26,12.07939624786377,-0.062437765300273895,-2.5907571483387,-0.0002377287722130539,-0.0009487589959585104,-0.000962073427489326,-0.014001924487244589,-0.05672042218063551,0.019586951918900013,-0.004973558373749257,0,-0.15,True,-0.1434196688878694,-0.4481788702849189
913.28,12.079212188720703,-0.062153078615665436,-2.5919873486226535,-0.00014693697876336665,-0.0010069035667071202,-0.007412091130455645,-0.018741256386595035,-0.06788101620953527,0.0566053655743599,-0.06029275283217431,0,-0.15,True,-0.13319344508876152,-0.4483350083752637
913.3,12.079116821289062,-0.0617363341152668,-2.593253812855318,-0.0004007250168715288,-0.0008323445038839068,-0.008873696313289058,-0.019055529108766282,-0.08222617763392849,0.041160263866186146,-0.014176592305302622,0,-0.15,True,-0.07042544678679936,-0.4838734548600027
913.32,12.07927131652832,-0.0611628033220768,-2.5950251737488355,-0.00039170361651121304,0.00023998294313326113,-0.009127580606097582,-0.019222927552983125,-0.08756259234147762,0.04616281807422638,-0.09336362510919571,0,-0.15,True,0.07776274320887834,-0.37783121931280916
913.34,12.079207420349121,-0.06076677143573761,-2.5973352425494176,-3.1682797645296844e-05,0.0003898924060831718,-0.0065961091704361575,-0.01727586477077709,-0.09543029856945554,-0.004911797270178795,-0.09464381337165834,0,-0.15,True,0.12981931895396182,-0.23197657556271592
913.36,12.079036712646484,-0.06045975536108017,-2.5989923560099752,0.0001582940976998454,0.0004239208041039939,-0.0011910716737421959,-0.017050673482106996,-0.09810751375457546,0.02223611265420914,-0.1489944273233414,0,-0.15,True,0.15471678131975664,-0.31636270294412117
913.38,12.078852653503418,-0.060280729085206985,-2.6008882367408783,0.00030382351706002554,0.00031260038751260773,0.0015118492030331996,-0.016009177572247422,-0.10078430367895526,0.016109163239598275,-0.010146160125732422,0,-0.15,True,0.13022973458484657,-0.43136338679163566
913.4,12.078648567199707,-0.05994546785950661,-2.6028737748491944,3.321332096009076e-05,0.0003620130672180493,0.003249761899471691,-0.012315107254832137,-0.11287160857698429,0.0994114249944687,-0.05727168798446656,0,-0.15,True,0.060308503888155354,-0.6105324158961394
913.42,12.078444480895996,-0.05973099544644356,-2.6053979868437267,-0.0001441840606112105,0.0002775112405610149,0.003822269596342094,-0.010369051155983288,-0.129939369512755,0.06760789960622789,-0.04584342867136002,0,-0.15,True,0.015487650416271618,-0.6844766427868066
913.44,12.07830810546875,-0.05974746495485306,-2.6080220846961386,0.00020177651828315907,0.00013837195753735136,0.003633608637312701,-0.010466576677576011,-0.1469501070262916,0.07969471454620362,-0.07489360541105271,0,-0.15,True,-0.03257527920115446,-0.6746253899796001
913.46,12.078166007995605,-0.059723835438489914,-2.611283386301904,0.00031843913546853364,-4.4167160446356675e-06,0.002750861236335563,-0.006691924317614206,-0.1555424351019278,0.07969471454620362,-0.07489360541105271,0,-0.15,True,-0.04943439456538808,-0.4972454526886656
913.48,12.077972412109375,-0.05937238037586212,-2.6146297834113037,-0.0004248842433717132,-0.00011124683515758889,0.0006437395633780009,-0.009157400485731718,-0.1668416397753799,0.0921821916103363,-0.1189536613225937,0,-0.15,True,-0.03765736154504187,-0.24177181664419595
913.5,12.077983856201172,-0.059380482882261276,-2.6178413816518873,-0.00015765234536583553,8.966756137742734e-06,-0.0001324819688909764,-0.006784164388818506,-0.1697190057278686,0.09436867773532868,-0.012257790565490723,0,-0.15,True,-0.030100171748893317,-0.20723541155885555
913.52,12.077895164489746,-0.0591401569545269,-2.621369415878157,-0.00040311329331523216,2.7650199245450618e-05,0.0006210197137120909,-0.004072102733096744,-0.1662918523578097,0.12183020412921906,-0.09078258097171785,0,-0.15,True,0.005286724155223165,-0.1741338390017831
913.54,12.077903747558594,-0.059248555451631546,-2.624860906760121,7.960084632095728e-05,0.0001620113087365507,0.0003428474964262875,-0.005308347962284745,-0.17212126802662117,0.13531308948993684,-0.05698965966701508,0,-0.15,True,-0.022759405134921192,-0.15443954502691012
913.56,12.077767372131348,-0.059114404022693634,-2.6279331315999164,-0.0002283271294892866,-0.0003949709638818702,0.0010666774957954694,-0.0029614490672308317,-0.1807723468955099,0.0580302917957306,-0.09263713359832765,0,-0.15,True,-0.06203149751097355,-0.1677591005622809
913.58,12.077750205993652,-0.059024810791015625,-2.631611083094024,-0.00023232013095654994,-6.184027538770754e-05,-0.001953234379685603,-0.004761911912913048,-0.18207416933002774,0.14110155642032624,-0.06193862348794938,0,-0.15,True,-0.08780057461595961,0.08986472804405429
913.6,12.077704429626465,-0.05897574499249458,-2.635831203629805,-0.0002363383268671444,-2.8852329234712807e-05,-0.004341500087168332,0.0002559809908405353,-0.17971258040279903,0.10347046732902528,-0.10878306806087495,0,-0.15,True,-0.10566571286636495,0.41834308974469353
913.62,12.07785415649414,-0.05883979797363281,-2.639426840306531,-0.0002607945485818759,-1.2631063247231796e-05,-0.006681198472854075,0.0022719560406224623,-0.16493208978309315,0.15021942198276522,-0.10477906703948976,0,-0.15,True,-0.05150100417947919,0.5794794850024851
913.64,12.078081130981445,-0.05896405130624771,-2.6423101380321476,0.0005105190887036723,5.1269322330943945e-05,-0.007386579533518052,0.003062656700055515,-0.1473048997159173,0.09016765117645265,-0.10790226936340333,0,-0.15,True,0.01269664705818631,0.5827473932301886
913.66,12.078306198120117,-0.058926861733198166,-2.6448056502766595,0.0007308645236006208,0.0001828372210327225,-0.006073314714040191,-0.0006973779205511023,-0.13571581052987108,0.06113794803619385,-0.055443834066390994,0,-0.15,True,0.07514824086789386,0.3569932580793604
913.68,12.078340530395508,-0.05890791490674019,-2.6476155956070677,0.0009498228068278786,0.0002559675844834034,-0.0033257683225143514,-0.004290198050472321,-0.13309278894442633,0.11690455317497254,-0.054839047193527224,0,-0.15,True,0.09464891193785561,0.10574332302963274
913.7,12.078254699707031,-0.05855918675661087,-2.650284105148926,0.00030368831242087274,0.0002714942447838858,-0.0006693392034194904,-0.003853539179093634,-0.1363726291367297,0.056100670695304874,-0.042934857010841376,0,-0.15,True,0.09352992526897423,-0.13073721135802685
913.72,12.078152656555176,-0.05853571742773056,-2.652957561147707,0.00011337505519707997,7.637288527352462e-05,0.00018533342151427182,-0.0028257598973236075,-0.13884543387354234,0.05762408256530762,-0.04756450027227402,0,-0.15,True,0.0380063098305282,-0.2622168243645148
913.74,12.078207969665527,-0.058629781007766724,-2.6557154606076034,0.0002990784735876005,7.247648484066107e-05,0.0014090793074815749,-0.0013396286131152398,-0.14617478743851858,0.042332425415515906,-0.07336569368839264,0,-0.15,True,0.029556697695824235,-0.3598612557755056
913.76,12.078221321105957,-0.05871526896953583,-2.658723230316957,0.000450458607587555,1.396453332902093e-05,-0.0002852635360705402,-0.0005954701271767393,-0.15407013489359825,0.08302325785160065,-0.0517876422405243,0,-0.15,True,0.013491287804227191,-0.4165295572441517
913.78,12.078104972839355,-0.05851706117391586,-2.661978088143997,-7.207227247390676e-05,0.00012140096026875981,0.0016951966122442982,-0.002062640025885694,-0.16516152959874397,0.08226085305213929,-0.11358446717262269,0,-0.15,True,-0.0013812356868163646,-0.36575273798156055
913.8,12.078150749206543,-0.058482930064201355,-2.665283171939184,-0.00019144093171363552,0.00022523638168134172,0.0012646364458514655,-0.004126741045412857,-0.17216779845304417,0.09679003655910492,-0.14121722996234895,0,-0.15,True,0.07507533551851346,-0.33932793232581093
913.82,12.078011512756348,-0.05854596570134163,-2.6689283829755097,-0.00028720585199696117,-0.0003411978596798979,0.0012985804525362092,-0.0019903317650626366,-0.1754350064770584,0.13996658802032472,-0.09994661748409273,0,-0.15,True,-0.009068091996971362,-0.19725865184702726
913.84,12.077980041503906,-0.05846826359629631,-2.6724966541932074,-0.0003396912941513436,-1.1414799116412143e-05,0.005720763305413609,1.4015323225725733e-06,-0.181216369479677,0.11404938519001008,-0.1034246301651001,0,-0.15,True,0.01826774030965675,-0.11906689844519128
913.86,12.077939987182617,-0.05842258781194687,-2.676012888662169,-0.0005085822452758973,-3.63391482434216e-05,0.0009697492524862181,0.0012663298649015129,-0.18094222174651423,0.06975387454032898,-0.1391610997915268,0,-0.15,True,-0.020258218739271174,-0.05626615827025224
913.88,12.077742576599121,-0.05868992954492569,-2.6797804814975654,-0.00022372581035319942,-0.0009066478339576884,0.002726055670624753,0.0005811907414344073,-0.18169315032866434,0.11446731865406037,-0.10844058692455293,0,-0.15,True,-0.11965492485253879,0.15608376663727552
913.9,12.077987670898438,-0.058671317994594574,-2.6834037607152177,-0.00021595316815737668,-7.169755905129511e-05,-0.0003220770466040106,0.0013682561022610948,-0.17993629913867448,0.07207493484020233,-0.14698305368423464,0,-0.15,True,-0.03472685030032467,0.22960165897131354
913.92,12.077805519104004,-0.058607060462236404,-2.6870321062194873,-0.00015912394158917772,-0.00043892333459277327,-0.0038516306827807868,-0.0003608008117590674,-0.16872966814870632,0.10664841473102571,-0.15332376122474672,0,-0.15,True,-0.09473192703331865,0.34885464723739634
913.94,12.078011512756348,-0.05850936099886894,-2.69040779259327,-1.1851847399246228e-05,0.00034515114897049065,-0.0018083987715411768,-0.00337695802961973,-0.16257408902879975,0.0589907318353653,-0.12152624607086183,0,-0.15,True,-0.015678398688448364,0.43666304636525194
913.96,12.078006744384766,-0.058528706431388855,-2.693278854949469,0.00023370570824802467,2.7048053563065783e-05,-0.004852498492044615,-0.0022780827583726597,-0.15378477854965836,0.043364944458007815,-0.1382530474662781,0,-0.15,True,-0.017701875486298355,0.3194537459133308
913.98,12.07800006866455,-0.0583651140332222,-2.6964096878375283,8.820829625704302e-06,8.958463570880132e-05,-0.0015763489416805213,-0.0021688276315807212,-0.14500325542943646,0.12589151203632357,-0.05935409128665925,0,-0.15,True,-0.028363631154795996,0.27066735255275814
914.0,12.078076362609863,-0.058274559676647186,-2.6993348885034663,8.370247158018286e-06,-0.00027207308497314696,-0.0052677807216853795,-0.004940660119052899,-0.14317336847562678,0.12547730445861818,-0.0522420658171177,0,-0.15,True,0.0150942220517945,0.17350843837367308
914.02,12.07805061340332,-0.05829846113920212,-2.7020080530276145,-0.00012853074028251423,-0.000522675213809183,-0.004077489263922793,-0.0032361229308955916,-0.1409207008245988,0.053032367825508124,-0.08288189530372621,0,-0.15,True,-0.06331252573293851,0.007979850927692142
914.04,12.078218460083008,-0.05799112096428871,-2.7047327244275086,-0.00031549425729079776,9.613408536722774e-05,-0.0036449607279021535,-0.0010719568222558999,-0.13990410347977714,0.10990544438362122,-0.09910309851169587,0,-0.15,True,0.05012629014469902,-0.10452559820488291
914.06,12.078185081481934,-0.05799201875925064,-2.707683343903486,-8.388085421473027e-05,-0.00038668212353947645,-0.006641351000310996,-0.005798215133735905,-0.14436486735522167,0.10990544438362122,-0.09910309851169587,0,-0.15,True,0.022459125054659326,-0.17496370798726243
914.08,12.078304290771484,-0.058073483407497406,-2.710527216781854,0.0003148456489786051,-0.0002442467032377702,-0.0012576775101074062,-0.0029913791252678596,-0.1515354163320217,0.11877745985984803,-0.10827357292175294,0,-0.15,True,-0.024042637329490607,-0.22589044182189894
914.1,12.078337669372559,-0.05765421688556671,-2.713557242416038,-0.00024371967082589311,0.0003757575423098483,-0.0022807592595491272,-0.0020121681854880172,-0.15491779746358694,0.12672728300094604,-0.14640365540981296,0,-0.15,True,0.06894729731775874,-0.135053699915048
914.12,12.07820987701416,-0.057731661945581436,-2.7168555577340765,-0.00021791766274955997,-0.00031690756177175727,-0.005568371714262386,-0.0038071439382487593,-0.1579753388255383,0.08469452023506166,-0.12129116892814637,0,-0.15,True,-0.029821910627355987,-0.10642183276334051
914.14,12.07828426361084,-0.05776983126997948,-2.7200767677005793,-0.00011990715486249147,-0.00040125703789166525,-0.0011255672148874755,-0.00041241989582420553,-0.15516916334843103,0.10492931663990021,-0.05769545018672944,0,-0.15,True,-0.006819231745633131,-0.12950668107502716
914.16,12.078584671020508,-0.057612404227256775,-2.7231652438878857,-0.0002366706092178912,0.00029503788958063404,-0.0036434303602937155,-0.0005358917763289249,-0.1600491629530812,0.05157294690608979,-0.11999661326408387,0,-0.15,True,0.06878873502814631,-0.17863150510936418
914.18,12.07840633392334,-0.05758726969361305,-2.7259707754839013,-0.00046684716862351435,-0.000412527625263067,-0.0028262977991992816,0.00020954581084544482,-0.1652783319495797,0.052913458123803145,-0.06134030163288117,0,-0.15,True,-0.036993514207988895,-0.28412966724241406
914.2,12.078458786010742,-0.05757405608892441,-2.7296594907703295,-0.0003832024017992156,-0.0005682260084207288,-6.527291200786605e-05,0.003899864253489288,-0.17226585923429474,0.1296463918685913,-0.109783011674881,0,-0.15,True,0.006063923796590389,-0.07313911351276783
914.22,12.078497886657715,-0.05769387632608414,-2.7332990342565524,-0.0003018613343157559,-0.0008740694158137159,-0.004085048351528101,0.0029270492084448128,-0.1778995367278358,0.09464150190353394,-0.06309488117694856,0,-0.15,True,-0.033388743279281895,0.13535205889796587
914.24,12.078714370727539,-0.0578962042927742,-2.7369465126266364,0.0004044988247954048,-0.0003425261732113938,-0.003158316456566236,0.0028298578714886645,-0.1659002920341056,0.1320931476354599,-0.14417715668678285,0,-0.15,True,-0.04870425723357104,0.37049504908127406
914.26,12.0787992477417,-0.05767242982983589,-2.7402027384221355,0.000318441013832235,-0.00013225984486012692,-0.0054973972615432,0.0015102772373258497,-0.15445016723773689,0.1214885699748993,-0.11554520547389985,0,-0.15,True,0.024866464966369035,0.5024292337181463
914.28,12.078780174255371,-0.057682689279317856,-2.742931514133046,0.00046518058741697264,-0.0004829522644372474,-0.003961613490690005,-0.006027148842340624,-0.14262625530781978,0.1492105746269226,-0.11449829399585724,0,-0.15,True,0.017324284976895324,0.363237109091496
914.3,12.078949928283691,-0.05763326957821846,-2.74565504763556,0.0005330338343775413,6.392736467574246e-05,-0.0020957311542203873,-0.006682663762179521,-0.13770519803042064,0.034358012676239016,-0.07590619951486588,0,-0.15,True,0.053456592431506744,0.23171244987061645
914.32,12.078819274902344,-0.05732881650328636,-2.7483566130512678,-0.0002675463002337862,0.00010620286827555359,-0.0017723736584139011,-0.005019051900335684,-0.13684132330677107,0.09232293874025346,-0.06405825123190881,0,-0.15,True,0.011516596983351128,0.04810060738149917
914.34,12.078747749328613,-0.05711451545357704,-2.7512191542645748,-0.000753525914192404,0.0002583203481175085,-0.0012208698670204718,-0.006694833484614488,-0.13591317124807809,0.1299638390541077,-0.10406454384326935,0,-0.15,True,-0.03149966697310832,-0.07152751780944
914.36,12.078757286071777,-0.057257480919361115,-2.753878819997593,-0.00043200820545800873,-3.468288699072133e-05,-0.0030402857320214437,-0.003314125981040858,-0.13877820671729788,0.076959388256073,-0.048694664239883424,0,-0.15,True,-0.03800410800685165,-0.19642934332827522
914.38,12.078836441040039,-0.057100810110569,-2.756528101335412,-0.00036806572122162007,-1.9972031425404242e-05,-0.004615704512070342,-2.6684577266787666e-05,-0.14342739945517877,0.024796688929200176,-0.145244779586792,0,-0.15,True,-0.026598456629220064,-0.35365090737350846
914.4,12.078944206237793,-0.05699140951037407,-2.7594588695886415,-0.000254857883617925,0.00018393941991677736,-0.004812702298959268,-0.0023208470359145795,-0.1525556707730188,0.1029864650964737,-0.15490637421607972,0,-0.15,True,-0.06518520453379643,-0.32916282913066247
914.42,12.079089164733887,-0.056973837316036224,-2.7626933462209786,-4.027513768116728e-05,0.00032364072326427257,-0.0033487463973561416,-0.0030612580676492576,-0.16420524383793303,0.12263440728187562,-0.12875030994415285,0,-0.15,True,-0.03737207735815676,-0.2916626933086714
914.44,12.079045295715332,-0.05694163218140602,-2.766083273659441,-1.6148526478720732e-05,-0.00013544687860154935,-0.008255102094727827,-0.004395792665955274,-0.16511123304776434,0.09695103406906129,-0.09994294583797456,0,-0.15,True,-0.09522494746331976,-0.19624015841332326
914.46,12.078994750976562,-0.05677418410778046,-2.7696645208424533,-0.00022864466849407408,-0.00029933340599360667,-0.007605470700724412,-0.003620522102220336,-0.16676041491988441,0.14280756592750551,-0.1599241375923157,0,-0.15,True,-0.12455077558552553,-0.09803035028910238
914.48,12.079429626464844,-0.056422047317028046,-2.7726677682324694,-0.0003381663925676822,0.0005760408575496891,-0.012430698096028746,-0.0018380209281263563,-0.16825488344609268,0.058420925736427314,-0.06018516838550568,0,-0.15,True,-0.005781979386051452,-0.16914569710096292
914.5,12.079550743103027,-0.05648288503289223,-2.776034179414576,0.00029650039956517126,-2.0617179770524085e-05,-0.01331280844420328,0.00046791782609649675,-0.17204767186106523,0.11643372714519502,-0.08152987837791444,0,-0.15,True,0.014010214597342014,-0.13567665467220508
914.52,12.079919815063477,-0.05644587054848671,-2.779543664335116,0.0007857419009978209,0.00037205606251858314,-0.008717660445611522,0.0019896858113034863,-0.17864288881582907,0.10684298694133759,-0.09725008547306062,0,-0.15,True,0.13690071815041263,-0.011482313021364925
914.54,12.080002784729004,-0.05642842873930931,-2.783428334591326,0.0008674963351189976,-0.00035749861360540573,-0.00648465353293807,0.0004946917225565615,-0.17761454729365095,0.059359077215194705,-0.1500451022386551,0,-0.15,True,0.16131128260639996,0.06720979715907692
914.56,12.080138206481934,-0.056323885917663574,-2.7869591993377227,0.0007845421186919245,-0.0004429313240782223,-0.0014786406440056962,-0.0025513607839001487,-0.16917346848780104,0.12725246608257296,-0.05380442321300507,0,-0.15,True,0.1610006142327166,0.13856727271434946
914.58,12.080050468444824,-0.05633809044957161,-2.7902433431980755,0.0007947698252371761,-0.0008768613636076845,-0.00040790583568468277,-0.00423015164055514,-0.16667088808833633,0.12725246608257296,-0.05380442321300507,0,-0.15,True,0.10001003398868213,0.18897349096294672
914.6,12.079959869384766,-0.0562133863568306,-2.793077541814147,0.0005102560008879319,-0.001135727378322562,0.004162388693012396,-0.004531843166119991,-0.16755750699867544,0.06726970970630647,-0.013572486042976381,0,-0.15,True,0.03728219528543421,-0.0024887178882525736
914.62,12.079916954040527,-0.056099459528923035,-2.7967620056383997,-1.7433520601102467e-05,-0.0009156956873004586,0.0015161491861605929,-0.005653111398154487,-0.16249666801660748,0.12277500212192537,-0.06337125599384308,0,-0.15,True,0.027937733469308997,0.1450109439580263
914.64,12.07970142364502,-0.05609685182571411,-2.8003637998976236,-0.0003907221045481338,-0.0008398898172075662,0.0015039349788305663,-0.00719984272038434,-0.16937256591886135,0.01938571572303772,-0.06658163905143738,0,-0.15,True,-0.04537261048237357,0.4675171456628354
914.66,12.07978343963623,-0.05595346540212631,-2.8032430766393923,-0.0004018462592191852,2.8297593882465893e-05,0.0018271128418580042,-0.005904981478990229,-0.15507001257170477,0.05549372203648091,-0.05860979542136193,0,-0.15,True,-0.022297998777567322,0.43943919999692993
914.68,12.0796537399292,-0.055710870772600174,-2.8066273470876437,-0.0007972797118362966,0.0001673472459170779,0.0005325798544258114,-0.011125704888608754,-0.13015613534568263,0.06564321219921113,-0.06504753768444062,0,-0.15,True,-0.025147639145120616,0.5957828148419171
914.7,12.079622268676758,-0.05570236220955849,-2.8091676066441424,-0.00033678330950810036,0.00016336723061562554,-0.0002676907160457055,-0.00957901346814313,-0.1273415320168351,0.06564321219921113,-0.06504753768444062,0,-0.15,True,-0.045576053970201036,0.34461955417184326
914.72,12.079368591308594,-0.05527026951313019,-2.8107762907252836,-0.0008175952872808118,-0.00025659129343913825,-0.0005078761527801123,-0.0060296833960919,-0.1217099407314836,0.05107937961816788,-0.05157029956579209,0,-0.15,True,-0.07182205258060588,-0.18773381910533432
914.74,12.079553604125977,-0.05522210896015167,-2.8134303992007443,-0.0005465789104320753,0.0001336689218067082,-0.001818971475759944,-0.007302777288592351,-0.1275004482379432,0.11289854526519777,-0.1572748696804047,0,-0.15,True,-0.07296214372560707,-0.28709654296095755
914.76,12.079535484313965,-0.055241454392671585,-2.8163641423461674,-0.0002810792032309641,-7.286329854844476e-06,-0.005213184352025599,-0.005237653337608772,-0.14517484087411706,0.10318197607994081,-0.08850290596485139,0,-0.15,True,-0.11826125862985336,-0.4232821337709789
914.78,12.079571723937988,-0.05510241538286209,-2.8193676425031686,-0.00025372875855608133,4.20675775346847e-05,-0.006104662214088962,-0.006389651270282366,-0.1503092554536908,0.12075391948223115,-0.05769989579916001,0,-0.15,True,-0.1311146492811583,-0.381699530923161
914.8,12.079629898071289,-0.05473996326327324,-2.8223902779952024,-0.00029803821760452363,-3.363767951136559e-05,-0.009968776843159777,-0.007787490372614632,-0.1555725114331311,0.11957048952579499,-0.05054971337318421,0,-0.15,True,-0.10101354840868566,-0.19293476940178358
914.82,12.079854965209961,-0.054582588374614716,-2.8254551396370458,0.0002287831007796213,-1.6206566243671638e-05,-0.012308143418257974,-0.007297375759741046,-0.1580364107118117,0.04990170121192933,-0.12755052447319032,0,-0.15,True,-0.08017312708902317,-0.1645411299009155
914.84,12.080097198486328,-0.05439966171979904,-2.8288099432608242,0.000492884480944816,-7.247694724618816e-05,-0.013294268224724586,-0.005969828037255356,-0.16060962242626764,0.049736193418502814,-0.1182846248149872,0,-0.15,True,-0.01589979600057358,0.03285012000235328
914.86,12.080326080322266,-0.05424143001437187,-2.83201055536012,0.0009640784829653816,-7.546725066299074e-05,-0.012518512381214097,-0.006425175016107626,-0.16347254584577078,0.04712975338101388,-0.11726076960563661,0,-0.15,True,0.034877777641459405,0.1764166986730634
914.88,12.08049488067627,-0.053958289325237274,-2.8352390477893104,0.001137836365159878,-0.00015780652625497406,-0.011240760523206314,-0.01138554518343978,-0.1529445018329415,0.10729859232902528,-0.06317989647388458,0,-0.15,True,0.10712409342184413,0.2207097084676495
914.9,12.080652236938477,-0.053787898272275925,-2.8385329433046955,0.001339262414193695,-4.920045611799267e-05,-0.00951792120694376,-0.013742107937407691,-0.14392307481797947,0.10729859232902528,-0.06317989647388458,0,-0.15,True,0.1496490326689487,0.33010105901988424
914.92,12.080679893493652,-0.05326002463698387,-2.8410455034074484,0.0005395970033497123,4.779970800481985e-06,-0.004724340750984849,-0.015001357357253445,-0.14295284574887174,0.10729859232902528,-0.06317989647388458,0,-0.15,True,0.17781867304461813,0.1318184257249342
914.94,12.080724716186523,-0.052964918315410614,-2.8435244013455643,0.00010405862458754011,0.00011074450074768812,-0.0005465897676920758,-0.014809290668978342,-0.13706446112416654,0.14696415722370149,-0.06782768726348877,0,-0.15,True,0.18909296911214335,0.05701216344449476
914.96,12.080500602722168,-0.05270008742809296,-2.846675275449226,-0.0005830547032626781,-0.0005608148952183966,0.002984733320370414,-0.011829526404087373,-0.14239902777494137,0.09872909963130952,-0.0991435867547989,0,-0.15,True,0.14707239408106054,0.17296181692989795
914.98,12.08034610748291,-0.05264255404472351,-2.8494981001946345,-0.0005569142220189012,-0.0003967795152036583,0.005609516322035447,-0.011441232290667212,-0.13936210174241756,0.13522438168525697,-0.05787202715873719,0,-0.15,True,0.07782571728524429,0.11139844475696847
915.0,12.08017635345459,-0.05242392420768738,-2.8524374256294496,-0.0005613698046531079,-7.88363194160337e-05,0.007041450775506014,-0.008145752651992959,-0.12911590039447282,0.07331020176410676,-0.11835379362106324,0,-0.15,True,0.02722520232035334,0.12837444660329222
915.02,12.080031394958496,-0.05221761390566826,-2.8546733694849475,-0.0006736635031119022,0.0001377668611531223,0.005679467615121805,-0.0073315283368678786,-0.12815258554361716,0.06577458620071412,-0.12275273859500886,0,-0.15,True,-0.03199806011691301,-0.07887061470304531
915.04,12.079774856567383,-0.052236106246709824,-2.8570045474807744,-0.0005300336982986408,-0.0004132040445545461,0.005162749505996701,-0.0033261204281919985,-0.13212907204668733,0.04435585498809815,-0.09820096671581269,0,-0.15,True,-0.0916912394682265,-0.30783378945266376
915.06,12.079744338989258,-0.052208591252565384,-2.8597503070381145,-0.00026053733687908016,-2.909773465296394e-05,0.0030496715126847344,-0.005026328489165471,-0.14567175091865545,0.07447199821472168,-0.052368676066398626,0,-0.15,True,-0.09541646906910893,-0.42477422742124665
915.08,12.079705238342285,-0.052284497767686844,-2.86300775139319,0.00018889570989792166,6.144024106077241e-05,-0.0002938483819558576,-0.002197797974482422,-0.15374260355069852,0.07176900118589402,-0.1188990080356598,0,-0.15,True,-0.1358360498632493,-0.3847591211280528
915.1,12.07968521118164,-0.05189922824501991,-2.866327109558446,-0.0005996033677619436,0.0002615474154181936,-0.0019538499104108154,-0.0013916589906592613,-0.16213452373733428,0.07560575872659683,-0.12000180363655091,0,-0.15,True,-0.14971004824808445,-0.28666129767796833
915.12,12.07974910736084,-0.05206059664487839,-2.8693039557648365,0.0002154509575252873,0.00018917571543036808,-0.005704134483068802,-0.004116511873128332,-0.1629098017369473,0.08548004806041719,-0.06631183564662933,0,-0.15,True,-0.11891402938593418,-0.22675171462193577
915.14,12.079864501953125,-0.05205896496772766,-2.872721068937108,0.00032311873592644614,0.00015070175486428875,-0.00892713234716815,0.0029637447810423453,-0.16860465473290465,0.1312489652633667,-0.09556994020938875,0,-0.15,True,-0.120390627375539,-0.09577051687175883
915.16,12.080056190490723,-0.05184458568692207,-2.876040535532134,9.387405187943085e-06,0.00022505637352136895,-0.009806970732821938,0.00173371042364538,-0.17188274072043688,0.0491043907403946,-0.13547618985176088,0,-0.15,True,-0.062265204634008475,-0.036916007977155274
915.18,12.080436706542969,-0.051938094198703766,-2.879815481937066,0.0006148450776916151,0.0004516436134002395,-0.011585100100445176,-0.003165430637842562,-0.16979616508706802,0.12753403127193452,-0.10392842590808869,0,-0.15,True,0.03877388887881023,0.09364569714105511
915.2,12.08054256439209,-0.05198853090405464,-2.8830545750224785,0.0013420937489430258,1.3888527720071534e-05,-0.010685350853792028,-0.002544032950026102,-0.16586308237512123,0.12487539231777192,-0.10793089985847475,0,-0.15,True,0.06780048283226979,0.14072124117142734
915.22,12.080694198608398,-0.051574502140283585,-2.8863047621440803,0.0008779765089522676,-3.092264449742399e-05,-0.005825221236861744,-0.006317160874503768,-0.1611129989616164,0.13896875977516177,-0.08687117218971253,0,-0.15,True,0.13867895347193201,0.08769913241543868
915.24,12.080830574035645,-0.051429275423288345,-2.8893095821221504,0.0006580806312946306,-0.00023979785367595857,-0.00438293210623758,-0.007260453742720355,-0.16062504142671694,0.1566342091560364,-0.1019955337047577,0,-0.15,True,0.17277798312274315,0.00348892044352433
915.26,12.08076000213623,-0.05133141949772835,-2.892704521854002,0.0003477511356502599,-0.00038120770149628304,-0.0004907838226849389,-0.006867291916125635,-0.16278023449382933,0.1282996487617493,-0.08447309076786041,0,-0.15,True,0.09510321634418349,0.033335521127677216
915.28,12.080737113952637,-0.0513385571539402,-2.895904578336604,-0.00026818538734857324,-0.0002363844698301007,0.003136887796014853,-0.003909253710526118,-0.16558396873963954,0.0931372743844986,-0.11257981300354004,0,-0.15,True,0.07940100441294186,0.06595362604938258
915.3,12.080596923828125,-0.051032375544309616,-2.8993271809035748,-0.001110961179271353,0.00013599004252958693,0.0017830360706660156,0.00020889748011515286,-0.15844615727140465,0.13595577359199526,-0.1239854645729065,0,-0.15,True,0.03572021253405796,0.155022966678533
915.32,12.080511093139648,-0.05118696391582489,-2.9025562996213283,-0.0011448146632072088,-0.00025592050061542187,0.0019691482468010184,0.0009308189081080214,-0.15534875134276363,0.13643224060535433,-0.13005523800849916,0,-0.15,True,-0.06576531885608879,0.20542091420423725
915.34,12.080625534057617,-0.05138186365365982,-2.905380214435721,-0.0008571140721559333,0.00013026216406700891,0.0023668331800411595,0.004382366865441795,-0.15037839715954035,0.09488483607769013,-0.05923809230327607,0,-0.15,True,-0.06429168688466701,0.05934476684959899
915.36,12.080601692199707,-0.05144820362329483,-2.9083324784440316,-0.000655754939141105,0.00010143716710890478,-0.002124337712474942,0.002662344769293928,-0.14915029560329215,0.08651443004608154,-0.12404991030693055,0,-0.15,True,-0.08494698598166454,-0.023131777382246838
915.38,12.08049488067627,-0.05141754075884819,-2.911357452676344,-0.0006499970633270532,-0.000548296725514427,-0.003360298880109976,-0.0008590032880057179,-0.1536985759234343,0.04577811092138291,-0.058700580000877384,0,-0.15,True,-0.1683675316648004,-0.08190004487384171
915.4,12.08072566986084,-0.05135490000247955,-2.914488323269581,-0.0003873127481200772,-5.265407774795159e-05,-0.004826610631725964,-0.0008730079975853625,-0.1571992935333417,0.11541668117046357,-0.12438658356666567,0,-0.15,True,-0.1080643261657334,-0.20116792475203066
915.42,12.08087158203125,-0.051253609359264374,-2.9176761005095844,-0.00021912498174702781,-2.7681591826461754e-05,-0.011102569353130622,-0.0024212324580084135,-0.15693040074944173,0.0810867065191269,-0.10372376501560213,0,-0.15,True,-0.08720713811189786,-0.1815364942443756
915.44,12.080962181091309,-0.05129321664571762,-2.9209084219267054,0.0005452964440083752,-0.0006570993317673553,-0.010769483805738037,-0.006943533367981482,-0.16524372958346284,0.09721482932567597,-0.09725908517837525,0,-0.15,True,-0.06611583006509854,-0.09417206872924665
915.46,12.081317901611328,-0.0510314516723156,-2.923911884736306,0.0009922628374064459,6.281049412386256e-05,-0.010336869929065374,-0.005390456858035722,-0.16822149546299178,0.05889196455478669,-0.18961565077304843,0,-0.15,True,0.09793609194754865,0.07778914021180024
915.48,12.08144474029541,-0.0506242960691452,-2.9277078216362646,0.0006452326100250113,-3.378095596529311e-05,-0.010115877036936553,-0.008999773763881051,-0.16473305903168528,0.08089935764670372,-0.1158475947380066,0,-0.15,True,0.13460480608360026,0.2863438395466078
915.5,12.081585884094238,-0.050653956830501556,-2.9311338201466306,0.0011360247503684905,-0.00025847596906849253,-0.00326768199732272,-0.009019631847203459,-0.15070726953249453,0.11174286127090455,-0.06393333494663239,0,-0.15,True,0.17699026754608463,0.3686377057045357
915.52,12.081600189208984,-0.05041786655783653,-2.9340870666492282,0.0009020632163125572,-0.0003657413552334724,-1.0993190598085865e-06,-0.005733665482078762,-0.14233622241975505,0.06547880589962006,-0.08515550374984741,0,-0.15,True,0.21757657816193302,0.2734293777637522
915.54,12.081422805786133,-0.05027119070291519,-2.9359684662988945,0.0006362084192144992,-0.00040082856838081886,0.0038223514746085195,-0.0038015965729228792,-0.13873047900665575,0.07026036977767945,-0.009510692059993745,0,-0.15,True,0.1335458697285949,-0.13413964666825492
915.56,12.081350326538086,-0.05017542466521263,-2.9390947194298347,0.00022536809374691007,-0.00018362536773703335,0.007290249216002255,-0.0002338477688046698,-0.142858708810605,0.11330623149871827,-0.022428587228059772,0,-0.15,True,0.16519874370749751,-0.3213831818218875
915.58,12.08122444152832,-0.050418671220541,-2.9422322584671687,0.00041295652587587233,-0.0001301598729102868,0.007415987580970337,-0.0006153909418281482,-0.1614384412659604,0.1300837767124176,-0.1196743428707123,0,-0.15,True,0.09498964883218719,-0.3270032174073761
915.6,12.081025123596191,-0.05051683634519577,-2.9455157633540825,0.00019006428882600566,0.00012370163653370602,0.013214800177546754,0.0037506412822399457,-0.1680468769655192,0.09542336642742158,-0.11494750738143922,0,-0.15,True,0.056117631043594414,-0.1678634348868344
915.62,12.080831527709961,-0.050340428948402405,-2.948883541600178,-0.0009393119901350878,0.00021876153347984102,0.011421523381187381,0.004193476096251677,-0.16489073639925922,0.1371158427000046,-0.1357562154531479,0,-0.15,True,0.026201833251472725,0.17658255384293897
915.64,12.080371856689453,-0.05067569017410278,-2.952538469587083,-0.000996341179343744,-0.00047842410653729155,0.011779659699492104,0.0066948919318161465,-0.15628778360155862,0.10220675349235536,-0.10544099807739259,0,-0.15,True,-0.13480926911955066,0.37755346361531333
915.66,12.080391883850098,-0.0509229339659214,-2.9554235173790975,-0.0008930574211629317,0.00024976531539710176,0.009512134241086248,0.010378587255374066,-0.14731183695853814,0.11453309118747712,-0.07294955015182496,0,-0.15,True,-0.09462345269253136,0.3929844514740809
915.68,12.0802001953125,-0.05121998488903046,-2.958018786042196,-0.0007428680746662498,-0.0002208837821695531,0.0024300586479925083,0.007211084559811175,-0.1378425998763216,0.05281281173229218,-0.18095780909061435,0,-0.15,True,-0.1647500482224208,0.1918777781791236
915.7,12.08023738861084,-0.05129722133278847,-2.960668488556867,-0.0004927672106414606,0.00035911575492178873,0.0038516471657809993,0.007408457957495627,-0.13345198028131666,0.07842267483472824,-0.1286918556690216,0,-0.15,True,-0.11157697566146645,-0.005195167989673184
915.72,12.080286026000977,-0.05127837136387825,-2.9635658775771945,-0.000328715082872261,0.0005511525400343166,-0.0014003441583083011,0.006959661199869577,-0.14093756134722088,0.05368771493434907,-0.027522673904895784,0,-0.15,True,-0.030243930059044955,-0.1435471347839634
915.74,12.080195426940918,-0.0515613816678524,-2.9660996758016083,0.0004109478921826362,0.00049611988331038,0.0005859761881643665,0.005284747347284669,-0.1477274503977122,0.08525351166725159,-0.09409452050924302,0,-0.15,True,-0.042546644245464116,-0.2524192059284342
915.76,12.080409049987793,-0.0517481192946434,-2.9692937909499793,0.000786279834515921,0.0007347670225720165,1.054424326767426e-05,0.003954327990740151,-0.14932637065904455,0.05421293765306473,-0.12362965285778046,0,-0.15,True,0.06502302400512677,-0.14445585255268453
915.78,12.080265045166016,-0.05172169208526611,-2.9724866845886733,0.0008752558940418334,-0.0001117385570735253,0.0004479156261469657,-0.002334735464452458,-0.15364551675557303,0.10555556178092958,-0.1555923253297806,0,-0.15,True,0.06314286742248257,-0.029717642547176577
915.8,12.080339431762695,-0.05159017816185951,-2.975511987229907,0.0006961241267520308,0.00019104145712769226,0.0038014977620971103,-0.004218024340148182,-0.15249402955142513,0.13819234848022463,-0.10324889183044435,0,-0.15,True,0.12119741622310777,-0.038489170293851904
915.82,12.08012866973877,-0.05138329789042473,-2.9783913171420604,0.0003673570053187251,-0.00029284397898675667,0.0056374055819655555,-0.006337953128519871,-0.15010486180148755,0.08038547635078432,-0.11152833700180055,0,-0.15,True,0.08880284295402813,-0.04389702757467913
915.84,12.080053329467773,-0.05146559700369835,-2.9814933133140995,0.0005019162827093071,-7.071393929042494e-05,0.009706337541121256,-0.0071926688024018335,-0.15240550428255428,0.1036888635158539,-0.030761601924896242,0,-0.15,True,0.08332968540611153,-0.1853156532357558
915.86,12.079737663269043,-0.05129466950893402,-2.9844950735327984,8.826672116405919e-05,-0.00026597324526560077,0.0075521430624728506,-0.009317302623104503,-0.15715727896154916,0.05887513339519501,-0.01760478898882866,0,-0.15,True,0.03463020560663519,-0.2663974236989335
915.88,12.07948112487793,-0.05114591121673584,-2.9877044275725178,-0.00015134581117930227,-0.0004238641227062207,0.010467872594589443,-0.010208918444517033,-0.16731928181029318,0.11280949950218201,-0.05979056969285012,0,-0.15,True,-0.029142948542719628,-0.1675450749009208
915.9,12.079415321350098,-0.050741616636514664,-2.990963899458973,-0.0007832447062956717,0.00021307855200808788,0.008407822030493851,-0.009269748379183512,-0.17141665569738285,0.09481875896453858,-0.06805417776107789,0,-0.15,True,-0.034714610225772824,-0.0595929714603594
915.92,12.079100608825684,-0.05078689754009247,-2.994878855858911,-0.0007544639125587092,-0.0001327082007703606,0.007374901657705806,-0.008398720667075716,-0.16580911027461576,0.14313500165939333,-0.1483012413978577,0,-0.15,True,-0.1526831525375891,0.17883612413402392
915.94,12.078961372375488,-0.05066242069005966,-2.998208405988596,-0.0009587387643294558,0.0003067803221434869,0.004774974244409604,-0.004551399301678967,-0.16192471667838035,0.1307468926906586,-0.15907768964767457,0,-0.15,True,-0.14851005142155219,0.1592662651410414
915.96,12.0787992477417,-0.05056748166680336,-3.000969156394494,-0.0008698368701468663,-1.6013876704160804e-05,-0.0017467796084239338,-0.004429853433750464,-0.15301239187956395,0.10672932028770447,-0.07323664993047715,0,-0.15,True,-0.17432963057043765,-0.04955485168050622
915.98,12.078985214233398,-0.05043582618236542,-3.00391787679325,-0.0007094276883692801,0.0005117214909573604,-0.0034729820832364025,0.0008183956605645119,-0.15867535448609302,0.11823150694370271,-0.09566336691379548,0,-0.15,True,-0.11398281576269823,-0.12210173107038809
916.0,12.07918930053711,-0.05041642114520073,-3.007119847209282,-0.0004984711068624192,0.0006360083112012427,-0.006571468787936341,0.0018425303991606717,-0.16977349840905828,0.08890153825283051,-0.1582865417003632,0,-0.15,True,0.0093106182076923,-0.20599936469989194
916.02,12.079245567321777,-0.05068914219737053,-3.010902434347472,0.0005840062092127776,0.0006650241896706001,-0.00434365101659796,0.004823992029929976,-0.1716928551640025,0.06096113741397858,-0.11087707459926606,0,-0.15,True,-0.008425813570489417,-0.047907423680996895
916.04,12.079339981079102,-0.05064307153224945,-3.014551036267206,0.0006145695337152598,0.00029140921100826047,-0.0010019301518092271,0.001564617101217623,-0.1694923410555403,0.12551543533802034,-0.13181375205516815,0,-0.15,True,0.025405652534270146,0.23161030040124203
916.06,12.07938003540039,-0.050773169845342636,-3.0176533052063577,0.0011029595872985203,-5.5766083292458184e-05,-0.004147047168874943,-0.006674040975017113,-0.16250794838056928,0.0956369811296463,-0.14563514649868012,0,-0.15,True,-0.013427746965104003,0.3136945031538085
916.08,12.07928466796875,-0.05053042620420456,-3.0206792344937323,0.0006264189449151653,-0.000680078313529549,-0.004539016585193689,-0.0070150756683248425,-0.15124467437694944,0.060521741509437565,-0.11025153040885927,0,-0.15,True,-0.09658065145970453,0.23810975933451006
916.1,12.079508781433105,-0.050118301063776016,-3.023903070217924,5.890235745817046e-06,-0.0005244807423103446,-0.005417870773806829,-0.010288601360681259,-0.146597294911685,0.1278710049390793,-0.04204281806945801,0,-0.15,True,-0.014811943090087905,0.16534674263201835
916.12,12.079632759094238,-0.05004216358065605,-3.0266506102173683,0.00032088006941928044,-0.0003491961598182418,-0.008728382268589543,-0.008768313718512107,-0.15044356030876976,0.057658529281616216,-0.015050900951027872,0,-0.15,True,-0.005707129080732655,-0.03903028342475319
916.14,12.079713821411133,-0.04990488290786743,-3.0293810887992985,5.300720797399082e-05,-0.00034321617431880096,-0.005332002616082581,-0.0027112880339199823,-0.14928020897000105,0.14918609142303468,-0.036655870676040654,0,-0.15,True,0.019455421523244726,-0.21079500570128695
916.16,12.0798978805542,-0.04975350573658943,-3.032714719318423,-0.00014175526833792165,0.0001938191259300313,-0.004995586911651887,-0.0022576088270004875,-0.15436709705092685,0.14918609142303468,-0.036655870676040654,0,-0.15,True,0.10493550573087969,-0.19090600372429437
916.18,12.07990837097168,-0.04985499754548073,-3.0358454869355134,5.656523872494123e-05,-1.576685582799683e-05,-0.003861437051948667,-0.0015937522681540907,-0.1634608953677726,0.10101268827915193,-0.09576069056987763,0,-0.15,True,0.05154828930398051,-0.16860831754202782
916.2,12.080010414123535,-0.04981919750571251,-3.0389999779814487,-0.00021638271070348198,0.0002832904114906918,-0.00033354181011487305,0.0008343143618211381,-0.16571604060672113,0.13901982486248018,-0.1347229641675949,0,-0.15,True,0.06441861234471148,-0.00776455050814381
916.22,12.080007553100586,-0.04974548891186714,-3.042457960428727,-0.0006025407642907392,0.0005067371489061727,-0.001208139471762031,-0.0008248805276268893,-0.16276887437337018,0.13901982486248018,-0.1347229641675949,0,-0.15,True,0.06196974845418583,0.08523629672780042
916.24,12.079931259155273,-0.04981716722249985,-3.0459720025669674,-0.0005626477376274572,0.0004559247933739403,0.00015790207592766796,0.0011468660179693821,-0.15498826109157868,0.06526211619377137,-0.1281260883808136,0,-0.15,True,-0.03925908128442505,0.18120245810618607
916.26,12.079998016357422,-0.04977976530790329,-3.0488669968853896,-0.0008649785933241274,0.0003179438072057553,0.0010961428243887361,0.00844006649430105,-0.1566419916295451,0.144101220369339,-0.13940091252326967,0,-0.15,True,-0.04987445108812516,0.14073942451028953
916.28,12.08000659942627,-0.0499117337167263,-3.0513990388687637,-0.0007252124747994964,0.0003382507942964047,-0.00347426831286602,0.009892072090186891,-0.15121984395823942,0.05845775067806244,-0.06133970081806184,0,-0.15,True,-0.10219934429010338,-0.07669862565438873
916.3,12.07998275756836,-0.05042591318488121,-3.054989319759079,0.00013500189552705747,-0.0001463537064173777,-0.005198095558808415,0.011657855658755843,-0.15150972041255725,0.07164623677730561,-0.1336633563041687,0,-0.15,True,-0.18176410620542643,0.11984375108952786
916.32,12.080279350280762,-0.050580281764268875,-3.0580695900836328,0.00033780907567866093,-6.221503061848321e-05,-0.008018045467284785,0.009394067413066816,-0.16112415114393291,0.05328687965869904,-0.10335737228393556,0,-0.15,True,-0.11807613363663028,0.07152797287390111
916.34,12.080492973327637,-0.05067292973399162,-3.0609877745184004,0.0005055823182280925,-8.185577837355557e-05,-0.01344498567205282,0.005302507374004085,-0.14705449154237796,0.013334925323724748,-0.0626440989971161,0,-0.15,True,-0.08897825402492983,0.04540065500806755
916.36,12.080708503723145,-0.05060712620615959,-3.064288970960285,0.00021257129119846928,-0.0003379987779581045,-0.012920359003801275,0.003148776755859422,-0.1454976061283244,0.12401575982570649,-0.06651349246501924,0,-0.15,True,-0.03741374589174207,0.15560456335022355
916.38,12.08108901977539,-0.05076213181018829,-3.0667536790824754,0.0005438522831978751,-3.219676471972271e-05,-0.012316355880806443,-0.0006822026529361175,-0.14787766801191,0.05904621958732605,-0.08628168523311616,0,-0.15,True,0.0701776313277028,-0.15773829576826906
916.4,12.081329345703125,-0.05075160786509514,-3.069709398573888,0.0006282102416766197,0.00013005434988477024,-0.011011145138621429,-0.001045078784804027,-0.14867578607592635,0.05041738390922547,-0.04897681772708893,0,-0.15,True,0.1011891827658866,-0.30792631477692745
916.42,12.08147144317627,-0.05054483562707901,-3.0728179879593425,0.00031990346265564374,1.1559732912433564e-05,-0.007830775165841701,-0.009599840721366371,-0.159673555203828,0.12271108627319337,-0.10786244034767152,0,-0.15,True,0.1292560100432136,-0.33051775182176474
916.44,12.081581115722656,-0.05046046897768974,-3.076183033846365,0.00029709364563389044,4.460283068748157e-05,-0.004825224382526204,-0.008371914257864732,-0.1701317113104912,0.10048267364501955,-0.0897277879714966,0,-0.15,True,0.12411260786831277,-0.2739082069640624
916.46,12.081661224365234,-0.0499529093503952,-3.079527563498788,-0.0007066721185938636,1.9577141551249694e-05,-0.0019758750773440628,-0.008539075217420583,-0.1743190881576647,0.10048267364501955,-0.0897277879714966,0,-0.15,True,0.09668215077445472,-0.1572329039402892
916.48,12.081670761108398,-0.05005805566906929,-3.0833199354787344,-0.00028071029905662624,-2.9918911415470043e-05,-0.0010821365091513281,-0.008519512002680795,-0.17058844263306255,0.07619654536247254,-0.12060531377792359,0,-0.15,True,0.059630391440582894,-0.01103461690159545
916.5,12.081586837768555,-0.04985322058200836,-3.0867635150119628,-0.0007086414568847298,-5.794790679499094e-05,-9.620310388136641e-05,-0.00023013956706230526,-0.17225218751905758,0.10821170985698701,-0.13364052951335909,0,-0.15,True,-0.014239739086782954,0.09018064713952591
916.52,12.08162784576416,-0.04977502301335335,-3.0898301092569977,-0.000781021795400878,-5.665767082182175e-05,-5.479306728391132e-05,-0.00174881055403379,-0.17101448066261804,0.05913902044296265,-0.06110931754112244,0,-0.15,True,-0.014328431373468776,0.060339574377150644
916.54,12.08166790008545,-0.04993410408496857,-3.0933077385003003,-0.00047206195290225056,0.00013838041171064394,-0.003115054204285663,0.0009866651565823281,-0.1671046363865092,0.1253063726425171,-0.10037170231342317,0,-0.15,True,-0.048095111127560444,0.1120021978434252
916.56,12.08166790008545,-0.04991811141371727,-3.0970010939317314,-0.0005457768495616226,0.00010229301081424934,-0.0022284110190277876,0.005416191641809638,-0.1657612766828949,0.1031894361972809,-0.10684217333793641,0,-0.15,True,-0.050196625470901396,0.26772506107621213
916.58,12.081839561462402,-0.049920033663511276,-3.1001318859228904,-0.0005641429624094616,-7.483354092875347e-06,-0.0039438119940881705,0.00415687141547849,-0.16329201169157898,0.09997782230377199,-0.11082010984420777,0,-0.15,True,0.008755163164727077,0.2860964386017143
916.6,12.081825256347656,-0.05019994080066681,-3.103091011391636,0.00010738984484419685,-0.0005689049043352783,-0.004070523104958077,0.0005552349903432164,-0.1495964757765101,0.09997782230377199,-0.11082010984420777,0,-0.15,True,-0.027047694104302817,0.26732363702799267
916.62,12.08199691772461,-0.05025329068303108,-3.1063710994356333,0.0005733132093209882,-0.0005453924165364028,-0.0024146411511071384,-0.0014993813152151675,-0.14421692129836033,0.0781711357831955,-0.09015517175197602,0,-0.15,True,0.009268228912303684,0.3377632460402303
916.64,12.081995010375977,-0.04994996264576912,-3.1089688119938583,0.0002967377925478085,-0.000838617384658933,-0.00439222654737312,-0.007035526602926319,-0.14437538572064454,0.04588732466101647,-0.1124109047651291,0,-0.15,True,0.018711684833830556,0.23151938209733447
916.66,12.08202838897705,-0.04979335516691208,-3.1116692396267487,0.000349838978311223,-0.0009285293872980922,-0.00320235368110455,-0.01375124199904616,-0.13627095200838513,0.04588732466101647,-0.1124109047651291,0,-0.15,True,-0.00239764475937717,0.30065409643547425
916.68,12.082158088684082,-0.0496259368956089,-3.114641042249277,0.00046591635830089533,-0.0003382160214547251,-0.002573588318252994,-0.011859653958895003,-0.1310749252087402,0.12364562451839448,-0.09297282218933106,0,-0.15,True,-0.015500496487711223,0.3654341434491652
916.7,12.082220077514648,-0.04914601892232895,-3.1172727755963097,-0.0001896918787655144,-0.00020424795948213392,-0.00260645273185741,-0.015481383871037068,-0.12016459358351009,0.10856341183185579,-0.09125843465328218,0,-0.15,True,-0.04895690042490662,0.19961175346328425
916.72,12.082175254821777,-0.048995986580848694,-3.119454806010563,5.664800332020654e-05,-0.0005222156182513318,-0.005632266266390652,-0.0179615857146661,-0.11514065424469637,0.14882649123668673,-0.07338561654090882,0,-0.15,True,-0.10898721749687709,-0.014034647493723596
916.74,12.082206726074219,-0.048550140112638474,-3.1212824071134344,-0.0004013018306840704,-0.0006393930869979375,-0.007118905715099083,-0.012358276784055622,-0.12030201173131422,0.07425039768218995,-0.03778092980384827,0,-0.15,True,-0.15331052518216723,-0.28922983390901713
916.76,12.082576751708984,-0.04817938804626465,-3.1238522945888576,-0.00048186056887444974,0.0002967791232628255,-0.011292565718007623,-0.01487812764093886,-0.13219769700823866,0.06355499997735024,-0.1653014135360718,0,-0.15,True,-0.06509349126106476,-0.39821714237291744
916.78,12.082769393920898,-0.048145994544029236,-3.126896936534806,-7.35962781040567e-05,0.00032768720111609145,-0.014871294746419635,-0.009215312727678414,-0.1433029802962104,0.06355499997735024,-0.1653014135360718,0,-0.15,True,-0.07684567488702101,-0.3774347659653036
916.8,12.083057403564453,-0.04778989776968956,-3.1300306217712124,-0.00058568230207556,0.0006685444140442574,-0.010839745567271096,-0.004374790435822249,-0.1469980256345008,0.07324846804141999,-0.04521313428878784,0,-0.15,True,-0.04349950527392828,-0.2727462891695876
916.82,12.083385467529297,-0.04779551178216934,-3.132746645537137,-0.00013324764353441306,0.0007358112450083182,-0.01326655970606391,-0.003822056637078696,-0.15049679300855395,0.07446472793817521,-0.08702742993831636,0,-0.15,True,-0.009110128808317464,-0.21651146233213894
916.84,12.083439826965332,-0.04781940206885338,-3.1356121366396237,0.00010304546772927969,0.0003125562473053058,-0.014772526139923666,0.0016202617287123992,-0.15401740014181683,0.06096840456128121,-0.056866296529769905,0,-0.15,True,-0.12098999570585707,-0.2034997087532981
916.86,12.08382797241211,-0.04783085361123085,-3.1389366799754965,0.0003343130079327211,0.0005630897918919821,-0.015600105051085405,0.0016739546639261576,-0.1606238972827904,0.06774259686470033,-0.08985385477542877,0,-0.15,True,-0.06409606938767312,-0.07177546945874308
916.88,12.084239959716797,-0.04791244864463806,3.1408332933970224,0.0006573133691032261,0.0006214792974029077,-0.020518945223744613,0.003977791379718183,-0.16327800233477296,0.14961346685886384,-0.10731166839599611,0,-0.15,True,-0.04958214049124917,0.175992680759404
916.9,12.084633827209473,-0.04792611300945282,3.137588749859838,0.0006035367727293139,0.00030946825824558044,-0.018394245257073095,0.0030034187042233605,-0.15623883056524818,0.06833775818347931,-0.09808515965938569,0,-0.15,True,0.0026341302811948917,0.2627105608844627
916.92,12.085081100463867,-0.04813887178897858,3.1345109303531933,0.0008085062389351485,0.0001512662284505889,-0.018739097379219992,-0.003518196336807889,-0.13993798568107732,0.07188187822699547,-0.10180988609790803,0,-0.15,True,0.12040492886458212,0.3105964991715317
916.94,12.085298538208008,-0.048077017068862915,3.1317495207588633,0.0004516357411569799,-0.0004797979882842475,-0.015389374628589705,-0.0025532955579198576,-0.13960705241202262,0.08248346954584122,-0.09978181064128877,0,-0.15,True,0.10632875965517759,0.20229699572262794
916.96,12.08574104309082,-0.04764161631464958,3.1296382545425305,-0.00028424353036909385,-0.00021283239402221767,-0.010886550914573115,-0.011802316889941107,-0.13843028240103772,0.021410641074180604,-0.11685866594314576,0,-0.15,True,0.16532589829659775,-0.10026678450718278
916.98,12.085866928100586,-0.04773397743701935,3.1264201856668703,0.00021063285752481387,-0.0005009052307502894,-0.009887944484654536,-0.012284470374656393,-0.14005507090742966,0.06998650670051576,-0.020812479853630068,0,-0.15,True,0.11637330460425448,-0.06767853664668089
917.0,12.085963249206543,-0.04720516502857208,3.1234365077611046,-0.0007094170328083263,-0.0006523245698738407,-0.0055130255154854065,-0.00893660088146163,-0.14795932844165605,0.09541781306266786,-0.02762592434883118,0,-0.15,True,0.035258316503782396,-0.06000704651526096
917.02,12.086104393005371,-0.04710637405514717,3.120545115086279,-0.0007633066421830465,-0.0002901301779919508,-0.006079510260257816,-0.00856809522443161,-0.14502133534375217,0.14426434576511385,-0.07325448870658875,0,-0.15,True,0.03383022976587224,-0.006156114006490624
917.04,12.08619499206543,-0.046934813261032104,3.117801508267209,-0.0008678004093548556,-0.00023730542002254245,-0.00806588559427309,-0.0007897317410090396,-0.14323084612225423,0.015793302059173585,-0.058238242566585545,0,-0.15,True,0.0037084417347846765,0.06920901068559573
917.06,12.0863676071167,-0.047058917582035065,3.1148184788393807,-0.0001451281522101389,0.00013537254785982853,-0.007181526103387219,-0.007474618321451541,-0.14054756002794846,0.08573109269142151,-0.08941427528858185,0,-0.15,True,-0.032997811230885805,0.11178833840847473
917.08,12.086609840393066,-0.04715735465288162,3.1119780400713184,0.0005728316521715606,0.00045822939217455926,-0.005216350176702481,-0.008298554164175409,-0.14242260758680556,0.11635250449180604,-0.09397658348083497,0,-0.15,True,0.01488590392169995,0.090569925345608
917.1,12.086694717407227,-0.04652399942278862,3.1093013102840374,-0.0005054140487277596,0.00044807855883837843,-0.00871933515873003,-0.011058672725705626,-0.1360782682710696,0.12677348315715792,-0.14878556907176974,0,0,True,-0.02132730417565119,0.03188033059974005
917.12,12.086631774902344,-0.046283576637506485,3.1064076996602585,-0.0004751380484965621,-0.0002055040225170525,-0.006875013280536484,-0.01444940825131676,-0.13598525209460188,0.06460966467857361,-0.04284161180257798,0,0,True,-0.07442589299489903,0.07722064585008752
917.14,12.087093353271484,-0.046197205781936646,3.1039322173776895,-0.00010406557342248864,0.00062504181924996,-0.008887710437440187,-0.004740778387149423,-0.13799713357996796,0.04675703279674054,-0.11047026038169862,0,0,True,0.005017321747835718,0.028266728747267482
917.16,12.087200164794922,-0.046021465212106705,3.10109921990376,-2.4160912960091223e-05,0.0005966581427051861,-0.011170421616288988,-0.002569344901716119,-0.13624495591880417,0.03953387796878815,-0.0690698990225792,0,0,True,0.01748446586485959,0.18805272807259898
917.18,12.087419509887695,-0.046171776950359344,3.09826153959765,0.0005182680940214507,0.0009019194096062478,-0.008317949418903538,0.0019553465117722467,-0.13381692997129027,0.06730140529572964,-0.06429153740406036,0,0,True,0.06476562715275287,0.47190490602397106
917.2,12.087532997131348,-0.046114373952150345,3.0955081031867486,0.00032296301446545016,0.0005308341213481817,-0.005476256011347001,0.0074767864707936975,-0.12094103384878627,0.1236730992794037,-0.06574068605899812,0,0,True,0.06274965497752233,0.6614477159564507
917.22,12.087751388549805,-0.04638231173157692,3.093226862979981,0.0004990920959129738,0.0004329048485190673,-0.003706460265217307,0.010000119186136079,-0.10024474109803096,0.04728358387947083,-0.1063861382007599,0,0,True,0.05905192186854005,0.964185088624272
917.24,12.087610244750977,-0.046639155596494675,3.0914239371958523,0.0006014521829376699,-0.00041434754637460303,-0.006150449218084634,0.011716553672295509,-0.08332913864226105,0.056817958056926736,-0.049016707241535194,0,0,True,0.00040215293667573174,1.09912763715659
917.26,12.087677001953125,-0.046985186636447906,3.0902419603098035,0.0008764556618494371,-0.0006371436384633517,-0.0035937956694179173,0.009074460904531699,-0.05668212288130906,0.042688614726066595,-0.061906614452600484,0,0,True,0.0004471432642572517,1.0774903783737757
917.28,12.087977409362793,-0.047075193375349045,3.088841772095374,0.0006579243209467447,-0.0004958182770646314,-0.005444083776412972,0.005889107877132622,-0.03301082287633904,0.0547162139415741,-0.012720985412597658,0,0,True,0.09906298428309172,1.1664911608028163
917.3,12.088001251220703,-0.04712206870317459,3.0886922931494802,0.0005780172034136367,-0.0004322172484741702,-0.0036706888040767592,0.00011023395289588126,-0.014045510828207295,0.004735328778624535,-0.009826752468943597,0,0,True,0.08839885531815675,0.9187515586768475
917.32,12.088020324707031,-0.047132592648267746,3.088783071365744,0.0006464246076232022,-0.0003476740396419999,0.0017745895245667575,-0.0028581815980429715,0.00999015422201199,-0.0014412714354693891,0.0013805300742387773,0,0,True,0.1364787663507957,0.6418453467743077
917.34,12.087969779968262,-0.04700952023267746,3.0891183194435463,0.0004941761264287448,-0.00022615765774936552,0.003478112756038241,-0.002355455244380875,0.01681800181287635,0.001550255371257663,0.00506613627076149,0,0,True,0.1318545338845434,0.4146243696900019
917.36,12.087847709655762,-0.04683936387300491,3.089640984433135,0.0002658340672121769,-0.00015969962692673952,0.005474217531656271,-0.005645257390298526,0.01833680486563185,0.0029604277946054937,0.004730454199016095,0,0,True,0.02472625223880372,0.01664895874304404
917.38,12.087733268737793,-0.04691929742693901,3.090037733294511,0.0007807245136779531,-0.00010901845283544634,0.006877673906692109,-0.0051296424351202595,0.019124438747009826,0.005843753889203072,0.007130446024239064,0,0,True,0.003485498890383556,-0.11890154219343929
917.4,12.087606430053711,-0.04665884003043175,3.090250015754993,0.0007188215261484065,-6.507258575619087e-05,0.0037526897036692557,-0.003341107836784444,0.011322070921454302,0.00559879381209612,0.006115815043449402,0,0,True,-0.03580171735953562,-0.17223177064943876
917.42,12.087441444396973,-0.046571340411901474,3.0906482745433057,0.000593947749387039,-9.164095938357735e-05,0.0037569526672686718,-0.004388711526447283,0.007305878437409856,0.006710807904601098,0.008136094771325588,0,0,True,-0.06089195952808736,-0.25591394172034554
917.44,12.08756160736084,-0.046557020395994186,3.090546750106852,0.0007627044541625087,0.00025317359035516274,0.0026100801428919564,-0.001089719501276946,0.004558263213669699,0.0072715733572840694,0.00749975260347128,0,0,True,0.018397550315333935,-0.14616213536301353
917.46,12.087450981140137,-0.0465533509850502,3.090622203569504,0.0007956506524155432,-0.00011121338306480582,0.002006317144442629,0.0002144420859000843,-0.0013486765906282933,-0.002350278571248055,-0.0048415008932352075,0,0,True,-0.009428328604304165,-0.10505898998423387
917.48,12.08740234375,-0.04656112194061279,3.090614676812087,0.0007482258778890219,-0.00014875233547094515,0.0052244937288967236,0.000305778128136394,-0.0003708999075927631,0.00435561889782548,0.0053607050329446794,0,0,True,0.013527125157556564,-0.06283481029965012
917.5,12.0872802734375,-0.046580296009778976,3.0905403804160554,0.0007471660325070512,-0.00029642454982160875,0.0030026863789239526,0.0003374635708041583,-0.0010988407613331532,0.0016585296206176282,0.0022375367395579817,0,0,True,-0.005156026479919771,0.02097183960728945
917.52,12.087142944335938,-0.04656015336513519,3.0905170781142446,0.0007764203069247777,-0.0005237475011774406,0.0036922501554954973,-7.576663492463151e-05,-0.0004685216102977383,0.004084759764373303,0.004678480457514525,0,0,True,-0.061202378686051835,0.008437091479431233
917.54,12.087209701538086,-0.04656805470585823,3.0905342963085976,0.0008316078448263399,-6.570858557180798e-05,0.0015938350260494224,0.00011063782363273063,0.00032907057795333693,0.0027131492085754874,0.0012880246713757517,0,0,True,-0.0035594061211997566,0.008386477298252652
917.56,12.08710765838623,-0.04653998836874962,3.090577195083263,0.0007743897112057533,-0.0002300413395352418,0.00032830343401702984,0.00011589165171320838,0.0003040674107611217,-0.00278545742854476,-0.003951113671064377,0,0,True,-0.006404408451914657,0.015827004766897256
917.58,12.087152481079102,-0.046582628041505814,3.0905667060622917,0.001005748152593851,2.1914369745884135e-05,0.0027179338892278264,0.0012387322164529554,-0.0004279225774725979,0.001991083100438118,0.0012708584219217301,0,0,True,0.024170091620245256,-0.009563430316964674
917.6,12.087116241455078,-0.04656807333230972,3.0905414035071055,0.0010666408229424514,5.307752842562909e-05,0.0031798974793420627,-0.0003274296647185831,0.00079763877105469,-0.0013554339949041606,-0.003562120106071234,0,0,True,0.04871425734316013,-0.004169662120783323
917.62,12.086987495422363,-0.04665593430399895,3.0905000625023997,0.001222543410694582,3.9114967589990334e-05,0.003527442355670032,-0.0005875631081703736,-0.00043600384740422846,0.0012201153207570315,0.0010926502011716368,0,0,True,-0.010666064995859629,0.050460741757108546
917.64,12.086854934692383,-0.04650084674358368,3.0906410061849474,0.0010210918698169203,-0.00034618980754944187,0.004225444021471834,9.506686714300442e-07,-2.9505558901714768e-05,0.0033139299973845484,0.003386583216488362,0,0,True,-0.04299614759294665,0.003432347868219365
917.66,12.086873054504395,-0.046521272510290146,3.0905318257544994,0.0008482392736550605,-0.00021797257350511908,0.0018646486895598322,-0.0028528322042838295,0.0036089367630924144,0.0035392458550632003,0.0007218165509402753,0,0,True,-0.04601103927949677,0.03875634515520671
917.68,12.08677864074707,-0.0465509332716465,3.0905390430623934,0.0007070407892177958,-0.0003824594962255533,-0.0002597943280905406,0.00017864126955006456,0.0010722266005119894,0.0008353283721953632,0.0020609556930139663,0,0,True,-0.06968104870870426,0.05778520030004199
917.7,12.0868501663208,-0.0464203916490078,3.0907887774434473,0.0006576608429967752,-0.00011827222215215685,-0.00015344078669159264,-3.405270040617029e-05,0.002664503765013895,0.001823397418484092,0.0017330795526504519,0,0,True,-0.028422795871428184,-0.025761995979202677
917.72,12.086874961853027,-0.04651618003845215,3.0907267843129884,0.0008631796842519058,-6.774386463758094e-06,-0.0013490398752273583,-0.0014022419920155932,0.00459331046510401,-0.0022577066719532014,-0.004866474866867066,0,0,True,-0.004319030591310479,0.010298665019207561
917.74,12.086885452270508,-0.04651917517185211,3.0907449860557006,0.0009704330848710462,4.253393137812339e-05,-0.00040917498015558576,0.00030015253748703625,0.0015479770847551457,-0.0022577066719532014,-0.004866474866867066,0,0,True,-0.00726237322675597,-0.012773228983969463
917.76,12.086892127990723,-0.04644438624382019,3.090906507899602,0.000828279642147408,2.8308343717221505e-05,-0.0006053167753955557,-0.0010088278924510708,0.0018961198020490159,2.1597649902105334e-05,-0.0009008081257343293,0,0,True,0.005756290519457216,-0.06226981633268271
917.78,12.086881637573242,-0.04644603654742241,3.0909126156102276,0.0007643453909592023,-8.009222702214843e-05,-0.0007344306448315418,-0.001052021018336149,0.0016426454462972675,0.00038977530552074317,-0.000779019519686699,0,0,True,-0.009696199619910818,-0.025872683669937363
917.8,12.08692741394043,-0.046438030898571014,3.090878473897152,0.00078113719592762,1.6212644926780804e-06,-0.0008885366336711998,-0.00013168469975114832,-0.0003882748415060767,-0.00046818659408017995,-0.0014997148886322976,0,0,True,-0.0018076072540495274,-0.02579051334127732
917.82,12.08694839477539,-0.04643809795379639,3.0908763976914044,0.0007940811687403687,2.1657113160190317e-05,-0.0011848709497488481,-0.0001725126465973514,-0.0005218376088409022,-0.001639836821705103,-0.0028288733400404454,0,0,True,0.0023080156391156984,-0.02102579620589379
917.84,12.086963653564453,-0.04643746837973595,3.0908754459122814,0.0007864583826466857,2.3175629831197265e-05,-0.0007499253557195918,-4.05845729520943e-05,-0.00016712126525422532,-0.0008668647939339281,-0.0015946714021265508,0,0,True,0.005137235001979881,0.0036753413284963455
917.86,12.086977005004883,-0.046437058597803116,3.0908708686015203,0.0007891813814019426,2.0575249626707192e-05,-0.0005497893937021915,1.4193123874951703e-05,-3.9418250175096474e-05,-0.0006351661263033748,-0.001403654175810516,0,0,True,0.010607246316031351,0.0070584857817690754
917.88,12.086987495422363,-0.0464378297328949,3.090865104195932,0.0007930807833390771,1.6298231888195825e-05,-0.0004775578335125991,2.097610884554578e-06,-9.424753522621866e-05,-0.0006036929902620614,0.0011755130998790265,0,0,True,0.005781788061828778,0.0025863865950336595
917.9,12.086992263793945,-0.0464414618909359,3.0908732442313904,0.0007923437445102896,1.369993925116579e-05,-0.0003362912444671118,4.0885092963335955e-05,4.284125370011023e-05,-0.00041920408373698594,-0.0011831758031621577,0,0,True,0.0032891493303395095,0.0005019723713086322
917.92,12.08700180053711,-0.04643957316875458,3.0908679061094633,0.0008009999893047529,2.4146071192572845e-05,-0.0002873823107737103,1.7955107471930762e-05,3.978966234827926e-05,-0.00033076474210247403,-0.0010122323175892234,0,0,True,0.0031291147761692254,0.0012527199256405258
917.94,12.087003707885742,-0.046441689133644104,3.0908742959018163,0.0007935492882785856,1.1370712270380932e-05,-0.0002866574472748961,3.6795252388192905e-06,7.395395296146515e-07,-0.00039615286746993663,-0.0010538814286701382,0,0,True,0.0013598893181735498,-0.00045890835152715304
917.96,12.087010383605957,-0.046440429985523224,3.0908682873689197,0.0007966719246819879,1.058448357113668e-05,-0.000227228651418933,8.653176202621678e-06,5.970058825074674e-06,-0.00015532190911471844,-0.0008719977480359377,0,0,True,0.0010459896158496425,-0.00042445695021211036
917.98,12.087015151977539,-0.046442918479442596,3.090873303394553,0.0007947864447108923,1.2665164729492012e-05,-0.00022750009901317217,1.400253439141545e-05,6.1285855779192e-06,-0.00015532190911471844,-0.0008719977480359377,0,0,True,0.0017939845336139813,0.00023845346558460103
918.0,12.087019920349121,-0.04644118621945381,3.0908683837141693,0.0007957655680742501,9.746813038784707e-06,-0.0002037031415056961,1.5489294872949795e-05,5.833106331293057e-06,-0.00023986466578207913,-0.0009249487589113415,0,0,True,0.0017815011797400941,0.0009417720343161545
918.02,12.087021827697754,-0.04644373059272766,3.0908747861886625,0.0007942668707323653,9.66019902209911e-06,-0.00014313868458590813,-1.903920273096814e-06,1.9815816776365383e-05,-0.00018976173945702614,-0.0008606786536984147,0,0,True,0.0021026906498057005,-6.05961896633864e-05
918.04,12.087026596069336,-0.04644249379634857,3.0908687540174262,0.0007971984605735489,1.4901931283818078e-05,-8.47085570398551e-05,2.2742699846653557e-05,8.131182157029852e-05,-0.00015764762996695937,-0.0008325741486623884,0,0,True,0.00253953171471523,0.0008856240565891965
918.06,12.087026596069336,-0.04644334688782692,3.090874888659895,0.0007967316114557607,1.4647799314136939e-05,-5.928484702886912e-05,-7.81186234237572e-06,1.2808904048526966e-06,-0.00018001447897404433,-0.0008322289213538171,0,0,True,0.0017892335573229362,-0.00024769770970444057
918.08,12.087026596069336,-0.04644334688782692,3.090874888659895,0.0007967316114557607,1.4647799314136939e-05,-5.406043283737295e-07,1.064993141830744e-05,7.668303085846502e-05,-0.00010146960266865791,-0.0007546967710368336,0,0,True,0.001058856962997647,-0.0010163977696282115
918.1,12.087026596069336,-0.04644334688782692,3.090874888659895,0.0007967316114557607,1.4647799314136939e-05,0.0,-0.0,0.0,-8.582947892136873e-05,-0.0007337572402320802,0,0,True,0.0007410605878604849,-1.6011130060650515e-05
918.12,12.087026596069336,-0.04644334688782692,3.090874888659895,0.0007967316114557607,1.4647799314136939e-05,0.0,-0.0,0.0,-8.582947892136873e-05,-0.0007337572402320802,0,0,True,6.757554104677764e-06,-0.0009585378857316845
918.14,12.087026596069336,-0.04644334688782692,3.090874888659895,0.0007967316114557607,1.4647799314136939e-05,0.0,-0.0,0.0,-8.582947892136873e-05,-0.0007337572402320802,0,0,True,0.0,0.0
918.16,12.087026596069336,-0.04644334688782692,3.090874888659895,0.0007967316114557607,1.4647799314136939e-05,0.0,-0.0,0.0,-8.582947892136873e-05,-0.0007337572402320802,0,0,True,0.0,0.0
918.18,12.087026596069336,-0.04644334688782692,3.090874888659895,0.0007967316114557607,1.4647799314136939e-05,0.0,-0.0,0.0,-8.582947892136873e-05,-0.0007337572402320802,0,0,True,0.0,0.0
918.2,12.087026596069336,-0.04644334688782692,3.090874888659895,0.0007967316114557607,1.4647799314136939e-05,0.0,-0.0,0.0,-8.582947892136873e-05,-0.0007337572402320802,0,0,True,0.0,0.0
918.22,12.087026596069336,-0.04644334688782692,3.090874888659895,0.0007967316114557607,1.4647799314136939e-05,0.0,-0.0,0.0,-8.582947892136873e-05,-0.0007337572402320802,0,0,True,0.0,0.0
918.24,12.087026596069336,-0.04644334688782692,3.090874888659895,0.0007967316114557607,1.4647799314136939e-05,0.0,-0.0,0.0,-8.582947892136873e-05,-0.0007337572402320802,0,0,True,0.0,0.0
918.26,12.087026596069336,-0.04644334688782692,3.090874888659895,0.0007967316114557607,1.4647799314136939e-05,0.0,-0.0,0.0,-8.582947892136873e-05,-0.0007337572402320802,0,0,True,0.0,0.0
918.28,12.087026596069336,-0.04644334688782692,3.090874888659895,0.0007967316114557607,1.4647799314136939e-05,0.0,-0.0,0.0,-8.582947892136873e-05,-0.0007337572402320802,0,0,True,0.0,0.0
918.3,12.087026596069336,-0.04644334688782692,3.090874888659895,0.0007967316114557607,1.4647799314136939e-05,0.0,-0.0,0.0,-8.582947892136873e-05,-0.0007337572402320802,0,0,True,0.0,0.0
918.32,12.087026596069336,-0.04644334688782692,3.090874888659895,0.0007967316114557607,1.4647799314136939e-05,0.0,-0.0,0.0,-8.582947892136873e-05,-0.0007337572402320802,0,0,True,0.0,0.0
918.34,12.087026596069336,-0.04644334688782692,3.090874888659895,0.0007967316114557607,1.4647799314136939e-05,0.0,-0.0,0.0,-8.582947892136873e-05,-0.0007337572402320802,0,0,True,0.0,0.0
918.36,12.087026596069336,-0.04644334688782692,3.090874888659895,0.0007967316114557607,1.4647799314136939e-05,0.0,-0.0,0.0,-8.582947892136873e-05,-0.0007337572402320802,0,0,True,0.0,0.0
918.38,12.087026596069336,-0.04644334688782692,3.090874888659895,0.0007967316114557607,1.4647799314136939e-05,0.0,-0.0,0.0,-8.582947892136873e-05,-0.0007337572402320802,0,0,True,0.0,0.0
918.4,12.087026596069336,-0.04644334688782692,3.090874888659895,0.0007967316114557607,1.4647799314136939e-05,0.0,-0.0,0.0,-8.582947892136873e-05,-0.0007337572402320802,0,0,True,0.0,0.0
918.42,12.087026596069336,-0.04644334688782692,3.090874888659895,0.0007967316114557607,1.4647799314136939e-05,0.0,-0.0,0.0,-8.582947892136873e-05,-0.0007337572402320802,0,0,True,0.0,0.0
918.44,12.087026596069336,-0.04644334688782692,3.090874888659895,0.0007967316114557607,1.4647799314136939e-05,0.0,-0.0,0.0,-8.582947892136873e-05,-0.0007337572402320802,0,0,True,0.0,0.0
918.46,12.087026596069336,-0.04644334688782692,3.090874888659895,0.0007967316114557607,1.4647799314136939e-05,0.0,-0.0,0.0,-8.582947892136873e-05,-0.0007337572402320802,0,0,True,0.0,0.0
918.48,12.087026596069336,-0.04644334688782692,3.090874888659895,0.0007967316114557607,1.4647799314136939e-05,0.0,-0.0,0.0,-8.582947892136873e-05,-0.0007337572402320802,0,0,True,0.0,0.0
918.5,12.087026596069336,-0.04644334688782692,3.090874888659895,0.0007967316114557607,1.4647799314136939e-05,0.0,-0.0,0.0,-8.582947892136873e-05,-0.0007337572402320802,0,0,True,0.0,0.0
918.52,12.087026596069336,-0.04644334688782692,3.090874888659895,0.0007967316114557607,1.4647799314136939e-05,0.0,-0.0,0.0,-8.582947892136873e-05,-0.0007337572402320802,0,0,True,0.0,0.0
918.54,12.087026596069336,-0.04644334688782692,3.090874888659895,0.0007967316114557607,1.4647799314136939e-05,0.0,-0.0,0.0,-8.582947892136873e-05,-0.0007337572402320802,0,0,True,0.0,0.0
918.56,12.087026596069336,-0.04644334688782692,3.090874888659895,0.0007967316114557607,1.4647799314136939e-05,0.0,-0.0,0.0,-8.582947892136873e-05,-0.0007337572402320802,0,0,True,0.0,0.0
918.58,12.087026596069336,-0.04644334688782692,3.090874888659895,0.0007967316114557607,1.4647799314136939e-05,0.0,-0.0,0.0,-8.582947892136873e-05,-0.0007337572402320802,0,0,True,0.0,0.0
918.6,12.087026596069336,-0.04644334688782692,3.090874888659895,0.0007967316114557607,1.4647799314136939e-05,0.0,-0.0,0.0,-8.582947892136873e-05,-0.0007337572402320802,0,0,True,0.0,0.0
918.62,12.087026596069336,-0.04644334688782692,3.090874888659895,0.0007967316114557607,1.4647799314136939e-05,0.0,-0.0,0.0,-8.582947892136873e-05,-0.0007337572402320802,0,0,True,0.0,0.0
918.64,12.087026596069336,-0.04644334688782692,3.090874888659895,0.0007967316114557607,1.4647799314136939e-05,0.0,-0.0,0.0,-8.582947892136873e-05,-0.0007337572402320802,0,0,True,0.0,0.0
918.66,12.087026596069336,-0.04644334688782692,3.090874888659895,0.0007967316114557607,1.4647799314136939e-05,0.0,-0.0,0.0,-8.582947892136873e-05,-0.0007337572402320802,0,0,True,0.0,0.0
918.68,12.087026596069336,-0.04644334688782692,3.090874888659895,0.0007967316114557607,1.4647799314136939e-05,0.0,-0.0,0.0,-8.582947892136873e-05,-0.0007337572402320802,0,0,True,0.0,0.0
918.7,12.087026596069336,-0.04644334688782692,3.090874888659895,0.0007967316114557607,1.4647799314136939e-05,0.0,-0.0,0.0,-8.582947892136873e-05,-0.0007337572402320802,0,0,True,0.0,0.0
918.72,12.087026596069336,-0.04644334688782692,3.090874888659895,0.0007967316114557607,1.4647799314136939e-05,0.0,-0.0,0.0,-8.582947892136873e-05,-0.0007337572402320802,0,0,True,0.0,0.0
918.74,12.087026596069336,-0.04644334688782692,3.090874888659895,0.0007967316114557607,1.4647799314136939e-05,0.0,-0.0,0.0,-8.582947892136873e-05,-0.0007337572402320802,0,0,True,0.0,0.0
918.76,12.087026596069336,-0.04644334688782692,3.090874888659895,0.0007967316114557607,1.4647799314136939e-05,0.0,-0.0,0.0,-8.582947892136873e-05,-0.0007337572402320802,0,0,True,0.0,0.0
918.78,12.087026596069336,-0.04644334688782692,3.090874888659895,0.0007967316114557607,1.4647799314136939e-05,0.0,-0.0,0.0,-8.582947892136873e-05,-0.0007337572402320802,0,0,True,0.0,0.0
918.8,12.087026596069336,-0.04644334688782692,3.090874888659895,0.0007967316114557607,1.4647799314136939e-05,0.0,-0.0,0.0,-8.582947892136873e-05,-0.0007337572402320802,0,0,True,0.0,0.0
918.82,12.087026596069336,-0.04644334688782692,3.090874888659895,0.0007967316114557607,1.4647799314136939e-05,0.0,-0.0,0.0,-8.582947892136873e-05,-0.0007337572402320802,0,0,True,0.0,0.0
918.84,12.087026596069336,-0.04644334688782692,3.090874888659895,0.0007967316114557607,1.4647799314136939e-05,0.0,-0.0,0.0,-8.582947892136873e-05,-0.0007337572402320802,0,0,True,0.0,0.0
918.86,12.087026596069336,-0.04644334688782692,3.090874888659895,0.0007967316114557607,1.4647799314136939e-05,0.0,-0.0,0.0,-8.582947892136873e-05,-0.0007337572402320802,0,0,True,0.0,0.0
918.88,12.087026596069336,-0.04644334688782692,3.090874888659895,0.0007967316114557607,1.4647799314136939e-05,0.0,-0.0,0.0,-8.582947892136873e-05,-0.0007337572402320802,0,0,True,0.0,0.0
918.9,12.087026596069336,-0.04644334688782692,3.090874888659895,0.0007967316114557607,1.4647799314136939e-05,0.0,-0.0,0.0,-8.582947892136873e-05,-0.0007337572402320802,0,0,True,0.0,0.0
918.92,12.087026596069336,-0.04644334688782692,3.090874888659895,0.0007967316114557607,1.4647799314136939e-05,0.0,-0.0,0.0,-8.582947892136873e-05,-0.0007337572402320802,0,0,True,0.0,0.0
918.94,12.087026596069336,-0.04644334688782692,3.090874888659895,0.0007967316114557607,1.4647799314136939e-05,0.0,-0.0,0.0,-8.582947892136873e-05,-0.0007337572402320802,0,0,True,0.0,0.0
918.96,12.087026596069336,-0.04644334688782692,3.090874888659895,0.0007967316114557607,1.4647799314136939e-05,0.0,-0.0,0.0,-8.582947892136873e-05,-0.0007337572402320802,0,0,True,0.0,0.0
918.98,12.087026596069336,-0.04644334688782692,3.090874888659895,0.0007967316114557607,1.4647799314136939e-05,0.0,-0.0,0.0,-8.582947892136873e-05,-0.0007337572402320802,0,0,True,0.0,0.0
919.0,12.087026596069336,-0.04644334688782692,3.090874888659895,0.0007967316114557607,1.4647799314136939e-05,0.0,-0.0,0.0,-8.582947892136873e-05,-0.0007337572402320802,0,0,True,0.0,0.0
919.02,12.087026596069336,-0.04644334688782692,3.090874888659895,0.0007967316114557607,1.4647799314136939e-05,0.0,-0.0,0.0,-8.582947892136873e-05,-0.0007337572402320802,0,0,True,0.0,0.0
919.04,12.087026596069336,-0.04644334688782692,3.090874888659895,0.0007967316114557607,1.4647799314136939e-05,0.0,-0.0,0.0,-8.582947892136873e-05,-0.0007337572402320802,0,0,True,0.0,0.0
919.06,12.087026596069336,-0.04644334688782692,3.090874888659895,0.0007967316114557607,1.4647799314136939e-05,0.0,-0.0,0.0,-8.582947892136873e-05,-0.0007337572402320802,0,0,True,0.0,0.0
919.08,12.087026596069336,-0.04644334688782692,3.090874888659895,0.0007967316114557607,1.4647799314136939e-05,0.0,-0.0,0.0,-8.582947892136873e-05,-0.0007337572402320802,0,0,True,0.0,0.0
919.1,12.087026596069336,-0.04644334688782692,3.090874888659895,0.0007967316114557607,1.4647799314136939e-05,0.0,-0.0,0.0,-8.582947892136873e-05,-0.0007337572402320802,0,0,True,0.0,0.0
919.12,12.087026596069336,-0.04644334688782692,3.090874888659895,0.0007967316114557607,1.4647799314136939e-05,0.0,-0.0,0.0,-8.582947892136873e-05,-0.0007337572402320802,0,0,True,0.0,0.0
919.14,12.087026596069336,-0.04644334688782692,3.090874888659895,0.0007967316114557607,1.4647799314136939e-05,0.0,-0.0,0.0,-8.582947892136873e-05,-0.0007337572402320802,0,0,True,0.0,0.0
919.16,12.087026596069336,-0.04644334688782692,3.090874888659895,0.0007967316114557607,1.4647799314136939e-05,0.0,-0.0,0.0,-8.582947892136873e-05,-0.0007337572402320802,0,0,True,0.0,0.0
919.18,12.087026596069336,-0.04644334688782692,3.090874888659895,0.0007967316114557607,1.4647799314136939e-05,0.0,-0.0,0.0,-8.582947892136873e-05,-0.0007337572402320802,0,0,True,0.0,0.0
919.2,12.087026596069336,-0.04644334688782692,3.090874888659895,0.0007967316114557607,1.4647799314136939e-05,0.0,-0.0,0.0,-8.582947892136873e-05,-0.0007337572402320802,0,0,True,0.0,0.0
919.22,12.087026596069336,-0.04644334688782692,3.090874888659895,0.0007967316114557607,1.4647799314136939e-05,0.0,-0.0,0.0,-8.582947892136873e-05,-0.0007337572402320802,0,0,True,0.0,0.0
919.24,12.087026596069336,-0.04644334688782692,3.090874888659895,0.0007967316114557607,1.4647799314136939e-05,0.0,-0.0,0.0,-8.582947892136873e-05,-0.0007337572402320802,0,0,True,0.0,0.0
919.26,12.087026596069336,-0.04644334688782692,3.090874888659895,0.0007967316114557607,1.4647799314136939e-05,0.0,-0.0,0.0,-8.582947892136873e-05,-0.0007337572402320802,0,0,True,0.0,0.0
919.28,12.087026596069336,-0.04644334688782692,3.090874888659895,0.0007967316114557607,1.4647799314136939e-05,0.0,-0.0,0.0,-8.582947892136873e-05,-0.0007337572402320802,0,0,True,0.0,0.0
919.3,12.087026596069336,-0.04644334688782692,3.090874888659895,0.0007967316114557607,1.4647799314136939e-05,0.0,-0.0,0.0,-8.582947892136873e-05,-0.0007337572402320802,0,0,True,0.0,0.0
919.32,12.087026596069336,-0.04644334688782692,3.090874888659895,0.0007967316114557607,1.4647799314136939e-05,0.0,-0.0,0.0,-8.582947892136873e-05,-0.0007337572402320802,0,0,True,0.0,0.0
919.34,12.087026596069336,-0.04644334688782692,3.090874888659895,0.0007967316114557607,1.4647799314136939e-05,0.0,-0.0,0.0,-8.582947892136873e-05,-0.0007337572402320802,0,0,True,0.0,0.0
919.36,12.087026596069336,-0.04644334688782692,3.090874888659895,0.0007967316114557607,1.4647799314136939e-05,0.0,-0.0,0.0,-8.582947892136873e-05,-0.0007337572402320802,0,0,True,0.0,0.0
919.38,12.087026596069336,-0.04644334688782692,3.090874888659895,0.0007967316114557607,1.4647799314136939e-05,0.0,-0.0,0.0,-8.582947892136873e-05,-0.0007337572402320802,0,0,True,0.0,0.0
919.4,12.087026596069336,-0.04644334688782692,3.090874888659895,0.0007967316114557607,1.4647799314136939e-05,0.0,-0.0,0.0,-8.582947892136873e-05,-0.0007337572402320802,0,0,True,0.0,0.0
919.42,12.087026596069336,-0.04644334688782692,3.090874888659895,0.0007967316114557607,1.4647799314136939e-05,0.0,-0.0,0.0,-8.582947892136873e-05,-0.0007337572402320802,0,0,True,0.0,0.0
919.44,12.087026596069336,-0.04644334688782692,3.090874888659895,0.0007967316114557607,1.4647799314136939e-05,0.0,-0.0,0.0,-8.582947892136873e-05,-0.0007337572402320802,0,0,True,0.0,0.0
919.46,12.087026596069336,-0.04644334688782692,3.090874888659895,0.0007967316114557607,1.4647799314136939e-05,0.0,-0.0,0.0,-8.582947892136873e-05,-0.0007337572402320802,0,0,True,0.0,0.0
919.48,12.087026596069336,-0.04644334688782692,3.090874888659895,0.0007967316114557607,1.4647799314136939e-05,0.0,-0.0,0.0,-8.582947892136873e-05,-0.0007337572402320802,0,0,True,0.0,0.0
919.5,12.087026596069336,-0.04644334688782692,3.090874888659895,0.0007967316114557607,1.4647799314136939e-05,0.0,-0.0,0.0,-8.582947892136873e-05,-0.0007337572402320802,0,0,True,0.0,0.0
919.52,12.087026596069336,-0.04644334688782692,3.090874888659895,0.0007967316114557607,1.4647799314136939e-05,0.0,-0.0,0.0,-8.582947892136873e-05,-0.0007337572402320802,0,0,True,0.0,0.0
919.54,12.087026596069336,-0.04644334688782692,3.090874888659895,0.0007967316114557607,1.4647799314136939e-05,0.0,-0.0,0.0,-8.582947892136873e-05,-0.0007337572402320802,0,0,True,0.0,0.0
919.56,12.087026596069336,-0.04644334688782692,3.090874888659895,0.0007967316114557607,1.4647799314136939e-05,0.0,-0.0,0.0,-8.582947892136873e-05,-0.0007337572402320802,0,0,True,0.0,0.0
919.58,12.087026596069336,-0.04644334688782692,3.090874888659895,0.0007967316114557607,1.4647799314136939e-05,0.0,-0.0,0.0,-8.582947892136873e-05,-0.0007337572402320802,0,0,True,0.0,0.0
919.6,12.087026596069336,-0.04644334688782692,3.090874888659895,0.0007967316114557607,1.4647799314136939e-05,0.0,-0.0,0.0,-8.582947892136873e-05,-0.0007337572402320802,0,0,True,0.0,0.0
919.62,12.087026596069336,-0.04644334688782692,3.090874888659895,0.0007967316114557607,1.4647799314136939e-05,0.0,-0.0,0.0,-8.582947892136873e-05,-0.0007337572402320802,0,0,True,0.0,0.0
919.64,12.087026596069336,-0.04644334688782692,3.090874888659895,0.0007967316114557607,1.4647799314136939e-05,0.0,-0.0,0.0,-8.582947892136873e-05,-0.0007337572402320802,0,0,True,0.0,0.0
919.66,12.087026596069336,-0.04644334688782692,3.090874888659895,0.0007967316114557607,1.4647799314136939e-05,0.0,-0.0,0.0,-8.582947892136873e-05,-0.0007337572402320802,0,0,True,0.0,0.0
919.68,12.087026596069336,-0.04644334688782692,3.090874888659895,0.0007967316114557607,1.4647799314136939e-05,0.0,-0.0,0.0,-8.582947892136873e-05,-0.0007337572402320802,0,0,True,0.0,0.0
919.7,12.087026596069336,-0.04644334688782692,3.090874888659895,0.0007967316114557607,1.4647799314136939e-05,0.0,-0.0,0.0,-8.582947892136873e-05,-0.0007337572402320802,0,0,True,0.0,0.0
919.72,12.087026596069336,-0.04644334688782692,3.090874888659895,0.0007967316114557607,1.4647799314136939e-05,0.0,-0.0,0.0,-8.582947892136873e-05,-0.0007337572402320802,0,0,True,0.0,0.0
919.74,12.087026596069336,-0.04644334688782692,3.090874888659895,0.0007967316114557607,1.4647799314136939e-05,0.0,-0.0,0.0,-8.582947892136873e-05,-0.0007337572402320802,0,0,True,0.0,0.0
919.76,12.087026596069336,-0.04644334688782692,3.090874888659895,0.0007967316114557607,1.4647799314136939e-05,0.0,-0.0,0.0,-8.582947892136873e-05,-0.0007337572402320802,0,0,True,0.0,0.0
919.78,12.087026596069336,-0.04644334688782692,3.090874888659895,0.0007967316114557607,1.4647799314136939e-05,0.0,-0.0,0.0,-8.582947892136873e-05,-0.0007337572402320802,0,0,True,0.0,0.0
919.8,12.087026596069336,-0.04644334688782692,3.090874888659895,0.0007967316114557607,1.4647799314136939e-05,0.0,-0.0,0.0,-8.582947892136873e-05,-0.0007337572402320802,0,0,True,0.0,0.0
919.82,12.087026596069336,-0.04644334688782692,3.090874888659895,0.0007967316114557607,1.4647799314136939e-05,0.0,-0.0,0.0,-8.582947892136873e-05,-0.0007337572402320802,0,0,True,0.0,0.0
919.84,12.087026596069336,-0.04644334688782692,3.090874888659895,0.0007967316114557607,1.4647799314136939e-05,0.0,-0.0,0.0,-8.582947892136873e-05,-0.0007337572402320802,0,0,True,0.0,0.0
919.86,12.087026596069336,-0.04644334688782692,3.090874888659895,0.0007967316114557607,1.4647799314136939e-05,0.0,-0.0,0.0,-8.582947892136873e-05,-0.0007337572402320802,0,0,True,0.0,0.0
919.88,12.087026596069336,-0.04644334688782692,3.090874888659895,0.0007967316114557607,1.4647799314136939e-05,0.0,-0.0,0.0,-8.582947892136873e-05,-0.0007337572402320802,0,0,True,0.0,0.0
919.9,12.087026596069336,-0.04644334688782692,3.090874888659895,0.0007967316114557607,1.4647799314136939e-05,0.0,-0.0,0.0,-8.582947892136873e-05,-0.0007337572402320802,0,0,True,0.0,0.0
919.92,12.087026596069336,-0.04644334688782692,3.090874888659895,0.0007967316114557607,1.4647799314136939e-05,0.0,-0.0,0.0,-8.582947892136873e-05,-0.0007337572402320802,0,0,True,0.0,0.0
919.94,12.087026596069336,-0.04644334688782692,3.090874888659895,0.0007967316114557607,1.4647799314136939e-05,0.0,-0.0,0.0,-8.582947892136873e-05,-0.0007337572402320802,0,0,True,0.0,0.0
919.96,12.087026596069336,-0.04644334688782692,3.090874888659895,0.0007967316114557607,1.4647799314136939e-05,0.0,-0.0,0.0,-8.582947892136873e-05,-0.0007337572402320802,0,0,True,0.0,0.0
919.98,12.087026596069336,-0.04644334688782692,3.090874888659895,0.0007967316114557607,1.4647799314136939e-05,0.0,-0.0,0.0,-8.582947892136873e-05,-0.0007337572402320802,0,0,True,0.0,0.0
920.0,12.087026596069336,-0.04644334688782692,3.090874888659895,0.0007967316114557607,1.4647799314136939e-05,0.0,-0.0,0.0,-8.582947892136873e-05,-0.0007337572402320802,0,0,True,0.0,0.0
