t,x,y,yaw,roll,pitch,v,lateral,w,rim_left,rim_right,cmd_v,cmd_w,publishing,a,alpha
1123.74,12.087604522705078,-0.04853865131735802,3.0916164169576623,-2.733337066994388e-05,-0.0005022109837371011,0.0,-0.0,0.0,0.0013284799270331861,0.001207066308706999,0,0.05,True,0.0,0.0
1123.76,12.087604522705078,-0.04853865131735802,3.0916164169576623,-2.733337066994388e-05,-0.0005022109837371011,0.0,-0.0,0.0,0.0013284799270331861,0.001207066308706999,0,0.05,True,0.0033860299538040527,0.0017986978827937948
1123.78,12.087604522705078,-0.04853865131735802,3.0916164169576623,-2.733337066994388e-05,-0.0005022109837371011,0.0,-0.0,0.0,0.0013284799270331861,0.001207066308706999,0,0.05,True,0.000596775386452842,-0.019227374933629696
1123.8,12.087604522705078,-0.04853865131735802,3.0916164169576623,-2.733337066994388e-05,-0.0005022109837371011,0.00027088239630407784,7.280850293452378e-05,0.0001438958306233727,0.0013284799270331861,0.001207066308706999,0,0.05,True,0.010572182367856196,-0.01753124848470216
1123.82,12.087604522705078,-0.04853865131735802,3.0916164169576623,-2.733337066994388e-05,-0.0005022109837371011,4.774203091618394e-05,-0.0004772366471759583,-0.0015381899946889767,0.0013284799270331861,0.001207066308706999,0,0.05,True,0.015293505170537397,-0.004679072380867831
1123.84,12.0875825881958,-0.04854338616132736,3.091627928624112,-5.27442771047726e-07,-0.0004957853609266001,0.0008457745894277264,-0.0004439975075299837,-0.0014024998787748972,0.0013284799270331861,0.001207066308706999,0,0.05,True,0.03747023445402281,0.01958705881966139
1123.86,12.087602615356445,-0.04850032925605774,3.0914933617580873,-8.20339713528722e-05,-0.0003335409028703524,0.001223480413641879,-0.00012002297024739356,-0.00037432579046908597,0.0007082648389041424,0.0016900939121842387,0,0.05,True,0.05495679024000927,0.0918799279294356
1123.88,12.087538719177246,-0.04849979653954506,3.09150421696736,-8.292733558049438e-05,-0.00027575071890073496,0.003268501152631696,0.0005147945531824658,0.001710860536199312,0.0007082648389041424,0.0016900939121842387,0,0.05,True,0.02796139376360869,0.1311975291328862
1123.9,12.087507247924805,-0.048524159938097,3.0915864708944247,-0.00015815316043868327,-0.00017692994796018728,0.004444285250125422,0.0018250014454086955,0.005812204239680077,-0.06424941373988986,0.007253965362906457,0,0.05,True,0.0037735426604272268,0.056098159077545916
1123.92,12.087319374084473,-0.048571426421403885,3.0917647974670084,-0.00030627875299103763,-0.00034735294534993347,0.003082686090520745,0.002806636268925026,0.009093302451876284,-0.07029079385101795,0.003405210301280022,0,0.05,True,-0.06308720514396068,-0.0012396955945928963
1123.94,12.087240219116211,-0.04862837493419647,3.0919583380972626,-0.00046676982977932605,-0.0002559423041318346,0.0015253638264766407,0.001249613666480682,0.004113526935743261,0.0006421791203320027,0.0050268548727035525,0,0.05,True,-0.0897566403509926,-0.0692427660215516
1123.96,12.087281227111816,-0.04871176555752754,3.0922316811635095,-5.837406822249224e-05,-0.00010789590217442885,-0.0017784752588805685,0.00048504375225553786,0.0016116848886319705,-0.00020506743341684342,0.001557007171213627,0,0.05,True,-0.07749136898089913,-0.16075470099479006
1123.98,12.087380409240723,-0.048617951571941376,3.091915553049284,0.00011697968285252639,8.13779563416895e-05,-0.0027362459779474552,5.9965115732677225e-05,0.0002727829579609858,-0.004052305072546006,-0.005046514086425305,0,0.05,True,-0.04660285929370887,-0.0376263568709752
1124.0,12.087459564208984,-0.048617202788591385,3.091893732258099,-0.00012137139938826947,-4.32631105004294e-05,-0.0031166234279455473,-0.0011713704415480292,-0.003767073627695223,-0.005935240983963013,-0.007600521817803384,0,0.05,True,-0.0017900933122241252,-0.011365742287001847
1124.02,12.087458610534668,-0.048644036054611206,3.0919801607338995,-0.0002104839482843821,-6.768387674673779e-05,-0.0022028649170166784,0.0003755516101563526,0.0011034183860679824,-0.003396339546889067,-0.003883934281766415,0,0.05,True,0.014267716652907105,0.002689570999738662
1124.04,12.08753490447998,-0.04863055795431137,3.091930315273294,5.382356137070208e-05,1.7285753039310075e-08,-0.0019216827238583683,-0.00023925438949951155,0.0007024255056726497,-0.0010578747838735582,0.06868598017841578,0,0.05,True,0.0096576398299116,0.021296737991904784
1124.06,12.087554931640625,-0.04865669831633568,3.0920038265201693,0.0002824960819641742,1.083479416582182e-05,-0.001594828645715925,0.00014897792929544827,0.0004879486379398831,-0.0020413894113153223,-0.0025263042747974396,0,0.05,True,-0.01651477019529423,-0.050170091390246495
1124.08,12.087614059448242,-0.04860571771860123,3.0919499262985526,0.000187913523934957,-4.921060996986969e-05,-0.002344012241553322,-0.0006275463792509661,-0.00206333458834439,-0.004061892032623291,-0.002443716358393431,0,0.05,True,-0.03824974353029,-0.03350740961568132
1124.1,12.08758544921875,-0.04866226390004158,3.0920191966249346,0.0003418735789482435,-0.00010151244340241331,-0.0035240465326390152,-0.0009008620999170303,-0.0029101889251480872,-0.0025861951336264614,-0.0034672234393656257,0,0.05,True,-0.025233822253424975,-0.06732368430965165
1124.12,12.087724685668945,-0.04858972132205963,3.091765248506227,1.1140283115043953e-05,0.00014264389933076944,-0.004981662206278785,-0.00014995905447037254,-0.001978167263579418,-0.00027003366500139237,0.06784154303371907,0,0.05,True,0.023668161512893155,0.004407817700267301
1124.14,12.08784008026123,-0.04859868809580803,3.091771011406157,-0.00020710634563630108,0.00017936021879535566,-0.0036135344259938243,-0.0014962830808993703,-0.004897946106842657,-0.004141486696898938,0.04283173695206643,0,0.05,True,0.05496532418872858,0.06646875420599843
1124.16,12.0880126953125,-0.04861358553171158,3.091791672917466,-0.00029621851789065934,0.0003818357345215515,-0.0004505593205182102,-0.000539096673446081,-0.0017107091723223245,-0.003285339660942555,-0.0030349263548851016,0,0.05,True,0.088586248732999,0.10996456658435055
1124.18,12.08788013458252,-0.0485571064054966,3.0916273609363865,0.00013967694956991733,8.998842894807167e-06,0.0008731794024677692,-0.002424113421359258,0.0024073114113420634,-0.00637548178434372,-0.004137362614274025,0,0.05,True,0.08003452400288866,0.1874478221270824
1124.2,12.087762832641602,-0.048548441380262375,3.0916283917724408,0.000490954518409484,-0.00011321949397567017,0.0021052376923748313,-0.001284083659916702,0.006818998063185628,0.004921144060790539,0.010392933860421182,0,0.05,True,0.02639840627596121,0.1411696323524187
1124.22,12.087779998779297,-0.04840151220560074,3.091963596319064,-4.7808993819245317e-05,1.6342387302233948e-05,0.002789227494231445,-0.0001656314478145671,0.010097879663310296,0.0022521521337330345,0.004336240142583847,0,0.05,True,0.007046196872017818,0.04568898622965541
1124.24,12.087849617004395,-0.04850257560610771,3.0923371927625203,-9.479331004692729e-05,0.00022910211796450748,0.0016613131815567661,-0.000288615396324228,0.0095828614158609,-0.004558075889945031,0.0061644140258431445,0,0.05,True,0.003286044683345443,-0.06783154120856687
1124.26,12.087657928466797,-0.04853280261158943,3.0924351913094505,-1.8852256730301076e-05,-0.00023321130843221487,0.001436875152228682,0.0013614325562559136,0.006062430309711171,-0.0018883182108402254,0.0021994972601532938,0,0.05,True,-0.03494689290966072,-0.12412983416804453
1124.28,12.087631225585938,-0.0485188364982605,3.092395020685709,-4.515932339031921e-05,-0.00021985704569138888,0.0023681212670422277,0.0001425221814500575,0.0013924747665052149,0.005101119130849839,0.006287842616438866,0,0.05,True,-0.025122451044572797,-0.11141544611528169
1124.3,12.08765983581543,-0.04850464686751366,3.0924485907438406,4.459151433287473e-05,1.3437733235675572e-07,-6.523938538869995e-06,-0.00035269310045950145,0.0001674929298757646,0.00012694325298070907,0.001444864720106125,0,0.05,True,-0.01796093940287486,-0.07578037887145857
1124.32,12.08765983581543,-0.04850464686751366,3.0924485907438406,4.459151433287473e-05,1.3437733235675572e-07,-0.0003484829020072297,-0.0001947244532282907,0.0006696257266464706,-0.0027092924155294896,0.0016104884259402754,0,0.05,True,-0.02960151583805477,-0.017405934581331016
1124.34,12.08765983581543,-0.04850464686751366,3.0924485907438406,4.459151433287473e-05,1.3437733235675572e-07,0.0,-0.0,0.0,0.00109483708627522,0.001015674127265811,0,0.05,True,8.154923173571733e-05,-0.002093661623443011
1124.36,12.08765983581543,-0.04850464686751366,3.0924485907438406,4.459151433287473e-05,1.3437733235675572e-07,0.0,-0.0,0.0,0.00109483708627522,0.001015674127265811,0,0.05,True,0.004356036275081953,-0.008370321583064706
1124.38,12.08765983581543,-0.04850464686751366,3.0924485907438406,4.459151433287473e-05,1.3437733235675572e-07,0.0,-0.0,0.0,0.00109483708627522,0.001015674127265811,0,0.05,True,0.0,0.0
1124.4,12.08765983581543,-0.04850464686751366,3.0924485907438406,4.459151433287473e-05,1.3437733235675572e-07,0.0,-0.0,0.0,0.00109483708627522,0.001015674127265811,0,0.05,True,0.0,0.0
1124.42,12.08765983581543,-0.04850464686751366,3.0924485907438406,4.459151433287473e-05,1.3437733235675572e-07,0.0,-0.0,0.0,0.00109483708627522,0.001015674127265811,0,0.05,True,0.0,0.0
1124.44,12.08765983581543,-0.04850464686751366,3.0924485907438406,4.459151433287473e-05,1.3437733235675572e-07,0.0,-0.0,0.0,0.00109483708627522,0.001015674127265811,0,0.05,True,0.0,0.0
1124.46,12.08765983581543,-0.04850464686751366,3.0924485907438406,4.459151433287473e-05,1.3437733235675572e-07,0.0,-0.0,0.0,0.00109483708627522,0.001015674127265811,0,0.05,True,0.0,0.0
1124.48,12.08765983581543,-0.04850464686751366,3.0924485907438406,4.459151433287473e-05,1.3437733235675572e-07,0.0,-0.0,0.0,0.00109483708627522,0.001015674127265811,0,0.05,True,0.0,0.0
1124.5,12.08765983581543,-0.04850464686751366,3.0924485907438406,4.459151433287473e-05,1.3437733235675572e-07,0.0,-0.0,0.0,0.00109483708627522,0.001015674127265811,0,0.05,True,0.0,0.0
1124.52,12.08765983581543,-0.04850464686751366,3.0924485907438406,4.459151433287473e-05,1.3437733235675572e-07,0.0,-0.0,0.0,0.00109483708627522,0.001015674127265811,0,0.05,True,0.0,0.0
1124.54,12.08765983581543,-0.04850464686751366,3.0924485907438406,4.459151433287473e-05,1.3437733235675572e-07,0.0,-0.0,0.0,0.00109483708627522,0.001015674127265811,0,0.05,True,0.0,0.0
1124.56,12.08765983581543,-0.04850464686751366,3.0924485907438406,4.459151433287473e-05,1.3437733235675572e-07,0.0,-0.0,0.0,0.00109483708627522,0.001015674127265811,0,0.05,True,0.0,0.0
1124.58,12.08765983581543,-0.04850464686751366,3.0924485907438406,4.459151433287473e-05,1.3437733235675572e-07,0.0,-0.0,0.0,0.00109483708627522,0.001015674127265811,0,0.05,True,0.0,0.0
1124.6,12.08765983581543,-0.04850464686751366,3.0924485907438406,4.459151433287473e-05,1.3437733235675572e-07,0.0,-0.0,0.0,0.00109483708627522,0.001015674127265811,0,0.05,True,0.0,0.0
1124.62,12.08765983581543,-0.04850464686751366,3.0924485907438406,4.459151433287473e-05,1.3437733235675572e-07,0.0,-0.0,0.0,0.00109483708627522,0.001015674127265811,0,0.05,True,0.0,0.0
1124.64,12.08765983581543,-0.04850464686751366,3.0924485907438406,4.459151433287473e-05,1.3437733235675572e-07,0.0,-0.0,0.0,0.00109483708627522,0.001015674127265811,0,0.05,True,0.0,0.0
1124.66,12.08765983581543,-0.04850464686751366,3.0924485907438406,4.459151433287473e-05,1.3437733235675572e-07,0.0,-0.0,0.0,0.00109483708627522,0.001015674127265811,0,0.05,True,0.0,0.0
1124.68,12.08765983581543,-0.04850464686751366,3.0924485907438406,4.459151433287473e-05,1.3437733235675572e-07,0.0,-0.0,0.0,0.00109483708627522,0.001015674127265811,0,0.05,True,0.0,0.0
1124.7,12.08765983581543,-0.04850464686751366,3.0924485907438406,4.459151433287473e-05,1.3437733235675572e-07,0.0,-0.0,0.0,0.00109483708627522,0.001015674127265811,0,0.05,True,0.0,0.0
1124.72,12.08765983581543,-0.04850464686751366,3.0924485907438406,4.459151433287473e-05,1.3437733235675572e-07,0.0,-0.0,0.0,0.00109483708627522,0.001015674127265811,0,0.05,True,0.0,0.0
1124.74,12.08765983581543,-0.04850464686751366,3.0924485907438406,4.459151433287473e-05,1.3437733235675572e-07,0.0,-0.0,0.0,0.00109483708627522,0.001015674127265811,0,0.05,True,0.0,0.0
1124.76,12.08765983581543,-0.04850464686751366,3.0924485907438406,4.459151433287473e-05,1.3437733235675572e-07,0.0,-0.0,0.0,0.00109483708627522,0.001015674127265811,0,0.05,True,0.0,0.0
1124.78,12.08765983581543,-0.04850464686751366,3.0924485907438406,4.459151433287473e-05,1.3437733235675572e-07,0.0,-0.0,0.0,0.00109483708627522,0.001015674127265811,0,0.05,True,0.0,0.0
1124.8,12.08765983581543,-0.04850464686751366,3.0924485907438406,4.459151433287473e-05,1.3437733235675572e-07,0.0,-0.0,0.0,0.00109483708627522,0.001015674127265811,0,0.05,True,0.0,0.0
1124.82,12.08765983581543,-0.04850464686751366,3.0924485907438406,4.459151433287473e-05,1.3437733235675572e-07,0.0,-0.0,0.0,0.00109483708627522,0.001015674127265811,0,0.05,True,0.0,0.0
1124.84,12.08765983581543,-0.04850464686751366,3.0924485907438406,4.459151433287473e-05,1.3437733235675572e-07,0.0,-0.0,0.0,0.00109483708627522,0.001015674127265811,0,0.05,True,0.0,0.0
1124.86,12.08765983581543,-0.04850464686751366,3.0924485907438406,4.459151433287473e-05,1.3437733235675572e-07,0.0,-0.0,0.0,0.00109483708627522,0.001015674127265811,0,0.05,True,0.0,0.0
1124.88,12.08765983581543,-0.04850464686751366,3.0924485907438406,4.459151433287473e-05,1.3437733235675572e-07,0.0,-0.0,0.0,0.00109483708627522,0.001015674127265811,0,0.05,True,0.0,0.0
1124.9,12.08765983581543,-0.04850464686751366,3.0924485907438406,4.459151433287473e-05,1.3437733235675572e-07,0.0,-0.0,0.0,0.00109483708627522,0.001015674127265811,0,0.05,True,0.0,0.0
1124.92,12.08765983581543,-0.04850464686751366,3.0924485907438406,4.459151433287473e-05,1.3437733235675572e-07,0.0,-0.0,0.0,0.00109483708627522,0.001015674127265811,0,0.05,True,0.0,0.0
1124.94,12.08765983581543,-0.04850464686751366,3.0924485907438406,4.459151433287473e-05,1.3437733235675572e-07,0.0,-0.0,0.0,0.00109483708627522,0.001015674127265811,0,0.05,True,0.0,0.0
1124.96,12.08765983581543,-0.04850464686751366,3.0924485907438406,4.459151433287473e-05,1.3437733235675572e-07,0.0,-0.0,0.0,0.00109483708627522,0.001015674127265811,0,0.05,True,0.0,0.0
1124.98,12.08765983581543,-0.04850464686751366,3.0924485907438406,4.459151433287473e-05,1.3437733235675572e-07,0.0,-0.0,0.0,0.00109483708627522,0.001015674127265811,0,0.05,True,0.0,0.0
1125.0,12.08765983581543,-0.04850464686751366,3.0924485907438406,4.459151433287473e-05,1.3437733235675572e-07,0.0,-0.0,0.0,0.00109483708627522,0.001015674127265811,0,0.05,True,0.0,0.0
1125.02,12.08765983581543,-0.04850464686751366,3.0924485907438406,4.459151433287473e-05,1.3437733235675572e-07,0.0,-0.0,0.0,0.00109483708627522,0.001015674127265811,0,0.05,True,0.0,0.0
1125.04,12.08765983581543,-0.04850464686751366,3.0924485907438406,4.459151433287473e-05,1.3437733235675572e-07,0.0,-0.0,0.0,0.00109483708627522,0.001015674127265811,0,0.05,True,0.0,0.0
1125.06,12.08765983581543,-0.04850464686751366,3.0924485907438406,4.459151433287473e-05,1.3437733235675572e-07,0.0,-0.0,0.0,0.00109483708627522,0.001015674127265811,0,0.05,True,0.0,0.0
1125.08,12.08765983581543,-0.04850464686751366,3.0924485907438406,4.459151433287473e-05,1.3437733235675572e-07,0.0,-0.0,0.0,0.00109483708627522,0.001015674127265811,0,0.05,True,0.0,0.0
1125.1,12.08765983581543,-0.04850464686751366,3.0924485907438406,4.459151433287473e-05,1.3437733235675572e-07,0.0,-0.0,0.0,0.00109483708627522,0.001015674127265811,0,0.05,True,0.0,0.0
1125.12,12.08765983581543,-0.04850464686751366,3.0924485907438406,4.459151433287473e-05,1.3437733235675572e-07,0.0,-0.0,0.0,0.00109483708627522,0.001015674127265811,0,0.05,True,0.0,0.0
1125.14,12.08765983581543,-0.04850464686751366,3.0924485907438406,4.459151433287473e-05,1.3437733235675572e-07,0.0,-0.0,0.0,0.00109483708627522,0.001015674127265811,0,0.05,True,0.0,0.0
1125.16,12.08765983581543,-0.04850464686751366,3.0924485907438406,4.459151433287473e-05,1.3437733235675572e-07,0.0,-0.0,0.0,0.00109483708627522,0.001015674127265811,0,0.05,True,0.0,0.0
1125.18,12.08765983581543,-0.04850464686751366,3.0924485907438406,4.459151433287473e-05,1.3437733235675572e-07,0.0,-0.0,0.0,0.00109483708627522,0.001015674127265811,0,0.05,True,0.0,0.0
1125.2,12.08765983581543,-0.04850464686751366,3.0924485907438406,4.459151433287473e-05,1.3437733235675572e-07,0.0,-0.0,0.0,0.00109483708627522,0.001015674127265811,0,0.05,True,0.0,0.0
1125.22,12.08765983581543,-0.04850464686751366,3.0924485907438406,4.459151433287473e-05,1.3437733235675572e-07,0.0,-0.0,0.0,0.00109483708627522,0.001015674127265811,0,0.05,True,0.0,0.0
1125.24,12.08765983581543,-0.04850464686751366,3.0924485907438406,4.459151433287473e-05,1.3437733235675572e-07,0.0,-0.0,0.0,0.00109483708627522,0.001015674127265811,0,0.05,True,0.0,0.0
1125.26,12.08765983581543,-0.04850464686751366,3.0924485907438406,4.459151433287473e-05,1.3437733235675572e-07,0.0,-0.0,0.0,0.00109483708627522,0.001015674127265811,0,0.05,True,0.0,0.0
1125.28,12.08765983581543,-0.04850464686751366,3.0924485907438406,4.459151433287473e-05,1.3437733235675572e-07,0.0,-0.0,0.0,0.00109483708627522,0.001015674127265811,0,0.05,True,0.0,0.0
1125.3,12.08765983581543,-0.04850464686751366,3.0924485907438406,4.459151433287473e-05,1.3437733235675572e-07,0.0,-0.0,0.0,0.00109483708627522,0.001015674127265811,0,0.05,True,0.0,0.0
1125.32,12.08765983581543,-0.04850464686751366,3.0924485907438406,4.459151433287473e-05,1.3437733235675572e-07,0.0,-0.0,0.0,0.00109483708627522,0.001015674127265811,0,0.05,True,0.0,0.0
1125.34,12.08765983581543,-0.04850464686751366,3.0924485907438406,4.459151433287473e-05,1.3437733235675572e-07,0.0,-0.0,0.0,0.00109483708627522,0.001015674127265811,0,0.05,True,0.0,0.0
1125.36,12.08765983581543,-0.04850464686751366,3.0924485907438406,4.459151433287473e-05,1.3437733235675572e-07,0.0,-0.0,0.0,0.00109483708627522,0.001015674127265811,0,0.05,True,0.0,0.0
1125.38,12.08765983581543,-0.04850464686751366,3.0924485907438406,4.459151433287473e-05,1.3437733235675572e-07,0.0,-0.0,0.0,0.00109483708627522,0.001015674127265811,0,0.05,True,0.0,0.0
1125.4,12.08765983581543,-0.04850464686751366,3.0924485907438406,4.459151433287473e-05,1.3437733235675572e-07,0.0,-0.0,0.0,0.00109483708627522,0.001015674127265811,0,0.05,True,0.0,0.0
1125.42,12.08765983581543,-0.04850464686751366,3.0924485907438406,4.459151433287473e-05,1.3437733235675572e-07,0.0,-0.0,0.0,0.00109483708627522,0.001015674127265811,0,0.05,True,0.0,0.0
1125.44,12.08765983581543,-0.04850464686751366,3.0924485907438406,4.459151433287473e-05,1.3437733235675572e-07,0.0,-0.0,0.0,0.00109483708627522,0.001015674127265811,0,0.05,True,0.0,0.0
1125.46,12.08765983581543,-0.04850464686751366,3.0924485907438406,4.459151433287473e-05,1.3437733235675572e-07,0.0,-0.0,0.0,0.00109483708627522,0.001015674127265811,0,0.05,True,0.0,0.0
1125.48,12.08765983581543,-0.04850464686751366,3.0924485907438406,4.459151433287473e-05,1.3437733235675572e-07,0.0,-0.0,0.0,0.00109483708627522,0.001015674127265811,0,0.05,True,0.0,0.0
1125.5,12.08765983581543,-0.04850464686751366,3.0924485907438406,4.459151433287473e-05,1.3437733235675572e-07,0.0,-0.0,0.0,0.00109483708627522,0.001015674127265811,0,0.05,True,0.0,0.0
1125.52,12.08765983581543,-0.04850464686751366,3.0924485907438406,4.459151433287473e-05,1.3437733235675572e-07,0.0,-0.0,0.0,0.00109483708627522,0.001015674127265811,0,0.05,True,0.0,0.0
1125.54,12.08765983581543,-0.04850464686751366,3.0924485907438406,4.459151433287473e-05,1.3437733235675572e-07,0.0,-0.0,0.0,0.00109483708627522,0.001015674127265811,0,0.05,True,0.0,0.0
1125.56,12.08765983581543,-0.04850464686751366,3.0924485907438406,4.459151433287473e-05,1.3437733235675572e-07,0.0,-0.0,0.0,0.00109483708627522,0.001015674127265811,0,0.05,True,0.0,0.0
1125.58,12.08765983581543,-0.04850464686751366,3.0924485907438406,4.459151433287473e-05,1.3437733235675572e-07,0.0,-0.0,0.0,0.00109483708627522,0.001015674127265811,0,0.05,True,0.0,0.0
1125.6,12.08765983581543,-0.04850464686751366,3.0924485907438406,4.459151433287473e-05,1.3437733235675572e-07,0.0,-0.0,0.0,0.00109483708627522,0.001015674127265811,0,0.05,True,0.0,0.0
1125.62,12.08765983581543,-0.04850464686751366,3.0924485907438406,4.459151433287473e-05,1.3437733235675572e-07,0.0,-0.0,0.0,0.00109483708627522,0.001015674127265811,0,0.05,True,0.0,0.0
1125.64,12.08765983581543,-0.04850464686751366,3.0924485907438406,4.459151433287473e-05,1.3437733235675572e-07,0.0,-0.0,0.0,0.00109483708627522,0.001015674127265811,0,0.05,True,0.0,0.0
1125.66,12.08765983581543,-0.04850464686751366,3.0924485907438406,4.459151433287473e-05,1.3437733235675572e-07,0.0,-0.0,0.0,0.00109483708627522,0.001015674127265811,0,0.05,True,0.0,0.0
1125.68,12.08765983581543,-0.04850464686751366,3.0924485907438406,4.459151433287473e-05,1.3437733235675572e-07,0.0,-0.0,0.0,0.00109483708627522,0.001015674127265811,0,0.05,True,0.0,0.0
1125.7,12.08765983581543,-0.04850464686751366,3.0924485907438406,4.459151433287473e-05,1.3437733235675572e-07,0.0,-0.0,0.0,0.00109483708627522,0.001015674127265811,0,0.05,True,0.0,0.0
1125.72,12.08765983581543,-0.04850464686751366,3.0924485907438406,4.459151433287473e-05,1.3437733235675572e-07,0.0,-0.0,0.0,0.00109483708627522,0.001015674127265811,0,0.05,True,0.0,0.0
1125.74,12.08765983581543,-0.04850464686751366,3.0924485907438406,4.459151433287473e-05,1.3437733235675572e-07,0.0,-0.0,0.0,0.00109483708627522,0.001015674127265811,0,0.05,True,0.0,0.0
1125.76,12.08765983581543,-0.04850464686751366,3.0924485907438406,4.459151433287473e-05,1.3437733235675572e-07,0.0,-0.0,0.0,0.00109483708627522,0.001015674127265811,0,0.05,True,0.0,0.0
1125.78,12.08765983581543,-0.04850464686751366,3.0924485907438406,4.459151433287473e-05,1.3437733235675572e-07,0.0,-0.0,0.0,0.00109483708627522,0.001015674127265811,0,0.05,True,0.0,0.0
1125.8,12.08765983581543,-0.04850464686751366,3.0924485907438406,4.459151433287473e-05,1.3437733235675572e-07,0.0,-0.0,0.0,0.00109483708627522,0.001015674127265811,0,0.05,True,0.0,0.0
1125.82,12.08765983581543,-0.04850464686751366,3.0924485907438406,4.459151433287473e-05,1.3437733235675572e-07,0.0,-0.0,0.0,0.00109483708627522,0.001015674127265811,0,0.05,True,0.0,0.0
1125.84,12.08765983581543,-0.04850464686751366,3.0924485907438406,4.459151433287473e-05,1.3437733235675572e-07,0.0,-0.0,0.0,0.00109483708627522,0.001015674127265811,0,0.05,True,0.0,0.0
1125.86,12.08765983581543,-0.04850464686751366,3.0924485907438406,4.459151433287473e-05,1.3437733235675572e-07,0.0,-0.0,0.0,0.00109483708627522,0.001015674127265811,0,0.05,True,0.0,0.0
1125.88,12.08765983581543,-0.04850464686751366,3.0924485907438406,4.459151433287473e-05,1.3437733235675572e-07,0.0,-0.0,0.0,0.00109483708627522,0.001015674127265811,0,0.05,True,0.0,0.0
1125.9,12.08765983581543,-0.04850464686751366,3.0924485907438406,4.459151433287473e-05,1.3437733235675572e-07,0.0,-0.0,0.0,0.00109483708627522,0.001015674127265811,0,0.05,True,0.0,0.0
1125.92,12.08765983581543,-0.04850464686751366,3.0924485907438406,4.459151433287473e-05,1.3437733235675572e-07,0.0,-0.0,0.0,0.00109483708627522,0.001015674127265811,0,0.05,True,0.0,0.0
1125.94,12.08765983581543,-0.04850464686751366,3.0924485907438406,4.459151433287473e-05,1.3437733235675572e-07,0.0,-0.0,0.0,0.00109483708627522,0.001015674127265811,0,0.05,True,0.0,0.0
1125.96,12.08765983581543,-0.04850464686751366,3.0924485907438406,4.459151433287473e-05,1.3437733235675572e-07,0.0,-0.0,0.0,0.00109483708627522,0.001015674127265811,0,0.05,True,0.0,0.0
1125.98,12.08765983581543,-0.04850464686751366,3.0924485907438406,4.459151433287473e-05,1.3437733235675572e-07,0.0,-0.0,0.0,0.00109483708627522,0.001015674127265811,0,0.05,True,0.0,0.0
1126.0,12.08765983581543,-0.04850464686751366,3.0924485907438406,4.459151433287473e-05,1.3437733235675572e-07,0.0,-0.0,0.0,0.00109483708627522,0.001015674127265811,0,0.05,True,0.0,0.0
1126.02,12.08765983581543,-0.04850464686751366,3.0924485907438406,4.459151433287473e-05,1.3437733235675572e-07,0.0,-0.0,0.0,0.00109483708627522,0.001015674127265811,0,0.05,True,0.0,0.0
1126.04,12.08765983581543,-0.04850464686751366,3.0924485907438406,4.459151433287473e-05,1.3437733235675572e-07,0.0,-0.0,0.0,0.00109483708627522,0.001015674127265811,0,0.05,True,0.0,0.0
1126.06,12.08765983581543,-0.04850464686751366,3.0924485907438406,4.459151433287473e-05,1.3437733235675572e-07,0.0,-0.0,0.0,0.00109483708627522,0.001015674127265811,0,0.05,True,0.0,0.0
1126.08,12.08765983581543,-0.04850464686751366,3.0924485907438406,4.459151433287473e-05,1.3437733235675572e-07,0.0,-0.0,0.0,0.00109483708627522,0.001015674127265811,0,0.05,True,0.0,0.0
1126.1,12.08765983581543,-0.04850464686751366,3.0924485907438406,4.459151433287473e-05,1.3437733235675572e-07,0.0,-0.0,0.0,0.00109483708627522,0.001015674127265811,0,0.05,True,0.0,0.0
1126.12,12.08765983581543,-0.04850464686751366,3.0924485907438406,4.459151433287473e-05,1.3437733235675572e-07,0.0,-0.0,0.0,0.00109483708627522,0.001015674127265811,0,0.05,True,0.0,0.0
1126.14,12.08765983581543,-0.04850464686751366,3.0924485907438406,4.459151433287473e-05,1.3437733235675572e-07,0.0,-0.0,0.0,0.00109483708627522,0.001015674127265811,0,0.05,True,0.0,0.0
1126.16,12.08765983581543,-0.04850464686751366,3.0924485907438406,4.459151433287473e-05,1.3437733235675572e-07,0.0,-0.0,0.0,0.00109483708627522,0.001015674127265811,0,0.05,True,0.0,0.0
1126.18,12.08765983581543,-0.04850464686751366,3.0924485907438406,4.459151433287473e-05,1.3437733235675572e-07,0.0,-0.0,0.0,0.00109483708627522,0.001015674127265811,0,0.05,True,0.0,0.0
1126.2,12.08765983581543,-0.04850464686751366,3.0924485907438406,4.459151433287473e-05,1.3437733235675572e-07,0.0,-0.0,0.0,0.00109483708627522,0.001015674127265811,0,0.05,True,0.0,0.0
1126.22,12.08765983581543,-0.04850464686751366,3.0924485907438406,4.459151433287473e-05,1.3437733235675572e-07,0.0,-0.0,0.0,0.00109483708627522,0.001015674127265811,0,0.05,True,0.0,0.0
1126.24,12.08765983581543,-0.04850464686751366,3.0924485907438406,4.459151433287473e-05,1.3437733235675572e-07,0.0,-0.0,0.0,0.00109483708627522,0.001015674127265811,0,0.05,True,0.0,0.0
1126.26,12.08765983581543,-0.04850464686751366,3.0924485907438406,4.459151433287473e-05,1.3437733235675572e-07,0.0,-0.0,0.0,0.00109483708627522,0.001015674127265811,0,0.05,True,0.0,0.0
1126.28,12.08765983581543,-0.04850464686751366,3.0924485907438406,4.459151433287473e-05,1.3437733235675572e-07,0.0,-0.0,0.0,0.00109483708627522,0.001015674127265811,0,0.05,True,0.0,0.0
1126.3,12.08765983581543,-0.04850464686751366,3.0924485907438406,4.459151433287473e-05,1.3437733235675572e-07,0.0,-0.0,0.0,0.00109483708627522,0.001015674127265811,0,0.05,True,0.0,0.0
1126.32,12.08765983581543,-0.04850464686751366,3.0924485907438406,4.459151433287473e-05,1.3437733235675572e-07,0.0,-0.0,0.0,0.00109483708627522,0.001015674127265811,0,0.05,True,0.0,0.0
1126.34,12.08765983581543,-0.04850464686751366,3.0924485907438406,4.459151433287473e-05,1.3437733235675572e-07,0.0,-0.0,0.0,0.00109483708627522,0.001015674127265811,0,0.05,True,0.0,0.0
1126.36,12.08765983581543,-0.04850464686751366,3.0924485907438406,4.459151433287473e-05,1.3437733235675572e-07,0.0,-0.0,0.0,0.00109483708627522,0.001015674127265811,0,0.05,True,0.0,0.0
1126.38,12.08765983581543,-0.04850464686751366,3.0924485907438406,4.459151433287473e-05,1.3437733235675572e-07,0.0,-0.0,0.0,0.00109483708627522,0.001015674127265811,0,0.05,True,0.0,0.0
1126.4,12.08765983581543,-0.04850464686751366,3.0924485907438406,4.459151433287473e-05,1.3437733235675572e-07,0.0,-0.0,0.0,0.00109483708627522,0.001015674127265811,0,0.05,True,0.0,0.0
1126.42,12.08765983581543,-0.04850464686751366,3.0924485907438406,4.459151433287473e-05,1.3437733235675572e-07,0.0,-0.0,0.0,0.00109483708627522,0.001015674127265811,0,0.05,True,0.0,0.0
1126.44,12.08765983581543,-0.04850464686751366,3.0924485907438406,4.459151433287473e-05,1.3437733235675572e-07,0.0,-0.0,0.0,0.00109483708627522,0.001015674127265811,0,0.05,True,0.0,0.0
1126.46,12.08765983581543,-0.04850464686751366,3.0924485907438406,4.459151433287473e-05,1.3437733235675572e-07,0.0,-0.0,0.0,0.00109483708627522,0.001015674127265811,0,0.05,True,0.0,0.0
1126.48,12.08765983581543,-0.04850464686751366,3.0924485907438406,4.459151433287473e-05,1.3437733235675572e-07,0.0,-0.0,0.0,0.00109483708627522,0.001015674127265811,0,0.05,True,0.0,0.0
1126.5,12.08765983581543,-0.04850464686751366,3.0924485907438406,4.459151433287473e-05,1.3437733235675572e-07,0.0,-0.0,0.0,0.00109483708627522,0.001015674127265811,0,0.05,True,0.0,0.0
1126.52,12.08765983581543,-0.04850464686751366,3.0924485907438406,4.459151433287473e-05,1.3437733235675572e-07,0.0,-0.0,0.0,0.00109483708627522,0.001015674127265811,0,0.05,True,0.0,0.0
1126.54,12.08765983581543,-0.04850464686751366,3.0924485907438406,4.459151433287473e-05,1.3437733235675572e-07,0.0,-0.0,0.0,0.00109483708627522,0.001015674127265811,0,0.05,True,0.0,0.0
1126.56,12.08765983581543,-0.04850464686751366,3.0924485907438406,4.459151433287473e-05,1.3437733235675572e-07,0.0,-0.0,0.0,0.00109483708627522,0.001015674127265811,0,0.05,True,0.0,0.0
1126.58,12.08765983581543,-0.04850464686751366,3.0924485907438406,4.459151433287473e-05,1.3437733235675572e-07,0.0,-0.0,0.0,0.00109483708627522,0.001015674127265811,0,0.05,True,0.0,0.0
1126.6,12.08765983581543,-0.04850464686751366,3.0924485907438406,4.459151433287473e-05,1.3437733235675572e-07,0.0,-0.0,0.0,0.00109483708627522,0.001015674127265811,0,0.05,True,0.0,0.0
1126.62,12.08765983581543,-0.04850464686751366,3.0924485907438406,4.459151433287473e-05,1.3437733235675572e-07,0.0,-0.0,0.0,0.00109483708627522,0.001015674127265811,0,0.05,True,0.0,0.0
1126.64,12.08765983581543,-0.04850464686751366,3.0924485907438406,4.459151433287473e-05,1.3437733235675572e-07,0.0,-0.0,0.0,0.00109483708627522,0.001015674127265811,0,0.05,True,0.0,0.0
1126.66,12.08765983581543,-0.04850464686751366,3.0924485907438406,4.459151433287473e-05,1.3437733235675572e-07,0.0,-0.0,0.0,0.00109483708627522,0.001015674127265811,0,0.05,True,0.0,0.0
1126.68,12.08765983581543,-0.04850464686751366,3.0924485907438406,4.459151433287473e-05,1.3437733235675572e-07,0.0,-0.0,0.0,0.00109483708627522,0.001015674127265811,0,0.05,True,0.0,0.0
1126.7,12.08765983581543,-0.04850464686751366,3.0924485907438406,4.459151433287473e-05,1.3437733235675572e-07,0.0,-0.0,0.0,0.00109483708627522,0.001015674127265811,0,0.05,True,0.0,0.0
1126.72,12.08765983581543,-0.04850464686751366,3.0924485907438406,4.459151433287473e-05,1.3437733235675572e-07,0.0,-0.0,0.0,0.00109483708627522,0.001015674127265811,0,0.05,True,0.0,0.0
1126.74,12.08765983581543,-0.04850464686751366,3.0924485907438406,4.459151433287473e-05,1.3437733235675572e-07,0.0,-0.0,0.0,0.00109483708627522,0.001015674127265811,0,0.05,True,0.0,0.0
1126.76,12.08765983581543,-0.04850464686751366,3.0924485907438406,4.459151433287473e-05,1.3437733235675572e-07,0.0,-0.0,0.0,0.00109483708627522,0.001015674127265811,0,0.05,True,0.0,0.0
1126.78,12.08765983581543,-0.04850464686751366,3.0924485907438406,4.459151433287473e-05,1.3437733235675572e-07,0.0,-0.0,0.0,0.00109483708627522,0.001015674127265811,0,0.05,True,0.0,0.0
1126.8,12.08765983581543,-0.04850464686751366,3.0924485907438406,4.459151433287473e-05,1.3437733235675572e-07,0.0,-0.0,0.0,0.00109483708627522,0.001015674127265811,0,0.05,True,0.0,0.0
1126.82,12.08765983581543,-0.04850464686751366,3.0924485907438406,4.459151433287473e-05,1.3437733235675572e-07,0.0,-0.0,0.0,0.00109483708627522,0.001015674127265811,0,0.05,True,0.0,0.0
1126.84,12.08765983581543,-0.04850464686751366,3.0924485907438406,4.459151433287473e-05,1.3437733235675572e-07,0.0,-0.0,0.0,0.00109483708627522,0.001015674127265811,0,0.05,True,0.0,0.0
1126.86,12.08765983581543,-0.04850464686751366,3.0924485907438406,4.459151433287473e-05,1.3437733235675572e-07,0.0,-0.0,0.0,0.00109483708627522,0.001015674127265811,0,0.05,True,0.0,0.0
1126.88,12.08765983581543,-0.04850464686751366,3.0924485907438406,4.459151433287473e-05,1.3437733235675572e-07,0.0,-0.0,0.0,0.00109483708627522,0.001015674127265811,0,0.05,True,0.0,0.0
1126.9,12.08765983581543,-0.04850464686751366,3.0924485907438406,4.459151433287473e-05,1.3437733235675572e-07,0.0,-0.0,0.0,0.00109483708627522,0.001015674127265811,0,0.05,True,0.0,0.0
1126.92,12.08765983581543,-0.04850464686751366,3.0924485907438406,4.459151433287473e-05,1.3437733235675572e-07,0.0,-0.0,0.0,0.00109483708627522,0.001015674127265811,0,0.05,True,0.0,0.0
1126.94,12.08765983581543,-0.04850464686751366,3.0924485907438406,4.459151433287473e-05,1.3437733235675572e-07,0.0,-0.0,0.0,0.00109483708627522,0.001015674127265811,0,0.05,True,0.0,0.0
1126.96,12.08765983581543,-0.04850464686751366,3.0924485907438406,4.459151433287473e-05,1.3437733235675572e-07,0.0,-0.0,0.0,0.00109483708627522,0.001015674127265811,0,0.05,True,0.0,0.0
1126.98,12.08765983581543,-0.04850464686751366,3.0924485907438406,4.459151433287473e-05,1.3437733235675572e-07,0.0,-0.0,0.0,0.00109483708627522,0.001015674127265811,0,0.05,True,0.0,0.0
1127.0,12.08765983581543,-0.04850464686751366,3.0924485907438406,4.459151433287473e-05,1.3437733235675572e-07,0.0,-0.0,0.0,0.00109483708627522,0.001015674127265811,0,0.05,True,0.0,0.0
1127.02,12.08765983581543,-0.04850464686751366,3.0924485907438406,4.459151433287473e-05,1.3437733235675572e-07,0.0,-0.0,0.0,0.00109483708627522,0.001015674127265811,0,0.05,True,0.0,0.0
1127.04,12.08765983581543,-0.04850464686751366,3.0924485907438406,4.459151433287473e-05,1.3437733235675572e-07,0.0,-0.0,0.0,0.00109483708627522,0.001015674127265811,0,0.05,True,0.0,0.0
1127.06,12.08765983581543,-0.04850464686751366,3.0924485907438406,4.459151433287473e-05,1.3437733235675572e-07,0.0,-0.0,0.0,0.00109483708627522,0.001015674127265811,0,0.05,True,0.0,0.0
1127.08,12.08765983581543,-0.04850464686751366,3.0924485907438406,4.459151433287473e-05,1.3437733235675572e-07,0.0,-0.0,0.0,0.00109483708627522,0.001015674127265811,0,0.05,True,0.0,0.0
1127.1,12.08765983581543,-0.04850464686751366,3.0924485907438406,4.459151433287473e-05,1.3437733235675572e-07,0.0,-0.0,0.0,0.00109483708627522,0.001015674127265811,0,0.05,True,0.0,0.0
1127.12,12.08765983581543,-0.04850464686751366,3.0924485907438406,4.459151433287473e-05,1.3437733235675572e-07,0.0,-0.0,0.0,0.00109483708627522,0.001015674127265811,0,0.05,True,0.0,0.0
1127.14,12.08765983581543,-0.04850464686751366,3.0924485907438406,4.459151433287473e-05,1.3437733235675572e-07,0.0,-0.0,0.0,0.00109483708627522,0.001015674127265811,0,0.05,True,0.0,0.0
1127.16,12.08765983581543,-0.04850464686751366,3.0924485907438406,4.459151433287473e-05,1.3437733235675572e-07,0.0,-0.0,0.0,0.00109483708627522,0.001015674127265811,0,0.05,True,0.0,0.0
1127.18,12.08765983581543,-0.04850464686751366,3.0924485907438406,4.459151433287473e-05,1.3437733235675572e-07,0.0,-0.0,0.0,0.00109483708627522,0.001015674127265811,0,0.05,True,0.0,0.0
1127.2,12.08765983581543,-0.04850464686751366,3.0924485907438406,4.459151433287473e-05,1.3437733235675572e-07,0.0,-0.0,0.0,0.00109483708627522,0.001015674127265811,0,0.05,True,0.0,0.0
1127.22,12.08765983581543,-0.04850464686751366,3.0924485907438406,4.459151433287473e-05,1.3437733235675572e-07,0.0,-0.0,0.0,0.00109483708627522,0.001015674127265811,0,0.05,True,0.0,0.0
1127.24,12.08765983581543,-0.04850464686751366,3.0924485907438406,4.459151433287473e-05,1.3437733235675572e-07,0.0,-0.0,0.0,0.00109483708627522,0.001015674127265811,0,0.05,True,0.0,0.0
1127.26,12.08765983581543,-0.04850464686751366,3.0924485907438406,4.459151433287473e-05,1.3437733235675572e-07,0.0,-0.0,0.0,0.00109483708627522,0.001015674127265811,0,0.05,True,0.0,0.0
1127.28,12.08765983581543,-0.04850464686751366,3.0924485907438406,4.459151433287473e-05,1.3437733235675572e-07,0.0,-0.0,0.0,0.00109483708627522,0.001015674127265811,0,0.05,True,0.0,0.0
1127.3,12.08765983581543,-0.04850464686751366,3.0924485907438406,4.459151433287473e-05,1.3437733235675572e-07,0.0,-0.0,0.0,0.00109483708627522,0.001015674127265811,0,0.05,True,0.0,0.0
1127.32,12.08765983581543,-0.04850464686751366,3.0924485907438406,4.459151433287473e-05,1.3437733235675572e-07,0.0,-0.0,0.0,0.00109483708627522,0.001015674127265811,0,0.05,True,0.0,0.0
1127.34,12.08765983581543,-0.04850464686751366,3.0924485907438406,4.459151433287473e-05,1.3437733235675572e-07,0.0,-0.0,0.0,0.00109483708627522,0.001015674127265811,0,0.05,True,0.0,0.0
1127.36,12.08765983581543,-0.04850464686751366,3.0924485907438406,4.459151433287473e-05,1.3437733235675572e-07,0.0,-0.0,0.0,0.00109483708627522,0.001015674127265811,0,0.05,True,0.0,0.0
1127.38,12.08765983581543,-0.04850464686751366,3.0924485907438406,4.459151433287473e-05,1.3437733235675572e-07,0.0,-0.0,0.0,0.00109483708627522,0.001015674127265811,0,0.05,True,0.0,0.0
1127.4,12.08765983581543,-0.04850464686751366,3.0924485907438406,4.459151433287473e-05,1.3437733235675572e-07,0.0,-0.0,0.0,0.00109483708627522,0.001015674127265811,0,0.05,True,0.0,0.0
1127.42,12.08765983581543,-0.04850464686751366,3.0924485907438406,4.459151433287473e-05,1.3437733235675572e-07,0.0,-0.0,0.0,0.00109483708627522,0.001015674127265811,0,0.05,True,0.0,0.0
1127.44,12.08765983581543,-0.04850464686751366,3.0924485907438406,4.459151433287473e-05,1.3437733235675572e-07,0.0,-0.0,0.0,0.00109483708627522,0.001015674127265811,0,0.05,True,0.0,0.0
1127.46,12.08765983581543,-0.04850464686751366,3.0924485907438406,4.459151433287473e-05,1.3437733235675572e-07,0.0,-0.0,0.0,0.00109483708627522,0.001015674127265811,0,0.05,True,0.0,0.0
1127.48,12.08765983581543,-0.04850464686751366,3.0924485907438406,4.459151433287473e-05,1.3437733235675572e-07,0.0,-0.0,0.0,0.00109483708627522,0.001015674127265811,0,0.05,True,0.0,0.0
1127.5,12.08765983581543,-0.04850464686751366,3.0924485907438406,4.459151433287473e-05,1.3437733235675572e-07,0.0,-0.0,0.0,0.00109483708627522,0.001015674127265811,0,0.05,True,0.0,0.0
1127.52,12.08765983581543,-0.04850464686751366,3.0924485907438406,4.459151433287473e-05,1.3437733235675572e-07,0.0,-0.0,0.0,0.00109483708627522,0.001015674127265811,0,0.05,True,0.0,0.0
1127.54,12.08765983581543,-0.04850464686751366,3.0924485907438406,4.459151433287473e-05,1.3437733235675572e-07,0.0,-0.0,0.0,0.00109483708627522,0.001015674127265811,0,0.05,True,0.0,0.0
1127.56,12.08765983581543,-0.04850464686751366,3.0924485907438406,4.459151433287473e-05,1.3437733235675572e-07,0.0,-0.0,0.0,0.00109483708627522,0.001015674127265811,0,0.05,True,0.0,0.0
1127.58,12.08765983581543,-0.04850464686751366,3.0924485907438406,4.459151433287473e-05,1.3437733235675572e-07,0.0,-0.0,0.0,0.00109483708627522,0.001015674127265811,0,0.05,True,0.0,0.0
1127.6,12.08765983581543,-0.04850464686751366,3.0924485907438406,4.459151433287473e-05,1.3437733235675572e-07,0.0,-0.0,0.0,0.00109483708627522,0.001015674127265811,0,0.05,True,0.0,0.0
1127.62,12.08765983581543,-0.04850464686751366,3.0924485907438406,4.459151433287473e-05,1.3437733235675572e-07,0.0,-0.0,0.0,0.00109483708627522,0.001015674127265811,0,0.05,True,0.0,0.0
1127.64,12.08765983581543,-0.04850464686751366,3.0924485907438406,4.459151433287473e-05,1.3437733235675572e-07,0.0,-0.0,0.0,0.00109483708627522,0.001015674127265811,0,0.05,True,0.0,0.0
1127.66,12.08765983581543,-0.04850464686751366,3.0924485907438406,4.459151433287473e-05,1.3437733235675572e-07,0.0,-0.0,0.0,0.00109483708627522,0.001015674127265811,0,0.05,True,0.0,0.0
1127.68,12.08765983581543,-0.04850464686751366,3.0924485907438406,4.459151433287473e-05,1.3437733235675572e-07,0.0,-0.0,0.0,0.00109483708627522,0.001015674127265811,0,0.05,True,-0.0038175247882977375,-0.03963881857902135
1127.7,12.08765983581543,-0.04850464686751366,3.0924485907438406,4.459151433287473e-05,1.3437733235675572e-07,0.0,-0.0,0.0,0.00109483708627522,0.001015674127265811,0,0.05,True,0.003941285128431391,-0.09052346651185018
1127.72,12.08765983581543,-0.04850464686751366,3.0924485907438406,4.459151433287473e-05,1.3437733235675572e-07,-0.00030540198306354123,-0.0005853061959119522,-0.003171105486318824,0.00109483708627522,0.001015674127265811,0,0,True,-0.006853021044844099,-0.19468729177352811
1127.74,12.08765983581543,-0.04850464686751366,3.0924485907438406,4.459151433287473e-05,1.3437733235675572e-07,0.00031530281027422445,-0.0018000158008978707,-0.007241877320941429,0.00109483708627522,0.001015674127265811,0,0,True,0.01755545151448903,-0.27422165391298364
1127.76,12.087686538696289,-0.04845907911658287,3.0921949023049353,-1.5711972301681214e-05,0.00022836113020441765,-0.0005482416835870293,-0.0026716537865822893,-0.015574983341868083,0.00109483708627522,0.001015674127265811,0,0,True,0.011793708533290865,-0.2158068207046044
1127.78,12.087641716003418,-0.04835958033800125,3.091869240558166,-0.0001331396256644736,8.937444457887536e-05,0.0014044361211578453,-0.0027982624807772814,-0.021937732313018737,0.0008366195112466813,0.014215795733034612,0,0,True,-0.018737167994994655,-0.15189121318141693
1127.8,12.087714195251465,-0.0482933409512043,3.0912025920764923,-0.00011677445144994452,0.00026305811037551655,0.0006380946995988698,-0.004605498909048729,-0.020435651142671474,0.004727629534900189,-0.002799273692071438,0,0,True,-0.008720176675312916,0.038442594131285965
1127.82,12.08755874633789,-0.048275478184223175,3.0906935721588007,8.162108547268252e-05,-0.00012872699902754075,-0.0011836706293239848,-0.004178913040925288,-0.01939317437544373,0.008881509080529214,-0.055330827683210376,0,0,True,-0.06788605538016,0.2259481552341972
1127.84,12.087654113769531,-0.04808853566646576,3.090560050213523,2.6562194140004773e-05,-0.00020998957879945216,-0.0012458558176114281,-0.0038854493717130146,-0.012499575811368003,0.008442214094102384,0.004124503247439862,0,0,True,-0.05383483558707485,0.19766800863383144
1127.86,12.087753295898438,-0.04803051799535751,3.0903177866081317,2.7533936310916043e-05,-0.00012470252967669516,-0.0040264483092500155,-0.0029494940958522614,-0.0038618798942993996,-0.0023088314756751064,-0.005428130850195885,0,0,True,-0.015635434321367415,0.2599695547419628
1127.88,12.08782958984375,-0.04798799380660057,3.090202626011581,5.766008822215901e-07,-0.00018271046859255199,-0.0036686921473754416,0.0007764927553487734,-0.004622210451934399,-0.0023088314756751064,-0.005428130850195885,0,0,True,-0.002224834592771297,0.19710832583714294
1127.9,12.087892532348633,-0.04805633798241615,3.090384621767256,-1.3222259268773695e-05,-0.00021034436657941318,-0.0024345053750357954,0.00045494128465125737,0.0014043900039534874,-0.0040589719265699395,-0.0052375452965497974,0,0,True,0.030027959069350203,0.04875636563784368
1127.92,12.087944030761719,-0.04816564917564392,3.0901902733773676,0.00013147559942172188,-0.0001387169280313486,-0.001423842585033476,0.0009936819519863476,0.0032690902556339087,-0.0019337666966021063,-0.0018456410616636278,0,0,True,0.03893343611458833,0.10394643852567875
1127.94,12.087945938110352,-0.04807683452963829,3.090430137808448,2.0474189710231693e-06,-0.0001985900816634018,-0.0016242115836973567,1.6424240079797883e-05,3.862935673563289e-05,-0.0019778031110763553,-0.0019744626432657243,0,0,True,0.022616796774744333,-0.03540833172133225
1127.96,12.087939262390137,-0.048073235899209976,3.0904641532320314,-9.150741898848397e-05,-0.00048281726171057224,-0.0005540172582112086,-0.0010698127900376445,0.0036935046301123384,0.05985814336687327,-0.0021027989313006402,0,0,True,-0.02013060137921328,-0.04828717137766072
1127.98,12.088022232055664,-0.04806429520249367,3.090387712115795,-5.571370052334554e-05,-0.00023780321360245785,-0.0006251616330578942,-0.0006117092494850796,-0.0014282765337505167,-0.0010878702811896802,-0.0017666994966566564,0,0,True,-0.007255623722910195,0.0108098414453225
1128.0,12.087992668151855,-0.048082441091537476,3.0904857537477763,-0.00011601792996019412,-0.0004794032857994751,-0.0030342906953690738,-0.0001861220510930682,-0.0005938834545754351,0.03441112350672484,-0.005143257528543473,0,0,True,-0.016767041448442068,-0.05655888845833863
1128.02,12.087998390197754,-0.04803052172064781,3.0903158756857483,-0.00012992929916648096,-0.0007773865677186694,-0.0022046614815296444,0.00016218776021048896,0.0009034166723606463,-0.0006296221166849137,-0.0005559164285659791,0,0,True,-0.007580606498352272,0.029327315251901406
1128.04,12.08818244934082,-0.048070766031742096,3.0904166425556654,-3.9935799061796084e-05,-0.00029893484914153876,-0.001895380574085354,-0.00028247242584803005,-0.0008312064465506372,-0.0031950484588742258,-0.0034574356861412528,0,0,True,0.04769329343885778,0.004032192390334262
1128.06,12.088197708129883,-0.048086293041706085,3.090459985449584,-7.077403175146324e-05,-0.000382426777673054,-0.0012316101529255244,0.00027520230978735625,0.0009179086863994623,-0.006119837947189809,-0.008500052690505982,0,0,True,0.05350908069075638,-0.019941563894702065
1128.08,12.08814525604248,-0.04806762933731079,3.0904192572320524,-3.7269851792730205e-06,-0.0005873962746486818,0.0007811727797360789,-0.00010341497042190816,-0.00027130806334898757,-0.0019352905079722405,-0.003060722798109055,0,0,True,0.03984217858130628,-0.024942410971354655
1128.1,12.088095664978027,-0.048057544976472855,3.09038930838066,5.379281970808888e-05,-0.0006956907243356632,0.002076064973726973,-0.00021538010486678343,-0.0006919084392140679,-0.000601262366399169,-0.0012989637255668642,0,0,True,0.05210393701781371,0.006500034244542037
1128.12,12.088120460510254,-0.04805930703878403,3.0903949379105975,2.3517824454532478e-05,-0.0002959725554380225,0.0012919937124162497,0.001109209382246989,-0.002826599324257195,0.002373161688446999,0.0025457424204796556,0,0,True,0.06675346000485853,0.02733901562694651
1128.14,12.088032722473145,-0.0480605848133564,3.0904046327744465,-2.6976568922499813e-05,-0.000256753436661296,0.002936704808507628,0.0004599202780770083,0.0014379114259638302,0.0006751629803329707,0.0018943543918430808,0,0,True,0.0368873770547523,0.031081697848905035
1128.16,12.088037490844727,-0.048150960355997086,3.0901931292861113,9.260732730473418e-05,-3.7389856096682406e-05,0.0061214495801350825,0.0002723458751944142,0.0019158131868109603,0.005921459011733532,0.006310347095131875,0,0,True,0.04815295904259202,0.0908127539642349
1128.18,12.087859153747559,-0.048082269728183746,3.0905043412947375,7.735393663499492e-05,-0.00018654259453846795,0.0050270551381128604,0.00019848396750421265,0.0017946273887031407,0.005276089496910573,0.005082359053194523,0,0,True,-0.0007824247660408713,-0.011120506761244327
1128.2,12.087630271911621,-0.04805590584874153,3.0905482029655427,-1.4328532977143684e-05,-0.0004076758369459423,0.005144230435831057,-0.0009269182354308208,0.0044384209928956374,0.0082871887460351,0.0020947014912962914,0,0,True,-0.07651811975175812,-0.023947664835158783
1128.22,12.087630271911621,-0.04805590584874153,3.0905482029655427,-1.4328532977143684e-05,-0.0004076758369459423,0.0028741108272244153,-0.0001831433265495813,0.0005482708850650932,0.007587527371942997,0.00705862544476986,0,0,True,-0.0628381892264679,-0.02243284235880966
1128.24,12.087630271911621,-0.04805590584874153,3.0905482029655427,-1.4328532977143684e-05,-0.0004076758369459423,0.0,-0.0,0.0,0.0026171404868364336,0.002379582636058331,0,0,True,-0.06430288044794669,-0.05548026241124593
1128.26,12.087630271911621,-0.04805590584874153,3.0905482029655427,-1.4328532977143684e-05,-0.0004076758369459423,0.0,-0.0,0.0,0.0026171404868364336,0.002379582636058331,0,0,True,-0.03592638534033787,-0.0068533860633198974
1128.28,12.087630271911621,-0.04805590584874153,3.0905482029655427,-1.4328532977143684e-05,-0.0004076758369459423,0.0,-0.0,0.0,0.0026171404868364336,0.002379582636058331,0,0,True,0.0,0.0
1128.3,12.087630271911621,-0.04805590584874153,3.0905482029655427,-1.4328532977143684e-05,-0.0004076758369459423,0.0,-0.0,0.0,0.0026171404868364336,0.002379582636058331,0,0,True,0.0,0.0
1128.32,12.087630271911621,-0.04805590584874153,3.0905482029655427,-1.4328532977143684e-05,-0.0004076758369459423,0.0,-0.0,0.0,0.0026171404868364336,0.002379582636058331,0,0,True,0.0,0.0
1128.34,12.087630271911621,-0.04805590584874153,3.0905482029655427,-1.4328532977143684e-05,-0.0004076758369459423,0.0,-0.0,0.0,0.0026171404868364336,0.002379582636058331,0,0,True,0.0,0.0
1128.36,12.087630271911621,-0.04805590584874153,3.0905482029655427,-1.4328532977143684e-05,-0.0004076758369459423,0.0,-0.0,0.0,0.0026171404868364336,0.002379582636058331,0,0,True,0.0,0.0
1128.38,12.087630271911621,-0.04805590584874153,3.0905482029655427,-1.4328532977143684e-05,-0.0004076758369459423,0.0,-0.0,0.0,0.0026171404868364336,0.002379582636058331,0,0,True,0.0,0.0
1128.4,12.087630271911621,-0.04805590584874153,3.0905482029655427,-1.4328532977143684e-05,-0.0004076758369459423,0.0,-0.0,0.0,0.0026171404868364336,0.002379582636058331,0,0,True,0.0,0.0
1128.42,12.087630271911621,-0.04805590584874153,3.0905482029655427,-1.4328532977143684e-05,-0.0004076758369459423,0.0,-0.0,0.0,0.0026171404868364336,0.002379582636058331,0,0,True,0.0,0.0
1128.44,12.087630271911621,-0.04805590584874153,3.0905482029655427,-1.4328532977143684e-05,-0.0004076758369459423,0.0,-0.0,0.0,0.0026171404868364336,0.002379582636058331,0,0,True,0.0,0.0
1128.46,12.087630271911621,-0.04805590584874153,3.0905482029655427,-1.4328532977143684e-05,-0.0004076758369459423,0.0,-0.0,0.0,0.0026171404868364336,0.002379582636058331,0,0,True,0.0,0.0
1128.48,12.087630271911621,-0.04805590584874153,3.0905482029655427,-1.4328532977143684e-05,-0.0004076758369459423,0.0,-0.0,0.0,0.0026171404868364336,0.002379582636058331,0,0,True,0.0,0.0
1128.5,12.087630271911621,-0.04805590584874153,3.0905482029655427,-1.4328532977143684e-05,-0.0004076758369459423,0.0,-0.0,0.0,0.0026171404868364336,0.002379582636058331,0,0,True,0.0,0.0
1128.52,12.087630271911621,-0.04805590584874153,3.0905482029655427,-1.4328532977143684e-05,-0.0004076758369459423,0.0,-0.0,0.0,0.0026171404868364336,0.002379582636058331,0,0,True,0.0,0.0
1128.54,12.087630271911621,-0.04805590584874153,3.0905482029655427,-1.4328532977143684e-05,-0.0004076758369459423,0.0,-0.0,0.0,0.0026171404868364336,0.002379582636058331,0,0,True,0.0,0.0
1128.56,12.087630271911621,-0.04805590584874153,3.0905482029655427,-1.4328532977143684e-05,-0.0004076758369459423,0.0,-0.0,0.0,0.0026171404868364336,0.002379582636058331,0,0,True,0.0,0.0
1128.58,12.087630271911621,-0.04805590584874153,3.0905482029655427,-1.4328532977143684e-05,-0.0004076758369459423,0.0,-0.0,0.0,0.0026171404868364336,0.002379582636058331,0,0,True,0.0,0.0
1128.6,12.087630271911621,-0.04805590584874153,3.0905482029655427,-1.4328532977143684e-05,-0.0004076758369459423,0.0,-0.0,0.0,0.0026171404868364336,0.002379582636058331,0,0,True,0.0,0.0
1128.62,12.087630271911621,-0.04805590584874153,3.0905482029655427,-1.4328532977143684e-05,-0.0004076758369459423,0.0,-0.0,0.0,0.0026171404868364336,0.002379582636058331,0,0,True,0.0,0.0
1128.64,12.087630271911621,-0.04805590584874153,3.0905482029655427,-1.4328532977143684e-05,-0.0004076758369459423,0.0,-0.0,0.0,0.0026171404868364336,0.002379582636058331,0,0,True,0.0,0.0
1128.66,12.087630271911621,-0.04805590584874153,3.0905482029655427,-1.4328532977143684e-05,-0.0004076758369459423,0.0,-0.0,0.0,0.0026171404868364336,0.002379582636058331,0,0,True,0.0,0.0
1128.68,12.087630271911621,-0.04805590584874153,3.0905482029655427,-1.4328532977143684e-05,-0.0004076758369459423,0.0,-0.0,0.0,0.0026171404868364336,0.002379582636058331,0,0,True,0.0,0.0
1128.7,12.087630271911621,-0.04805590584874153,3.0905482029655427,-1.4328532977143684e-05,-0.0004076758369459423,0.0,-0.0,0.0,0.0026171404868364336,0.002379582636058331,0,0,True,0.0,0.0
1128.72,12.087630271911621,-0.04805590584874153,3.0905482029655427,-1.4328532977143684e-05,-0.0004076758369459423,0.0,-0.0,0.0,0.0026171404868364336,0.002379582636058331,0,0,True,0.0,0.0
1128.74,12.087630271911621,-0.04805590584874153,3.0905482029655427,-1.4328532977143684e-05,-0.0004076758369459423,0.0,-0.0,0.0,0.0026171404868364336,0.002379582636058331,0,0,True,0.0,0.0
1128.76,12.087630271911621,-0.04805590584874153,3.0905482029655427,-1.4328532977143684e-05,-0.0004076758369459423,0.0,-0.0,0.0,0.0026171404868364336,0.002379582636058331,0,0,True,0.0,0.0
1128.78,12.087630271911621,-0.04805590584874153,3.0905482029655427,-1.4328532977143684e-05,-0.0004076758369459423,0.0,-0.0,0.0,0.0026171404868364336,0.002379582636058331,0,0,True,0.0,0.0
1128.8,12.087630271911621,-0.04805590584874153,3.0905482029655427,-1.4328532977143684e-05,-0.0004076758369459423,0.0,-0.0,0.0,0.0026171404868364336,0.002379582636058331,0,0,True,0.0,0.0
1128.82,12.087630271911621,-0.04805590584874153,3.0905482029655427,-1.4328532977143684e-05,-0.0004076758369459423,0.0,-0.0,0.0,0.0026171404868364336,0.002379582636058331,0,0,True,0.0,0.0
1128.84,12.087630271911621,-0.04805590584874153,3.0905482029655427,-1.4328532977143684e-05,-0.0004076758369459423,0.0,-0.0,0.0,0.0026171404868364336,0.002379582636058331,0,0,True,0.0,0.0
1128.86,12.087630271911621,-0.04805590584874153,3.0905482029655427,-1.4328532977143684e-05,-0.0004076758369459423,0.0,-0.0,0.0,0.0026171404868364336,0.002379582636058331,0,0,True,0.0,0.0
1128.88,12.087630271911621,-0.04805590584874153,3.0905482029655427,-1.4328532977143684e-05,-0.0004076758369459423,0.0,-0.0,0.0,0.0026171404868364336,0.002379582636058331,0,0,True,0.0,0.0
1128.9,12.087630271911621,-0.04805590584874153,3.0905482029655427,-1.4328532977143684e-05,-0.0004076758369459423,0.0,-0.0,0.0,0.0026171404868364336,0.002379582636058331,0,0,True,0.0,0.0
1128.92,12.087630271911621,-0.04805590584874153,3.0905482029655427,-1.4328532977143684e-05,-0.0004076758369459423,0.0,-0.0,0.0,0.0026171404868364336,0.002379582636058331,0,0,True,0.0,0.0
1128.94,12.087630271911621,-0.04805590584874153,3.0905482029655427,-1.4328532977143684e-05,-0.0004076758369459423,0.0,-0.0,0.0,0.0026171404868364336,0.002379582636058331,0,0,True,0.0,0.0
1128.96,12.087630271911621,-0.04805590584874153,3.0905482029655427,-1.4328532977143684e-05,-0.0004076758369459423,0.0,-0.0,0.0,0.0026171404868364336,0.002379582636058331,0,0,True,0.0,0.0
1128.98,12.087630271911621,-0.04805590584874153,3.0905482029655427,-1.4328532977143684e-05,-0.0004076758369459423,0.0,-0.0,0.0,0.0026171404868364336,0.002379582636058331,0,0,True,0.0,0.0
1129.0,12.087630271911621,-0.04805590584874153,3.0905482029655427,-1.4328532977143684e-05,-0.0004076758369459423,0.0,-0.0,0.0,0.0026171404868364336,0.002379582636058331,0,0,True,0.0,0.0
1129.02,12.087630271911621,-0.04805590584874153,3.0905482029655427,-1.4328532977143684e-05,-0.0004076758369459423,0.0,-0.0,0.0,0.0026171404868364336,0.002379582636058331,0,0,True,0.0,0.0
1129.04,12.087630271911621,-0.04805590584874153,3.0905482029655427,-1.4328532977143684e-05,-0.0004076758369459423,0.0,-0.0,0.0,0.0026171404868364336,0.002379582636058331,0,0,True,0.0,0.0
1129.06,12.087630271911621,-0.04805590584874153,3.0905482029655427,-1.4328532977143684e-05,-0.0004076758369459423,0.0,-0.0,0.0,0.0026171404868364336,0.002379582636058331,0,0,True,0.0,0.0
1129.08,12.087630271911621,-0.04805590584874153,3.0905482029655427,-1.4328532977143684e-05,-0.0004076758369459423,0.0,-0.0,0.0,0.0026171404868364336,0.002379582636058331,0,0,True,0.0,0.0
1129.1,12.087630271911621,-0.04805590584874153,3.0905482029655427,-1.4328532977143684e-05,-0.0004076758369459423,0.0,-0.0,0.0,0.0026171404868364336,0.002379582636058331,0,0,True,0.0,0.0
1129.12,12.087630271911621,-0.04805590584874153,3.0905482029655427,-1.4328532977143684e-05,-0.0004076758369459423,0.0,-0.0,0.0,0.0026171404868364336,0.002379582636058331,0,0,True,0.0,0.0
1129.14,12.087630271911621,-0.04805590584874153,3.0905482029655427,-1.4328532977143684e-05,-0.0004076758369459423,0.0,-0.0,0.0,0.0026171404868364336,0.002379582636058331,0,0,True,0.0,0.0
1129.16,12.087630271911621,-0.04805590584874153,3.0905482029655427,-1.4328532977143684e-05,-0.0004076758369459423,0.0,-0.0,0.0,0.0026171404868364336,0.002379582636058331,0,0,True,0.0,0.0
1129.18,12.087630271911621,-0.04805590584874153,3.0905482029655427,-1.4328532977143684e-05,-0.0004076758369459423,0.0,-0.0,0.0,0.0026171404868364336,0.002379582636058331,0,0,True,0.0,0.0
1129.2,12.087630271911621,-0.04805590584874153,3.0905482029655427,-1.4328532977143684e-05,-0.0004076758369459423,0.0,-0.0,0.0,0.0026171404868364336,0.002379582636058331,0,0,True,0.0,0.0
1129.22,12.087630271911621,-0.04805590584874153,3.0905482029655427,-1.4328532977143684e-05,-0.0004076758369459423,0.0,-0.0,0.0,0.0026171404868364336,0.002379582636058331,0,0,True,0.0,0.0
1129.24,12.087630271911621,-0.04805590584874153,3.0905482029655427,-1.4328532977143684e-05,-0.0004076758369459423,0.0,-0.0,0.0,0.0026171404868364336,0.002379582636058331,0,0,True,0.0,0.0
1129.26,12.087630271911621,-0.04805590584874153,3.0905482029655427,-1.4328532977143684e-05,-0.0004076758369459423,0.0,-0.0,0.0,0.0026171404868364336,0.002379582636058331,0,0,True,0.0,0.0
1129.28,12.087630271911621,-0.04805590584874153,3.0905482029655427,-1.4328532977143684e-05,-0.0004076758369459423,0.0,-0.0,0.0,0.0026171404868364336,0.002379582636058331,0,0,True,0.0,0.0
1129.3,12.087630271911621,-0.04805590584874153,3.0905482029655427,-1.4328532977143684e-05,-0.0004076758369459423,0.0,-0.0,0.0,0.0026171404868364336,0.002379582636058331,0,0,True,0.0,0.0
1129.32,12.087630271911621,-0.04805590584874153,3.0905482029655427,-1.4328532977143684e-05,-0.0004076758369459423,0.0,-0.0,0.0,0.0026171404868364336,0.002379582636058331,0,0,True,0.0,0.0
1129.34,12.087630271911621,-0.04805590584874153,3.0905482029655427,-1.4328532977143684e-05,-0.0004076758369459423,0.0,-0.0,0.0,0.0026171404868364336,0.002379582636058331,0,0,True,0.0,0.0
1129.36,12.087630271911621,-0.04805590584874153,3.0905482029655427,-1.4328532977143684e-05,-0.0004076758369459423,0.0,-0.0,0.0,0.0026171404868364336,0.002379582636058331,0,0,True,0.0,0.0
1129.38,12.087630271911621,-0.04805590584874153,3.0905482029655427,-1.4328532977143684e-05,-0.0004076758369459423,0.0,-0.0,0.0,0.0026171404868364336,0.002379582636058331,0,0,True,0.0,0.0
1129.4,12.087630271911621,-0.04805590584874153,3.0905482029655427,-1.4328532977143684e-05,-0.0004076758369459423,0.0,-0.0,0.0,0.0026171404868364336,0.002379582636058331,0,0,True,0.0,0.0
1129.42,12.087630271911621,-0.04805590584874153,3.0905482029655427,-1.4328532977143684e-05,-0.0004076758369459423,0.0,-0.0,0.0,0.0026171404868364336,0.002379582636058331,0,0,True,0.0,0.0
1129.44,12.087630271911621,-0.04805590584874153,3.0905482029655427,-1.4328532977143684e-05,-0.0004076758369459423,0.0,-0.0,0.0,0.0026171404868364336,0.002379582636058331,0,0,True,0.0,0.0
1129.46,12.087630271911621,-0.04805590584874153,3.0905482029655427,-1.4328532977143684e-05,-0.0004076758369459423,0.0,-0.0,0.0,0.0026171404868364336,0.002379582636058331,0,0,True,0.0,0.0
1129.48,12.087630271911621,-0.04805590584874153,3.0905482029655427,-1.4328532977143684e-05,-0.0004076758369459423,0.0,-0.0,0.0,0.0026171404868364336,0.002379582636058331,0,0,True,0.0,0.0
1129.5,12.087630271911621,-0.04805590584874153,3.0905482029655427,-1.4328532977143684e-05,-0.0004076758369459423,0.0,-0.0,0.0,0.0026171404868364336,0.002379582636058331,0,0,True,0.0,0.0
1129.52,12.087630271911621,-0.04805590584874153,3.0905482029655427,-1.4328532977143684e-05,-0.0004076758369459423,0.0,-0.0,0.0,0.0026171404868364336,0.002379582636058331,0,0,True,0.0,0.0
1129.54,12.087630271911621,-0.04805590584874153,3.0905482029655427,-1.4328532977143684e-05,-0.0004076758369459423,0.0,-0.0,0.0,0.0026171404868364336,0.002379582636058331,0,0,True,0.0,0.0
1129.56,12.087630271911621,-0.04805590584874153,3.0905482029655427,-1.4328532977143684e-05,-0.0004076758369459423,0.0,-0.0,0.0,0.0026171404868364336,0.002379582636058331,0,0,True,0.0,0.0
1129.58,12.087630271911621,-0.04805590584874153,3.0905482029655427,-1.4328532977143684e-05,-0.0004076758369459423,0.0,-0.0,0.0,0.0026171404868364336,0.002379582636058331,0,0,True,0.0,0.0
1129.6,12.087630271911621,-0.04805590584874153,3.0905482029655427,-1.4328532977143684e-05,-0.0004076758369459423,0.0,-0.0,0.0,0.0026171404868364336,0.002379582636058331,0,0,True,0.0,0.0
1129.62,12.087630271911621,-0.04805590584874153,3.0905482029655427,-1.4328532977143684e-05,-0.0004076758369459423,0.0,-0.0,0.0,0.0026171404868364336,0.002379582636058331,0,0,True,0.0,0.0
1129.64,12.087630271911621,-0.04805590584874153,3.0905482029655427,-1.4328532977143684e-05,-0.0004076758369459423,0.0,-0.0,0.0,0.0026171404868364336,0.002379582636058331,0,0,True,0.0,0.0
1129.66,12.087630271911621,-0.04805590584874153,3.0905482029655427,-1.4328532977143684e-05,-0.0004076758369459423,0.0,-0.0,0.0,0.0026171404868364336,0.002379582636058331,0,0,True,0.0,0.0
1129.68,12.087630271911621,-0.04805590584874153,3.0905482029655427,-1.4328532977143684e-05,-0.0004076758369459423,0.0,-0.0,0.0,0.0026171404868364336,0.002379582636058331,0,0,True,0.0,0.0
1129.7,12.087630271911621,-0.04805590584874153,3.0905482029655427,-1.4328532977143684e-05,-0.0004076758369459423,0.0,-0.0,0.0,0.0026171404868364336,0.002379582636058331,0,0,True,0.002921778231884798,-0.05463293458993436
1129.72,12.087630271911621,-0.04805590584874153,3.0905482029655427,-1.4328532977143684e-05,-0.0004076758369459423,0.0,-0.0,0.0,0.0026171404868364336,0.002379582636058331,0,-0.05,True,-0.012770138500951697,-0.06182953817453352
1129.74,12.087630271911621,-0.04805590584874153,3.0905482029655427,-1.4328532977143684e-05,-0.0004076758369459423,0.00023374225855057125,-0.0008369469860389387,-0.0043706347671907736,0.0026171404868364336,0.002379582636058331,0,-0.05,True,-0.050618634239065916,-0.13957350645775876
1129.76,12.087630271911621,-0.04805590584874153,3.0905482029655427,-1.4328532977143684e-05,-0.0004076758369459423,-0.0010216110800752066,-0.001030983949464271,-0.004946363053958183,0.0026171404868364336,0.002379582636058331,0,-0.05,True,-0.09179862737413269,-0.22373841893407362
1129.78,12.087615013122559,-0.047988083213567734,3.0901985521841677,-2.6445317412843485e-05,-0.000268061038295583,-0.0040494907391215905,-0.0029592907656122444,-0.011165880516610546,0.0026171404868364336,0.002379582636058331,0,-0.05,True,-0.1364674416714946,-0.23504587496740462
1129.8,12.087716102600098,-0.04797770455479622,3.0901524939212264,4.179203084921042e-05,-0.00025790592079347565,-0.007343890189923936,-0.005046060710186689,-0.01789907351470961,0.002094994727522135,-0.007102385573089123,0,-0.05,True,-0.13326923641918093,-0.24491620546919887
1129.82,12.087965965270996,-0.04783611744642258,3.0896549325242146,-7.8999902262082e-07,-0.0001767435968786315,-0.010683653075159068,-0.007118136904563802,-0.023174304764566042,-0.0006382592208683492,-0.02046048477292061,0,-0.05,True,-0.07710590014877507,-0.0699369201814273
1129.84,12.088237762451172,-0.04768296331167221,3.089116277084367,-7.534349772572431e-06,-0.0001844916102138125,-0.011683149993599986,-0.007567119244805829,-0.024539659491476275,0.006328507401049138,-0.0145989927649498,0,-0.05,True,0.022076576603437894,0.05012518238682401
1129.86,12.08849811553955,-0.04746377095580101,3.088344607803004,-2.544284141386543e-05,-0.0003443100432626359,-0.010217962751017986,-0.005167253579738458,-0.01676083413111964,-0.002034810371696949,-0.014153158441185953,0,-0.05,True,0.09581581571152993,0.22231696418458524
1129.88,12.0886812210083,-0.04742219299077988,3.0881893211619045,-0.00010518845237973678,-0.0001785654588490419,-0.005577764061645491,-0.004191977536887628,-0.013889058923755939,-0.0034577183611691,-0.034679836630821234,0,-0.05,True,0.13235661629538029,0.2842804451694439
1129.9,12.088804244995117,-0.04746682941913605,3.0883140657937225,1.1297600277604828e-05,-0.000162650581496448,-0.003018387818221859,-0.0016024653880117115,-0.0053889476297648495,-0.005913062989711762,-0.009444608688354493,0,-0.05,True,0.1155642023891218,0.12087391230296533
1129.92,12.088701248168945,-0.04737190157175064,3.0880051523704646,-0.0003291964099459012,-0.00047262523184871634,-0.001094620689949099,-0.0005137596866948268,-0.0017972238778768104,-0.002158980201929808,-0.006794509962201119,0,-0.05,True,0.042538282175784016,0.1760123096462495
1129.94,12.088746070861816,-0.047348614782094955,3.087913491992622,-0.0002767685482111828,-0.0003829031827231349,-0.0009728265598703753,0.00099739818503979,-0.007090921146863725,0.008032151982188226,-0.002527842037379742,0,-0.05,True,0.012171824031825465,0.07359541997939215
1129.96,12.088770866394043,-0.047385841608047485,3.0880455432516745,-0.0004849314076863775,-0.0003152674982778503,-0.0021747014875858643,3.69086914335941e-05,0.00019192584793121495,-0.0003036852926015854,-0.0027610975690186028,0,-0.05,True,-0.0020165013191944864,-0.012471383880908106
1129.98,12.08887767791748,-0.04755068197846413,3.087746792101974,2.4847026234134288e-05,-0.00016540295644738604,-0.0020446418956767075,5.945143092366208e-05,0.0004986859685811679,0.056918475106358536,-0.0035913465917110448,0,-0.05,True,0.00458320387045348,0.13243093395957026
1130.0,12.088874816894531,-0.04738416150212288,3.088020506438299,-0.00029801929857471883,-0.0003030992392483929,-0.0012559407954845113,0.0004908494892410282,-0.0027949345883485515,-0.0043963054567575455,-0.005101851113140584,0,-0.05,True,0.015255468516461501,-0.01470699692823662
1130.02,12.088909149169922,-0.04736216738820076,3.0879533868701086,-0.000340255124225643,-0.0003684636855568513,-0.0006061702502344303,-0.0020509238439540074,0.0035035535698922588,9.429363533854485e-05,-0.0005633416026830674,0,-0.05,True,0.0075891700050186445,0.005944575594562786
1130.04,12.088869094848633,-0.047430433332920074,3.087821948484607,-0.00022471520632721492,-0.0006908689405425239,-0.0009542640062700543,-0.00023649606390855864,-0.0009846339063266445,-0.0009238710766658188,-0.0028536544740200044,0,-0.05,True,-0.011968780037470829,0.06510787471059784
1130.06,12.088934898376465,-0.0473894439637661,3.088027076387565,-0.0003571990454318233,-0.0004259570822124853,-0.0014375082952757681,0.00031482915888566616,0.0009742520161457582,0.00015782755333930255,-0.0010967350378632546,0,-0.05,True,-0.02029046311853986,-0.03707903581314279
1130.08,12.08895206451416,-0.047369372099637985,3.087941735725793,-0.0003021073079039326,-0.0004391573767241431,-0.0022134431984813067,-0.0005757796958574195,0.002413695388494538,0.06129620928317309,-0.005239760410040617,0,-0.05,True,-0.019034154149952277,0.019798392079607163
1130.1,12.089022636413574,-0.047393474727869034,3.0880313270314,-0.0004234909866115917,-0.00018828286627242582,-0.002229407299716143,0.00016656914435554497,0.0005372307048435329,4.376403987407685e-05,-0.0017905709333717824,0,-0.05,True,0.005663860518432247,-0.00867425985894119
1130.12,12.089048385620117,-0.047393932938575745,3.088015044115686,-0.000339073331118876,-0.0002798719791479673,-0.0024769963382648514,0.00010848732979800403,0.0005992374600404881,-0.002836545985192061,-0.002921081986278296,0,-0.05,True,0.0369646570692103,-0.03177000239263276
1130.14,12.089112281799316,-0.04741229861974716,3.0880700548439526,-0.0003325658614534423,-0.0002950747861036952,-0.0009843994538003126,0.00010231642923017395,0.00028031122742912197,0.00868541351519525,-0.00099418880417943,0,-0.05,True,0.03633842993859837,-0.01689759875421996
1130.16,12.089149475097656,-0.047388650476932526,3.0879896747225963,-0.00029141467819569745,-0.0002815460076587898,0.0007437293670612329,-6.651241605180666e-05,-0.0001279048029209943,-0.002274871747940779,-0.002229979941621423,0,-0.05,True,0.05518496146073104,-0.056755478440088686
1130.18,12.08910083770752,-0.04740586131811142,3.0880537519295945,-0.00046012052290955453,-0.0004393954529138388,0.0006776670953773454,-0.0001705008641170693,-0.0008145771954966766,-0.001110506905242801,-0.002254917472600937,0,-0.05,True,0.029082858052899844,-0.06278096412609001
1130.2,12.0889892578125,-0.047385431826114655,3.0880048117314525,-0.00042121419076012606,-0.0006912746837755711,0.0019378005786021644,0.0019315853367335117,-0.003941200815175382,0.0028999601770192387,-2.0214784890413287e-05,0,-0.05,True,-0.01010676306826965,-0.050031357786998805
1130.22,12.089058876037598,-0.04739577695727348,3.088004888668313,-0.00047601391916188697,-0.0002763064791943947,0.0013422291904295592,0.001684194473554648,-0.004742165902653511,0.001814570212736726,0.0012937179720029237,0,-0.05,True,0.0016681676155136226,-0.041459974264238454
1130.24,12.08898639678955,-0.047534652054309845,3.0876743786573826,-0.0002109729651586196,-0.00032996471220078416,-6.481167839960368e-05,0.0018644695296005337,-0.004130413425877258,-0.002123200623318553,-0.00033451890572905546,0,-0.05,True,-0.024222507232549085,0.04926501018973708
1130.26,12.08898639678955,-0.047534652054309845,3.0876743786573826,-0.0002109729651586196,-0.00032996471220078416,0.0008111205046183138,0.0017822417654400804,-0.004131375136632736,0.0021522292494773865,0.001632574759423733,0,-0.05,True,-0.016777864880384748,0.059277073783222806
1130.28,12.08898639678955,-0.047534652054309845,3.0876743786573826,-0.0002109729651586196,-0.00032996471220078416,0.0,-0.0,0.0,0.00244934156537056,0.0020870756544172767,0,-0.05,True,0.0008101459799957828,0.051630167823512686
1130.3,12.08898639678955,-0.047534652054309845,3.0876743786573826,-0.0002109729651586196,-0.00032996471220078416,0.0,-0.0,0.0,0.00244934156537056,0.0020870756544172767,0,-0.05,True,-0.010139006307738145,0.05164218920795617
1130.32,12.08898639678955,-0.047534652054309845,3.0876743786573826,-0.0002109729651586196,-0.00032996471220078416,0.0,-0.0,0.0,0.00244934156537056,0.0020870756544172767,0,-0.05,True,0.0,0.0
1130.34,12.08898639678955,-0.047534652054309845,3.0876743786573826,-0.0002109729651586196,-0.00032996471220078416,0.0,-0.0,0.0,0.00244934156537056,0.0020870756544172767,0,-0.05,True,0.0,0.0
1130.36,12.08898639678955,-0.047534652054309845,3.0876743786573826,-0.0002109729651586196,-0.00032996471220078416,0.0,-0.0,0.0,0.00244934156537056,0.0020870756544172767,0,-0.05,True,0.0,0.0
1130.38,12.08898639678955,-0.047534652054309845,3.0876743786573826,-0.0002109729651586196,-0.00032996471220078416,0.0,-0.0,0.0,0.00244934156537056,0.0020870756544172767,0,-0.05,True,0.0,0.0
1130.4,12.08898639678955,-0.047534652054309845,3.0876743786573826,-0.0002109729651586196,-0.00032996471220078416,0.0,-0.0,0.0,0.00244934156537056,0.0020870756544172767,0,-0.05,True,0.0,0.0
1130.42,12.08898639678955,-0.047534652054309845,3.0876743786573826,-0.0002109729651586196,-0.00032996471220078416,0.0,-0.0,0.0,0.00244934156537056,0.0020870756544172767,0,-0.05,True,0.0,0.0
1130.44,12.08898639678955,-0.047534652054309845,3.0876743786573826,-0.0002109729651586196,-0.00032996471220078416,0.0,-0.0,0.0,0.00244934156537056,0.0020870756544172767,0,-0.05,True,0.0,0.0
1130.46,12.08898639678955,-0.047534652054309845,3.0876743786573826,-0.0002109729651586196,-0.00032996471220078416,0.0,-0.0,0.0,0.00244934156537056,0.0020870756544172767,0,-0.05,True,0.0,0.0
1130.48,12.08898639678955,-0.047534652054309845,3.0876743786573826,-0.0002109729651586196,-0.00032996471220078416,0.0,-0.0,0.0,0.00244934156537056,0.0020870756544172767,0,-0.05,True,0.0,0.0
1130.5,12.08898639678955,-0.047534652054309845,3.0876743786573826,-0.0002109729651586196,-0.00032996471220078416,0.0,-0.0,0.0,0.00244934156537056,0.0020870756544172767,0,-0.05,True,0.0,0.0
1130.52,12.08898639678955,-0.047534652054309845,3.0876743786573826,-0.0002109729651586196,-0.00032996471220078416,0.0,-0.0,0.0,0.00244934156537056,0.0020870756544172767,0,-0.05,True,0.0,0.0
1130.54,12.08898639678955,-0.047534652054309845,3.0876743786573826,-0.0002109729651586196,-0.00032996471220078416,0.0,-0.0,0.0,0.00244934156537056,0.0020870756544172767,0,-0.05,True,0.0,0.0
1130.56,12.08898639678955,-0.047534652054309845,3.0876743786573826,-0.0002109729651586196,-0.00032996471220078416,0.0,-0.0,0.0,0.00244934156537056,0.0020870756544172767,0,-0.05,True,0.0,0.0
1130.58,12.08898639678955,-0.047534652054309845,3.0876743786573826,-0.0002109729651586196,-0.00032996471220078416,0.0,-0.0,0.0,0.00244934156537056,0.0020870756544172767,0,-0.05,True,0.0,0.0
1130.6,12.08898639678955,-0.047534652054309845,3.0876743786573826,-0.0002109729651586196,-0.00032996471220078416,0.0,-0.0,0.0,0.00244934156537056,0.0020870756544172767,0,-0.05,True,0.0,0.0
1130.62,12.08898639678955,-0.047534652054309845,3.0876743786573826,-0.0002109729651586196,-0.00032996471220078416,0.0,-0.0,0.0,0.00244934156537056,0.0020870756544172767,0,-0.05,True,0.0,0.0
1130.64,12.08898639678955,-0.047534652054309845,3.0876743786573826,-0.0002109729651586196,-0.00032996471220078416,0.0,-0.0,0.0,0.00244934156537056,0.0020870756544172767,0,-0.05,True,0.0,0.0
1130.66,12.08898639678955,-0.047534652054309845,3.0876743786573826,-0.0002109729651586196,-0.00032996471220078416,0.0,-0.0,0.0,0.00244934156537056,0.0020870756544172767,0,-0.05,True,0.0,0.0
1130.68,12.08898639678955,-0.047534652054309845,3.0876743786573826,-0.0002109729651586196,-0.00032996471220078416,0.0,-0.0,0.0,0.00244934156537056,0.0020870756544172767,0,-0.05,True,0.0,0.0
1130.7,12.08898639678955,-0.047534652054309845,3.0876743786573826,-0.0002109729651586196,-0.00032996471220078416,0.0,-0.0,0.0,0.00244934156537056,0.0020870756544172767,0,-0.05,True,0.0,0.0
1130.72,12.08898639678955,-0.047534652054309845,3.0876743786573826,-0.0002109729651586196,-0.00032996471220078416,0.0,-0.0,0.0,0.00244934156537056,0.0020870756544172767,0,-0.05,True,0.0,0.0
1130.74,12.08898639678955,-0.047534652054309845,3.0876743786573826,-0.0002109729651586196,-0.00032996471220078416,0.0,-0.0,0.0,0.00244934156537056,0.0020870756544172767,0,-0.05,True,0.0,0.0
1130.76,12.08898639678955,-0.047534652054309845,3.0876743786573826,-0.0002109729651586196,-0.00032996471220078416,0.0,-0.0,0.0,0.00244934156537056,0.0020870756544172767,0,-0.05,True,0.0,0.0
1130.78,12.08898639678955,-0.047534652054309845,3.0876743786573826,-0.0002109729651586196,-0.00032996471220078416,0.0,-0.0,0.0,0.00244934156537056,0.0020870756544172767,0,-0.05,True,0.0,0.0
1130.8,12.08898639678955,-0.047534652054309845,3.0876743786573826,-0.0002109729651586196,-0.00032996471220078416,0.0,-0.0,0.0,0.00244934156537056,0.0020870756544172767,0,-0.05,True,0.0,0.0
1130.82,12.08898639678955,-0.047534652054309845,3.0876743786573826,-0.0002109729651586196,-0.00032996471220078416,0.0,-0.0,0.0,0.00244934156537056,0.0020870756544172767,0,-0.05,True,0.0,0.0
1130.84,12.08898639678955,-0.047534652054309845,3.0876743786573826,-0.0002109729651586196,-0.00032996471220078416,0.0,-0.0,0.0,0.00244934156537056,0.0020870756544172767,0,-0.05,True,0.0,0.0
1130.86,12.08898639678955,-0.047534652054309845,3.0876743786573826,-0.0002109729651586196,-0.00032996471220078416,0.0,-0.0,0.0,0.00244934156537056,0.0020870756544172767,0,-0.05,True,0.0,0.0
1130.88,12.08898639678955,-0.047534652054309845,3.0876743786573826,-0.0002109729651586196,-0.00032996471220078416,0.0,-0.0,0.0,0.00244934156537056,0.0020870756544172767,0,-0.05,True,0.0,0.0
1130.9,12.08898639678955,-0.047534652054309845,3.0876743786573826,-0.0002109729651586196,-0.00032996471220078416,0.0,-0.0,0.0,0.00244934156537056,0.0020870756544172767,0,-0.05,True,0.0,0.0
1130.92,12.08898639678955,-0.047534652054309845,3.0876743786573826,-0.0002109729651586196,-0.00032996471220078416,0.0,-0.0,0.0,0.00244934156537056,0.0020870756544172767,0,-0.05,True,0.0,0.0
1130.94,12.08898639678955,-0.047534652054309845,3.0876743786573826,-0.0002109729651586196,-0.00032996471220078416,0.0,-0.0,0.0,0.00244934156537056,0.0020870756544172767,0,-0.05,True,0.0,0.0
1130.96,12.08898639678955,-0.047534652054309845,3.0876743786573826,-0.0002109729651586196,-0.00032996471220078416,0.0,-0.0,0.0,0.00244934156537056,0.0020870756544172767,0,-0.05,True,0.0,0.0
1130.98,12.08898639678955,-0.047534652054309845,3.0876743786573826,-0.0002109729651586196,-0.00032996471220078416,0.0,-0.0,0.0,0.00244934156537056,0.0020870756544172767,0,-0.05,True,0.0,0.0
1131.0,12.08898639678955,-0.047534652054309845,3.0876743786573826,-0.0002109729651586196,-0.00032996471220078416,0.0,-0.0,0.0,0.00244934156537056,0.0020870756544172767,0,-0.05,True,0.0,0.0
1131.02,12.08898639678955,-0.047534652054309845,3.0876743786573826,-0.0002109729651586196,-0.00032996471220078416,0.0,-0.0,0.0,0.00244934156537056,0.0020870756544172767,0,-0.05,True,0.0,0.0
1131.04,12.08898639678955,-0.047534652054309845,3.0876743786573826,-0.0002109729651586196,-0.00032996471220078416,0.0,-0.0,0.0,0.00244934156537056,0.0020870756544172767,0,-0.05,True,0.0,0.0
1131.06,12.08898639678955,-0.047534652054309845,3.0876743786573826,-0.0002109729651586196,-0.00032996471220078416,0.0,-0.0,0.0,0.00244934156537056,0.0020870756544172767,0,-0.05,True,0.0,0.0
1131.08,12.08898639678955,-0.047534652054309845,3.0876743786573826,-0.0002109729651586196,-0.00032996471220078416,0.0,-0.0,0.0,0.00244934156537056,0.0020870756544172767,0,-0.05,True,0.0,0.0
1131.1,12.08898639678955,-0.047534652054309845,3.0876743786573826,-0.0002109729651586196,-0.00032996471220078416,0.0,-0.0,0.0,0.00244934156537056,0.0020870756544172767,0,-0.05,True,0.0,0.0
1131.12,12.08898639678955,-0.047534652054309845,3.0876743786573826,-0.0002109729651586196,-0.00032996471220078416,0.0,-0.0,0.0,0.00244934156537056,0.0020870756544172767,0,-0.05,True,0.0,0.0
1131.14,12.08898639678955,-0.047534652054309845,3.0876743786573826,-0.0002109729651586196,-0.00032996471220078416,0.0,-0.0,0.0,0.00244934156537056,0.0020870756544172767,0,-0.05,True,0.0,0.0
1131.16,12.08898639678955,-0.047534652054309845,3.0876743786573826,-0.0002109729651586196,-0.00032996471220078416,0.0,-0.0,0.0,0.00244934156537056,0.0020870756544172767,0,-0.05,True,0.0,0.0
1131.18,12.08898639678955,-0.047534652054309845,3.0876743786573826,-0.0002109729651586196,-0.00032996471220078416,0.0,-0.0,0.0,0.00244934156537056,0.0020870756544172767,0,-0.05,True,0.0,0.0
1131.2,12.08898639678955,-0.047534652054309845,3.0876743786573826,-0.0002109729651586196,-0.00032996471220078416,0.0,-0.0,0.0,0.00244934156537056,0.0020870756544172767,0,-0.05,True,0.0,0.0
1131.22,12.08898639678955,-0.047534652054309845,3.0876743786573826,-0.0002109729651586196,-0.00032996471220078416,0.0,-0.0,0.0,0.00244934156537056,0.0020870756544172767,0,-0.05,True,0.0,0.0
1131.24,12.08898639678955,-0.047534652054309845,3.0876743786573826,-0.0002109729651586196,-0.00032996471220078416,0.0,-0.0,0.0,0.00244934156537056,0.0020870756544172767,0,-0.05,True,0.0,0.0
1131.26,12.08898639678955,-0.047534652054309845,3.0876743786573826,-0.0002109729651586196,-0.00032996471220078416,0.0,-0.0,0.0,0.00244934156537056,0.0020870756544172767,0,-0.05,True,0.0,0.0
1131.28,12.08898639678955,-0.047534652054309845,3.0876743786573826,-0.0002109729651586196,-0.00032996471220078416,0.0,-0.0,0.0,0.00244934156537056,0.0020870756544172767,0,-0.05,True,0.0,0.0
1131.3,12.08898639678955,-0.047534652054309845,3.0876743786573826,-0.0002109729651586196,-0.00032996471220078416,0.0,-0.0,0.0,0.00244934156537056,0.0020870756544172767,0,-0.05,True,0.0,0.0
1131.32,12.08898639678955,-0.047534652054309845,3.0876743786573826,-0.0002109729651586196,-0.00032996471220078416,0.0,-0.0,0.0,0.00244934156537056,0.0020870756544172767,0,-0.05,True,0.0,0.0
1131.34,12.08898639678955,-0.047534652054309845,3.0876743786573826,-0.0002109729651586196,-0.00032996471220078416,0.0,-0.0,0.0,0.00244934156537056,0.0020870756544172767,0,-0.05,True,0.0,0.0
1131.36,12.08898639678955,-0.047534652054309845,3.0876743786573826,-0.0002109729651586196,-0.00032996471220078416,0.0,-0.0,0.0,0.00244934156537056,0.0020870756544172767,0,-0.05,True,0.0,0.0
1131.38,12.08898639678955,-0.047534652054309845,3.0876743786573826,-0.0002109729651586196,-0.00032996471220078416,0.0,-0.0,0.0,0.00244934156537056,0.0020870756544172767,0,-0.05,True,0.0,0.0
1131.4,12.08898639678955,-0.047534652054309845,3.0876743786573826,-0.0002109729651586196,-0.00032996471220078416,0.0,-0.0,0.0,0.00244934156537056,0.0020870756544172767,0,-0.05,True,0.0,0.0
1131.42,12.08898639678955,-0.047534652054309845,3.0876743786573826,-0.0002109729651586196,-0.00032996471220078416,0.0,-0.0,0.0,0.00244934156537056,0.0020870756544172767,0,-0.05,True,0.0,0.0
1131.44,12.08898639678955,-0.047534652054309845,3.0876743786573826,-0.0002109729651586196,-0.00032996471220078416,0.0,-0.0,0.0,0.00244934156537056,0.0020870756544172767,0,-0.05,True,0.0,0.0
1131.46,12.08898639678955,-0.047534652054309845,3.0876743786573826,-0.0002109729651586196,-0.00032996471220078416,0.0,-0.0,0.0,0.00244934156537056,0.0020870756544172767,0,-0.05,True,0.0,0.0
1131.48,12.08898639678955,-0.047534652054309845,3.0876743786573826,-0.0002109729651586196,-0.00032996471220078416,0.0,-0.0,0.0,0.00244934156537056,0.0020870756544172767,0,-0.05,True,0.0,0.0
1131.5,12.08898639678955,-0.047534652054309845,3.0876743786573826,-0.0002109729651586196,-0.00032996471220078416,0.0,-0.0,0.0,0.00244934156537056,0.0020870756544172767,0,-0.05,True,0.0,0.0
1131.52,12.08898639678955,-0.047534652054309845,3.0876743786573826,-0.0002109729651586196,-0.00032996471220078416,0.0,-0.0,0.0,0.00244934156537056,0.0020870756544172767,0,-0.05,True,0.0,0.0
1131.54,12.08898639678955,-0.047534652054309845,3.0876743786573826,-0.0002109729651586196,-0.00032996471220078416,0.0,-0.0,0.0,0.00244934156537056,0.0020870756544172767,0,-0.05,True,0.0,0.0
1131.56,12.08898639678955,-0.047534652054309845,3.0876743786573826,-0.0002109729651586196,-0.00032996471220078416,0.0,-0.0,0.0,0.00244934156537056,0.0020870756544172767,0,-0.05,True,0.0,0.0
1131.58,12.08898639678955,-0.047534652054309845,3.0876743786573826,-0.0002109729651586196,-0.00032996471220078416,0.0,-0.0,0.0,0.00244934156537056,0.0020870756544172767,0,-0.05,True,0.0,0.0
1131.6,12.08898639678955,-0.047534652054309845,3.0876743786573826,-0.0002109729651586196,-0.00032996471220078416,0.0,-0.0,0.0,0.00244934156537056,0.0020870756544172767,0,-0.05,True,0.0,0.0
1131.62,12.08898639678955,-0.047534652054309845,3.0876743786573826,-0.0002109729651586196,-0.00032996471220078416,0.0,-0.0,0.0,0.00244934156537056,0.0020870756544172767,0,-0.05,True,0.0,0.0
1131.64,12.08898639678955,-0.047534652054309845,3.0876743786573826,-0.0002109729651586196,-0.00032996471220078416,0.0,-0.0,0.0,0.00244934156537056,0.0020870756544172767,0,-0.05,True,0.0,0.0
1131.66,12.08898639678955,-0.047534652054309845,3.0876743786573826,-0.0002109729651586196,-0.00032996471220078416,0.0,-0.0,0.0,0.00244934156537056,0.0020870756544172767,0,-0.05,True,0.0,0.0
1131.68,12.08898639678955,-0.047534652054309845,3.0876743786573826,-0.0002109729651586196,-0.00032996471220078416,0.0,-0.0,0.0,0.00244934156537056,0.0020870756544172767,0,-0.05,True,0.0,0.0
1131.7,12.08898639678955,-0.047534652054309845,3.0876743786573826,-0.0002109729651586196,-0.00032996471220078416,0.0,-0.0,0.0,0.00244934156537056,0.0020870756544172767,0,-0.05,True,0.0,0.0
1131.72,12.08898639678955,-0.047534652054309845,3.0876743786573826,-0.0002109729651586196,-0.00032996471220078416,0.0,-0.0,0.0,0.00244934156537056,0.0020870756544172767,0,-0.05,True,0.0,0.0
1131.74,12.08898639678955,-0.047534652054309845,3.0876743786573826,-0.0002109729651586196,-0.00032996471220078416,0.0,-0.0,0.0,0.00244934156537056,0.0020870756544172767,0,-0.05,True,0.0,0.0
1131.76,12.08898639678955,-0.047534652054309845,3.0876743786573826,-0.0002109729651586196,-0.00032996471220078416,0.0,-0.0,0.0,0.00244934156537056,0.0020870756544172767,0,-0.05,True,0.0,0.0
1131.78,12.08898639678955,-0.047534652054309845,3.0876743786573826,-0.0002109729651586196,-0.00032996471220078416,0.0,-0.0,0.0,0.00244934156537056,0.0020870756544172767,0,-0.05,True,0.0,0.0
1131.8,12.08898639678955,-0.047534652054309845,3.0876743786573826,-0.0002109729651586196,-0.00032996471220078416,0.0,-0.0,0.0,0.00244934156537056,0.0020870756544172767,0,-0.05,True,0.0,0.0
1131.82,12.08898639678955,-0.047534652054309845,3.0876743786573826,-0.0002109729651586196,-0.00032996471220078416,0.0,-0.0,0.0,0.00244934156537056,0.0020870756544172767,0,-0.05,True,0.0,0.0
1131.84,12.08898639678955,-0.047534652054309845,3.0876743786573826,-0.0002109729651586196,-0.00032996471220078416,0.0,-0.0,0.0,0.00244934156537056,0.0020870756544172767,0,-0.05,True,0.0,0.0
1131.86,12.08898639678955,-0.047534652054309845,3.0876743786573826,-0.0002109729651586196,-0.00032996471220078416,0.0,-0.0,0.0,0.00244934156537056,0.0020870756544172767,0,-0.05,True,0.0,0.0
1131.88,12.08898639678955,-0.047534652054309845,3.0876743786573826,-0.0002109729651586196,-0.00032996471220078416,0.0,-0.0,0.0,0.00244934156537056,0.0020870756544172767,0,-0.05,True,0.0,0.0
1131.9,12.08898639678955,-0.047534652054309845,3.0876743786573826,-0.0002109729651586196,-0.00032996471220078416,0.0,-0.0,0.0,0.00244934156537056,0.0020870756544172767,0,-0.05,True,0.0,0.0
1131.92,12.08898639678955,-0.047534652054309845,3.0876743786573826,-0.0002109729651586196,-0.00032996471220078416,0.0,-0.0,0.0,0.00244934156537056,0.0020870756544172767,0,-0.05,True,0.0,0.0
1131.94,12.08898639678955,-0.047534652054309845,3.0876743786573826,-0.0002109729651586196,-0.00032996471220078416,0.0,-0.0,0.0,0.00244934156537056,0.0020870756544172767,0,-0.05,True,0.0,0.0
1131.96,12.08898639678955,-0.047534652054309845,3.0876743786573826,-0.0002109729651586196,-0.00032996471220078416,0.0,-0.0,0.0,0.00244934156537056,0.0020870756544172767,0,-0.05,True,0.0,0.0
1131.98,12.08898639678955,-0.047534652054309845,3.0876743786573826,-0.0002109729651586196,-0.00032996471220078416,0.0,-0.0,0.0,0.00244934156537056,0.0020870756544172767,0,-0.05,True,0.0,0.0
1132.0,12.08898639678955,-0.047534652054309845,3.0876743786573826,-0.0002109729651586196,-0.00032996471220078416,0.0,-0.0,0.0,0.00244934156537056,0.0020870756544172767,0,-0.05,True,0.0,0.0
1132.02,12.08898639678955,-0.047534652054309845,3.0876743786573826,-0.0002109729651586196,-0.00032996471220078416,0.0,-0.0,0.0,0.00244934156537056,0.0020870756544172767,0,-0.05,True,0.0,0.0
1132.04,12.08898639678955,-0.047534652054309845,3.0876743786573826,-0.0002109729651586196,-0.00032996471220078416,0.0,-0.0,0.0,0.00244934156537056,0.0020870756544172767,0,-0.05,True,0.0,0.0
1132.06,12.08898639678955,-0.047534652054309845,3.0876743786573826,-0.0002109729651586196,-0.00032996471220078416,0.0,-0.0,0.0,0.00244934156537056,0.0020870756544172767,0,-0.05,True,0.0,0.0
1132.08,12.08898639678955,-0.047534652054309845,3.0876743786573826,-0.0002109729651586196,-0.00032996471220078416,0.0,-0.0,0.0,0.00244934156537056,0.0020870756544172767,0,-0.05,True,0.0,0.0
1132.1,12.08898639678955,-0.047534652054309845,3.0876743786573826,-0.0002109729651586196,-0.00032996471220078416,0.0,-0.0,0.0,0.00244934156537056,0.0020870756544172767,0,-0.05,True,0.0,0.0
1132.12,12.08898639678955,-0.047534652054309845,3.0876743786573826,-0.0002109729651586196,-0.00032996471220078416,0.0,-0.0,0.0,0.00244934156537056,0.0020870756544172767,0,-0.05,True,0.0,0.0
1132.14,12.08898639678955,-0.047534652054309845,3.0876743786573826,-0.0002109729651586196,-0.00032996471220078416,0.0,-0.0,0.0,0.00244934156537056,0.0020870756544172767,0,-0.05,True,0.0,0.0
1132.16,12.08898639678955,-0.047534652054309845,3.0876743786573826,-0.0002109729651586196,-0.00032996471220078416,0.0,-0.0,0.0,0.00244934156537056,0.0020870756544172767,0,-0.05,True,0.0,0.0
1132.18,12.08898639678955,-0.047534652054309845,3.0876743786573826,-0.0002109729651586196,-0.00032996471220078416,0.0,-0.0,0.0,0.00244934156537056,0.0020870756544172767,0,-0.05,True,0.0,0.0
1132.2,12.08898639678955,-0.047534652054309845,3.0876743786573826,-0.0002109729651586196,-0.00032996471220078416,0.0,-0.0,0.0,0.00244934156537056,0.0020870756544172767,0,-0.05,True,0.0,0.0
1132.22,12.08898639678955,-0.047534652054309845,3.0876743786573826,-0.0002109729651586196,-0.00032996471220078416,0.0,-0.0,0.0,0.00244934156537056,0.0020870756544172767,0,-0.05,True,0.0,0.0
1132.24,12.08898639678955,-0.047534652054309845,3.0876743786573826,-0.0002109729651586196,-0.00032996471220078416,0.0,-0.0,0.0,0.00244934156537056,0.0020870756544172767,0,-0.05,True,0.0,0.0
1132.26,12.08898639678955,-0.047534652054309845,3.0876743786573826,-0.0002109729651586196,-0.00032996471220078416,0.0,-0.0,0.0,0.00244934156537056,0.0020870756544172767,0,-0.05,True,0.0,0.0
1132.28,12.08898639678955,-0.047534652054309845,3.0876743786573826,-0.0002109729651586196,-0.00032996471220078416,0.0,-0.0,0.0,0.00244934156537056,0.0020870756544172767,0,-0.05,True,0.0,0.0
1132.3,12.08898639678955,-0.047534652054309845,3.0876743786573826,-0.0002109729651586196,-0.00032996471220078416,0.0,-0.0,0.0,0.00244934156537056,0.0020870756544172767,0,-0.05,True,0.0,0.0
1132.32,12.08898639678955,-0.047534652054309845,3.0876743786573826,-0.0002109729651586196,-0.00032996471220078416,0.0,-0.0,0.0,0.00244934156537056,0.0020870756544172767,0,-0.05,True,0.0,0.0
1132.34,12.08898639678955,-0.047534652054309845,3.0876743786573826,-0.0002109729651586196,-0.00032996471220078416,0.0,-0.0,0.0,0.00244934156537056,0.0020870756544172767,0,-0.05,True,0.0,0.0
1132.36,12.08898639678955,-0.047534652054309845,3.0876743786573826,-0.0002109729651586196,-0.00032996471220078416,0.0,-0.0,0.0,0.00244934156537056,0.0020870756544172767,0,-0.05,True,0.0,0.0
1132.38,12.08898639678955,-0.047534652054309845,3.0876743786573826,-0.0002109729651586196,-0.00032996471220078416,0.0,-0.0,0.0,0.00244934156537056,0.0020870756544172767,0,-0.05,True,0.0,0.0
1132.4,12.08898639678955,-0.047534652054309845,3.0876743786573826,-0.0002109729651586196,-0.00032996471220078416,0.0,-0.0,0.0,0.00244934156537056,0.0020870756544172767,0,-0.05,True,0.0,0.0
1132.42,12.08898639678955,-0.047534652054309845,3.0876743786573826,-0.0002109729651586196,-0.00032996471220078416,0.0,-0.0,0.0,0.00244934156537056,0.0020870756544172767,0,-0.05,True,0.0,0.0
1132.44,12.08898639678955,-0.047534652054309845,3.0876743786573826,-0.0002109729651586196,-0.00032996471220078416,0.0,-0.0,0.0,0.00244934156537056,0.0020870756544172767,0,-0.05,True,0.0,0.0
1132.46,12.08898639678955,-0.047534652054309845,3.0876743786573826,-0.0002109729651586196,-0.00032996471220078416,0.0,-0.0,0.0,0.00244934156537056,0.0020870756544172767,0,-0.05,True,0.0,0.0
1132.48,12.08898639678955,-0.047534652054309845,3.0876743786573826,-0.0002109729651586196,-0.00032996471220078416,0.0,-0.0,0.0,0.00244934156537056,0.0020870756544172767,0,-0.05,True,0.0,0.0
1132.5,12.08898639678955,-0.047534652054309845,3.0876743786573826,-0.0002109729651586196,-0.00032996471220078416,0.0,-0.0,0.0,0.00244934156537056,0.0020870756544172767,0,-0.05,True,0.0,0.0
1132.52,12.08898639678955,-0.047534652054309845,3.0876743786573826,-0.0002109729651586196,-0.00032996471220078416,0.0,-0.0,0.0,0.00244934156537056,0.0020870756544172767,0,-0.05,True,0.0,0.0
1132.54,12.08898639678955,-0.047534652054309845,3.0876743786573826,-0.0002109729651586196,-0.00032996471220078416,0.0,-0.0,0.0,0.00244934156537056,0.0020870756544172767,0,-0.05,True,0.0,0.0
1132.56,12.08898639678955,-0.047534652054309845,3.0876743786573826,-0.0002109729651586196,-0.00032996471220078416,0.0,-0.0,0.0,0.00244934156537056,0.0020870756544172767,0,-0.05,True,0.0,0.0
1132.58,12.08898639678955,-0.047534652054309845,3.0876743786573826,-0.0002109729651586196,-0.00032996471220078416,0.0,-0.0,0.0,0.00244934156537056,0.0020870756544172767,0,-0.05,True,0.0,0.0
1132.6,12.08898639678955,-0.047534652054309845,3.0876743786573826,-0.0002109729651586196,-0.00032996471220078416,0.0,-0.0,0.0,0.00244934156537056,0.0020870756544172767,0,-0.05,True,0.0,0.0
1132.62,12.08898639678955,-0.047534652054309845,3.0876743786573826,-0.0002109729651586196,-0.00032996471220078416,0.0,-0.0,0.0,0.00244934156537056,0.0020870756544172767,0,-0.05,True,0.0,0.0
1132.64,12.08898639678955,-0.047534652054309845,3.0876743786573826,-0.0002109729651586196,-0.00032996471220078416,0.0,-0.0,0.0,0.00244934156537056,0.0020870756544172767,0,-0.05,True,0.0,0.0
1132.66,12.08898639678955,-0.047534652054309845,3.0876743786573826,-0.0002109729651586196,-0.00032996471220078416,0.0,-0.0,0.0,0.00244934156537056,0.0020870756544172767,0,-0.05,True,0.0,0.0
1132.68,12.08898639678955,-0.047534652054309845,3.0876743786573826,-0.0002109729651586196,-0.00032996471220078416,0.0,-0.0,0.0,0.00244934156537056,0.0020870756544172767,0,-0.05,True,0.0,0.0
1132.7,12.08898639678955,-0.047534652054309845,3.0876743786573826,-0.0002109729651586196,-0.00032996471220078416,0.0,-0.0,0.0,0.00244934156537056,0.0020870756544172767,0,-0.05,True,0.0,0.0
1132.72,12.08898639678955,-0.047534652054309845,3.0876743786573826,-0.0002109729651586196,-0.00032996471220078416,0.0,-0.0,0.0,0.00244934156537056,0.0020870756544172767,0,-0.05,True,0.0,0.0
1132.74,12.08898639678955,-0.047534652054309845,3.0876743786573826,-0.0002109729651586196,-0.00032996471220078416,0.0,-0.0,0.0,0.00244934156537056,0.0020870756544172767,0,-0.05,True,0.0,0.0
1132.76,12.08898639678955,-0.047534652054309845,3.0876743786573826,-0.0002109729651586196,-0.00032996471220078416,0.0,-0.0,0.0,0.00244934156537056,0.0020870756544172767,0,-0.05,True,0.0,0.0
1132.78,12.08898639678955,-0.047534652054309845,3.0876743786573826,-0.0002109729651586196,-0.00032996471220078416,0.0,-0.0,0.0,0.00244934156537056,0.0020870756544172767,0,-0.05,True,0.0,0.0
1132.8,12.08898639678955,-0.047534652054309845,3.0876743786573826,-0.0002109729651586196,-0.00032996471220078416,0.0,-0.0,0.0,0.00244934156537056,0.0020870756544172767,0,-0.05,True,0.0,0.0
1132.82,12.08898639678955,-0.047534652054309845,3.0876743786573826,-0.0002109729651586196,-0.00032996471220078416,0.0,-0.0,0.0,0.00244934156537056,0.0020870756544172767,0,-0.05,True,0.0,0.0
1132.84,12.08898639678955,-0.047534652054309845,3.0876743786573826,-0.0002109729651586196,-0.00032996471220078416,0.0,-0.0,0.0,0.00244934156537056,0.0020870756544172767,0,-0.05,True,0.0,0.0
1132.86,12.08898639678955,-0.047534652054309845,3.0876743786573826,-0.0002109729651586196,-0.00032996471220078416,0.0,-0.0,0.0,0.00244934156537056,0.0020870756544172767,0,-0.05,True,0.0,0.0
1132.88,12.08898639678955,-0.047534652054309845,3.0876743786573826,-0.0002109729651586196,-0.00032996471220078416,0.0,-0.0,0.0,0.00244934156537056,0.0020870756544172767,0,-0.05,True,0.0,0.0
1132.9,12.08898639678955,-0.047534652054309845,3.0876743786573826,-0.0002109729651586196,-0.00032996471220078416,0.0,-0.0,0.0,0.00244934156537056,0.0020870756544172767,0,-0.05,True,0.0,0.0
1132.92,12.08898639678955,-0.047534652054309845,3.0876743786573826,-0.0002109729651586196,-0.00032996471220078416,0.0,-0.0,0.0,0.00244934156537056,0.0020870756544172767,0,-0.05,True,0.0,0.0
1132.94,12.08898639678955,-0.047534652054309845,3.0876743786573826,-0.0002109729651586196,-0.00032996471220078416,0.0,-0.0,0.0,0.00244934156537056,0.0020870756544172767,0,-0.05,True,0.0,0.0
1132.96,12.08898639678955,-0.047534652054309845,3.0876743786573826,-0.0002109729651586196,-0.00032996471220078416,0.0,-0.0,0.0,0.00244934156537056,0.0020870756544172767,0,-0.05,True,0.0,0.0
1132.98,12.08898639678955,-0.047534652054309845,3.0876743786573826,-0.0002109729651586196,-0.00032996471220078416,0.0,-0.0,0.0,0.00244934156537056,0.0020870756544172767,0,-0.05,True,0.0,0.0
1133.0,12.08898639678955,-0.047534652054309845,3.0876743786573826,-0.0002109729651586196,-0.00032996471220078416,0.0,-0.0,0.0,0.00244934156537056,0.0020870756544172767,0,-0.05,True,0.0,0.0
1133.02,12.08898639678955,-0.047534652054309845,3.0876743786573826,-0.0002109729651586196,-0.00032996471220078416,0.0,-0.0,0.0,0.00244934156537056,0.0020870756544172767,0,-0.05,True,0.0,0.0
1133.04,12.08898639678955,-0.047534652054309845,3.0876743786573826,-0.0002109729651586196,-0.00032996471220078416,0.0,-0.0,0.0,0.00244934156537056,0.0020870756544172767,0,-0.05,True,0.0,0.0
1133.06,12.08898639678955,-0.047534652054309845,3.0876743786573826,-0.0002109729651586196,-0.00032996471220078416,0.0,-0.0,0.0,0.00244934156537056,0.0020870756544172767,0,-0.05,True,0.0,0.0
1133.08,12.08898639678955,-0.047534652054309845,3.0876743786573826,-0.0002109729651586196,-0.00032996471220078416,0.0,-0.0,0.0,0.00244934156537056,0.0020870756544172767,0,-0.05,True,0.0,0.0
1133.1,12.08898639678955,-0.047534652054309845,3.0876743786573826,-0.0002109729651586196,-0.00032996471220078416,0.0,-0.0,0.0,0.00244934156537056,0.0020870756544172767,0,-0.05,True,0.0,0.0
1133.12,12.08898639678955,-0.047534652054309845,3.0876743786573826,-0.0002109729651586196,-0.00032996471220078416,0.0,-0.0,0.0,0.00244934156537056,0.0020870756544172767,0,-0.05,True,0.0,0.0
1133.14,12.08898639678955,-0.047534652054309845,3.0876743786573826,-0.0002109729651586196,-0.00032996471220078416,0.0,-0.0,0.0,0.00244934156537056,0.0020870756544172767,0,-0.05,True,0.0,0.0
1133.16,12.08898639678955,-0.047534652054309845,3.0876743786573826,-0.0002109729651586196,-0.00032996471220078416,0.0,-0.0,0.0,0.00244934156537056,0.0020870756544172767,0,-0.05,True,0.0,0.0
1133.18,12.08898639678955,-0.047534652054309845,3.0876743786573826,-0.0002109729651586196,-0.00032996471220078416,0.0,-0.0,0.0,0.00244934156537056,0.0020870756544172767,0,-0.05,True,0.0,0.0
1133.2,12.08898639678955,-0.047534652054309845,3.0876743786573826,-0.0002109729651586196,-0.00032996471220078416,0.0,-0.0,0.0,0.00244934156537056,0.0020870756544172767,0,-0.05,True,0.0,0.0
1133.22,12.08898639678955,-0.047534652054309845,3.0876743786573826,-0.0002109729651586196,-0.00032996471220078416,0.0,-0.0,0.0,0.00244934156537056,0.0020870756544172767,0,-0.05,True,0.0,0.0
1133.24,12.08898639678955,-0.047534652054309845,3.0876743786573826,-0.0002109729651586196,-0.00032996471220078416,0.0,-0.0,0.0,0.00244934156537056,0.0020870756544172767,0,-0.05,True,0.0,0.0
1133.26,12.08898639678955,-0.047534652054309845,3.0876743786573826,-0.0002109729651586196,-0.00032996471220078416,0.0,-0.0,0.0,0.00244934156537056,0.0020870756544172767,0,-0.05,True,0.0,0.0
1133.28,12.08898639678955,-0.047534652054309845,3.0876743786573826,-0.0002109729651586196,-0.00032996471220078416,0.0,-0.0,0.0,0.00244934156537056,0.0020870756544172767,0,-0.05,True,0.0,0.0
1133.3,12.08898639678955,-0.047534652054309845,3.0876743786573826,-0.0002109729651586196,-0.00032996471220078416,0.0,-0.0,0.0,0.00244934156537056,0.0020870756544172767,0,-0.05,True,0.0,0.0
1133.32,12.08898639678955,-0.047534652054309845,3.0876743786573826,-0.0002109729651586196,-0.00032996471220078416,0.0,-0.0,0.0,0.00244934156537056,0.0020870756544172767,0,-0.05,True,0.0,0.0
1133.34,12.08898639678955,-0.047534652054309845,3.0876743786573826,-0.0002109729651586196,-0.00032996471220078416,0.0,-0.0,0.0,0.00244934156537056,0.0020870756544172767,0,-0.05,True,0.0,0.0
1133.36,12.08898639678955,-0.047534652054309845,3.0876743786573826,-0.0002109729651586196,-0.00032996471220078416,0.0,-0.0,0.0,0.00244934156537056,0.0020870756544172767,0,-0.05,True,0.0,0.0
1133.38,12.08898639678955,-0.047534652054309845,3.0876743786573826,-0.0002109729651586196,-0.00032996471220078416,0.0,-0.0,0.0,0.00244934156537056,0.0020870756544172767,0,-0.05,True,0.0,0.0
1133.4,12.08898639678955,-0.047534652054309845,3.0876743786573826,-0.0002109729651586196,-0.00032996471220078416,0.0,-0.0,0.0,0.00244934156537056,0.0020870756544172767,0,-0.05,True,0.0,0.0
1133.42,12.08898639678955,-0.047534652054309845,3.0876743786573826,-0.0002109729651586196,-0.00032996471220078416,0.0,-0.0,0.0,0.00244934156537056,0.0020870756544172767,0,-0.05,True,0.0,0.0
1133.44,12.08898639678955,-0.047534652054309845,3.0876743786573826,-0.0002109729651586196,-0.00032996471220078416,0.0,-0.0,0.0,0.00244934156537056,0.0020870756544172767,0,-0.05,True,0.0,0.0
1133.46,12.08898639678955,-0.047534652054309845,3.0876743786573826,-0.0002109729651586196,-0.00032996471220078416,0.0,-0.0,0.0,0.00244934156537056,0.0020870756544172767,0,-0.05,True,0.0,0.0
1133.48,12.08898639678955,-0.047534652054309845,3.0876743786573826,-0.0002109729651586196,-0.00032996471220078416,0.0,-0.0,0.0,0.00244934156537056,0.0020870756544172767,0,-0.05,True,0.0,0.0
1133.5,12.08898639678955,-0.047534652054309845,3.0876743786573826,-0.0002109729651586196,-0.00032996471220078416,0.0,-0.0,0.0,0.00244934156537056,0.0020870756544172767,0,-0.05,True,0.0,0.0
1133.52,12.08898639678955,-0.047534652054309845,3.0876743786573826,-0.0002109729651586196,-0.00032996471220078416,0.0,-0.0,0.0,0.00244934156537056,0.0020870756544172767,0,-0.05,True,0.0,0.0
1133.54,12.08898639678955,-0.047534652054309845,3.0876743786573826,-0.0002109729651586196,-0.00032996471220078416,0.0,-0.0,0.0,0.00244934156537056,0.0020870756544172767,0,-0.05,True,0.0,0.0
1133.56,12.08898639678955,-0.047534652054309845,3.0876743786573826,-0.0002109729651586196,-0.00032996471220078416,0.0,-0.0,0.0,0.00244934156537056,0.0020870756544172767,0,-0.05,True,0.0,0.0
1133.58,12.08898639678955,-0.047534652054309845,3.0876743786573826,-0.0002109729651586196,-0.00032996471220078416,0.0,-0.0,0.0,0.00244934156537056,0.0020870756544172767,0,-0.05,True,0.0,0.0
1133.6,12.08898639678955,-0.047534652054309845,3.0876743786573826,-0.0002109729651586196,-0.00032996471220078416,0.0,-0.0,0.0,0.00244934156537056,0.0020870756544172767,0,-0.05,True,0.0,0.0
1133.62,12.08898639678955,-0.047534652054309845,3.0876743786573826,-0.0002109729651586196,-0.00032996471220078416,0.0,-0.0,0.0,0.00244934156537056,0.0020870756544172767,0,-0.05,True,0.0,0.0
1133.64,12.08898639678955,-0.047534652054309845,3.0876743786573826,-0.0002109729651586196,-0.00032996471220078416,0.0,-0.0,0.0,0.00244934156537056,0.0020870756544172767,0,-0.05,True,0.0,0.0
1133.66,12.08898639678955,-0.047534652054309845,3.0876743786573826,-0.0002109729651586196,-0.00032996471220078416,0.0,-0.0,0.0,0.00244934156537056,0.0020870756544172767,0,-0.05,True,0.0,0.0
1133.68,12.08898639678955,-0.047534652054309845,3.0876743786573826,-0.0002109729651586196,-0.00032996471220078416,0.0,-0.0,0.0,0.00244934156537056,0.0020870756544172767,0,-0.05,True,0.0,0.0
1133.7,12.08898639678955,-0.047534652054309845,3.0876743786573826,-0.0002109729651586196,-0.00032996471220078416,0.0,-0.0,0.0,0.00244934156537056,0.0020870756544172767,0,-0.05,True,0.022698265690996845,0.04808819751458003
1133.72,12.08898639678955,-0.047534652054309845,3.0876743786573826,-0.0002109729651586196,-0.00032996471220078416,0.0,-0.0,0.0,0.00244934156537056,0.0020870756544172767,0,0,True,0.04878135012088435,0.05083202566933764
1133.74,12.08898639678955,-0.047534652054309845,3.0876743786573826,-0.0002109729651586196,-0.00032996471220078416,0.0018158612552780962,-0.0017926284330059986,0.0038470558011629036,0.00244934156537056,0.0020870756544172767,0,0,True,0.08458054701652351,0.05223566508667575
1133.76,12.08898639678955,-0.047534652054309845,3.0876743786573826,-0.0002109729651586196,-0.00032996471220078416,0.0039025080096671987,-0.0017453449776259624,0.004066562053543312,0.00244934156537056,0.0020870756544172767,0,0,True,0.12749313162597403,0.04698926991989148
1133.78,12.088849067687988,-0.0473836213350296,3.0879821431214753,-0.00042040876116456567,-0.00027391776678270595,0.006766443761315727,-0.0017341311670186269,0.004178853206930259,0.00244934156537056,0.0020870756544172767,0,0,True,0.121856853554771,-0.044242316608819596
1133.8,12.088682174682617,-0.04737840220332146,3.0879997036216658,-0.00032860608977316926,-0.0002448633975072617,0.010199450530068646,-0.0018612229721008719,0.0037591415935878995,0.0036746288090944296,0.003215498328208924,0,0,True,0.1166005836503139,-0.052884095855333824
1133.82,12.08845329284668,-0.04736711457371712,3.0880086869139367,-0.00028346781541446075,-0.00022484175280930617,0.011564409539650908,6.663299893518312e-05,0.00030767047246055507,0.0074111269414424905,0.007883676141500474,0,0,True,0.08276253302814991,-0.03851435358301151
1133.84,12.088179588317871,-0.04734225943684578,3.0879751099848693,-0.0002148913698361198,-0.00023661004244272555,0.013230554701683826,-5.8816859494946515e-05,-0.00016416561487954588,0.008833062648773194,0.009714729711413385,0,0,True,0.011842670959942037,-0.03619051617768297
1133.86,12.08792495727539,-0.04733939468860626,3.088006756759272,-0.00011306832775579062,-0.00018538156254637594,0.013387446403561699,0.0003542345770627136,0.0010977049202921408,0.009754277616739275,0.011047107502818109,0,0,True,-0.04171250678951106,0.04035975342560298
1133.88,12.087625503540039,-0.04731697961688042,3.0879865703724754,-5.11959177315443e-05,-0.00010958648476763665,0.01114686420686584,0.00028399208922275896,0.000863900299367666,0.009754277616739275,0.011047107502818109,0,0,True,-0.09684259527222291,0.009381339886370245
1133.9,12.087382316589355,-0.04733804985880852,3.0880965033075602,8.991908837175816e-06,-0.00020665046766599665,0.008227408996483575,0.0010750881166259275,0.003536450746515034,0.013157668262720109,0.013840473964810373,0,0,True,-0.13422609492801887,-0.013218654473251755
1133.92,12.087287902832031,-0.04731716588139534,3.088044222008819,5.2768343400814295e-05,-0.00025108612352552046,0.005483147079891019,0.00015581466020817908,0.0005863415760315242,0.007233761399984361,0.013897007927298546,0,0,True,-0.11849677456603676,0.006987614524405321
1133.94,12.087263107299805,-0.047390084713697433,3.088289672818994,3.6546983553431955e-05,-7.942656336556609e-05,0.002649358809299436,1.5958203973864246e-05,4.0212562429956456e-05,0.004425239749252796,0.0056308179721236236,0,0,True,-0.09183452435617545,-0.0700783799788986
1133.96,12.087186813354492,-0.04730594903230667,3.088033477698558,1.1800662858265387e-05,-0.00014513116585632642,0.0016671222415915207,-0.00014425615071580816,0.0014229094613195832,-0.08390753170475365,0.0058882139250636106,0,0,True,-0.0734846667722737,0.0012551785077303324
1133.98,12.087170600891113,-0.04732803255319595,3.0880997203125546,8.526697988081908e-05,-0.00014513034291394178,0.0008806470479962206,-0.0006172245874038061,-0.002069819651791755,0.0016177327558398247,0.007542621940374375,0,0,True,-0.045776101106339506,-0.0024303788725327036
1134.0,12.08715534210205,-0.047298502177000046,3.0881580547657244,8.766898359879173e-05,-0.0002722061723671709,-0.0003956262618855291,0.0002544855392746268,0.0006867558566498595,0.00030015654861927034,0.0041325618326663975,0,0,True,-0.04075889090643849,-0.028281592502534078
1134.02,12.08719539642334,-0.04733701050281525,3.0881240872468507,0.00010038861907334517,-0.00013777048558438873,-0.0010127292792043942,-3.736641326114123e-05,-0.000154217747372483,-0.0011510149016976357,0.0009159814380109311,0,0,True,-0.03171895155626734,0.069226135536991
1134.04,12.087217330932617,-0.04732796922326088,3.08808841816709,9.415882931328828e-05,-0.0001469768119532687,-0.0015935890309205932,0.00033183235541096824,-0.0008396179388810851,-0.012243293039500714,-0.0004824165208265186,0,0,True,-0.018129735210616844,0.06121453020803446
1134.06,12.087251663208008,-0.0473293773829937,3.088087382892765,8.292963539575086e-05,-0.0001515142811819414,-0.0016568690765028586,0.0010675725584711796,0.0034682711911624875,-0.002317195683717728,-0.0008613089192658663,0,0,True,-0.015712583218447138,0.08579016218152144
1134.08,12.087281227111816,-0.047331828624010086,3.088090885330614,7.780033029382226e-05,-0.00017724140732637228,-0.0018460050787335576,0.0017014491075249736,0.005583918273288162,-0.003047827705740929,-0.0009282999997958542,0,0,True,-0.019457899366401545,0.12056415394025662
1134.1,12.087323188781738,-0.04742938280105591,3.0884015489421435,0.00014947792940856654,-0.00013305027118963272,-0.002269735936679022,0.002047128331853329,0.00670899522714299,-0.0029382561892271047,-0.0006288172490894796,0,0,True,-0.02909034830308037,0.010054780864692265
1134.12,12.087357521057129,-0.0474717877805233,3.0885351316289524,0.0001789444913372455,-0.00030574460772465786,-0.003150220980231301,0.0026722005759752623,0.008805514376330672,-0.0028523220680654053,-0.00039063224568963056,0,0,True,-0.021478271151816358,-0.03584573277841827
1134.14,12.087424278259277,-0.04750256985425949,3.0886241025109373,9.735787843856765e-05,-0.00020204028053558896,-0.003984096940753786,0.0012927773022486265,0.004272653660339423,-0.0037787821702659134,-0.003001878280192614,0,0,True,-0.006080904347047098,-0.05702991716474177
1134.16,12.08752155303955,-0.04755866900086403,3.0887953264807217,0.00014441040272867892,-0.000333595409396026,-0.003564266770882187,0.000807728266975529,0.002716259651009158,-0.004589884653687477,-0.0035287853144109252,0,0,True,0.020566158143258143,-0.10999015180832503
1134.18,12.08763599395752,-0.0475495345890522,3.0887433612349713,3.134920546570395e-05,-0.0002228216729217418,-0.00275620828444373,0.0006509884917035636,0.002146601853954831,-0.0057293826341629035,-0.004979721941053868,0,0,True,0.04877077341974464,-0.04520982321017092
1134.2,12.087638854980469,-0.047551363706588745,3.0887524324010336,9.090449010182561e-05,-0.00032419886179731275,-0.0015049283287674698,1.4973261443910365e-05,6.302231647664816e-06,0.0026770842820405963,-0.000705445520579815,0,0,True,0.04398439052346197,-0.027172267790762202
1134.22,12.087641716003418,-0.04756622388958931,3.0887958306592536,4.200615716305561e-06,-0.00026860101788333624,-8.243506717776352e-05,0.00020455099599431172,0.0006558678035290392,-0.0007974669337272645,-0.00017333051189780238,0,0,True,0.03445260355557796,-0.02683252317445979
1134.24,12.087641716003418,-0.04756622388958931,3.0887958306592536,4.200615716305561e-06,-0.00026860101788333624,-4.551552900842945e-05,0.00018360617053253008,0.0005424782277501588,-0.0016266728425398471,0.001907816529273987,0,0,True,0.018811604109610483,-7.877789559588185e-05
1134.26,12.087641716003418,-0.04756622388958931,3.0887958306592536,4.200615716305561e-06,-0.00026860101788333624,0.0,-0.0,0.0,0.0007802184764295817,0.0013762738462537527,0,0,True,0.0010304383397229811,-0.008198347544120447
1134.28,12.087641716003418,-0.04756622388958931,3.0887958306592536,4.200615716305561e-06,-0.00026860101788333624,0.0,-0.0,0.0,0.0007802184764295817,0.0013762738462537527,0,0,True,0.0005689441126058856,-0.006780977846883152
1134.3,12.087641716003418,-0.04756622388958931,3.0887958306592536,4.200615716305561e-06,-0.00026860101788333624,0.0,-0.0,0.0,0.0007802184764295817,0.0013762738462537527,0,0,True,0.0,0.0
1134.32,12.087641716003418,-0.04756622388958931,3.0887958306592536,4.200615716305561e-06,-0.00026860101788333624,0.0,-0.0,0.0,0.0007802184764295817,0.0013762738462537527,0,0,True,0.0,0.0
1134.34,12.087641716003418,-0.04756622388958931,3.0887958306592536,4.200615716305561e-06,-0.00026860101788333624,0.0,-0.0,0.0,0.0007802184764295817,0.0013762738462537527,0,0,True,0.0,0.0
1134.36,12.087641716003418,-0.04756622388958931,3.0887958306592536,4.200615716305561e-06,-0.00026860101788333624,0.0,-0.0,0.0,0.0007802184764295817,0.0013762738462537527,0,0,True,0.0,0.0
1134.38,12.087641716003418,-0.04756622388958931,3.0887958306592536,4.200615716305561e-06,-0.00026860101788333624,0.0,-0.0,0.0,0.0007802184764295817,0.0013762738462537527,0,0,True,0.0,0.0
1134.4,12.087641716003418,-0.04756622388958931,3.0887958306592536,4.200615716305561e-06,-0.00026860101788333624,0.0,-0.0,0.0,0.0007802184764295817,0.0013762738462537527,0,0,True,0.0,0.0
1134.42,12.087641716003418,-0.04756622388958931,3.0887958306592536,4.200615716305561e-06,-0.00026860101788333624,0.0,-0.0,0.0,0.0007802184764295817,0.0013762738462537527,0,0,True,0.0,0.0
1134.44,12.087641716003418,-0.04756622388958931,3.0887958306592536,4.200615716305561e-06,-0.00026860101788333624,0.0,-0.0,0.0,0.0007802184764295817,0.0013762738462537527,0,0,True,0.0,0.0
1134.46,12.087641716003418,-0.04756622388958931,3.0887958306592536,4.200615716305561e-06,-0.00026860101788333624,0.0,-0.0,0.0,0.0007802184764295817,0.0013762738462537527,0,0,True,0.0,0.0
1134.48,12.087641716003418,-0.04756622388958931,3.0887958306592536,4.200615716305561e-06,-0.00026860101788333624,0.0,-0.0,0.0,0.0007802184764295817,0.0013762738462537527,0,0,True,0.0,0.0
1134.5,12.087641716003418,-0.04756622388958931,3.0887958306592536,4.200615716305561e-06,-0.00026860101788333624,0.0,-0.0,0.0,0.0007802184764295817,0.0013762738462537527,0,0,True,0.0,0.0
1134.52,12.087641716003418,-0.04756622388958931,3.0887958306592536,4.200615716305561e-06,-0.00026860101788333624,0.0,-0.0,0.0,0.0007802184764295817,0.0013762738462537527,0,0,True,0.0,0.0
1134.54,12.087641716003418,-0.04756622388958931,3.0887958306592536,4.200615716305561e-06,-0.00026860101788333624,0.0,-0.0,0.0,0.0007802184764295817,0.0013762738462537527,0,0,True,0.0,0.0
1134.56,12.087641716003418,-0.04756622388958931,3.0887958306592536,4.200615716305561e-06,-0.00026860101788333624,0.0,-0.0,0.0,0.0007802184764295817,0.0013762738462537527,0,0,True,0.0,0.0
1134.58,12.087641716003418,-0.04756622388958931,3.0887958306592536,4.200615716305561e-06,-0.00026860101788333624,0.0,-0.0,0.0,0.0007802184764295817,0.0013762738462537527,0,0,True,0.0,0.0
1134.6,12.087641716003418,-0.04756622388958931,3.0887958306592536,4.200615716305561e-06,-0.00026860101788333624,0.0,-0.0,0.0,0.0007802184764295817,0.0013762738462537527,0,0,True,0.0,0.0
1134.62,12.087641716003418,-0.04756622388958931,3.0887958306592536,4.200615716305561e-06,-0.00026860101788333624,0.0,-0.0,0.0,0.0007802184764295817,0.0013762738462537527,0,0,True,0.0,0.0
1134.64,12.087641716003418,-0.04756622388958931,3.0887958306592536,4.200615716305561e-06,-0.00026860101788333624,0.0,-0.0,0.0,0.0007802184764295817,0.0013762738462537527,0,0,True,0.0,0.0
1134.66,12.087641716003418,-0.04756622388958931,3.0887958306592536,4.200615716305561e-06,-0.00026860101788333624,0.0,-0.0,0.0,0.0007802184764295817,0.0013762738462537527,0,0,True,0.0,0.0
1134.68,12.087641716003418,-0.04756622388958931,3.0887958306592536,4.200615716305561e-06,-0.00026860101788333624,0.0,-0.0,0.0,0.0007802184764295817,0.0013762738462537527,0,0,True,0.0,0.0
1134.7,12.087641716003418,-0.04756622388958931,3.0887958306592536,4.200615716305561e-06,-0.00026860101788333624,0.0,-0.0,0.0,0.0007802184764295817,0.0013762738462537527,0,0,True,0.0,0.0
1134.72,12.087641716003418,-0.04756622388958931,3.0887958306592536,4.200615716305561e-06,-0.00026860101788333624,0.0,-0.0,0.0,0.0007802184764295817,0.0013762738462537527,0,0,True,0.0,0.0
1134.74,12.087641716003418,-0.04756622388958931,3.0887958306592536,4.200615716305561e-06,-0.00026860101788333624,0.0,-0.0,0.0,0.0007802184764295817,0.0013762738462537527,0,0,True,0.0,0.0
1134.76,12.087641716003418,-0.04756622388958931,3.0887958306592536,4.200615716305561e-06,-0.00026860101788333624,0.0,-0.0,0.0,0.0007802184764295817,0.0013762738462537527,0,0,True,0.0,0.0
1134.78,12.087641716003418,-0.04756622388958931,3.0887958306592536,4.200615716305561e-06,-0.00026860101788333624,0.0,-0.0,0.0,0.0007802184764295817,0.0013762738462537527,0,0,True,0.0,0.0
1134.8,12.087641716003418,-0.04756622388958931,3.0887958306592536,4.200615716305561e-06,-0.00026860101788333624,0.0,-0.0,0.0,0.0007802184764295817,0.0013762738462537527,0,0,True,0.0,0.0
1134.82,12.087641716003418,-0.04756622388958931,3.0887958306592536,4.200615716305561e-06,-0.00026860101788333624,0.0,-0.0,0.0,0.0007802184764295817,0.0013762738462537527,0,0,True,0.0,0.0
1134.84,12.087641716003418,-0.04756622388958931,3.0887958306592536,4.200615716305561e-06,-0.00026860101788333624,0.0,-0.0,0.0,0.0007802184764295817,0.0013762738462537527,0,0,True,0.0,0.0
1134.86,12.087641716003418,-0.04756622388958931,3.0887958306592536,4.200615716305561e-06,-0.00026860101788333624,0.0,-0.0,0.0,0.0007802184764295817,0.0013762738462537527,0,0,True,0.0,0.0
1134.88,12.087641716003418,-0.04756622388958931,3.0887958306592536,4.200615716305561e-06,-0.00026860101788333624,0.0,-0.0,0.0,0.0007802184764295817,0.0013762738462537527,0,0,True,0.0,0.0
1134.9,12.087641716003418,-0.04756622388958931,3.0887958306592536,4.200615716305561e-06,-0.00026860101788333624,0.0,-0.0,0.0,0.0007802184764295817,0.0013762738462537527,0,0,True,0.0,0.0
1134.92,12.087641716003418,-0.04756622388958931,3.0887958306592536,4.200615716305561e-06,-0.00026860101788333624,0.0,-0.0,0.0,0.0007802184764295817,0.0013762738462537527,0,0,True,0.0,0.0
1134.94,12.087641716003418,-0.04756622388958931,3.0887958306592536,4.200615716305561e-06,-0.00026860101788333624,0.0,-0.0,0.0,0.0007802184764295817,0.0013762738462537527,0,0,True,0.0,0.0
1134.96,12.087641716003418,-0.04756622388958931,3.0887958306592536,4.200615716305561e-06,-0.00026860101788333624,0.0,-0.0,0.0,0.0007802184764295817,0.0013762738462537527,0,0,True,0.0,0.0
1134.98,12.087641716003418,-0.04756622388958931,3.0887958306592536,4.200615716305561e-06,-0.00026860101788333624,0.0,-0.0,0.0,0.0007802184764295817,0.0013762738462537527,0,0,True,0.0,0.0
1135.0,12.087641716003418,-0.04756622388958931,3.0887958306592536,4.200615716305561e-06,-0.00026860101788333624,0.0,-0.0,0.0,0.0007802184764295817,0.0013762738462537527,0,0,True,0.0,0.0
1135.02,12.087641716003418,-0.04756622388958931,3.0887958306592536,4.200615716305561e-06,-0.00026860101788333624,0.0,-0.0,0.0,0.0007802184764295817,0.0013762738462537527,0,0,True,0.0,0.0
1135.04,12.087641716003418,-0.04756622388958931,3.0887958306592536,4.200615716305561e-06,-0.00026860101788333624,0.0,-0.0,0.0,0.0007802184764295817,0.0013762738462537527,0,0,True,0.0,0.0
1135.06,12.087641716003418,-0.04756622388958931,3.0887958306592536,4.200615716305561e-06,-0.00026860101788333624,0.0,-0.0,0.0,0.0007802184764295817,0.0013762738462537527,0,0,True,0.0,0.0
1135.08,12.087641716003418,-0.04756622388958931,3.0887958306592536,4.200615716305561e-06,-0.00026860101788333624,0.0,-0.0,0.0,0.0007802184764295817,0.0013762738462537527,0,0,True,0.0,0.0
1135.1,12.087641716003418,-0.04756622388958931,3.0887958306592536,4.200615716305561e-06,-0.00026860101788333624,0.0,-0.0,0.0,0.0007802184764295817,0.0013762738462537527,0,0,True,0.0,0.0
1135.12,12.087641716003418,-0.04756622388958931,3.0887958306592536,4.200615716305561e-06,-0.00026860101788333624,0.0,-0.0,0.0,0.0007802184764295817,0.0013762738462537527,0,0,True,0.0,0.0
1135.14,12.087641716003418,-0.04756622388958931,3.0887958306592536,4.200615716305561e-06,-0.00026860101788333624,0.0,-0.0,0.0,0.0007802184764295817,0.0013762738462537527,0,0,True,0.0,0.0
1135.16,12.087641716003418,-0.04756622388958931,3.0887958306592536,4.200615716305561e-06,-0.00026860101788333624,0.0,-0.0,0.0,0.0007802184764295817,0.0013762738462537527,0,0,True,0.0,0.0
1135.18,12.087641716003418,-0.04756622388958931,3.0887958306592536,4.200615716305561e-06,-0.00026860101788333624,0.0,-0.0,0.0,0.0007802184764295817,0.0013762738462537527,0,0,True,0.0,0.0
1135.2,12.087641716003418,-0.04756622388958931,3.0887958306592536,4.200615716305561e-06,-0.00026860101788333624,0.0,-0.0,0.0,0.0007802184764295817,0.0013762738462537527,0,0,True,0.0,0.0
1135.22,12.087641716003418,-0.04756622388958931,3.0887958306592536,4.200615716305561e-06,-0.00026860101788333624,0.0,-0.0,0.0,0.0007802184764295817,0.0013762738462537527,0,0,True,0.0,0.0
1135.24,12.087641716003418,-0.04756622388958931,3.0887958306592536,4.200615716305561e-06,-0.00026860101788333624,0.0,-0.0,0.0,0.0007802184764295817,0.0013762738462537527,0,0,True,0.0,0.0
1135.26,12.087641716003418,-0.04756622388958931,3.0887958306592536,4.200615716305561e-06,-0.00026860101788333624,0.0,-0.0,0.0,0.0007802184764295817,0.0013762738462537527,0,0,True,0.0,0.0
1135.28,12.087641716003418,-0.04756622388958931,3.0887958306592536,4.200615716305561e-06,-0.00026860101788333624,0.0,-0.0,0.0,0.0007802184764295817,0.0013762738462537527,0,0,True,0.0,0.0
1135.3,12.087641716003418,-0.04756622388958931,3.0887958306592536,4.200615716305561e-06,-0.00026860101788333624,0.0,-0.0,0.0,0.0007802184764295817,0.0013762738462537527,0,0,True,0.0,0.0
1135.32,12.087641716003418,-0.04756622388958931,3.0887958306592536,4.200615716305561e-06,-0.00026860101788333624,0.0,-0.0,0.0,0.0007802184764295817,0.0013762738462537527,0,0,True,0.0,0.0
1135.34,12.087641716003418,-0.04756622388958931,3.0887958306592536,4.200615716305561e-06,-0.00026860101788333624,0.0,-0.0,0.0,0.0007802184764295817,0.0013762738462537527,0,0,True,0.0,0.0
1135.36,12.087641716003418,-0.04756622388958931,3.0887958306592536,4.200615716305561e-06,-0.00026860101788333624,0.0,-0.0,0.0,0.0007802184764295817,0.0013762738462537527,0,0,True,0.0,0.0
1135.38,12.087641716003418,-0.04756622388958931,3.0887958306592536,4.200615716305561e-06,-0.00026860101788333624,0.0,-0.0,0.0,0.0007802184764295817,0.0013762738462537527,0,0,True,0.0,0.0
1135.4,12.087641716003418,-0.04756622388958931,3.0887958306592536,4.200615716305561e-06,-0.00026860101788333624,0.0,-0.0,0.0,0.0007802184764295817,0.0013762738462537527,0,0,True,0.0,0.0
1135.42,12.087641716003418,-0.04756622388958931,3.0887958306592536,4.200615716305561e-06,-0.00026860101788333624,0.0,-0.0,0.0,0.0007802184764295817,0.0013762738462537527,0,0,True,0.0,0.0
1135.44,12.087641716003418,-0.04756622388958931,3.0887958306592536,4.200615716305561e-06,-0.00026860101788333624,0.0,-0.0,0.0,0.0007802184764295817,0.0013762738462537527,0,0,True,0.0,0.0
1135.46,12.087641716003418,-0.04756622388958931,3.0887958306592536,4.200615716305561e-06,-0.00026860101788333624,0.0,-0.0,0.0,0.0007802184764295817,0.0013762738462537527,0,0,True,0.0,0.0
1135.48,12.087641716003418,-0.04756622388958931,3.0887958306592536,4.200615716305561e-06,-0.00026860101788333624,0.0,-0.0,0.0,0.0007802184764295817,0.0013762738462537527,0,0,True,0.0,0.0
1135.5,12.087641716003418,-0.04756622388958931,3.0887958306592536,4.200615716305561e-06,-0.00026860101788333624,0.0,-0.0,0.0,0.0007802184764295817,0.0013762738462537527,0,0,True,0.0,0.0
1135.52,12.087641716003418,-0.04756622388958931,3.0887958306592536,4.200615716305561e-06,-0.00026860101788333624,0.0,-0.0,0.0,0.0007802184764295817,0.0013762738462537527,0,0,True,0.0,0.0
1135.54,12.087641716003418,-0.04756622388958931,3.0887958306592536,4.200615716305561e-06,-0.00026860101788333624,0.0,-0.0,0.0,0.0007802184764295817,0.0013762738462537527,0,0,True,0.0,0.0
1135.56,12.087641716003418,-0.04756622388958931,3.0887958306592536,4.200615716305561e-06,-0.00026860101788333624,0.0,-0.0,0.0,0.0007802184764295817,0.0013762738462537527,0,0,True,0.0,0.0
1135.58,12.087641716003418,-0.04756622388958931,3.0887958306592536,4.200615716305561e-06,-0.00026860101788333624,0.0,-0.0,0.0,0.0007802184764295817,0.0013762738462537527,0,0,True,0.0,0.0
1135.6,12.087641716003418,-0.04756622388958931,3.0887958306592536,4.200615716305561e-06,-0.00026860101788333624,0.0,-0.0,0.0,0.0007802184764295817,0.0013762738462537527,0,0,True,0.0,0.0
1135.62,12.087641716003418,-0.04756622388958931,3.0887958306592536,4.200615716305561e-06,-0.00026860101788333624,0.0,-0.0,0.0,0.0007802184764295817,0.0013762738462537527,0,0,True,0.0,0.0
1135.64,12.087641716003418,-0.04756622388958931,3.0887958306592536,4.200615716305561e-06,-0.00026860101788333624,0.0,-0.0,0.0,0.0007802184764295817,0.0013762738462537527,0,0,True,0.0,0.0
1135.66,12.087641716003418,-0.04756622388958931,3.0887958306592536,4.200615716305561e-06,-0.00026860101788333624,0.0,-0.0,0.0,0.0007802184764295817,0.0013762738462537527,0,0,True,0.0,0.0
1135.68,12.087641716003418,-0.04756622388958931,3.0887958306592536,4.200615716305561e-06,-0.00026860101788333624,0.0,-0.0,0.0,0.0007802184764295817,0.0013762738462537527,0,0,True,0.0,0.0
1135.7,12.087641716003418,-0.04756622388958931,3.0887958306592536,4.200615716305561e-06,-0.00026860101788333624,0.0,-0.0,0.0,0.0007802184764295817,0.0013762738462537527,0,0,True,0.0,0.0
1135.72,12.087641716003418,-0.04756622388958931,3.0887958306592536,4.200615716305561e-06,-0.00026860101788333624,0.0,-0.0,0.0,0.0007802184764295817,0.0013762738462537527,0,0,True,0.0,0.0
1135.74,12.087641716003418,-0.04756622388958931,3.0887958306592536,4.200615716305561e-06,-0.00026860101788333624,0.0,-0.0,0.0,0.0007802184764295817,0.0013762738462537527,0,0,True,0.0,0.0
1135.76,12.087641716003418,-0.04756622388958931,3.0887958306592536,4.200615716305561e-06,-0.00026860101788333624,0.0,-0.0,0.0,0.0007802184764295817,0.0013762738462537527,0,0,True,0.0,0.0
1135.78,12.087641716003418,-0.04756622388958931,3.0887958306592536,4.200615716305561e-06,-0.00026860101788333624,0.0,-0.0,0.0,0.0007802184764295817,0.0013762738462537527,0,0,True,0.0,0.0
1135.8,12.087641716003418,-0.04756622388958931,3.0887958306592536,4.200615716305561e-06,-0.00026860101788333624,0.0,-0.0,0.0,0.0007802184764295817,0.0013762738462537527,0,0,True,0.0,0.0
1135.82,12.087641716003418,-0.04756622388958931,3.0887958306592536,4.200615716305561e-06,-0.00026860101788333624,0.0,-0.0,0.0,0.0007802184764295817,0.0013762738462537527,0,0,True,0.0,0.0
1135.84,12.087641716003418,-0.04756622388958931,3.0887958306592536,4.200615716305561e-06,-0.00026860101788333624,0.0,-0.0,0.0,0.0007802184764295817,0.0013762738462537527,0,0,True,0.0,0.0
1135.86,12.087641716003418,-0.04756622388958931,3.0887958306592536,4.200615716305561e-06,-0.00026860101788333624,0.0,-0.0,0.0,0.0007802184764295817,0.0013762738462537527,0,0,True,0.0,0.0
1135.88,12.087641716003418,-0.04756622388958931,3.0887958306592536,4.200615716305561e-06,-0.00026860101788333624,0.0,-0.0,0.0,0.0007802184764295817,0.0013762738462537527,0,0,True,0.0,0.0
1135.9,12.087641716003418,-0.04756622388958931,3.0887958306592536,4.200615716305561e-06,-0.00026860101788333624,0.0,-0.0,0.0,0.0007802184764295817,0.0013762738462537527,0,0,True,0.0,0.0
1135.92,12.087641716003418,-0.04756622388958931,3.0887958306592536,4.200615716305561e-06,-0.00026860101788333624,0.0,-0.0,0.0,0.0007802184764295817,0.0013762738462537527,0,0,True,0.0,0.0
1135.94,12.087641716003418,-0.04756622388958931,3.0887958306592536,4.200615716305561e-06,-0.00026860101788333624,0.0,-0.0,0.0,0.0007802184764295817,0.0013762738462537527,0,0,True,0.0,0.0
1135.96,12.087641716003418,-0.04756622388958931,3.0887958306592536,4.200615716305561e-06,-0.00026860101788333624,0.0,-0.0,0.0,0.0007802184764295817,0.0013762738462537527,0,0,True,0.0,0.0
1135.98,12.087641716003418,-0.04756622388958931,3.0887958306592536,4.200615716305561e-06,-0.00026860101788333624,0.0,-0.0,0.0,0.0007802184764295817,0.0013762738462537527,0,0,True,0.0,0.0
1136.0,12.087641716003418,-0.04756622388958931,3.0887958306592536,4.200615716305561e-06,-0.00026860101788333624,0.0,-0.0,0.0,0.0007802184764295817,0.0013762738462537527,0,0,True,0.0,0.0
1136.02,12.087641716003418,-0.04756622388958931,3.0887958306592536,4.200615716305561e-06,-0.00026860101788333624,0.0,-0.0,0.0,0.0007802184764295817,0.0013762738462537527,0,0,True,0.0,0.0
1136.04,12.087641716003418,-0.04756622388958931,3.0887958306592536,4.200615716305561e-06,-0.00026860101788333624,0.0,-0.0,0.0,0.0007802184764295817,0.0013762738462537527,0,0,True,0.0,0.0
1136.06,12.087641716003418,-0.04756622388958931,3.0887958306592536,4.200615716305561e-06,-0.00026860101788333624,0.0,-0.0,0.0,0.0007802184764295817,0.0013762738462537527,0,0,True,0.0,0.0
1136.08,12.087641716003418,-0.04756622388958931,3.0887958306592536,4.200615716305561e-06,-0.00026860101788333624,0.0,-0.0,0.0,0.0007802184764295817,0.0013762738462537527,0,0,True,0.0,0.0
1136.1,12.087641716003418,-0.04756622388958931,3.0887958306592536,4.200615716305561e-06,-0.00026860101788333624,0.0,-0.0,0.0,0.0007802184764295817,0.0013762738462537527,0,0,True,0.0,0.0
1136.12,12.087641716003418,-0.04756622388958931,3.0887958306592536,4.200615716305561e-06,-0.00026860101788333624,0.0,-0.0,0.0,0.0007802184764295817,0.0013762738462537527,0,0,True,0.0,0.0
1136.14,12.087641716003418,-0.04756622388958931,3.0887958306592536,4.200615716305561e-06,-0.00026860101788333624,0.0,-0.0,0.0,0.0007802184764295817,0.0013762738462537527,0,0,True,0.0,0.0
1136.16,12.087641716003418,-0.04756622388958931,3.0887958306592536,4.200615716305561e-06,-0.00026860101788333624,0.0,-0.0,0.0,0.0007802184764295817,0.0013762738462537527,0,0,True,0.0,0.0
1136.18,12.087641716003418,-0.04756622388958931,3.0887958306592536,4.200615716305561e-06,-0.00026860101788333624,0.0,-0.0,0.0,0.0007802184764295817,0.0013762738462537527,0,0,True,0.0,0.0
1136.2,12.087641716003418,-0.04756622388958931,3.0887958306592536,4.200615716305561e-06,-0.00026860101788333624,0.0,-0.0,0.0,0.0007802184764295817,0.0013762738462537527,0,0,True,0.0,0.0
1136.22,12.087641716003418,-0.04756622388958931,3.0887958306592536,4.200615716305561e-06,-0.00026860101788333624,0.0,-0.0,0.0,0.0007802184764295817,0.0013762738462537527,0,0,True,0.0,0.0
1136.24,12.087641716003418,-0.04756622388958931,3.0887958306592536,4.200615716305561e-06,-0.00026860101788333624,0.0,-0.0,0.0,0.0007802184764295817,0.0013762738462537527,0,0,True,0.0,0.0
1136.26,12.087641716003418,-0.04756622388958931,3.0887958306592536,4.200615716305561e-06,-0.00026860101788333624,0.0,-0.0,0.0,0.0007802184764295817,0.0013762738462537527,0,0,True,0.0,0.0
1136.28,12.087641716003418,-0.04756622388958931,3.0887958306592536,4.200615716305561e-06,-0.00026860101788333624,0.0,-0.0,0.0,0.0007802184764295817,0.0013762738462537527,0,0,True,0.0,0.0
1136.3,12.087641716003418,-0.04756622388958931,3.0887958306592536,4.200615716305561e-06,-0.00026860101788333624,0.0,-0.0,0.0,0.0007802184764295817,0.0013762738462537527,0,0,True,0.0,0.0
1136.32,12.087641716003418,-0.04756622388958931,3.0887958306592536,4.200615716305561e-06,-0.00026860101788333624,0.0,-0.0,0.0,0.0007802184764295817,0.0013762738462537527,0,0,True,0.0,0.0
1136.34,12.087641716003418,-0.04756622388958931,3.0887958306592536,4.200615716305561e-06,-0.00026860101788333624,0.0,-0.0,0.0,0.0007802184764295817,0.0013762738462537527,0,0,True,0.0,0.0
1136.36,12.087641716003418,-0.04756622388958931,3.0887958306592536,4.200615716305561e-06,-0.00026860101788333624,0.0,-0.0,0.0,0.0007802184764295817,0.0013762738462537527,0,0,True,0.0,0.0
1136.38,12.087641716003418,-0.04756622388958931,3.0887958306592536,4.200615716305561e-06,-0.00026860101788333624,0.0,-0.0,0.0,0.0007802184764295817,0.0013762738462537527,0,0,True,0.0,0.0
1136.4,12.087641716003418,-0.04756622388958931,3.0887958306592536,4.200615716305561e-06,-0.00026860101788333624,0.0,-0.0,0.0,0.0007802184764295817,0.0013762738462537527,0,0,True,0.0,0.0
1136.42,12.087641716003418,-0.04756622388958931,3.0887958306592536,4.200615716305561e-06,-0.00026860101788333624,0.0,-0.0,0.0,0.0007802184764295817,0.0013762738462537527,0,0,True,0.0,0.0
1136.44,12.087641716003418,-0.04756622388958931,3.0887958306592536,4.200615716305561e-06,-0.00026860101788333624,0.0,-0.0,0.0,0.0007802184764295817,0.0013762738462537527,0,0,True,0.0,0.0
1136.46,12.087641716003418,-0.04756622388958931,3.0887958306592536,4.200615716305561e-06,-0.00026860101788333624,0.0,-0.0,0.0,0.0007802184764295817,0.0013762738462537527,0,0,True,0.0,0.0
1136.48,12.087641716003418,-0.04756622388958931,3.0887958306592536,4.200615716305561e-06,-0.00026860101788333624,0.0,-0.0,0.0,0.0007802184764295817,0.0013762738462537527,0,0,True,0.0,0.0
1136.5,12.087641716003418,-0.04756622388958931,3.0887958306592536,4.200615716305561e-06,-0.00026860101788333624,0.0,-0.0,0.0,0.0007802184764295817,0.0013762738462537527,0,0,True,0.0,0.0
1136.52,12.087641716003418,-0.04756622388958931,3.0887958306592536,4.200615716305561e-06,-0.00026860101788333624,0.0,-0.0,0.0,0.0007802184764295817,0.0013762738462537527,0,0,True,0.0,0.0
1136.54,12.087641716003418,-0.04756622388958931,3.0887958306592536,4.200615716305561e-06,-0.00026860101788333624,0.0,-0.0,0.0,0.0007802184764295817,0.0013762738462537527,0,0,True,0.0,0.0
1136.56,12.087641716003418,-0.04756622388958931,3.0887958306592536,4.200615716305561e-06,-0.00026860101788333624,0.0,-0.0,0.0,0.0007802184764295817,0.0013762738462537527,0,0,True,0.0,0.0
1136.58,12.087641716003418,-0.04756622388958931,3.0887958306592536,4.200615716305561e-06,-0.00026860101788333624,0.0,-0.0,0.0,0.0007802184764295817,0.0013762738462537527,0,0,True,0.0,0.0
1136.6,12.087641716003418,-0.04756622388958931,3.0887958306592536,4.200615716305561e-06,-0.00026860101788333624,0.0,-0.0,0.0,0.0007802184764295817,0.0013762738462537527,0,0,True,0.0,0.0
1136.62,12.087641716003418,-0.04756622388958931,3.0887958306592536,4.200615716305561e-06,-0.00026860101788333624,0.0,-0.0,0.0,0.0007802184764295817,0.0013762738462537527,0,0,True,0.0,0.0
