t,x,y,yaw,roll,pitch,v,lateral,w,rim_left,rim_right,cmd_v,cmd_w,publishing,a,alpha
123.46,11.929659843444824,0.02497914619743824,3.1263449600432103,0.0001845949870486531,-0.0006485304314297626,-0.0022702146356794487,0.00032624137625795574,0.001031313927374344,0.0005111189559102059,-0.0021890825498849156,-0.6,0,True,-0.14120177681957669,0.04948150018765531
123.48,11.92963981628418,0.02498503215610981,3.1263213582917637,9.68534884570947e-05,-0.0009012294262926731,-0.005468002826565712,-0.0002842799693468819,-0.0009964973875731464,-0.0018787494394928218,-0.0008325065113604069,-0.6,0,True,-0.2381241804417387,0.060234172555575845
123.5,11.929821014404297,0.024918653070926666,3.1265287585233823,0.00020994440737844876,-0.0007014107386713473,-0.011540465092219676,0.000771239456511438,0.00269235294023631,-0.00269717937335372,-0.0031366525962948804,-0.6,0,True,-0.2850114546663414,-0.015214627991989192
123.52,11.93007755279541,0.024963578209280968,3.1263665336181865,0.00016635285816642262,-0.0008461028373336905,-0.01904283224305073,0.0009735146724327069,0.0032575448365879806,-0.008644224256277085,-0.011135938912630082,-0.6,0,True,-0.3604660799521492,0.027110203752249193
123.54,11.930582046508789,0.024903547018766403,3.126560348278429,0.0003037797045933126,-0.0006487720809324718,-0.02507113100899033,-9.414708859309552e-05,-0.00018585631198498164,-0.015941364318132402,-0.015647779703140262,-0.6,0,True,-0.38219281934880817,-0.05064650828778445
123.56,11.931161880493164,0.024883965030312538,3.1265819618786908,0.0004276995467414035,-0.0005743089233841368,-0.03430528922273703,0.00032723523802005705,0.0011723189126067429,-0.024347292482852938,-0.0271632531285286,-0.6,0,True,-0.3922911721142637,-0.05554341348572537
123.58,11.9318265914917,0.024896034970879555,3.1265138900184235,8.731360217573378e-05,-0.0007858994626900698,-0.04211589064012368,-0.00036736458131200045,-0.00135936772278636,-0.030344085693359377,-0.02964559465646744,-0.6,0,True,-0.4572518478444719,0.00499187088803831
123.6,11.932821273803711,0.024896208196878433,3.126460319131195,0.0002661273724592024,-0.00034847091434861996,-0.05042612601219115,-0.0003421172483584499,-0.0011859282422699545,-0.03590925604104996,-0.044274868071079256,-0.6,0,True,-0.45097758828655504,-0.0022355322044249272
123.62,11.933951377868652,0.024882130324840546,3.1264515988606063,-3.897259577528186e-05,-0.00036693690108677247,-0.06165127883654731,7.189467299208749e-05,0.00021349335905807465,-0.049988558590412145,-0.05154736012220383,-0.6,0,True,-0.4772719000892416,-0.013122197784349312
123.64,11.935195922851562,0.024850288406014442,3.126487087619309,-0.00019176390715257706,-0.0003589711943016721,-0.07038349628566067,-0.0019556421031425007,0.0009934763362527525,-0.057001102268695834,-0.057761343717575075,-0.6,0,True,-0.5017065895946504,-0.013665960334680968
123.66,11.936758041381836,0.02481560967862606,3.126530969487148,0.00028813286997348293,-0.00014856989993875964,-0.08029764264726219,-0.000719903945090367,-0.0024091435455342826,-0.057001102268695834,-0.057761343717575075,-0.6,0,True,-0.49932222517601693,-0.0494155716021537
123.68,11.938453674316406,0.02496759034693241,3.1265397972380953,-0.0002568468349670048,4.101601145697963e-05,-0.09056265317976946,-0.0007244164784271718,-0.002279205069044603,-0.15284660160541536,-0.0769327062368393,-0.6,0,True,-0.510287553273888,-0.05569678690940677
123.7,11.940375328063965,0.024842966347932816,3.1262588673769636,-0.00045766449130386796,0.0003043277419630922,-0.10159705685062781,-0.0011063848178975231,-0.0037397523691141375,-0.10070240497589113,-0.096374568939209,-0.6,0,True,-0.5332920470669126,0.012877130013828054
123.72,11.9424409866333,0.024799181148409843,3.1263047512137856,-0.00029496419489156083,0.0003322534184039592,-0.11120650054757084,0.0012377442543743612,-0.0034622666164996945,-0.10070240497589113,-0.096374568939209,-0.6,0,True,-0.5192434744797978,0.031085803677070804
123.74,11.944886207580566,0.024779485538601875,3.126231789297619,-0.0005435676806212463,0.0007411896003015835,-0.12296100641261429,-0.00038809549342818,-0.0013789731444280601,-0.11064567744731904,-0.10922476291656495,-0.6,0,True,-0.48534468186222707,0.05443413612034552
123.76,11.947347640991211,0.024732578545808792,3.1262628159087753,-0.00024167535239952195,0.0003621580474053023,-0.1321021311381524,0.00017720127033494723,0.00020765922512100852,-0.12432493329048158,-0.12480448782444001,-0.6,0,True,-0.49629736877705355,0.03527037284505191
123.78,11.950211524963379,0.024722913280129433,3.1261485495254093,-0.0003443832409120138,0.0005797552638821334,-0.14042463139960515,0.00020613432598585134,0.0006149785205134115,-0.12902782797813417,-0.12854533195495607,-0.6,0,True,-0.4307219711999528,0.06738886248233998
123.8,11.953007698059082,0.024623004719614983,3.1263213639517953,0.0002579778872273258,3.202452212962648e-05,-0.15091029004973427,-0.00015882633015780814,-0.0006406367888956014,-0.14122642993927004,-0.14259276628494263,-0.6,0,True,-0.4762673304036646,0.03063444658294021
123.82,11.9561185836792,0.024589505046606064,3.12628098757926,0.0007698525947390089,-0.0001383460634450044,-0.15741876410860978,-0.0010159690093073488,0.004012135854159024,-0.14317419648170474,-0.20476691126823426,-0.6,0,True,-0.46439114108600776,0.03436188960161911
123.84,11.959419250488281,0.024560922756791115,3.1262115649656637,0.0005712373272741786,-0.00022600153817506694,-0.17020351757044475,-0.0015369380032680504,0.002658414951756173,-0.1502168393135071,-0.15425476551055908,-0.6,0,True,-0.45993879345868777,0.05313973952168986
123.86,11.962804794311523,0.02461136132478714,3.126469520393742,-4.2584575539492276e-05,-0.00045227112140042294,-0.17757592268648498,-0.001226066562771288,0.0033639296886428817,-0.16397921204566956,-0.16117373228073123,-0.6,0,True,-0.5150664579770793,-0.12375445909427736
123.88,11.96662425994873,0.02453652024269104,3.1265340371479358,0.00013613028516597044,0.00018707119264812054,-0.1877053935264285,6.682415340159877e-05,0.003610542372839497,-0.1732825791835785,-0.17212658643722537,-0.6,0,True,-0.4757524444399642,-0.16659366121476327
123.9,11.970324516296387,0.02447274699807167,3.1265501019543516,-0.00018719148633301275,-9.670127874765886e-05,-0.19862408074678256,0.0023065706893595616,-0.005888220873384712,-0.19164470672607423,-0.19099603533744813,-0.6,0,True,-0.5235477378053397,-0.1001526113190261
123.92,11.974433898925781,0.02432945929467678,3.126500408355491,-0.000282952327473296,3.4294586732878792e-06,-0.20826371312564107,0.004294587650887237,-0.010669077945424604,-0.23747128129005435,-0.18920972943305972,-0.6,0,True,-0.5114859090685273,-0.09500848851568393
123.94,11.978690147399902,0.024187840521335602,3.1259984627238713,0.00019587394134580282,2.4817661513757237e-05,-0.21945974171091126,0.0018187545662306666,-0.0046482792168790355,-0.20944266080856325,-0.20293493509292604,-0.6,0,True,-0.5114828474091054,0.10191038184400193
123.96,11.983278274536133,0.02394154854118824,3.125680510912302,0.0009880363140709872,-2.0504922543550628e-05,-0.22862426625190982,0.0007234240904298488,-0.003990136708415056,-0.21138228297233583,-0.22105692863464357,-0.6,0,True,-0.4511675991664971,0.15164242388232874
123.98,11.987876892089844,0.02405349165201187,3.1261782396170013,0.00035776110522549765,-0.00020130763915522884,-0.23954270853951012,-6.835653783825038e-05,0.0022646096741352688,-0.22296019315719606,-0.27762608051300053,-0.6,0,True,-0.41080702269554087,-0.02933479297515099
124.0,11.992720603942871,0.023980572819709778,3.1261811974188176,8.027764913478187e-05,-3.756214009328391e-05,-0.24435712105896007,-0.0002113591987468683,0.001462315965161436,-0.24104325890541078,-0.29513087868690496,-0.6,0,True,-0.4153630075512809,-0.031513039592322066
124.02,11.997851371765137,0.0238979272544384,3.126179631497802,-0.0005085405208846267,0.0006410362237988887,-0.25232430352655383,0.003080386926526112,-0.006995062654891065,-0.24754371643066408,-0.2455299520492554,-0.6,0,True,-0.369062990404794,-0.10645597617279132
124.04,12.002824783325195,0.023657195270061493,3.1257974961895147,-0.00023676578016220646,0.0002193900304448893,-0.2618533068560175,0.001590569756644498,-0.006511179875801215,-0.2564458227157593,-0.25562283158302307,-0.6,0,True,-0.43365781324988273,-0.03888236628758598
124.06,12.008056640625,0.023495975881814957,3.12561863460461,0.00023551977655675337,-0.00033280761259713937,-0.269067747771893,0.001611234097141932,-0.006251868419687855,-0.2691855835914612,-0.27106746912002566,-0.6,0,True,-0.4951396999540955,0.08040323562143524
124.08,12.013664245605469,0.023522475734353065,3.1256603030287535,0.0003400007422329222,-0.0002742297363086181,-0.27904974611894995,-0.00043518455290384155,-0.0016482733378453758,-0.2691855835914612,-0.27106746912002566,-0.6,0,True,-0.4662600226152845,0.06746055269319105
124.1,12.01937198638916,0.023425212129950523,3.125679482024227,0.0003017286388296174,-0.00015616552976197942,-0.2919354795228806,-0.0005825790531749477,-0.0005628038051763827,-0.28544336557388306,-0.3336953377723694,-0.6,0,True,-0.48355928945376925,0.06833864633952932
124.12,12.025146484375,0.023336347192525864,3.125665634322487,-0.00011210090775580964,-0.0003570753762762571,-0.29915410866523945,-0.00023753573709187677,-0.0011143356603460458,-0.2900013136863709,-0.28719686031341557,-0.6,0,True,-0.49043800865662057,0.06907619424713646
124.14,12.03140926361084,0.023170942440629005,3.125573610300196,8.164964668184587e-05,0.00014983817148879502,-0.30775249092819373,-0.00012070459125378564,-0.000784776712525625,-0.29491916656494144,-0.29480694770812993,-0.6,0,True,-0.415777399100867,0.04804500076622437
124.16,12.037593841552734,0.02316032163798809,3.125571156175926,-0.00011792933817395835,-0.00011153057648170116,-0.31828478681147876,-0.0013122655989418735,0.003877822201925424,-0.3140395975112915,-0.3617935776710511,-0.6,0,True,-0.4156204038210291,0.018255702134707067
124.18,12.043989181518555,0.023040492087602615,3.125616699887225,0.00039080697149167763,-0.0002138591739063357,-0.3251976714509552,-0.0006890055926035213,0.003280796256122168,-0.36863614082336427,-0.3159916782379151,-0.6,0,True,-0.40417018612410066,0.05393093694405826
124.2,12.050607681274414,0.02303338050842285,3.125975860098641,-0.00014242512650497677,3.136416203458503e-05,-0.33240374097092107,-0.0002697474197194795,0.0003461205104304884,-0.3380407643318177,-0.3268630886077881,-0.6,0,True,-0.38070468383861583,0.04175304317448513
124.22,12.057422637939453,0.022810446098446846,3.1258360740006856,-7.852023870722186e-05,0.00023083971303815043,-0.3400861058181211,0.0007179914989282679,0.003529698242998944,-0.34610059499740603,-0.3914295864105225,-0.6,0,True,-0.4161134411179003,0.08579404518399926
124.24,12.064183235168457,0.022766629233956337,3.1255988458167603,-0.00037748583113781276,-0.00012157516459382543,-0.3487411615185674,-0.00015848804293480852,0.007218065655884163,-0.34610059499740603,-0.3914295864105225,-0.6,0,True,-0.4461101685702731,0.15165265357164984
124.26,12.071191787719727,0.022554390132427216,3.125899075746665,0.0004984831244673257,-0.00021562949205219552,-0.3584867467403865,-0.0012573553328204526,0.010144319870841962,-0.34114108562469486,-0.34879790306091313,-0.6,0,True,-0.4846968679787975,0.029122787377282158
124.28,12.078503608703613,0.02259986102581024,3.126553305351112,5.907896769553595e-05,9.668219782879471e-05,-0.36809255445654215,-0.0005156136633456465,0.012478332796162216,-0.35713707923889165,-0.35336796760559086,-0.6,0,True,-0.48259938791033935,-0.023365923092281568
124.3,12.086099624633789,0.02246096543967724,3.126647619590353,-0.0001148384634272523,0.00038152047599026385,-0.3788618552564241,-0.0002498885445190776,0.005859521233181467,-0.3777146196365357,-0.3595818114280701,-0.6,0,True,-0.4341516306717442,-0.07997766919586377
124.32,12.0936279296875,0.022365020588040352,3.1265971124404532,-0.0001119196342646584,-0.00023660202034470954,-0.3873491125513937,-0.0027463887401292116,0.005348791808501677,-0.3897670483589173,-0.3766343379020691,-0.6,0,True,-0.41496854641275543,-0.13494591943588158
124.34,12.101497650146484,0.022121427580714226,3.1263678374453194,0.0005643364000495515,-7.486379775038816e-05,-0.3932188771941253,-0.0033142913993893046,0.003746106335172996,-0.3809336853027344,-0.3850029039382935,-0.6,0,True,-0.3740676283040121,-0.033723963160094184
124.36,12.109491348266602,0.022354884073138237,3.126981208695792,-0.0002449240877543022,4.112828537500829e-05,-0.4012900381695619,-0.0007710852321211777,0.0016826592412919207,-0.3981970810890198,-0.39698945999145513,-0.6,0,True,-0.34247133310228844,-0.15370522471321738
124.38,12.117557525634766,0.022247161716222763,3.126947308097167,-0.0001977193842848345,-9.505738938292386e-05,-0.4087872655207444,-0.005792614795132162,0.0031616041803739898,-0.4254086017608643,-0.39256082057952885,-0.6,0,True,-0.3605511001523336,-0.17025715820234047
124.4,12.125728607177734,0.0219576433300972,3.1267317251797566,0.0006387126666698562,-0.0002712720723505962,-0.41474681919958106,-0.004297260297091432,-0.006947626168557635,-0.4739742493629456,-0.41211061716079717,-0.6,0,True,-0.34934698710568557,-0.07440597765632995
124.42,12.134203910827637,0.022105857729911804,3.1266207657797493,0.00011844233918113404,7.560580974739069e-05,-0.42206296520631137,0.0017832576125682374,-0.009874466321013952,-0.47750764131546025,-0.41993524551391603,-0.6,0,True,-0.32125105631076445,-0.05577833492268163
124.44,12.142672538757324,0.022205563262104988,3.1264253986023074,-0.0007310184489489485,-8.025155079417831e-05,-0.42923779713801613,-0.0016233672839695837,-0.0042698189712143475,-0.43146080970764167,-0.42882650375366216,-0.6,0,True,-0.3131831943689147,0.06511393315797588
124.46,12.15131664276123,0.02159900963306427,3.1261573507914857,0.0005953234173316067,-8.161018911071701e-05,-0.434487350025605,0.0008487424671800529,-0.0013006626134404453,-0.4785195302963257,-0.5440836310386659,-0.6,0,True,-0.2845321601240491,0.14324200570820214
124.48,12.160065650939941,0.021566689014434814,3.1263901396620595,0.0001879970245662072,8.82224226120215e-05,-0.4398014747490937,0.01016166526031752,-0.0017385115159196756,-0.4338285875320435,-0.44526117563247686,-0.6,0,True,-0.2514724811833123,0.11666525320010664
124.5,12.168957710266113,0.02150147221982479,3.126516712770674,-0.0006501719271229402,6.760419652280111e-05,-0.4448255380162348,0.004293987063657944,0.0015848941356419752,-0.44602948427200323,-0.443212263584137,-0.6,0,True,-0.21867342284752603,-0.007798265118929061
124.52,12.177840232849121,0.020857857540249825,3.126286317681034,0.00032965979286985185,-0.00018763687667100036,-0.4493555956326807,0.003320954762034067,0.005063401284793986,-0.46738069057464604,-0.4421205663681031,-0.6,0,True,-0.19261632647803376,0.0679723189993987
124.54,12.186893463134766,0.020719056949019432,3.126284142322337,0.0003465359110931266,5.8123148791516616e-05,-0.45198122385340983,0.0081694003996595,-0.0019245238229548677,-0.4546970391273499,-0.4560591864585877,-0.6,0,True,-0.14430465994045394,0.0931484297584598
124.56,12.196005821228027,0.020750826224684715,3.126795211764843,-0.000571492803922587,3.5185258994445283e-06,-0.4552107808673361,0.002954583250449834,0.003699274004032105,-0.4575082182884217,-0.45728645086288455,-0.6,0,True,-0.0894871070480056,-0.06103784973614506
124.58,12.20510196685791,0.020294485613703728,3.1263627508648377,8.711953221534011e-05,-0.0001468465500274428,-0.4563699108114709,-0.0018449275481843188,0.0090367685163186,-0.4743727564811707,-0.4521743512153626,-0.6,0,True,-0.07110784946545447,0.08829221738366021
124.6,12.214249610900879,0.020082660019397736,3.1265822596013564,0.0004155260547154867,9.538938327279849e-05,-0.456514564196521,0.0015114969603824014,0.0001803733059024853,-0.45450479507446295,-0.46650156497955325,-0.6,0,True,-0.03067250565327094,0.06167775173175362
124.62,12.223401069641113,0.020310617983341217,3.1270070838036426,-0.0005195269973267688,5.0020934739730055e-05,-0.45766985181064607,-0.002414315508993306,0.005138853567737798,-0.49243570327758796,-0.46396424055099494,-0.6,0,True,-0.012353305350293595,-0.08305615401355348
124.64,12.232521057128906,0.020081743597984314,3.126809641629315,-0.00016232621372792505,-0.00015201639271735269,-0.4576645813195977,-0.008473291703893977,0.00863349414257229,-0.5070208334922791,-0.45566647052764897,-0.6,0,True,-0.03190178889701995,-0.01078330772258239
124.66,12.241714477539062,0.019953599199652672,3.1267738591502567,0.00047502566100488783,0.00016685688278165266,-0.45735817523949435,-0.0034012984545370483,0.002392276195234462,-0.4568391609191895,-0.4613732933998108,-0.6,0,True,-0.012602380885051298,0.052884672273048085
124.68,12.250868797302246,0.020219216123223305,3.1272729391327623,-0.0002480025695114678,6.972060220312201e-05,-0.459066707308283,-0.003031714469365632,-0.0006822913119042407,-0.4631367182731629,-0.4747435259819031,-0.6,0,True,-0.004453048044466512,-0.06630122526418455
124.7,12.259989738464355,0.020040512084960938,3.1271984658992613,-0.0002018084360622157,-0.00017889591433426297,-0.45867804228145015,-0.0060318405348151,0.009369627349581555,-0.47217539310455325,-0.4551469993591309,-0.6,0,True,-0.013204364503803804,-0.0028568279680092493
124.72,12.269246101379395,0.01979837752878666,3.126755058324363,0.0006410820493710607,0.00022823385230425616,-0.458020825163155,-0.0013318717469128355,0.003329396121437638,-0.4636208248138428,-0.4676433968544007,-0.6,0,True,0.020786145076414242,0.17021259014566473
124.74,12.278411865234375,0.019907930865883827,3.1275234293382232,-7.479659038212907e-05,0.0001579108087214932,-0.45841452439979863,0.004060098503906804,0.002163729957793727,-0.4636208248138428,-0.4676433968544007,-0.6,0,True,0.024040221781604185,-0.07376397906655767
124.76,12.287508010864258,0.01978209987282753,3.1275392908224773,-0.0004670948528510723,-6.172331882991563e-05,-0.45740381570216987,0.0008687987491613992,0.012934715899748648,-0.47329028844833376,-0.4521480822563172,-0.6,0,True,0.01959022797605639,-0.07599490488445818
124.78,12.29665470123291,0.019199790433049202,3.127371564295885,0.0006468593729975303,4.347452762359662e-05,-0.45675482453892186,0.003770086436261536,0.0034685090242570675,-0.4625614213943482,-0.4603934311866761,-0.6,0,True,-0.0007747238348753014,-0.02933086662951348
124.8,12.30583381652832,0.019214652478694916,3.1277898355963427,7.499933987567068e-05,0.00015233929587598672,-0.45645360692507053,0.012485773119815198,-0.002750196269318886,-0.45897856235504153,-0.46666615486145024,-0.6,0,True,-0.0007271650509628624,-0.1651865303240672
124.82,12.31494426727295,0.019086727872490883,3.127800910060164,-0.0007440593665272527,-1.932531223538232e-05,-0.45847650230658865,0.007035056799173575,-0.00018273937256730154,-0.4666687417030335,-0.4559638404846192,-0.6,0,True,-0.01609697926790894,-0.11679829105360497
124.84,12.324007034301758,0.018279321491718292,3.1273192751209318,0.0005530432250407742,-0.0003261739253987788,-0.4574619889062469,0.0023252702938045457,-0.0002802065261764468,-0.46211176156997685,-0.4577248120307923,-0.6,0,True,-0.04904216596677385,0.028648540757321258
124.86,12.333321571350098,0.018131200224161148,3.1273569451460794,0.0007690211502723336,0.0005541700836906808,-0.45804258288035454,0.0062835835065045715,-0.005875354260031131,-0.46078683137893683,-0.48326746940612797,-0.6,0,True,-0.018792327676150748,0.09168647144715421
124.88,12.342424392700195,0.018506305292248726,3.1277674190742486,-0.0006563581843850363,8.186712302555709e-05,-0.46037698020241236,-0.002130306347779133,-0.0004583130087332341,-0.4673251652717591,-0.4766725587844849,-0.6,0,True,-0.04887192932837535,-0.03664177681127357
124.9,12.351576805114746,0.018062464892864227,3.1273308817193612,0.0003535188939030803,-0.00022450125520259267,-0.45997988852068095,-0.005027367030823353,0.007152178343206182,-0.4676652765274048,-0.4575963711738587,-0.6,0,True,-0.06056435869617867,0.09845581083869016
124.92,12.360836029052734,0.01794056035578251,3.127282610080233,0.00033029532294134373,7.450353801303468e-05,-0.46137174325251684,0.004752122539625481,-0.00321154867107827,-0.45433436393737797,-0.47168112277984625,-0.6,0,True,-0.02909051924789775,0.14665738660831557
124.94,12.370121955871582,0.018008556216955185,3.127929119413536,-0.0005876243845728268,1.4634089716005552e-05,-0.46288773157604873,0.0010580908535332148,0.0020011106070639143,-0.46541989803314215,-0.46795990943908694,-0.6,0,True,-0.023831098268148145,-0.10040428824277954
124.96,12.379324913024902,0.01759801246225834,3.1275104951805623,0.00014884547717098517,-0.0002018435632771301,-0.4627042217422441,-0.0020361059596124727,0.01127427791993176,-0.47860229253768927,-0.459857087135315,-0.6,0,True,-0.013708231906881266,0.09025688621564826
124.98,12.388603210449219,0.01747186668217182,3.1274909705679264,0.00040920283781221734,0.00010397996680327874,-0.46188637638213276,0.0016781990479698148,-0.0008801647162160108,-0.45848829746246345,-0.47031725645065314,-0.6,0,True,0.01335048975199219,0.11598963164015869
125.0,12.39785099029541,0.017582179978489876,3.1281845523138276,-0.00046008384782713556,1.6552437682040916e-05,-0.4624684018050673,-0.001623332838268766,0.004009002226173436,-0.4667662072181702,-0.46979688405990605,-0.6,0,True,0.023722222174034812,-0.11783469784148812
125.02,12.40706729888916,0.01735326088964939,3.1278587062362386,-8.00157724170455e-06,-0.00014907841686845325,-0.4618196923958894,-0.007299937216461374,0.011280281138276413,-0.4765707540512085,-0.4588852190971375,-0.6,0,True,0.015717474761925063,0.13654463789890853
125.04,12.41632080078125,0.017231816425919533,3.1278312153586563,0.0005211518137877434,0.00012631432552687999,-0.46080644396832104,-0.0038237140245835233,0.0018475020926112368,-0.4611020755767823,-0.46288773059844973,-0.6,0,True,0.04441707164978226,0.2245486598671983
125.06,12.425553321838379,0.017548413947224617,3.1283933930589884,-0.000395467873318349,7.864296627122263e-05,-0.4606289784011788,-0.0036186615725006016,0.010043406315696437,-0.46580945968627935,-0.4649205040931702,-0.6,0,True,0.04494656290189815,0.04774314954908636
125.08,12.43471622467041,0.01738075539469719,3.1283323524812365,-0.00010805393465147952,-8.580730013903525e-05,-0.4589150360730848,-0.00881134698836625,0.021972895015548916,-0.47644047737121586,-0.45685631752014166,-0.6,0,True,0.023323647455879778,0.14612525807152565
125.1,12.443918228149414,0.017156345769762993,3.1286621787414943,0.0007289946095877537,0.00026541346670217874,-0.4582239673637376,-0.003319930711117718,0.01509973310220324,-0.46358707904815677,-0.4707889795303345,-0.6,0,True,0.019615406920379667,0.06946011582982131
125.12,12.45304012298584,0.017449848353862762,3.1295890469599,-0.00021216650189896264,8.479598165630306e-05,-0.4589405521718507,0.0009438104756547159,0.01353752273833304,-0.46582286119461064,-0.470573570728302,-0.6,0,True,-0.0021236268049271596,-0.22053946658135817
125.14,12.462211608886719,0.01733999513089657,3.1296013717071647,-0.0004002303220846307,-6.730268518978099e-05,-0.45905974584754844,-0.003028204331045779,0.015600215582082024,-0.4704626536369324,-0.4492454791069031,-0.6,0,True,-0.0007847684586599785,-0.21160422683287525
125.16,12.471427917480469,0.016864551231265068,3.129415354300303,0.0006736431885765319,-3.373254307403748e-05,-0.459084926217479,0.001937933935267284,0.004329737689040639,-0.45982936620712284,-0.459964599609375,-0.6,0,True,0.005756875138410289,-0.11479518122803832
125.18,12.480643272399902,0.016958218067884445,3.129910195988061,-1.866052803267855e-05,4.982469616918645e-05,-0.4582867488404304,0.008424208505962552,-0.0018286050444294268,-0.46127988338470466,-0.4662442326545716,-0.6,0,True,0.013844787464357567,-0.21623480338362153
125.2,12.489762306213379,0.016847603023052216,3.1299354259750234,-0.0005312379469628299,-8.493290393641447e-06,-0.4584800021607779,0.002533069862931942,0.004353908240090169,-0.4761530208587647,-0.4556832432746888,-0.6,0,True,0.013738718764625834,-0.17253597791631228
125.22,12.49886417388916,0.01623780094087124,3.1294550833036103,0.0006183833442427826,-0.0002717763499299427,-0.45795216285039986,0.0048932791492493485,-0.00169856868860733,-0.46208819627761843,-0.4607176876068116,-0.6,0,True,-0.02407181380316893,-0.025672135804886684
125.24,12.508101463317871,0.01623436063528061,3.1297636669595104,0.00011763813683287047,5.243086778902418e-05,-0.45798582871630894,0.013048980125469569,-0.009473140544264048,-0.46192197084426884,-0.47484563112258915,-0.6,0,True,-0.0242576912905126,-0.07472972883497728
125.26,12.517271995544434,0.01612212136387825,3.1297743104929725,-0.0007463122423490081,2.245621399444013e-05,-0.4602124939446839,0.006784584850735627,-0.0038823759088203176,-0.4639030909538269,-0.4669618725776673,-0.6,0,True,-0.031312401374336524,-0.07163325468455578
125.28,12.526386260986328,0.015370367094874382,3.1291775747314823,0.00038037617964036777,-0.0002747666961011137,-0.46042061746401886,0.005669378297895936,-0.0016244700667078851,-0.4612631273269654,-0.46076309919357306,-0.6,0,True,-0.05085288884562511,0.1360151594524741
125.3,12.535672187805176,0.015259966254234314,3.1291444932309047,0.00019719486634897548,0.0001265156719811149,-0.4604571549603467,0.012404804339827177,-0.007429229063371671,-0.45301585912704473,-0.47103394508361823,-0.6,0,True,-0.018404578552279036,0.11924321108206468
125.32,12.544926643371582,0.015323564410209656,3.1296337093541737,-0.0008619429602536056,-5.120616927983974e-05,-0.46205405982395886,0.0051160174121804725,0.0014080722119336497,-0.4695678234100342,-0.4687143158912659,-0.6,0,True,-0.011338589214488179,-0.037418768131505464
125.34,12.554093360900879,0.014671278186142445,3.129179972167903,0.00026353719246355653,-0.0003573423177031153,-0.4616848602288662,0.0018723961524422525,0.0056570809777446536,-0.47647969722747807,-0.46677531957626345,-0.6,0,True,-0.001670617338352145,0.10720751103858908
125.36,12.563343048095703,0.014519071206450462,3.129290220508437,0.00027432538827770655,9.166451463444551e-05,-0.4613277046011779,0.008763984631911966,-0.004617971517228259,-0.4575431823730469,-0.4820005011558533,-0.6,0,True,0.00015074898292441883,0.13556719980106327
125.38,12.572602272033691,0.014651738107204437,3.1295970597091243,-0.0006923794244726926,-3.666504113659471e-06,-0.4605908043474149,0.007331518356768265,0.0011473718197152726,-0.46729237079620367,-0.47294435262680057,-0.6,0,True,0.01572845110395549,0.030522311263438053
125.4,12.58182144165039,0.01416847389191389,3.1292642716327954,0.00015458778460724235,-0.0002798524870131505,-0.4620419999053249,-0.003919397055465828,0.012253448196020407,-0.47424513339996344,-0.45784355640411384,-0.6,0,True,-0.002470091702718638,0.20025659538770552
125.42,12.590930938720703,0.013642804697155952,3.12927176191348,0.001554079904429741,-0.0006271736149307452,-0.46042658414054977,0.00043512183512097076,0.008098865878819646,-0.4607934069633484,-0.4670146775245667,-0.6,0,True,-0.018669822656448547,0.19171124395229427
125.44,12.60030746459961,0.014376912266016006,3.1302704963641186,-0.0003766296238705198,-0.00014278307462267363,-0.4615253119373954,-0.0041402758283445185,0.011402556113787841,-0.5032224822044373,-0.5037074065208436,-0.6,0,True,0.052067261836114404,-0.09938948084417956
125.46,12.6094331741333,0.014163113199174404,3.13024496897943,0.00016226412394739406,-0.0003317073262729314,-0.46208439015993075,-0.013706983457526656,0.016484271335898488,-0.4861888480186463,-0.4624028563499451,-0.6,0,True,0.008677960099287054,-0.04857052353765302
125.48,12.618744850158691,0.01408164668828249,3.1301764761218984,0.000555514373046566,0.0004003287040845372,-0.45787661895843584,-0.003162178581200588,0.004302289728486211,-0.46455273866653446,-0.4664124274253846,-0.6,0,True,0.0441026669879006,-0.005263640167063819
125.5,12.627907752990723,0.01431981474161148,3.130590503620352,-0.00029554163899257003,0.00027271915780685064,-0.4597323473326068,-0.004539575036621739,0.004213223995807487,-0.46284280300140385,-0.4779683995246888,-0.6,0,True,0.07535207332947728,-0.20998179888470575
125.52,12.636938095092773,0.014211703091859818,3.1306146795423975,-9.281717399325938e-05,-0.0002537827992195689,-0.4579970985783634,-0.009484193774110073,0.010981464900422745,-0.4724171209335328,-0.4507635545730591,-0.6,0,True,-0.021779293654801184,-0.12861374173674658
125.54,12.64621353149414,0.01412162184715271,3.1305820268990945,0.0005313600942360204,0.00016789007666284425,-0.4560562242935716,-0.007091739162383964,-0.0003142725748805986,-0.4575361561775208,-0.4555582070350647,-0.6,0,True,0.014879411953510792,-0.07499397567139404
125.56,12.655390739440918,0.014438114129006863,3.1310549933139322,-0.0002895817487846357,0.00013033581856035977,-0.4596189624508199,-0.0005742193867107667,-0.005986809610453297,-0.47305777311325076,-0.4663234400749207,-0.6,0,True,0.013610942979127722,-0.23249019243437188
125.58,12.664396286010742,0.014485410414636135,3.1305653618143614,-0.0009323527174347453,-0.0003135194976735053,-0.458541994376326,-0.0022142982810456676,-0.0017862940579039077,-0.47291105747222906,-0.4571293878555298,-0.6,0,True,-0.03330518877656606,-0.06934535109151838
125.6,12.6737060546875,0.0138701805844903,3.130135734773561,0.0004219819159538535,5.83219316384831e-05,-0.4569082231400332,0.002834681907694897,-0.0076177504943266095,-0.45580252170562746,-0.5121169781684876,-0.6,0,True,0.021264511577614758,0.0671496945690201
125.62,12.682896614074707,0.013894245028495789,3.130439123374462,-0.00010227653183217794,0.00014192907490759472,-0.45872063939569685,0.010562968013854514,-0.00586190066220195,-0.4643739461898804,-0.47698438167572027,-0.6,0,True,0.013797653411100636,-0.029956578643867866
125.64,12.691938400268555,0.013792582787573338,3.130445573274386,-0.0006414291432733935,-0.00013710311180076493,-0.45791780152461076,0.0037888377431876787,-0.000614834044931804,-0.4637755179405213,-0.4731336092948914,-0.6,0,True,-0.015091557161979186,-0.07674559705481496
125.66,12.701082229614258,0.01323112566024065,3.1300964097613853,0.0003840980520989743,-0.0001636381552850147,-0.45743818210343795,0.005350972647071111,-0.004182820349413286,-0.4955767130851746,-0.4564681744575501,-0.6,0,True,0.0019774018345235654,-0.05044719970946847
125.68,12.710333824157715,0.013158745132386684,3.1300865480499667,9.359680268012844e-05,0.00017630300194423042,-0.45811554771299173,0.01240561562342889,-0.013757398258712765,-0.45610352993011477,-0.47069725513458255,-0.6,0,True,-0.003585111599563394,-0.05116560789664515
125.7,12.719484329223633,0.013045499101281166,3.130104497746509,-0.0007043189380435465,-4.595818997065122e-05,-0.45856244724893497,0.006711565386042627,-0.009897676638959341,-0.4654008054733277,-0.46662167787551884,-0.6,0,True,0.0008603603128848519,-0.0885148999439682
125.72,12.7285737991333,0.012378518469631672,3.129344981413689,0.00037823386370649316,-0.0004072360731659953,-0.4582046104525758,0.004969678195139964,-0.004708082676663328,-0.5292669701576234,-0.4556605625152588,-0.6,0,True,-0.020267778520316904,0.1420009075066347
125.74,12.73775863647461,0.01227280218154192,3.1293045956302685,0.0002947898743050571,4.6691137355185335e-05,-0.45736935327840716,0.010696421785194778,-0.011264012344930591,-0.448689124584198,-0.47213018178939825,-0.6,0,True,-0.012282015173147988,0.15936768775649104
125.76,12.74698257446289,0.01231225673109293,3.1297099014358336,-0.000677853785249082,-3.198216887690891e-05,-0.45973696999461705,0.0038218825065302634,-0.0023973256581822323,-0.495374505519867,-0.46497304201126105,-0.6,0,True,-0.005479068803140286,-0.0387966171294679
125.78,12.756060600280762,0.011740246787667274,3.1292033767589147,0.000270972579672142,-0.00044179512273893575,-0.4595450084627868,0.0014152599059568055,0.0028517383815596705,-0.46539431333541875,-0.4642857933044434,-0.6,0,True,-0.05506311822506597,0.11031692931929207
125.8,12.76534652709961,0.011635764501988888,3.1291531953610345,0.000347796624036898,0.00015977407982071658,-0.45864293595682704,0.005540490734708078,-0.007811812047020694,-0.45123439311981206,-0.4677824521064759,-0.6,0,True,-0.01123056325630738,0.07354958788272394
125.82,12.774518013000488,0.011704127304255962,3.1295327347007933,-0.0004886459422238568,-2.8067431313583767e-05,-0.46177440273641235,-0.0003681388166392038,-0.0024386579993874134,-0.46700160980224614,-0.4709269165992737,-0.6,0,True,0.010492067978659871,-0.04824189947065498
125.84,12.783665657043457,0.01141264196485281,3.129084956472072,9.490040879654211e-05,-0.00033319251749060197,-0.4606354150551216,-0.004883005489888832,0.003486641372435558,-0.4718251848220826,-0.45720699310302737,-0.6,0,True,-0.026782211213314967,0.14338895970523233
125.86,12.793000221252441,0.011324189603328705,3.1290082841189637,0.0004452139746981962,0.0002516924122892646,-0.458705643024494,-0.0019216885110633218,-0.0010076135760926455,-0.4613856935501099,-0.4682977175712586,-0.6,0,True,0.05520152589770619,0.14105022119846083
125.88,12.802199363708496,0.011565467342734337,3.1294321266708294,-0.00046045696046676974,4.267527052529997e-05,-0.4607855128538922,-0.004281630561425547,0.0036593047293976494,-0.4613856935501099,-0.4682977175712586,-0.6,0,True,0.07455825631731298,0.004685327442966106
125.9,12.811213493347168,0.011396060697734356,3.129452125614706,-0.0001667659090353025,-0.0003427569453453794,-0.45735828066459516,-0.008674494611509586,0.008845359696491218,-0.46909364700317385,-0.46998387098312383,-0.6,0,True,0.024444865936416003,0.02027871469523075
125.92,12.82052993774414,0.011306886561214924,3.1293777008504238,0.00048508347943146884,0.00039487078567392855,-0.4546707545497367,-0.004194702946559435,0.0038614675678728385,-0.4609475159645081,-0.4610849523544312,-0.6,0,True,0.08767437840375543,-0.03189331276298859
125.94,12.829594612121582,0.011573903262615204,3.129715912894683,-0.00015276975227875028,0.00019908304793051485,-0.4567500537495808,-0.00274094054400296,0.0006146835995257802,-0.513554961681366,-0.4685679173469544,-0.6,0,True,0.05137144652827384,-0.1660269555815096
125.96,12.838574409484863,0.011456727050244808,3.129741044076259,-0.0002202417270210602,-0.0002894326336292729,-0.4537715625815919,-0.0055883195919799655,0.001107839708358617,-0.4615178227424622,-0.45339679241180425,-0.6,0,True,-0.001611418574885871,-0.20202343752361926
125.98,12.847753524780273,0.011181354522705078,3.129501300302668,0.0004864022114243986,0.00015098721464006415,-0.45324856494233334,0.0004594862268576371,-0.004436796750029265,-0.4514119672775269,-0.4869336748123169,-0.6,0,True,0.038218853694707684,-0.061875112053469274
126.0,12.856834411621094,0.011323696933686733,3.1294663280270925,-0.00011744399680465632,3.8309823212469575e-05,-0.4547996680357276,0.0025130970618025368,-0.012300407434016357,-0.4559002041816712,-0.46779471874237066,-0.6,0,True,0.002436739007275237,-0.07701524349707292
126.02,12.865851402282715,0.011098726652562618,3.1293609691546806,-0.0003434271868783216,-8.955655190383254e-05,-0.4536925454540042,-0.0013233804266893565,-0.004335325364751656,-0.46225689172744755,-0.45879696607589726,-0.6,0,True,-0.026177204234779792,-0.09069410086944395
126.04,12.874953269958496,0.010814500972628593,3.1287570114815377,0.00048135394439198287,6.66635855361028e-05,-0.45357662346100985,0.002443226559232619,-0.00505337977140818,-0.45244294881820685,-0.48506953001022346,-0.6,0,True,-0.02504418334714887,0.0816382557658935
126.06,12.884047508239746,0.010843274183571339,3.129154474273488,-6.03217126776064e-05,0.00010399363569112981,-0.4553427412811157,0.0066735825273864825,-0.011692324819584626,-0.45028562307357795,-0.5221867680549622,-0.6,0,True,-0.05369603717683805,-0.07598038329365335
126.08,12.893115043640137,0.010662511922419071,3.12906205764538,-0.0004963515022957694,-5.988203104936978e-05,-0.45680320270349944,0.004206644069419649,-0.005769346972745016,-0.4643187546730042,-0.45719285726547243,-0.6,0,True,-0.06717737406851669,-0.1656078094224787
126.1,12.90226936340332,0.010111802257597446,3.128425583169114,0.00047024868103037303,-0.00018401380272592454,-0.4579882284281512,0.00589120405776323,-0.010413756028243794,-0.4643187546730042,-0.45719285726547243,-0.6,0,True,-0.07189454818933377,0.000707882103585316
126.12,12.911490440368652,0.010020086541771889,3.128295463723718,6.72002495336291e-05,0.00013034593814666647,-0.4589508133864911,0.011817149708014217,-0.018302004525206195,-0.4522724509239197,-0.46764768600463874,-0.6,0,True,-0.03725727284171833,-0.010271319458299724
126.14,12.920677185058594,0.009889603592455387,3.1283213737912283,-0.0006040199041666407,-2.2171902273212774e-06,-0.46109430513626226,0.006276777153178893,-0.011635694251297802,-0.4672952246665955,-0.47508809328079227,-0.6,0,True,-0.011474939719312582,-0.0405719155376017
126.16,12.929815292358398,0.009229017421603203,3.1275978972833633,0.0005185242897781946,-0.00048497341572531727,-0.45978378453083685,0.002284995210490922,-0.006591052529408977,-0.4655312323570252,-0.47138183355331426,-0.6,0,True,-0.020167432855676834,0.16442615852167028
126.18,12.939146995544434,0.009120173752307892,3.12749472762901,0.0006387093456594625,0.00037835882245173695,-0.45890622360569633,0.0050894591797982225,-0.013659509271252437,-0.45513353109359744,-0.4817287993431092,-0.6,0,True,0.02261280403113831,0.13881910938649217
126.2,12.948266983032227,0.009322556667029858,3.1277681795213654,-0.00041248355684927454,0.00013527627843485553,-0.4605642080149452,-0.0015227262791849367,-0.005147911843472851,-0.4794058322906495,-0.4745902848243714,-0.6,0,True,-0.014604522446237283,-0.05736338868585455
126.22,12.957380294799805,0.008964934386312962,3.127228613049528,0.0004481590911586889,-0.00034445118310945177,-0.45928528081377124,-0.0027659877101101713,-0.0005301655003786655,-0.5302067947387695,-0.4644986653327942,-0.6,0,True,-0.04693048032081526,0.10468635210578617
126.24,12.966658592224121,0.00884147547185421,3.1271860643358855,0.00028031431832886054,0.00010154108953757798,-0.4609521463265358,0.00368728850390847,-0.011180123624277243,-0.5144854903221131,-0.47917151451110845,-0.6,0,True,0.0016709128077982771,0.09677659689775044
126.26,12.975889205932617,0.008813672699034214,3.1274523143889796,-0.0005167232863267881,-1.0809628289771922e-05,-0.46266066203136147,0.0007665883707045559,-0.005284601102789723,-0.4657549858093262,-0.4687861299514771,-0.6,0,True,-0.004901292395721145,0.015745953840102363
126.28,12.985135078430176,0.008496362715959549,3.1268737696314233,-6.105894945821218e-05,0.00011165850413620241,-0.4604305349903213,-0.002811337296724596,0.002594215908347019,-0.4701064538955689,-0.46130204677581793,-0.6,0,True,0.021760832098114323,0.2290322483197119
126.3,12.994388580322266,0.008380256593227386,3.126805844961305,0.00033520614289831715,0.0002640451154027904,-0.4596773842054289,-0.0005496155031235418,0.0007295108068294965,-0.46451211690902716,-0.4731511998176575,-0.6,0,True,0.058615709003056876,0.22928467186011522
126.32,13.00349235534668,0.008524215780198574,3.1273936016085533,-0.0005089688452344189,-7.1752270532173e-05,-0.4592112797586867,-0.0028957301786324114,0.007142456241299319,-0.49520539283752446,-0.5272733163833618,-0.6,0,True,0.02980256818213561,-0.03274134711010868
126.34,13.012660026550293,0.008313884027302265,3.127510675253526,8.498055467134854e-05,-0.00014518814154737225,-0.457971405311117,-0.004557167463401384,0.013058172646019106,-0.48318428993225104,-0.502415521144867,-0.6,0,True,0.009430468029270951,-0.03992228428916115
126.36,13.021871566772461,0.008206386119127274,3.127445166130727,0.0002968997908526509,0.00019564205017012944,-0.45804632953575053,0.0015722324452455997,-2.509186046161956e-05,-0.4672506475448609,-0.4690625715255738,-0.6,0,True,0.02295945715104277,-0.0332203138961967
126.38,13.031027793884277,0.008228879421949387,3.1278504987729865,-0.0003985855193290234,5.126708767909431e-05,-0.45892294676308726,0.0005309456634569687,-0.002464271936303327,-0.5007422018051148,-0.46773270130157474,-0.6,0,True,0.0360028715339162,-0.14856729233716304
126.4,13.040130615234375,0.00788005068898201,3.1273915942597164,9.87976212036047e-05,-0.00018714415844999887,-0.457374523186603,-0.001270002851076253,0.0044848311296031675,-0.46653704643249516,-0.46157469987869265,-0.6,0,True,0.023517083514879522,0.08160794115086642
126.42,13.049369812011719,0.007766901049762964,3.1273135334986217,0.0005710590747394718,0.00034314296986595643,-0.4550911755884038,0.0016054158876557811,0.001172789259046317,-0.5166732406616211,-0.4656798005104065,-0.6,0,True,0.04667029425487081,0.1736934258932195
126.44,13.058459281921387,0.007788377348333597,3.1278039526210955,9.788943981166144e-05,0.00024408194991418463,-0.4561649628545602,0.0010832301094953157,0.006503543431607556,-0.4607182550430298,-0.4651746320724488,-0.6,0,True,0.05107058992868158,0.015563813429084873
126.46,13.067429542541504,0.007580612786114216,3.12794432191371,-0.00010168013869841684,-0.00015328537261403597,-0.4551893232226977,-0.0004440383230821434,0.011431202135153938,-0.4699947357177735,-0.4517526960372925,-0.6,0,True,-0.009899120641008525,0.031651152615004625
126.48,13.076619148254395,0.007290222682058811,3.127911877734245,0.00042255816232629,0.00020195084590293608,-0.45328887599230855,0.00267391162276869,0.005729936203929931,-0.45959396362304694,-0.4555366444587708,-0.6,0,True,0.007564051959743101,0.026049463588002652
126.5,13.085782051086426,0.007305430248379707,3.128228029669434,3.5786611457423376e-05,0.0002792059758536969,-0.45588310523968445,0.0016336169740229865,0.003704881468246633,-0.4637680578231812,-0.463410222530365,-0.6,0,True,0.0062435350227871235,-0.041016795834578075
126.52,13.09471607208252,0.007078392431139946,3.12826234751741,-0.00014876849007884602,-0.00016232128290288216,-0.4555598386977808,-0.002026691223671999,0.008587500518647723,-0.5004503726959229,-0.4618985557556153,-0.6,0,True,-0.07283434148948764,-0.03671117002876524
126.54,13.10389518737793,0.006962533108890057,3.12824071243117,0.00036808178943483296,7.140813427277301e-05,-0.4546898404208746,-0.002010255570939725,0.00814985846838718,-0.4499527716636658,-0.48774352312088015,-0.6,0,True,-0.04549469457226535,-0.0011531893163220612
126.56,13.113062858581543,0.006966537795960903,3.1285988777757368,-8.41409918778886e-06,0.00031744888999224246,-0.45911562331146744,0.004732884644512908,0.002793042601628774,-0.4587240839004517,-0.5017029881477356,-0.6,0,True,-0.03453504397042746,-0.10793118180322155
126.58,13.122156143188477,0.0069805714301764965,3.128880018346905,-0.0009582486570447542,-0.00023919142890995812,-0.4595226808054656,0.0051028028445580485,0.00361262632294087,-0.46573197126388555,-0.4725482320785523,-0.6,0,True,-0.056250302768604495,-0.18720871659037264
126.6,13.131437301635742,0.006222555413842201,3.12848579092554,0.0004354240153661683,0.00010578009342450452,-0.4583226422154149,0.00781069700294145,-4.6994025609815474e-05,-0.4741027569770813,-0.4550057744979859,-0.6,0,True,0.01426591973619734,-0.06796683110730764
126.62,13.14064884185791,0.00608701491728425,3.1285297225370052,2.1216257346216567e-05,0.00021936952770976873,-0.4591898646423629,0.013097008491561323,-0.0068268388588423115,-0.47060459613800054,-0.48228880882263186,-0.6,0,True,0.046423550905007625,-0.06169163498819227
126.64,13.149717330932617,0.005861175712198019,3.128595118253688,-0.0002848162932386555,-6.171774283879683e-05,-0.4579743497325717,0.004978459508207394,-0.002644303886955721,-0.5066403007507325,-0.4666700601577759,-0.6,0,True,0.0033511716795499615,-0.07093400311442441
126.66,13.15887451171875,0.005453044548630714,3.1283338712381976,0.00033158786710444483,2.0137565737192523e-05,-0.45580879673306507,0.005082186467624238,-0.0013227044761144064,-0.46324518203735354,-0.4593672561645508,-0.6,0,True,0.014590399034102341,0.030795815557858805
126.68,13.16806697845459,0.005348122678697109,3.1282742466145836,-6.898483740385095e-05,9.42159975692238e-05,-0.45805454848105087,0.007154241300819456,-0.005721714274764655,-0.45975506544113165,-0.470151264667511,-0.6,0,True,-0.0007085200877166171,0.0198092336212102
126.7,13.177104949951172,0.005197012331336737,3.128423906178916,-0.00040728442637750963,-0.00027104206631179935,-0.4580226327196347,0.0030704854573859654,-0.00436317361421366,-0.46409832239151005,-0.4654163765907288,-0.6,0,True,-0.07378452021296421,-0.1124353152717798
126.72,13.18635082244873,0.0048008570447564125,3.128137381111707,0.00029406233618237024,6.39531354992157e-05,-0.458031031339589,0.0017274293302084655,-0.0010595651972589385,-0.47201757907867437,-0.46102660655975347,-0.6,0,True,-0.047148576288784695,0.0019775032033404
126.74,13.195509910583496,0.0047249142080545425,3.1279848173490605,-2.2120784867508162e-05,0.000146487554471186,-0.4617115583501021,0.008398612909433681,-0.010317529697856598,-0.46215648889541633,-0.47487585544586186,-0.6,0,True,-0.041007764922126363,0.012529569670544615
126.76,13.204704284667969,0.004716921132057905,3.128189481398803,-0.0009397182733529372,-0.0003869952178154726,-0.46182643458415357,0.005629689262106237,-0.005563514018497426,-0.46185928583145147,-0.4636556553840638,-0.6,0,True,-0.0477281648305943,-0.1515672058228427
126.78,13.214029312133789,0.004022569395601749,3.1275985038030876,0.00016028640468772378,-8.485031551112294e-05,-0.46130325391340476,0.006076105110040492,-0.003360808040570112,-0.46209740877151495,-0.46231805801391607,-0.6,0,True,0.0115281666302906,0.028142108551219687
126.8,13.223287582397461,0.0038553420454263687,3.127692299990227,3.1059403001022905e-06,0.00022775465576537756,-0.46184928452603646,0.010277075350926573,-0.013184941663086095,-0.46209740877151495,-0.46231805801391607,-0.6,0,True,0.026317240098225204,-0.05500885275185285
126.82,13.232403755187988,0.0037224465049803257,3.127715952705815,-0.0004537368852873275,-0.00011927546555289274,-0.46078930501967885,0.002651937252986086,-0.00806616101375907,-0.46265678405761723,-0.48255031347274785,-0.6,0,True,-0.005505711809882081,-0.14850549358538825
126.84,13.241637229919434,0.0033812616020441055,3.127134686065756,0.00024081215723661836,-0.00016686150615749382,-0.4597210553762956,0.001786562858612734,-0.00996422223864556,-0.4653269386291504,-0.4600848460197449,-0.6,0,True,-0.021415008114504988,0.05132506970803803
126.86,13.250885963439941,0.0032989124301820993,3.126953210921987,4.6242333813213896e-05,0.00020414048508745776,-0.4617437108581953,0.0046574461494484675,-0.01524124752740092,-0.4563308715820313,-0.48633386135101325,-0.6,0,True,-0.030603320696697623,0.00980727610726127
126.88,13.260059356689453,0.0031807199120521545,3.1268951622111354,-0.00046200002972551286,-0.00015591454731976134,-0.4635624851751968,0.0018166874976133568,-0.00907893608644314,-0.5137233567237854,-0.4715723752975464,-0.6,0,True,-0.06989266808522461,0.03138332410633626
126.9,13.269333839416504,0.0028091364074498415,3.1264966529036227,0.00023888438066176844,-0.0003578968532123471,-0.46323757067541504,0.0021765854120208055,-0.0072815789251780465,-0.46331811428070074,-0.4625625228881836,-0.6,0,True,-0.033008862675778385,0.1522021167711389
126.92,13.278716087341309,0.002690905472263694,3.1264083711788406,6.654327095285106e-05,0.00021834236664528464,-0.46531246882311345,0.002150639690058861,-0.0074535563101387125,-0.5157977032661438,-0.4761258506774903,-0.6,0,True,0.03089946617172431,0.08814304503543634
126.94,13.287938117980957,0.0025653839111328125,3.1263706846079726,-0.00042067221906735673,-0.00011289736141431644,-0.46438441987225754,-0.0008806440390840345,-0.0030650781857100673,-0.47249888181686406,-0.5246761775016785,-0.6,0,True,0.009963182449311065,0.06994134946439491
126.96,13.297277450561523,0.002443475415930152,3.1262988777063243,-0.0002667292009393251,0.00016551623343796616,-0.46109052788145893,-0.0011275467248066662,-0.002027492483608383,-0.46552427291870124,-0.46761569261550906,-0.6,0,True,0.049351609353577935,0.06520573005133143
126.98,13.30648136138916,0.0023140939883887768,3.126251446648766,9.14995660656934e-05,0.0003998686571854419,-0.4624405160794702,-0.0009656977374474102,-0.0016862709680265735,-0.4733786582946778,-0.47596913814544684,-0.6,0,True,0.05415768911615122,0.07364890409499206
127.0,13.315600395202637,0.002216975437477231,3.126246171780152,-0.0001888746184067624,-2.420683149474579e-05,-0.4613643400748273,-0.0011740929107227314,-0.0022370979060323095,-0.46041464328765874,-0.467062475681305,-0.6,0,True,-0.005742503350660501,0.06176776623885993
127.02,13.324930191040039,0.002075101248919964,3.1262357829305305,7.505782726309107e-05,0.00016936011295957628,-0.46005180474296553,-0.0028008958443205044,0.002826834141889172,-0.5162418055534364,-0.4621144652366639,-0.6,0,True,0.050587460892175355,0.03232126982888466
127.04,13.334183692932129,0.001970988465473056,3.1261199098738417,0.00020796711005212563,0.00043432977670899856,-0.46154992814951185,-0.002327090454189904,0.002913928815501183,-0.4705922293663025,-0.47139356613159183,-0.6,0,True,0.07221714437466874,0.05726738412300838
127.06,13.343284606933594,0.0019729649648070335,3.126477593380117,-0.00025869592880471047,4.652563157318073e-05,-0.45839351920809623,-0.0028054825949260023,0.0008994306182841442,-0.4639673781394959,-0.46329176187515264,-0.6,0,True,0.07928644814431565,-0.06562114807006084
127.08,13.352522850036621,0.0018318276852369308,3.126479286085392,-0.00027624236337279074,0.0003039131424681067,-0.4555869685248539,-0.0023346198793941326,0.0023442928238082633,-0.4702583432197571,-0.4607137155532837,-0.6,0,True,0.09400457639518736,-0.07123354305874378
127.1,13.361600875854492,0.0017452436732128263,3.1263077373799932,0.0001439707354943356,0.0003804780265498973,-0.4537088888914204,0.0003231309436778256,-0.0024228577037155824,-0.4531480216979981,-0.4605302500724793,-0.6,0,True,0.03967859907031358,-0.02112322873372344
127.12,13.37062931060791,0.0016069214325398207,3.1263074532997464,-3.012417279542442e-05,0.00019411231486771328,-0.454029562037897,0.00024256249066801315,-0.002784754629198198,-0.4531480216979981,-0.4605302500724793,-0.6,0,True,0.014214562657763634,-0.026293535859215903
127.14,13.379576683044434,0.0013923469232395291,3.1262837647638198,0.00020489854611756904,-0.0003248823311450428,-0.4552192312824712,0.0008427347197057953,-0.0007904276804136952,-0.45471115827560427,-0.4565816450119019,-0.6,0,True,-0.04917572529612649,0.039588522645622945
127.16,13.388840675354004,0.0012572519481182098,3.126256505715056,0.00026510139516247323,9.094558786414741e-05,-0.45444980351223285,0.0011889888876711755,0.00024080995507103588,-0.4990521597862244,-0.502798891067505,-0.6,0,True,-0.04382873200290776,0.04757267085015096
127.18,13.3980131149292,0.001120342523790896,3.12624450316556,2.030746585217982e-05,0.00022622157284095726,-0.45764294691511115,0.0002728473053280568,0.0007442241079347481,-0.46775818586349494,-0.466667857170105,-0.6,0,True,0.002407437041824413,0.08128571838031566
127.2,13.40697956085205,0.0009542746120132506,3.126326718096152,7.88556588108429e-06,-0.00010877851890032713,-0.45753586059812956,0.00032609585214349226,0.001021059038813798,-0.5379717588424683,-0.4621134972572327,-0.6,0,True,-0.03636845815498399,0.06057942883185266
127.22,13.416183471679688,0.0008086259476840496,3.1263433026924545,0.0002966643213734999,-6.669307776935142e-05,-0.45502663631912527,-2.9098568027067194e-05,0.005712429790011419,-0.45212491750717165,-0.45203766584396365,-0.6,0,True,-0.023840851673226866,0.04773784918275996
127.24,13.42543888092041,0.0006724119884893298,3.1263381904381613,0.0003342153421739559,0.00039862801171359206,-0.4573592801646315,-0.00030214105409781013,0.0050871642616191455,-0.46388685226440435,-0.463658676147461,-0.6,0,True,0.005515712384605277,0.04566526880994876
127.26,13.43441104888916,0.0005675827851518989,3.126701497548761,9.249501591055638e-06,-5.800273660588707e-05,-0.45955021504896926,-0.0003266048690192423,0.004563252042555463,-0.4621744966506958,-0.46539296150207526,-0.6,0,True,-0.05663408054062523,-0.06997872951664284
127.28,13.443564414978027,0.00042032310739159584,3.1267336912370816,0.00029327023953603856,-9.535849313990964e-05,-0.45709460360736115,-0.0002875325278618116,0.004674280543609621,-0.49824912071228034,-0.4484356474876404,-0.6,0,True,-0.06647785765379197,-0.07072379962967969
127.3,13.452943801879883,0.0002873129560612142,3.126708362855859,0.00014117728061941581,0.0005024137380857218,-0.4595573627623752,0.00015658332461885704,0.00011413142868011114,-0.46263180017471317,-0.46115539789199833,-0.6,0,True,-1.6716955091034347e-05,-0.019626605006068668
127.32,13.462002754211426,0.0001520759251434356,3.12671213288165,7.624711245325568e-05,-7.66009796686154e-05,-0.46267750877693475,-7.570464545664322e-05,-0.0005707397087551091,-0.474383454322815,-0.4714205527305603,-0.6,0,True,-0.07674501266111575,-0.024860259262925257
127.34,13.471171379089355,7.862880011089146e-06,3.1267106280630554,0.0004181307890546218,-0.00039898187990773605,-0.45955155240537654,-0.001033809010282466,0.002993123642070003,-0.4702749156951905,-0.45884853601455694,0,0,True,-0.012172596509573124,0.013058461002663503
127.36,13.480574607849121,-0.0001243914448423311,3.126688032060381,0.0004486014348904142,0.0005065377138557671,-0.4632342046202503,-0.001131444130872009,0.002685459802575643,-0.475645866394043,-0.46722676515579226,0,0,True,0.05053406310010196,0.01921679046348619
127.38,13.489705085754395,-0.00017709592066239566,3.1269478127472246,5.3026208676666296e-05,7.243402867580015e-06,-0.460531170483141,-0.0016183439825427056,0.0011588083088931692,-0.4742795300483704,-0.477978162765503,0,0,True,0.017394667914212247,-0.07076774580832025
127.4,13.499058723449707,-0.0003097445878665894,3.126926969665856,-0.00014115757150357397,0.00026953880325026133,-0.45863478372892597,-0.0016771265708982862,0.0009666035283240266,-0.4714798164367676,-0.4697571635246277,0,0,True,0.09130051324701807,-0.06346637149385834
127.42,13.508011817932129,-0.00040221665403805673,3.126803332727767,-0.00033867791921484395,-0.00020765138187586846,-0.4581599789722396,-0.0007725553484304775,-0.0026682960225954968,-0.4714798164367676,-0.4697571635246277,0,0,True,0.07251825406907832,-0.035156544593227645
127.44,13.517263412475586,-0.0005283118807710707,3.126765360342647,-0.0001951573062804424,-1.707603432824663e-05,-0.455930163560489,-0.0008120026441655942,-0.0023918499169329156,-0.504147436618805,-0.4538034939765931,0,0,True,0.15407449170616644,-0.012501179306110255
127.46,13.526354789733887,-0.0006573484861291945,3.126734349065417,0.0002782423026843185,-0.0003003335908052112,-0.4547297101576149,-0.0005758798756237277,-0.0016537152585649826,-0.4662960028648377,-0.4674458122253418,0,0,True,0.22388691152095538,0.04770020704224169
127.48,13.535530090332031,-0.0007855885196477175,3.1267356216725015,0.00017180345026471342,0.0002818877230576073,-0.4463088243924329,-2.7416990672273107e-05,-3.34908161647725e-05,-0.4662960028648377,-0.4674458122253418,0,0,True,0.33430918863608816,0.041171082218184975
127.5,13.544386863708496,-0.0008966524619609118,3.1266710355070817,-0.00011471555631119375,0.0001418038560682527,-0.44024902605056354,-0.00027667721464355675,0.001147720540783757,-0.4638272380828858,-0.46433097124099737,0,0,True,0.46305036110662867,0.04464524322004512
127.52,13.552964210510254,-0.0010565652046352625,3.126762681077354,0.00030955863805037857,-0.00038853291599970304,-0.4291854284696025,-0.0002216595098919246,0.0009018366605218123,-0.44564089059829715,-0.4486588835716248,0,0,True,0.4846933996548778,0.010054003294346789
127.54,13.56157112121582,-0.001160735497251153,3.1268261667086796,0.00016594867778663532,-0.00012878065737391544,-0.4176856812690788,0.0001570561708525292,0.0019179041990391853,-0.4322789025306702,-0.43058141708374026,0,0,True,0.5851020057857037,-0.02579795694283704
127.56,13.56986141204834,-0.0012770236935466528,3.1268077686053433,8.59125814004216e-05,4.3145332890776205e-05,-0.4075333524200435,-0.0002910627982959813,0.0007708294473829534,-0.4333238196372986,-0.4331030035018921,0,0,True,0.6387388768487515,-0.019484137212672777
127.58,13.577797889709473,-0.0014026176650077105,3.126824467843005,-3.167207042709737e-05,-8.466727528872811e-05,-0.39344086558770824,-0.00031248506630347957,-0.0009161160146431619,-0.4155689907073975,-0.41507480382919315,0,0,True,0.6520899042388604,-0.036139275471984575
127.6,13.585563659667969,-0.001515291864052415,3.1268243474331445,-0.00011142681997203702,0.000132940003818775,-0.3780863183217035,-0.00022560863445116996,-0.0006568943164919767,-0.4018591141700745,-0.4000880289077759,0,0,True,0.7334375470358531,-0.04309238598134846
127.62,13.593043327331543,-0.001600555144250393,3.126752877427508,2.6249878443894163e-05,0.00016040858209131727,-0.3655184889299711,-0.00037186664957174556,-0.0009732378387195191,-0.39211990594863894,-0.3906713747978211,0,0,True,0.7317202672451947,0.018586523962208737
127.64,13.600105285644531,-0.0017056562937796116,3.126755217060024,-0.00023102557538589756,-0.0001907847436249064,-0.3488583486571765,0.0009144527388428459,-0.00267656143112485,-0.37574845314025884,-0.37465346813201905,0,0,True,0.686007817472951,0.012229642606108052
127.66,13.607036590576172,-0.0018067926866933703,3.1267466088159073,-0.00013694997488200851,-8.789395235663667e-05,-0.3349032442080939,-0.0003016115113255516,0.0005708059023335054,-0.3535853123664856,-0.3547639107704163,0,0,True,0.7063831657495722,0.020825637349065396
127.68,13.613468170166016,-0.0020025179255753756,3.1266102225186545,0.0006909049086734517,-0.0007058607162792332,-0.3232056929238588,-0.00046495425198416016,0.00032147709199682034,-0.34979669094085697,-0.31449413895607,0,0,True,0.6339965483781105,0.060172883783734483
127.7,13.619832992553711,-0.001974173355847597,3.126798541899695,0.0005175626682671619,-0.0008855070847867691,-0.3090078356700065,-0.0003066814642804826,0.0006928131492056769,-0.32512309551239016,-0.3252368831634522,0,0,True,0.6292983083626541,-0.006264527407373865
127.72,13.625959396362305,-0.0020558421965688467,3.1267809352273837,-4.580087518074696e-05,-0.0006772943669816325,-0.29813862478692876,-0.0016602814517279875,0.0021372692715738066,-0.32687537193298344,-0.25530232191085817,0,0,True,0.6945145743479565,0.002140763743774346
127.74,13.631754875183105,-0.002147967228665948,3.1268020338678437,-0.0004665842435765297,-0.0006024501437772006,-0.28455937953908267,-3.229490429888359e-05,6.964370974360683e-05,-0.3073989081382752,-0.18949819564819337,0,0,True,0.6593871655266289,-0.017412515383036974
127.76,13.63731861114502,-0.0022229726891964674,3.1267812040603804,-0.0004828808459660667,-0.0005289484813707542,-0.2676445269760235,0.00015094286319435393,0.0004927381914987644,-0.29035407543182373,-0.2924915075302124,0,0,True,0.7357649169866987,-0.028835862888253027
127.78,13.642595291137695,-0.002308282535523176,3.1268041133964743,0.0002723383138231698,-0.00016979819201856842,-0.2562568624278773,-0.0007794668552643935,-0.0007001880814372513,-0.29035407543182373,-0.2924915075302124,0,0,True,0.7872807459613604,-0.024557116801647228
127.8,13.647368431091309,-0.0023850409779697657,3.1268203542827036,0.000861448118454899,-0.00085291378800242,-0.23927743142799413,-0.00011643060052398237,-0.00016959975948638656,-0.2640761291980744,-0.2582617020606995,0,0,True,0.6596611150741579,-0.050048967256274196
127.82,13.652254104614258,-0.002388778841122985,3.1267460188213287,0.0006795059562367652,-0.0005491491653127167,-0.22157691986217518,-0.0006658672536044435,-0.0018949256343881297,-0.24050857543945314,-0.2384772622585297,0,0,True,0.7436513759987293,-0.0805310743630259
127.84,13.656458854675293,-0.0024964231997728348,3.1267676360796215,-2.026866488259749e-05,-0.0008724245011000854,-0.21487163777009197,0.002218362944272122,-0.003511179189003086,-0.24393076658248905,-0.24893485307693483,0,0,True,0.6894024920474329,-0.07642908405075859
127.86,13.660320281982422,-0.002518183086067438,3.1266525193457233,-0.0007007536077424902,-0.001278010918670084,-0.19676475234798024,0.0015812658078597666,-0.007142674030479185,-0.21599218487739566,-0.21322993040084842,0,0,True,0.630621931489108,-0.03208352860571262
127.88,13.66455364227295,-0.0028173192404210567,3.1265394599475833,-0.00022874492820693052,0.00016214428957464603,-0.18412523206420067,0.0014207668178705004,-0.0062839264835469425,-0.1943012261390686,-0.19290764451026918,0,0,True,0.7593267740786602,0.03150356737202788
127.9,13.667991638183594,-0.0027504325844347477,3.1261746048988903,-0.00020730205034208331,-9.41746017951203e-05,-0.17112716534303865,0.0019182473782041656,-0.004461607922845541,-0.13468724489212036,-0.21032545804977418,0,0,True,0.6789239340369276,0.1637904578986099
127.92,13.671185493469238,-0.0028317971155047417,3.1262649219609377,-0.00010793022226014579,-0.00026130159537957835,-0.15412549584380045,-0.0004161512834253377,-0.0009908937992409094,-0.12037946164608003,-0.17470004320144655,0,0,True,0.6057100679321737,0.14789912705156302
127.94,13.674006462097168,-0.0028826920315623283,3.1262955907118957,0.00036325895328953096,-0.0009674971813890457,-0.1424508376250272,-0.0013682781502502993,0.005960562601409329,-0.0010231542587280274,-0.1581519091129303,0,0,True,0.5495962863398755,0.11596795730622314
127.96,13.67688274383545,-0.0029730151873081923,3.126460188443644,0.0006580185170784204,-0.0007344528782153638,-0.1356684266296278,-0.002056577460479054,0.005548003680577847,-0.1408675765991211,-0.1434464156627655,0,0,True,0.4757364867879519,0.02844126114530509
127.98,13.679388046264648,-0.0028153026942163706,3.126651449907003,0.0005671760111710522,-0.0008571619607135098,-0.12715946243584955,-0.0018205974039983402,0.004815828661652113,-0.13614082872867586,-0.13781763195991517,0,0,True,0.4133205098864637,-0.16625662458279708
128.0,13.682040214538574,-0.0028315233066678047,3.126708762255384,0.0002853000413573848,7.661128248200137e-05,-0.1160665769007651,-0.0029701718356630585,0.001284407092383449,-0.0752428811788559,-0.10968483686447145,0,0,True,0.5182367598478331,-0.17642191638577123
128.02,13.68418025970459,-0.0028890480753034353,3.126680857004828,0.0004921784497784119,6.234994349256138e-06,-0.10938519683410493,-0.0024981435678023828,-0.007339967365216516,-0.02849727272987366,-0.12355798482894899,0,0,True,0.5406777487440212,-0.10919866179744377
128.04,13.68617057800293,-0.0028736244421452284,3.1265629410110347,0.0005769349301460847,5.629016137638836e-05,-0.09420948584180204,-0.0024018625444227563,-0.00856574963028355,-0.10301121950149537,-0.05446423888206482,0,0,True,0.5614591593999855,0.024173860770904804
128.06,13.688140869140625,-0.0027459589764475822,3.1260642525177857,0.0005430222799885096,0.0005226640180016592,-0.08390524253632878,-0.001816949825914396,-0.003920064282143201,0.03957021892070771,0.050438979864120485,0,0,True,0.6795481467158074,0.15294429810787674
128.08,13.689579010009766,-0.002752667060121894,3.126023502284961,0.0009531457114688689,0.00015238499830035675,-0.07114984414875924,-0.00248230203076807,0.0032183159540561355,-0.08570483207702638,0.07878077298402787,0,0,True,0.6577979155631044,0.1730294009376741
128.1,13.69089412689209,-0.0028479385655373335,3.1263672518622565,0.0010746041373367076,0.00020245725424114424,-0.05502134509685115,0.0015581552211943457,0.004895576483411187,-0.01032370299100876,-0.06893247723579407,0,0,True,0.6924328626378748,0.0745891747570349
128.12,13.691864967346191,-0.0027636801823973656,3.1268204062873592,0.0005378878258307288,0.00015320085058582862,-0.04158565259674546,0.00167597021429924,0.0052766024447325425,-0.05684975951910019,-0.055284543037414556,0,0,True,0.6557875745515461,-0.10193227968555003
128.14,13.692540168762207,-0.002937612123787403,3.1264558986364586,0.0008976344704033463,0.00020168621667108764,-0.028510613525309817,0.0010786865120124716,0.002047069698418404,0.018554488420486452,-0.0406499394774437,0,0,True,0.5621126737216222,-0.055736779262590005
128.16,13.692903518676758,-0.002935873344540596,3.1264456304805397,0.0009224534887885441,0.00011531555110335321,-0.01868683818464599,0.001877716570082346,-0.004936266420786244,-0.018690744042396547,0.016076905429363252,0,0,True,0.47405594604876716,-0.06400595831661089
128.18,13.6931734085083,-0.0029687469359487295,3.12653101743813,0.0009546406889784838,-6.999539618026257e-05,-0.010052331199114339,0.00012269458847230988,0.00043663414240328993,-0.02199221417307854,-0.0204675829410553,0,0,True,0.36707226899218065,-0.01549864694499182
128.2,13.693357467651367,-0.0029365234076976776,3.1264255049736964,0.0008162130912355559,0.00013703493601761594,-0.0036611769128516297,6.795333129251915e-05,0.00015612577940469,-0.02199221417307854,-0.0204675829410553,0,0,True,0.306552039735972,0.07251685466051686
128.22,13.693344116210938,-0.002959538483992219,3.126490829367851,0.000848972315961189,0.0001136409236796236,0.000855167994069225,0.00021431376781417112,0.0008071779428188648,-0.006723835989832879,-0.008572965376079083,0,0,True,0.22185162074548065,-0.020106160597000735
128.24,13.693196296691895,-0.0029457511845976114,3.126458120542892,0.0006873288726406393,-0.00014677684880236102,0.005837324994235605,0.0003038671972473027,0.0008650819520560107,0.00020951930433511735,0.0006998759880661965,0,0,True,0.15200324013738858,0.0016004241406444141
128.26,13.69310474395752,-0.002984856953844428,3.1265955916735555,0.0009475094427070995,6.97357077438105e-05,0.007695798460520582,-0.00039568316727816324,-0.001171858705356449,0.005725153721868993,0.004245777484029532,0,0,True,0.10988387866368836,-0.02489088626412696
128.28,13.692890167236328,-0.0029537626542150974,3.126494711529861,0.0010820898435770791,-1.6100586533354683e-06,0.008499082298141357,9.99314695340146e-05,0.00028415971065626314,0.005783648155629636,0.002897983929142356,0,0,True,0.056475661680161264,-0.027759639422698726
128.3,13.692728996276855,-0.0029186545871198177,3.1263970806714223,0.0008922137011618221,0.00029516664464933497,0.009645878287165668,-4.8248874159007986e-05,-0.0011840929583116036,0.009322543144226075,0.00946531280875206,0,0,True,0.012402762269299459,0.023231620562900963
128.32,13.692516326904297,-0.0029434796888381243,3.1264808533197446,0.001006660085936847,0.00024641879236630764,0.010355377928647607,-0.00045192943328290744,-0.0013556892017594457,0.010752973183989526,0.008101025596261024,0,0,True,0.0017365674704830827,-0.018100563317284313
128.34,13.692333221435547,-0.002969271969050169,3.1265008642368906,0.0011490934768034321,0.00015190293039562793,0.008688019442064694,0.00022046918608451267,0.0006866709396759187,0.009552266672253609,0.0096768606454134,0,0,True,-0.017641377430175968,0.0053634204613652705
128.36,13.692062377929688,-0.0029050938319414854,3.12638625639372,0.0009164917652731923,-0.0001724394451867512,0.008638007695780025,-0.0004114511695210818,-0.0011638853547267082,0.007596083767712117,0.00783635649830103,0,0,True,-0.05507984215041032,0.012899387740456037
128.38,13.692033767700195,-0.0029258010908961296,3.1264520143465964,0.000979368601448625,0.0003874085497777823,0.008234568092751872,-0.000540505748083435,-0.0007550193214024673,0.013042915239930154,0.010299150943756104,0,0,True,-0.024546754093719935,-0.007409683527168678
128.4,13.691825866699219,-0.0029000595677644014,3.1263877424913664,0.0006760524096010692,0.000323395926483436,0.005948990556614093,0.0015839248242639583,-0.0003237381825228014,0.0027800009399652484,0.0019517709314823153,0,0,True,-0.05139749714175206,0.02785140586076298
128.42,13.691675186157227,-0.002916062716394663,3.1264404626911784,0.0005472636118601364,0.0003654380044446526,0.00672427911456749,-6.817016777917867e-06,9.389625750254237e-05,0.012166350930929186,0.010990033745765687,0,0,True,-0.0567227774827466,0.015779515515483376
128.44,13.691584587097168,-0.003024557139724493,3.1263603573391183,0.0012051858030161227,0.00033567438078560406,0.0045262079244406785,0.00028034678616940866,0.0010642271141338873,0.007793572172522545,0.007811149135231972,0,0,True,-0.025697149866733795,0.024759009038743666
128.46,13.691495895385742,-0.0029171050991863012,3.1264595260471966,0.0009581019732169433,0.0002567996476276432,0.0036967458941314342,-5.5154444380276176e-05,0.0005073419198364,0.0034931915998458866,0.004008427206426859,0,0,True,-0.037003815822991906,-0.02464164089097173
128.48,13.691463470458984,-0.002916969358921051,3.126472880660497,0.0009430671609964735,0.0003074055452612814,0.0038932185672757983,-0.0012217352539088877,0.001656982540576298,0.0006554090417921544,0.009249497205018999,0,0,True,-0.007869632889152703,-0.009790777406594729
128.5,13.69137954711914,-0.0029071755707263947,3.1264810500447653,0.0009906678898978908,8.216663516946855e-05,0.0037639738487276744,-0.000559291150775656,-0.0018774350137755042,0.002407112549990416,0.0025188209488987926,0,0,True,0.00012999590614697299,-0.011397495237458964
128.52,13.691274642944336,-0.0029221205040812492,3.1264929159423644,0.0010347389643356661,7.249470799564864e-05,0.003896637293308364,0.00012919174053325675,0.0002809649216061865,0.0042121817916631705,-0.06724418628960849,0,0,True,-0.013226803982143806,-0.04724692515208926
128.54,13.691195487976074,-0.0028678167145699263,3.1263093312460946,0.0010599117246117482,-7.207430971407305e-05,0.00370714556662319,4.556041497929567e-05,-0.0004044576991601357,0.0030934945866465573,0.003259266018867493,0,0,True,-0.018256437801783525,0.05017495311550978
128.56,13.69115161895752,-0.0029225966427475214,3.1264953578542256,0.0010567345323243538,-3.090206668937371e-05,0.0028350742487041284,-0.0006286792234628371,-0.002122771471591434,0.0025026082061231137,0.004327042382210494,0,0,True,-0.01827256426476193,-0.010049234199646626
128.58,13.691082954406738,-0.002906287554651499,3.1264486934288325,0.001075910048742571,-0.0001276826391000822,0.002303458824584764,0.000625060185418877,0.002136561235465905,0.0009542412031441928,0.0024794416315853597,0,0,True,-0.014867848240442356,-0.00036793210402189696
128.6,13.691048622131348,-0.0028684078715741634,3.126323094224637,0.0010084327325441437,-8.572219069539584e-05,0.0024348321521277002,-0.00017544074381338557,-0.0005229738143653836,0.0026697635464370253,0.004086361154913903,0,0,True,-0.013988701451373,0.03390958342766292
128.62,13.691010475158691,-0.002915025223046541,3.126480256144932,0.0010675411939227856,-0.00012654461395270364,0.0025177177073876155,-0.0001399036718880212,-0.00043389226748189206,0.0020787895470857623,0.003494256064295769,0,0,True,-0.022428143908414612,-0.061791818136856635
128.64,13.690957069396973,-0.0029055888298898935,3.1264535199490764,0.0011233230335293207,-0.00017932833638363875,0.001715978132594511,0.00162988712760289,0.0005899952026210596,0.0020787895470857623,0.003494256064295769,0,0,True,-0.029496716493095952,0.035967319828638614
128.66,13.690881729125977,-0.0028920527547597885,3.126413982047434,0.0011781595585593472,-0.0002587355800343493,0.0005092073119119522,0.0017981940367163515,-0.0028067842154816426,0.002523947563022375,0.0034877186827361587,0,0,True,-0.05138090095759592,0.022323105344018813
128.68,13.690909385681152,-0.0029967057052999735,3.126370293840847,0.001170705307394592,-0.00014521841178617137,7.509483267965499e-05,0.0005492376581889873,0.002354411771926155,0.0033868695423007016,0.0041276546567678455,0,0,True,-0.04112044804377525,0.01756104494620218
128.7,13.690967559814453,-0.0030582458712160587,3.1262557134076934,0.0013081137920155604,-6.238141181566577e-05,-0.0015927543692192403,0.000461876636788182,0.0013519561600392577,-0.0036188823729753497,-0.0044853645190596585,0,0,True,-0.015099452040419525,0.09742863498500152
128.72,13.690950393676758,-0.0029494313057512045,3.1266418728908305,0.0013543769378881025,-0.00015152612706651632,-0.0015736577109080234,-0.0008027781822290765,0.0019948787983174537,-0.005418784059584142,-0.003953377287834883,0,0,True,-0.015055829342305899,-0.0471563352863489
128.74,13.691008567810059,-0.002930952701717615,3.126522138540237,0.0013225694784079966,3.87739337243485e-05,-0.0006987488513217986,-0.0011006168240518734,0.004987506583319698,-0.00038140919059515005,-0.000762605331838131,0,0,True,0.013199366653659417,-0.015780900964041052
128.76,13.691036224365234,-0.002934372751042247,3.1265298841447122,0.001081675034817863,-7.416004828661237e-05,-0.0011293715147045772,-0.00021543024963050744,-0.0014180950509810055,-0.006676748953759671,-0.0062505360320210465,0,0,True,0.015499320124466691,-0.02467395061975356
128.78,13.691024780273438,-0.0029710489325225353,3.126654713934359,0.001148763218129227,-0.0001702318814302274,-0.0005368050369263218,2.03076504724489e-05,8.948408291577619e-05,-0.002884880937635899,-0.0012299838475883008,0,0,True,0.0007759086246395392,-0.08147262007464698
128.8,13.691040992736816,-0.0029335597064346075,3.126528425286752,0.001051182732191944,-0.00011604703209652246,-0.0003337121009504944,-7.420101916769114e-06,2.096274873686027e-05,0.0002922559902071953,0.0013013196550309659,0,0,True,0.0066623704247799845,0.018986813412191834
128.82,13.691051483154297,-0.0029332186095416546,3.1265292972668703,0.0010266549295133152,-0.00010316126620821108,-0.0006366761613506478,-0.00047310191804980406,-0.0015303030226507636,-0.0028899692185223105,0.0007466580206528307,0,0,True,0.0027489063059661077,0.01822113753511491
128.84,13.691062927246094,-0.0029341813642531633,3.126531561164611,0.0010130574541299226,-0.000102157755819163,-0.0005963818807220952,1.77811657258802e-05,0.00010085002199457856,-0.0016685427445918323,0.00024877932737581436,0,0,True,0.009448921948506953,0.01975583761908946
128.86,13.691076278686523,-0.002933972282335162,3.126532289692547,0.0010120222229290628,-9.953786194719773e-05,-0.00031689253244899883,0.0004589997783045418,0.0015471750857251967,-0.0013286115508526564,0.0005926041153725238,0,0,True,0.015110086754525747,0.019136718674491866
128.88,13.691088676452637,-0.002935700584203005,3.1265364932885116,0.0010065720735267323,-9.588818003307524e-05,0.0004222016549299114,0.0004649196666481572,0.0016014297582637026,-0.0012722063437104227,0.0005923465313389898,0,0,True,0.016691243266152997,-0.0010435781994810249
128.9,13.691076278686523,-0.0029703162144869566,3.1266530712737284,0.001099427209630145,-0.0001415502098483983,0.000572130779011601,9.214582926582215e-06,6.344713088247842e-07,-0.0011435058899223805,0.0006754594272933901,0,0,True,0.009861789151311027,-0.03886290894678816
128.92,13.691028594970703,-0.002970862202346325,3.1266596755452722,0.0011802611892196208,-0.00021006561456239628,0.0007389175805698788,1.7572509482151102e-05,1.7363766036113177e-05,0.0008353758975863457,0.001804539877921343,0,0,True,-0.008466108368555894,-0.04049121557769264
128.94,13.691030502319336,-0.002934025600552559,3.1265323404502516,0.001053492692036804,-0.00012207718098327028,0.0004720505996557264,-0.00047018315078142727,-0.001561857630017238,0.002239165967330337,0.0030318642593920235,0,0,True,-0.010806789673996432,0.014469696489813945
128.96,13.69102954864502,-0.0029362235218286514,3.1265378823897945,0.001013793341817708,-0.00010845526712949356,-0.000255087014554666,-0.000478426482141503,-0.001637867487952215,-0.0016927672643214466,0.0012502579577267172,0,0,True,-0.012970303836532944,0.002012112802762974
128.98,13.691039085388184,-0.0029321371112018824,3.126528122663327,0.001016903649058554,-9.923477014712892e-05,-0.00029241239490794156,0.00041668459620629024,0.0011582101904937102,-0.0010462051490321756,0.0008097565663047135,0,0,True,-0.013612238628026106,0.01720349053262338
129.0,13.691049575805664,-0.002932899631559849,3.126528646146236,0.0010205510285173913,-0.00010026390812315447,-0.00029870672635291893,4.312503019138123e-05,0.00017833279025717625,-0.0012278205621987582,0.0007615625520702452,0,0,True,-0.0026369015782377013,0.023470383872238206
129.02,13.69105339050293,-0.0029677089769393206,3.126624997265491,0.0010951518398466128,-7.830754156605014e-05,-0.0006169284905865322,-0.00020237185379234912,-0.00018557838740715244,-0.0012278205621987582,0.0007615625520702452,0,0,True,0.0009373437112444007,-0.03593840675316844
129.04,13.69105339050293,-0.002940033096820116,3.126552149013015,0.0011221440138724265,-6.674482707562195e-05,-0.0004660391408136401,7.115718545746506e-05,0.00023976322182646807,0.0008892294019460679,0.0018263633549213411,0,0,True,-0.0017636776551426339,-0.006272628867777737
129.06,13.691088676452637,-0.0029166878666728735,3.1265132763923345,0.0010654611306982677,-6.624221985344629e-05,-0.00021742489800837778,-0.0006033283868311725,-0.001716862349760215,-0.002615776527673006,-0.001519258189946413,0,0,True,0.006328368701105688,0.005120721765229478
129.08,13.691086769104004,-0.0029391522984951735,3.126547827203982,0.0010231947958721386,-0.00010818968702813202,-0.0004398009387643517,-8.79541768720996e-05,-0.0003234775191651212,-0.0029049216583371166,-0.0020205760933458806,0,0,True,0.001961600680069619,-0.005653848021563166
129.1,13.691071510314941,-0.002919710474088788,3.1264876482775104,0.001072377970469311,-0.00017238502000381246,-0.0001106589944981778,0.0002223195376208118,0.00022407935381112427,-0.0015403920598328115,-5.357806570827961e-05,0,0,True,-0.004324075322518335,0.029010688082928816
129.12,13.691088676452637,-0.0029335268773138523,3.126526270811482,0.001032823561808569,-0.00011364010962355153,-0.00030911108640804607,-5.7623790097338236e-05,-0.0002125446198986559,-0.001881633559241891,0.0002592144347727299,0,0,True,-0.00031740454531831435,0.004883197033539961
129.14,13.691097259521484,-0.0029346051160246134,3.1265312027406393,0.0010150121836324938,-9.795011472801937e-05,-0.0005633509238097758,0.00019941507592061947,0.0006039926968736286,-0.001881633559241891,0.0002592144347727299,0,0,True,-0.004432048709794018,-0.002091274523691519
129.16,13.69111156463623,-0.002934915479272604,3.1265308236343903,0.0010160532807344462,-6.891979794658016e-05,-0.0004651933023898118,1.4893013809172157e-05,6.7178243517998e-05,-0.0012602830771356822,0.000604341640137136,0,0,True,-0.0013539605789793922,0.002902324828178384
129.18,13.691116333007812,-0.0029363406356424093,3.1265359676932603,0.0010094897123153327,-8.721855592407673e-05,-0.0004652228912817546,1.68655127762805e-05,5.677739191577658e-05,-0.0009191428543999792,0.0009268435975536705,0,0,True,0.0015298240667188173,-0.007710562094848528
129.2,13.691125869750977,-0.002935278695076704,3.1265316450709633,0.0010090597909259145,-9.28643906176777e-05,-0.0004174279327263759,9.832168447190834e-06,1.9641366355568607e-05,-0.0008103380352258683,0.0008330179145559669,0,0,True,0.0004510682433646155,-0.0008648436838204768
129.22,13.691134452819824,-0.0029365145601332188,3.1265357449319926,0.001010407490730849,-9.309979245251973e-05,-0.00044096499847225124,-1.0584087595543397e-05,-1.2852270714350025e-05,-0.0009195342706516386,0.0007426694163586945,0,0,True,-0.0020102636650524853,-0.00916908845564929
129.24,13.691144943237305,-0.002936204895377159,3.1265323949436987,0.0010088930762572642,-9.050397689093332e-05,-0.0004291078429206369,-6.259213814276428e-06,-2.009251187650959e-06,-0.0009341234900057317,0.000781448595225811,0,0,True,0.003727831913206793,-0.0001298499827106241
129.26,13.69115161895752,-0.0029360251501202583,3.126534939511603,0.0010079964981597883,-8.781883371309768e-05,-0.0006260439844859215,-0.00038760480359419607,-0.0006767496845360207,-0.0010479587968438865,0.00048008084995672113,0,0,True,0.01674727971341415,0.019056261193050802
129.28,13.691160202026367,-0.00293529499322176,3.1265314843308682,0.0010090440520868836,-8.661481340066934e-05,-0.00011920137966978583,-1.4228766303895273e-06,9.253367738717054e-06,-0.0009284746507182718,0.0006094161898363383,0,0,True,0.033246999264347314,0.02862431821716704
129.3,13.691184997558594,-0.002906263805925846,3.1264816049572297,0.0009972274068406474,-3.810987114973285e-05,0.0008988173786010905,0.0004815097084810785,0.0015116486247299524,-0.0009735840046778322,0.0003886061743833125,0,0,True,0.053988424674297,0.04128876404066326
129.32,13.691154479980469,-0.002936234697699547,3.126533135213118,0.001022673485116239,-9.136575407161272e-05,0.0022306520982266187,0.0007128973088811079,0.0022879362061852568,-0.0007018951978534461,0.0007307868218049408,0,0,True,0.0472676610809406,0.026523050912696796
129.34,13.691079139709473,-0.0029734550043940544,3.1266558714015815,0.001067603715868013,-5.090602579433851e-05,0.0036930299894585134,0.0009902687879414583,0.0026263514387175565,0.0008447798620909453,-0.07050050038844348,0,0,True,0.03616747172360202,-0.020897116200237424
129.36,13.690980911254883,-0.0029896330088377,3.126714519227363,0.0010357140218057038,-5.574103673611719e-05,0.003662211506806053,0.0006613933036868251,0.0021310974407547922,0.0023150724917650224,-0.04365893222391606,0,0,True,0.00843833987149181,-0.05407559839166233
129.38,13.690888404846191,-0.0029810636769980192,3.126691713072327,0.0010659500438997063,-0.00025150430271465916,0.0037922151164886766,-6.299893065694735e-05,-0.00016012067128870898,0.004116548970341683,0.0063188935816288,0,0,True,-0.010519655177370506,-0.03810945291762787
129.4,13.690860748291016,-0.002984781516715884,3.1267036230083782,0.0010758251818524108,-3.084161789401342e-05,0.002905719287946069,-0.0005783990651172937,-0.0020381116651484064,0.0028184594772756102,0.003492935132235289,0,0,True,-0.004215346753936676,-0.05613139868723593
129.42,13.690775871276855,-0.00296389521099627,3.1266430617478784,0.0011191291967342625,-0.00016293643221408212,0.0028514575752690403,-0.00013625791838794532,-0.00042240479469206685,0.0013264629989862442,0.0028648814186453824,0,0,True,-0.010382169014291473,0.019066952898072777
129.44,13.690749168395996,-0.00293990527279675,3.1265514702941513,0.001211759279424357,-2.6000069338780745e-05,0.003324983766491186,-0.0007040540400402781,-0.0023594144542231884,0.003179971501231194,0.003692240193486214,0,0,True,-0.004640615749515336,0.07280477778489995
129.46,13.69066047668457,-0.002966754138469696,3.1266579206887517,0.0013881964289310256,-0.0002374263205985041,0.002961641595345229,0.0004687234866889935,0.0013652355605573516,0.0030725030973553663,0.002397298850119114,0,0,True,-0.0010484957515198522,0.0014400207791458088
129.48,13.690595626831055,-0.002924462780356407,3.1265148698520404,0.001020585451422575,-0.0003575084182358877,0.002534470027984916,0.0011206883006573169,0.0037862705576424314,0.001900826320052147,0.0026600786019116644,0,0,True,0.006182288517570724,0.018528257534835245
129.5,13.69053840637207,-0.0029978505335748196,3.126752280592723,0.0008886310675252268,-0.00036160076687939,0.002767577915147439,-0.00010900679304081866,-0.00030720313236038413,-0.0006746139284223319,0.001990614887326956,0,0,True,0.026366559087037417,-0.058191737647569616
129.52,13.690545082092285,-0.003026493126526475,3.1268543719387627,0.001037295235662841,3.684049013132404e-05,0.0038195668478969214,-0.00030226819129090907,-0.0008771538514361371,-0.0006711232569068671,0.0013660067971795798,0,0,True,0.06217604630507498,-0.10383939798393342
129.54,13.690439224243164,-0.0029547489248216152,3.126633344438163,0.0010760702996081876,0.00010740916534819227,0.0050709663223078025,-0.0010645984359396584,-0.0032901034512472912,0.0011605560313910246,0.0011323747783899309,0,0,True,0.046583546888415955,-0.019656394296261575
129.56,13.690290451049805,-0.0028957806061953306,3.1264446975439255,0.0010462341029677847,2.7235788434669124e-05,0.007508553732391692,-0.0014094127925663247,-0.00452088128107354,0.006216654926538468,0.006224765405058862,0,0,True,0.036650335313811525,0.00157824766574783
129.58,13.690134048461914,-0.002906623762100935,3.126489072316623,0.0010136654251969163,-0.00011083502012675835,0.006494261666221298,-0.0005651589236642211,-0.0018797146760615561,0.0065529547631740575,0.007352599650621415,0,0,True,0.01144181466940338,0.03646128716851353
129.6,13.689946174621582,-0.002904654247686267,3.126492701436277,0.0009670600247976838,-0.0003526421324340018,0.00675159367300126,-0.00023697588146931036,-0.0007508940381763358,0.006279735006392003,0.007093918882310391,0,0,True,-0.06293410171134846,0.038988033191308474
129.62,13.689920425415039,-0.0029016947373747826,3.126482967264078,0.0008866781582367707,0.0001269736295583983,0.005986311495860216,-8.748549622956978e-05,-0.00037320047776575254,0.006464670188724995,0.0072150263562798505,0,0,True,-0.05872921845941017,0.0011810788006554433
129.64,13.689750671386719,-0.002868669107556343,3.1263846260208714,0.0007838534790207583,0.00012911390883290765,0.0024738255954848166,-0.0003884433217144185,-0.0014018386257694832,0.0010316637158393862,0.003026335667818785,0,0,True,-0.08160435572251842,0.01673683878377995
129.66,13.689655303955078,-0.0028923898935317993,3.126459216278402,0.0009562464868695668,-0.0001955803941510005,0.0017959241894694193,-0.0005008437391787388,-0.0017852283720091395,0.008448155485093594,0.001133449412882328,0,0,True,-0.09417512048947166,-0.0014914150101003776
129.68,13.689748764038086,-0.002870572730898857,3.1263805543462153,0.0008828615946421528,0.0001878132803961978,0.00022324521519876504,0.00021551208658880755,0.0005880530645262696,0.002019422054290772,0.003145244456827641,0,0,True,-0.04719655525687447,0.02388038460635934
129.7,13.689777374267578,-0.002859457628801465,3.1263401489943172,0.0007222196193513015,0.0004000632239035819,-0.0015476981432960175,-0.00014441760432516514,-0.000492513678573759,0.004381193295121193,-0.002868107929825783,0,0,True,-0.04362255908536788,0.025484728517211022
129.72,13.689732551574707,-0.002885636407881975,3.1264316702660335,0.001027839017766268,0.00015099857543788656,-0.0013018988250657307,0.00015619292274590305,0.0005085921427395625,0.0012749422155320645,0.0010634089820086958,0,0,True,-0.042105778274212774,-0.013570550159783834
129.74,13.689779281616211,-0.0028827262576669455,3.126419815184116,0.0010559954817867471,7.575123773182053e-05,-0.001693880537360556,6.021853904036674e-05,0.0002535499093680608,0.0002534175105392933,0.0020956916362047198,0,0,True,-0.019646912443091014,-0.005195121535533552
129.76,13.689852714538574,-0.002884645713493228,3.1264212417176345,0.0010700152313854881,5.3592634863569286e-05,-0.003145217046737587,-0.0001496398361767974,-0.0004975909482562212,-0.003400008846074343,-0.00237759230658412,0,0,True,-0.018984682485125057,-0.019865012477814293
129.78,13.689912796020508,-0.0028663305565714836,3.1263604329870667,0.00109146494783848,7.502039602712368e-05,-0.0031194511387435445,-0.0002753565069373848,-0.0009081234014165082,-0.004321535173803568,-0.0035331682115793232,0,0,True,-7.624651436651007e-05,-0.022270605565117677
129.8,13.689984321594238,-0.002877483842894435,3.126391862990173,0.0010072086393622774,0.0001487500582380007,-0.0028206734238759726,-0.0003231936822134239,-0.0010806088554858294,-0.00223017480224371,-0.002301928494125605,0,0,True,0.023079964463763144,0.00449621125338049
129.82,13.69002914428711,-0.002864501439034939,3.1263471653120027,0.0009352172990292189,0.0002191257003647278,-0.0016999802585098756,0.0012418398040809136,-0.001528098535840999,-0.0034542932733893396,-0.002520058955997229,0,0,True,0.018233006517962416,0.020888847686859335
129.84,13.690078735351562,-0.0028622231911867857,3.1263347930091956,0.0007312234458848782,0.0003753805382401035,-0.001298819889636247,-4.6702177780648135e-05,-0.0001378940479857257,-0.0008346703834831716,-0.0009744068328291179,0,0,True,0.02224099652212797,0.024978088176355197
129.86,13.690047264099121,-0.0029677394777536392,3.1262381851041994,0.0011465122290472245,0.00013817109470677666,-0.0016608106173063232,0.0002348412109741768,0.0007629844135324999,-0.0002302299113944173,-0.00020829211920499804,0,0,True,0.0035659442333911455,0.045666694336444366
129.88,13.690088272094727,-0.002875333419069648,3.126380831466334,0.0011890801270887821,5.9535718059888864e-05,-0.0010413937021060892,0.0002729821874107995,0.0009176381986221887,-0.0003110891650430858,0.001185702569782734,0,0,True,0.004738968829620494,0.006000644154694792
129.9,13.69016170501709,-0.002885326510295272,3.1264082040650854,0.0011181425515945083,8.86992365858745e-05,-0.0014147047198385394,-0.0010517640291358415,0.0021252370110751216,-0.0022330748289823535,-0.0019219032768160106,0,0,True,0.02076013271633317,-0.009537305169158145
129.92,13.69016170501709,-0.002885326510295272,3.1264082040650854,0.0011181425515945083,8.86992365858745e-05,-0.0009197023832666828,0.00011096179439659292,0.00034215748438976213,-0.004100927654653788,-0.002933762725442648,0,0,True,0.013017421276324081,-0.011470477482775566
129.94,13.69016170501709,-0.002885326510295272,3.1264082040650854,0.0011181425515945083,8.86992365858745e-05,0.0,-0.0,0.0,-0.001939785797148943,-0.0021150319930166007,0,0,True,0.01768380899798526,-0.026565462638444306
129.96,13.69016170501709,-0.002885326510295272,3.1264082040650854,0.0011181425515945083,8.86992365858745e-05,0.0,-0.0,0.0,-0.001939785797148943,-0.0021150319930166007,0,0,True,0.011496279790831739,-0.004276968554871358
129.98,13.69016170501709,-0.002885326510295272,3.1264082040650854,0.0011181425515945083,8.86992365858745e-05,0.0,-0.0,0.0,-0.001939785797148943,-0.0021150319930166007,0,0,True,0.0,0.0
130.0,13.69016170501709,-0.002885326510295272,3.1264082040650854,0.0011181425515945083,8.86992365858745e-05,0.0,-0.0,0.0,-0.001939785797148943,-0.0021150319930166007,0,0,True,0.0,0.0
130.02,13.69016170501709,-0.002885326510295272,3.1264082040650854,0.0011181425515945083,8.86992365858745e-05,0.0,-0.0,0.0,-0.001939785797148943,-0.0021150319930166007,0,0,True,0.0,0.0
130.04,13.69016170501709,-0.002885326510295272,3.1264082040650854,0.0011181425515945083,8.86992365858745e-05,0.0,-0.0,0.0,-0.001939785797148943,-0.0021150319930166007,0,0,True,0.0,0.0
130.06,13.69016170501709,-0.002885326510295272,3.1264082040650854,0.0011181425515945083,8.86992365858745e-05,0.0,-0.0,0.0,-0.001939785797148943,-0.0021150319930166007,0,0,True,0.0,0.0
130.08,13.69016170501709,-0.002885326510295272,3.1264082040650854,0.0011181425515945083,8.86992365858745e-05,0.0,-0.0,0.0,-0.001939785797148943,-0.0021150319930166007,0,0,True,0.0,0.0
130.1,13.69016170501709,-0.002885326510295272,3.1264082040650854,0.0011181425515945083,8.86992365858745e-05,0.0,-0.0,0.0,-0.001939785797148943,-0.0021150319930166007,0,0,True,0.0,0.0
130.12,13.69016170501709,-0.002885326510295272,3.1264082040650854,0.0011181425515945083,8.86992365858745e-05,0.0,-0.0,0.0,-0.001939785797148943,-0.0021150319930166007,0,0,True,0.0,0.0
130.14,13.69016170501709,-0.002885326510295272,3.1264082040650854,0.0011181425515945083,8.86992365858745e-05,0.0,-0.0,0.0,-0.001939785797148943,-0.0021150319930166007,0,0,True,0.0,0.0
130.16,13.69016170501709,-0.002885326510295272,3.1264082040650854,0.0011181425515945083,8.86992365858745e-05,0.0,-0.0,0.0,-0.001939785797148943,-0.0021150319930166007,0,0,True,0.0,0.0
130.18,13.69016170501709,-0.002885326510295272,3.1264082040650854,0.0011181425515945083,8.86992365858745e-05,0.0,-0.0,0.0,-0.001939785797148943,-0.0021150319930166007,0,0,True,0.0,0.0
130.2,13.69016170501709,-0.002885326510295272,3.1264082040650854,0.0011181425515945083,8.86992365858745e-05,0.0,-0.0,0.0,-0.001939785797148943,-0.0021150319930166007,0,0,True,0.0,0.0
130.22,13.69016170501709,-0.002885326510295272,3.1264082040650854,0.0011181425515945083,8.86992365858745e-05,0.0,-0.0,0.0,-0.001939785797148943,-0.0021150319930166007,0,0,True,0.0,0.0
130.24,13.69016170501709,-0.002885326510295272,3.1264082040650854,0.0011181425515945083,8.86992365858745e-05,0.0,-0.0,0.0,-0.001939785797148943,-0.0021150319930166007,0,0,True,0.0,0.0
130.26,13.69016170501709,-0.002885326510295272,3.1264082040650854,0.0011181425515945083,8.86992365858745e-05,0.0,-0.0,0.0,-0.001939785797148943,-0.0021150319930166007,0,0,True,0.0,0.0
130.28,13.69016170501709,-0.002885326510295272,3.1264082040650854,0.0011181425515945083,8.86992365858745e-05,0.0,-0.0,0.0,-0.001939785797148943,-0.0021150319930166007,0,0,True,0.0,0.0
130.3,13.69016170501709,-0.002885326510295272,3.1264082040650854,0.0011181425515945083,8.86992365858745e-05,0.0,-0.0,0.0,-0.001939785797148943,-0.0021150319930166007,0,0,True,0.0,0.0
130.32,13.69016170501709,-0.002885326510295272,3.1264082040650854,0.0011181425515945083,8.86992365858745e-05,0.0,-0.0,0.0,-0.001939785797148943,-0.0021150319930166007,0,0,True,0.0,0.0
130.34,13.69016170501709,-0.002885326510295272,3.1264082040650854,0.0011181425515945083,8.86992365858745e-05,0.0,-0.0,0.0,-0.001939785797148943,-0.0021150319930166007,0,0,True,0.0,0.0
130.36,13.69016170501709,-0.002885326510295272,3.1264082040650854,0.0011181425515945083,8.86992365858745e-05,0.0,-0.0,0.0,-0.001939785797148943,-0.0021150319930166007,0,0,True,0.0,0.0
130.38,13.69016170501709,-0.002885326510295272,3.1264082040650854,0.0011181425515945083,8.86992365858745e-05,0.0,-0.0,0.0,-0.001939785797148943,-0.0021150319930166007,0,0,True,0.005194285701414929,0.004444832251704524
130.4,13.69016170501709,-0.002885326510295272,3.1264082040650854,0.0011181425515945083,8.86992365858745e-05,0.0,-0.0,0.0,-0.001939785797148943,-0.0021150319930166007,0.6,0,True,0.031302490463390134,-0.0019643106079916305
130.42,13.69016170501709,-0.002885326510295272,3.1264082040650854,0.0011181425515945083,8.86992365858745e-05,0.0004155428561131116,0.00011443473826503732,0.00035558658013629113,-0.001939785797148943,-0.0021150319930166007,0.6,0,True,0.067240680142389,-0.00621984062802533
130.44,13.69016170501709,-0.002885326510295272,3.1264082040650854,0.0011181425515945083,8.86992365858745e-05,0.0025041992370707124,-3.3948439867082585e-05,-0.00015714484863929917,-0.001939785797148943,-0.0021150319930166007,0.6,0,True,0.10870804375533236,-0.01349178638469841
130.46,13.690128326416016,-0.002893975470215082,3.1264366509914963,0.001124359973390964,-1.0537215329195361e-06,0.005379254411391961,-0.00015160549005269105,-0.0004975872502421041,-0.001939785797148943,-0.0021150319930166007,0.6,0,True,0.15196124469337755,-0.0031770009902689633
130.48,13.689961433410645,-0.002879569074138999,3.126395632477194,0.0010749843814088823,-7.120612860224971e-05,0.008696643500424858,-0.00034758603435389754,-0.001079342910775658,0.0029312153905630117,0.004248089734464884,0.6,0,True,0.17097747106945005,-0.04261754377966872
130.5,13.68973159790039,-0.002866677474230528,3.126368397085066,0.001168194322438594,-8.309823420393726e-05,0.012572442431585217,0.0003674932630195937,0.00010142650091473435,0.0067343971878290184,0.008184642903506756,0.6,0,True,0.21716969267332,-0.002788489100943989
130.52,13.68946647644043,-0.002846950199455023,3.1263218566322233,0.0011844382916071476,-0.0001606817396454954,0.016182396922628853,0.000531191799332466,-0.0035665483510133296,0.010038095861673356,0.008952381238341332,0.6,0,True,0.26925059554099195,-0.060549349898138705
130.54,13.689122200012207,-0.0029080596286803484,3.1264447651115694,0.0009904595132017894,7.39034339262053e-05,0.022752829825254107,-0.0003358361166577546,-0.0007206663783175789,0.015471596494317057,0.015490062162280084,0.6,0,True,0.3558234123036638,-0.05971028242483366
130.56,13.688666343688965,-0.0029022907838225365,3.126110308609113,0.0008036136925562516,0.0003922634086953309,0.030236691143707584,-0.00010279687699134716,-0.005923290902627511,0.018276548981666568,0.021419503092765812,0.6,0,True,0.4522696426589381,0.0435911723359343
130.58,13.687911987304688,-0.0028122421354055405,3.1263107437748006,0.0005114637762873699,0.0003678642657844782,0.04103831541588277,-0.001670532012542073,-0.004675396093072705,0.027632022202014925,0.030603305995464326,0.6,0,True,0.5225472016696248,0.009649407720979651
130.6,13.687047958374023,-0.0028012781403958797,3.125847993360013,0.00020103229732066074,0.0006031774803564599,0.05236396833533671,-0.001562498481005427,-7.925456413927968e-05,0.040399718880653385,0.04062344938516617,0.6,0,True,0.5860788892860205,0.11426744956858148
130.62,13.68584156036377,-0.0027242631185799837,3.1260707334241236,-5.038350048526335e-05,0.0004944721376941116,0.06455660595883062,0.00019334650527610476,5.128623936091391e-05,0.046475389897823335,0.04882336795330048,0.6,0,True,0.5858400052482505,0.0541287720321617
130.64,13.684479713439941,-0.0027113528922200203,3.126103968243982,-0.00040447265320228654,0.0006198776909299853,0.0771230022865799,-0.0005929152207570425,0.003218105062857187,0.06095467865467072,0.06209555715322495,0.6,0,True,0.5537054568359872,-0.016900565514213397
130.66,13.682747840881348,-0.0027475478127598763,3.1263148466739494,-0.00022368944911632175,7.836149044917813e-05,0.08790551583573349,-0.00014713256074512884,-0.0003450943305006303,0.07058921575546265,0.07276535451412201,0.6,0,True,0.5157606082436467,-0.047658754648643484
130.68,13.680879592895508,-0.002658291719853878,3.126105441765042,-0.0005423199062374434,-5.103823832360831e-05,0.0966604048822226,-0.00037722279475706113,-0.001431299805276563,0.08635201394557954,0.0869888859987259,0.6,0,True,0.4784069567151959,-0.032895727367352905
130.7,13.678810119628906,-0.0026050577871501446,3.1260431258776835,-0.0007883717563286421,-0.0005314692158859098,0.10581745461831414,-0.0011794173225018827,-0.003761414132529806,0.09368297278881074,0.09335631728172303,0.6,0,True,0.4369559438007133,0.08492700410378802
130.72,13.676748275756836,-0.00256142346188426,3.12598946425956,-0.0004887069182880515,-0.00016069099043290294,0.11539555882380155,7.430327065141855e-05,0.0005864468734685436,0.10409846484661103,0.10433591187000275,0.6,0,True,0.47733739474395537,0.20382003173801716
130.74,13.674284934997559,-0.002521578222513199,3.126013933543347,-0.0008279666709575254,-0.00047715374626232864,0.12286199133979601,0.003703597464803882,0.006449065997803474,0.10642229139804842,0.10471314013004304,0.6,0,True,0.4596273237158105,0.21971671952446914
130.76,13.671648979187012,-0.0025201980024576187,3.1261523575149193,-0.0007334434282101419,-0.0005574383235585931,0.13484739646173144,0.0019525325177022427,0.014874302733761564,0.1193546885251999,0.1268501579761505,0.6,0,True,0.41618967041687976,0.13383010301538653
130.78,13.668977737426758,-0.0027481932193040848,3.126559051157508,0.0004707294464940716,-0.00028817497488129763,0.14258764051558473,0.0017710594706550125,0.013815923429430473,0.13484881818294525,0.13697196424007418,0.6,0,True,0.4411536365493877,-0.027476071496405692
130.8,13.665959358215332,-0.0025510473642498255,3.127179408478261,0.0005669488688924756,-0.00027178402032866265,0.14869073245715714,0.0010031925884722358,0.01129285511470114,0.13845860958099365,0.14770478248596192,0.6,0,True,0.39267172041845405,-0.20424645190150564
130.82,13.662877082824707,-0.002491764957085252,3.127119207417701,0.0009524269363485444,3.1909233895004434e-05,0.15815428226374,-0.002926676799330481,0.004250980278091456,0.1422101140022278,0.16275318264961244,0.6,0,True,0.4528324520767991,-0.1998920928703007
130.84,13.659753799438477,-0.002429001731798053,3.1270557859240955,0.0008092881623066984,0.0005641679265691878,0.16626113409521268,-0.00042740638194561876,-0.0014654134183614417,0.15324034810066225,0.15518030405044558,0.6,0,True,0.5433777179371225,-0.13708952946612116
130.86,13.656330108642578,-0.002330966992303729,3.1268991295797552,-1.851394751473612e-06,0.0004956913697754025,0.17881423668173432,0.0004818169057245951,-0.002175444000196085,0.1584701240062714,0.15334827780723573,0.6,0,True,0.5579053236002411,-0.0011434095278046088
130.88,13.652660369873047,-0.002323511987924576,3.127062175404792,-0.0004081685592547683,0.000390234451850943,0.1921609498921183,5.977855707422607e-05,0.00032569275741362963,0.17534160494804385,0.17475839734077456,0.6,0,True,0.5388914284297955,0.0570191521831554
130.9,13.64857292175293,-0.002320120809599757,3.1269451718976855,-0.00013549846692296322,-0.0004165270372937354,0.20278670815176628,0.0055692365374733314,0.004159507515867073,0.18810987949371338,0.18857722997665408,0.6,0,True,0.42837163531851674,0.10520312846092507
130.92,13.64438247680664,-0.002210416132584214,3.1270818413446886,-0.0006176025247973052,-0.0006973739962027011,0.20937244836958774,0.005270340814511861,0.0030961187562900828,0.18810987949371338,0.18857722997665408,0.6,0,True,0.34812717544378785,0.026649507436628188
130.94,13.64010238647461,-0.002538841450586915,3.1272318901810245,0.00029082248734736964,-0.0005896395104638406,0.21308396750720884,0.005034252134104507,0.006240806276676245,0.21477329015731814,0.21328203439712526,0.6,0,True,0.32564319568590394,-0.06444048106716461
130.96,13.635906219482422,-0.0025020502507686615,3.1273098649052953,0.0005927973886372338,2.181636452044027e-05,0.22001112392762567,0.0050177567029211076,0.002457653352344218,0.22763222098350527,0.21884326815605165,0.6,0,True,0.3926336651032873,-0.08388653173505382
130.98,13.631522178649902,-0.0024780239909887314,3.1274444363998195,0.0004511558098685391,0.0003406945511199251,0.2288381638066334,-0.00034990189197999866,-0.0009957309695050706,0.2130577051639557,0.21499662637710573,0.6,0,True,0.48098250501499096,-0.19487418029661707
131.0,13.626777648925781,-0.002360414480790496,3.127278453612876,-1.3318949656360894e-05,0.0003193386466833905,0.24078314157785563,-0.001069880556727475,-0.003614803782515272,0.2334866523742676,0.2207393479347229,0.6,0,True,0.4909260186682791,-0.10332036501463798
131.02,13.621797561645508,-0.002251848578453064,3.127152231703464,-0.0003752313686789841,-4.652466833762924e-05,0.25156256790841414,0.0037995967762513446,-0.009349128147055557,0.24160928487777714,0.24130115032196048,0.6,0,True,0.4857216156597556,-0.04796874328306203
131.04,13.616646766662598,-0.0021407485473901033,3.127020680602694,-0.0007718142561689465,-0.00010166717895304036,0.2592852054210802,0.004818406294931455,-0.005807975848825177,0.25750818848609924,0.25586990833282475,0.6,0,True,0.4023147738525318,-0.01710701934128725
131.06,13.611394882202148,-0.002491356572136283,3.126696506148055,0.0002914333814514022,6.396885038883518e-05,0.26769589305941993,0.0052277826033868754,-0.004833230432150633,0.2721539676189423,0.2785365653038025,0.6,0,True,0.4012132970633249,0.10098789856222012
131.08,13.60603141784668,-0.002443592995405197,3.12681381554497,0.0003258873552835977,-0.00014135412344735239,0.2729683234860632,0.005048006824274547,-0.004983365329818466,0.2714528417587281,0.3018729889392853,0.6,0,True,0.3764677034095659,0.07934447128798128
131.1,13.600378036499023,-0.0023510255850851536,3.126765573268892,0.00032819489943252024,-0.0006223667570216818,0.28365963167347374,-0.00038514394424461924,-0.0012700962620795537,0.3084903132915497,0.2756714963912964,0.6,0,True,0.34709082490306137,0.09032111983049464
131.12,13.594805717468262,-0.0022218243684619665,3.1266220113763086,-7.016334788135287e-05,-0.0002426765886966974,0.28940262169385017,0.006266168596043331,0.0005395818542143178,0.28403275251388554,0.2800338125228882,0.6,0,True,0.39488358005324176,0.09816552575829834
131.14,13.588705062866211,-0.0021240932401269674,3.1265948984470886,-0.0009595698359606494,-0.0007425982653139635,0.2954631590516593,0.006789251061063142,0.0023924591542875,0.28172719240188604,0.32568427324295046,0.6,0,True,0.3635472381964711,0.03889352344604206
131.16,13.582874298095703,-0.0025982398074120283,3.126856982093307,-4.122528031437844e-05,-0.00014521022749107212,0.30455900989031626,0.006886532171438559,0.0028698767308438394,0.313709933757782,0.3130861043930054,0.6,0,True,0.4503331219419288,-0.03729141069796059
131.18,13.576735496520996,-0.002539615146815777,3.126956970001235,1.496486637240291e-05,-9.78853665056539e-05,0.312743410729196,0.006508966899585628,0.0018413856136042972,0.29296713590621953,0.3010482454299927,0.6,0,True,0.5208842967214471,-0.048646946122282486
131.2,13.570435523986816,-0.002413669601082802,3.126851601514776,0.00010378242656817862,2.0153211069644735e-05,0.3254292714491973,-0.000824841792123306,-0.002443731001621936,0.3071545433998108,0.30931098461151124,0.6,0,True,0.5309365262685484,-0.03623695117201262
131.22,13.563680648803711,-0.0022785908076912165,3.126742209296177,-0.0002253096607493048,-0.0003413992097634462,0.3371339027893816,-0.0005805009300919118,-0.0014992965354957075,0.32142219305038455,0.3229063725471497,0.6,0,True,0.5213695371645368,-0.032284305683320795
131.24,13.556843757629395,-0.002148499945178628,3.1266614836131774,-0.0004252961193840394,0.00015378224251728199,0.34703393199180677,-5.685244835350236e-05,-2.9079362917623258e-05,0.3398498177528382,0.3441772031784058,0.6,0,True,0.48878937767722613,-0.0011314611287586386
131.26,13.549768447875977,-0.002092667855322361,3.1268370262783955,3.3981383628362605e-06,-0.00013137395171217587,0.3544529737023506,-0.0003503403667549634,-0.0007413588410608524,0.34961814880371095,0.36936689853668214,0.6,0,True,0.4206494224309945,-0.029512692682044032
131.28,13.542675971984863,-0.0019946075044572353,3.1268492751657426,0.00032872667597211075,3.680445772392973e-05,0.3645324216633815,0.0009116948827355073,-0.002534247891922641,0.409093508720398,0.4179830312728882,0.6,0,True,0.4040262113727987,-0.03942882315123743
131.3,13.535327911376953,-0.0018321677343919873,3.126682900588892,-0.0001238104735055542,0.0001301309858889338,0.3707858565838664,0.0005477871585482892,-0.003860311950059599,0.3603752708435059,0.3610655570030213,0.6,0,True,0.4559311999451652,-0.016893355983334097
131.32,13.52768325805664,-0.0017914880299940705,3.1264587437818236,6.527985709301605e-05,-0.0002585866063110338,0.37935602890162423,0.0007514912499133929,-0.00318338521501599,0.38263467550277713,0.4438707566261292,0.6,0,True,0.38441336228290474,0.14907204676933092
131.34,13.520108222961426,-0.0016942362999543548,3.1265282013223907,9.628990738649159e-05,-0.00020055399541888468,0.39092746969796954,0.0010667186202550196,-0.0020928273197277913,0.3836311602592469,0.49459141016006475,0.6,0,True,0.4036812879767015,0.13020494372701502
131.36,13.512330055236816,-0.0015954462578520179,3.1265946043485413,3.6040182393849245e-05,3.46145384781366e-06,0.3952854906460187,0.0030038228363926545,0.009391515849625696,0.38281695604324345,0.3852491712570191,0.6,0,True,0.3983718690167901,0.11671166027667684
131.38,13.504055976867676,-0.0014463847037404776,3.126515474403314,-0.000577590473302049,-0.0006579227197625569,0.4030803596219961,0.0023814190541231665,0.006556083548099529,0.46753082752227787,0.39335079193115235,0.6,0,True,0.29244781222318705,0.14184865385917658
131.4,13.496060371398926,-0.001557503710500896,3.127210065049794,4.245363116570577e-05,-0.00037461650026982457,0.4112257784229724,0.002030163233637483,0.006153547607119616,0.46753082752227787,0.39335079193115235,0.6,0,True,0.3648624748115799,-0.11214642524793055
131.42,13.487862586975098,-0.0013985614059492946,3.1270526880062386,4.093921633275861e-05,-0.000161168616761884,0.41432329467581985,0.0030473967896514184,0.009255064989004077,0.41957447290420535,0.41696263074874884,0.6,0,True,0.3901077680263523,-0.15014372746492305
131.44,13.479433059692383,-0.0012846995377913117,3.1270868881571108,-0.00025612406356695903,-0.00015719779128295803,0.4244744886309393,0.00020154596032512413,0.00041980182979303753,0.46939470529556276,0.47313072204589846,0.6,0,True,0.3430192803400174,-0.14104236362052217
131.46,13.47091007232666,-0.0012082279426977038,3.1272558796024343,8.134070392865648e-06,-0.000276268202853737,0.4342889810641092,-0.0017097940230750763,-0.005455414649096193,0.46939470529556276,0.47313072204589846,0.6,0,True,0.4266008685706097,-0.1989342771115489
131.48,13.462105751037598,-0.0010810567764565349,3.1272436491961773,0.00036461990593601945,-0.0005416050868913893,0.43866732085016835,-0.0019057057025802385,-0.005129841482519912,0.5014488768577576,0.4354333639144898,0.6,0,True,0.3481434462101741,-0.11185880891506093
131.5,13.453125,-0.0007637047674506903,3.126616254834311,-0.00020117785826773493,-0.0008802876161232564,0.44845136416147396,-0.0020762175636109825,-0.006659677179922323,0.445686686038971,0.5009521198272705,0.6,0,True,0.322417522801403,0.07903619083906081
131.52,13.444345474243164,-0.0006287209107540548,3.126676500838509,-0.00014382439774565406,-0.00032627079593865047,0.45232596432775757,-0.002901998935283346,-0.008528902883413236,0.511149332523346,0.4848373317718506,0.6,0,True,0.44137808529400135,0.08071541411578684
131.54,13.435040473937988,-0.0005048743332736194,3.1267231054280407,0.0002813928762302691,-0.00047554963697320847,0.4600823828882163,-0.00019319019331689394,0.000867480618027414,0.4863547062873841,0.4840862131118775,0.6,0,True,0.3731010647676044,0.05215238778709325
131.56,13.42592716217041,-0.00030918564880266786,3.126561336965504,-7.9459984419746e-06,0.00028828798874605137,0.473977567673694,0.0002946104214111645,0.0013273916467440449,0.5165442657470704,0.46942252635955817,0.6,0,True,0.5165350641773877,0.15272366483759028
131.58,13.416322708129883,-0.00020097405649721622,3.126685653283753,2.767467610283803e-05,-0.00010868361468024062,0.478299449342887,-0.0009660185376804244,-0.00248748615695421,0.5099694156646729,0.5004785108566284,0.6,0,True,0.5285374187368574,0.02666381193374367
131.6,13.406431198120117,-8.234799315687269e-05,3.1267826921702486,0.0002514712710224525,-0.0003127839569220472,0.49364876946194036,0.0010312360245209847,0.003688990303591556,0.48582895994186404,0.490890440940857,0.6,0,True,0.40944893714179753,0.00804291980605887
131.62,13.396781921386719,0.0001427782408427447,3.1265241065354843,-0.0003305737756022322,0.000624044123228893,0.5023653763871715,0.0010459707437435765,0.003000585572727241,0.5586774730682373,0.5537236881256105,0.6,0,True,0.5013417734437842,0.08980463380272832
131.64,13.386438369750977,0.00019317667465656996,3.1268564561897914,0.00015201885259058648,-0.0003178909639066898,0.5067334826450313,0.0005904485020922891,0.0019708252312286264,0.5317040252685548,0.5320117926597596,0.6,0,True,0.2895430019227477,0.03774141568571545
131.66,13.376136779785156,0.0003209281712770462,3.126925700129571,0.0001193289328658135,-0.0002449539956575178,0.5184067912183817,0.007773509029124857,0.004696884547262627,0.5740987205505371,0.525355715751648,0.6,0,True,0.2321876920669656,0.0029987494357681783
131.68,13.365896224975586,0.0004677856049966067,3.126940358188747,-0.00036064560631148804,-3.185778465650249e-05,0.5168122096157638,0.003501250835689771,0.006708303558449264,0.5577055048942566,0.5202289628982545,0.6,0,True,0.2572514829060555,0.03352491860398784
131.7,13.355304718017578,0.00012921846064273268,3.1268998572992652,0.0006510642776313418,-0.0005702401392109159,0.520940391752525,0.003301838650262459,0.0032404855275886477,0.5856318783760072,0.5533255815505982,0.6,0,True,0.10065062215583129,-0.026519814960031324
131.72,13.345093727111816,0.0005188838113099337,3.1273931204744674,-0.0002857556414128925,0.0002648820574221355,0.5273136012775189,0.0035163950228956848,0.004652818719548073,0.5838576722145081,0.5803055381774903,0.6,0,True,0.23030570587933427,-0.05304624191363132
131.74,13.33446216583252,0.0006691132439300418,3.1271849389717783,-0.00016561528267016213,-4.76600999858872e-05,0.5264588409908495,-0.0032971741540809294,0.0025752993504597893,0.5556055235862732,0.5777762413024903,0.6,0,True,0.16526742404053188,0.02361204070906883
131.76,13.323711395263672,0.0007854907889850438,3.1273125836863107,0.00015446568677671238,-0.0002088832316132736,0.5352366660861069,0.0022306754783094195,0.002464604205359603,0.5405673623085022,0.541248619556427,0.6,0,True,0.11849235050537761,-0.016036272640575604
131.78,13.313196182250977,0.0009997495217248797,3.127105881247302,-0.0004102933081985261,0.00032105217855841176,0.5341617856757697,0.002438750387201252,0.005129448784314449,0.5860617113113404,0.5444899988174439,0.6,0,True,0.1604220031530476,0.1337073059702655
131.8,13.302276611328125,0.0009518845472484827,3.127590288810896,0.00016508561999142157,-0.00047734159744205004,0.5367929893179506,0.001664156754614717,0.0033699169083018237,0.5362257409095764,0.5814605379104615,0.6,0,True,-0.008361146767831088,0.1274617998639646
131.82,13.291730880737305,0.0010930744465440512,3.1275952948745234,2.5957676570973527e-05,0.00036111221195125285,0.5392926012430908,0.008763310961359724,0.013271883828078902,0.5382843828201295,0.5620824575424195,0.6,0,True,0.09108047082459594,0.09258470829319843
131.84,13.280770301818848,0.0012536613503471017,3.127582177038975,-0.0006433168338276661,-0.000620448034685017,0.5345677743446803,0.004770082022100452,0.012661548194478366,0.5584586429595948,0.5947289156913758,0.6,0,True,0.026571087095371163,0.1194847184802298
131.86,13.270047187805176,0.0009026273619383574,3.1281676319535485,0.00030765886669147265,-0.00041068367609864073,0.5414482233417385,0.004550068045161478,0.012536225447771481,0.5552222537994386,0.5987661409378052,0.6,0,True,0.016096967050390192,-0.06374223554693399
131.88,13.259510040283203,0.0011694597778841853,3.1286032126664542,-0.0001529505482494202,0.0004928123095007795,0.5389186762855799,0.004624261873462144,0.012928694386718306,0.5232101893424989,0.5595627069473267,0.6,0,True,0.16996878153724604,-0.0685865624515983
131.9,13.248414039611816,0.0013106006663292646,3.1285981929103452,-0.00015025531471408115,-0.00041268050266050807,0.5405803586071222,-0.004897775736028259,0.008172504984323386,0.5271623158454896,0.5379264807701112,0.6,0,True,-0.014784458541504564,-0.08360608478063226
131.92,13.237655639648438,0.0014437560457736254,3.128616472589912,0.00023187275385944686,2.0226907718531466e-05,0.5481652768676573,-0.0005190198192454743,0.007174623198351593,0.5415261292457582,0.5465172815322876,0.6,0,True,0.05651627849599888,-0.1001445548546709
131.94,13.22680950164795,0.001856364542618394,3.1288214323522943,-0.0004364218632182381,0.00019677021099138536,0.5402654666584183,-0.0009859133071193783,0.00584773866532223,0.5415261292457582,0.5465172815322876,0.6,0,True,0.07030423800902114,-0.11180046585260116
131.96,13.21566104888916,0.001780009246431291,3.1291771825223225,0.0004242522550127899,-0.0006908142372274848,0.5434399785652605,-0.0014749306362384145,0.004917129998343381,0.5495996117591858,0.55189195394516,0.6,0,True,-0.09348657927756919,-0.1635680485246206
131.98,13.20519733428955,0.0019414402777329087,3.129066012003571,0.00027965660482493984,0.0006078063403103717,0.5462046976478427,0.005352075260443377,-0.0007715322838829268,0.5508572673797608,0.5641229248046875,0.6,0,True,0.10754258051147421,-0.0473041426270305
132.0,13.194185256958008,0.00210149260237813,3.1290098429897797,-0.0004328025743408998,-0.00010058131267624566,0.5406863505254506,0.0023989172228510583,-0.005910820683620099,0.6400563716888429,0.5565762400627137,0.6,0,True,0.04333821578894644,-0.018501368630603157
132.02,13.183111190795898,0.001975586637854576,3.1287597097695836,0.00014352782985669197,-0.00040881818311877966,0.5488688730993376,0.004954117875834786,0.002063407255159199,0.552519555091858,0.5548386669158936,0.6,0,True,-0.046483821852932546,0.028114110520516815
132.04,13.172407150268555,0.0021323650144040585,3.128704316867633,-0.0004089208567129818,0.000384257602471559,0.5469070358283755,0.005478527569842577,0.003437020507895423,0.5554571223258973,0.5554585576057435,0.6,0,True,0.1604855677423771,0.12934136437817126
132.06,13.161286354064941,0.0021086162887513638,3.1292310845839837,1.3487577759625462e-05,-0.00037257745374896214,0.5424859918996076,0.0004374110862893554,0.00147759655775877,0.5412977862358094,0.5377265763282777,0.6,0,True,0.007241650010246567,-0.004652072756662253
132.08,13.150430679321289,0.0022271289490163326,3.1292848046304114,0.00012014207672535239,8.584714780470677e-05,0.5535251959448427,0.0062551382316198625,0.004436488466635219,0.5513042569160462,0.5614512348175049,0.6,0,True,0.018828943286168354,-0.028807025124324825
132.1,13.139715194702148,0.002477061003446579,3.1288779174942043,-0.0005139325552726559,0.001347459243204082,0.5494482051001572,0.00156531656149692,0.0016912414346262929,0.5800568008422852,0.5520378184318543,0.6,0,True,0.10554863001101829,0.08437640575939244
132.12,13.128122329711914,0.0021769944578409195,3.129059235944964,0.0005904644354821532,-0.0002734719802134761,0.5484133512912692,0.0013002475798243535,0.001132458497949077,0.5549440097808839,0.5624945163726807,0.6,0,True,-0.13515854493041987,0.11620933521624621
132.14,13.117332458496094,0.0025422731414437294,3.1293663838987538,-8.315683058769315e-05,0.0005731989238477353,0.5509298823004873,0.00692865718100706,0.008227709018508823,0.5715526342391968,0.5813716173171998,0.6,0,True,-0.04607394365498231,0.20067042621474318
132.16,13.106559753417969,0.0026729824021458626,3.1293754013102473,-0.0005814983688305921,0.00045046595366288867,0.5427125123504113,-0.0015881965399717948,0.013733235283933066,0.5464149761199951,0.5432225799560547,0.6,0,True,0.009173449861419207,0.31392679656011
132.18,13.095637321472168,0.0024616618175059557,3.129536134215685,0.00017407896485530458,0.00016234807443155552,0.5457622896077581,0.005406923715503522,0.017744875531808257,0.5464149761199951,0.5432225799560547,0.6,0,True,-0.06478840283031487,0.33799731312412584
132.2,13.084710121154785,0.002834463957697153,3.1301578947676783,-0.0006370985461830173,5.1504129316510144e-05,0.5491472272801826,0.007509793616531512,0.026246602222752883,0.5464149761199951,0.5432225799560547,0.6,0,True,0.04005041434943442,0.24166091431757297
132.22,13.07366943359375,0.002636137418448925,3.1307859739412986,0.00027301275817668766,-0.0005482450828546657,0.5457468100740613,-0.005391398912035824,0.035267494068443116,0.5422792673110962,0.5578563427925111,0.6,0,True,-0.06216430778317865,0.14149843945995047
132.24,13.062623977661133,0.0025745765306055546,3.131475129488068,0.0012099556660765934,-0.0009241211042573653,0.5459165454983665,-0.0005362910441073492,0.03306610842934193,0.5439187240600587,0.5672593450546265,0.6,0,True,-0.09595487877898128,-0.02662542882727716
132.26,13.051984786987305,0.0033647562377154827,3.13235753374116,-0.0002844409048409634,-0.000280818244018834,0.5407891449851048,-0.007418446979752047,0.029064750688602044,0.5872591185569763,0.5705286455154419,0.6,0,True,-0.03324424437989617,-0.2818713213648118
132.28,13.04103946685791,0.0033192234113812447,3.132803183442026,0.0003699187759157944,-0.000470838979593259,0.5414708369778629,-0.008288881655993247,0.024116567916570377,0.5623708987236024,0.4982540607452393,0.6,0,True,-0.03679502788038507,-0.27979958929163856
132.3,13.030413627624512,0.003629122395068407,3.133111153996387,-0.00028258039173312873,0.0004345703620969859,0.5430872705236692,0.0002479019317171635,0.012717788359254648,0.5623708987236024,0.4982540607452393,0.6,0,True,0.08556505464902464,-0.20721417232689074
132.32,13.01931381225586,0.0036183958873152733,3.133404454921393,2.4442377594502057e-05,-0.0003023881656971135,0.5429729432679363,-0.0034138287261395164,0.010682141286015296,0.5815869927406312,0.5426224327087403,0.6,0,True,-0.015750169464408582,-0.21819341445708243
132.34,13.008539199829102,0.0037134159356355667,3.1333749568099005,0.00013133076357052688,0.00015636667916554833,0.5476343493570278,0.005298221294350554,0.012487616902448193,0.5530970215797425,0.5660435295104981,0.6,0,True,0.006700666722471383,-0.06613705154635595
132.36,12.997605323791504,0.003947994206100702,3.1336577547449074,-0.0005661019478669608,-6.855463577949411e-05,0.54021082342071,0.003392705387443607,0.0066610947600010545,0.5848319602012635,0.5582798671722413,0.6,0,True,-0.013822501554042802,-0.11243151001048733
132.38,12.986600875854492,0.003565298393368721,3.134110163348583,0.0004387376033424046,-0.0006640026358446522,0.5436233238614668,0.0029425378152810383,0.007426824235547224,0.5586190104484559,0.553373830318451,0.6,0,True,-0.10937839568849289,-0.14096841199773874
132.4,12.976096153259277,0.0036899058613926172,3.1339373425021932,-6.089750762076716e-09,0.000506978407776836,0.5418671431436127,0.008130889606724128,0.0016876204851749036,0.5787107253074647,0.5946944355964662,0.6,0,True,0.11663030002415048,0.04505494093883542
132.42,12.965048789978027,0.0038034289609640837,3.133969102748744,-0.0003942791698574086,-0.00021821360920302332,0.5388840777019501,-0.0008744890236829185,0.0012101439426313362,0.5787259960174561,0.5360707807540894,0.6,0,True,-0.03858074221060972,0.005705802046985996
132.44,12.954252243041992,0.0036293917801231146,3.1337927643837213,0.00031545049651230935,-8.937653011700234e-05,0.5495412474226402,-0.0022295189110014737,0.010265490035107171,0.561490821838379,0.5602338004112244,0.6,0,True,-0.009200297230384678,0.11258001919027268
132.46,12.94349193572998,0.003963909111917019,3.1342069748639934,-0.0004747959774224159,5.381491208181771e-05,0.5405368644846176,0.00438712299221695,0.007883288399306175,0.5449252557754517,0.5582561850547791,0.6,0,True,0.03767364807859657,0.10574383534440612
132.48,12.932135581970215,0.004211167339235544,3.1347585817050017,-0.0013672372750237402,-0.0017736643980115314,0.5411311193651821,0.0012065057757306135,0.010694022020394926,0.5826272368431091,0.5607863330841065,0.6,0,True,-0.1967774127379513,0.005702645393146179
132.5,12.921804428100586,0.003771844319999218,3.1345997658206888,-0.0001732895946882114,5.990269296825371e-05,0.5418979695482383,0.009231181324965863,0.009669650770185148,0.5679241800308228,0.5768164730072022,0.6,0,True,0.003361479636947831,0.043911951500970825
132.52,12.910962104797363,0.003828721586614847,3.134648286145353,-0.00036008513834833415,-0.00027238217237830433,0.5337990544036016,0.008187569995488968,0.010721701666558937,0.5976564693450929,0.5702852821350098,0.6,0,True,-0.020067041817229875,0.04420610428342795
132.54,12.90013599395752,0.0035285847261548042,3.134980546925608,0.000665072304747845,-0.0002991427848810666,0.5408057828555733,0.001648817760983162,0.011396244519383142,0.5492266058921814,0.545429973602295,0.6,0,True,-0.008403191813834218,0.03830112688106629
132.56,12.88942813873291,0.0038527268916368484,3.1356163178383265,-0.0001312402947526147,1.6536095733252518e-05,0.5395257560198035,0.0022091493004231053,0.014230510363069715,0.5841504359245301,0.5597330379486084,0.6,0,True,0.12503215949043595,0.022693450019762883
132.58,12.8785400390625,0.003926008939743042,3.1355114653822396,-0.00013367734990974537,-0.0002117006149167135,0.5412257142031315,-0.006790650117417146,0.01273374092067093,0.604061872959137,0.5471014237403871,0.6,0,True,0.009399143308923193,0.035250355221849085
132.6,12.867799758911133,0.003909942228347063,3.1357867269743984,0.0004209167855689757,0.00034693407619704056,0.5438016271628345,-0.0012688016480208236,0.012537177668139606,0.5503160500526428,0.5527403712272645,0.6,0,True,0.055251281050275214,-0.041832772961765165
132.62,12.856842041015625,0.004335128702223301,3.135999246199262,-0.0005887118317137053,-6.411768445968952e-05,0.5415577143202873,-0.0009443537690645011,0.01421627293713151,0.5376638746261597,0.5505300903320313,0.6,0,True,-0.009741919763487367,-0.11980721841941212
132.64,12.845925331115723,0.004206809680908918,3.1366192920517775,0.00016399213058529644,-0.0002468688779177412,0.5439458585038246,-0.0022087945651542425,0.010883888526129168,0.5501472544670105,0.5654137921333313,0.6,0,True,-0.059522175102158924,-0.2136304644970749
132.66,12.835216522216797,0.0042438870295882225,3.13664876721721,3.0554433946443746e-05,0.00021499769036094726,0.5404463606220526,0.011157863823095013,0.0031491634471198676,0.5984295177459718,0.5569318222999573,0.6,0,True,0.02635597688680044,-0.17439963720285284
132.68,12.824285507202148,0.004303061868995428,3.136657438056489,-0.0007381134105942511,-0.0005117645652566637,0.5390398531546611,0.00872095782709896,-0.0045532594916290565,0.5443851065635682,0.54248197555542,0.6,0,True,-0.02415447952732086,-0.07706143832978898
132.7,12.813602447509766,0.0036562620662152767,3.1362511792750314,0.000623234179785137,-8.802602735242307e-05,0.5436661924712309,0.01032171548634619,0.00026430196090605795,0.5543098330497742,0.5549873852729797,0.6,0,True,0.06450794737738426,0.14954012661883875
132.72,12.802799224853516,0.0037219629157334566,3.136255031292447,-0.0001627897553094564,7.219992307070553e-05,0.5420135001416386,0.011747294843673725,0.004718973459745085,0.5409022998809815,0.6111997699737549,0.6,0,True,0.09789229881256721,0.2934867907393571
132.74,12.791719436645508,0.0036504787858575583,3.1366699113740824,-0.00015088133280974489,-0.0005356610890957662,0.5456069964122442,-0.0006722003849235509,0.015112373576628837,0.5491918587684632,0.5457790970802308,0.6,0,True,0.010812957090558215,0.15880814728406428
132.76,12.780920028686523,0.003594735637307167,3.1370349559332684,0.00034361097893771886,-1.62457412497052e-05,0.5468712370596649,0.004164319711121287,0.01892568376751484,0.5542016863822937,0.5675861549377442,0.6,0,True,0.09293106877045006,0.04723155540207227
132.78,12.769954681396484,0.003924907185137272,3.137460169161162,-0.0005013990563568207,-0.0001713494704602972,0.5445312290384757,0.002307163556924595,0.012968953743633186,0.5393685531616211,0.5562956595420838,0.6,0,True,-0.020903896329048374,-0.08710773188418491
132.8,12.759048461914062,0.0035882180090993643,3.1377690859938485,0.0005290147617064785,-9.560671835709974e-06,0.5494479856432758,0.0009329514226877279,0.008497497891911458,0.5874616599082947,0.5663588404655457,0.6,0,True,-0.03542439760105405,-0.19236255449895565
132.82,12.748156547546387,0.0036459281109273434,3.137707427673573,1.778515616283303e-05,5.9505704306018136e-05,0.5439346847059207,0.014715175561248378,0.00814375502589543,0.5394274497032167,0.5954653644561768,0.6,0,True,0.009839973841248144,-0.11338860389178411
132.84,12.736964225769043,0.003688167780637741,3.1377147557646214,-0.0010006159066223562,-0.0011586013102165638,0.5440372852515801,0.0097998945249446,0.0035366794075959813,0.5911934375762941,0.5621259164810182,0.6,0,True,-0.09956333167733154,-0.1395803175292987
132.86,12.726435661315918,0.002916766330599785,3.1381116695632336,0.0003203177630213334,1.9641175451976306e-05,0.5453184269457757,0.01250647951934249,0.0038978654322890396,0.5940944385528565,0.5651987171173096,0.6,0,True,0.044370041000114935,-0.18050540719846614
132.88,12.715522766113281,0.0029730095993727446,3.138052020346456,-0.0002921338663548845,-0.0001267232885624164,0.5414829191090909,0.014832001377315778,-0.002668927510430217,0.5555076909065247,0.6474964952468872,0.6,0,True,0.025555458421646724,-0.0425658543985222
132.9,12.704527854919434,0.0027972750831395388,3.138019256908156,-1.2771878420942656e-07,-0.0001618433743468438,0.5474842879859304,-5.858313518494838e-05,-0.006296677549984118,0.5498241496086121,0.5447339296340943,0.6,0,True,0.02383711790721529,-0.05148865953874855
132.92,12.693641662597656,0.002654990181326866,3.137501241563787,0.0007101452441050903,-0.00036890317893894966,0.5460817219253115,0.0021223002391159737,0.0001314110557148823,0.5538992929458618,0.579153826236725,0.6,0,True,0.021762590275088072,0.12097168552310977
132.94,12.682637214660645,0.003077962901443243,3.137607935359235,-0.0003495656808800359,-0.0005742042034851759,0.5472253963783525,-0.0006849218366597075,-0.00022122733081002507,0.5569064211845398,0.5450728559494019,0.6,0,True,-0.081493611129418,0.1654174782732626
132.96,12.671835899353027,0.0029819661285728216,3.1380625332309133,0.0003193126349489392,-0.00016798031599027006,0.5432239263310982,-0.008921189506972611,0.007008807331420079,0.5561431860923768,0.5607634353637696,0.6,0,True,-0.042555005419510634,-0.009664325382463363
132.98,12.660750389099121,0.0030265110544860363,3.138001558721691,0.0008552751151823601,-0.0010851944002368036,0.5409647990955783,-0.0037305819871710265,0.00693672071187426,0.6066230964660645,0.6496133661270143,0.6,0,True,-0.03569743074875034,0.0034262997929134457
133.0,12.650186538696289,0.003522092243656516,3.1380619461503008,-0.00014134430033500207,-7.382409295027392e-05,0.5426773214917501,-0.006041875876202481,-0.0006417349748823076,0.6128641605377197,0.5982993745803834,0.6,0,True,0.04240050886031865,-0.09842264499064922
133.02,12.639361381530762,0.003531819675117731,3.138162873016185,0.0002294690998297824,0.00011860875436444568,0.5443696019184521,-0.006129042204911624,5.287665262309344e-05,0.5443096542358399,0.5705366396903992,0.6,0,True,0.08331237543223682,-0.1050653282147915
133.04,12.628423690795898,0.0036185956560075283,3.1380111944329228,-0.0002280849306400943,-0.00018825464314685278,0.546615967039923,0.006069011900218049,-0.0008650042678302919,0.5544861888885498,0.6121020770072938,0.6,0,True,0.05159441385042844,0.00040869062821741436
133.06,12.617202758789062,0.0036661967169493437,3.138005788853901,-0.0009784884922745644,-0.0010421946198020152,0.5476297891301583,0.005913214474906213,-0.0014685055453103758,0.5559722042083741,0.5463038754463196,0.6,0,True,-0.0016952788578067964,-0.05044863217967029
133.08,12.60645580291748,0.0031931886915117502,3.1379927458088743,2.2042630687194052e-05,-0.0001952865171892944,0.546804874599785,0.009867367884971561,-0.0006090397246249094,0.5654238224029542,0.5666440105438233,0.6,0,True,-0.017857126695144925,-0.04498892535072817
133.1,12.595549583435059,0.0032159071415662766,3.13804539257256,-0.00041837410881667095,3.4198866050877277e-06,0.5442339796098276,0.008845385212525689,-0.003983013921749727,0.547866895198822,0.5453610467910767,0.6,0,True,0.0020351669189140496,0.014636950746376094
133.12,12.584676742553711,0.002986686769872904,3.1379624712549528,0.00028215644989510824,0.00012673777100158235,0.5451873969043112,0.0021927938888347005,-0.004464118295889108,0.5623352503776551,0.56356525182724,0.6,0,True,0.0260968559015414,0.07046729704913748
133.14,12.573661804199219,0.0031130132265388966,3.137687147740161,-0.0001409594131436837,-0.00022300927902634216,0.5477926024836713,0.006643060653425521,-0.0002975494856005213,0.545881485939026,0.5463382053375244,0.6,0,True,0.019383935810496102,0.1608980993267707
133.16,12.562840461730957,0.003176096361130476,3.1376356163452033,-7.82277645692901e-06,0.0003949983797200594,0.5488926230719079,-0.003283747928499352,0.005028344039304968,0.5574697017669679,0.5489716768264771,0.6,0,True,0.006845053618514925,0.18091527010137531
133.18,12.551724433898926,0.0028556184843182564,3.138021588613712,0.001373424736480966,0.0003045358432099487,0.5457846944746675,-0.001490893730808493,0.008888834024393942,0.6106807160377503,0.594088830947876,0.6,0,True,-0.06888458861095437,0.04794511334997659
133.2,12.540766716003418,0.0034231431782245636,3.138364738778097,0.00022889314311133732,0.0002420391754562255,0.5457350011937923,-0.0012241474745382632,0.010009103312218038,0.6106807160377503,0.594088830947876,0.6,0,True,-0.08618041076159834,-0.06926277242781734
133.22,12.529999732971191,0.0033882062416523695,3.1383982544621127,0.00024992971343990294,0.00024713882099340834,0.5422818353947941,-0.0062147368302987,0.0035380595823982053,0.5490996670722962,0.5609225177764893,0.6,0,True,-0.05285921026631443,-0.22151764763772122
133.24,12.519182205200195,0.0034149542916566133,3.138436344610181,-0.00013568313770879892,5.500823869054545e-05,0.541998190210979,0.00046428639034905186,-0.0005126777549212845,0.564736089706421,0.5887807154655457,0.6,0,True,-0.07772006342871181,-0.22992824618161412
133.26,12.508343696594238,0.0034913758281618357,3.138304633380304,-0.00022811942766521047,0.00035771705951340133,0.5415559576533632,-0.0027584074941953704,-0.008832577786620228,0.5707212400436402,0.5473557853698731,0.6,0,True,-0.021609310454220272,-0.11252711707881442
133.28,12.497406959533691,0.0035228573251515627,3.1383237245577034,0.0003506026007518717,-0.00025863362548051127,0.5395173961194943,-0.00276292458882647,-0.008385156382313966,0.5621999168395997,0.5888998436927796,0.6,0,True,-0.008286437582477862,-0.13831546299879796
133.3,12.486676216125488,0.0037513291463255882,3.137691648239183,-4.311454744195956e-05,-6.966885924612304e-05,0.5405530905584562,-0.0016341979378078192,-0.005464109783908356,0.5801696205139161,0.5556280040740967,0.6,0,True,0.0013837737908221127,0.029206904981513893
133.32,12.476021766662598,0.003777078352868557,3.137765532099596,-6.718455432594132e-05,0.0002850477922888729,0.5413352752043809,-0.0036183568525071067,-0.01157791479482292,0.5830213212966919,0.5603420805931092,0.6,0,True,0.05323936118190876,0.011338410357933766
133.34,12.465100288391113,0.003790806280449033,3.1378675045975912,0.00015530106674867093,-0.00017755920025884354,0.541666659556629,0.0032722287069527575,-0.006496025388098752,0.5342756128311158,0.5373895692825318,0.6,0,True,-0.009321515923230628,-0.034290656314408134
133.36,12.4541015625,0.003978063818067312,3.1373974913741174,-0.0005755950113176578,-0.0006027715174445717,0.5437765450140477,0.003178732736434088,-0.007478083553679123,0.5519456100463868,0.5544290614128113,0.6,0,True,0.00023443126448693063,0.1845334772012772
133.38,12.443342208862305,0.003650975413620472,3.137171966208135,0.0003181096849892579,-0.0003826268760063737,0.5398073692845979,0.0030156418044384264,-0.00820736228906046,0.5678445053100587,0.5480547165870667,0.6,0,True,-0.007698017941836088,0.1117840251609384
133.4,12.43251895904541,0.003705279901623726,3.1371672854153014,2.7248025179755752e-05,-0.000274673402166943,0.5413540297055398,0.006403727403989271,0.0031847633812815642,0.5888021278381348,0.5393291163444519,0.6,0,True,-0.031412986737466154,0.12881433918395385
133.42,12.421915054321289,0.003740462241694331,3.1372109156144665,-0.0002666996423548621,0.0005885798560815075,0.5410508181212822,-0.0032552293281611975,0.002446696624774542,0.560397071838379,0.5466193866729737,0.6,0,True,0.08273324079333494,0.13927161377754582
133.44,12.410791397094727,0.0036574252881109715,3.13765227244462,0.0003780307611286732,-0.00038074195523444306,0.5412635060750509,-0.0033922544857787388,0.002827063581035135,0.5395225620269776,0.5625671482086182,0.6,0,True,-0.0045771637814366,-0.09201611175973098
133.46,12.400059700012207,0.0041010500863194466,3.137367701938117,-0.00041414493952108975,-7.348623275357567e-05,0.5464260285480658,-0.003183965197727174,0.002934366813144947,0.5570761346817017,0.5570641350746155,0.6,0,True,0.041930018376865434,-0.10040295909757198
133.48,12.389219284057617,0.004147280473262072,3.137393450501784,-4.8874062689089766e-05,2.5052174564384113e-05,0.540987856603025,-0.008376086331313901,-0.0041765255594954495,0.6034332370758058,0.5390758228302003,0.6,0,True,0.041155889348184156,-0.17824952817604836
133.5,12.378202438354492,0.004179866518825293,3.137445664959518,0.00022432770078459425,-0.00033360009222931693,0.544405219591432,0.0010718967414392897,-0.005585540103032472,0.5465341544151306,0.5627068376541138,0.6,0,True,-0.05314966771472143,-0.1898121151059582
133.52,12.367515563964844,0.004509243182837963,3.13731815039986,-0.0006118800946082664,0.0004794187696695885,0.5445559772229062,-0.0006942743009653567,-0.011432898673050963,0.5551159262657166,0.5669906806945801,0.6,0,True,0.08655476509112255,-0.06062417902313214
133.54,12.356507301330566,0.004195909947156906,3.1369208587298747,0.00032025673457438064,-0.00024350297346750004,0.5421740551308889,-0.0009181963816827184,-0.012250602395328686,0.6192883396148682,0.533688600063324,0.6,0,True,0.0073058732650513,-0.02633271368523454
133.56,12.34565544128418,0.004389037843793631,3.13647881860794,-5.954817026990738e-05,-0.00011303011038599178,0.5479122378103158,0.0032429907656903296,-0.009026459881346779,0.5599725461006165,0.5482584428787232,0.6,0,True,0.019001639641342723,0.1256446228443251
133.58,12.334829330444336,0.004455954767763615,3.1364656167678917,-0.00020787293557737678,0.0003240787825840373,0.5449896894526362,-0.00569147585612147,-0.007692157197851565,0.555203995704651,0.5388169384002686,0.6,0,True,0.06382403666464727,0.14354945993515944
133.6,12.323681831359863,0.00447396095842123,3.1365960336093526,0.00031400186801326777,-0.00039145760360973864,0.5460761083942133,-0.0038466095668966984,-0.0013813288455069544,0.5445441555976869,0.6005463552474977,0.6,0,True,-0.07065110428325518,0.015468736966172346
133.62,12.312911033630371,0.0048747556284070015,3.1363054861540465,-0.00040307626515251945,0.00017599874266058406,0.5472799780640615,-0.003450478123353982,-0.0007666456005141347,0.5590305018424988,0.5612628793716431,0.6,0,True,-0.010080861792537761,0.1086543436789552
133.64,12.301971435546875,0.004915044642984867,3.1363683123002994,3.8052262606677046e-05,-0.00015374543148166802,0.5422601494676565,-0.005607585761158593,-0.007788960924053238,0.5521253538131714,0.5470477342605591,0.6,0,True,-0.0662608916196982,0.014379111209496505
133.66,12.291049003601074,0.004963472951203585,3.1364042851198506,0.00013940484557618853,-0.00024097822604591363,0.5441832205092333,0.0004991619309697992,0.0010001902964631207,0.5516947031021119,0.6113401103019714,0.6,0,True,-0.10453941178953928,-0.006809535954066187
133.68,12.280303955078125,0.005149196833372116,3.135972916735428,-0.000669985505785591,0.00016549189226201,0.5407752370646366,0.0004274836523869025,-0.00023099994874705424,0.5517909336090089,0.5528532910346985,0.6,0,True,-0.0034697874686942646,0.1595170214694907
133.7,12.269376754760742,0.005060696043074131,3.1363855013777635,2.2003873570971585e-05,-0.00032217002753375147,0.5389168251209,-1.6065070619840707e-05,-0.0013114084768393213,0.5496279001235962,0.5669525790214539,0.6,0,True,-0.02530913027713487,-0.09707330740846472
133.72,12.258709907531738,0.005123966373503208,3.1363498323043997,-8.639186207856154e-05,0.00013426311951329488,0.541982566470161,0.0018915933309137985,0.0049724007935080155,0.5411128520965577,0.5522045779228211,0.6,0,True,0.061039710900822816,-0.14654168672808346
133.74,12.247936248779297,0.005189254879951477,3.1362993724417034,-0.00019281913061627447,0.00011168972167678321,0.5421584900870622,-0.002056912218467588,-0.006765674296215271,0.5381893038749695,0.5810679054260255,0.6,0,True,0.07349769520679605,-0.1910747964775084
133.76,12.236945152282715,0.0052251918241381645,3.136370708798909,0.00015132593166789377,-0.0002891657052418708,0.5456584139367014,0.0010928558378076876,-0.0119543348869914,0.5464653277397157,0.5450159287452698,0.6,0,True,0.03721272858407233,-0.3243501344920336
133.78,12.226005554199219,0.005454829428344965,3.135844247434066,-0.0005284921529586774,-0.00034028582755500674,0.5447966407374446,-0.00020637794899812248,-0.016597392195042384,0.5521834993362428,0.5542306256294252,0.6,0,True,0.04850680750748398,-0.10964133578872849
133.8,12.215057373046875,0.005264489911496639,3.13539348551344,0.00024868838093425235,-0.000716475804361014,0.5449595847568872,-0.005086200913562109,-0.02097560996585873,0.5590914177894593,0.5422288489341737,0.6,0,True,-0.015628559909193818,0.07102783184215745
133.82,12.204353332519531,0.00545630045235157,3.1349715810661003,0.00012624774415381676,-9.941562541306529e-05,0.5460390346876601,0.0016741895849046106,-0.015536981159311805,0.6149454832077027,0.5425065422058106,0.6,0,True,0.011683727941283034,0.20770064052746437
133.84,12.193351745605469,0.005902342032641172,3.13469266000164,-0.0009441622559062938,-0.00010131240454387483,0.5444081291439657,-0.00548842244160955,-0.006272108339617915,0.550147454738617,0.5801040315628052,0.6,0,True,-0.0019325057746312172,0.304852484950852
133.86,12.18232250213623,0.005610124208033085,3.134601288941321,0.00022697233667164684,-0.0004027650267210416,0.5457313389727474,-0.003655643628637165,1.8659047157362632e-05,0.5654443335533142,0.6054475021362306,0.6,0,True,-0.03303360086031504,0.23047409669811247
133.88,12.1715087890625,0.006004063878208399,3.134891716846271,-0.0005745874008105927,-0.0001324714477697509,0.5448049842949167,0.000838904341175025,0.003412588830204579,0.5481140470504762,0.5595025086402894,0.6,0,True,0.04218260755773646,0.0645353535349725
133.9,12.160697937011719,0.006053974851965904,3.134973073789873,-0.0001587705242650276,-6.300555886195129e-05,0.5433963466188345,-0.004305348804801495,0.0029009465765400754,0.585280818939209,0.5926413011550904,0.6,0,True,0.04176809251132256,-0.02922274978869643
133.92,12.149767875671387,0.0061272853054106236,3.134965667108056,7.362361844888716e-05,-9.321744499250344e-05,0.547782737748584,-0.0006071934519443906,-0.0011092800568211422,0.5520768213272095,0.5474575233459473,0.6,0,True,0.08092803916581304,-0.07573511517990608
133.94,12.138854026794434,0.006242306903004646,3.1348333646674442,-0.00039849573830109557,0.00014388144984281803,0.5490727863736525,-0.0009021125922155449,-0.002319160935937887,0.5596854400634766,0.5889392638206482,0.6,0,True,0.09015212454523125,-0.07367147356248042
133.96,12.127687454223633,0.006343048065900803,3.134802974441725,-7.156939706664603e-05,-0.00027329419023055265,0.5512792274281828,-0.0010314104282185964,-0.0026462203841888547,0.5744946241378784,0.550923707485199,0.6,0,True,0.017729991437934193,-0.02414499800388366
133.98,12.11677360534668,0.00642304727807641,3.134787540914998,-0.00019108219160946923,1.4862851436382495e-05,0.5506085165824516,0.0046937163330325405,-0.0029927713084571855,0.5579864692687989,0.5591438221931458,0.6,0,True,0.02169177810491329,0.0018940428524280486
134.0,12.105667114257812,0.0065092346630990505,3.134753969477321,-0.0006716164653311165,-0.00035859218116649557,0.549201137063619,0.004788109692637164,-0.003040879897132137,0.5528615856170654,0.5715126299858094,0.6,0,True,-0.017048534263658995,-0.0023436314779136025
134.02,12.094803810119629,0.006166572216898203,3.1345939429627676,0.00030312082082420986,8.730845391599482e-05,0.5508081286220459,0.005104607389044578,-0.0021676375077436193,0.6044900703430176,0.5917338371276856,0.6,0,True,-0.031719448559249554,0.08388446813805267
134.04,12.083749771118164,0.006260470952838659,3.1345597040499547,-0.00028935900607867434,8.794280744460233e-05,0.5499153446870904,0.004912612797470349,-0.0028337109024219056,0.5566602206230165,0.5480374932289124,0.6,0,True,-0.04089328297692179,0.12180326127435623
134.06,12.072707176208496,0.006323081906884909,3.1346141299143784,-0.0001334457903837586,9.913011115681029e-05,0.5480709606977112,0.0010164738190792505,0.003717986142588077,0.5638243031501771,0.5597314023971558,0.6,0,True,-0.08464222092839109,0.0923006957450755
134.08,12.06167221069336,0.006425634957849979,3.134527272605127,-0.00039555341072876327,-0.00042912962780858484,0.5459296744254647,0.0020967539621564385,0.0067033810048178835,0.5542437267303467,0.5567159295082093,0.6,0,True,-0.10899978427000817,0.12316235939043674
134.1,12.050958633422852,0.006391231901943684,3.1348913818541746,-0.000342876618107164,-0.00013021601915518165,0.5440367509477759,-0.0019313773446248761,0.005216418151860952,0.6007615637779237,0.5860198545455934,0.6,0,True,-0.07551751636505181,-0.03426950564754526
134.12,12.040075302124023,0.006401308346539736,3.13509597453034,0.0001545276893395695,-0.0001989727529817339,0.5411953619454883,-0.0014667811222080812,0.007019277848814573,0.5374089789390565,0.5410530710220337,0.6,0,True,-0.05274624469567912,-0.0487539850155851
134.14,12.029186248779297,0.006769245490431786,3.135031443366527,-0.0006036884392404048,-9.580518842951492e-05,0.5420295593885083,-0.003190975924237587,0.0009764256907850016,0.5503313541412354,0.5516957879066468,0.6,0,True,-0.020027653130834024,0.06686444677074277
134.16,12.018378257751465,0.006824250798672438,3.1350888148330323,-0.00023089555824629647,6.750449540833887e-05,0.5417099748498112,-0.005434964774144185,0.0028030622035718515,0.5570512008666992,0.5663034486770631,0.6,0,True,0.025651240361727442,0.02352588404256929
134.18,12.007598876953125,0.006931012030690908,3.1349694959094374,9.544049431392955e-05,0.000199814059007261,0.542434538697309,0.0005235983154129897,0.01056557389352121,0.5427807307243347,0.5467361950874329,0.6,0,True,-0.004519406769724192,0.13831913783465458
134.2,11.996742248535156,0.007117949891835451,3.135320219506626,-0.00032640774837516145,0.00011748486811022123,0.5432474611744261,-6.7147563103686116e-06,0.008901348572219742,0.5467026829719543,0.5456036257743836,0.6,0,True,-0.017601990536898784,0.04528490777919285
134.22,11.98579216003418,0.007014766801148653,3.135876689278009,0.00029904088612249974,-0.00028916636401440834,0.5416680068469303,0.0007018531400878538,0.012041956717559097,0.6130549025535584,0.5534754180908203,0.6,0,True,-0.04998380214786014,-0.13344922861917866
134.24,11.974919319152832,0.0070973848924040794,3.13580092271881,-0.0003239240953970083,-0.0006430392383847793,0.5403018156068591,0.0019735677412701896,0.0064258548259078455,0.5910579037666321,0.6272641229629518,0.6,0,True,-0.03551945595366007,-0.09199590385300983
134.26,11.964265823364258,0.007122555747628212,3.135932852446842,-0.000191795151007592,-0.0002474356126869526,0.5384358345254809,-0.0032606162386162258,-0.00011036439601095842,0.5515217185020447,0.5516940689086914,0.6,0,True,-0.014701937885006544,-0.24325393521149558
134.28,11.95351791381836,0.007210408337414265,3.1358342878926986,0.00020211459820225876,-0.00013113730877359776,0.5404059046981329,-0.0016175965659029055,0.001541676263977805,0.5919812226295472,0.5862674903869629,0.6,0,True,-0.0034818556616029992,-0.13379839981134695
134.3,11.942719459533691,0.007519405800849199,3.135867860126328,-0.0004756492155653578,5.4186336487350976e-05,0.5404918518161296,-0.004164184148218685,-0.007418358099363593,0.5502300167083741,0.5829954195022583,0.6,0,True,0.0451686256773816,0.005063592775425289
134.32,11.93168830871582,0.007475737482309341,3.135924256819928,0.00030259215458900313,-0.00040786001462520693,0.5400232671539309,-0.005693462276297521,-0.00427801715899778,0.5483326268196107,0.544490282535553,0.6,0,True,-0.029330402205622184,-0.06872838786134351
134.34,11.921029090881348,0.007703220006078482,3.1353393837988928,0.00012020740334708183,8.65378665197315e-05,0.542049324579672,0.004758311622797646,0.000294723026023128,0.5964146184921265,0.6028264141082764,0.6,0,True,-0.0002675051206283396,0.20854376341484523
134.36,11.910319328308105,0.00791076198220253,3.1354920465199787,-0.0005366184305897692,9.433698189904714e-05,0.5380594725216827,0.002227554866510627,-0.0039565947649305355,0.5498393201828004,0.5808615589141847,0.6,0,True,0.019684240782018,0.1358186631414966
134.38,11.899353981018066,0.007409912999719381,3.13589143796841,0.0006339236805675221,-0.00035483076109572045,0.5404704514064793,0.005832310728734433,0.009265142973820705,0.5655028295516968,0.5408497452735901,0,0,True,-0.03917400482697871,0.018870891122235216
134.4,11.888643264770508,0.007560133934020996,3.1356077292387337,-0.0002783379521418695,-6.514106087508502e-05,0.5415980064164926,0.010516874504593796,0.006587475892323647,0.5452746462821961,0.5623600840568543,0,0,True,0.01027931037544321,0.1636261391143926
134.42,11.877789497375488,0.007483148481696844,3.1360805952367983,-0.00022822219901433524,-0.00032618879120059987,0.5389154041935144,-0.0017603304486944415,0.0018043943158016448,0.5449043607711792,0.5888021445274354,0,0,True,-0.08171582868290284,-0.08483466310439741
134.44,11.866987228393555,0.0073287393897771835,3.1360190445913645,0.00041488917548555777,-7.978390480209389e-05,0.538881817351718,0.004318083314189617,0.00913349636421827,0.5391914796829225,0.5525900840759278,0,0,True,-0.17174252347602423,-0.06175574399382569
134.46,11.856242179870605,0.007788378745317459,3.136035789513674,-0.0008159827178957279,-2.428671982865917e-05,0.5339331851118461,0.0024233858322645213,0.0024783699254678506,0.5454466795921327,0.5455239176750184,0,0,True,-0.23971545720625764,0.08544387327434401
134.48,11.845531463623047,0.007454972714185715,3.136338408947871,0.00020463357593023044,-0.00014307893629014767,0.5278586045384134,-0.0031262417078876848,0.0016470163728185751,0.5440412402153015,0.5425621509552002,0,0,True,-0.397381300810511,-0.05695951581593582
134.5,11.835074424743652,0.00752663891762495,3.1362788648308357,0.00015772181915677167,1.443507096281224e-05,0.5197381676170107,0.008565382641255623,0.008639904177750233,0.5334401798248292,0.5473433351516724,0,0,True,-0.47256214322807694,0.026436647491968626
134.52,11.824760437011719,0.007800714112818241,3.13615080590119,-0.0007843939411266482,6.701749739099551e-05,0.5070913132868722,0.003784016753321474,0.004576735098942692,0.5291414666175843,0.5263946080207825,0,0,True,-0.5546998225921883,0.13166910541784108
134.54,11.81466007232666,0.007324099075049162,3.136726981847894,0.00036009263305214733,-0.00015502723269423984,0.49612821365360743,0.0005919957724613279,0.00459330172482492,0.5126733493804932,0.5175145983695985,0,0,True,-0.6423399591129866,-0.05011074686862344
134.56,11.804963111877441,0.007373015861958265,3.1367045477557864,0.0002213810678063954,7.889395211871413e-05,0.4834826187310314,0.009810929239232671,0.012180544806247508,0.49950781106948855,0.5172025084495545,0,0,True,-0.6334682734097455,-0.061069002711345945
134.58,11.795384407043457,0.007672398816794157,3.136646328968822,-0.000876881288667531,-5.0520689810615195e-06,0.4683509708879638,0.003262270596518033,0.0046310444282597315,0.4884106612205506,0.48898917913436896,0,0,True,-0.6619265912857878,-0.1191017516079792
134.6,11.786078453063965,0.007204913534224033,3.1371252494856896,0.0002236752998545992,-0.00015494027721912765,0.4564138514141026,-0.00103213800777931,-0.00030878511796401145,0.48478497743606574,0.4811678051948548,0,0,True,-0.6717086533715871,-0.29355578735047455
134.62,11.777191162109375,0.0072484491392970085,3.137097465402155,0.0003876178082493541,9.842229156453712e-05,0.44317408635073613,0.0032850685009803322,-0.0049348384038149055,0.45929851293563845,0.4759875798225403,0,0,True,-0.6502468276651501,-0.20883523703065657
134.64,11.768450736999512,0.007618704345077276,3.1366798449463493,-0.0006261497562273542,8.023508876188512e-05,0.4297459264613151,-0.003072265582152711,-0.011303918181785786,0.4469488143920899,0.4442238020896912,0,0,True,-0.679313937946377,-0.1154223092468168
134.66,11.759929656982422,0.007568967528641224,3.1362515418965167,-0.00017052291278307869,-7.545322268312965e-05,0.41633122467476213,-0.00869619694449665,-0.01207577453418947,0.44462753295898444,0.4331382179260254,0,0,True,-0.7148387728897039,0.06936991608491305
134.68,11.751700401306152,0.007619591895490885,3.1362209360311466,0.0007691651556349118,-7.56383539291535e-05,0.402068736378384,-0.009949998263478331,-0.009542569857710799,0.4078363204002381,0.4106999039649964,0,0,True,-0.7697342630552846,0.14749037981073626
134.7,11.743888854980469,0.008122027851641178,3.13613140343942,0.0001380762699509979,2.6788057091611883e-05,0.3859869845195712,-0.00971842066031906,0.0006147548829770349,0.4078363204002381,0.4106999039649964,0,0,True,-0.7966229258611829,0.06965711009516005
134.72,11.736289978027344,0.00858747586607933,3.1359164393577323,-0.0008153649391728177,-6.419008670211994e-05,0.3681671854168827,-0.00967008238273321,0.0004953122030749588,0.3711279702186585,0.38972891330719,0,0,True,-0.8320526751213903,-0.0010486267135179652
134.74,11.729055404663086,0.008515066467225552,3.136300722287155,-0.0001298659810766459,-8.441112023237842e-05,0.35260139060585755,-0.00661000926398921,-0.006503205726575794,0.39233394622802736,0.37830106496810917,0,0,True,-0.8045867680078059,-0.1927801224938019
134.76,11.722251892089844,0.008560368791222572,3.1362605610073926,0.0008019949875296088,0.0001750845442182661,0.335504522368686,-0.008404279522026359,-0.00962645999479222,0.30239487171173096,0.3696240305900574,0,0,True,-0.7258321799962507,-0.1430038717635798
134.78,11.715683937072754,0.00880009587854147,3.1356111469812937,0.0005974904235954433,-0.00010246559830460164,0.32162004307893666,-0.009889195088936837,-0.014807654916529526,0.3410443210601807,0.3390819096565247,0,0,True,-0.7317238619097629,0.04182289325617606
134.8,11.709453582763672,0.009402923285961151,3.135146322558149,-0.0007172104093354578,0.00017437023824236575,0.31010061101717357,-0.00847738196176365,-0.010944997538013212,0.3326211977005005,0.321210355758667,0,0,True,-0.6878569343537186,0.06808295767688113
134.82,11.703330993652344,0.009460088796913624,3.1351161098938327,-0.0007656035697554799,-2.7574460238913207e-05,0.29406348165308815,-0.0061024625990146065,-0.003157374266082375,0.3220035481452942,0.3103262114524842,0,0,True,-0.7022964556527745,0.12001420818949551
134.84,11.69744873046875,0.009398465044796467,3.1353849612043514,-7.84797730794876e-05,-0.0005294757150387947,0.2804759676203799,-0.0011063728937921755,-0.004179823380640877,0.3019566106796265,0.30805903673172,0,0,True,-0.7509061914925809,0.01962919266812553
134.86,11.69216251373291,0.009440642781555653,3.135358557040007,0.0008249012291602165,9.3202198083632e-05,0.2654363266267059,-0.007611142865837093,-0.005206518261368384,0.2903811120986939,0.29901493787765504,0,0,True,-0.7127839840749709,-0.06978565641880022
134.88,11.687016487121582,0.00963071919977665,3.1348119366876976,0.0008052305964975894,0.0001005467550866743,0.25002811569777905,-0.009487193168087563,-0.009374662124563482,0.267961072921753,0.21910434722900393,0,0,True,-0.707051913531106,0.04581713627218428
134.9,11.682100296020508,0.01020134799182415,3.134699588432923,-0.0004938118222781835,-0.00010108053739191351,0.23704076292708157,-0.008557194591483077,-0.008740226779587265,0.26797613501548767,0.2486475968360901,0,0,True,-0.6869654220945043,0.13635359344749468
134.92,11.677452087402344,0.010293051600456238,3.1346349882343865,-0.0009113645004786406,-0.00024066948121319516,0.22391181453790268,-0.006219094160878961,-0.0005144524788668641,0.25258733153343205,0.24319884061813357,0,0,True,-0.6432836392442389,0.19519307042086823
134.94,11.67320442199707,0.01025591604411602,3.1346593388976403,-0.0009152189182071048,0.0002750901787128177,0.2104790928591565,0.001991651382684343,0.005701769214429021,0.23805450558662417,0.23448277831077577,0,0,True,-0.6435583911606375,0.161196864691658
134.96,11.669107437133789,0.010252865962684155,3.1347707804893883,-0.00032380754168019225,0.0002609237270824641,0.1985654245582319,-0.0008518967200074232,0.0062407835091084175,0.14283056378364564,0.21445094466209413,0,0,True,-0.6408050890224768,0.03849219088428104
134.98,11.665261268615723,0.010158764198422432,3.1351557299700774,0.0008562103880637315,0.0001618053725224082,0.1855560916342408,-0.0023162197229829803,0.00415552239574281,0.2023623585700989,0.20679003834724427,0,0,True,-0.6253694413611897,-0.03688588822750573
135.0,11.661567687988281,0.010469567961990833,3.135134250915115,0.0008974473946433085,0.00017418583039983742,0.17264740741609652,-0.002606635568837654,0.0025649227918761006,0.1586913198232651,0.20022985816001895,0,0,True,-0.6631000768580168,-0.03002127658184712
135.02,11.658361434936523,0.010536761954426765,3.1349917806892997,0.0008385296586795229,0.0005250688815876116,0.1604495375502535,-0.005760193350962798,0.0027508981562281015,0.12298231452703477,0.17936697244644167,0,0,True,-0.6493027929272561,0.043823153267917095
135.04,11.65529727935791,0.010550593957304955,3.1349759743127383,0.00017911108826021684,0.0003162921770604516,0.1455174184096011,-0.0011144926963036154,0.003839081382561126,0.16259486794471742,0.15886057853698732,0,0,True,-0.6423866081663334,-0.05298884889488358
135.06,11.65242862701416,0.010704297572374344,3.1353758018225757,-0.0006098387688838878,1.1272444369038619e-05,0.1336118682000522,7.809777263525412e-05,0.007661374657176726,0.1366118884086609,0.14816806077957154,0,0,True,-0.6597694215123139,-0.041485613706403315
135.08,11.649927139282227,0.010635752230882645,3.13544137742572,-0.0005553664985679804,-7.710289473484219e-05,0.12125647876278181,-0.002981064203485889,-0.0016741851197152483,0.13972309529781343,0.011627660989761354,0,0,True,-0.6431566535685439,-0.09245816287430174
135.1,11.647672653198242,0.010596965439617634,3.1356046906618738,-0.0007926542932341937,-0.00013923690490734932,0.1076679838292789,0.0006307262287822503,-0.0005679509402835033,0.12412658095359803,0.0020227682590484622,0,0,True,-0.6565947383749685,-0.14964920798475487
135.12,11.645598411560059,0.01084874477237463,3.134842039503161,-0.001448576606456432,-0.0005130949330533111,0.09406488612410956,-0.000979676988924521,-0.0035575716473841695,0.04835901737213135,0.10713896751403809,0,0,True,-0.6380417748942069,0.10802085782597116
135.14,11.643815040588379,0.010705417022109032,3.135330365747353,-0.0011715040144393333,-0.0003496555050214797,0.08108428913006516,-0.0013511765136707508,-0.004310561981601283,0.10333688616752626,0.10202319622039796,0,0,True,-0.6407000399193035,-0.002225191887899716
135.16,11.642402648925781,0.010764923878014088,3.1351567716939295,-0.001175740462633839,3.7057406294568825e-05,0.07021313677125542,0.0022545367959690005,0.006967483506360725,0.06930526196956635,0.06581853330135345,0,0,True,-0.5966544427776781,0.07707701908084806
135.18,11.641186714172363,0.010745679028332233,3.1352598457033456,-0.0010934179652324915,7.591761464060288e-05,0.05641198063572662,-0.00016006248566492032,-0.0007459662913155084,0.06930526196956635,0.06581853330135345,0,0,True,-0.5239650747175493,0.08303590721374204
135.2,11.63998031616211,0.010704535990953445,3.13539943818367,-0.0008988828954547734,-0.0004318831774540026,0.0463325307019048,0.0008087461326071349,0.002608589879082449,0.0017182657122612002,0.06101962506771088,0,0,True,-0.5375900873847906,-0.09850631020782998
135.22,11.639302253723145,0.010746801272034645,3.1352706884440478,-0.0007172584770798932,7.204300232411699e-05,0.039167083152654665,0.0009288457439965535,0.002332310595499119,0.012687965631484987,-1.9772648811340333e-05,0,0,True,-0.4135426592469308,0.017766239790440654
135.24,11.63869571685791,0.010723181068897247,3.135365458884256,-0.0007915334424823322,0.0001620853047009214,0.02720592978046544,-0.000295867326339944,-0.0009130213102669055,0.04003120660781861,0.035875468552112585,0,0,True,-0.33326570697076946,-0.040677024634925986
135.26,11.638052940368652,0.010691181756556034,3.1354464305509855,-0.0005494814470064338,-0.0003858389591990674,0.023328567895978734,0.000183967534690272,0.0006753328919194611,0.029945021569728853,0.03170536726713181,0,0,True,-0.2816532930329943,-0.05245333043926111
135.28,11.63780403137207,0.010741758160293102,3.1353263964788485,-0.0005162862183300773,9.744408064732302e-05,0.019671274144239078,-0.00021626507722357686,-0.0006455720917121385,-0.09705528378486634,0.03000228360295296,0,0,True,-0.1571071066081956,0.025316800602999092
135.3,11.637435913085938,0.010743554681539536,3.1353247150754013,-0.0005662665563670222,0.00018610946133859688,0.0166348197100116,0.0011365656122115841,-0.0018639558396424255,0.014510180652141573,0.015861904993653298,0,0,True,-0.133558282864371,0.028023580592316553
135.32,11.63712215423584,0.010750343091785908,3.135313813116919,-0.0007220431202405181,0.0003178298587835892,0.014637361251812291,0.000291143973128303,0.001112322737972619,0.0167390925437212,0.018089042603969575,0,0,True,-0.08233711075862475,0.04459673757151453
135.34,11.63672161102295,0.01060859952121973,3.135297314083814,-0.00031112420845074394,-0.0002986607811938998,0.012643905266827384,0.000707019896043829,0.002917219339305136,0.00616193749010563,0.016101549267768862,0,0,True,-0.08313447212585369,0.061778253991842315
135.36,11.636632919311523,0.010725819505751133,3.1354153822978863,-0.0003180335700692206,0.00014189820603905228,0.013084305283548068,0.0008295541174650447,0.0029221669140095815,0.013111818581819536,0.015359946116805079,0,0,True,-0.04622967844121082,0.01956667314763927
135.38,11.63642406463623,0.010693361982703209,3.1355580926225457,-0.000300309037951269,0.00024399326460273308,0.009984061939944628,-0.0010046551012102619,0.0030783044797039767,-0.0014659589529037477,0.0038449916243553164,0,0,True,-0.006534506120748663,-0.023724255693108414
135.4,11.636075019836426,0.010690446011722088,3.13554758647004,6.1738053924885315e-06,-7.854725155560274e-05,0.010938986976514848,0.0007652028550892572,0.002677656589784005,-0.0417576975375414,0.012086655870079996,0,0,True,-0.042230024788402834,-0.05196026538035407
135.42,11.635923385620117,0.010693790391087532,3.1355435784421903,-0.0001109474708238046,0.00013406130595221033,0.012121144777167595,0.0004400259412375058,0.0010192788838568406,0.013896192759275438,0.01620126523077488,0,0,True,0.008404096764259014,-0.029898356613549
135.44,11.635757446289062,0.010669894516468048,3.135629594825069,-0.00033005727056657384,0.0003676733375235339,0.009705903300476514,-0.00035125972332126685,-0.0012346543164179174,0.007685015313327313,0.009037137851119042,0,0,True,0.0004113484516374055,-0.06487804657078011
135.46,11.635454177856445,0.010664026252925396,3.1356396349332543,-5.9979202259034936e-05,0.00012635450231743384,0.010656389681085454,0.0001863984776334751,0.000686435950619683,-0.05832956302911044,0.010519711524248123,0,0,True,0.001469027781361935,-0.1141492506779449
135.48,11.635298728942871,0.010723176412284374,3.1354488141247265,-0.00015641384277701465,0.0002783621571217747,0.010971894852645834,-0.0007215627593188007,-0.002512587135877371,0.012597754746675493,0.014848403930664065,0,0,True,0.03080990544613649,0.021275436436553555
135.5,11.63507080078125,0.010683953762054443,3.13559849331824,-6.968070706043339e-05,0.00030770674504557665,0.012238666999676568,0.0007251941486999591,-0.008112661170380179,0.0032571258768439295,0.009607464186847211,0,0,True,-0.0006433911979605011,0.03268098192836661
135.52,11.634880065917969,0.010733011178672314,3.1354285878541988,-0.0002920716168997332,0.0006892232133621733,0.012170695736167818,0.0001304250229324676,0.0004673805985066329,0.010476810634136201,0.011127485260367394,0,0,True,-0.00515948968133415,0.11644152860562021
135.54,11.634474754333496,0.0106118805706501,3.134990622039624,0.0001875964227854681,0.00022642368981704334,0.010604918385248624,-0.0028631329334804314,0.0033009145048884915,0.007977309897542001,0.012221758887171747,0,0,True,-0.06441333709890666,0.2790828095804347
135.56,11.63432502746582,0.01071874424815178,3.135486204572607,0.00016419250934712575,0.00031804934859704564,0.010559135678139037,-0.0014602169886669021,0.006802735152573701,0.011466710418462754,0.017089585065841677,0,0,True,-0.07767898434352209,0.1137597143592352
135.58,11.634223937988281,0.010918600484728813,3.135862566478631,-0.0004935577996526309,0.0005527053458436901,0.007085600031763229,-0.00285736099049186,0.014213963596058086,0.007265926897525788,0.00876378484070301,0,0,True,-0.057136976057505624,0.03524537265738265
135.6,11.63403606414795,0.010854984633624554,3.1359728066664045,-0.00024755282513170255,0.00018918488447119288,0.005956376988687287,-0.0034983895270030404,0.009568157747243638,-3.224998712539673e-05,0.013688106909394265,0,0,True,-0.07589323944018304,0.009852273884958986
135.62,11.633909225463867,0.010843713767826557,3.136127739127309,-0.00013022655757418953,0.00018103286893870343,0.00603396030064746,-0.00034404124439132874,0.006120544317479545,0.0056930333375930795,0.011766914427280428,0,0,True,-0.040138422908966305,-0.08119536606930294
135.64,11.63385009765625,0.011001288890838623,3.1362516571923864,-0.00040483094135919764,0.0003872475907694349,0.004487676522925602,-0.003232400369836766,0.007590917063370263,0.005085268467664719,0.0068656115978956225,0,0,True,0.01027511122740609,-0.07938906796215273
135.66,11.63374137878418,0.010948761366307735,3.1363522100240293,-0.00011293721707367673,0.00022561598551018846,0.0038745261990465636,-0.0023074519008095978,0.007718334310515143,-0.0015774348750710488,0.008818898126482965,0,0,True,-0.006142454010452555,0.03439833942802043
135.68,11.633678436279297,0.011115490458905697,3.1365800800314743,-0.0003300117370968893,0.0002094696275834981,0.0067783858868799025,0.0009392110742762553,0.0032170323102704264,0.0035864748805761342,0.008384702503681184,0,0,True,0.010894565272972643,0.04202542490876979
135.7,11.633600234985352,0.011029931716620922,3.13674520587215,-0.0002093095893646628,0.00034464166285398624,0.005542563979811353,0.00015123544904436958,0.008872411471720631,-0.0021983132325112823,0.005002671033143997,0,0,True,0.009608122439717821,0.06585747317178269
135.72,11.633307456970215,0.010928871110081673,3.136509019777208,4.665374226421395e-05,-2.2398306205938143e-05,0.005359241744763549,0.0010318520165882082,0.010952951056072371,0.0055048768594861035,0.0058094474673271185,0,0,True,-0.06700275909048273,0.1520539177534623
135.74,11.63329792022705,0.010938812047243118,3.137062002941767,5.714008003926822e-05,0.00024293890110466395,0.0046431759942241095,-0.001299371021273562,0.012986932164258582,0.007945797368884087,0.011080279573798181,0,0,True,-0.04987591691895044,0.061727800845207535
135.76,11.633249282836914,0.011035122908651829,3.13745631611596,-0.00015240878386851923,0.00043407370455011144,0.0014181651596423502,0.00010577452702069657,0.01538134573054499,-0.002962048873305321,0.010846931338310243,0,0,True,-0.05472206229512121,0.00087792408407611
135.78,11.63322925567627,0.011135563254356384,3.1377841604452907,-0.0004220175555293547,0.0005294038466858698,0.0015524906262946944,-0.0007243310066769229,0.013810635539338006,0.00020580854266881945,0.004090541824698449,0,0,True,-0.03148152689994791,-0.0636456932252865
135.8,11.633193969726562,0.010920878499746323,3.137739527435652,1.996794850408044e-05,0.0002739108174394058,0.0009814767611531687,-0.0010260008841572292,0.011023184982798471,-0.0011649364512413742,0.0035777106508612638,0,0,True,0.006752467708515276,-0.0313476269625548
135.82,11.633173942565918,0.010997231118381023,3.138166853784914,6.293186784945066e-06,0.0002402433710692855,0.002124653842228778,0.0026869422693949195,0.007895276706236675,0.0012651363713666799,0.005394762419164182,0,0,True,-0.0010513006237241797,-0.012153907609698615
135.84,11.633171081542969,0.01111750490963459,3.138338170914584,-0.00026284932758257386,0.00046061083177709205,0.0019583625763236567,-0.0010200891319997127,0.012873535573540214,-0.004962616711854935,0.006089852750301362,0,0,True,0.01612952459377508,0.05365551682831687
135.86,11.633058547973633,0.010921191424131393,3.1384157825817898,4.6084360464061684e-05,0.000218668931232743,0.0014683865763967469,-0.000662572893663355,0.012838322930561965,-0.004629326164722443,0.014755560308694841,0,0,True,-0.012762369600500088,0.09375359980402528
135.88,11.633037567138672,0.011002995073795319,3.138769410281535,-5.756154642962663e-05,0.00031972690212857453,0.0022718387286549185,0.0017950144617433271,0.015315626329062967,0.0018263119831681254,0.006247570291161538,0,0,True,-0.004776490915549922,0.02636640809788814
135.9,11.633056640625,0.01105060987174511,3.139193919619359,-8.915151657039495e-05,0.00042883901070757456,0.0011036642741886111,-0.002891375975353224,0.01539556469055987,-0.003906806576997042,0.0068481965735554704,0,0,True,0.025046823941239242,0.009340478263125342
135.92,11.632988929748535,0.010974417440593243,3.1395634210209087,0.00014733229580589908,0.00010403012250302441,0.001576243303079739,-0.0013194335503910076,0.014982848221370845,-0.003224147949367762,0.008671565763652326,0,0,True,0.018593388684186647,-0.019506809874537442
135.94,11.632970809936523,0.011152712628245354,3.1396474277570343,1.0975390995128851e-05,0.0002727705535830391,0.003472132491695488,-0.00161194581450757,0.013585561191611844,0.0033746537566185,0.0067025693878531465,0,0,True,0.03349187381488436,-0.00296093478305193
135.96,11.632911682128906,0.011108805425465107,3.1399680381392447,3.84028047714978e-05,0.000326545630893656,0.003759309823390083,-0.0025927632774974296,0.013755081539099727,-0.005045115053653718,0.00874916423112154,0,0,True,0.06257766094811919,-0.005509382982746547
135.98,11.632779121398926,0.011180105619132519,3.1402807645146877,2.6207053338265714e-05,0.00013499622761229852,0.0037830141793788264,-0.0031073102771581942,0.015158689907915763,-0.003010101802647114,0.04360599011182786,0,0,True,0.009205585171494536,-0.0059288068790410275
136.0,11.632688522338867,0.011182326823472977,3.140663827544037,0.0001201310246112214,0.0001347268675795404,0.006582456178930056,-0.002261517790463794,0.014542097582751053,0.0016092600021511319,0.010230056196451188,0,0,True,-0.019271720627182874,-0.06779449133104422
136.02,11.632668495178223,0.011401694267988205,3.1408601229496678,-0.00017985813809156626,0.00038132167319215616,0.004208579305415166,-0.0006692623162257279,0.013111256641288488,-0.0008037174842320384,0.0054749464243650445,0,0,True,-0.026731105183358535,-0.11649250981009977
136.04,11.63238525390625,0.011290215887129307,3.1411314059458646,5.162934624125182e-05,-0.00017771186659331197,0.0022175721732157596,-0.0006052100028888273,0.008331522232617268,-0.0006073312088847161,0.007545550912618638,0,0,True,-0.11387353890526311,-0.15161715346602767
136.06,11.632442474365234,0.011233893223106861,3.141329665045991,0.00016533749329040152,2.4703499609307068e-05,0.0016445257647098096,0.002138830687437909,0.005839289123106324,0.0010755012277513744,0.008299151584506035,0,0,True,-0.08315299262965538,-0.18598687756702006
136.08,11.632511138916016,0.011230825446546078,3.1413303493226463,0.00021624748488335103,0.00014606534824596824,-0.0025274269334924176,0.0007239991653530841,0.0024127253054669453,-0.0019216567836701872,0.0018024003878235819,0,0,True,-0.05945666851655455,-0.1357851068932124
136.1,11.632536888122559,0.011230622418224812,3.141327266079516,0.00020812656916141555,0.00016422657360194617,-0.002443660104955941,-0.0004914206063950187,-0.0017676935640701572,-0.0034667826071381573,0.00195174602791667,0,0,True,-0.07344800688389404,-0.13841482034499383
136.12,11.632587432861328,0.011232242919504642,3.141324423970302,0.0002503435061816119,0.00022785320329784183,-0.002538961308109348,-0.000733142972862031,-0.002531286318841423,-0.003592020813375712,0.00041356236673891546,0,0,True,-0.02055739300465751,-0.058761405473824364
136.14,11.632637977600098,0.011273154988884926,3.1411882495608654,0.00022351069540989471,0.00025397013594617495,-0.004231314786000545,-0.001521594802298952,-0.005233896504490979,-0.002471085507422686,0.00036369528272189205,0,0,True,-0.05185201869360451,-0.006661320900356931
136.16,11.63271427154541,0.011289422400295734,3.141127846417139,0.00031868321082627083,7.6270698632507e-05,-0.004172018373864691,-0.0006609431091897953,-0.002288187132438069,-0.0027301031909883026,-0.0003822413738816977,0,0,True,-0.05886225349290294,0.03323063891621947
136.18,11.632875442504883,0.011352213099598885,3.140908554359157,0.00020127951658180547,0.00012880881432988364,-0.00659182160044495,-0.0006631409396738294,-0.002300599236098795,-0.008522465899586678,-0.003411834910511971,0,0,True,-0.047844990481923,0.09288770923534544
136.2,11.63292121887207,0.011284963227808475,3.141141368999707,0.0002946648338547834,-0.0002730225753690291,-0.007247941587540646,3.555362921238428e-05,0.00012716479445560547,-0.008522465899586678,-0.003411834910511971,0,0,True,-0.0530524227718668,0.032290534511050864
136.22,11.63316535949707,0.011325845494866371,3.1410042016219775,0.00018618342452401878,-5.5705803437759705e-05,-0.008058914024554983,0.0006196863269640803,0.002197120234337817,-0.008436840400099755,-0.008690031431615354,0,0,True,-0.025340520147448732,0.04864952979487455
136.24,11.633294105529785,0.011286316439509392,3.1411380196006955,0.00016556236309752854,-0.00017516251680961385,-0.008416212195614699,7.804860791510971e-05,0.0002950556284464039,-0.015454514995217324,-0.011473194733262063,0,0,True,-0.04544678175714511,-0.013738662338128059
136.26,11.633520126342773,0.01130225881934166,3.141084323977904,-8.308004749814849e-05,0.00015280954037994544,-0.008619063212240445,0.0004533754206626538,0.0015913631474903944,0.041745000630617146,-0.010318158492445946,0,0,True,-0.006114221402452717,0.04120017215410677
136.28,11.633594512939453,0.011278413236141205,3.1411649734499827,0.00019411011536301216,-0.00017358057482961414,-0.010883684128112824,-0.0002922820977762334,-0.000971928192594811,-0.013986576795578005,-0.014358243346214297,0,0,True,-0.026074598776605794,-0.015915722971285972
136.3,11.633854866027832,0.011289224959909916,3.1411315106737767,0.0002607199383429731,-0.00020349936727510779,-0.008548051736751277,0.0016150461790045265,0.005493134006666874,0.024686481915414334,-0.009005691297352314,0,0,True,0.0007479285583060059,-0.01885505872877764
136.32,11.634164810180664,0.011309326626360416,3.141060265345288,2.864775156291957e-05,2.7375263805961344e-05,-0.010502180097742748,-0.00030015696831806635,-0.0009782022092562207,0.024686481915414334,-0.009005691297352314,0,0,True,0.054986191146237706,-0.004732627704653635
136.34,11.634203910827637,0.011172739788889885,3.1415237746984372,0.00019772324728639014,-0.0003593876733569565,-0.008559228927575956,2.783907145725419e-05,8.295844918794743e-05,-0.016837365925312042,-0.01612811602652073,0,0,True,-0.002066686242344745,-0.14497174113673458
136.36,11.634434700012207,0.0113019784912467,3.141086717273242,0.00036795324479621587,-6.556302448041219e-05,-0.006484788836413119,-0.0003900592051973148,-0.001350538408967161,-0.007626933678984643,-0.006809881329536438,0,0,True,0.04469937895475604,0.024003307887082173
136.38,11.634539604187012,0.011286950670182705,3.1411381473497118,0.00044862151302066063,-0.0001259366311575816,-0.008713386636138824,-0.0017894804718147717,-0.006104605284269586,-0.00814665336161852,-0.011553579792380335,0,0,True,0.04409874006220682,0.05151967623795622
136.4,11.634683609008789,0.011340268887579441,3.1409522222725705,0.00011303266340538241,-0.00016464934680907736,-0.006926229781361705,0.00026331952004351046,0.0009420624217106531,-0.006912927851080895,-0.008181418739259243,0,0,True,0.02920277412395804,0.18571148181604563
136.42,11.63490104675293,0.011315581388771534,3.1410354062756958,-0.0002327103055593345,-3.347602446902221e-05,-0.005031329722600112,0.0012506519109925067,0.004204532548223625,-0.008720249757170678,-0.009229583740234375,0,0,True,0.10027452634912128,0.27409103123243095
136.44,11.634988784790039,0.011280558072030544,3.141162082266979,-0.00042929001346263073,8.021811608638918e-05,-0.004148566906496941,0.0001933374849502221,0.013506380136313533,-0.010277381837368012,-0.006222562678158284,0,0,True,0.09612590000912469,0.23554127796668572
136.46,11.634942054748535,0.011186674237251282,3.1414745099535697,-0.00013201052787782522,-0.0003419049684251656,-0.0006914245282078676,9.009362150814274e-05,0.01582267721432832,-0.008931940495967865,0.0022842979431152346,0,0,True,0.06811382035545312,0.19582830491769324
136.48,11.635015487670898,0.011324658989906311,-3.1411525744961106,-0.0002806010043776668,-0.00023482172806100994,0.0007638422193667402,0.0020512046980742586,0.019785364659041762,-0.0036487538740038877,0.006219772696495057,0,0,True,0.06750908335794346,0.045800127207130746
136.5,11.634956359863281,0.011308367364108562,-3.1408840867267442,-0.00032570384449429404,-0.00023960943563244787,0.0004177759058369891,0.0007667414427929546,0.01987079694164153,-0.0018508024886250498,0.0029272287338972095,0,0,True,0.02238127846853479,0.038513935601868755
136.52,11.634927749633789,0.011116434819996357,-3.140440395739884,-2.9440340161632958e-05,-0.00021951013846251954,0.0012521597621393801,0.0004004231461710263,0.017170390312884566,6.965540349483491e-05,0.0068001321703195575,0,0,True,0.0005978397990074982,-0.01033375479882829
136.54,11.634908676147461,0.011125311255455017,-3.140121133470686,6.903547053290536e-05,-0.00019630875168795834,0.0010990777492745592,0.0015977330312603312,0.018903792062477207,-0.006504233479499817,0.009729930013418198,0,0,True,-0.0038362840224549274,-0.02154351360075291
136.56,11.634915351867676,0.011292509734630585,-3.1397789432710796,-0.0001592069560333662,-6.855615283515489e-06,0.0008116694032873475,0.0005761117929198597,0.01895866427513537,-0.0054115067422389985,0.007769610509276391,0,0,True,-0.009076441954942964,0.017411402110659075
136.58,11.634868621826172,0.011180419474840164,-3.139371783361746,6.531454664722037e-05,-0.00020154291977416905,0.00011087318404054692,0.0016140308057736735,0.01814731585358103,-0.0016361634805798532,0.004749662280082703,0,0,True,-0.0039713257097756405,0.01183958643417978
136.6,11.634862899780273,0.011070228181779385,-3.1389237025978733,0.0002265639597231263,-0.00023010134794694513,0.0005260444057440875,0.005036661628786402,0.018563302481737015,-0.0036610645800828935,0.008801526650786401,0,0,True,0.01676366031366692,-0.029320525215761308
136.62,11.634900093078613,0.010996169410645962,-3.1386693482023995,0.00029319309621809905,-0.00018580444404589673,0.0007813716924924583,0.0022262405502453822,0.019850958977211737,-0.0026803954131901266,0.002617354579269886,0,0,True,0.04559546839960899,-0.030723765288635404
136.64,11.63487434387207,0.010889465920627117,-3.138293879072541,0.00038377806186599284,-8.145275814896191e-05,0.0021527622283804343,0.0021169425252096415,0.01661302225787493,0.0013830356858670714,0.0017660967260599138,0,0,True,0.04969087582974694,-0.14173340179436314
136.66,11.634806632995605,0.011002138257026672,-3.137783706643569,0.00013315041676397615,-0.0001222082133583243,0.0037585106560085405,0.0008902142921025811,0.015689414630490686,0.0009593888907693328,0.0061540851742029196,0,0,True,0.04103495959604771,-0.2751844645417944
136.68,11.63469123840332,0.010900305584073067,-3.137594660817243,0.00022750932528460812,-0.00011737742784985744,0.004501314472124464,-0.0012087715960808084,0.007224630338186192,0.005274011418223382,0.006910269036889077,0,0,True,0.010598573307600532,-0.27808685698031044
136.7,11.634599685668945,0.010923807509243488,-3.1374141950319605,6.137403155113237e-05,-4.704674120736532e-05,0.0040641684601756215,0.0026366585191418676,-0.002163798186127436,0.005274011418223382,0.006910269036889077,0,0,True,-0.03189635596039988,-0.3193328570800767
136.72,11.634513854980469,0.010984727181494236,-3.137715908645486,-0.00016550240922381463,-0.0001436830119304965,0.0030006480929886093,-0.0008895506277343721,-0.005633926300553382,0.01056916505098343,0.008375369794666769,0,0,True,-0.05161909326970714,-0.205575980646031
136.74,11.634482383728027,0.010789848864078522,-3.1379568104984594,0.00022224336958447813,-0.00010722298897827477,0.001206802179176151,0.000764715144465854,-0.009857213935919444,0.009696888327598572,0.008004991449415685,0,0,True,-0.02038297020443663,-0.10391222110711656
136.76,11.634450912475586,0.01097053848206997,-3.1380453749212873,5.6497316993064696e-05,-0.0001480443079214277,0.0003717870105487136,0.000630308106376118,-0.009221448113493015,0.006911404430866242,0.0024420989304780962,0,0,True,-0.008204042220476012,-0.06950186343552588
136.78,11.634503364562988,0.010862279683351517,-3.138202772146834,0.00017261005155331879,-8.805953407287308e-05,0.002433530843820436,-0.003030664646700736,-0.010476775874698061,0.00607278872281313,0.003887609709054232,0,0,True,0.0033263293121289245,0.04081920629103907
136.8,11.63448429107666,0.010934197343885899,-3.1384536244945656,6.675064308920931e-05,5.159117490032733e-05,0.0023443247153504257,-0.0013092728104488636,-0.011194075375396321,0.004707917384803296,0.000933786053210497,0,0,True,-0.017792410133685037,0.07314734643780843
136.82,11.634286880493164,0.011031640693545341,-3.138794952568435,0.0001426934242551467,-0.00010619614098635804,0.001472908524146412,-0.0018917094667968274,-0.0065916774326369686,0.0049725609272718435,0.005889657810330392,0,0,True,-0.11055229031038605,0.17359235599540618
136.84,11.634263038635254,0.011074691079556942,-3.138940900951319,7.834437803152638e-05,-0.00015968926059476438,-0.0010516058001463118,-0.0009655341634209787,-0.0033696603984674266,0.009777376651763916,0.00847924817353487,0,0,True,-0.14151067197539885,0.14037888220707398
136.86,11.634385108947754,0.01101328618824482,-3.1387301063414452,0.00023466853776813,-9.243650408189467e-05,-0.006410652381011829,0.0009899105358586755,0.0034106126049366025,0.0022874563932418824,0.0013146597519516946,0,0,True,-0.10317224169369686,0.11165004292515758
136.88,11.634568214416504,0.011011662892997265,-3.138723197326443,0.00023372202407190005,4.850464033876309e-05,-0.00897652904267923,-1.1355529210467263e-05,3.6235201167363334e-05,-0.0021898648608475926,-0.0031796165928244594,0,0,True,-0.05105468876604969,0.07457847058698212
136.9,11.63479995727539,0.010953916236758232,-3.13852210356004,0.00026858399082069565,0.00023061126333606886,-0.006780870811350627,0.000706626962371393,0.002340326001377035,-0.003458068706095219,-0.004071934949606657,0,0,True,0.054505149981658,-0.038974138499084744
136.92,11.634981155395508,0.011077660135924816,-3.138938002135226,-0.00024323594933736852,0.00035625405768741677,-0.0051359809014294745,0.0007374141603606623,0.0025966172484899568,-0.004549752362072468,-0.00489878848195076,0,0,True,0.11971916410993359,0.0687711748331493
136.94,11.634927749633789,0.010958421975374222,-3.138542880261335,0.00014636428766748059,-4.8065727332871416e-05,-0.002050240382480056,5.5391923688815165e-05,0.0002926815250104436,-0.004677294343709946,-0.0054301627725362785,0,0,True,0.10709109303639358,-0.05077743922923685
136.96,11.634979248046875,0.010953760705888271,-3.1385154679465637,0.0001913577121426284,-1.7917793568435663e-05,0.0006010040861169551,0.0016101728280576483,0.005537929187820167,-0.007197380810976029,0.006918188631534577,0,0,True,0.10829213114351251,-0.04879952683257026
136.98,11.634963989257812,0.01094998512417078,-3.1384986890380393,2.2811379925479795e-05,-0.00012506978070752823,0.0017864166315591555,-0.0005595619372548618,-0.0017218691369611046,-0.0029000676795840267,-0.0019571083784103395,0,0,True,0.08255069074923851,-0.004038071449372109
137.0,11.634933471679688,0.010948698967695236,-3.1384949678002,-2.105694134764466e-05,-0.0001370662967219516,0.003527389590052881,-0.00039458695490458763,-0.001307344898116274,0.003186122812330723,0.0042201318964362146,0,0,True,0.061918480250941134,-0.07980425344979508
137.02,11.634784698486328,0.011002744548022747,-3.138680629792292,-7.880121024716806e-05,-0.00021553228679096944,0.004553814877460058,2.4337981294657044e-07,-3.0364190939375614e-05,0.004387534186244012,0.004774550460278988,0,0,True,0.03132391295873309,0.03146783342809136
137.04,11.634696960449219,0.010984453372657299,-3.138620055538413,-4.129263824522027e-05,-8.974175557577555e-05,0.00555448250619126,-0.00023377816755425302,-0.0008464110881621699,0.0032903767004609113,0.004154941141605377,0,0,True,0.005540757254210824,0.028940776989197035
137.06,11.634599685668945,0.010948904789984226,-3.1385011181733145,0.00017358744424674616,-2.5681577715628185e-05,0.0042923296682581945,0.00025059829795947316,0.0007955575372865981,0.008942107409238816,0.007064977288246155,0,0,True,-0.03187459327028113,0.018249177866296228
137.08,11.634489059448242,0.010966080240905285,-3.138562680687253,0.00017334574645495136,-9.063520201059556e-05,0.003970650170389816,0.00031769363032699315,0.0010079172610198506,0.008838639482855798,0.006774934455752373,0,0,True,-0.07238240685974931,0.04362235532372004
137.1,11.634441375732422,0.010981635190546513,-3.138616985189309,-0.00011402860024417647,-4.5321193034149336e-05,0.0020038474158380754,0.00037721992522341035,0.0014295700383640322,0.006923224888741971,0.005244364179670811,0,0,True,-0.08623911439422773,0.04273852289814024
137.12,11.634379386901855,0.010958075523376465,-3.1385394221575313,0.00016168302507620669,-3.330991068379237e-05,-0.0002361100425895904,0.0007564577681184606,0.0026433773377359786,0.004113622345030308,0.005179549716413021,0,0,True,-0.10194196249339761,-0.016578309473965668
137.14,11.634439468383789,0.010918250307440758,-3.1383867525702454,0.000247096952823201,3.715481167739765e-05,-0.0026067994832786514,0.001215683393679148,0.004214639369137137,0.006703402809798718,-0.0052797960862517365,0,0,True,-0.10661136621370391,-0.07476288520607795
137.16,11.63450813293457,0.010905621573328972,-3.1383512105002342,0.00024392319637986924,0.0001189506936622568,-0.004184706829080369,-0.0001353663670772636,-0.00031834749689713896,0.0010211199894547462,-0.00037479579448699955,0,0,True,-0.08881139948450911,-0.08615594102556896
137.18,11.634650230407715,0.01088504958897829,-3.138279814039778,0.00018804309193076098,0.00028595539045832855,-0.006525061881259572,-0.001291322642102973,-0.004551460778123139,0.000271257720887661,0.08030745960772039,0,0,True,-0.08575400564317459,-0.0843483654175263
137.2,11.634714126586914,0.01096998993307352,-3.138564889957283,-0.00013544601610907867,6.390729667872527e-05,-0.007341022001348905,0.0007609204748797048,-0.0042490979443081675,-0.006309370249509812,0.04905523918569089,0,0,True,-0.10952623350196893,-0.008845661993157877
137.22,11.634961128234863,0.011023284867405891,-3.1387508694324953,-0.0004524183826384417,0.00020736925389099398,-0.009467119934733691,-0.0006559681682492229,-0.002533229864266022,-0.0022564429789781572,-0.004207066651433707,0,0,True,-0.08054281242714506,0.07881261852367763
137.24,11.635095596313477,0.010846526362001896,-3.138691138335779,1.528927315570724e-05,-0.0003540014131935225,-0.012946805509239252,-0.00021442820727232253,-0.0010260004563498798,-0.009059528633952142,-0.009032792896032335,0,0,True,-0.08382056761207951,0.08452377167503104
137.26,11.635407447814941,0.010939679108560085,-3.1384824724289193,-9.684779295169055e-05,-0.0003515443610412559,-0.012968486875429895,0.0004972551802054324,0.0017535487037698173,-0.012851497307419779,-0.009726480022072792,0,0,True,-0.00093804100110393,0.031210956040613018
137.28,11.635749816894531,0.010990149341523647,-3.138646969993791,-3.158769231122018e-05,7.954468429116908e-05,-0.014046667410316314,-0.001273784080621944,0.002512803789695373,-0.017454794943332675,-0.016380952671170235,0,0,True,0.13293973798350978,0.028971356035718664
137.3,11.635998725891113,0.010986731387674809,-3.1386105855361937,-0.00016039675210978161,0.0001577341364878113,-0.009542163214822017,0.002194220816881523,-3.6353381016590446e-05,-0.011551143154501916,-0.01568339206278324,0,0,True,0.21431548277982646,0.028656623859433364
137.32,11.636219024658203,0.010951738804578781,-3.1384901140326034,-0.0002706858491098775,0.00018340169291194682,-0.002311626470560585,0.00033678022262917514,0.0012917080265071525,-0.009659019261598588,-0.010657638683915139,0,0,True,0.3021105332334469,-0.01425843997940994
137.34,11.636171340942383,0.010766418650746346,-3.1384853806994006,0.00045752956166485783,0.00022751037452072142,0.004176751746958901,0.0014181104691234128,0.004046078612524845,-0.008616809472441674,-0.008277158997952939,0,0,True,0.2600273995120328,0.02936550928229795
137.36,11.635934829711914,0.01096378080546856,-3.1385436333516705,0.00011249416912735041,0.0001908928343470197,0.010122175248363218,0.0004130890805650475,0.0013721285913423995,0.002838946506381035,0.0031369136273860935,0,0,True,0.1567891317234004,0.027433945736864102
137.38,11.635664939880371,0.010872244834899902,-3.1382868992471917,0.00023541707555520491,0.00029397179990388095,0.011260028746136465,-0.0016064868541386967,0.0023128873615667783,0.008200196549296379,0.016164696365594866,0,0,True,0.030784745942234227,-0.04829414106672429
137.4,11.635409355163574,0.01091622281819582,-3.138380343745296,-0.00011480585436187448,0.0002950643781656054,0.010231504067313407,0.0010255052016669138,0.003486423685456624,0.01331947833299637,0.013997431099414826,0,0,True,-0.09641137194157141,-0.0023987554260922125
137.42,11.635270118713379,0.010891959071159363,-3.1383003497104753,-0.00015771162908184827,0.000439358996547502,0.006639531422337149,-0.00014032430756529495,0.00018254732718767019,0.015609042793512346,0.013627129420638085,0,0,True,-0.14208924736620454,-0.02713530800412157
137.44,11.635116577148438,0.010879111476242542,-3.138264719456834,-9.374308683265288e-05,-9.094122691559631e-05,0.0024092654930390396,0.00036794745730431587,0.0011802281572550607,0.007966240979731084,-0.0016446200013160708,0,0,True,-0.16023331529486365,-0.04722406842476796
137.46,11.635133743286133,0.01088172197341919,-3.1382722954610167,-0.0002560696716474415,-0.000101109430199414,-0.00010711104316167634,5.358102686781651e-05,0.00014206272123671316,0.009354782700538637,0.009560924768447877,0,0,True,-0.12189036345025202,-0.00617194531288224
137.48,11.63521671295166,0.010886145755648613,-3.1382859254927156,-6.361122992295865e-05,-7.630348057878284e-05,-0.0025871611562731348,-9.236592458026817e-05,-0.0002915017885240611,-0.0010985888540744782,-0.000770338997244835,0,0,True,-0.04769825612471306,-0.013791712316219938
137.5,11.635278701782227,0.01088770106434822,-3.1382889846927764,-0.00013007301988991496,-8.312418923240192e-05,-0.003111697653684537,-9.6322035781143e-05,-0.00031120829784298616,-0.0029844633862376214,-0.003367938660085202,0,0,True,-0.0074538628452414215,-0.002986194549067916
137.52,11.635323524475098,0.010887185111641884,-3.138288039599916,-0.00024121623024155246,-0.00010248214761105307,-0.0014065949969386017,2.490464702782119e-05,7.689117195729308e-05,-0.002227419372648001,-0.0025289434008300307,0,0,True,0.03129434663834031,0.0022308926632396355
137.54,11.635382652282715,0.010890250094234943,-3.138297192124844,-4.2277764237051486e-05,-7.490432577902213e-05,-0.0007034200707808715,-2.4713682383045644e-05,-9.683284268867261e-05,-0.0015393406338989736,-0.001859240559861064,0,0,True,0.046942307604484354,0.004052899687384651
137.56,11.635329246520996,0.010884525254368782,-3.138279774198959,-0.00010151443393112963,-0.00013889757698357178,-8.361342520551862e-05,-5.024752472373546e-05,-0.00011303037546486233,-0.0013691279571503403,-0.001892755934968591,0,0,True,0.01728097159950051,-0.0035198946046765592
137.58,11.635334968566895,0.010889863595366478,-3.1382967313201915,-1.316876335097523e-05,-6.882969063478095e-05,0.0006436869546747982,-1.4170601104848336e-05,1.302367714783666e-05,0.0020874511636793614,0.0020724399853497746,0,0,True,0.009388098523834586,0.0013012057709784338
137.6,11.635330200195312,0.010891227051615715,-3.138297082029953,3.0945042669299344e-06,-5.3867739256588776e-05,-2.411726897883599e-05,-8.3530457697292e-05,-0.00020470039641677561,0.0008878238825127484,2.3635243996977807e-05,0,0,True,0.0008961637286287572,0.0015584733309431797
137.62,11.635331153869629,0.01089121401309967,-3.1382961502306723,7.715465063213668e-06,-4.925084014360287e-05,4.762781112601272e-05,-1.703731919154374e-05,7.263618989618361e-06,0.0006752744759432973,0.00025125171523541215,0,0,True,-0.008046086933436577,-0.00016279596434799065
137.64,11.635331153869629,0.01089121401309967,-3.1382961502306723,7.715465063213668e-06,-4.925084014360287e-05,-1.1920326915232306e-05,2.0227787617472975e-07,1.1647491010567233e-05,0.0003783237928291783,-1.3793853577226402e-06,0,0,True,0.00030146586223540276,0.0025587549552092952
137.66,11.635331153869629,0.01089121401309967,-3.1382961502306723,7.715465063213668e-06,-4.925084014360287e-05,-0.0,0.0,0.0,0.00011412516934797169,-0.00025757863069884483,0,0,True,-0.0005953476390752775,-9.079523737024758e-05
137.68,11.635331153869629,0.01089121401309967,-3.1382961502306723,7.715465063213668e-06,-4.925084014360287e-05,-0.0,0.0,0.0,0.00011412516934797169,-0.00025757863069884483,0,0,True,0.00014900408644038054,-0.00014559363763206766
137.7,11.635331153869629,0.01089121401309967,-3.1382961502306723,7.715465063213668e-06,-4.925084014360287e-05,-0.0,0.0,0.0,0.00011412516934797169,-0.00025757863069884483,0,0,True,0.0,0.0
137.72,11.635331153869629,0.01089121401309967,-3.1382961502306723,7.715465063213668e-06,-4.925084014360287e-05,-0.0,0.0,0.0,0.00011412516934797169,-0.00025757863069884483,0,0,True,0.0,0.0
137.74,11.635331153869629,0.01089121401309967,-3.1382961502306723,7.715465063213668e-06,-4.925084014360287e-05,-0.0,0.0,0.0,0.00011412516934797169,-0.00025757863069884483,0,0,True,0.0,0.0
137.76,11.635331153869629,0.01089121401309967,-3.1382961502306723,7.715465063213668e-06,-4.925084014360287e-05,-0.0,0.0,0.0,0.00011412516934797169,-0.00025757863069884483,0,0,True,0.0,0.0
137.78,11.635331153869629,0.01089121401309967,-3.1382961502306723,7.715465063213668e-06,-4.925084014360287e-05,-0.0,0.0,0.0,0.00011412516934797169,-0.00025757863069884483,0,0,True,0.0,0.0
137.8,11.635331153869629,0.01089121401309967,-3.1382961502306723,7.715465063213668e-06,-4.925084014360287e-05,-0.0,0.0,0.0,0.00011412516934797169,-0.00025757863069884483,0,0,True,0.0,0.0
137.82,11.635331153869629,0.01089121401309967,-3.1382961502306723,7.715465063213668e-06,-4.925084014360287e-05,-0.0,0.0,0.0,0.00011412516934797169,-0.00025757863069884483,0,0,True,0.0,0.0
137.84,11.635331153869629,0.01089121401309967,-3.1382961502306723,7.715465063213668e-06,-4.925084014360287e-05,-0.0,0.0,0.0,0.00011412516934797169,-0.00025757863069884483,0,0,True,0.0,0.0
137.86,11.635331153869629,0.01089121401309967,-3.1382961502306723,7.715465063213668e-06,-4.925084014360287e-05,-0.0,0.0,0.0,0.00011412516934797169,-0.00025757863069884483,0,0,True,0.0,0.0
137.88,11.635331153869629,0.01089121401309967,-3.1382961502306723,7.715465063213668e-06,-4.925084014360287e-05,-0.0,0.0,0.0,0.00011412516934797169,-0.00025757863069884483,0,0,True,0.0,0.0
137.9,11.635331153869629,0.01089121401309967,-3.1382961502306723,7.715465063213668e-06,-4.925084014360287e-05,-0.0,0.0,0.0,0.00011412516934797169,-0.00025757863069884483,0,0,True,0.0,0.0
137.92,11.635331153869629,0.01089121401309967,-3.1382961502306723,7.715465063213668e-06,-4.925084014360287e-05,-0.0,0.0,0.0,0.00011412516934797169,-0.00025757863069884483,0,0,True,0.0,0.0
137.94,11.635331153869629,0.01089121401309967,-3.1382961502306723,7.715465063213668e-06,-4.925084014360287e-05,-0.0,0.0,0.0,0.00011412516934797169,-0.00025757863069884483,0,0,True,0.0,0.0
137.96,11.635331153869629,0.01089121401309967,-3.1382961502306723,7.715465063213668e-06,-4.925084014360287e-05,-0.0,0.0,0.0,0.00011412516934797169,-0.00025757863069884483,0,0,True,0.0,0.0
137.98,11.635331153869629,0.01089121401309967,-3.1382961502306723,7.715465063213668e-06,-4.925084014360287e-05,-0.0,0.0,0.0,0.00011412516934797169,-0.00025757863069884483,0,0,True,0.0,0.0
138.0,11.635331153869629,0.01089121401309967,-3.1382961502306723,7.715465063213668e-06,-4.925084014360287e-05,-0.0,0.0,0.0,0.00011412516934797169,-0.00025757863069884483,0,0,True,0.0,0.0
138.02,11.635331153869629,0.01089121401309967,-3.1382961502306723,7.715465063213668e-06,-4.925084014360287e-05,-0.0,0.0,0.0,0.00011412516934797169,-0.00025757863069884483,0,0,True,0.0,0.0
138.04,11.635331153869629,0.01089121401309967,-3.1382961502306723,7.715465063213668e-06,-4.925084014360287e-05,-0.0,0.0,0.0,0.00011412516934797169,-0.00025757863069884483,0,0,True,0.0,0.0
138.06,11.635331153869629,0.01089121401309967,-3.1382961502306723,7.715465063213668e-06,-4.925084014360287e-05,-0.0,0.0,0.0,0.00011412516934797169,-0.00025757863069884483,0,0,True,0.0,0.0
138.08,11.635331153869629,0.01089121401309967,-3.1382961502306723,7.715465063213668e-06,-4.925084014360287e-05,-0.0,0.0,0.0,0.00011412516934797169,-0.00025757863069884483,0,0,True,0.0,0.0
138.1,11.635331153869629,0.01089121401309967,-3.1382961502306723,7.715465063213668e-06,-4.925084014360287e-05,-0.0,0.0,0.0,0.00011412516934797169,-0.00025757863069884483,0,0,True,0.0,0.0
138.12,11.635331153869629,0.01089121401309967,-3.1382961502306723,7.715465063213668e-06,-4.925084014360287e-05,-0.0,0.0,0.0,0.00011412516934797169,-0.00025757863069884483,0,0,True,0.0,0.0
138.14,11.635331153869629,0.01089121401309967,-3.1382961502306723,7.715465063213668e-06,-4.925084014360287e-05,-0.0,0.0,0.0,0.00011412516934797169,-0.00025757863069884483,0,0,True,0.0,0.0
138.16,11.635331153869629,0.01089121401309967,-3.1382961502306723,7.715465063213668e-06,-4.925084014360287e-05,-0.0,0.0,0.0,0.00011412516934797169,-0.00025757863069884483,0,0,True,0.0,0.0
138.18,11.635331153869629,0.01089121401309967,-3.1382961502306723,7.715465063213668e-06,-4.925084014360287e-05,-0.0,0.0,0.0,0.00011412516934797169,-0.00025757863069884483,0,0,True,0.0,0.0
138.2,11.635331153869629,0.01089121401309967,-3.1382961502306723,7.715465063213668e-06,-4.925084014360287e-05,-0.0,0.0,0.0,0.00011412516934797169,-0.00025757863069884483,0,0,True,0.0,0.0
138.22,11.635331153869629,0.01089121401309967,-3.1382961502306723,7.715465063213668e-06,-4.925084014360287e-05,-0.0,0.0,0.0,0.00011412516934797169,-0.00025757863069884483,0,0,True,0.0,0.0
138.24,11.635331153869629,0.01089121401309967,-3.1382961502306723,7.715465063213668e-06,-4.925084014360287e-05,-0.0,0.0,0.0,0.00011412516934797169,-0.00025757863069884483,0,0,True,0.0,0.0
138.26,11.635331153869629,0.01089121401309967,-3.1382961502306723,7.715465063213668e-06,-4.925084014360287e-05,-0.0,0.0,0.0,0.00011412516934797169,-0.00025757863069884483,0,0,True,0.0,0.0
138.28,11.635331153869629,0.01089121401309967,-3.1382961502306723,7.715465063213668e-06,-4.925084014360287e-05,-0.0,0.0,0.0,0.00011412516934797169,-0.00025757863069884483,0,0,True,0.0,0.0
138.3,11.635331153869629,0.01089121401309967,-3.1382961502306723,7.715465063213668e-06,-4.925084014360287e-05,-0.0,0.0,0.0,0.00011412516934797169,-0.00025757863069884483,0,0,True,0.0,0.0
