t,x,y,yaw,roll,pitch,v,lateral,w,rim_left,rim_right,cmd_v,cmd_w,publishing,a,alpha
91.46,12.026054382324219,0.015294943936169147,3.1168247281519497,0.0006690694291063491,0.0005142939174192783,0.007249356090895412,3.19865442027604e-05,0.00024872427263345463,0.0024669517762959006,0.0023224797379225496,0.3,0,True,0.21247859404786099,-0.027264607544773254
91.48,12.025867462158203,0.015300163999199867,3.1168224903377113,0.0006521043036062866,0.0005620819717000598,0.012099289681565116,-0.00031315409395306473,-0.0008049335355364733,0.005927804857492448,0.005219557620584965,0.3,0,True,0.27463377238326286,-0.029114803847680854
91.5,12.025602340698242,0.01529785618185997,3.1168630525894785,0.0006172650203349504,0.0005793655918211578,0.018597953502411592,-0.0007869777244302247,-0.0024114998000586813,0.010533978790044786,0.00959272362291813,0.3,0,True,0.3408618687864525,-0.023861292777202062
91.52,12.025187492370605,0.015339787118136883,3.116765385832086,0.0005845631625535077,0.0006194241630044015,0.025907770098783877,-0.000783455467106921,-0.0025874881822707803,0.016917695701122285,0.016746917739510536,0.3,0,True,0.3800331344750538,0.04584072346304675
91.54,12.024568557739258,0.015394672751426697,3.116631808167945,0.0005825851938196611,0.0005948826776236881,0.03451830559381588,-0.00033594289297408225,-0.0016601791495430087,0.0694902315735817,0.023470423072576525,0.3,0,True,0.4175886386785868,0.09177379869745728
91.56,12.023797035217285,0.015414273366332054,3.1166154912831296,0.0002067448007302886,0.0006277205970806186,0.04250194043956877,-0.002486424707786045,0.0028623243415071887,0.08550358831882478,0.028019427806138995,0.3,0,True,0.39789670439599134,0.011726014366026327
91.58,12.022842407226562,0.015393644571304321,3.116730238257515,0.00021584418715860616,0.0005626063767588472,0.05200504459669782,-0.001990549748216453,0.004930404095737744,0.040940218567848206,0.04065382391214371,0.3,0,True,0.35822402632022426,-0.014724100514674274
91.6,12.021793365478516,0.015623556450009346,3.1169943717794064,-0.0006629535219197756,0.000452864046575045,0.05773950645046251,-0.0005213036218339614,-0.0016494070329886941,0.051869280040264136,0.05085517555475236,0.3,0,True,0.3934270895875817,-0.11223983543271429
91.62,12.020413398742676,0.015657294541597366,3.117026240495604,-0.0009881878295394451,-0.00024573999325510086,0.06317622769943321,-0.0009739972477469435,-0.0028381071907169256,0.05896791964769364,0.05663620740175248,0.3,0,True,0.3563411607167942,-0.14473627681963536
91.64,12.019180297851562,0.015569576993584633,3.1164835387204906,-0.0009026533530709356,-3.28909670811851e-05,0.07397610760657464,0.001609822218286535,-0.006116862493109764,0.06581927806138993,0.06361775696277619,0.3,0,True,0.44500527220912023,0.011847277414446312
91.66,12.017791748046875,0.015595689415931702,3.1165031896822577,-0.0006295362958078333,0.00041903443955266064,0.08051233745404075,0.0015496898925905901,-0.006648498049832838,0.06839948773384096,0.06970338523387909,0.3,0,True,0.5511793041426163,0.05263437346386903
91.68,12.015873908996582,0.015643393620848656,3.1165050227799576,-0.0005140518880889374,-0.00020406940329804703,0.0933399282271977,-0.00021707252356516736,-0.000701624839832841,0.08565561115741731,0.07794309318065644,0.3,0,True,0.5434305216606059,0.09169027223337044
91.7,12.013971328735352,0.015694942325353622,3.1164943606516173,-0.0001867669937234818,0.00013982442820826692,0.10727057203084157,0.0006299964286225878,0.0013726426863925072,0.10376583874225617,0.09687102556228638,0.3,0,True,0.6113979404271053,0.06280090143293272
91.72,12.01171588897705,0.015774251893162727,3.116427408733304,-0.00037830392242725527,0.00013994682843531327,0.11745054933942219,0.00030954717029459946,0.0012183592855597152,0.0991005700826645,0.10135836958885194,0.3,0,True,0.615679197887185,-0.07897776797147542
91.74,12.009211540222168,0.015760667622089386,3.116613001097169,0.00034188298648901456,8.788801747471775e-05,0.12942417268820813,-0.000238362534936188,-0.0016244259351983275,0.12554910182952883,0.11603165686130525,0.3,0,True,0.5420864728520008,-0.2340131222134628
91.76,12.00648021697998,0.01585506647825241,3.1166024915228023,0.00037805555651108014,9.738938362330544e-05,0.14259426405817144,-0.0018791751077431697,-0.00701984627755074,0.13078847408294678,0.2006733137369156,0.3,0,True,0.5553755393870349,-0.25630937669310055
91.78,12.003621101379395,0.015972616150975227,3.1163644065768015,0.0007678354099404763,0.0006252337755306793,0.15063748985900072,-0.005371944062330353,-0.01734840709068412,0.13939018964767458,0.18897205710411075,0.3,0,True,0.5109431710002691,-0.20084265756629435
91.8,12.00031566619873,0.016209585592150688,3.1158658210311,0.00046839266365023344,-1.5666803283545457e-05,0.16188059249038403,-0.00418680282678501,-0.01928639084988789,0.15306379199028017,0.1528727996349335,0.3,0,True,0.3873487656935965,-0.041444934693950594
91.82,11.997175216674805,0.016494279727339745,3.1152251285299144,-0.0003777149137760743,0.000626554172664665,0.1702996263682288,-0.003980040281109192,-0.017691838540501534,0.17543309569358828,0.1586654305458069,0.3,0,True,0.4041177665553847,0.19228319424296905
91.84,11.993542671203613,0.01652303710579872,3.1150595802548113,-0.0007724816747187696,-0.0001059388854538554,0.1735821653136585,-0.0017983244546060833,-0.010335441053066717,0.17615909695625306,0.15475852370262147,0.3,0,True,0.32886614365083044,0.2595981528497853
91.86,11.990010261535645,0.01665009744465351,3.1149490594935614,-0.0008338194322062072,-0.0004004784708402674,0.1829669111834308,0.0009264924086842367,-0.0019657515512469226,0.18083054900169374,0.17981320261955264,0.3,0,True,0.3372862706698218,0.249791304634991
91.88,11.986437797546387,0.016721811145544052,3.1150389857468546,-0.0003177447428298548,-0.00019608637544786628,0.1881898839824499,0.0004730213420018406,0.0014814613780944935,0.18230912089347842,0.21957629561424258,0.3,0,True,0.4404407706393294,0.07138830785069798
91.9,11.98254108428955,0.016810132190585136,3.1150678684058146,0.00013202914592347307,-0.00030217700052239017,0.19728252802181875,0.0007027435468111168,0.0022914658303008696,0.18177189230918886,0.1843220090866089,0.3,0,True,0.4577291496152242,-0.11834213352991226
91.92,11.97849178314209,0.016884932294487953,3.115178097165059,0.0005933800265634587,-0.0001292477551751404,0.2088174269648041,-0.001247869617986906,-0.004624376425011,0.19690221190452578,0.2106940245628357,0.3,0,True,0.514201580359345,-0.21381995767317608
91.94,11.974231719970703,0.017012478783726692,3.1151323767599854,0.0008704662979716301,8.788480984913749e-05,0.21958524315264796,-0.0034681839130561156,-0.011433122233639702,0.20436085224151612,0.20807597398757938,0.3,0,True,0.5229115453450205,-0.21849898089691225
91.96,11.969740867614746,0.017262820154428482,3.1146690356328537,0.0004536259943561371,0.0002983175703296662,0.22932601041119663,0.0003152394238763222,-0.015624135235759229,0.265871080160141,0.2173014605045319,0.3,0,True,0.46596287693422545,0.014363882459020325
91.98,11.964987754821777,0.01755225844681263,3.1141532186271235,-0.0008635837103985318,-0.000130287743685804,0.2391154516494195,0.0004748442385418758,-0.015188452641451735,0.2829739081859589,0.22283581614494327,0.3,0,True,0.4360438574550262,0.1823552030218245
92.0,11.960151672363281,0.017353605479002,3.113928166346198,-0.0005491494319425193,-0.00044298989583204984,0.24609445711954134,0.0038786121900823865,-0.0034752658282893984,0.303083747625351,0.24077807426452638,0.3,0,True,0.4232397575296331,0.1872812437387236
92.02,11.955108642578125,0.01749933511018753,3.1139173005486693,-0.0004392833438145514,-0.00044140388530698906,0.2544687517490493,0.005939944988418686,0.0031552940081059472,0.252382128238678,0.24170412182807924,0.3,0,True,0.35313543431929595,0.11586615402494277
92.04,11.950052261352539,0.0174972265958786,3.1143910143665905,0.0006074134607963167,0.0001877866125762914,0.2631851910135726,-0.0010547931593169685,-0.000641635736658999,0.2559845304489136,0.2696275079250336,0.3,0,True,0.3309936216881447,-0.13496522160429084
92.06,11.944624900817871,0.017640573903918266,3.114405642147772,0.0006516548916202982,1.2552604754453473e-05,0.26736628639496257,-0.0026406000406347125,-0.00591916031945651,0.25067144155502324,0.32130464196205144,0.3,0,True,0.19095644019292693,-0.13372914882882905
92.08,11.939106941223145,0.018010612577199936,3.1138768354872655,-3.559186066849612e-05,-0.00043609193660492724,0.27257394685459235,-0.00016275323253126753,-0.014272483556632435,0.2746865856647492,0.26232288479804994,0.3,0,True,0.09965894415415459,0.014463093468142847
92.1,11.933732986450195,0.01829194463789463,3.113443767723113,-0.001006751327838644,-0.0006282715183802108,0.26974526696448314,0.0021563313129964057,-0.0075430378982001495,0.2900242614746094,0.27701597809791567,0.3,0,True,0.0754103601680075,0.13966090796429503
92.12,11.928255081176758,0.01811453327536583,3.11324921568206,-0.00038420188906788835,-0.0009450017769186376,0.27115790654590477,0.00536835648694702,0.000515411740792404,0.27537864923477173,0.2732824981212616,0.3,0,True,0.02128160191259738,0.2601768760074452
92.14,11.923048973083496,0.018075497820973396,3.113802199115916,0.0001735988607627429,0.00036865017063574256,0.27339911520840304,0.006639231180429808,0.005253712317686854,0.27188244938850403,0.2756716299057007,0.3,0,True,0.09802243278748049,0.10092322035656934
92.16,11.917410850524902,0.01819607801735401,3.113918068426529,0.0005979635921652489,0.00023099234023978788,0.2742764750076001,0.002081589412187431,0.006541666523962737,0.2572770166397095,0.278865761756897,0.3,0,True,0.045976076500028475,-0.002399672427780377
92.18,11.91185474395752,0.018368763849139214,3.113864064708528,0.00023186345292134855,0.00015042865509480027,0.2775870615874828,0.00011216175758681918,0.0005308197303266595,0.2808755540847779,0.2812549185752869,0.3,0,True,0.01534938220864831,-0.05294303282144422
92.2,11.906316757202148,0.018555231392383575,3.113772549003977,-0.0006595843381311644,-0.0003894594855708716,0.27483599266590697,0.0025743890629725515,0.00032343794656997793,0.2884389448165894,0.27455133557319644,0.3,0,True,0.03414542252619394,-0.07005887276846944
92.22,11.900850296020508,0.018682217225432396,3.113844664694342,-0.0007883640796958372,-0.0005226660279956206,0.2746270657850949,0.0027843640368571416,0.0010182696919714069,0.2822630023956299,0.2770120477676392,0.3,0,True,0.029263863871369714,-0.06329299767869881
92.24,11.895426750183105,0.018601804971694946,3.1139439434622544,5.230828540089178e-05,1.3155135029404684e-05,0.27700810880969556,-0.00010483557973816737,0.0009369567024853009,0.2753157222270966,0.2763455605506897,0.3,0,True,0.0867877462488215,-0.08197879942016889
92.26,11.889886856079102,0.018755650147795677,3.1139455262838855,0.0007427232530957793,0.0006226336346082568,0.27992817069719234,-0.0017693931474841613,-0.004532620083969137,0.2714813888072968,0.3020588076114655,0.3,0,True,0.09867964749296912,-0.0804370905180991
92.28,11.884164810180664,0.01917625032365322,3.1138475055401758,0.0002444375413290996,0.000235712317305337,0.28177901236581254,-0.0048297306898377095,-0.006234866007043393,0.28038465499877935,0.28453389883041386,0.3,0,True,0.011175427771209044,-0.014266039185945652
92.3,11.87846851348877,0.01944277249276638,3.1134820550876245,-0.00025909319506626735,-0.00019300111017097506,0.28252143758453224,-0.0005313246197365552,-0.0054166975494763835,0.2940995216369629,0.2850233125686646,0.3,0,True,-0.0067840849670036734,0.11886581745883756
92.32,11.872903823852539,0.019613394513726234,3.113445154181691,-0.0008245996077723039,-0.00042427316923297526,0.27790214303139227,0.0055542502102121066,-0.00020432643239032703,0.2927829694747925,0.2794071960449219,0.3,0,True,-0.030899076166565585,0.11652175567491795
92.34,11.867295265197754,0.01943340338766575,3.1135121904799274,-5.914441566154958e-05,-0.0005471435728648432,0.27938544389983205,0.007086167997433863,0.004976645312737666,0.28187447547912603,0.28174441576004033,0.3,0,True,-0.02545080406678986,0.09534829428392973
92.36,11.861928939819336,0.01935778371989727,3.1138311594255845,0.0006346000159155236,0.0006883617026239024,0.27930708627248735,0.006464058402884438,0.003086874446949844,0.27806414961814885,0.30585637450218206,0.3,0,True,0.04595967641448626,-0.008648519262826003
92.38,11.856110572814941,0.0195036418735981,3.1138801867126435,0.0003692580199604031,0.00027361542811239,0.2804853732591891,0.0022439420261714787,0.002211165993237832,0.31300318360328677,0.2819508790969849,0.3,0,True,-0.008214384470460643,-0.0910371036098212
92.4,11.850553512573242,0.01971670798957348,3.113692104137447,-1.75808219096073e-05,0.00022833479998485214,0.28157891714455174,0.003265340518557827,-0.0008962079734165154,0.2900925207138062,0.2933191800117493,0.3,0,True,0.013872366107387946,-0.05328456088394647
92.42,11.844860076904297,0.01987571269273758,3.1136890837593865,-0.0006400689631112334,-0.0005381877807668235,0.2787282931421952,0.0028533409223041022,-0.002306322976047875,0.2836451268196106,0.2798103594779969,0.3,0,True,-0.015566004660063136,-0.053333518807016145
92.44,11.839404106140137,0.019725073128938675,3.113759462787711,-0.00016760348898323409,-0.00021962520547115147,0.28041687556107836,0.005585080409744535,-0.0011758904237657824,0.2862203359603882,0.2876561999320984,0.3,0,True,-0.016889669056799006,-0.07088334582683621
92.46,11.83381462097168,0.01989758387207985,3.1136956808745597,0.00011663387693841154,0.00019492332633976752,0.2792400928863841,0.0028880036523402054,-0.0020555155113233686,0.2748364055156708,0.2789096546173096,0.3,0,True,0.016806210180140082,-0.07086930069009818
92.48,11.828116416931152,0.01989438571035862,3.1135980329035458,0.0005675521040924037,0.00037276600716271634,0.28022774362000785,-0.002127821587786868,-0.006566875639563292,0.2829759025573731,0.28751959800720217,0.3,0,True,-0.014827035392687603,-0.06265213104754686
92.5,11.82252311706543,0.020267877727746964,3.1135246425184806,0.00018971020888115927,0.0002964107674289782,0.2800727899566064,0.001293621826589317,-0.007975867031255609,0.2829759025573731,0.28751959800720217,0.3,0,True,0.005987311515844481,0.04287346933486955
92.52,11.816999435424805,0.020522739738225937,3.113234112736546,-0.0006935689013593052,0.00016182744843250418,0.2792307127296634,-0.0004842578146055272,-0.0061880609075694246,0.29299689292907716,0.27477761745452883,0.3,0,True,0.0008739494164765513,0.15239688465098306
92.54,11.81141471862793,0.020422939211130142,3.113057611512059,-0.00021665736645316201,-5.0134600380304396e-05,0.2797190778076517,0.0041846455824562975,0.0013743620354667323,0.28486553192138675,0.2805194878578186,0.3,0,True,0.000608352509706713,0.18620559004859227
92.56,11.805788040161133,0.020566511899232864,3.11310298803094,-0.00020319404756114978,-0.00013144635312754854,0.280297659573326,0.0006150840118179703,0.005624875132515092,0.2807384514808655,0.28345638751983643,0.3,0,True,-0.011134372490024623,0.15238304935848807
92.58,11.800145149230957,0.020571699365973473,3.113634591481318,0.0007249521872327306,0.0002335282166384064,0.28012145815738293,-0.0030311000199748778,0.006920580172631455,0.27797748208045964,0.28985793590545655,0.3,0,True,-0.02465911640424212,0.03701276711863702
92.6,11.794583320617676,0.021112313494086266,3.1136841027471474,-1.7681590438424097e-05,0.00016701136401423597,0.2783399629304614,-0.0033133168246079403,0.006002583041109361,0.2793922173976898,0.2954054927825928,0.3,0,True,-0.04457202034647512,-0.012802777922132568
92.62,11.789020538330078,0.021291783079504967,3.1136112579258697,-0.0004705248780036916,-7.85688433206214e-05,0.2777463484953124,-0.003805762610546987,0.004335383404957631,0.28163937330245975,0.2811676669120789,0.3,0,True,-0.029866360421876233,-0.06119945736509075
92.64,11.783536911010742,0.02145283855497837,3.113583194674229,-0.0005593211035655307,-0.00013234299678105697,0.27673189794560804,0.001341377867546215,0.004600652898744509,0.27425961494445805,0.28356638669967654,0.3,0,True,0.02693863792150373,-0.11576115812267188
92.66,11.777942657470703,0.02149769850075245,3.1139814221537145,0.0001406347933528986,-0.0001523461772179287,0.2777321493236329,-0.0021507578489204328,0.0020246235834243,0.27425961494445805,0.28356638669967654,0.3,0,True,0.03817469410606009,-0.15963414311635077
92.68,11.77245044708252,0.021625053137540817,3.114052154979047,0.0006609603761688049,0.0004945873998662901,0.28049505396418206,-0.003769626966470401,-0.0032583096087058366,0.2739532828330994,0.28747799158096315,0.3,0,True,0.021313908667932906,-0.11581758568308426
92.7,11.766815185546875,0.022077182307839394,3.1137732278125436,7.204204056665606e-05,0.0002513441951792806,0.2808003240237971,-0.005195976770521962,-0.008435348044350158,0.28102141857147217,0.28332407474517823,0.3,0,True,-0.008955677364275352,-0.033612042002752245
92.72,11.761114120483398,0.022372214123606682,3.1133225299055325,-0.0005650615209472766,-0.0004159328428685756,0.27843701063904264,0.00014485802230237033,-0.004664753955902034,0.28858959913253784,0.2786475574970246,0.3,0,True,-0.05433729161393568,0.10129651789210925
92.74,11.755498886108398,0.022538071498274803,3.1133065943101665,-0.0009452204572560895,-0.0009355757001785034,0.27701569513449087,0.00401894022933422,-0.0006643397767958223,0.2917953968048096,0.2781126654148102,0.3,0,True,-0.05234358105093193,0.1724062207761408
92.76,11.750184059143066,0.02224310114979744,3.113678974662575,0.00020585005935906187,-0.00014516315358706745,0.2761480706350673,0.005571790166838086,0.00484541182266273,0.2803837871551514,0.28274981260299686,0.3,0,True,0.004505789612417001,0.09747898655453474
92.78,11.744653701782227,0.022382566705346107,3.1137200806304,0.00022804646659504491,0.00048578690165463495,0.27661283753972266,0.0021584870223022032,0.005357149617740812,0.26948024153709416,0.27783180952072145,0.3,0,True,0.019564055965719668,0.04337885366724655
92.8,11.739018440246582,0.022543229162693024,3.1137101628513455,0.0005815679759456972,0.0007655510757576075,0.278797473808036,-0.0026240680131198084,0.0031335649684605784,0.28103530406951904,0.2874772906303406,0.3,0,True,0.02389072279471489,-0.03516116238888739
92.82,11.733373641967773,0.022982172667980194,3.113735166279586,-0.0002640298928872666,9.183908086652642e-05,0.2785808196117484,0.00043403609966444993,0.0028059685165838276,0.28407958269119266,0.28320261001586916,0.3,0,True,0.0006269946764288348,-0.12190629399104025
92.84,11.72789478302002,0.02307474985718727,3.1139296598600517,-0.000774929009674906,-8.723424438994396e-06,0.27805932845864445,0.001989920884560693,0.0020325188315517984,0.28379396200180057,0.2856456732749939,0.3,0,True,-0.016417926207289508,-0.17745869466450548
92.86,11.72237491607666,0.02296862192451954,3.1139445581117267,-7.381557210619136e-05,-1.611948711128429e-05,0.27666299711383696,0.003749680404459738,-0.0043953539015422,0.27984398007392886,0.2879641091823578,0.3,0,True,0.008983489199790983,-0.1977015891833644
92.88,11.716777801513672,0.022999374195933342,3.1138727643578696,0.0004976806030713933,0.00014085272779096057,0.27748403971145286,0.0016748387390785316,-0.011063130604699559,0.2772733104228974,0.3167616891860962,0.3,0,True,-0.021437893810362138,-0.16921941266061946
92.9,11.711240768432617,0.023294171318411827,3.1133835379674624,0.0003293295656856909,0.00028986602846399804,0.2792994987477318,-0.0021211474536542655,-0.013010158618087797,0.28193894624710086,0.28466397523880005,0.3,0,True,-0.009068320068393086,0.02631003403175649
92.92,11.705700874328613,0.02355608157813549,3.1130446094116757,-5.3887623627600916e-05,8.260604120877695e-05,0.2763442969538155,0.0016729826265239698,-0.01150503418129747,0.28613657236099244,0.27173410654068,0.3,0,True,0.021399392296675184,0.17227370084590313
92.94,11.700044631958008,0.023768465965986252,3.1129037454222797,-0.0007797401940212277,-0.0006987530214722072,0.27593753150836553,0.0071510029898232364,-0.0022905511790017254,0.28703782796859745,0.27321529865264893,0.3,0,True,-0.008074605433208875,0.17021333323597623
92.96,11.69467544555664,0.023496631532907486,3.112952361623366,-0.00017672002171511376,-0.0001754429341529907,0.27919599109518684,0.008720233380228013,0.002718765462972397,0.28607360363006595,0.2862385439872742,0.3,0,True,0.06692718880682781,0.13521419170694388
92.98,11.68915843963623,0.023355547338724136,3.1132002938731422,0.0004986018814839826,0.0005096463797080666,0.2786535303130751,0.008091316240883877,0.0006069080407900125,0.27247491121292117,0.2751964187622071,0.3,0,True,0.07479606724343661,-0.016112014047526397
93.0,11.683354377746582,0.02349836193025112,3.1132621106487135,0.0005426479673750527,0.00011843979076348885,0.2816984720583616,0.0024837710062892574,-0.0006878988447421887,0.27305592417716984,0.2910192441940308,0.3,0,True,-0.02996307044833644,-0.0909593663662877
93.02,11.677742958068848,0.023754267022013664,3.112952298065543,0.00016591573210945272,5.182465845922552e-05,0.28192121688784033,-0.001068614904993881,-0.0035795123028038098,0.29107275009155276,0.289153380393982,0.3,0,True,-0.03060417987461868,-0.04916294176225897
93.04,11.67214298248291,0.023936377838253975,3.1128973297157865,-0.0004873825805008386,-0.0004483300245695255,0.27679894545931955,0.0012384090572382603,-0.004557983846331756,0.29162206172943117,0.27689778447151187,0.3,0,True,-0.050332926707989355,-0.08054603894136976
93.06,11.666616439819336,0.024086859077215195,3.112913932888918,-0.0005639165181712275,-0.0005982679507875914,0.27620519592310566,0.004471740521399797,-0.003326127300190622,0.28276708602905276,0.2896859526634217,0.3,0,True,-0.06395425495630058,-0.058996254685211594
93.08,11.661216735839844,0.024034669622778893,3.112897471941007,0.0002633083421450032,0.0001368278569720056,0.27767183792172256,-0.0009194233560353617,-0.0071315819600516325,0.27807903647422794,0.28044608831405643,0.3,0,True,0.004961115878609446,-0.05085308124528004
93.1,11.655645370483398,0.024030284956097603,3.1126862078815276,0.0009050184990366531,0.00034842507101421537,0.2768048764913364,-0.0018047119278892798,-0.008299212677620637,0.2704903030395508,0.2824189054965973,0.3,0,True,-0.009777365966944854,-0.018352161802727272
93.12,11.649940490722656,0.024647241458296776,3.1123268031589824,-8.880437227842511e-05,-0.0003039666287285384,0.2771958347296083,-0.004039176380001494,-0.008626230345954073,0.28197280883789066,0.2826500105857849,0.3,0,True,-0.06762815720738549,0.08877487156486552
93.14,11.644485473632812,0.024871202185750008,3.1122499958747083,-0.0006060617500027088,-0.0003013683275434764,0.2754230066457501,-0.001304643302126346,-0.004794300244408772,0.29188385009765627,0.27952511429786686,0.3,0,True,-0.014841517997368532,0.10495975399009398
93.16,11.639060020446777,0.02500656247138977,3.1122073735133307,-0.0007130178270102623,-0.00020753348261756313,0.27226158534513184,0.004423658820772874,-2.9592234862541664e-05,0.27859420180320743,0.2765169930458069,0.3,0,True,0.005588524121196683,0.0728156987580445
93.18,11.633624076843262,0.02478105016052723,3.112302663861975,0.000467406446483125,0.0003576257852964862,0.2756175550515467,0.006285166596406341,9.756764158819416e-05,0.27774735331535344,0.28445500016212466,0.3,0,True,0.03553234733697514,-0.035410737588502064
93.2,11.628158569335938,0.024933448061347008,3.1123244357801934,0.00029933150676473517,0.0006984251553506834,0.277642916659304,0.0035028559592983743,-0.0028009744453106377,0.27198965311050416,0.3295767438411713,0.3,0,True,0.050842760792549735,-0.10473147941940822
93.22,11.622430801391602,0.02501433901488781,3.1122578012860354,0.0004583076886454507,0.00010648216850001689,0.27826559443270804,0.00017595016202020912,-0.007627159251488877,0.27917450547218325,0.28233740329742435,0.3,0,True,-0.017292092555890405,-0.07564775875261764
93.24,11.616849899291992,0.025376450270414352,3.111983295557706,-0.0005845204194976387,-0.0003807141240857524,0.27632900620853573,0.003222662596441897,-0.00840811058841502,0.29131235837936403,0.2904098010063172,0.3,0,True,-0.009249534304793725,0.002783401098841012
93.26,11.611371994018555,0.025419916957616806,3.1116924911218558,-0.0007431160180998925,-0.0006309300035522973,0.2742341876470755,0.0027320143374542864,-0.0059542530586210885,0.28614995718002323,0.2740378224849701,0.3,0,True,0.017223423286503677,0.058786006715066695
93.28,11.606054306030273,0.025330206379294395,3.11165178693312,3.414738035244948e-05,0.00012718424921474278,0.27690295391492054,0.005219498357000497,-0.0025783023574033614,0.27521655440330506,0.2764122593402863,0.3,0,True,0.07289797303596401,0.07123276127146998
93.3,11.600495338439941,0.025451749563217163,3.1117814610413457,0.0002859702565758643,0.0006039571096736062,0.2796434682956283,0.0024910709409440637,-0.0029242787142836416,0.27070843219757085,0.27008915901184083,0.3,0,True,0.09947818505145274,0.01797248908225268
93.32,11.594695091247559,0.025622235611081123,3.1117770313691135,0.00016496527509852888,-2.5866156024250576e-05,0.28216084405141273,-0.0007386686223154488,-0.0027094896866975437,0.2840690350532532,0.28221236705780034,0.3,0,True,-0.008243278503306842,0.06503177819090461
93.34,11.589004516601562,0.025887541472911835,3.111458548824713,-0.00039073027512383083,-0.0004603793325196442,0.28219244245119157,-0.001294094909102296,-0.004516453932040905,0.2926727032661438,0.29411958217620854,0.3,0,True,-0.04390298331978123,0.08143637274770146
93.36,11.58349323272705,0.026062197983264923,3.1114350277581844,-0.0005154498567183246,-0.0005638262738941088,0.276243491634656,0.0010094295861085316,0.002624239897868897,0.29052190303802494,0.27992743492126465,0.3,0,True,-0.06135191984003528,0.09412059103665443
93.38,11.577933311462402,0.026235416531562805,3.1114201447267824,-0.000464955237071058,-0.0005254224334245841,0.2761312296300459,0.0011762136755701785,0.0035906311055323367,0.27936931133270265,0.2799051880836487,0.3,0,True,-0.07016993592028631,0.1095765578403065
93.4,11.572603225708008,0.026207884773612022,3.111986970560943,0.0006959047421016535,0.0004400497258454313,0.27725269046420914,0.001429843086157556,0.004820157596235988,0.2802607870101929,0.2802244794368744,0.3,0,True,0.03835061856359094,-0.04153112795355778
93.42,11.56692123413086,0.026459911838173866,3.1117457993131556,0.0005512322505881319,6.75835261842035e-05,0.2765788475775688,0.001285501519856993,0.004249670695183429,0.2891586375236512,0.2759012413024903,0.3,0,True,0.0009561712812564331,-0.010205831600385452
93.44,11.561319351196289,0.02660442516207695,3.1118206403658832,0.00018322317162844837,-0.00016632439301750564,0.2793115411197432,-0.0003872662107844635,-0.0006982503384156551,0.29102525234222415,0.27222888588905336,0.3,0,True,-0.0007684715273896689,-0.033917774781498704
93.46,11.555813789367676,0.026792924851179123,3.111760118382397,-0.00042321737106940934,-0.0003450511981093563,0.2762077233325464,0.0037273634678630036,0.002774164577501518,0.2880081939697266,0.2792065489292145,0.3,0,True,0.049274206953724496,-0.10089427274317524
93.48,11.55026912689209,0.02690400741994381,3.11193111053387,-0.0005729086013499657,-0.00042823232830125875,0.27719121274201797,0.003514656739973491,0.0021067356137161493,0.2784023833274842,0.2757606422901154,0.3,0,True,-0.0018420452644136002,-0.08943983835545505
93.5,11.544825553894043,0.0268209557980299,3.1119677324793558,0.00029692360982002314,0.0004345646798754125,0.28052078413386666,-0.0009914549816708185,-0.003821871124270417,0.277958756685257,0.2801752960681916,0.3,0,True,0.03771485038286497,-0.12512662085994694
93.52,11.539145469665527,0.026981033384799957,3.1119891792149805,0.0006819794991492256,0.00018847443315205014,0.2791641774985901,-0.0023068929109089347,-0.007853437406851906,0.27439164400100713,0.2766189062595368,0.3,0,True,0.0032067730202055963,-0.17458002950159668
93.54,11.533384323120117,0.027536941692233086,3.1114543686924554,-0.0001781581929430279,-0.0005070163604904924,0.27922491136317606,-0.004923757922273604,-0.007235965091295803,0.29041752815246585,0.2889820981025696,0.3,0,True,-0.06145046078877343,-0.016309051244648733
93.56,11.52795124053955,0.027749519795179367,3.1113028355413217,-0.0005742175827420164,-0.0003141185540125226,0.2774477545836344,-0.004459237121580719,-0.011859666746411288,0.2953778052330017,0.2824915957450867,0.3,0,True,-0.021052534410083177,-0.017893942246689137
93.58,11.522509574890137,0.027887804433703423,3.111388855272052,-0.0005461548263176328,-4.103479365251875e-05,0.2756047472707649,0.0008458880148498726,-0.005126595223842288,0.2771191847324372,0.3018445420265198,0.3,0,True,-0.01755185754050949,-0.07648268962955389
93.6,11.51697063446045,0.028009813278913498,3.1110404058752676,0.0001350408018764105,0.000425177177712731,0.2774799747457835,-0.0003295605008711965,-0.009284952786587006,0.2782088375091553,0.2801715993881226,0.3,0,True,-0.007430021528982165,0.03491817560141108
93.62,11.511343955993652,0.0281351450830698,3.111044241074548,0.0005770938071075387,0.0006162620026244544,0.27782076275993534,-0.0017255804183425611,-0.013354580261659983,0.28117859840393067,0.28074602007865906,0.3,0,True,-0.006596061995833987,-0.06170272022744658
93.64,11.50576400756836,0.028453977778553963,3.1105600393183948,0.0002390677143528889,0.00017922426326976134,0.27685335286131585,-0.002290126464685594,-0.009066212698298461,0.2879795050621033,0.28418868064880376,0.3,0,True,-0.03663907826450246,0.07643634628572504
93.66,11.500298500061035,0.02870463952422142,3.1103204888511193,-0.00017074017283465962,-6.0570833512562205e-05,0.2750770623110982,5.5576639591436994e-05,-0.010062812842037909,0.29006997346878055,0.2734425234794617,0.3,0,True,-0.002143624284779756,0.155308057349236
93.68,11.49483871459961,0.02888014353811741,3.1103151088594037,-0.0006295587741233398,-0.00021252337203457545,0.27454884848462285,0.002072854906037146,-0.003170045083728047,0.27939961910247807,0.27455156922340396,0.3,0,True,0.02955200647376873,0.0938708770529239
93.7,11.489348411560059,0.02881876938045025,3.110239216047185,2.76868915926444e-05,-0.00011067314389625402,0.27764927281715296,0.002866454555666322,-0.0009299356737213692,0.2760036635398865,0.2745662641525269,0.3,0,True,0.07711301558734227,0.11257527383540725
93.72,11.483805656433105,0.028975095599889755,3.1103064357116965,0.0005112110127137309,0.0004205466332226858,0.2792175133792173,0.0026675080850921754,-0.0015565425340647086,0.2765701735019684,0.2787989461421967,0.3,0,True,0.06762035725327234,0.037825208934196226
93.74,11.478090286254883,0.029171742498874664,3.1102460939972216,0.00037971568071687515,0.0002374469359547447,0.28124610355808544,-0.0003966936495925534,-0.0010567909352055208,0.28237926006317143,0.28345211505889895,0.3,0,True,-0.00465048776809872,0.10752885145127082
93.76,11.472505569458008,0.02936558611690998,3.1101905854566785,-4.593302050057061e-05,8.636930731839127e-06,0.2799584770648845,0.0045405813848241345,-0.0001440283689924135,0.2856982278823853,0.28505654096603394,0.3,0,True,0.007314618240996679,0.1310431916785926
93.78,11.4668607711792,0.029555661603808403,3.1101546727723686,-0.0007688340261760894,-0.0005986402466880209,0.27727723379570507,0.007127329103534201,0.007672372442380113,0.283254714012146,0.2797847080230713,0.3,0,True,-0.028718580820244394,0.12261318435458601
93.8,11.461408615112305,0.029315214604139328,3.110294913442177,-0.0001550925922704174,-0.00015905081129368172,0.279802682838497,0.007597890914252206,0.008926912800222475,0.2855650806427002,0.285733859539032,0.3,0,True,0.026059226186349177,0.08593326749746866
93.82,11.455901145935059,0.029299085959792137,3.110859883792612,0.00037722554023396576,0.00039233714681704266,0.27894861709246593,0.007426840206753742,0.008752263813161151,0.27246652483940126,0.27843115568161014,0.3,0,True,0.04405808128249377,-0.08182658298821244
93.84,11.450113296508789,0.029458513483405113,3.1109047384806963,0.00045752174709867433,0.00011989629959722168,0.2820432151597924,0.0021912636006878265,0.006730633030804932,0.2745232725143433,0.29084694385528564,0.3,0,True,-0.03301918410837865,-0.019433245562403827
93.86,11.444537162780762,0.02964751608669758,3.1108548538774214,0.00011969968341885952,-2.959902990930031e-06,0.2808018802983045,0.005336489637298119,0.0011262458033232574,0.29040214061737063,0.28933983325958257,0.3,0,True,0.022406242915030926,0.007799268858242956
93.88,11.438850402832031,0.02983231283724308,3.1108333640846415,-0.0007666485348558635,-0.0006956158817586518,0.2771611481098268,0.007766160002089002,0.0073722531552302024,0.28735782861709597,0.2808323705196381,0.3,0,True,-0.02845768281819405,-3.714881756378209e-05
93.9,11.43343448638916,0.029562758281826973,3.110949983456878,-0.00023422605633886495,-0.00018460245598719092,0.2807411165256687,0.008475929530635785,0.009376205321820685,0.28626554727554326,0.2869623923301697,0.3,0,True,0.03765622351526385,0.04283649988869476
93.92,11.427931785583496,0.029519429430365562,3.1114945187331147,0.0003127517747911871,0.0004222522708598846,0.27976660053433694,0.007568353770886408,0.00672766112539983,0.27198486328125004,0.308029580116272,0.3,0,True,0.05681069174929953,-0.13145781675883433
93.94,11.422067642211914,0.029657864943146706,3.111604950303167,0.000504673561688354,5.988611420877147e-05,0.28381437817952554,0.0018401979113246095,0.004553165794418765,0.2712499248981476,0.29033242940902715,0.3,0,True,-0.024420745191196767,-0.21228273435412243
93.96,11.416460990905762,0.029900653287768364,3.1113715769746735,0.00015293286794848489,3.479598233916153e-05,0.28170600344977065,-0.0009554467827920365,-0.003144372185476319,0.29606582164764406,0.2945590448379517,0.3,0,True,0.017129440983721187,-0.09411053625889511
93.98,11.410735130310059,0.030096381902694702,3.1113142367204314,-0.00038803846580419096,-0.0008906017578938338,0.278787456910373,-0.00026288791166766134,-0.007606413426508747,0.2881650567054749,0.28064505815505986,0.3,0,True,-0.04612716867933188,-0.09098491705238465
94.0,11.405407905578613,0.03027680329978466,3.1112429689582766,-0.0005076214517482924,-0.00012002747172662561,0.2811369558130346,-0.00024222504853772982,-0.0008011817753116182,0.28750329256057744,0.28700378179550173,0.3,0,True,0.04046303654504568,0.005825498960789535
94.02,11.399775505065918,0.030354082584381104,3.1109964372290464,0.0002480763552547317,-2.4306759988583842e-05,0.28012420468517907,-0.004490492478880415,-0.0027256275697718517,0.2709653306007386,0.2728320622444153,0.3,0,True,0.030074135501660607,0.10685888016511336
94.04,11.393980979919434,0.030602511018514633,3.1113074824326485,0.0007131405226616941,-3.012391038268545e-06,0.2849430463733748,-0.00464322042862809,-0.0026783322686130834,0.2786414074897766,0.2916646695137024,0.3,0,True,-0.03917210980492067,-0.0018808617178336087
94.06,11.388346672058105,0.0311410054564476,3.1110961865148496,2.353414794734145e-05,-0.00013273985461090222,0.2811933877505058,-0.005568365024388752,0.0009422969867001397,0.2916281032562256,0.2930287861824036,0.3,0,True,-0.010993021823382338,0.025383213794264975
94.08,11.382634162902832,0.03133834898471832,3.1110287023767875,-0.00046501760651088044,-0.0010835567424226718,0.278003187028641,-0.002615927958943382,-0.0009516507127383037,0.2882927131652832,0.28138374328613286,0.3,0,True,-0.0761600559602028,-0.02376914042555402
94.1,11.377304077148438,0.03148527070879936,3.1110718209879824,-0.000606933775649354,-0.000314595182582111,0.2792447629393085,0.0012348079970233936,-0.000694970466230697,0.2882927131652832,0.28138374328613286,0.3,0,True,0.009005796223047534,-0.09652140721883323
94.12,11.371757507324219,0.03149133175611496,3.1112313503756295,0.0001260323660314713,3.094117162656162e-05,0.2788502418965587,-0.002306386762267876,-0.0045798635026573645,0.2694929671287537,0.30061958074569706,0.3,0,True,0.04338639595814093,-0.13740587660301148
94.14,11.36601448059082,0.0317239835858345,3.111040588877551,0.0006825981519137122,0.00011225432913181758,0.2819138514483496,-0.005311852456660949,-0.006779415590806354,0.31244110465049746,0.287757203578949,0.3,0,True,0.0017345967409332429,-0.11237515279037416
94.16,11.360342025756836,0.03219997137784958,3.110662313296575,0.00019662890966622843,-5.817981598979191e-05,0.2814740987052922,-0.005961404653396502,-0.011944120840978989,0.28963803768157964,0.2913474726676941,0.3,0,True,-0.008573124293726796,0.0017427912554075192
94.18,11.354774475097656,0.03259895741939545,3.110529467740718,-0.00045527041605644464,-0.00018752070128735687,0.2793835306785832,-0.001950976475882318,-0.009684982689462036,0.29038650274276734,0.2802476274967194,0.3,0,True,-0.023311717354375174,-0.017637218188026042
94.2,11.349265098571777,0.03266439214348793,3.110275820708351,-0.0007068553706156541,-0.0002208939408406553,0.2781643919530606,0.0020258103771514423,-0.004440440202224766,0.2876068830490113,0.27254821062088014,0.3,0,True,-0.004274960347797848,0.07032437067143758
94.22,11.343679428100586,0.032574158161878586,3.1102657902623942,8.706870648383289e-05,-9.323267350713677e-05,0.2800489140599996,0.0031668439182855187,-0.008190393045848407,0.2798267900943756,0.2810584354400635,0.3,0,True,0.012029622011533021,0.04161614628295407
94.24,11.338094711303711,0.03273477032780647,3.110307078080397,0.0005154785880001159,0.0005299483765222413,0.2811321018774684,0.001322591069434072,-0.006318171187264102,0.280382719039917,0.28711771965026855,0.3,0,True,0.018793569351809435,-0.03671791237329514
94.26,11.33237361907959,0.03304746374487877,3.10987423629705,0.00024864768873911474,0.00021429055783323697,0.2803459004395058,-0.001988443330957799,-0.0063556909868257815,0.28519963502883916,0.2854962205886841,0.3,0,True,-0.037939746330384445,0.08069509319169954
94.28,11.3267822265625,0.03326215222477913,3.10977036701337,-0.00022370894815539137,-9.398183774848614e-05,0.2796678775012053,0.001736852148972348,-0.007377873192088315,0.2908525848388672,0.21125617027282717,0.3,0,True,-0.012832416845758306,0.08609766685652534
94.3,11.321268081665039,0.03344440460205078,3.109757334983448,-0.000677540377141482,-0.0002681103385486428,0.2770137343535689,0.0034374251887814714,-0.0017347855905125813,0.2839080667495728,0.2789040386676789,0.3,0,True,0.06691921909476668,0.023457967072497043
94.32,11.315728187561035,0.033307746052742004,3.10971684822503,2.317640933647142e-05,-0.0001145001728949735,0.28010550852980776,0.0041081723458706,0.0005696421612577784,0.2809551954269409,0.2824877238273621,0.3,0,True,0.10293402138668803,-0.003822627878871443
94.34,11.31021499633789,0.03347799554467201,3.109735453449809,-1.397677148939069e-06,0.0005822470785957233,0.285699437967087,-0.0011398199413531727,-0.004479053621026058,0.2809627056121826,0.28568257331848146,0.3,0,True,0.10921518779410552,-0.08060747462180007
94.36,11.304374694824219,0.03364783152937889,3.1098159383862707,0.0004642951875692717,0.0006438711366660846,0.2879025992121402,-0.006314080647096425,-0.007683683422398024,0.28152797222137455,0.2867207479476929,0.3,0,True,0.04663653527714646,-0.13079439266738446
94.38,11.298426628112793,0.034263547509908676,3.109399010693766,-0.0005282116648951541,-0.00037825211248543794,0.28575094937709716,-0.006335311683749831,-0.00818338356025645,0.29429224967956547,0.29741743803024295,0.3,0,True,-0.05088764278604577,-0.0011620549859176505
94.4,11.292723655700684,0.034544382244348526,3.109102153551238,-0.0002958894461725138,-0.0007395127444426465,0.28383643135198006,-0.006737351669716547,-0.009893909252134615,0.3049928617477417,0.2918058609962464,0.3,0,True,-0.07751218961891083,0.04540499562047261
94.42,11.287383079528809,0.03472037985920906,3.1090807827649884,-0.00022520492427046643,0.00022460300587007244,0.28162842654420345,-0.0019142881945727764,-0.004572018019899468,0.28435707569122315,0.2827408838272095,0.3,0,True,-0.03280867625837098,0.04160390510314816
94.44,11.281697273254395,0.03492416441440582,3.1090244256461,0.0003694155778242736,0.00014744581127285755,0.28170162404262744,-0.0037757424374283144,-0.0040512837727602925,0.27378140807151796,0.2725976276397705,0.3,0,True,-0.03555266216371331,0.03405855264641968
94.46,11.27591323852539,0.0351489819586277,3.109033249252174,0.000353544175536439,0.00011314101053393944,0.28312625527642754,-0.002110651178620207,-0.004855071152004667,0.28924565553665166,0.2866020035743714,0.3,0,True,-0.04252490265073149,-0.036489408879721213
94.48,11.270209312438965,0.035580113530159,3.108778050849417,-0.0004988530843970307,-0.00023046454825434746,0.28099221837888305,-0.00277816990938428,-0.007169225040421098,0.296529016494751,0.2930347275733948,0.3,0,True,-0.05970996147584411,-0.007039579553239375
94.5,11.264750480651855,0.03562648594379425,3.108692377072828,-0.0003960832733253858,-0.00012546581367680606,0.278226434332145,-0.0024260894073074614,-0.007491170730277103,0.2959829926490784,0.27984401345252996,0.3,0,True,-0.03187580696356178,-0.05299240356248354
94.52,11.259237289428711,0.035883817821741104,3.1084508876428663,-0.0003726816101092436,-0.00012178925707246432,0.27692482712456,0.0005822193546322733,-0.0046144501370194305,0.2756588959693909,0.2750947642326355,0.3,0,True,0.003857119544397546,0.025849503933265676
94.54,11.253673553466797,0.036075130105018616,3.108433955593752,0.00017543714531320385,0.00012000647231340494,0.2805761907193422,-0.005932600100128971,-0.009094463437004013,0.27840466976165773,0.27713596582412725,0.3,0,True,0.010717885938535628,0.015130930068244623
94.56,11.248065948486328,0.03626764938235283,3.1084088948384556,0.0006456221512872879,0.0006192082846386188,0.28130078794243485,-0.0047534052742293584,-0.005101264725759888,0.2791952252388001,0.28312555551528934,0.3,0,True,0.007898091555214206,-0.01863567932032597
94.58,11.242332458496094,0.03684497997164726,3.107964819997868,-0.00022808140895229603,5.839673240792614e-05,0.27908386520722783,-0.004969410675589614,-0.006280696324817559,0.2873786735534668,0.28668453216552736,0.3,0,True,-0.06409980641256388,0.09433620735098805
94.6,11.2367582321167,0.03701051324605942,3.1080427864648055,-0.0006774944965308074,-0.00043797942994142726,0.27755667444897714,-0.004989251221554684,-0.006105304482645476,0.2954745697975159,0.2830225491523743,0.3,0,True,-0.036634919732421535,-0.07255918693422456
94.62,11.231372833251953,0.03722311556339264,3.1079314998877665,-0.00036507567388774516,-0.00025932935181609105,0.2754482062063372,-0.0004183061968166899,-0.00154756684892513,0.27752008676528933,0.2789058578014374,0.3,0,True,0.026121320388668018,-0.03795770054535069
94.64,11.225887298583984,0.03741138428449631,3.107920470479844,0.0001091585528464165,4.021770758195367e-05,0.2783699943638412,-0.003587271697399282,-0.010905999680497729,0.27178631067276005,0.2738450944423676,0.3,0,True,0.0220229390526121,-0.011104829319498357
94.66,11.22031021118164,0.03762003779411316,3.1078410146499538,0.000601004831568824,0.0007082843647922974,0.28117357083832123,-0.0032201129321049633,-0.00931731236844555,0.27872414469718937,0.2783667767047882,0.3,0,True,0.04048788536571857,-0.01671653802964928
94.68,11.214510917663574,0.03804705664515495,3.1071703064903655,4.238977998384161e-05,5.809185965893899e-05,0.2793185095731864,0.0006738597983597799,-0.006993690828205484,0.2878829073905945,0.28459044218063356,0.3,0,True,-0.026483655861201393,0.20181922021077042
94.7,11.208900451660156,0.03823963925242424,3.107186114898291,-0.0005469921641049351,-0.0005002446984623347,0.2786872370355946,-4.9792390596967856e-05,-0.002884889891297044,0.29997363805770877,0.28883586645126347,0.3,0,True,-0.036216415020919816,0.1281592563572075
94.72,11.203553199768066,0.038126539438962936,3.1073609752135876,3.963413907676842e-05,-3.9187957728704885e-05,0.2762513018949451,0.007292715054427068,0.0052395379363635594,0.17651766657829288,0.2799147093296051,0.3,0,True,0.05281042730316447,0.0697646862719172
94.74,11.198028564453125,0.03839096054434776,3.10761022345865,-0.0002643379022987059,4.469723672671393e-05,0.2782762576366477,0.0059551846924452,0.0009354281401308317,0.26151374578475955,0.2782687103748322,0.3,0,True,0.03433406788132049,-0.033527065103276854
94.76,11.192403793334961,0.0382203571498394,3.1075894695252746,0.0008564940096483048,0.00034174145513172414,0.28354334375743945,0.0022475136180728607,-0.001412515926452226,0.2786032557487488,0.2799613392353058,0.3,0,True,0.061117443547996975,-0.09361488960420561
94.78,11.18663501739502,0.03851987421512604,3.1072609491495014,0.0003444335940032634,0.00015648285445804747,0.2814339624661002,0.002958945330997077,-0.005567055099559135,0.2832192826271057,0.29405911684036257,0.3,0,True,0.017301578670124808,0.016460997711854202
94.8,11.180876731872559,0.038718003779649734,3.1072479739394714,-0.00036321608798951837,-0.0002429394624896634,0.2811406973787848,-0.000653776248036338,-0.0022496532319727295,0.2832192826271057,0.29405911684036257,0.3,0,True,-0.048928570147599784,-0.008309421927477438
94.82,11.175518989562988,0.03892720118165016,3.1071648590506853,-0.000532868304054319,0.00028243298642466314,0.27966038393025766,0.0007925045724244406,0.0022523079570791397,0.29694369554519656,0.15315285444259644,0.3,0,True,0.015657114983310183,-0.00288963526126729
94.84,11.169927597045898,0.039044931530952454,3.107409497266717,-1.4267090981656988e-05,7.447440159592807e-05,0.27962905814563155,0.0012967618436556284,-0.0020772696806504068,0.27644865036010746,0.27520317792892457,0.3,0,True,-0.004923891699331572,-0.08610709038244324
94.86,11.164273262023926,0.039226606488227844,3.1074411337860677,0.00031071350892732043,0.0002049374541263009,0.282686531664765,-0.001619092665401575,-0.005798225920460513,0.27866820216178895,0.2854876255989075,0.3,0,True,-0.007316716870621708,-0.1482130946036325
94.88,11.158515930175781,0.03937886282801628,3.1070817923650194,0.0005447105265891805,-7.961913870372441e-05,0.28074678604283826,-0.002668692742234689,-0.009138220462568042,0.2841084051132202,0.2849067878723145,0.3,0,True,-0.05315681803267679,-0.052736175635214634
94.9,11.152921676635742,0.0398288369178772,3.1067010009770484,-0.0001386511622121992,-0.00013679536960693996,0.27907504658060783,0.0002519094854833287,-0.009604739611213314,0.2916906547546387,0.20102440237998964,0.3,0,True,-0.06088969703641469,0.057131195812926805
94.92,11.147488594055176,0.0400332510471344,3.1066784396297114,-0.0006550572529394408,3.262393374739503e-05,0.2753765127030175,-0.0007437865509978946,-0.006296163731467487,0.294428551197052,0.27210061192512514,0.3,0,True,-0.0021351580735358877,0.005105008488229474
94.94,11.141960144042969,0.0399852991104126,3.1066727546171706,1.671731461193111e-05,-3.951231827832383e-05,0.2778153559018519,0.002515226710713644,-0.0012277302554264664,0.27588630437850953,0.27416463613510134,0.3,0,True,0.02094170306811669,0.01745643491611678
94.96,11.13650131225586,0.04020733758807182,3.106578099266502,-9.578343250172972e-05,0.0006003880299191453,0.2805759733969554,0.00034325830414364857,-0.008729819783509693,0.28143344402313236,0.2829854655265808,0.3,0,True,0.03345643261899458,-0.02220516438505539
94.98,11.13070297241211,0.040403686463832855,3.1066027825566143,0.0003950505055249806,0.00022394475895436806,0.28075038282605713,-0.0026013657719006194,-0.008208224817924001,0.28341392993927006,0.2883019256591797,0.3,0,True,-0.029411096362379836,-0.09528315257905225
95.0,11.125055313110352,0.0407915860414505,3.1059800540470306,-6.104561951601211e-05,4.540145287631497e-05,0.278053027312537,-0.002340035219442354,-0.00807257688227188,0.2939376020431519,0.2904771089553833,0.3,0,True,-0.06494337552942164,0.10530997509464145
95.02,11.119521141052246,0.040978994220495224,3.1060160966317367,-0.00031317549498575633,-0.0003412660380902658,0.2754624681928616,-0.002629151042173079,-0.008850382461750484,0.30920794486999514,0.2757196700572968,0.3,0,True,-0.026226201039787487,0.00869916364498772
95.04,11.114277839660645,0.04118642956018448,3.10593229311592,-0.00037684388316686253,0.00036008270833576907,0.27538050335460085,3.1955794924572525e-05,-0.00030502177593705977,0.2778952956199646,0.27826786756515504,0.3,0,True,0.05692151665572295,0.034246209457117406
95.06,11.108687400817871,0.04139772057533264,3.1058947519596742,0.00011903079539746624,0.00027376994597571143,0.2786522867428742,-0.002056072256151665,-0.007512291726324998,0.2778952956199646,0.27826786756515504,0.3,0,True,0.04766303839296955,0.10231309094812117
95.08,11.103038787841797,0.04157447814941406,3.1059556523049556,0.0004434625809432605,0.0005620172422509598,0.28260674864499474,-0.0015792767888144887,-0.005332880125702546,0.2709423077106476,0.27128639936447146,0.3,0,True,0.03565356921476019,0.006659656491409267
95.1,11.097249031066895,0.041938990354537964,3.1054151132936307,-0.00016302658926515423,-0.0001688836282387233,0.27927551126429906,0.0009892325665491804,-0.0006653351859009646,0.28292957305908206,0.2812951731681824,0.3,0,True,-0.010655563868228418,0.17369009064619625
95.12,11.09168815612793,0.042118221521377563,3.105505662705864,-0.0004811536984799816,-0.0006637190359456589,0.2782327888917816,0.00011160346865916881,0.00022775074337567022,0.3012276220321656,0.28410972356796266,0.3,0,True,-0.03316096766776065,0.07841921228047057
95.14,11.086357116699219,0.04212673753499985,3.105841525144802,0.00016951430210391985,-4.950585843512948e-05,0.2777998416334159,0.0017847301268969131,0.006382915525370405,0.2766756582260132,0.2783492696285248,0.3,0,True,0.02369589761587164,-0.033035597702883425
95.16,11.080794334411621,0.042368628084659576,3.1059738723644257,-0.00012442940673731108,8.382942390309104e-05,0.27995387123157395,0.00022186719906959473,0.000940656856734965,0.26367499351501467,0.2753560101985932,0.3,0,True,0.011798805877332843,-0.08261898241518703
95.18,11.075034141540527,0.0425906665623188,3.1059257465356604,0.0004134132532620835,-6.714876844760933e-05,0.2811711830735691,-0.0021219767497993054,-0.003308183002132052,0.2772715246677399,0.2822725820541382,0.3,0,True,-0.04271006858618206,-0.14780796507677432
95.2,11.069305419921875,0.04289804399013519,3.1055809152544027,6.467774170302284e-05,-0.0002636894834511029,0.2791766933619682,-0.0019384743178128532,-0.006381767849839151,0.29232995510101323,0.2888880872726441,0.3,0,True,-0.09175975607622401,-0.04609463449170766
95.22,11.063883781433105,0.04309849813580513,3.1055768705046316,-0.0003170331656435646,-0.00028807295368526775,0.27438303614652143,-0.001321237858784902,-0.005441721680771288,0.2991974520683289,0.28129033327102665,0.3,0,True,-0.05374136229929747,-0.007153248047370469
95.24,11.058480262756348,0.04332772269845009,3.1054633309364386,-0.0004460973403853659,-0.00028216617566857385,0.2726130907454762,-0.0008315776713078236,-0.0027469139026015696,0.27497994184494023,0.2745869338512421,0.3,0,True,0.012064501206494445,0.04737740865221254
95.26,11.053101539611816,0.04348669573664665,3.1054904088011988,2.118568121140561e-05,0.00015511200879021687,0.2768718740896254,-0.0015066829077904562,-0.0038804428459216773,0.2735585224628449,0.2701808834075928,0.3,0,True,0.09715579469039488,0.037065208423685464
95.28,11.047513008117676,0.04375230148434639,3.1053611621421946,0.00034531417182821067,0.00030088192524000475,0.28014185345848774,-0.0011778723289741742,-0.0025915751576622292,0.27272983193397526,0.27410558104515076,0.3,0,True,0.05648173674037883,0.03152318100767405
95.3,11.041752815246582,0.04401843622326851,3.105266435076958,0.00010413625853611788,0.00017618060254011653,0.28215549972175286,-0.001412677899402609,-0.0024765050068765145,0.2822470808029175,0.28311846256256107,0.3,0,True,0.01076383737395973,0.06493736118579341
95.32,11.036087036132812,0.04423370957374573,3.1052560049238256,-0.00027787310743460195,-0.00028235630116231806,0.2771316296847064,-0.0003741840662045033,-0.00022505942198769926,0.294665105342865,0.2933359026908875,0.3,0,True,-0.06839637324432206,0.05828181007631672
95.34,11.030548095703125,0.04441942647099495,3.1052922884006486,-0.00040190416670364873,-0.0005884458499924368,0.27773298107954214,0.00046553240871559376,0.0013145460489416842,0.2844501852989197,0.28326589584350587,0.3,0,True,-0.08046082220880996,0.0726315784278123
95.36,11.025358200073242,0.044587641954422,3.1053431573884356,-7.499218921839761e-05,0.0004976085023915092,0.2746701435989421,0.0007022454749490321,0.002070969648443009,0.27480499625205995,0.27634985804557805,0.3,0,True,0.004284475008568846,0.057855505798946015
95.38,11.019547462463379,0.044787585735321045,3.105371598760873,0.00013788578545258245,-0.0001916931044422868,0.2757186339450482,-0.0012459289497420718,0.003334021267348346,0.26722291350364685,0.29977780580520635,0.3,0,True,-0.07127176179961502,0.015079603820911756
95.4,11.01412582397461,0.04497392475605011,3.105421682495701,0.00028801079806742074,0.0006334328399255606,0.27747438768539195,-0.0009934588286748536,0.004403381041928705,0.2883989071846009,0.29101707458496096,0.3,0,True,-0.018671035862248952,0.016284997705553767
95.42,11.008508682250977,0.04531780630350113,3.1055590101020365,-0.0004791493675307241,-0.00021715761754995043,0.27203124013557306,-0.0015953322887524886,0.002520914354614599,0.2786509120464325,0.2814875841140747,0.3,0,True,-0.03367423570988933,-0.029893098287479707
95.44,11.003177642822266,0.04546981304883957,3.10569542787179,-0.00020656941091579077,-0.00026524625366553976,0.2731764607299622,-0.0013084677363165882,0.0033737694648872827,0.27876031041145327,0.2861898279190064,0.3,0,True,0.010432384982645787,-0.15641340740523535
95.46,10.997803688049316,0.045699141919612885,3.1055732719092424,-0.0002498736481032913,-0.00025701638539025323,0.2730246950882571,0.00029266049747533017,0.0009425734043500203,0.26934304714202884,0.2690519273281098,0.3,0,True,0.10223233702866204,-0.10817088730428125
95.48,10.992289543151855,0.045862868428230286,3.105691584052892,0.000106267711159018,0.0001154667405561192,0.2783089784840036,-0.0023931005696117957,-0.008109691550489857,0.2725944983959198,0.2726013243198395,0.3,0,True,0.059899486726745665,-0.1461490643318221
95.5,10.986680030822754,0.046080972999334335,3.1056344159743845,0.00045271713939609845,0.0006280021208120242,0.28020982709786585,-0.0018268228323875865,-0.006132756629727717,0.2852305269241333,0.28229885101318364,0.3,0,True,0.03896649476853879,-0.09700469532496282
95.52,10.980934143066406,0.04646029323339462,3.1050466525477507,-0.0001505455128314247,-0.00012666380368504216,0.27796841966810176,-0.0023201024157318544,-0.008318155681658234,0.2852305269241333,0.28229885101318364,0.3,0,True,-0.055498148385660154,0.09519668324208382
95.54,10.975406646728516,0.04665108770132065,3.105082651378864,-0.000505107589971818,-0.0006295177329779645,0.2761420146697407,-0.0019705931677716816,-0.006817802221648218,0.29626108646392824,0.22919060945510866,0.3,0,True,-0.036845125517072454,0.010608421017591777
95.56,10.970073699951172,0.04686086252331734,3.1050261315983594,-0.00018304154339031248,-0.00023567010952291203,0.2738691266131509,-0.0001467082950294893,-0.0004939568911233144,0.27506163597106936,0.27616520762443547,0.3,0,True,0.028480756548160315,0.05378774724084052
95.58,10.964609146118164,0.047044891864061356,3.1050889917966527,7.700724312571446e-05,0.00011304865799793071,0.2772622170565001,-0.0016155982799601933,-0.0052840829483203925,0.27506163597106936,0.27616520762443547,0.3,0,True,0.020488499635088357,0.017748938400467186
95.6,10.959039688110352,0.047272998839616776,3.105007135996461,0.00043716783467358456,0.0008027563281972884,0.28024688019195454,-0.0013299388419078934,-0.004015135902391084,0.269523366689682,0.27136041641235353,0.3,0,True,0.031940022902984797,-0.11590548124341674
95.62,10.953245162963867,0.047589756548404694,3.1046599247429985,9.943033696859055e-05,-4.365180288211127e-05,0.27778109464054773,-0.0016389947801386633,-0.005397887149610874,0.2878611278533936,0.28368736743927003,0.3,0,True,-0.08011134709469851,0.028396137244022904
95.64,10.947672843933105,0.04778724163770676,3.104704920726168,-0.0004327770216968182,-0.0006551711182687072,0.2764243284453896,-0.00044575035465798177,-0.009766395390596455,0.2987899994850159,0.28601208686828616,0.3,0,True,-0.06024129092529364,-0.017925706716074095
95.66,10.94240665435791,0.04799647256731987,3.104657160824684,-0.0006281949283047037,-0.00021082205046946012,0.27085330928892437,-0.0010736821709404522,-0.0030123919687986087,0.2786422836780548,0.2785046470165253,0.3,0,True,-0.003314535805377315,0.06269159196256859
95.68,10.936942100524902,0.04812418296933174,3.104225824365213,5.07092167627993e-05,-0.00024575599377573554,0.2754275769179303,0.0017833063098999392,-0.005449192439677236,0.2770540547370911,0.27810331106185915,0.3,0,True,-0.005053971592891667,0.17806480208748507
95.7,10.931594848632812,0.04847573861479759,3.1044189333854946,-0.00012117256749781356,0.0008758710867707186,0.27751593177611755,-0.00020546008547760695,-0.00038255979260549386,0.2770540547370911,0.27810331106185915,0.3,0,True,0.08484379592076208,0.0632594014200765
95.72,10.92564868927002,0.048467833548784256,3.104268985330994,0.000281485032937685,-0.00013961569834963002,0.2760200107179583,-0.0013133294705427317,0.004478788776402049,0.27931971907615666,0.2801457393169403,0.3,0,True,-0.046514892036736026,0.10971464981885305
95.74,10.920221328735352,0.04883801192045212,3.1046265560412754,-0.0002303892655853526,-0.0003281170528906697,0.2776408129625852,0.0005521131635787026,0.0020483601448074034,0.2927601385116577,0.2920711040496827,0.3,0,True,0.007220369906921363,-0.011276414233763393
95.76,10.91487979888916,0.04905315116047859,3.104584127467325,-0.0003018372422599902,-6.591293203578768e-05,0.2717063855549915,-0.0025055802899662857,0.0033279795458308215,0.27851683855056764,0.27645023584365847,0.3,0,True,0.07084785213211318,-0.12093049158335381
95.78,10.90939712524414,0.049252476543188095,3.104582802197079,7.199041453165654e-05,-9.920140960644266e-05,0.27809356136867125,0.0009008280638662328,-0.001284672931306546,0.27378510475158696,0.2727928423881531,0.3,0,True,0.045460370287400964,-0.11027124463166196
95.8,10.903934478759766,0.049472395330667496,3.1045352236946604,-0.00015296394966239835,0.0005018616478081065,0.2816878388885272,-0.00014983568629419255,-0.005195650550266051,0.27610526800155644,0.27512927770614626,0.3,0,True,0.11997447450040935,-0.12771930126887476
95.82,10.89798641204834,0.04958918318152428,3.104523782206771,0.00019652537662020322,-3.355584258729878e-05,0.2812776425855772,-0.0006656909952049601,-0.006773339425725366,0.3100282073020935,0.27842831015586855,0.3,0,True,-0.02278021496482284,-0.06744897793036136
95.84,10.89236068725586,0.049900028854608536,3.104168475423304,-0.00018205634797360346,-0.00023219552005336542,0.28130434351502404,-0.0006358226697349839,-0.006889564555678941,0.2927555823326111,0.29820218563079837,0.3,0,True,-0.05003906369963586,0.044688414886433735
95.86,10.88691234588623,0.05013963580131531,3.104040935043021,-8.65390197270149e-05,-0.0002631704265787113,0.27627114417148546,-0.001894090355278143,-0.00668059116573534,0.28909378290176396,0.27767251014709476,0.3,0,True,-0.014441764301634066,0.0764102592450724
95.88,10.881447792053223,0.05036523565649986,3.103984058530206,-0.00018638344416149335,-0.0002129023249007209,0.27768471379255644,-0.00044721221283821125,-0.0016205773593514284,0.27637971520423893,0.2744363880157471,0.3,0,True,-0.028162252410154815,0.10839049270989126
95.9,10.875905990600586,0.05057036504149437,3.103989334913512,4.510681653913438e-05,2.4339756010490334e-05,0.2801223014414463,-0.000237912056509422,-0.0006605186861186193,0.2795295369625092,0.2793369507789612,0.3,0,True,0.022819385389854854,0.09550763814570076
95.92,10.870162963867188,0.05077105015516281,3.1040388292345558,0.0001443167656435281,0.00011344765972216515,0.2790513633222117,0.0006285035250437627,0.0017816748611121749,0.28107816219329834,0.2886323988437653,0.3,0,True,-0.03795400399704147,0.05347899977657894
95.94,10.864519119262695,0.05100113898515701,3.1039880935481317,-0.0001071583473534177,-0.0002402312533607561,0.2780966950026738,0.00033320922884376783,0.0009600198859205583,0.2936975264549256,0.2882898759841919,0.3,0,True,-0.05813408749909043,0.06845062815203098
95.96,10.859137535095215,0.05115314945578575,3.104126592519095,-0.0001617249833237587,-0.00016722978409498997,0.2746483934727932,0.0019066952265073545,0.002657742622774796,0.28631906986236577,0.2835717606544495,0.3,0,True,-0.014705233328999765,-0.008038469625565413
95.98,10.853672981262207,0.05138014629483223,3.1040661365043856,-0.00048711529445159656,-0.00021779315955231798,0.27547157444151915,0.0025541706429198594,0.004815531566043743,0.27397513747215274,0.2719544804096222,0.3,0,True,-0.005842947721392114,-0.00463486713467318
96.0,10.848200798034668,0.051441628485918045,3.1042514486443777,0.0002044244386806348,6.793356159762905e-05,0.27787494465589174,0.0014080284166184676,0.0011385972910669556,0.27554264664649963,0.2739742195606232,0.3,0,True,0.025030728439040778,-0.059518177425574595
96.02,10.842489242553711,0.05162375420331955,3.104373336073415,0.00035188855973539206,1.6769243544839543e-05,0.27762925918496245,0.0012490673382529287,0.0005892305151467118,0.27351190090179445,0.27844118595123296,0.3,0,True,-0.004976911476253893,-0.09887113825449577
96.04,10.836918830871582,0.05187048763036728,3.1042176803023804,0.0002903702922373866,-5.1948970026719884e-06,0.27665085174791676,-0.0006216163528600157,-0.002103711571271916,0.2858769536018372,0.29031265258789063,0.3,0,True,-0.023231089518313344,-0.022469208386664646
96.06,10.831474304199219,0.05210675299167633,3.1041132749455973,-0.00020556681028359995,-7.958220874721004e-05,0.27507342152341885,-0.0008355297808454142,-0.0030941594943157506,0.282742919921875,0.28185376405715945,0.3,0,True,0.004147458991628305,-0.004490112267621829
96.08,10.826086044311523,0.05231831595301628,3.104083151718676,-0.00042128292846370813,0.00023888650711826207,0.2760164574944267,-0.00020731853168231076,-0.0006589393798661777,0.2766676473617554,0.27400694727897645,0.3,0,True,0.015559985607863423,0.036110857792455583
96.1,10.820501327514648,0.052515123039484024,3.10412580331387,-3.880028842523051e-05,5.340077632605662e-05,0.2779610559042927,9.564929268443892e-05,0.00023002153373697306,0.2747691977024079,0.2727411472797394,0.3,0,True,0.005806772223779357,0.032101852850549326
96.12,10.81485366821289,0.05271512642502785,3.104164965151991,0.0001224075178549576,0.00015159117347353555,0.2778956505965458,0.00023865343260331615,0.0007851570521244689,0.28314880371093754,0.2825824856758118,0.3,0,True,-0.044446296372803014,-0.011625724932948717
96.14,10.809252738952637,0.05293205752968788,3.1041316766682963,0.0003572418024116814,0.0002552248455755875,0.2755379633013212,-0.00018570881506368292,-0.0005260112662718595,0.2848064684867859,0.28816153526306154,0.3,0,True,-0.07178907173814157,-0.00451876056746453
96.16,10.803869247436523,0.05313112214207649,3.104145964282846,0.00020181019843091075,6.969016670339145e-05,0.27246075378460255,0.002024589745896128,-0.0015889973745020552,0.2834209561347962,0.28342536211013797,0.3,0,True,-0.01593271927050089,-0.014556644476332934
96.18,10.798474311828613,0.05335552990436554,3.104083722412568,-0.0003673118930600837,-0.0001819394720333564,0.2722179301652405,0.002468979174607729,-0.00013147931166024586,0.273392847776413,0.27552545666694644,0.3,0,True,0.023047784420223365,-0.007423741436794845
96.2,10.793066024780273,0.05336930230259895,3.104037845362031,-6.657595218728561e-05,-1.4511865810052958e-05,0.27662103305490576,0.0024471376096077257,-0.00037937450598214104,0.27637108683586126,0.2768767559528351,0.3,0,True,0.06645308239123518,-0.022427011252269376
96.22,10.787483215332031,0.053551334887742996,3.1041211583233634,0.00010675524581924394,0.00010465589011900744,0.277381786054939,0.0021839148675954524,-0.0011199105812154345,0.27321899533271793,0.27299934744834903,0.3,0,True,0.06004771663817149,-0.07824034036728654
96.24,10.781747817993164,0.05376636981964111,3.1041156143223674,0.00043632182364124243,0.00022581611011503858,0.27777700037590125,-0.0010377427351013213,-0.003383158274683567,0.2808626449108124,0.2819975757598877,0.3,0,True,-0.0674894235388871,-0.07032743993350433
96.26,10.77629280090332,0.05401225760579109,3.103994129566071,0.00018584386065619037,1.8147011654612494e-05,0.2770217474962941,0.000683412566172454,-0.006390706541043035,0.2894335436820984,0.290711727142334,0.3,0,True,-0.01344821513514811,-0.02710167374971156
96.28,10.770862579345703,0.05428488925099373,3.1037671927000563,-0.0004402857240120298,-0.00023401964830457197,0.2712218791717949,0.0007987988086682937,-0.006005569700662367,0.27895036816596985,0.2806012320518494,0.3,0,True,0.018160052997895054,0.0029652288335153608
96.3,10.765335083007812,0.054329752922058105,3.10360990180008,-0.00010582202719930075,-0.0005486842393769543,0.2763059288441272,0.0017254114823179404,-0.003288044481192313,0.27895036816596985,0.2806012320518494,0.3,0,True,0.03028747299825408,0.07269026730497316
96.32,10.760063171386719,0.0545230433344841,3.1036351687463144,0.0001732169040442293,0.0006380368072028117,0.2792298046157328,0.0016894792417522682,-0.003145939968002343,0.28126623392105105,0.2758815062046051,0.3,0,True,0.08918924697896065,0.05733818294260123
96.34,10.754199028015137,0.05471371114253998,3.1037310860075755,0.00022748069109071505,0.00017520457525346247,0.2794447453361544,-0.00022819176957930218,-0.0005754851566453068,0.2692976772785187,0.2705469882488251,0,0,False,-0.009524879792238214,-0.0034340763614694506
96.36,10.74853515625,0.054997533559799194,3.103515517502616,-1.3402303098734735e-07,-0.0002461363236826036,0.2783570189301116,-0.0004239374096102026,-0.001418515065254367,0.2954188442230225,0.2938941764831543,0,0,False,-0.05504227055177058,-0.012725691133847968
96.38,10.742996215820312,0.05519421026110649,3.1035638629875484,-0.00036344500541532146,-0.0006391627150768453,0.27554393846074815,-0.0011253369354994498,-0.003562770590109863,0.2923704767227173,0.28138108968734743,0,0,False,-0.002502670567190083,-0.03612441768684348
96.4,10.737812042236328,0.055404651910066605,3.103521687541094,-9.787144364618893e-05,0.0004232101240867366,0.2748264229715905,-0.0013799649218496218,-0.00416399525871034,0.27670069217681886,0.2772633218765259,0,0,False,0.077720473150666,-0.03428619374822489
96.42,10.73217487335205,0.05564175918698311,3.1034460643603667,0.00022160866108042934,0.0003122182433393355,0.2792445316907792,-0.0011527288231285258,-0.003465438571592723,0.26649087071418764,0.2670373785495758,0,0,False,0.06992966694882387,0.0212007451102373
96.44,10.726569175720215,0.05594468116760254,3.1031823978819193,-9.5908202591651e-05,0.0008103871349709251,0.28457465678216476,-0.001317777421098702,-0.0041614105651123,0.28482118844985965,0.2844200444221497,0,0,False,0.06332138243269193,0.0790754922770676
96.46,10.72067642211914,0.056138332933187485,3.103286627901821,0.00017883596666591834,4.01852057069249e-05,0.28113831181665394,-0.0007129280889720101,-0.0018667109812909154,0.2847832036018372,0.2865943264961243,0,0,False,-0.03345241074205337,0.05367895974495208
96.48,10.715066909790039,0.05638422816991806,3.103188774695885,-0.0002919158526360761,-0.00046297872918777316,0.27989213356620574,0.0007011076039990499,0.002162044123454933,0.29644304990768433,0.29919748544693,0,0,False,-0.06640958936360647,0.05217642577389159
96.5,10.709702491760254,0.05656008422374725,3.1032967274818635,-0.00012583839017160683,-0.0001016328810106878,0.27656833883141496,0.0002418026502067662,0.0008288782080033511,0.2820551204681397,0.2815899896621704,0,0,False,0.025259441492955302,-0.012312402467918872
96.52,10.704192161560059,0.05674833804368973,3.1033553614117957,0.00010594476907846221,0.0002070161627558212,0.27926188963307635,-1.9240278086583504e-05,1.270349679893839e-05,0.2724106824398041,0.27357524514198306,0,0,False,0.01392406492380748,-0.0529665533740448
96.54,10.698566436767578,0.056966111063957214,3.1033529381584612,0.0003182182641329361,0.000556377720929313,0.2831590671360907,-0.0008542192533874757,-0.002851703178724579,0.27862712144851687,0.279515517950058,0,0,False,0.021909245585110867,-0.023593550467423115
96.56,10.692742347717285,0.05723981559276581,3.103189790975629,3.128945728922988e-06,-0.00011661227757454675,0.2810060587601103,-0.0006572351610005696,-0.002075280146468561,0.28657146215438845,0.2840352559089661,0,0,False,-0.0772514825954136,0.012904377054007703
96.58,10.687068939208984,0.0574943944811821,3.1030685912275655,-0.0005612748018399825,-0.0007947331792437902,0.2783210784782238,-0.0002914172508627997,-0.001058605829390458,0.2991329646110535,0.29668644666671756,0,0,False,-0.13061006627700517,0.07522208432885245
96.6,10.681730270385742,0.05766398087143898,3.103189339000078,-0.0006265068684450818,-0.0007346531510044337,0.2730817710254434,0.00035115897600233696,0.0010450536611195326,0.2797665584087372,0.28046426296234134,0,0,False,-0.02755259546518205,-0.012274573951414465
96.62,10.676318168640137,0.05784695968031883,3.10326824969211,-0.00031131230051170396,-0.00028827809667833097,0.2727102618339305,0.000996614501808957,0.003166063567583489,0.2717064940929413,0.2726691579818726,0,0,False,-0.0015290117980730814,-0.04100857438550829
96.64,10.670910835266113,0.05805051699280739,3.1032733952685185,0.0002547985791576551,0.0004212594177056188,0.2788018511228958,-0.0032441828593859027,-0.003057246062581697,0.270958788394928,0.30651504278182984,0,0,False,0.05400515019561627,-0.06703361973558125
96.66,10.665265083312988,0.058250635862350464,3.103321876312972,0.0004389135949901153,0.0003803718608625408,0.27819875753437795,-0.003712303886882656,-0.004339291780231051,0.27367759227752686,0.2767631185054779,0,0,False,0.056151001054640326,-0.10779777356702729
96.68,10.659452438354492,0.05877779424190521,3.1029447593150716,-0.0004403906982940575,-0.0005972489870386959,0.2774021830410934,-0.003642159254923425,-0.004317635917727805,0.2881238174438477,0.28955529212951664,0,0,False,-0.04164716623746517,0.028939797716490134
96.7,10.65408992767334,0.05899526923894882,3.1029211063496915,-0.0004040421200789425,-0.00024908875626127285,0.2772023419183016,-0.004018377826529711,-0.00545775831777851,0.2955309128761292,0.2853998064994812,0,0,False,0.028068887684158564,0.011004426682601405
96.72,10.648746490478516,0.05919913947582245,3.1029279843951003,-0.0003443386335981905,0.0004666481748375627,0.27547007782389865,-0.00025730127952685276,-0.000742062245262536,0.2729296946525574,0.29416592836380007,0,0,False,0.05434532918028497,0.007414789998244946
96.74,10.643117904663086,0.059429239481687546,3.10288525564755,0.0001985137768070198,0.0006156070337480155,0.2804442685491106,-0.0033112413528526233,-0.0034589376456229575,0.27798250555992127,0.27811395883560186,0,0,False,0.01591446929385918,0.030548399537062756
96.76,10.637432098388672,0.059650227427482605,3.1028853943354506,0.0005515403639879962,0.0005686880392688668,0.2817498093755161,-0.0037532474021709818,-0.0037244527178682224,0.28556399583816533,0.2839766097068787,0,0,False,0.024083143098847612,-0.03548169055629809
96.78,10.631681442260742,0.06012817472219467,3.1026443913380417,7.948599962763616e-06,-0.0001994488785664421,0.2784754994618103,-0.0035212942754200994,-0.0030138863548135417,0.28876905918121343,0.14805015921592715,0,0,False,-0.11196191567292113,0.046907115007212896
96.8,10.626235008239746,0.06037141755223274,3.102630028177671,-0.0004371517972618928,-0.00044681615182983093,0.2773967292718064,-0.0036919307166823363,-0.0035805974897663226,0.28876905918121343,0.14805015921592715,0,0,False,-0.09955063913971653,0.038526574384497
96.82,10.620867729187012,0.060578200966119766,3.102644144739165,-0.0005125328456482583,-0.00024199661807020062,0.2714873152952771,-0.0002249884491582841,0.0002936315549539943,0.27673219323158266,0.27202641129493715,0,0,False,-0.05795956349038732,0.024440872829076872
96.84,10.61526870727539,0.06080978736281395,3.1025989465362693,4.589132466122828e-05,-0.00032414020797796693,0.27378575824433893,-0.00010874115542959355,-0.000642326767108528,0.2718197560310364,0.27327692389488223,0,0,False,-0.13659748927493678,0.029580987143466724
96.86,10.609979629516602,0.06099186837673187,3.102667881862438,0.0002888602830049848,0.0007972580488553464,0.27383873438257944,-0.00026279242792472644,-0.0010586165284874338,0.2778998601436615,0.2806017744541168,0,0,False,-0.18068828389500668,-0.01784596159570587
96.88,10.604349136352539,0.061233967542648315,3.102578642036302,0.00012061274039568263,-0.00023365654518708412,0.2664689301298117,-0.0003131049104251656,-0.0012141185182890349,0.3184475922584534,0.27291068553924563,0,0,False,-0.36656193923218383,0.005488619353802528
96.9,10.598978042602539,0.06145172193646431,3.102559455416886,-0.0005059500188863753,-0.0007533715106531637,0.2570322525836743,0.0036643247845603603,-0.0011340453727026985,0.28546664714813236,0.28831350803375244,0,0,False,-0.5139627375756602,0.021104788904129024
96.92,10.593968391418457,0.06166628748178482,3.102501817054806,-0.0008244861807342791,-0.0009731854215930367,0.24446080310576485,0.0039067667318052725,-0.0002032372188043351,0.2672269022464752,0.22382891297340396,0,0,False,-0.5283758014720475,0.048672456957681715
96.94,10.589421272277832,0.06150136515498161,3.102577158232622,7.10827244930577e-05,5.883752447175767e-05,0.2327217153765275,0.004200469367577784,0.0006297665838428523,0.2505446529388428,0.25177423715591435,0,0,False,-0.4945404702754367,0.024261064065570968
96.96,10.584794998168945,0.061685964465141296,3.102562383058798,0.0002097847991779819,0.0002812451914213055,0.2241988660120488,0.004936731400893868,0.002679678038325419,0.22914074182510377,0.2319622600078583,0,0,False,-0.49897281201436877,0.0038025372531973957
96.98,10.580361366271973,0.06184213608503342,3.1026098367435933,0.0003868586421323023,0.0005475419336260854,0.2174690149616402,0.0003781712623904254,0.0008068397525429375,0.23210653901100162,0.23219916462898257,0,0,False,-0.5667517546152244,-0.024727503468020492
97.0,10.576030731201172,0.061971515417099,3.1027161912978722,0.0003034157005531497,-7.068663068883486e-05,0.2045429781446162,-0.00041219358490784605,0.00010096576145145006,0.22097962379455569,0.21950062632560732,0,0,False,-0.6830252896196176,-0.055637005587006724
97.02,10.572035789489746,0.06214916706085205,3.1026417054128252,6.810380345162405e-06,-0.00042238660904793054,0.1873815750073105,-0.0008520360095395909,-0.001348433693598745,0.21393391847610477,0.21431472659111026,0,0,False,-0.7983789557034083,-0.03577238252998479
97.04,10.568445205688477,0.062354907393455505,3.102570460319714,-0.0004916744431334102,-0.0007769657714206182,0.16955684284247086,0.0019461653376463828,-0.0017712824086358152,0.20293649554252627,0.2001320254802704,0,0,False,-0.83560435286443,0.012036225443477117
97.06,10.565384864807129,0.06249399483203888,3.1025019620481054,-0.0007332755846799218,-0.0003903952243936887,0.1535986985053689,0.0018456186780415138,-0.002054950849855785,0.10253771901130677,0.18252467155456545,0,0,False,-0.7072876991201444,0.0697792117687642
97.08,10.562470436096191,0.062345124781131744,3.1025744887051814,8.722177335118189e-05,2.428462633061729e-05,0.13769462991546322,0.003400903382923149,0.0010638637969295989,0.04773955225944519,0.07533983767032625,0,0,False,-0.5821450356505589,0.07805189564509873
97.1,10.559751510620117,0.062481850385665894,3.102477309344837,-0.00015181619563004522,5.040817576815963e-05,0.13079855907770016,0.00402826682451716,0.004233903247902272,0.14872166991233826,0.11196154952049256,0,0,False,-0.5386555269466733,0.11584720650290319
97.12,10.557427406311035,0.06251274049282074,3.1026555694234683,8.050568786352859e-05,0.0008078761175559618,0.12298523999042714,0.0006338859575441948,0.004472869242971951,0.13944094598293305,0.12747415423393252,0,0,False,-0.44386243092588873,0.06746116382169998
97.14,10.554916381835938,0.06258117407560349,3.1028406743079375,0.00018712208584013281,0.00020019631085333562,0.11050625634963594,0.0009301327925018122,0.007212825670376273,0.11425491809844972,0.08872905641794206,0,0,False,-0.530590122901195,-0.022182987818791577
97.16,10.552637100219727,0.06267745047807693,3.102932318244619,0.00022927460434242697,5.6206030439943647e-05,0.10218563544139288,-0.00016879450319825465,0.006460756902665481,0.1211109620332718,-0.00732975721359253,0,0,False,-0.6083677354270534,-0.019810848350677326
97.18,10.550914764404297,0.06274999678134918,3.103054335398467,0.00026110920830102127,0.0008725281444123441,0.08835134924559793,-0.00029247368875052245,0.0024592642223986686,0.10495757997035982,0.04628639400005341,0,0,False,-0.5662444226470028,-0.05881893404355337
97.2,10.549259185791016,0.06284219771623611,3.1031724299756815,0.00031746080031742294,0.0009847118830429654,0.07431582115626391,-0.0001435051916539678,0.0028880013749177985,0.08180923223495484,0.02988984048366547,0,0,False,-0.6139007333066875,-0.0912466408914442
97.22,10.54785442352295,0.0628768801689148,3.1030374154457294,5.846095199982323e-05,0.0010547261178001188,0.06520670253787668,-0.000887481131198057,0.002507310946892103,0.0750486969947815,0.08050902307033539,0,0,False,-0.5839516208148958,-0.007647798349330929
97.24,10.546696662902832,0.06291728466749191,3.1031633583546125,2.7472837046229903e-05,0.000992903193858614,0.05307357677685893,-0.00026287965511943585,-0.0008389743686498986,0.06800633162260056,0.06862234622240067,0,0,False,-0.541379611355419,-0.006405734552517306
97.26,10.54570484161377,0.06302201747894287,3.1032549202742183,-3.705148282929611e-05,0.0008030360014017192,0.04163521958040726,-0.0018813624449181062,0.0018474403544522073,0.05543350338935853,0.05428660839796067,0,0,False,-0.5749887117372292,-0.07628376256306793
97.28,10.54501724243164,0.06302633881568909,3.1031053120261896,8.62272306134165e-05,0.0008403935835354372,0.031005452247831307,0.0003098928755134524,0.002375542610716425,0.043351976871490484,0.04023586958646775,0,0,False,-0.4925239960611994,0.01689916076193304
97.3,10.54453182220459,0.06315494328737259,3.1031852106740856,-0.00037859769037227757,0.0008925968656061777,0.01920760559889932,0.0021538010234564394,-0.003595390058153202,0.03366940274834633,0.03131819114089012,0,0,False,-0.43617028687268566,-0.04774741344880577
97.32,10.544217109680176,0.06298795342445374,3.10335340176347,-0.0004479320161187763,0.000939658073115086,0.013671657091963815,0.003110944129195518,0.0005129584923047158,0.020908375531435014,0.020770646035671237,0,0,False,-0.38340001082415825,-0.08201657055728037
97.34,10.54416275024414,0.0629088431596756,3.102967289069566,-0.0005050820479564129,0.0012265426083868758,0.006741596630593148,0.0049071006221666465,-0.001972352721452173,0.013827724382281305,0.014056780338287354,0,0,False,-0.27280395604111496,0.03666841787826492
97.36,10.543914794921875,0.0628194585442543,3.103146348705574,-2.128785773817585e-05,0.0009107112305909509,0.0003334513818993003,0.0024962636071043575,-0.004185783033865865,0.008300065323710443,0.005888489559292794,0,0,False,-0.27264677304034807,-0.033392416217063396
97.38,10.543977737426758,0.06278349459171295,3.1030274224563694,-4.2396703370498034e-05,0.0008322390357444664,-0.0026167108843894106,0.0007242424680202871,-0.0006619166278920704,0.009050515107810499,0.00783497754484415,0,0,False,-0.2065880325035435,0.019546960753556164
97.4,10.544182777404785,0.0627894252538681,3.1030185391207605,-0.00020677436943607603,0.0008255766634975884,-0.00814008475126744,-0.0005156542276931719,-0.0021584348050607736,-0.0015468118339776993,0.0001590237393975258,0,0,False,-0.16072842439865964,0.024207278969948298
97.42,10.5443696975708,0.06284287571907043,3.1029143357393347,-0.00010510009695820742,0.0007747373282890729,-0.009785445969689978,-0.0011564438347496432,-0.00040859586116771303,-0.005938056260347367,-0.0047040415555238725,0,0,False,-0.08089548234412763,0.03215976810369695
97.44,10.544567108154297,0.06283556669950485,3.102973673921169,1.507635260972377e-05,0.0008017661882176338,-0.012524822569993196,-0.0031262061056190234,-0.0022492007162700427,-0.008624268285930157,-0.006743710339069367,0,0,False,-0.018992227092469356,0.05652411361786978
97.46,10.544763565063477,0.06284566968679428,3.102994734787476,-0.0004378898764405859,0.0008112215464385775,-0.009088349471919483,-5.616878455650358e-05,0.0019108648204036313,-0.00562851119786501,-0.0059886503964662555,0,0,False,0.043267837345252115,0.033033321640837165
97.48,10.545193672180176,0.0630006492137909,3.102838603063459,-0.0006847010553547691,0.0012533663306241616,-0.009659462918664955,-0.0016349978968001615,0.0023634942843687116,-0.0048080779612064365,-0.004927294850349427,0,0,False,0.14332573016582567,0.10834897607899427
97.5,10.545096397399902,0.06281930953264236,3.103067204924967,-6.772462234075254e-05,0.0003636002099250678,-0.006324018982069883,0.00034154860510698026,0.002234069870099204,-0.006568322218954563,-0.009062688127160073,0,0,False,0.08330082205833765,0.01945975468833642
97.52,10.545344352722168,0.06293632835149765,3.1031627534639186,-3.7061030434593434e-05,0.0007837406453097148,-0.0010587641567273887,0.0014738091662456721,0.006418717370049313,-0.004895288683474064,-0.003110801912844181,0,0,False,0.15463490732833646,-0.008946735761267524
97.54,10.545268058776855,0.0627988800406456,3.103173460377084,0.0004256031607065206,0.0004675535057555306,-0.0024242837072514295,-0.0008647962286258653,0.003467645195470788,-0.0029057326540350916,-0.0057040553167462356,0,0,False,0.13408624836786356,-0.030105917612415423
97.56,10.545273780822754,0.06287957727909088,3.103352100453063,8.842416161783819e-06,0.0003612351599298579,0.0027113296676016985,0.0005373947511525096,0.0016477554234673249,0.00037454812787473206,0.0007933963090181351,0,0,False,0.09206232188709969,-0.0864912292375434
97.58,10.545292854309082,0.0628809928894043,3.1033446165406047,-6.804910507130725e-06,0.0007126992877363434,0.004402880887358973,0.0006015860754832157,-0.00017440353889397835,-0.002225149301812053,-0.0040000051073729994,0,0,False,0.1507992028426605,-0.06543288323675457
97.6,10.545125961303711,0.06290166079998016,3.103294573897796,-4.7627615778342945e-05,0.0006298357020504126,0.006306221594240429,0.0016761779588162287,-0.0005005809689540115,-0.0013567514717578888,-0.0019447225704789164,0,0,False,0.06830269990555417,-0.037140248639112895
97.62,10.544914245605469,0.0627642571926117,3.1031595080939725,0.00010542881066241826,0.0005564810347957373,0.009639652520161154,0.0012299786744624415,-0.001766985463469466,-0.0013567514717578888,-0.0019447225704789164,0,0,False,0.049976373837111815,-0.005030893623706115
97.64,10.544764518737793,0.06276489794254303,3.1033120539755465,7.931254390143186e-05,0.000567647388637957,0.008175545660045915,0.0014602299668114332,-0.0013234644676616432,0.008009430021047592,0.007084200493991375,0,0,False,0.03148892872932128,-0.013939842871885995
97.66,10.54451847076416,0.06281229853630066,3.103203257703527,5.850770412236259e-05,0.0003143195049986163,0.008400990794327833,-0.0006854869324014134,-0.000576875028790459,0.003584193661808968,0.0039124458655714995,0,0,False,-0.024015662168840917,0.02219968979769266
97.68,10.54446792602539,0.06280995905399323,3.103188696740383,5.2713402654402694e-05,0.0007553897019542081,0.008825335892586526,-0.0005517204101971752,-0.0016157683987050653,0.0082918468862772,0.00722263902425766,0,0,False,0.009953144200933352,0.05727682648594363
97.7,10.544244766235352,0.06284485012292862,3.103113358091669,4.895321554018532e-05,0.0007822893515455722,0.007718399546653922,4.02732167921146e-06,8.989720345909026e-06,0.0082918468862772,0.00722263902425766,0,0,False,-0.0066048708924603995,0.010030906918146327
97.72,10.544060707092285,0.06283611059188843,3.10318279250365,0.00010223205672434528,0.000835621396709063,0.008971797196120566,-0.0028106379888389326,0.003258681651213749,0.011483941078186037,0.011546441465616227,0,0,False,-0.029090841569686776,0.023632095005541764
97.74,10.543901443481445,0.06283573061227798,3.103203976881155,0.00021067686936969144,0.0008993152636101114,0.007872601122931012,-0.0012160621628025396,0.00022559752466123003,0.010021382048726083,0.010332220271229745,0,0,False,-0.03054640935477971,0.00010826958218857394
97.76,10.5437593460083,0.06306220591068268,3.10344939127248,-0.0002281264256773411,0.0007954456609792125,0.006498068567011633,-0.0024073847606388608,0.00027479920173823527,0.009213241264224053,0.009397936537861825,0,0,False,-0.040709490921428296,-0.03893259385282121
97.78,10.543619155883789,0.0629662349820137,3.103131405893642,4.602303426585112e-05,0.0004715454955764468,0.005274686798271597,-4.513042282377417e-05,1.7651286920994756e-05,0.00809929095208645,0.006669270321726799,0,0,False,-0.022689688979460318,0.04997916021244821
97.8,10.543548583984375,0.06304838508367538,3.103204776439789,0.00014578265394860206,0.0004612322582056878,0.005715037922406372,0.000602924591103268,0.00014407414298811845,0.007097864598035813,0.006833565793931485,0,0,False,0.0053631677281781665,0.0035438954963663985
97.82,10.543479919433594,0.062855564057827,3.1032053889841085,0.00041298407426653024,0.0006266048412545263,0.006057426004574226,-0.00023587871935774844,0.004223930341657002,0.0024801935628056527,-0.045874110385775574,0,0,False,0.050871481284663456,0.06307707498535131
97.84,10.54330062866211,0.06303155422210693,3.103460917203919,3.1134979308990174e-05,0.0003304343583984662,0.006927121985265877,0.002605828264390815,0.0005583108414475411,0.0027328163757920267,-0.04419485174119473,0,0,False,0.06753799522148005,0.015623373427753995
97.86,10.543135643005371,0.06300368905067444,3.1034693203209747,-0.00010999086644676213,0.00024397666527497175,0.009344405301044587,-0.0013436482202951409,0.005063817285748992,0.005901356488466263,0.005207247957587243,0,0,False,0.09223861759125727,-0.02353996335746305
97.88,10.542986869812012,0.06286119669675827,3.103249441307105,0.0004342612826447972,0.0003198223303174364,0.01111807754012466,0.0006323923284309899,0.0013939440172084114,0.006503989920020104,0.007393214367330075,0,0,False,0.07679756275876347,0.053988271137702736
97.9,10.542737007141113,0.06299147009849548,3.1036104943669685,8.62665409636126e-05,0.0003194816504016034,0.013436515411875962,0.0005262509383176643,0.0023407332730596636,0.007169306278228761,0.007591691352427006,0,0,False,0.0727327082873893,-0.06379841969972858
97.92,10.542409896850586,0.06301509588956833,3.103572432725296,4.481636145966034e-05,0.00024181659893970174,0.013070927005966824,-0.0014666098774415112,0.004877372532463668,0.0058538013696670535,0.01599454998970032,0,0,False,0.059344865669360355,-0.01547339467319952
97.94,10.542059898376465,0.06300243735313416,3.1036565789828194,-0.00014980995192017736,0.00025382501807904564,0.015163021964035607,-1.6127603768566938e-05,-4.005629022918541e-05,0.012184484899044038,0.012903777062892915,0,0,False,0.03300376129862125,-0.03743910351586436
97.96,10.541946411132812,0.06301818788051605,3.103639631109702,-0.0002957901850243069,0.0008047308062784057,0.015865666793673388,1.5656040943791937e-05,0.00015607244335247628,0.012709351927042008,0.014669573381543162,0,0,False,0.0934872584633855,-0.05899899885975232
97.98,10.541524887084961,0.06303876638412476,3.10360728986375,0.00010881932257996776,0.0003723796774735054,0.016076816315765605,-0.00020349272100690652,-0.0006543950082094214,0.009486867561936379,0.00867724508047104,0,0,False,0.016747975349485765,-0.01637385042614695
98.0,10.541141510009766,0.06306200474500656,3.103584918520764,0.00014047191335672703,0.0003330434553251889,0.020549907683037504,0.00012353602310920557,0.0001574526236835825,-0.024467974901199344,0.019477773904800415,0,0,False,-0.02473812739829639,-0.003993830834450057
98.02,10.540775299072266,0.06306754797697067,3.1036042273821627,0.00011507648342119895,0.00030622776761954985,0.01650285999199444,-0.0004273328989309325,-0.0013499643243209136,0.016673388853669167,0.017918372601270677,0,0,False,-0.05393687066904916,0.0018830652281227299
98.04,10.540303230285645,0.06307078152894974,3.103652227319597,8.641264120904872e-05,-0.00030226383555055934,0.013886616601809367,-1.744657476247726e-05,-0.0001634340234035782,0.017043930962681773,0.01791575759649277,0,0,False,-0.13627854201396122,-0.07893552298028929
98.06,10.540206909179688,0.06312306970357895,3.1034992927178044,0.00023769505807050138,0.00016211131753226092,0.011761866662241764,-0.0006075954554293544,-0.0005037497899596063,0.019583362936973575,0.018901239931583408,0,0,False,-0.06248327838176943,0.05038283438438477
98.08,10.540031433105469,0.06310553848743439,3.1035718437988917,0.0003794214979698774,0.0003060177995144904,0.00964762432192084,0.002284196585965284,-0.006157389214739426,0.00624864622950554,0.0053514492511749275,0,0,False,-0.018395248540589392,0.02988194518306747
98.1,10.539836883544922,0.06315195560455322,3.103563927398966,-1.0398038189790063e-06,0.00019176334102322367,0.011504197721452992,0.0008326810839144953,0.0026806624264297824,0.009188862890005112,-0.0416541200876236,0,0,False,-0.024259844388187166,-0.001826365067651738
98.12,10.539525032043457,0.06291751563549042,3.1031596361824176,0.0005853638992114893,-0.00018885756803364758,0.012414996718562247,0.0007209152826354345,0.0022271215912417685,0.008314370922744275,0.010993988066911698,0,0,False,-0.027674194814181246,0.14144104828438853
98.14,10.539284706115723,0.06309149414300919,3.103713745711919,0.00041574808653099213,-0.0004449000362467971,0.009821079111186832,0.00023267070610692148,-0.0006498589953717422,0.012562961727380754,0.01284694530069828,0,0,False,-0.07194867030085485,-0.046475330781053203
98.16,10.539036750793457,0.06308607012033463,3.103750013526191,0.0005942811950468015,-0.0005170642319082194,0.007433688736786387,-0.0025637337844223616,0.005157894648011417,0.010863381251692773,0.01132933557033539,0,0,False,-0.11185190279821859,-0.05933944260461375
98.18,10.539051055908203,0.06316310912370682,3.103511938679336,0.00033065213582481214,-0.0002476956956479173,0.0057483040973837045,-0.0002671248883420814,-0.001037364036055055,0.008578378967940808,0.008326485008001329,0,0,False,-0.07248474964937529,0.01687582471751531
98.2,10.538938522338867,0.06314496695995331,3.1035722677542585,0.0004246222623749582,-0.0003264206050388307,0.0034668444947049512,-0.0008184821252744053,-0.00252003381712723,0.0024267007037997246,0.0012232122942805292,0,0,False,-0.05396268036954397,-0.06375182259981121
98.22,10.538825988769531,0.06313035637140274,3.1036307565890344,0.0005346902722201208,-0.00031525400139758376,0.004022299139236933,0.0002601332113537498,0.0007002069820294537,0.0039465117268264295,0.003470495324581862,0,0,False,-0.03674339878618042,0.008198661200984132
98.24,10.538762092590332,0.06316204369068146,3.103548410820821,0.00023282011850814612,-0.00040973029785455235,0.0031166743072229617,-0.00039378317768392474,5.774884002662918e-05,0.004125431329011917,0.0037976418621838096,0,0,False,-0.006707131476087047,0.03459801922983822
98.26,10.538728713989258,0.06315452605485916,3.1035679552378985,0.00032891500835871887,-0.00044164750748243334,0.0028088321944893333,-0.00014161370315397088,-0.00038147113997633855,0.004110084213316441,0.003239088654518128,0,0,False,-0.03070222092423364,0.009616834393336568
98.28,10.538690567016602,0.0631859302520752,3.1035768876614607,0.0001221859343408963,-0.0004938767625954359,0.002930273976617999,0.0001155510862372155,0.00024780772125976817,0.0014201877638697626,0.0010478127002716065,0,0,False,-0.018533340706846,-0.00429879372987348
98.3,10.538601875305176,0.06315021961927414,3.1036002388978363,8.628857334924525e-05,-0.0005729836296793241,0.001566121465298294,0.0005395068706347477,0.0014695537334963628,0.0024075979739427568,0.0018531455751508476,0,0,False,-0.039771884168523716,0.01737170040531995
98.32,10.538527488708496,0.06316171586513519,3.1035682354385217,3.856812814533243e-05,-0.0007581355053307963,0.0016340070506753132,0.0003225618844053101,-0.00028615465836324185,0.0033734247460961344,0.003220156338065863,0,0,False,-0.05420806265967456,-0.003971769767865965
98.34,10.538601875305176,0.063116155564785,3.1036855195365782,0.0001229163994128366,-0.0004952588760302781,-0.00037291853899249644,0.00039639947551962896,0.001008264892449228,0.0018011387810111048,0.0008867592550814153,0,0,False,-0.025693398302405586,-0.04032053532353369
98.36,10.538558959960938,0.06316511332988739,3.1035539952887916,7.793895115505512e-05,-0.0006655967195857612,-0.0014063710361558734,-3.460274995677027e-05,-6.993386016950226e-05,-0.0016186915431171656,-0.002808078601956368,0,0,False,-0.0403442008404122,0.02472940519380683
98.38,10.538630485534668,0.06311739981174469,3.1036809000892323,0.0001298239390927474,-0.0004740785680473041,-0.0004893503988941091,-0.0006226784152927792,-0.0017560890923862637,0.00041463661007583145,-0.0004944794625043869,0,0,False,-0.008250989132154123,-0.013752930973776643
98.4,10.538640022277832,0.06316020339727402,3.103562640729708,0.00013246126118164958,-0.0005276078509792316,-0.0015935290165581672,0.0004948387273499977,0.001692197757141614,-0.0018942230287939312,-0.0028451255895197394,0,0,False,0.00542829332031325,-0.001358266356541118
98.42,10.538642883300781,0.06316445022821426,3.1035450324091873,0.00011452025524315289,-0.0005878077219833243,-0.0010329976695648121,-0.00012804820261609113,-9.196958545287989e-05,-0.0007595170289278031,-0.0015530220139771702,0,0,False,-0.005612812881755336,0.022469974127540666
98.44,10.538684844970703,0.06312070786952972,3.103689371109363,0.00015724655200092464,-0.0005348876727671073,-0.0009721075705308227,-0.0004757387425488507,-0.00017859516869278937,-0.0008795264642685653,-0.0014785168692469598,0,0,False,0.01500180625931263,-0.04318653339399809
98.46,10.538713455200195,0.06312449276447296,3.103673542522396,0.00016590925929944265,-0.0005193494443555743,-0.0009383754294345264,-0.0004213511347706492,4.150883781695125e-05,-0.0015692696999758484,-0.0022353539615869522,0,0,False,0.01243978446329318,-0.01841122489798239
98.48,10.538719177246094,0.06319528818130493,3.1035483531162127,6.857576489565921e-05,-0.0004953466994994494,-0.0003933845158131825,-0.0009479022252603953,-0.0017627249143781596,-0.0012503521610051395,-0.0018116191402077677,0,0,False,0.012151344631635544,0.0022324396086599147
98.5,10.538719177246094,0.06319528818130493,3.1035483531162127,6.857576489565921e-05,-0.0004953466994994494,-3.781491250137884e-05,-0.0008870228524559999,-0.0015648675772914396,0.00041279179044067865,-2.2176364436745646e-05,0,0,False,0.011729692867929747,-0.0005188604727118095
98.52,10.538719177246094,0.06319528818130493,3.1035483531162127,6.857576489565921e-05,-0.0004953466994994494,0.0,-0.0,0.0,0.001233442183583975,0.0009245401155203582,0,0,False,0.004917306447664887,0.022034061429727466
98.54,10.538719177246094,0.06319528818130493,3.1035483531162127,6.857576489565921e-05,-0.0004953466994994494,0.0,-0.0,0.0,0.001233442183583975,0.0009245401155203582,0,0,False,0.0004726864062672456,0.019560844716143413
98.56,10.538719177246094,0.06319528818130493,3.1035483531162127,6.857576489565921e-05,-0.0004953466994994494,0.0,-0.0,0.0,0.001233442183583975,0.0009245401155203582,0,0,False,0.0,0.0
98.58,10.538719177246094,0.06319528818130493,3.1035483531162127,6.857576489565921e-05,-0.0004953466994994494,0.0,-0.0,0.0,0.001233442183583975,0.0009245401155203582,0,0,False,0.0,0.0
98.6,10.538719177246094,0.06319528818130493,3.1035483531162127,6.857576489565921e-05,-0.0004953466994994494,0.0,-0.0,0.0,0.001233442183583975,0.0009245401155203582,0,0,False,0.0,0.0
98.62,10.538719177246094,0.06319528818130493,3.1035483531162127,6.857576489565921e-05,-0.0004953466994994494,0.0,-0.0,0.0,0.001233442183583975,0.0009245401155203582,0,0,False,0.0,0.0
98.64,10.538719177246094,0.06319528818130493,3.1035483531162127,6.857576489565921e-05,-0.0004953466994994494,0.0,-0.0,0.0,0.001233442183583975,0.0009245401155203582,0,0,False,0.0,0.0
98.66,10.538719177246094,0.06319528818130493,3.1035483531162127,6.857576489565921e-05,-0.0004953466994994494,0.0,-0.0,0.0,0.001233442183583975,0.0009245401155203582,0,0,False,0.0,0.0
98.68,10.538719177246094,0.06319528818130493,3.1035483531162127,6.857576489565921e-05,-0.0004953466994994494,0.0,-0.0,0.0,0.001233442183583975,0.0009245401155203582,0,0,False,0.0,0.0
98.7,10.538719177246094,0.06319528818130493,3.1035483531162127,6.857576489565921e-05,-0.0004953466994994494,0.0,-0.0,0.0,0.001233442183583975,0.0009245401155203582,0,0,False,0.0,0.0
98.72,10.538719177246094,0.06319528818130493,3.1035483531162127,6.857576489565921e-05,-0.0004953466994994494,0.0,-0.0,0.0,0.001233442183583975,0.0009245401155203582,0,0,False,0.0,0.0
98.74,10.538719177246094,0.06319528818130493,3.1035483531162127,6.857576489565921e-05,-0.0004953466994994494,0.0,-0.0,0.0,0.001233442183583975,0.0009245401155203582,0,0,False,0.0,0.0
98.76,10.538719177246094,0.06319528818130493,3.1035483531162127,6.857576489565921e-05,-0.0004953466994994494,0.0,-0.0,0.0,0.001233442183583975,0.0009245401155203582,0,0,False,0.0,0.0
98.78,10.538719177246094,0.06319528818130493,3.1035483531162127,6.857576489565921e-05,-0.0004953466994994494,0.0,-0.0,0.0,0.001233442183583975,0.0009245401155203582,0,0,False,0.0,0.0
98.8,10.538719177246094,0.06319528818130493,3.1035483531162127,6.857576489565921e-05,-0.0004953466994994494,0.0,-0.0,0.0,0.001233442183583975,0.0009245401155203582,0,0,False,0.0,0.0
98.82,10.538719177246094,0.06319528818130493,3.1035483531162127,6.857576489565921e-05,-0.0004953466994994494,0.0,-0.0,0.0,0.001233442183583975,0.0009245401155203582,0,0,False,0.0,0.0
98.84,10.538719177246094,0.06319528818130493,3.1035483531162127,6.857576489565921e-05,-0.0004953466994994494,0.0,-0.0,0.0,0.001233442183583975,0.0009245401155203582,0,0,False,0.0,0.0
98.86,10.538719177246094,0.06319528818130493,3.1035483531162127,6.857576489565921e-05,-0.0004953466994994494,0.0,-0.0,0.0,0.001233442183583975,0.0009245401155203582,0,0,False,0.0,0.0
98.88,10.538719177246094,0.06319528818130493,3.1035483531162127,6.857576489565921e-05,-0.0004953466994994494,0.0,-0.0,0.0,0.001233442183583975,0.0009245401155203582,0,0,False,0.0,0.0
98.9,10.538719177246094,0.06319528818130493,3.1035483531162127,6.857576489565921e-05,-0.0004953466994994494,0.0,-0.0,0.0,0.001233442183583975,0.0009245401155203582,0,0,False,0.0,0.0
98.92,10.538719177246094,0.06319528818130493,3.1035483531162127,6.857576489565921e-05,-0.0004953466994994494,0.0,-0.0,0.0,0.001233442183583975,0.0009245401155203582,0,0,False,0.0,0.0
98.94,10.538719177246094,0.06319528818130493,3.1035483531162127,6.857576489565921e-05,-0.0004953466994994494,0.0,-0.0,0.0,0.001233442183583975,0.0009245401155203582,0,0,False,0.0,0.0
98.96,10.538719177246094,0.06319528818130493,3.1035483531162127,6.857576489565921e-05,-0.0004953466994994494,0.0,-0.0,0.0,0.001233442183583975,0.0009245401155203582,0,0,False,0.0,0.0
98.98,10.538719177246094,0.06319528818130493,3.1035483531162127,6.857576489565921e-05,-0.0004953466994994494,0.0,-0.0,0.0,0.001233442183583975,0.0009245401155203582,0,0,False,0.0,0.0
99.0,10.538719177246094,0.06319528818130493,3.1035483531162127,6.857576489565921e-05,-0.0004953466994994494,0.0,-0.0,0.0,0.001233442183583975,0.0009245401155203582,0,0,False,0.0,0.0
99.02,10.538719177246094,0.06319528818130493,3.1035483531162127,6.857576489565921e-05,-0.0004953466994994494,0.0,-0.0,0.0,0.001233442183583975,0.0009245401155203582,0,0,False,0.0,0.0
99.04,10.538719177246094,0.06319528818130493,3.1035483531162127,6.857576489565921e-05,-0.0004953466994994494,0.0,-0.0,0.0,0.001233442183583975,0.0009245401155203582,0,0,False,0.0,0.0
99.06,10.538719177246094,0.06319528818130493,3.1035483531162127,6.857576489565921e-05,-0.0004953466994994494,0.0,-0.0,0.0,0.001233442183583975,0.0009245401155203582,0,0,False,0.0,0.0
99.08,10.538719177246094,0.06319528818130493,3.1035483531162127,6.857576489565921e-05,-0.0004953466994994494,0.0,-0.0,0.0,0.001233442183583975,0.0009245401155203582,0,0,False,0.0,0.0
99.1,10.538719177246094,0.06319528818130493,3.1035483531162127,6.857576489565921e-05,-0.0004953466994994494,0.0,-0.0,0.0,0.001233442183583975,0.0009245401155203582,0,0,False,0.0,0.0
99.12,10.538719177246094,0.06319528818130493,3.1035483531162127,6.857576489565921e-05,-0.0004953466994994494,0.0,-0.0,0.0,0.001233442183583975,0.0009245401155203582,0,0,False,0.0,0.0
99.14,10.538719177246094,0.06319528818130493,3.1035483531162127,6.857576489565921e-05,-0.0004953466994994494,0.0,-0.0,0.0,0.001233442183583975,0.0009245401155203582,0,0,False,0.0,0.0
99.16,10.538719177246094,0.06319528818130493,3.1035483531162127,6.857576489565921e-05,-0.0004953466994994494,0.0,-0.0,0.0,0.001233442183583975,0.0009245401155203582,0,0,False,0.0,0.0
99.18,10.538719177246094,0.06319528818130493,3.1035483531162127,6.857576489565921e-05,-0.0004953466994994494,0.0,-0.0,0.0,0.001233442183583975,0.0009245401155203582,0,0,False,0.0,0.0
99.2,10.538719177246094,0.06319528818130493,3.1035483531162127,6.857576489565921e-05,-0.0004953466994994494,0.0,-0.0,0.0,0.001233442183583975,0.0009245401155203582,0,0,False,0.0,0.0
99.22,10.538719177246094,0.06319528818130493,3.1035483531162127,6.857576489565921e-05,-0.0004953466994994494,0.0,-0.0,0.0,0.001233442183583975,0.0009245401155203582,0,0,False,0.0,0.0
99.24,10.538719177246094,0.06319528818130493,3.1035483531162127,6.857576489565921e-05,-0.0004953466994994494,0.0,-0.0,0.0,0.001233442183583975,0.0009245401155203582,0,0,False,0.0,0.0
99.26,10.538719177246094,0.06319528818130493,3.1035483531162127,6.857576489565921e-05,-0.0004953466994994494,0.0,-0.0,0.0,0.001233442183583975,0.0009245401155203582,0,0,False,0.0,0.0
99.28,10.538719177246094,0.06319528818130493,3.1035483531162127,6.857576489565921e-05,-0.0004953466994994494,0.0,-0.0,0.0,0.001233442183583975,0.0009245401155203582,0,0,False,0.0,0.0
99.3,10.538719177246094,0.06319528818130493,3.1035483531162127,6.857576489565921e-05,-0.0004953466994994494,0.0,-0.0,0.0,0.001233442183583975,0.0009245401155203582,0,0,False,0.0,0.0
99.32,10.538719177246094,0.06319528818130493,3.1035483531162127,6.857576489565921e-05,-0.0004953466994994494,0.0,-0.0,0.0,0.001233442183583975,0.0009245401155203582,0,0,False,0.0,0.0
99.34,10.538719177246094,0.06319528818130493,3.1035483531162127,6.857576489565921e-05,-0.0004953466994994494,0.0,-0.0,0.0,0.001233442183583975,0.0009245401155203582,0,0,False,0.0,0.0
99.36,10.538719177246094,0.06319528818130493,3.1035483531162127,6.857576489565921e-05,-0.0004953466994994494,0.0,-0.0,0.0,0.001233442183583975,0.0009245401155203582,0,0,False,0.0,0.0
99.38,10.538719177246094,0.06319528818130493,3.1035483531162127,6.857576489565921e-05,-0.0004953466994994494,0.0,-0.0,0.0,0.001233442183583975,0.0009245401155203582,-0.3,0,True,0.0,0.0
99.4,10.538719177246094,0.06319528818130493,3.1035483531162127,6.857576489565921e-05,-0.0004953466994994494,0.0,-0.0,0.0,0.001233442183583975,0.0009245401155203582,-0.3,0,True,0.0,0.0
99.42,10.538719177246094,0.06319528818130493,3.1035483531162127,6.857576489565921e-05,-0.0004953466994994494,0.0,-0.0,0.0,0.001233442183583975,0.0009245401155203582,-0.3,0,True,0.0,0.0
99.44,10.538719177246094,0.06319528818130493,3.1035483531162127,6.857576489565921e-05,-0.0004953466994994494,0.0,-0.0,0.0,0.001233442183583975,0.0009245401155203582,-0.3,0,True,-0.02584768942868371,0.027503617667860643
99.46,10.538719177246094,0.06319528818130493,3.1035483531162127,6.857576489565921e-05,-0.0004953466994994494,0.0,-0.0,0.0,0.001233442183583975,0.0009245401155203582,-0.3,0,True,-0.07306910261699295,0.0359177275944346
99.48,10.538719177246094,0.06319528818130493,3.1035483531162127,6.857576489565921e-05,-0.0004953466994994494,-0.0020678151542946528,0.0010453749822148571,0.0022002894134288044,0.001233442183583975,0.0009245401155203582,-0.3,0,True,-0.13488666013355805,0.043729361726975925
99.5,10.538719177246094,0.06319528818130493,3.1035483531162127,6.857576489565921e-05,-0.0004953466994994494,-0.005845528209359312,0.0012548120023550705,0.002873418207554707,0.001233442183583975,0.0009245401155203582,-0.3,0,True,-0.25051765234194856,0.024746155410645388
99.52,10.538881301879883,0.06310542672872543,3.103724376269287,0.00018552556689299798,-0.00043903352976050057,-0.010790932810684413,0.0014358597857434276,0.0034983489381579993,0.001233442183583975,0.0009245401155203582,-0.3,0,True,-0.31364000270669923,-0.029554929555990078
99.54,10.539182662963867,0.06307718902826309,3.103778226572817,0.0002757429528442521,-0.0004691856194981286,-0.02004141218735902,0.000943968456562833,0.0019796924328519404,-0.008518516793847086,-0.00943392962217331,-0.3,0,True,-0.3416095490318834,-0.03589382065890615
99.56,10.53957748413086,0.06304781883955002,3.1038282210312653,0.0003517017835041021,-0.00045986835069688624,-0.02715901537083006,-0.00011399690912790414,-0.00016410495105035133,-0.015617669597268105,-0.015364560708403589,-0.3,0,True,-0.3432874929282299,-0.05868458949239125
99.58,10.540318489074707,0.06305921077728271,3.103706728510841,0.0005878892072890525,3.160664180909361e-05,-0.0331742921319094,-4.2682886864992735e-05,1.9125548422760777e-06,-0.020990548431873323,-0.02080132827162743,-0.3,0,True,-0.27671533661657405,-0.028814196304517543
99.6,10.54105281829834,0.06303250789642334,3.103711247873203,0.00048826298774023384,0.00014219676575981453,-0.03825393224494222,-0.00041855802366107925,-0.0011964182212332007,-0.033960230499506,-0.03462140530347824,-0.3,0,True,-0.2435651552773989,0.0140213830064613
99.62,10.541834831237793,0.06298007816076279,3.1037783795772045,0.0005554437727001309,0.00040579367960490013,-0.04217863911668447,0.001157659328475927,-0.0003254432715094138,-0.03538168847560883,-0.03409492045640946,-0.3,0,True,-0.2519436704898745,-0.0069856254270031694
99.64,10.54263687133789,0.06296537816524506,3.1037325075735667,0.00029772169858076575,0.00042077562376898934,-0.046644227793021555,0.0003141467443625325,0.0009576056894665287,-0.09084305673837663,-0.03761804223060608,-0.3,0,True,-0.2777683796903628,0.01966769425758031
99.66,10.543686866760254,0.0628390982747078,3.10368069304912,0.00036155232032183916,0.0005835116007171765,-0.05332978577109893,-0.00018491719119792483,-0.0005569374793179656,-0.042414855957031254,-0.040762314796447756,-0.3,0,True,-0.3284405059243776,0.019931007735549972
99.68,10.544780731201172,0.06286615133285522,3.1037878563283603,-6.042519606815966e-05,0.0006439291843691496,-0.060475402620174715,0.00013237159609462857,0.00037699731937347017,-0.053348083496093754,-0.05053410470485688,-0.3,0,True,-0.39691994046153656,-0.02833983861298592
99.7,10.546098709106445,0.06283315271139145,3.103733824578859,-0.000169346287318996,0.000711649110210022,-0.06845387959063412,-0.0005628543037183493,0.00126903734733455,-0.06746633470058441,-0.0663469645380974,-0.3,0,True,-0.4178908755193203,0.017203876205505075
99.72,10.547471046447754,0.06277193874120712,3.1037626673591165,0.0002144151747449856,0.00032097978551693193,-0.0783978230299438,-0.0003842887857358453,-0.0013095813995722965,-0.07127099871635438,-0.07752628624439241,-0.3,0,True,-0.4583619639303393,0.009991586264885149
99.74,10.549160957336426,0.0626768171787262,3.103782216036907,0.00014253536510310444,0.0005076936369358264,-0.08676105581264384,0.0002658568975399049,0.0008193726171224111,-0.07127099871635438,-0.07752628624439241,-0.3,0,True,-0.5090714583584381,-0.00018996829137530704
99.76,10.55104923248291,0.06265966594219208,3.1036830898163945,-0.0003605628339587974,0.0005891922754433773,-0.09714435973460107,0.00037888067130701026,0.001176324220564265,-0.0856277483701706,-0.08325843513011934,-0.3,0,True,-0.5308473081141352,0.025307997714303337
99.78,10.553033828735352,0.06254952400922775,3.103799374388229,-4.434196462391876e-06,0.0002456632904753818,-0.1091795962593083,3.417796473132416e-05,0.0012538398840245258,-0.13832450687885287,-0.09357584834098817,-0.3,0,True,-0.6042457241661783,-0.022736251144920696
99.8,10.555235862731934,0.06244710460305214,3.1038567732967617,-0.0001423283774153685,-0.00026659069042649574,-0.12086560767907371,0.00022876329711037438,0.0007150584175719274,-0.10492598295211793,-0.10323949158191682,-0.3,0,True,-0.6533977105313302,-0.028318071879641738
99.82,10.557888984680176,0.06234406307339668,3.103882523227629,-3.0315913922504177e-05,-9.845673839175165e-05,-0.13510071374593707,-0.0003123632382574758,-0.0009995274744712059,-0.11461661696434022,-0.1132328236103058,-0.3,0,True,-0.6512889063242713,-0.010509771417381552
99.84,10.560710906982422,0.06227658689022064,3.1037402944898003,-4.809945931723372e-05,-0.0002582587571812141,-0.14941617657710637,-0.0003278931157503096,-0.0010891215298070255,-0.12911313951015474,-0.1319164288043976,-0.3,0,True,-0.6157222214533379,0.025095966650763264
99.86,10.563835144042969,0.06216701865196228,3.103719412190271,-0.00019194467308860624,-0.00043259774598051516,-0.1612827087652489,0.00021163814911911126,0.00041305817063401956,-0.14382845878601075,-0.1460180449485779,-0.3,0,True,-0.487462562816634,0.047034127552616246
99.88,10.567181587219238,0.06202096492052078,3.103769643574377,6.805361740973676e-05,-0.0006811142996825171,-0.1701233853953397,0.0008755303053225444,0.0027227357496329456,-0.15945831418037415,-0.16285941004753116,-0.3,0,True,-0.36285217174261464,0.03071753159035593
99.9,10.570781707763672,0.06183859705924988,3.1039155678812795,0.0004354772656750123,0.00020560506321571547,-0.1740977187712739,0.0009527322826445852,0.002763202729738682,-0.16943315029144287,-0.17102112889289858,-0.3,0,True,-0.23256818609752397,-0.020636989952471613
99.92,10.574308395385742,0.061691951006650925,3.103958113349771,0.0002262465653956625,0.0007866697211992483,-0.17844435031651493,0.00044278970252899924,0.0013682809974213965,-0.1806629800796509,-0.1804340946674347,-0.3,0,True,-0.20994389647285383,-0.041944422125852046
99.94,10.577750205993652,0.06156621873378754,3.1039404684086502,4.059598751831458e-05,0.0003870318248632255,-0.1798881636530504,-0.0005011096285145455,-0.0012379010255636745,-0.18086847543716433,-0.16954761385917666,-0.3,0,True,-0.31744231183852467,-0.027430252630343325
99.96,10.581445693969727,0.061448439955711365,3.103879106054171,-2.9679545270086615e-05,0.0002615334788506644,-0.18691889711316764,-0.0007132616577133592,-0.0006328180204351465,-0.17529464960098268,-0.17413777232170108,-0.3,0,True,-0.4073927487923887,-0.0040873883687422745
99.98,10.585164070129395,0.061336930841207504,3.1038165357992344,-0.00031733230211282475,-0.0004337166192998975,-0.19949310371835532,-0.0003928555494034005,0.0005687825193112627,-0.23003719925880434,-0.18623040556907655,-0.3,0,True,-0.5464427203418285,0.10876869581254633
100.0,10.589253425598145,0.06118515506386757,3.103907487908136,-0.0002880384009121607,-0.0008322762982931808,-0.21103577021990533,-0.0001916248739274786,0.0010412899279220215,-0.2284760069847107,-0.18939654111862184,-0.3,0,True,-0.5421394958853682,0.09231966993246551
100.02,10.59369945526123,0.06099488213658333,3.103985971010195,0.00010919637481153928,-0.00033769016631493234,-0.22360358128039576,-0.001279149297270409,0.007463594639439846,-0.2106730377674103,-0.21115710258483888,-0.3,0,True,-0.4266491087368531,0.058547954509896305
100.04,10.59831714630127,0.060827676206827164,3.1039624092484046,0.00011062554088415919,0.00038819751288675543,-0.23029005678400388,-0.0008066888765702798,0.006752755574163249,-0.23642149925231937,-0.22775096535682682,-0.3,0,True,-0.38160206112748063,0.08334120828749102
100.06,10.603043556213379,0.06076662987470627,3.1044136233703896,-0.0003864707130454054,0.0008077493630179194,-0.23362503241730284,-0.0011722477545031583,0.005252618880102867,-0.24092013359069828,-0.2304775381088257,-0.3,0,True,-0.344106264145461,-0.07117829965333805
100.08,10.607666015625,0.06055653840303421,3.104447708354069,-0.0002055667226449222,0.0005017874627550508,-0.24156393511010313,-0.00036154688330604194,0.00770858659092116,-0.24023900985717775,-0.23033366799354554,-0.3,0,True,-0.3823127148056783,-0.06194603364977334
100.1,10.612380027770996,0.06039388105273247,3.1044061805206034,0.00015936457110883769,-0.0003227219362023154,-0.25113208241203205,0.0009368974201508576,0.0017693306671729236,-0.23748863816261293,-0.27352930784225465,-0.3,0,True,-0.4393854461780512,-0.039958218294450946
100.12,10.617630004882812,0.06013891473412514,3.1045790961756783,7.927452600034974e-05,-0.0005728516187269289,-0.2608750739684575,0.0005794074672812628,0.001797072882181488,-0.2835209584236145,-0.24298633575439454,-0.3,0,True,-0.31534475307508164,-0.11107104893819582
100.14,10.623117446899414,0.05994480475783348,3.1045551698237634,-1.5005568281669153e-05,-4.659419773160624e-05,-0.2687758681115462,0.0006732752395879928,0.0020559614165468593,-0.26827206134796144,-0.26568339228630067,-0.3,0,True,-0.23154815806446297,-0.035486233500437656
100.16,10.628520011901855,0.0597379207611084,3.1045914741846437,-0.00015942306542427375,0.0004090936756709701,-0.2667915153561091,-0.0003944355995220833,-0.001177097324134316,-0.2763392269611359,-0.27769368052482607,-0.3,0,True,-0.10894766669015214,-0.04444008796192412
100.18,10.633865356445312,0.059543855488300323,3.104570657433927,-0.00013396948431571693,0.0006408731123647745,-0.269655935057192,-0.00036102489114829724,-0.0010695680128625323,-0.2679767692089081,-0.26831266641616824,-0.3,0,True,-0.06061452610229408,-0.029619527258589212
100.2,10.638959884643555,0.059380900114774704,3.1044849283897475,5.5603949552276356e-05,-0.0004434949106137554,-0.2695908873036695,-0.0005287924814426897,-0.0017581341547723659,-0.2640892553329468,-0.321140068769455,-0.3,0,True,-0.13244166379245906,0.01411076651615444
100.22,10.644676208496094,0.059175193309783936,3.1044696043827344,0.0001253587276497102,-3.325388738510901e-05,-0.2736250301997296,-0.00015521390741042758,-0.0003136007641402272,-0.2640892553329468,-0.321140068769455,-0.3,0,True,-0.00548612273271546,0.024922820357210447
100.24,10.650074005126953,0.0589800663292408,3.104450823452262,0.00014175551775341653,-0.0006452717225080242,-0.2773868484595056,-4.901999101033887e-05,-4.8236002841984735e-05,-0.2851603984832764,-0.2867414259910584,-0.3,0,True,-0.029448288098356885,0.049827367636994704
100.26,10.655740737915039,0.05874382704496384,3.104545569372796,1.2908004617377763e-05,0.00046505924996215626,-0.2700948248758092,0.0011746025320927781,0.000924257615714261,-0.276797081232071,-0.27653486728668214,-0.3,0,True,0.028674953742312187,0.05513343861181477
100.28,10.66113567352295,0.058560796082019806,3.10448106950952,-9.642695952348343e-05,0.0008290204638063436,-0.271946750351538,0.0015547797125100484,0.002228055256187126,-0.29414091110229496,-0.2837961483001709,-0.3,0,True,0.00080429138228923,0.060919222700034185
100.3,10.666265487670898,0.05828097462654114,3.1045435449919916,-7.829000531014619e-05,-0.0002211533640272079,-0.2713310339003447,-0.0008762297006639688,0.00409707432480486,-0.27118194937705997,-0.2709657144546509,-0.3,0,True,-0.1660283009397142,0.04923113834258629
100.32,10.671810150146484,0.058048564940690994,3.104629067872757,0.00038780389443662534,-0.00045077548140628186,-0.2773225051489225,-0.0007718887916897538,0.004825301813160646,-0.2633814871311188,-0.2626391887664795,-0.3,0,True,-0.10046978010545554,0.03125186532649176
100.34,10.677434921264648,0.058009855449199677,3.1048733353187803,-0.00011563244064978792,-0.0007788808157736945,-0.28337708895098607,-0.0015036719711153512,0.004862748683121081,-0.28033467054367067,-0.2793937027454376,-0.3,0,True,-0.11700541059031344,-0.034487213539451195
100.36,10.683308601379395,0.05780262500047684,3.104867093654573,0.00011741265899348582,0.00021232414330646067,-0.27998433275997425,-0.0016393073468711026,0.004728204482306413,-0.29871783494949344,-0.29712273836135866,-0.3,0,True,0.034687421191442185,-0.046753641955923145
100.38,10.688924789428711,0.05756894126534462,3.1049325648866413,0.00015298694479455745,0.0007339793464116301,-0.28069146674756956,0.00041829071999753727,0.0013380972416488232,-0.2822085785865784,-0.27949345469474796,-0.3,0,True,0.06424895169692203,-0.03784376008217511
100.4,10.694198608398438,0.05735719949007034,3.1050073242313414,-4.852931030342311e-05,-0.00021148646767002102,-0.2745475114536067,0.00042468924802853414,0.0010850104566862094,-0.2704588520526886,-0.26741380572319035,-0.3,0,True,-0.01092090533403196,-0.01770639800168363
100.42,10.699873924255371,0.05715338513255119,3.104980383098112,-1.742353709370443e-05,-0.00010333666068655617,-0.2782371728152324,0.0005159247064151998,0.001835247876547136,-0.2704588520526886,-0.26741380572319035,-0.3,0,True,0.05535480611566827,0.011000221732324535
100.44,10.705256462097168,0.05696529895067215,3.104953894491108,-3.0021343909727945e-05,-0.0010960264552103837,-0.2808580051866968,-0.0018662646675682744,0.003311692642171753,-0.2845885062217713,-0.28449966907501223,-0.3,0,True,-0.03831255457386966,0.014020068319770585
100.46,10.711167335510254,0.05671292543411255,3.105079384716765,0.00011039320040637148,0.00036032359583606854,-0.2762630822583162,0.0007119908488179907,0.0022181149802347673,-0.27375466346740723,-0.3259785556793213,-0.3,0,True,0.052686609650660646,-0.012187472689942011
100.48,10.716657638549805,0.056683361530303955,3.105272259642715,-0.0004395555181926144,0.0007398663541059529,-0.2776125158195162,-0.0008315249421082162,0.0022066159222678323,-0.2963549971580506,-0.2952772688865662,-0.3,0,True,0.013832438713991552,-0.06341061487155901
100.5,10.72195816040039,0.056289661675691605,3.105157832296531,0.00013450574869710075,0.00017610504198558184,-0.27402224404317965,0.0024204703562587856,0.0008602500613517959,-0.2755162692070008,-0.27503181219100953,-0.3,0,True,-0.10824063844362729,-0.02999260153075817
100.52,10.727453231811523,0.05622531473636627,3.1051304237648893,-0.0003664226971050079,-0.00023475387631486757,-0.2797514100895775,0.004464070599393173,-0.0017611565475528599,-0.2621149277687073,-0.2743198883533478,-0.3,0,True,-0.0757232492981342,-0.014664776871801193
100.54,10.733067512512207,0.05572087690234184,3.105148204721673,0.00043852467290155927,-0.000757124210478723,-0.28492233333380773,0.0020110433096910095,-0.00018129314222626146,-0.27612626314163213,-0.2777940082550049,-0.3,0,True,-0.08076244944820904,-0.010249268631438905
100.56,10.739009857177734,0.05551062524318695,3.105131367118911,0.00022730825528094594,0.00010819514323796658,-0.2836703757633668,0.003983132124312269,0.0010334337725237618,-0.2828972625732422,-0.2920783638954163,-0.3,0,True,0.036971839958319194,0.018610960462046258
100.58,10.744730949401855,0.05529836192727089,3.105143328845153,-0.00025381986547006195,0.0007873650458337444,-0.28048323999903624,3.83196877934075e-06,4.0308570836701e-05,-0.2985062313079834,-0.3016106748580933,-0.3,0,True,0.09124563277520592,-0.007689556410714666
100.6,10.750120162963867,0.0550796203315258,3.1052130984666912,-0.0001552448595319915,0.0004989016163579569,-0.276793662892912,-7.469347742337235e-05,-0.00027227971058919084,-0.28538471937179566,-0.2841580724716187,-0.3,0,True,0.027311552688834867,-0.02535435701340903
100.62,10.755491256713867,0.054902877658605576,3.10515142940734,-2.986136506484901e-06,-0.000147365940199834,-0.2776226827117914,-0.00025618669308989823,-0.0007964576550834216,-0.27425035238265993,-0.31478944778442386,-0.3,0,True,-0.03339597802960311,-0.0001679765943701855
100.64,10.761138916015625,0.05471120402216911,3.1051095847420638,6.789789884515071e-05,-0.000597179664748078,-0.28148545154826005,-0.00032734054688050157,-0.0009949147885489173,-0.28242471337318426,-0.32476201415061956,-0.3,0,True,-0.015590927436623719,0.021052372545790555
100.66,10.766926765441895,0.05450966954231262,3.105079612232746,8.457174053191139e-05,-1.7830326162938977e-05,-0.28315491824140443,-2.473020426717494e-05,2.687044328708645e-05,-0.2820771670341492,-0.2850297045707703,-0.3,0,True,0.009776672175438664,0.02935029499148826
100.68,10.772624969482422,0.054284416139125824,3.1051335052836073,-6.456914378724643e-05,0.0006072013003924819,-0.2780409370878421,0.0004134510324736995,0.0014119100930743169,-0.2820771670341492,-0.2850297045707703,-0.3,0,True,0.08499377952315952,0.024212091423585425
100.7,10.778128623962402,0.05407793074846268,3.105153579042803,-6.571783291672782e-05,0.0008277306478873638,-0.27684054893775634,0.0005406561473825719,0.0015515659442355888,-0.2951021480560303,-0.2945465445518494,-0.3,0,True,0.061727102638270345,0.011369028001251766
100.72,10.783366203308105,0.05386735871434212,3.1052225375495097,-9.259397956988065e-05,-0.00033040399948858787,-0.27468594918640743,0.0003570701226854288,0.0009420525253378754,-0.2752239060401917,-0.2749472808837891,-0.3,0,True,-0.03696142322931205,-0.018392147042509917
100.74,10.789057731628418,0.053659599274396896,3.105203737508285,-8.114763921292174e-05,-0.0001635469318913024,-0.2782167500303429,0.00034810760745443946,0.0009363926833872082,-0.26653929471969606,-0.266058851480484,-0.3,0,True,0.03413251245916255,0.007323011822699432
100.76,10.794584274291992,0.05345681682229042,3.1052088694856343,-4.320962004539759e-05,-0.0006275672855335952,-0.280997850946187,6.815981971544476e-05,-5.946167032644516e-05,-0.2837293076515198,-0.28731253385543826,-0.3,0,True,0.0014175756541362796,0.025541680131747607
100.78,10.800370216369629,0.05324035882949829,3.105228490457474,-4.792646600362502e-05,0.0006226288413423506,-0.2741099479410234,0.000592701448853079,0.002137406890051531,-0.2795602369308472,-0.2807600808143616,-0.3,0,True,0.09062795692532223,0.02740728474393112
100.8,10.805830955505371,0.053044188767671585,3.1052177806158836,-0.00010658687403416419,0.0009477848757969906,-0.27457254313407653,0.0008451511336384134,0.00298538693587764,-0.29242388248443607,-0.2903849005699158,-0.3,0,True,0.0419330898010594,0.051865310648562805
100.82,10.810970306396484,0.052814967930316925,3.105374730059489,-0.00016423642696135652,-0.0002967391435984565,-0.2709665134763173,0.0007941178273968806,0.003128975462901651,-0.27286867856979374,-0.2725800204277039,-0.3,0,True,-0.08511000685561516,0.003280212388582034
100.84,10.816533088684082,0.052590422332286835,3.1054477004405046,0.0002742140460331553,-0.0006781095635779844,-0.27764320376210233,0.0010515602930557654,0.004089763181558491,-0.2734845137596131,-0.2617173051834107,-0.3,0,True,-0.05395423683291396,-0.00740239408318664
100.86,10.822031021118164,0.052391935139894485,3.105478808494506,-2.8237435294207957e-05,-0.0009702110638778631,-0.28091874848947246,0.0005967117190117666,0.002399823881138088,-0.2831931304931641,-0.27681759238243103,-0.3,0,True,-0.09473308168093987,-0.011199291944373344
100.88,10.828024864196777,0.052157461643218994,3.1055449616704083,-7.950503931134577e-05,0.0008106606349838054,-0.27888888208070955,0.0005611962841378139,0.0023931954092227216,-0.2833038139343262,-0.2821570670604706,-0.3,0,True,0.04216679864049326,-0.028393291002100186
100.9,10.833427429199219,0.05195583403110504,3.1055667159699802,-6.939969431208872e-05,0.0005839413278039958,-0.27854516001079366,0.0006289034998084551,0.0022330321073516434,-0.3026681590080261,-0.3088015770912171,-0.3,0,True,-0.024477098035322574,0.002272174927589335
100.92,10.838828086853027,0.05174146592617035,3.1056391560732424,-0.00015315193056766828,0.00010635868075153472,-0.27426985987086294,0.0005155921014189518,0.0018182999013905245,-0.27396055936813357,-0.2721923196315766,-0.3,0,True,-0.09303939683922073,-0.0034001247925520657
100.94,10.844298362731934,0.051539041101932526,3.1056574510630943,4.4463925591572664e-05,-0.000554250556783948,-0.2828769163322982,0.0007020710889430633,0.002581597875345231,-0.27396055936813357,-0.2721923196315766,-0.3,0,True,-0.0583271320169254,0.006086935719560021
100.96,10.849950790405273,0.05132753401994705,3.1056904256625195,-4.955859371647672e-06,-0.0011045525449931081,-0.28633203382784705,0.0005956389757525247,0.002121185425818562,-0.27703853368759157,-0.27791354537010193,-0.3,0,True,-0.1197315364639765,0.0011359997761875274
100.98,10.856040954589844,0.0510866604745388,3.105773243800008,1.967650322413244e-05,0.0003071865184483013,-0.2832113305721476,0.00074870033887902,0.0027199869649164347,-0.28232251644134526,-0.2838293266296387,-0.3,0,True,0.09884036267115706,-0.027848110640689223
101.0,10.86171817779541,0.050871625542640686,3.105808850907308,8.836557537304582e-05,0.0008617615898176483,-0.28384838278798086,0.0005614759647592765,0.0019091798834855248,-0.24969676136970523,-0.3067917680740357,-0.3,0,True,0.09302937590408569,-0.03712864799963243
101.02,10.866938591003418,0.05066780000925064,3.1058750500202876,-9.956250310594469e-05,-0.00027064943975316637,-0.2749696873186058,0.00013936473547526175,0.0003537490240901406,-0.28359066963195806,-0.2826045656204224,-0.3,0,True,-0.014958580150766274,-0.039662031839639594
101.04,10.872642517089844,0.05047024413943291,3.1058431600531984,-9.759815226389703e-05,-0.00017917564486981215,-0.27888968375551904,-0.00032878342423880644,-0.0008491064141524966,-0.2707630062103272,-0.26645626544952394,-0.3,0,True,0.06498670525371536,-0.02321003847109379
101.06,10.878024101257324,0.05028998479247093,3.105801543721935,-0.0001832921761286156,-0.0012100334045430114,-0.28440801698420887,-0.00013515977429732172,-0.00045297558225466516,-0.28599262714385987,-0.2849529004096985,-0.3,0,True,-0.05995385251661492,0.020383325641804877
101.08,10.884016036987305,0.05010046809911728,3.1057409223941757,-2.886728842583287e-05,0.00015252885815440233,-0.27864944636768374,-7.01763706271244e-05,5.237680579806115e-05,-0.2751020658016205,-0.2758455908298493,-0.3,0,True,0.07568051004716672,0.031147153966780354
101.1,10.889677047729492,0.04986443743109703,3.1058388119737073,-1.3754184577548117e-05,0.0011909451248865654,-0.2797659955199349,0.0004915505240959007,0.001984415075434496,-0.2989857149124146,-0.29971472024917606,-0.3,0,True,0.13531087744651307,0.025744309243011826
101.12,10.894920349121094,0.04967682063579559,3.1058473501976622,-4.392295516427152e-06,0.0003870510431627932,-0.2728352429517458,0.0004866273856726708,0.0016426659031898788,-0.2828969955444336,-0.2811019611358643,-0.3,0,True,-0.0340803892678453,0.022520009680741377
101.14,10.900389671325684,0.04945063963532448,3.10596029692797,-4.8616103873303164e-05,-7.290860750012988e-06,-0.27358314678848805,0.0004182774304737017,0.001606569157186237,-0.27106328010559083,-0.26491222977638246,-0.3,0,True,0.015243477887476018,-0.020694659406333957
101.16,10.905827522277832,0.0492815226316452,3.105872335666431,3.8424955433289136e-05,-0.0008743694037800826,-0.2813758775091113,0.00048822396172272867,0.0018539775802573328,-0.27541561603546144,-0.275507390499115,-0.3,0,True,-0.07535629512860098,0.005776440896859937
101.18,10.911548614501953,0.04905128851532936,3.105967337506282,0.00014707742479224187,-0.0005573582474059725,-0.27854651728893665,0.00011689290391802588,0.00032884232292752097,-0.27663214921951296,-0.27643588304519656,-0.3,0,True,-0.020467151943961724,-0.013596366064055686
101.2,10.917414665222168,0.04883389174938202,3.105995668404083,-6.088695508112433e-08,0.00114432456694506,-0.2788637465620338,0.0006588891291521466,0.002104781174938664,-0.28985563278198245,-0.2892933702468872,-0.3,0,True,0.09207008139970178,-0.02350374776735709
101.22,10.922658920288086,0.048647597432136536,3.105986604313804,-3.3974430442936425e-05,0.00048147458107741494,-0.27522051894400495,0.0001798813215625368,0.0005188598720618054,-0.29251961231231693,-0.2904961347579956,-0.3,0,True,-0.05116722531331203,0.012753511672362038
101.24,10.928120613098145,0.04843487590551376,3.106040718160426,-0.00022292531207878717,5.2399763516451856e-05,-0.2740102709971353,4.1185678910400994e-05,-2.632224113119419e-05,-0.2650431990623474,-0.2649778687953949,-0.3,0,True,-0.03869144292547185,-0.07694116207372977
101.26,10.933551788330078,0.04825311154127121,3.106008846296047,-0.00012205068790257315,-0.0007909825691165439,-0.2826398953140015,-0.0031685733791583376,0.0013491232567164624,-0.2740728116035462,-0.27415430545806885,-0.3,0,True,-0.08840765070664469,-0.030656460102836052
101.28,10.939321517944336,0.04805143550038338,3.1059935626247923,0.00028863192597301243,-0.00026780300810936864,-0.28195906199607146,-0.0005175775688416907,-0.004050511790959586,-0.2739196872711182,-0.2839092600345612,-0.3,0,True,-0.07429972960250211,-0.0818840025320518
101.3,10.94526481628418,0.04809650033712387,3.1060945341743413,-0.00036160024277597224,0.0009902614876858655,-0.2822931310005364,-0.0025038299865242763,-0.0019336569361650263,-0.2739196872711182,-0.2839092600345612,-0.3,0,True,0.0824235814858094,-0.16427408412428993
101.32,10.950664520263672,0.04767342656850815,3.105716677217149,7.520077292259919e-05,0.000537084738529135,-0.27995424936533536,0.0007155722525005598,-0.006577042443695199,-0.29667821884155277,-0.2941048288345337,-0.3,0,True,0.00987400925377087,-0.03734149050525754
101.34,10.956128120422363,0.04765179008245468,3.105854153741154,-0.000521681630576844,3.524598194295561e-05,-0.2760460087951369,0.002879566652572177,-0.01179280347322645,-0.2725811302661896,-0.27228827476501466,-0.3,0,True,0.0014977361516441453,-0.0803843766940988
101.36,10.961701393127441,0.04719090834259987,3.1054673992292967,0.00029822401702075686,-0.0006135687188800852,-0.2811691412557698,-6.985103208145826e-05,-0.0070378310313801255,-0.2756518948078156,-0.2747906267642975,-0.3,0,True,0.038284268600896884,0.05499978622813075
101.38,10.967326164245605,0.04707721248269081,3.1051511098964832,-5.222095387563552e-05,-0.000691080729475295,-0.28217331210840485,0.0021914951912442894,-0.008364407071692793,-0.2759883177280426,-0.2878473258018494,-0.3,0,True,-0.023474755929293684,0.15649342969361435
101.4,10.973143577575684,0.04686660319566727,3.1051536507346387,4.273116776513757e-05,0.0005486778526313425,-0.27689150787726313,-0.000679228899698639,-0.0021770595454440505,-0.28581271648406986,-0.286679859161377,-0.3,0,True,0.12666666428122605,0.11576968187181387
101.42,10.978680610656738,0.04665414243936539,3.1051850011754185,-7.879000755158355e-05,0.0009883927721390305,-0.27792398926948036,0.00016512022561471565,0.0007266709022624317,-0.2950264620780945,-0.2949237227439881,-0.3,0,True,0.0960400560589526,0.1392559482478521
101.44,10.983839988708496,0.04643821716308594,3.105293234465661,-0.0001779860261650291,-0.00022924539997565673,-0.27103580811327194,0.00070754732843804,0.0022237435183647875,-0.2775032722949982,-0.2753233325481415,-0.3,0,True,-0.046256247564445005,0.09487176089007358
101.46,10.989544868469238,0.046254705637693405,3.1052092435686642,-0.0001981469456290289,-0.00012136485450279856,-0.2744901076236888,0.0008719022675988727,0.0027760687881351366,-0.27246870279312135,-0.2625364661216736,-0.3,0,True,0.013931466061657285,0.06141985654641421
101.48,10.994810104370117,0.046023134142160416,3.105331550216108,0.00012121808991539928,-0.0014317464580241622,-0.28059200768241865,-0.0008908588501337737,0.0054126813257616745,-0.28150652647018437,-0.28607452154159546,-0.3,0,True,-0.10326453183995844,-0.0172804713687726
101.5,11.000622749328613,0.04578566178679466,3.1054070866784693,0.0007071529733421213,-4.531709268976626e-05,-0.2768094719845478,-0.0005730884810263969,0.005640259425975464,-0.2646318662166596,-0.27883532881736756,-0.3,0,True,-0.016943518450299306,-0.11178041222857528
101.52,11.006275177001953,0.045695651322603226,3.105726248971722,0.00025438257503644326,0.0007165476570941831,-0.27929697066046844,0.0020146083624709415,0.0008413058088630089,-0.11693538665771486,-0.29540394067764286,-0.3,0,True,0.01830394410574751,-0.2005335291580065
101.54,11.011676788330078,0.04549937695264816,3.1056604643227423,-0.00021137122454521127,0.0002474835842819063,-0.27584558909971296,-0.0001099254734508899,-0.006166364190152283,-0.19942450344562532,-0.280774667263031,-0.3,0,True,-0.07624638112305622,-0.12937555413503743
101.56,11.017133712768555,0.04506085067987442,3.105398854680817,0.0003852463276046374,-0.00043955818760937416,-0.2791276921539589,0.0011836347464323858,-0.010630001006878503,-0.2731306087970734,-0.2721037328243256,-0.3,0,True,-0.01587786738633002,-0.09280753447020848
101.58,11.022676467895508,0.04500168189406395,3.104913777543257,-0.00014312875170627458,-0.0010141879466206215,-0.2829091824743922,-0.0009166618806303872,-0.004709784904827308,-0.2716361486911774,-0.2824480700492859,-0.3,0,True,-0.030258735974870256,0.13978228568044856
101.6,11.028587341308594,0.044792983680963516,3.104875848891172,0.00010652715582457806,0.00021148271040062502,-0.2805672000513748,-0.0013574790503885596,-0.00658329694875351,-0.27549705147743225,-0.28573868274688724,-0.3,0,True,0.03913919801646085,0.19712322182507658
101.62,11.034296989440918,0.044742703437805176,3.105283681530356,-0.00042083643926660595,0.001060951861313973,-0.27826628797770253,-0.0018774188520014647,0.005016218664283363,-0.2955166602134705,-0.2969770741462708,-0.3,0,True,0.09325487365375922,0.06029526337908688
101.64,11.039567947387695,0.0443454384803772,3.1048721909249166,0.00021639051227353209,0.00047275896022600325,-0.2759965563126421,-0.0020581003308082976,0.005139856739127287,-0.28489273548126226,-0.280873351097107,-0.3,0,True,0.0037568797993576776,0.15645178376028743
101.66,11.044928550720215,0.04434366896748543,3.1053150750364,-2.8760443645332835e-05,-0.00042276339370745926,-0.2754487925820916,3.8269391149087575e-05,0.00011383616549953922,-0.26665441751480107,-0.268131195306778,-0.3,0,True,-0.046127436280885295,-0.0670594135601694
101.68,11.050658226013184,0.04414692521095276,3.105287037430302,-6.362293630554516e-06,-0.0005014295629154189,-0.28026664966742615,-0.002306259221630443,0.005932845752071441,-0.27529060482978823,-0.26796356797218324,-0.3,0,True,0.0029637638282017176,-0.05161121875158404
101.7,11.056318283081055,0.043940410017967224,3.105292788423596,5.8546973642173136e-05,-0.0003430324224644399,-0.2819564828801733,-0.00011734501161090628,-0.0003485344205300741,-0.2863027977943421,-0.2875470519065857,-0.3,0,True,-0.027387699883261202,-0.008011247987979928
101.72,11.061981201171875,0.04371597617864609,3.1053468185850823,-0.0001119002426864831,0.0005140253307794961,-0.27575945520638595,0.00039020925874440164,0.001010959239000652,-0.29813699722290044,-0.2891775965690613,-0.3,0,True,0.033271185303397635,-0.0779579291081167
101.74,11.06747055053711,0.04353443160653114,3.1052871922827574,-0.00027148935337311834,0.0006983673421130524,-0.27763980857275244,-7.629740409282812e-05,-0.0005270636735388414,-0.28986290931701664,-0.28662026166915894,-0.3,0,True,0.03608318521197911,0.05219356905658779
101.76,11.07270336151123,0.04331629350781441,3.105367914169422,-0.00020667208000704458,-0.0004948722279502789,-0.2776049548431544,-2.8299007993592626e-05,-0.0003037885765777635,-0.2752637350559235,-0.2749447107315064,-0.3,0,True,-0.08093685339997414,0.03413669857656321
101.78,11.07851505279541,0.04314029961824417,3.105250623329713,-0.00021500998635503918,-0.00019588007127733438,-0.279069828063215,-0.0011101748945502414,0.00382695110399686,-0.2712320423126221,-0.267071750164032,-0.3,0,True,0.03638456385736408,0.09592927758331614
101.8,11.084175109863281,0.04291392117738724,3.105322515498956,0.00017919646200267509,7.3942463016148735e-06,-0.28223440347838374,-0.0013259508564978616,0.0037418951251256506,-0.28635625362396244,-0.2916635012626648,-0.3,0,True,0.04561347310959682,0.08262584349217135
101.82,11.089784622192383,0.042812008410692215,3.105593348371077,3.682321799032602e-05,0.0005365803877744702,-0.2747290434641634,-0.0003275924501165411,0.007147278533126286,-0.2855872106552124,-0.28850984096527105,-0.3,0,True,0.055772336356306955,-0.009774616878337436
101.84,11.095271110534668,0.042603544890880585,3.105667265779432,-0.00012449974099349912,0.0008017262578082542,-0.2739558769943867,-0.0005787834451152826,0.0063062789027958045,-0.2903576803207398,-0.27830145478248597,-0.3,0,True,0.03825476821488981,-0.03152153300475935
101.86,11.100480079650879,0.04237545654177666,3.105822405612363,-0.000185299694717971,-0.00026766328944104493,-0.27460804115471055,0.0006854730914471197,0.003044981753729882,-0.27609567999839785,-0.2737252569198609,-0.3,0,True,-0.11198838296980747,-0.06650053029694726
101.88,11.1060791015625,0.042173005640506744,3.1058270178111798,0.00020893519003317555,-0.0007087268959760171,-0.2791740220211926,0.00027920198653048553,0.0012201724847449565,-0.26794265627861025,-0.26846343755722046,-0.3,0,True,-0.09564714600929498,-0.08530776299906315
101.9,11.111737251281738,0.04197154939174652,3.1058369469113756,2.714431213040297e-06,-0.0006295448091025589,-0.2836881141017494,-0.0012427561146426142,0.0018272361093696734,-0.28228259563446045,-0.2827467250823975,-0.3,0,True,-0.07460848200379365,-0.05808819083421694
101.92,11.117589950561523,0.04178260639309883,3.105764879578212,0.00019118362287506182,0.0002144091556153628,-0.28160764867513016,0.00026684000243845304,-0.0005183421371291019,-0.28627287387847905,-0.287533016204834,-0.3,0,True,0.022884162615398124,-0.031189514511019367
101.94,11.123164176940918,0.041663508862257004,3.1059685845011127,-0.00028326138187950646,0.0005075107051964099,-0.2805767197150139,-0.0021595100442265494,-0.0016020735130073745,-0.2822082781791687,-0.27924315690994267,-0.3,0,True,0.051824767061528214,-0.014152428058981143
101.96,11.128592491149902,0.041344694793224335,3.1057855504402094,0.00014788847404143186,5.0820850070507676e-05,-0.2773432890119608,0.0007752632799977316,-0.0012749886761365397,-0.2822082781791687,-0.27924315690994267,-0.3,0,True,0.0048998005236848205,0.045241799943857616
101.98,11.134175300598145,0.04134474694728851,3.105708781030335,-0.00029622683101539264,-0.0003698401434952402,-0.2795421327368272,0.00019863820712462225,0.0006950418646512062,-0.2737228286266327,-0.27399458885192873,-0.3,0,True,0.019343344966487177,0.07481560897714165
102.0,11.139760971069336,0.04092632606625557,3.105662880484121,0.00017881112363152775,-0.00046932087495064136,-0.2812156646332354,-0.0013756777551051577,0.00310100185837943,-0.28034581899642946,-0.27940285682678223,-0.3,0,True,0.021461082113763522,0.05993766063728279
102.02,11.145512580871582,0.04084531590342522,3.106024187850285,0.00016434278904247358,0.00018110364260839857,-0.27902925211769497,0.001295863879491774,0.00438317520516383,-0.27477795124053955,-0.2842806053161621,-0.3,0,True,0.08824064279258825,-0.037629552564826196
102.04,11.151079177856445,0.04064653068780899,3.10603363058888,-0.00026707584078815283,0.0007405872520239887,-0.27562640244285946,-0.00046868818180548916,0.003520024174846833,-0.29156710386276247,-0.3295226120948792,-0.3,0,True,0.05139797296257158,-0.07769321797433314
102.06,11.156479835510254,0.04044733941555023,3.106059435046748,-0.00036297181077172343,0.0004815887611204391,-0.2724828813134203,0.0007020654450621711,-0.0023153223405348255,-0.28055420994758606,-0.27839678406715396,-0.3,0,True,-0.01589407441804739,-0.035885969027137234
102.08,11.161798477172852,0.04017988219857216,3.1059444824181086,-4.192182279102229e-05,-0.00043785615666650635,-0.27710382679622975,0.00046340565788409276,-0.003114455579567088,-0.27340084195137027,-0.3196503734588623,-0.3,0,True,-0.0699453088707191,-0.0162317238495281
102.1,11.167295455932617,0.04001477360725403,3.105838962063042,-2.314046157601528e-06,-0.0010190161248134942,-0.28030077807113873,-0.0008983411065403863,0.0015122976829929126,-0.27641549706459045,-0.27918628811836244,-0.3,0,True,-0.057348821690205415,0.04819725412094497
102.12,11.173232078552246,0.0398193895816803,3.1057844741425145,9.533895326704661e-05,0.0004264336353149145,-0.2812220271525169,-0.0021674334086788944,0.0022214862668846124,-0.27641549706459045,-0.27918628811836244,-0.3,0,True,0.0888421006777341,0.0720265582520477
102.14,11.178892135620117,0.03971758857369423,3.1061804188613875,-0.000388383330989401,0.0009693273288324577,-0.27707078704863664,0.0033032124293204904,0.00154045798914069,-0.2986088538169861,-0.29924848794937137,-0.3,0,True,0.12820367221721704,-0.057993626552252875
102.16,11.184288024902344,0.03954773396253586,3.1061222013194594,-0.000852721167412601,0.0008768808103732398,-0.26999645874201117,0.0035961816798388453,0.002647669080596605,-0.2986088538169861,-0.29924848794937137,-0.3,0,True,0.10040541815020404,-0.06046981783997244
102.18,11.189437866210938,0.03896591067314148,3.1059621987021733,4.073284675176075e-05,-0.0004695449822015261,-0.27004448429375977,0.004549602919166493,-0.0031271924411880427,-0.31190556168556216,-0.2749264359474182,-0.3,0,True,0.03615180325050115,-0.03235802737158529
102.2,11.194808006286621,0.038765884935855865,3.105996287668962,0.00014809501516100876,-0.0008376829647159654,-0.2731895937005007,0.0047855049032720694,-0.0026160991603130794,-0.26499194622039796,-0.2675232458114624,-0.3,0,True,-0.048988652679582065,-0.06533565240482708
102.22,11.200469017028809,0.03858426958322525,3.1059302434660925,0.00015622164109133524,-0.00024432322598122674,-0.2741786427885966,0.0010523334890149595,-0.0010481842005860777,-0.27429692387580873,-0.2757891058921814,-0.3,0,True,-0.0036278360559444884,0.02901577889472108
102.24,11.20611572265625,0.03838733583688736,3.1059129133866343,-0.00030551738413566435,0.0009159581611943794,-0.27391555095637765,-0.0019791611089870435,-0.002579183111789451,-0.28736428737640385,-0.2894141173362732,-0.3,0,True,0.03323024800579237,0.03009006368688689
102.26,11.211355209350586,0.03809971362352371,3.1058783439661264,0.0002666156077367746,0.0004941076193896231,-0.2703347111782353,0.0012880696046470817,-0.0008059301296104054,-0.2832890605926514,-0.2820137476921082,-0.3,0,True,-0.04258642179110227,0.03196340376203503
102.28,11.216712951660156,0.03814242407679558,3.105789953020019,-0.0003743336767645714,-0.00010857124685685035,-0.2705311738600374,0.0014175249939138504,-0.00020889406536217959,-0.2651075863838196,-0.3002805709838868,-0.3,0,True,-0.03755579098815517,0.10075535727939884
102.3,11.222078323364258,0.0377090685069561,3.1058657690557236,0.00037066667348600646,-0.0009402008359118142,-0.2775855565318847,0.0005689640903460604,0.0015088881003766695,-0.2673934864997864,-0.27359034895896917,-0.3,0,True,-0.058282251862832306,0.07183416847391128
102.32,11.227740287780762,0.037499312311410904,3.1058962018614054,-5.0422811565685605e-05,-0.00048121286211737604,-0.27692001423543,0.0013147004476630596,0.005481245470562285,-0.2726970791816712,-0.2727010262012482,-0.3,0,True,-0.007525496009425947,0.15106126239309522
102.34,11.233546257019043,0.03726101294159889,3.1059990550141565,0.0002753891989678031,0.0009436702728136706,-0.2749972913272618,0.0026241550018124594,0.0049408033483023745,-0.2894827938079834,-0.2872045040130615,-0.3,0,True,0.08818252038074924,0.11110091202617055
102.36,11.238848686218262,0.03724667802453041,3.106228452657664,-0.0004740798884734128,0.0009446799186673438,-0.27113321354079145,0.0007018360949265553,0.01187600692608518,-0.2894827938079834,-0.2872045040130615,-0.3,0,True,-0.00985959846654795,-0.009354374749177961
102.38,11.244056701660156,0.03671638295054436,3.106261033323588,0.0003383389457735972,8.057592249287576e-05,-0.2705309549014249,-0.00012884327048364418,0.010396961062470123,-0.3006866717338562,-0.26622695446014405,-0.3,0,True,-0.09086308774861662,0.0013994289807529106
102.4,11.249415397644043,0.03667628765106201,3.1068462824154923,-3.2493419208909247e-05,-0.001009904477712124,-0.27770878211275396,0.0016608054897461824,0.0047328954906279315,-0.26851686000823977,-0.26013816356658936,-0.3,0,True,-0.129078355889025,-0.14123013320410016
102.42,11.255175590515137,0.036506809294223785,3.106830811899154,8.15075339150861e-05,-0.0005359185799319846,-0.282266338347151,-0.0024312316646109278,0.005052757666762605,-0.26851686000823977,-0.26013816356658936,-0.3,0,True,-0.12271094414204997,-0.17699285000179954
102.44,11.26104736328125,0.03634209930896759,3.1066070842969142,6.158129240560005e-05,0.0002592494066313306,-0.28145948201191323,-0.0016752177685671193,0.000577596269757409,-0.31760107755661016,-0.2861810326576233,-0.3,0,True,0.05360469055655143,-0.06069285741122901
102.46,11.266631126403809,0.03612595424056053,3.106665253936929,0.0002871319978578401,0.0006507856046999975,-0.2803478304327887,-2.138678164872662e-05,-0.003762466937673539,-0.2942711877822876,-0.29504820823669436,-0.3,0,True,0.06902706081100907,-0.0676218905578556
102.48,11.271923065185547,0.036022622138261795,3.106892490117073,-0.00015953588891648424,-0.00017663679951475112,-0.27342040686822994,0.0011541086923286658,-0.00012253310227028618,-0.2843234133720398,-0.2791806972026825,-0.3,0,True,0.007576101156299581,-0.04143664762305998
102.5,11.277589797973633,0.03572533279657364,3.1065298145441402,-0.0002412209198371464,4.633040698334832e-05,-0.2767441734822704,0.0009232745867796856,-0.0003569935778657271,-0.2751745891571045,-0.3154196691513062,-0.3,0,True,0.044320243638713855,0.07421974425269148
102.52,11.282904624938965,0.035490959882736206,3.1065972816487326,-4.90431230820991e-05,-0.0010609818757525335,-0.2808533939194093,0.002134648829646559,-0.0027373355400873186,-0.2814141011238098,-0.28528211355209354,-0.3,0,True,-0.008778692647844387,-0.00806793265521778
102.54,11.2887544631958,0.03527602180838585,3.1066366944506996,0.000304139576983848,6.219344328542937e-05,-0.27680221094169105,0.0009098632374859895,0.002175112602542708,-0.27314163208007813,-0.28073092460632326,-0.3,0,True,0.06809938206344408,-0.006682122475968855
102.56,11.294371604919434,0.03506582975387573,3.106673503273866,0.0003546107398379254,0.0007510076897947123,-0.2741227022800575,-0.000320672611891162,-0.0007679677146876948,-0.295943672657013,-0.29420980453491213,-0.3,0,True,0.0887685836406934,0.016777996909925926
102.58,11.299717903137207,0.034878674894571304,3.1067038235523436,-0.0003210979647362245,0.0004845576821009385,-0.27129622291719496,-0.00029827719952575833,-0.0008915633759432241,-0.2842624807357788,-0.21282331228256227,-0.3,0,True,-0.00490827543740146,0.03690581823007235
102.6,11.304821968078613,0.034750983119010925,3.1065358442315576,-0.000414096633520294,-0.0008963321809621919,-0.27375190722815396,0.005055719043422478,-0.0013950957872932732,-0.2670656001567841,-0.26752382159233096,-0.3,0,True,-0.09655182108214072,0.14814812540285108
102.62,11.310445785522461,0.03454280644655228,3.106565369380624,-0.0006578125941947752,-0.0009070649216723984,-0.27719487297668316,0.0032434208765154803,0.005127578060948433,-0.3100259292125702,-0.3000249826908112,-0.3,0,True,-0.05802598132462046,0.13594138470297024
102.64,11.316244125366211,0.03389402851462364,3.1065618956108825,0.0006272877757057842,-0.00019558144358341635,-0.28184684796662857,0.0022198501504923623,0.01108388231754014,-0.28110800266265873,-0.28201161146163944,-0.3,0,True,-0.007667217477336419,0.1473643462375297
102.66,11.321870803833008,0.033842768520116806,3.1071140297972195,0.00024938170792383497,0.0005802593954865893,-0.2759383014231645,0.0019453137121122517,0.009983747400294164,-0.28110800266265873,-0.28201161146163944,-0.3,0,True,0.03350042534755184,-0.03352909870441155
102.68,11.327349662780762,0.03378380089998245,3.107422554816961,-0.0002876423952664168,0.0008531387089148166,-0.27436528462634097,-0.003491765650504447,0.010394051911710946,-0.2994219565391541,-0.29255299091339115,-0.3,0,True,0.04661183723546516,-0.15025458500716585
102.7,11.332502365112305,0.03362630680203438,3.1073640691726476,-0.0004819926149432678,-0.0004865833721450401,-0.27451483894887907,0.0019107669847605833,0.002445250164595566,-0.27210354089736943,-0.270096435546875,-0.3,0,True,-0.05847860948819103,-0.06311665015267244
102.72,11.338190078735352,0.033423345535993576,3.1073934197638193,-0.0006213537909652184,-0.0004219679330720325,-0.27811790098779143,0.003688081859237167,-0.0009364844830328711,-0.26291574716567995,-0.2658501434326172,-0.3,0,True,-0.03705350989073884,-0.07446715502963985
102.74,11.3438138961792,0.03293844312429428,3.107309649810387,0.0003693067465426516,-0.000362307776518803,-0.2806165901822197,0.002084518404457593,0.004934415388080476,-0.2825484228134156,-0.2822464466094971,-0.3,0,True,0.015508695711282853,0.0313399578854442
102.76,11.349575996398926,0.032728161662817,3.1073476360583183,0.0006097786443216019,0.0006422330004013235,-0.2773295654176,0.001897657517468728,0.004436679509339885,-0.28206747055053716,-0.2885138463973999,-0.3,0,True,0.07192767807382233,-0.007795084992421096
102.78,11.35493278503418,0.03269016370177269,3.107758822403694,4.8180351934523505e-05,0.00043983834646162844,-0.27327414329197647,-0.0018405808775095386,0.004952446795431048,-0.28819955348968507,-0.287304539680481,-0.3,0,True,0.03973036037462714,-0.16808858143244784
102.8,11.360358238220215,0.03251199796795845,3.1077483541245665,-0.0004325736227289183,0.00012024820614767068,-0.27236368674188577,0.0008589218764855616,-0.0015600912824265455,-0.2783362686634064,-0.2639145684242249,-0.3,0,True,0.00654730812494217,-0.0678175618690242
102.82,11.365668296813965,0.03234607353806496,3.1077058455540216,-0.0005086729700305602,-0.001122136330164884,-0.2774381613522496,0.0041654544165404695,-0.008512671126515063,-0.27310880422592165,-0.27356786012649537,-0.3,0,True,-0.02429057595704966,-0.03302930255703151
102.84,11.371350288391113,0.03192219138145447,3.107222828755724,0.00036583868011469606,-0.0007074519873168656,-0.27680578076760465,0.0004990015618342829,-0.0009887254401819356,-0.30935782313346866,-0.26948318719863895,-0.3,0,True,-0.01614981844177375,0.08409070379286979
102.86,11.377103805541992,0.03160514310002327,3.107077808713573,0.0007558734973085337,0.0006920848580776786,-0.2752173893685404,0.0014363584242705826,0.002310102590868584,-0.280733060836792,-0.2940189123153687,-0.3,0,True,0.07464473512917859,0.23790860105638975
102.88,11.382488250732422,0.0317111499607563,3.107669256089352,-0.0002487198523188889,0.0008281289695738108,-0.27365567221722764,-0.0022163682829547124,0.005167165021002894,-0.2848745107650757,-0.28360173463821414,-0.3,0,True,0.009047806949368157,0.05409991065658212
102.9,11.38766860961914,0.031471457332372665,3.107890653761291,0.0001107941311055857,-0.0002152985819402993,-0.27146658254191436,-0.0027113797918765442,0.010520016957999092,-0.27390039443969727,-0.2636689519882202,-0.3,0,True,-0.07008321033862783,0.0053117535210643035
102.92,11.39323616027832,0.031356874853372574,3.1076362019574044,-0.0003558364077206476,-0.00023477151583515304,-0.2760819562116552,0.0035402829815567565,0.003339267412344542,-0.276145339012146,-0.2665062749385834,-0.3,0,True,-0.04673304265567324,0.029128703717963396
102.94,11.398816108703613,0.031090151518583298,3.1079194100702128,-0.0003497572939729789,-0.0004603992503059144,-0.2808240461956305,0.0034962489972434167,0.0027350428725537194,-0.2801608431339264,-0.2856609773635865,-0.3,0,True,-0.0786880846531421,-0.10074434663165806
102.96,11.404552459716797,0.03067825362086296,3.1079363974823395,0.0004989540388959855,0.00023112518443458232,-0.2773943156296814,0.002601638100624701,0.007497461318439916,-0.28419931173324586,-0.2905452179908753,-0.3,0,True,0.012380064173995578,-0.06402916179475016
102.98,11.410112380981445,0.030435558408498764,3.1081094571910954,0.0005629589671790718,0.0006929924433075589,-0.2777616293141656,0.0011659188200723557,0.0024604692274666187,-0.2902037382125855,-0.2900850105285645,-0.3,0,True,0.06017478982197889,-0.09058654618040003
103.0,11.41540813446045,0.03040211834013462,3.1082359988628796,-0.00010499283190974602,2.3738302687580284e-05,-0.2750915510777356,0.000541495852180298,-0.0017830655312353605,-0.2825649619102478,-0.2740948498249054,-0.3,0,True,-0.0408182070593488,-0.14448870916434478
103.02,11.421021461486816,0.03025304153561592,3.10811624760841,-0.00041226554717296296,0.00015156048350636891,-0.2760100630098723,0.0012215705459985467,-0.004511880821878129,-0.2825649619102478,-0.2740948498249054,-0.3,0,True,-0.000260922170728517,0.04134531457339506
103.04,11.426546096801758,0.02990100346505642,3.1077937522398407,-4.195893155265999e-05,-0.0003011399873611704,-0.28065977219442984,0.003528312377086923,-0.0040616354147094726,-0.27409683585166933,-0.2777083003520966,-0.3,0,True,-0.02639137658920266,0.18147574568909794
103.06,11.432177543640137,0.029598839581012726,3.107748506725345,0.00048653562214564887,-0.00036341107053824165,-0.2777825030878239,0.0002611017081443328,0.005768094393338153,-0.274331670999527,-0.28788839817047124,-0.3,0,True,-0.007714169192763768,0.18688170028668366
103.08,11.437838554382324,0.02936127968132496,3.107911068029703,0.0005489853408963317,0.0004918622807785264,-0.27720286120487175,-0.0009654552835664434,0.012734994123892167,-0.29031493902206423,-0.27748399615287783,-0.3,0,True,0.04102083567781388,0.17937114514533156
103.1,11.443230628967285,0.029480203986167908,3.108577695159877,-0.0004529683668373816,0.00020029475280994435,-0.2766271965452934,-0.0030604579832415506,0.010438655201056246,-0.29031493902206423,-0.27748399615287783,-0.3,0,True,-0.061074575715816454,-0.07545051515220598
103.12,11.448712348937988,0.02923140674829483,3.108812551769752,-0.0001719051942455529,-7.169274241310345e-05,-0.2773781053402048,-0.0030328332231518117,0.010288056196916747,-0.28012806534767154,-0.2621975564956665,-0.3,0,True,-0.06760421842718223,-0.14694218457588573
103.14,11.454303741455078,0.029113048687577248,3.1085835991414297,-0.0003741663607560977,-0.0003985474980304102,-0.2826684691450891,1.1828227271941036e-05,-0.00026794681883819644,-0.2745900547504425,-0.30412238955497745,-0.3,0,True,-0.06771030146946865,-0.07777815876199361
103.16,11.4600248336792,0.02887650765478611,3.108734112525456,0.0003023890517025174,-0.0003819600497765144,-0.2826111986790462,-0.0020506482475114475,0.0009796193578215581,-0.2800441598892212,-0.29209103107452394,-0.3,0,True,-0.006979207054432789,-0.09700759916527325
103.18,11.465831756591797,0.028732944279909134,3.10855625941437,0.0005035582642499203,0.0003438152330526186,-0.2820440206628517,-0.001206374671021167,0.004216402500095785,-0.289727041721344,-0.2925246524810791,-0.3,0,True,0.03754830329247293,0.06724200591272605
103.2,11.471314430236816,0.028652608394622803,3.1088909213183777,9.832732187823374e-05,0.00026712285267949305,-0.2779364419045594,-0.001628616267175564,0.002527448263695052,-0.2934609389305115,-0.2883676314353943,-0.3,0,True,0.009882747773118582,0.0034033655774841423
103.22,11.476858139038086,0.028464224189519882,3.1089209113414373,-0.0002730149487601906,0.00016448210010012193,-0.2796646048816913,-0.000931515317277698,0.005111413654179773,-0.28111885070800785,-0.26989174127578736,-0.3,0,True,0.016769797819308704,-0.03467728958352216
103.24,11.48225212097168,0.028279736638069153,3.1089363083865518,-0.00017679419370178232,-0.0009100505991288708,-0.28182057885719675,0.00044507256167415285,0.0012518886040202837,-0.2776287174224854,-0.2779948139190674,-0.3,0,True,-0.043482257510083874,-0.015739173583815387
103.26,11.488195419311523,0.02807658538222313,3.1089651725067045,-0.00010069202081484047,-3.791145083002924e-05,-0.28070243683730706,0.0005461932477466933,0.0014422193334140718,-0.2776287174224854,-0.2779948139190674,-0.3,0,True,0.05042713720349142,-0.09075448031609477
103.28,11.493846893310547,0.027880894020199776,3.1089910724066994,0.00021025472431474194,0.0004863611975830551,-0.28141502250536604,-0.002099669174879114,0.001268314376989848,-0.2736084485054016,-0.29072941780090333,-0.3,0,True,0.06351264814962035,-0.05972460085192344
103.3,11.499300956726074,0.02768799290060997,3.1090362888881105,0.00034320818558944156,0.0004883088839698814,-0.2756304339054121,0.0012101060848174524,-0.002148944771107654,-0.2896546268463135,-0.28588269472122196,-0.3,0,True,-0.01228882571212729,-0.037468552818721794
103.32,11.504758834838867,0.02771378494799137,3.109037773536711,-0.0005652787436862757,0.0003348645716129505,-0.2767395670052272,0.000841223862709746,-0.0035260794641334896,-0.2843044126033783,-0.2731737506389618,-0.3,0,True,-0.012558467026840398,-0.027146372773705615
103.34,11.510231018066406,0.027262073010206223,3.108793256925016,-0.00011570973635607591,-0.0001232006345158235,-0.2816855428942772,0.001376563227290654,-0.0015552648920836075,-0.27373403549194336,-0.28086846947669986,-0.3,0,True,-0.08642416568032153,0.08749253323073565
103.36,11.515972137451172,0.02709302119910717,3.1087089860495687,-0.00030695150776948767,-0.00035054390255419217,-0.28241969986751325,0.004087653355212613,-0.0009033954449065548,-0.2716366243362427,-0.28643514394760133,-0.3,0,True,-0.032582274651627344,0.008596094589057263
103.38,11.521820068359375,0.02683893032371998,3.1089118676967438,0.00016262869385979544,0.00035438511541471823,-0.28254436715983766,-0.0007721736114292624,0.004850457887351048,-0.29043034553527836,-0.2892969250679016,-0.3,0,True,0.045895401749370825,-0.04129603779504285
103.4,11.527329444885254,0.02664412371814251,3.1089655019011184,0.00024714006920233583,0.00044821257259334337,-0.2793461489773578,0.001381993270217258,-0.002838391897008801,-0.30346440553665166,-0.2910355663299561,-0.3,0,True,0.003668476187050707,-0.05542614748097356
103.42,11.532824516296387,0.02658524364233017,3.109181293556004,-0.0004978948716063188,0.00027062594112131595,-0.27801391075432763,0.0008272034375019898,-0.004858947915686965,-0.28610164165496826,-0.27883561253547673,-0.3,0,True,-0.010888165304081637,-0.15001098346852734
103.44,11.538304328918457,0.026253508403897285,3.108481914697808,-4.901362828895289e-05,-0.0001388304538748201,-0.2821262217725492,0.0005368967598426769,-0.005337487243384345,-0.27330507874488835,-0.2753261697292328,-0.3,0,True,-0.02901670468992832,0.09275040277000442
103.46,11.544047355651855,0.026052050292491913,3.108523151863489,-7.880603443256223e-05,-0.0004411220069096866,-0.2834154203841642,0.0023831968410880644,-0.007150420790130882,-0.2703965926170349,-0.2864231109619141,-0.3,0,True,-0.00495513125101526,0.06058630701216965
103.48,11.549885749816895,0.025854019448161125,3.1085385029216477,0.0003443963616719077,0.0003162161134541069,-0.28166748535255204,-0.0006944858793384232,0.004581640324591394,-0.2869660472869873,-0.2876206517219544,-0.3,0,True,0.08039087286871961,-0.0022009160753623147
103.5,11.555479049682617,0.02564503625035286,3.1086092598927935,0.000517221257809837,0.0007435031005778679,-0.27841032125440884,1.7267176344586133e-05,-1.2043354713496051e-05,-0.29464240789413454,-0.2940366530418396,-0.3,0,True,0.06356073852884203,-0.04622621708922566
103.52,11.560827255249023,0.025564350187778473,3.1088484459237753,-0.00011507341713053358,0.00016108776160889734,-0.27569495194305177,0.0013005640040336646,-0.005513560529413326,-0.29356322765350346,-0.2780691230297089,-0.3,0,True,-0.009657324346223418,-0.21808558544272424
103.54,11.56630802154541,0.02531616948544979,3.1085221883951117,-0.00044613794204489005,-0.0002391181323603427,-0.278330561301856,0.0026295808052609216,-0.010848518157269513,-0.31550143837928774,-0.2693026089668274,-0.3,0,True,-0.032361625023220174,-0.06085363775214499
103.56,11.57192611694336,0.025027966126799583,3.1080974180792946,-0.0001319201943887194,-0.00036512209481475344,-0.2824400713002499,0.0040938997346826305,-0.012865206510826174,-0.2745445346832276,-0.3223868429660797,-0.3,0,True,-0.05485013961972601,0.0723715495710323
103.58,11.577726364135742,0.02469855733215809,3.107741378440212,0.0004828414239234085,5.700979936023159e-05,-0.2809992512562664,0.0015572922352519586,-0.004880334374884991,-0.2783188533782959,-0.2916968631744385,-0.3,0,True,0.030403125088392057,0.1918773096042185
103.6,11.583398818969727,0.02448033168911934,3.1078192294029092,0.000570033621140576,0.0006805753623550101,-0.28008296311262976,0.0002341931318898087,0.0002761634362691338,-0.28632864952087406,-0.2950418829917908,-0.3,0,True,0.03456154172103852,0.1689493544487832
103.62,11.588770866394043,0.024430828168988228,3.108131761645121,-4.759697218294686e-05,0.00012149527078606581,-0.2758983112947847,-0.0013994426517461214,0.0045016666110676415,-0.2879545879364014,-0.2843548059463501,-0.3,0,True,-0.04192512021684531,0.02794458034846689
103.64,11.594319343566895,0.0242526363581419,3.108119511154196,-0.0005075838946319579,-0.0001390072044333696,-0.2796751479625669,-0.00010340768235803967,0.0006507418450761953,-0.27797179937362676,-0.26657389998435976,-0.3,0,True,-0.03370997972742291,-0.02444077253637936
103.66,11.5997896194458,0.02407204359769821,3.1081015117690973,-0.0003266284487198259,-0.001150465862684773,-0.28435326087361396,0.0017458858944073789,-0.0026447679470076877,-0.2795724701881409,-0.2794959497451783,-0.3,0,True,-0.12460756292869261,-0.09238218858738773
103.68,11.60576057434082,0.023739811033010483,3.1078712887505153,0.0003609632822867587,-5.8750127113271635e-05,-0.282779761490824,0.002050717693463598,-0.0016790983666415207,-0.27616690993309023,-0.27867740631103516,-0.3,0,True,0.008131328262402267,-0.022230463330371653
103.7,11.611501693725586,0.02352951280772686,3.1079201802093603,0.00022506181010330608,0.0005379115174013221,-0.2858669163290799,0.0016505914973540328,-0.002888908475923219,-0.2924539399147034,-0.30197560310363775,-0.3,0,True,0.028023563455914405,0.015624748138862832
103.72,11.616923332214355,0.023325959220528603,3.107985183284865,-6.125316809436796e-06,4.145020871676856e-05,-0.2790246417015747,-0.0003312183716306979,-0.001127695221353499,-0.29025422334671025,-0.2860011219978333,-0.3,0,True,-0.040112417006513294,0.0037295977914354934
103.74,11.622641563415527,0.023170148953795433,3.1078703990910235,-0.0003717903713435672,0.0004256349149186092,-0.28211137579714085,-0.00043744268311647974,-0.0013947880958986877,-0.27771423339843754,-0.27264287233352663,-0.3,0,True,0.04690129694972264,0.06568358524729481
103.76,11.628070831298828,0.023016249760985374,3.107781073132807,-0.0003902145611035681,-0.000592566598206671,-0.285988754851345,-0.0004359845304973582,-0.0013807305433266876,-0.28144312381744385,-0.2913886618614197,-0.3,0,True,-0.0649625301949841,0.06897263392008651
103.78,11.634058952331543,0.02280355803668499,3.1078085971616884,0.00017334212074403597,-5.5306986875485325e-05,-0.28211481257310217,0.0007063985362394769,0.0023657783438602534,-0.2897485208511353,-0.3055858659744263,-0.3,0,True,0.055158270511906006,0.07345256718617778
103.8,11.639790534973145,0.022587386891245842,3.1078747248413987,0.00025323032553728806,0.0006302015272186206,-0.2842216441171733,0.0013040477263608213,0.004390115492253304,-0.2897485208511353,-0.3055858659744263,-0.3,0,True,0.13764684251153184,0.07416446138934812
103.82,11.645195960998535,0.022351335734128952,3.1080596613585323,0.00012469093900580055,0.00020112858599118997,-0.27769871415618846,0.001408244542946047,0.00448141727899541,-0.2880390024185181,-0.13789546251297,-0.3,0,True,0.030655724483828015,0.009211181947598348
103.84,11.650792121887207,0.022145461291074753,3.1081322823721873,-0.00044004194224263766,0.0004946794669501209,-0.2749770074504227,0.0017217213575503494,0.004552426367821036,-0.27770744085311894,-0.26951825141906743,-0.3,0,True,0.09471086836526359,0.0482944129129324
103.86,11.656258583068848,0.02194613590836525,3.108167110544008,-0.00026346265481683217,-2.8341065546150025e-05,-0.279662354614396,0.0013107064100317482,0.0031026728996681055,-0.27860274672508245,-0.28119582176208496,-0.3,0,True,0.0169750716461131,0.08968529431516335
103.88,11.661771774291992,0.021713797003030777,3.1082389189508244,0.00016444429552418395,-0.0006477564149066799,-0.2766447746479524,-0.0011658963418383558,0.008253668525287814,-0.27504549741745,-0.27961167335510256,-0.3,0,True,0.017323129188514065,0.08016658227069993
103.9,11.667552947998047,0.021498847752809525,3.1083078751905058,0.0005607711552517853,0.0006018171423380666,-0.2763407084244992,-0.00275860464790241,0.0116562408242096,-0.31722844719886784,-0.2797875034809113,-0.3,0,True,0.060946052305781755,0.07415115611212783
103.92,11.672914505004883,0.02150064706802368,3.1087925758542103,0.0001349500668711995,0.0004482000016395905,-0.2735911571153416,-0.003218779118579875,0.010965752949476893,-0.2895811939239502,-0.28931910514831544,-0.3,0,True,-0.030917533874232732,-0.04888275287537532
103.94,11.678360939025879,0.021431002765893936,3.109099609809945,-0.0004089086181855497,0.00027380996284807614,-0.27478667042993354,-0.003812806439334731,0.009034765388638205,-0.2792345535755158,-0.2620284104347229,-0.3,0,True,-0.0529724343211681,-0.12850922248550659
103.96,11.683655738830566,0.02125338464975357,3.1091161791867825,-0.00032414906356340137,-0.0007620996908347112,-0.27911817735789096,-0.0011809963103371814,0.0043430482952578715,-0.2752888357639313,-0.270630134344101,-0.3,0,True,-0.10607379127348747,-0.08875915276867889
103.98,11.689534187316895,0.021089544519782066,3.109030656421597,-0.00030393726918616733,-1.3855374629269757e-05,-0.28057850317019256,0.0004225948613738838,0.0013755030253692917,-0.2714302110671997,-0.2773726618289948,-0.3,0,True,0.00021641026741528918,-0.06045890834687189
104.0,11.695235252380371,0.020870022475719452,3.109140019717831,0.0003485976876198453,0.0003463100972908086,-0.2820770604172204,-0.0022485925602262376,0.003865020727982733,-0.2932961487770081,-0.29506519794464114,-0.3,0,True,0.061370167238512914,-0.03880406813031898
104.02,11.700794219970703,0.020666446536779404,3.1092096500519744,0.0005247675846280686,0.0007247251033670182,-0.2747693576085403,-0.002120784901888934,0.004198052720888557,-0.28357469797134405,-0.27907791614532473,-0.3,0,True,0.05193951735072949,-0.0036534907835174446
104.04,11.706215858459473,0.020700974389910698,3.109425380845021,-0.0005174145515373008,0.0004702676179163714,-0.27420856397880916,-0.00022908533753562658,0.0012387228448318675,-0.28357469797134405,-0.27907791614532473,-0.3,0,True,0.03281633382902078,-0.0717320779997033
104.06,11.711509704589844,0.0205474141985178,3.109366500639268,-0.0006396107757092075,-0.0005293976371331642,-0.2764233417821343,1.14360026602367e-05,0.0010832237626879023,-0.2703937304019928,-0.27119732022285464,-0.3,0,True,-0.08890159325197748,-0.0616565568965803
104.08,11.717161178588867,0.020182818174362183,3.1092391175454175,0.00015894231480274314,-0.00044929456587565773,-0.2794517537108988,0.0025222450723337685,-0.0018735455119934085,-0.28203978300094606,-0.28669578075408936,-0.3,0,True,-0.04865169980782686,-0.0367948763736763
104.1,11.722896575927734,0.019953010603785515,3.1092963079529894,0.000598368471889365,8.328616628796014e-06,-0.28188148506869837,0.002806426260390342,-0.0007344718308377619,-0.28203978300094606,-0.28669578075408936,-0.3,0,True,0.0084412891728428,-0.05194339826361066
104.12,11.728553771972656,0.019776126369833946,3.1092754972040617,0.0004498272242370324,0.0005943387070615051,-0.2781006999634352,-0.00014892001305661512,-0.0017048672650621741,-0.2888875198364258,-0.2859821629524231,-0.3,0,True,0.04916816764065878,-0.00546197856464449
104.14,11.734041213989258,0.019594844430685043,3.109307742892801,-9.942699128153864e-05,0.0005907778653213443,-0.2757480386483069,0.0008745001271004312,-0.003072248098400862,-0.2858349466323853,-0.28071553707122804,-0.3,0,True,0.041375627366490225,-0.008698564198313323
104.16,11.739398002624512,0.01947585679590702,3.1091027281642125,-0.00045576553554085424,5.455184747823336e-05,-0.2755183002996462,0.0010835760155494412,-0.0023105037971649584,-0.27516352415084844,-0.27345335483551025,-0.3,0,True,0.01258920994748571,0.14926600654719482
104.18,11.744942665100098,0.019171010702848434,3.1090505281051173,-5.7383394670818585e-05,-0.00022799368341186552,-0.27857143487937863,0.0014264881798129164,-0.0014303569667029365,-0.27255355119705205,-0.27320236444473267,-0.3,0,True,-0.022358872914858333,0.1557074574831672
104.2,11.750580787658691,0.018973486497998238,3.1090906569002885,0.00027112328941769035,-0.00039302656240282336,-0.2770935631676364,-0.0003607915687238693,0.010236413258713158,-0.27255355119705205,-0.27320236444473267,-0.3,0,True,-0.004086335742298306,0.09961368282102459
104.22,11.756311416625977,0.01875568926334381,3.1091933143354646,0.0005456502967399753,0.0005811049591650765,-0.2775367484814955,-0.0024834691148937615,0.009384348500252248,-0.287251250743866,-0.2844414734840393,-0.3,0,True,0.05152721026077638,0.05556417599105149
104.24,11.761554718017578,0.01878434419631958,3.1099216412249095,-0.00016787540550795705,-0.00012400617498110243,-0.27584520715903005,-1.1679356198871296e-05,0.005658590828516839,-0.2892758297920227,-0.28151306033134466,-0.3,0,True,-0.07963869254213915,-0.1850306126639163
104.26,11.76714038848877,0.018650349229574203,3.1098012759851374,-0.0005524757667751626,4.083328042491973e-05,-0.2744492580585166,0.0010647619878894933,0.0030147771125810883,-0.3176516377925873,-0.2763459444046021,-0.3,0,True,-0.054591841230901744,-0.17327051078334282
104.28,11.772637367248535,0.018275633454322815,3.10954334416657,-9.925451659042604e-05,-0.00036093345555348764,-0.2834646585710074,0.002056452531798019,-0.004566035754399831,-0.3176516377925873,-0.2763459444046021,-0.3,0,True,-0.014083328382618077,-0.08290218515137969
104.3,11.778253555297852,0.017972659319639206,3.109434496504471,0.00032004727385670273,-0.0005844667727610001,-0.28190409577996756,0.003931146256443922,-0.004477292362414882,-0.2709166479110718,-0.3070990514755249,-0.3,0,True,0.001334992025960769,-0.03742964006445297
104.32,11.784214973449707,0.017893249168992043,3.1095563583645576,0.0003656703640983216,0.0008633158794819891,-0.27697187342963947,0.0015493091753900727,-0.0009735839835933942,-0.3004457783699036,-0.3003619980812073,-0.3,0,True,0.16223209577611933,-0.0008747360442132412
104.34,11.789670944213867,0.017610903829336166,3.1094430925961443,0.0001264513985437055,0.0011018169095809555,-0.27434245869643975,-0.00014050244354172313,2.040590742491454e-05,-0.3004457783699036,-0.3003619980812073,-0.3,0,True,0.09883233101031372,0.028712208847981983
104.36,11.794779777526855,0.017442021518945694,3.1094654574478824,-0.0004654095669714538,-0.00012073802462307091,-0.2704860909089181,0.0064236961000672405,-0.004636014637936889,-0.27327593922615057,-0.27407146811485295,0,0,False,0.011217217073908653,0.04541403198887126
104.38,11.800189971923828,0.017278416082262993,3.109436128977065,-0.0008206000801839313,-0.0007243841102316278,-0.2739975092991426,0.005448420609134301,-0.002180315654576372,-0.2715511918067932,-0.27468680262565615,0,0,False,-0.011813821345874305,0.0349025100136056
104.4,11.805826187133789,0.01668454147875309,3.1091854771935226,0.00032596793407404064,-0.0005256445634862464,-0.27607449606372664,0.0031814698308586502,0.0026595385755168745,-0.2715511918067932,-0.27468680262565615,0,0,False,0.013427766454687387,0.1359242470164817
104.42,11.811565399169922,0.016470512375235558,3.109268667343778,0.0005702338617294927,0.0006907464247276604,-0.2752875644041097,0.0032207185139868245,0.002812606708513303,-0.2790130531787873,-0.29322551965713506,0,0,False,0.04594553289422627,0.082982910195182
104.44,11.816845893859863,0.016472019255161285,3.1096782205339237,6.961135057795738e-05,0.0005003061545696543,-0.26941186959254315,-0.001719539724263086,0.006237925123381415,-0.28630732059478764,-0.2837386536598206,0,0,False,0.00535104844351109,-0.03052117183294364
104.46,11.822193145751953,0.016309145838022232,3.109661137513746,-0.00046601120212678515,0.000310927270096824,-0.2703218666676046,-0.002359041986333246,0.004458317161038046,-0.2753122425079346,-0.25921902537345887,0,0,False,-0.04083882186179267,0.024512471544353872
104.48,11.827372550964355,0.01613430120050907,3.109684511203393,-0.00045008348665794224,-0.0008516831216695514,-0.27564641218824576,4.74295999449946e-05,0.00021784482888143516,-0.3140339064598084,-0.27054355025291443,0,0,False,-0.14139661120844718,0.019121184657231713
104.5,11.833186149597168,0.01596871390938759,3.109625332716661,-0.00016732724106283445,-8.293905760953559e-05,-0.278554670153053,-0.00040245596386731183,0.004773604432061571,-0.26609544277191166,-0.3127692830562592,0,0,False,-0.07325915929081266,0.0318394360747333
104.52,11.838886260986328,0.015764717012643814,3.1096956481202342,0.00045882132786370905,0.0003580346261395336,-0.2807235984892187,-0.0026824457014768075,0.00776761989595992,-0.289678909778595,-0.2916126656532288,0,0,False,0.020297984527455504,0.005333620663253387
104.54,11.844467163085938,0.015629075467586517,3.110043025868311,0.0005002133877168675,0.0008111983604271534,-0.27618259941087053,-0.0028924532364985305,0.007005472047017108,-0.29037638902664187,-0.28825512886047366,0,0,False,0.010345606042171327,-0.10386740330006133
104.56,11.849825859069824,0.015632569789886475,3.11030592079507,-0.00016531724179077268,0.00021003599379795576,-0.27402257342604935,-0.0009793602603514256,0.000644534481941697,-0.2882736372947693,-0.2832216858863831,0,0,False,-0.009992005389576833,-0.13616320279096508
104.58,11.855277061462402,0.015503033995628357,3.1101857704804226,-0.0005234140796390206,-0.00027617266257043015,-0.27772702166967933,-0.00040168332022798466,-0.003535787831943158,-0.2732080888748169,-0.2649676549434662,0,0,False,-0.05003761470608849,-0.062838238342816
104.6,11.860799789428711,0.015157277695834637,3.1097472108787896,4.273221494407657e-05,-0.0008504926704869429,-0.2815229589203848,0.0007052447163692632,-0.003125436327317054,-0.2675788378715515,-0.273367429971695,0,0,False,-0.0532262050730756,0.08495558668066103
104.62,11.86667537689209,0.014963505789637566,3.1097601628417557,0.000501403258008191,-0.00010363600177761916,-0.2801856085873575,0.0002865922874711879,0.0019784129795919346,-0.2731061172485352,-0.2873907732963562,0,0,False,0.03878781508156403,0.04618658278832319
104.64,11.872334480285645,0.01485908217728138,3.1100558858888845,0.0003528375417006023,0.0006432906461505117,-0.2782806698318953,-0.0017893895527238083,0.007440981416394435,-0.290407030582428,-0.2922697401046753,0,0,False,0.0686604976768559,-0.08654660514069654
104.66,11.877679824829102,0.01476671826094389,3.11034404351879,3.94866507486516e-05,4.1174809363542904e-05,-0.2746239964631543,0.0011003310538521358,0.00015913879112261836,-0.2928772807121277,-0.276970157623291,0,0,False,-0.01629884105837122,-0.19959448642616912
104.68,11.883055686950684,0.014598388224840164,3.1103424893921012,-0.0006986811054233118,-0.0003989106805828005,-0.2760301191062355,0.0041126096197014374,-0.01004916473857386,-0.2749562513828278,-0.2643805420398712,0,0,False,-0.05856660989125698,-0.1875321162654512
104.7,11.888631820678711,0.014189104549586773,3.1097728939450455,-0.00020258470910127868,-0.0003950310554425473,-0.2814895158720272,0.004908220507974187,-0.013989145934501256,-0.2709774720668793,-0.2716995763778687,0,0,False,-0.09187024020931496,-0.010879336715258665
104.72,11.89439582824707,0.013840267434716225,3.1092519527097986,0.00039089337737011477,-8.4528145600341e-05,-0.28296599862319577,0.0027635468318884977,-0.007561587884841342,-0.272108188867569,-0.2919559645652771,0,0,False,-0.02131226084037725,0.18188757173361822
104.74,11.900175094604492,0.013657825998961926,3.10922491184403,0.0006659233914771366,0.00044506934480795024,-0.2819736156798993,-0.00026826231422097044,-0.0007112081460980564,-0.2800288808345795,-0.2954277396202088,0,0,False,0.056900448765546084,0.19036278427316788
104.76,11.90567398071289,0.013645442202687263,3.109737562361314,-1.5710546489346784e-05,0.00031010300730572465,-0.2777350999734656,-0.0025118496713599303,0.004501841000115288,-0.2896933126449585,-0.28845890522003176,0,0,False,0.016509943604899397,0.03227952326580324
104.78,11.911178588867188,0.013480533845722675,3.1097159972933577,-0.0005345788002555421,4.146712485161592e-05,-0.2769374799707836,0.00014876889894746038,0.0012398768073518516,-0.2833273792266846,-0.27147989511489873,0,0,False,0.004099541436611375,0.005110829393445643
104.8,11.916609764099121,0.013333451002836227,3.109612099989808,-0.0004364186782107025,-0.0008643870790965172,-0.28164520313480385,0.002248546491966241,-0.004979226023577138,-0.2767075765132904,-0.27713359594345094,0,0,False,-0.05387826346276829,-0.049228756076812756
104.82,11.922318458557129,0.012939822860062122,3.109324101988618,0.0004831953242602528,-0.0005253504424079004,-0.2816456523649704,0.0010531719232825167,-0.00030234179462241363,-0.27377695202827457,-0.27771700382232667,0,0,False,-0.0017628193987672223,0.031810813230982615
104.84,11.92818832397461,0.012745199725031853,3.1093392242794278,0.0006050769692931533,0.00035497847629004385,-0.282045361050487,0.0012474001636085755,0.0005635405139703518,-0.31076823592185976,-0.29508350610733036,0,0,False,0.04507172724381335,0.05258706789864011
104.86,11.933695793151855,0.012669386342167854,3.109691809949788,3.567909313960346e-05,0.00033223030251201526,-0.277078505522685,-0.0014187980491888845,0.003784741865830407,-0.2935007929801941,-0.293974301815033,0,0,False,0.01133988676158718,-0.03255071506307998
104.88,11.93915843963623,0.012506082653999329,3.1096571832309254,-0.000557205752347474,8.009913288667466e-06,-0.27803946495529885,-0.00046734584471042756,-0.0007722605916860191,-0.28521961212158203,-0.27241687417030336,0,0,False,0.019164273325246166,0.03428620898728176
104.9,11.944477081298828,0.012346265837550163,3.1096268813378845,-0.0005975966121377015,-0.001204051684416835,-0.2807384614240433,0.0014987593296890405,-0.002906398999669219,-0.2743627965450287,-0.2760040891170502,0,0,False,-0.06177198799214502,0.06624807223050158
104.92,11.950421333312988,0.01207234337925911,3.109277443432093,-8.97473542126054e-05,-0.0001430460933257328,-0.28051221918446734,-0.0011861678656830046,0.0033064372329528343,-0.2718631148338318,-0.278023636341095,0,0,False,0.03043610629959374,0.14375814759354846
104.94,11.95613956451416,0.011831747367978096,3.1094592980298144,0.000520534852884078,0.00041704050271923243,-0.2820202645620565,-0.0028341741778589932,0.00908458764427042,-0.2908662366867066,-0.3021004390716553,0,0,False,0.05995781801095407,0.13910532370480547
104.96,11.961590766906738,0.01187586784362793,3.1099216982095617,9.722345147559159e-05,0.00040895727972209655,-0.2756045764513314,-0.004595259864853256,0.010728391215797613,-0.2904784440994263,-0.28819332838058476,0,0,False,0.027217482224511116,-0.002860484672746756
104.98,11.967034339904785,0.011848026886582375,3.110353648349426,-0.000502638141235992,0.00015561431184150462,-0.27594183598316707,-0.002906302574880672,0.008222026896714982,-0.28696851730346684,-0.2658788824081421,0,0,False,0.026023128308098747,-0.13257932652881732
105.0,11.9724702835083,0.01174160372465849,3.1101357147293567,-0.0005869384215982757,-0.0002575510387604176,-0.2783348206065065,-5.082842378114488e-05,0.0030775984591330987,-0.312036806344986,-0.2683747589588166,0,0,False,-0.011773042211019982,-0.11086184186206885
105.02,11.978211402893066,0.01137463841587305,3.1101170601815515,-2.3908838085278363e-05,0.00015712564944934276,-0.2799384142974086,0.002009430524182912,-0.0015217584780347396,-0.3327479946613312,-0.2723330104351044,0,0,False,0.11236823109243944,-0.08035780440521566
105.04,11.983846664428711,0.011179602704942226,3.1101679060862923,0.0003058959976879814,1.6257816822034052e-06,-0.27654641982821315,0.003013152715425597,0.0018594438668307187,-0.278626720905304,-0.2931700611114502,0,0,False,0.2629929184443464,-0.09842904737766571
105.06,11.989413261413574,0.010982570238411427,3.1102319076711833,0.0002103450644699757,0.0005279391254863737,-0.2669523774957721,0.0005997001579478786,0.0017934025442978667,-0.2901350450515747,-0.28924008131027223,0,0,False,0.384781708246375,-0.053077660184324735
105.08,11.994575500488281,0.010805552825331688,3.110284470238703,-6.246504545123844e-05,-0.00010087539080668703,-0.25729538713095923,0.006064299197857387,-0.00479672533107999,-0.28672051429748535,-0.28020878314971925,0,0,False,0.4069178175930138,-0.11365384628030592
105.1,11.999555587768555,0.010657049715518951,3.1102605323850954,-0.0010241051957102605,-0.0007724004595356218,-0.24915587763769928,0.005879827160215658,-0.005767971292780628,-0.2649386990070343,-0.2630489277839661,0,0,False,0.39863036759712495,-0.09993944893315222
105.12,12.00440502166748,0.010050365701317787,3.109784168059806,-0.0002950034384388056,-0.0010916917164411595,-0.24399299442077274,0.007595046410878729,-0.0072328638355935605,-0.2498553013801575,-0.2497067749500275,0,0,False,0.4048886197375943,-0.02390544168520794
105.14,12.009321212768555,0.009887990541756153,3.109770469967761,0.0001873915960689615,-0.0002215724028086351,-0.2350619480880028,0.005411144967957991,-0.006201753370354141,-0.2398403608798981,-0.22602252125740052,0,0,False,0.5458092588195684,0.028207584613286842
105.16,12.014065742492676,0.009577477350831032,3.1097058411318557,0.0008013174661069314,0.0005592000737605635,-0.22490429755195238,-0.0015893782893102188,-0.006709160665896584,-0.23323226571083072,-0.24679924845695497,0,0,False,0.6943453189559275,0.07854329575126054
105.18,12.01833724975586,0.009626063518226147,3.109764392115467,0.0004599796140462408,0.0007284567947007018,-0.20549113693212698,-0.0007059791374702988,-0.003511364523717328,-0.2329524612426758,-0.2319326949119568,0,0,False,0.8195366979260776,0.04422928672953772
105.2,12.022392272949219,0.009603830054402351,3.1092474352065342,0.00010885598043012813,0.0012211822903927,-0.18844536890429972,-0.0027002054394114836,-0.0009494001754928519,-0.2087430036067963,-0.20461775898933413,0,0,False,0.9157497322245076,0.138527453038834
105.22,12.02575397491455,0.009421294555068016,3.1094895608058635,0.0001301623590853296,0.00034084523639583015,-0.16949901225391797,-0.0006382740141573223,-0.002663410431991199,-0.16716939687728882,-0.16629349231719973,0,0,False,0.8288366173707556,0.10775964384251062
105.24,12.02914047241211,0.009305841289460659,3.1096298891178162,-0.00023574356697127907,0.00028451650924329105,-0.15164431897399333,0.0008766499404338612,0.004373035577209898,-0.16716939687728882,-0.16629349231719973,0,0,False,0.7976105975824223,0.03418693604262536
105.26,12.031891822814941,0.009241858497262001,3.1095513192809077,-0.0005941859554484017,-0.0004277812324104809,-0.13918420754246794,0.0009766871193937193,0.005109406983683337,-0.159376060962677,-0.1610724699497223,0,0,False,0.6657748369924527,0.038156674820670713
105.28,12.034515380859375,0.009146042168140411,3.109597278052711,-0.0008274952595135357,-0.0005960084296133199,-0.1246365210977073,0.004441232257999897,0.001785554707917119,-0.13476263880729678,-0.13605828344821932,0,0,False,0.606542878547649,-0.06344089774596154
105.3,12.036880493164062,0.008986488915979862,3.109898313364558,-0.0011167956219137994,-0.0007481772228382083,-0.1162370252945229,0.004052030863794522,0.00038912355366239323,-0.12573121547698976,-0.1265560340881348,0,0,False,0.6148346133172566,-0.08075921232142745
105.32,12.039094924926758,0.008631755597889423,3.1097727334944496,-0.0002650646321656045,-0.0006728765254977477,-0.10312088869018245,0.0037575671848875595,-0.0007022362424669176,-0.11490018486976625,-0.11527223110198975,0,0,False,0.5983820610446177,-0.033400484110157065
105.34,12.041175842285156,0.008623183704912663,3.1095824491652007,-0.000321132777748714,-0.00019667271216782352,-0.08999743847708845,0.003599895957124449,-0.0013513300020307217,-0.10083705425262453,-0.08659744888544084,0,0,False,0.6587062419129982,0.017131386479755272
105.36,12.04275131225586,0.0085831293836236,3.1095410991533137,-0.00029950647093809657,-0.0003040828826069811,-0.07676595621413891,-0.0002649626181139659,-0.0008864840208953897,-0.09690653622150422,-0.10160301804542543,0,0,False,0.6610283988155339,0.043859669426251816
105.38,12.0440673828125,0.008468217216432095,3.1097902069643957,0.0002913218992333502,-0.0003837092632264585,-0.06354052594148417,0.0005512684483995837,0.0017596344720427857,-0.078302960395813,-0.07854606091976167,0,0,False,0.6483114260265427,-0.0014014132183188296
105.4,12.045233726501465,0.008456137962639332,3.109701814772778,0.0002635795269626653,-0.00027261035681365914,-0.05023861678493147,0.0008141984167155669,0.0028065373116337765,-0.06756004720926286,-0.06708707869052888,0,0,False,0.5775119889117333,-0.019202075526028605
105.42,12.046255111694336,0.008417472243309021,3.109723219922964,0.0002864024238109233,-0.00019865809897810744,-0.038132524394966144,-0.0003128799685766942,-0.0014634430594962257,-0.057681089043617254,-0.055956435501575474,0,0,False,0.540179593975487,-0.11981565748088963
105.44,12.04676628112793,0.00838987622410059,3.1097656221382444,0.0007967106457918064,-0.0006807433751090392,-0.030564997101201242,-0.003866308611108334,-0.0024226500629776454,-0.045931731760501866,-0.010502203404903413,0,0,False,0.41138073722701346,-0.13413008971619472
105.46,12.047117233276367,0.008396030403673649,3.109673131519636,0.0013048541526535606,-0.001146896588387874,-0.02032615842344613,-0.002161549883650078,-0.00782561812642818,-0.02320815071463585,-0.023778177946805958,0,0,False,0.29768073781201226,-0.045275394044479514
105.48,12.047687530517578,0.008687475696206093,3.1095080027677398,0.0005760902573930861,-0.00046280302275032275,-0.017328157806771095,-0.002287959620910766,-0.007923869865661572,-0.017242130488157273,-0.0197946734726429,0,0,False,0.23624725981086966,-0.07494971366206789
105.5,12.04788589477539,0.008538412861526012,3.10909717047285,0.0006122135801812443,-0.0006868043669947517,-0.014318065370005672,0.0001659495738273206,-0.00508547458305451,0.001963074803352356,-0.021797727495431903,0,0,False,0.1217398608499708,0.10891861431846978
105.52,12.048157691955566,0.008528348989784718,3.1091317125489915,0.00043717130909319297,-0.0003970132331416823,-0.01166521631633207,0.00221622200559937,-0.00841862715594295,-0.014308946281671526,-0.014476951733231547,0,0,False,0.09650346904628679,0.0928830817074245
105.54,12.048261642456055,0.008345546200871468,3.1092662935529916,0.0009563220041068592,-0.0007604463925612314,-0.010586969555446944,0.00023435103341315472,0.0008878710190507645,-0.012327237352728846,-0.012981458455324174,0,0,False,0.06901266652775927,0.035489740615586504
105.56,12.048614501953125,0.008479983545839787,3.1088345125952643,0.0006777759754379468,-0.0004262659657475604,-0.009607880283068316,0.00019472985438731755,-0.0004932233290677706,-0.007035279460251332,-0.003975638076663018,0,0,False,0.07127128843245367,0.15043290295024078
105.58,12.048731803894043,0.008492300286889076,3.109168200154374,0.0007737251581506631,-0.0005754110673533964,-0.008797052047785048,-0.002367241373458247,-0.0022462953338076496,0.02201701655983925,-0.01164856068789959,0,0,False,0.047663895583436124,-0.01085929210151206
105.6,12.048925399780273,0.008487604558467865,3.109092254682666,0.0005990197641740773,-0.0003819739474233485,-0.005963513241735899,-0.00036995120897294803,0.0036160050800760563,-0.009261666834354402,-0.008129620365798474,0,0,False,0.03563428121688567,0.011490192780918661
105.62,12.048971176147461,0.008512010797858238,3.109086589926287,0.0009408883920480331,-0.0007776000592822333,-0.006773857908772135,-2.486747412425749e-05,1.9127650929818125e-05,-0.008822110295295716,-0.006728220842778684,0,0,False,0.028152879532062806,-0.00237365846755832
105.64,12.049092292785645,0.008494061417877674,3.1091237930016704,0.0009773943248357329,-0.0008083267356258878,-0.006757137785717523,-0.00017220744510027463,0.0004259920934057027,-0.005080339908599854,-0.0028475292399525644,0,0,False,-0.013601522013943636,-0.04241028839342114
105.66,12.049273490905762,0.008476676419377327,3.1091697303664483,0.0007940931040949081,-0.0005894556634139543,-0.006544821685220072,0.001004239277248548,-0.002436188011212311,-0.005017825439572335,-0.005356794781982899,0,0,False,0.0018431017357306266,-0.008172486116592506
105.68,12.049466133117676,0.008483825251460075,3.1091263340501385,0.0005931984721269547,-0.0003483644368946992,-0.00705163500285156,8.163390686239804e-05,0.00022318200860183468,-0.00687414687126875,-0.0059883705899119385,0,0,False,0.016802863902579644,-0.02178725719573225
105.7,12.049491882324219,0.008414740674197674,3.10889169488539,0.0010374140295256384,-0.0006684424913683347,-0.006626409769913688,-0.00015810910824078873,-0.0006346712383975685,-0.008737108036875725,-0.005593411773443222,0,0,False,0.005139352762771632,0.031317209489985176
105.72,12.04965591430664,0.008469222113490105,3.1091416475623586,0.0007905896204482552,-0.0005067359331839424,-0.00541290867351118,-0.00043038055400007483,-0.0013169884822528401,-0.003822359368205071,-0.002167307119816542,0,0,False,0.011932946365700829,-0.0367855621250678
105.74,12.049803733825684,0.008471986278891563,3.1091189566673765,0.0006220550655688987,-0.0003393983068968758,-0.00613367346419835,0.0008292480857301293,6.918874798644983e-05,-0.005853737741708756,-0.006225493215024472,0,0,False,0.010943391803523201,-0.00376151560677068
105.76,12.04990005493164,0.008504187688231468,3.1090209749715583,0.000640960625000778,-0.0003280698541190756,-0.006096999293595514,0.001164821201401438,-0.0027196629614035265,-0.00826188750565052,-0.006173684410750867,0,0,False,0.010652326781186607,0.02007708991301568
105.78,12.049980163574219,0.008332503959536552,3.108897229985229,0.0008677977858740257,-0.000451759508681197,-0.005750938425631851,-0.00030418959417431154,-0.0009355924869392164,-0.003514182046055794,0.008269527945667507,0,0,False,0.033045418729406154,0.02208502864899192
105.8,12.050140380859375,0.008360201492905617,3.1089240745254463,0.0008047148283328407,-0.00033520759660993904,-0.00456072253101627,0.0001375940572781883,0.00028917871078837983,-0.005685969591140747,-0.005041596740484238,0,0,False,0.05746684623911058,0.05275121560739896
105.82,12.050264358520508,0.008481268770992756,3.1090441092684213,0.0005559260785089517,-0.000363562644365024,-0.003490039965845914,-0.001974181446644251,0.0018359910399057657,-0.00910170041024685,-0.0068392688408494004,0,0,False,0.07188673032039966,0.011694906086740455
105.84,12.050264358520508,0.008481268770992756,3.1090441092684213,0.0005559260785089517,-0.000363562644365024,-0.0014996515944667654,-0.0015629716734456057,0.0015004342871883,-0.008575689382851125,-0.006580021679401398,0,0,False,0.057009031637704585,-0.003614733884854825
105.86,12.050264358520508,0.008481268770992756,3.1090441092684213,0.0005559260785089517,-0.000363562644365024,0.0,-0.0,0.0,-0.005736803635954858,-0.00530391812324524,0,0,False,0.043625499573067106,-0.022949887998818485
105.88,12.050264358520508,0.008481268770992756,3.1090441092684213,0.0005559260785089517,-0.000363562644365024,0.0,-0.0,0.0,-0.005736803635954858,-0.00530391812324524,0,0,False,0.018745644930834967,-0.01875542858985415
105.9,12.050264358520508,0.008481268770992756,3.1090441092684213,0.0005559260785089517,-0.000363562644365024,0.0,-0.0,0.0,-0.005736803635954858,-0.00530391812324524,0,0,False,0.0,0.0
105.92,12.050264358520508,0.008481268770992756,3.1090441092684213,0.0005559260785089517,-0.000363562644365024,0.0,-0.0,0.0,-0.005736803635954858,-0.00530391812324524,0,0,False,0.0,0.0
105.94,12.050264358520508,0.008481268770992756,3.1090441092684213,0.0005559260785089517,-0.000363562644365024,0.0,-0.0,0.0,-0.005736803635954858,-0.00530391812324524,0,0,False,0.0,0.0
105.96,12.050264358520508,0.008481268770992756,3.1090441092684213,0.0005559260785089517,-0.000363562644365024,0.0,-0.0,0.0,-0.005736803635954858,-0.00530391812324524,0,0,False,0.0,0.0
105.98,12.050264358520508,0.008481268770992756,3.1090441092684213,0.0005559260785089517,-0.000363562644365024,0.0,-0.0,0.0,-0.005736803635954858,-0.00530391812324524,0,0,False,0.0,0.0
106.0,12.050264358520508,0.008481268770992756,3.1090441092684213,0.0005559260785089517,-0.000363562644365024,0.0,-0.0,0.0,-0.005736803635954858,-0.00530391812324524,0,0,False,0.0,0.0
106.02,12.050264358520508,0.008481268770992756,3.1090441092684213,0.0005559260785089517,-0.000363562644365024,0.0,-0.0,0.0,-0.005736803635954858,-0.00530391812324524,0,0,False,0.0,0.0
106.04,12.050264358520508,0.008481268770992756,3.1090441092684213,0.0005559260785089517,-0.000363562644365024,0.0,-0.0,0.0,-0.005736803635954858,-0.00530391812324524,0,0,False,0.0,0.0
106.06,12.050264358520508,0.008481268770992756,3.1090441092684213,0.0005559260785089517,-0.000363562644365024,0.0,-0.0,0.0,-0.005736803635954858,-0.00530391812324524,0,0,False,0.0,0.0
106.08,12.050264358520508,0.008481268770992756,3.1090441092684213,0.0005559260785089517,-0.000363562644365024,0.0,-0.0,0.0,-0.005736803635954858,-0.00530391812324524,0,0,False,0.0,0.0
106.1,12.050264358520508,0.008481268770992756,3.1090441092684213,0.0005559260785089517,-0.000363562644365024,0.0,-0.0,0.0,-0.005736803635954858,-0.00530391812324524,0,0,False,0.0,0.0
106.12,12.050264358520508,0.008481268770992756,3.1090441092684213,0.0005559260785089517,-0.000363562644365024,0.0,-0.0,0.0,-0.005736803635954858,-0.00530391812324524,0,0,False,0.0,0.0
106.14,12.050264358520508,0.008481268770992756,3.1090441092684213,0.0005559260785089517,-0.000363562644365024,0.0,-0.0,0.0,-0.005736803635954858,-0.00530391812324524,0,0,False,0.0,0.0
106.16,12.050264358520508,0.008481268770992756,3.1090441092684213,0.0005559260785089517,-0.000363562644365024,0.0,-0.0,0.0,-0.005736803635954858,-0.00530391812324524,0,0,False,0.0,0.0
106.18,12.050264358520508,0.008481268770992756,3.1090441092684213,0.0005559260785089517,-0.000363562644365024,0.0,-0.0,0.0,-0.005736803635954858,-0.00530391812324524,0,0,False,0.0,0.0
106.2,12.050264358520508,0.008481268770992756,3.1090441092684213,0.0005559260785089517,-0.000363562644365024,0.0,-0.0,0.0,-0.005736803635954858,-0.00530391812324524,0,0,False,0.0,0.0
106.22,12.050264358520508,0.008481268770992756,3.1090441092684213,0.0005559260785089517,-0.000363562644365024,0.0,-0.0,0.0,-0.005736803635954858,-0.00530391812324524,0,0,False,0.0,0.0
106.24,12.050264358520508,0.008481268770992756,3.1090441092684213,0.0005559260785089517,-0.000363562644365024,0.0,-0.0,0.0,-0.005736803635954858,-0.00530391812324524,0,0,False,0.0,0.0
106.26,12.050264358520508,0.008481268770992756,3.1090441092684213,0.0005559260785089517,-0.000363562644365024,0.0,-0.0,0.0,-0.005736803635954858,-0.00530391812324524,0,0,False,0.0,0.0
106.28,12.050264358520508,0.008481268770992756,3.1090441092684213,0.0005559260785089517,-0.000363562644365024,0.0,-0.0,0.0,-0.005736803635954858,-0.00530391812324524,0,0,False,0.0,0.0
106.3,12.050264358520508,0.008481268770992756,3.1090441092684213,0.0005559260785089517,-0.000363562644365024,0.0,-0.0,0.0,-0.005736803635954858,-0.00530391812324524,0,0,False,0.0,0.0
106.32,12.050264358520508,0.008481268770992756,3.1090441092684213,0.0005559260785089517,-0.000363562644365024,0.0,-0.0,0.0,-0.005736803635954858,-0.00530391812324524,0,0,False,0.0,0.0
106.34,12.050264358520508,0.008481268770992756,3.1090441092684213,0.0005559260785089517,-0.000363562644365024,0.0,-0.0,0.0,-0.005736803635954858,-0.00530391812324524,0,0,False,0.0,0.0
106.36,12.050264358520508,0.008481268770992756,3.1090441092684213,0.0005559260785089517,-0.000363562644365024,0.0,-0.0,0.0,-0.005736803635954858,-0.00530391812324524,0,0,False,0.0,0.0
106.38,12.050264358520508,0.008481268770992756,3.1090441092684213,0.0005559260785089517,-0.000363562644365024,0.0,-0.0,0.0,-0.005736803635954858,-0.00530391812324524,0,0,False,0.0,0.0
106.4,12.050264358520508,0.008481268770992756,3.1090441092684213,0.0005559260785089517,-0.000363562644365024,0.0,-0.0,0.0,-0.005736803635954858,-0.00530391812324524,0,0,False,0.0,0.0
106.42,12.050264358520508,0.008481268770992756,3.1090441092684213,0.0005559260785089517,-0.000363562644365024,0.0,-0.0,0.0,-0.005736803635954858,-0.00530391812324524,0,0,False,0.0,0.0
106.44,12.050264358520508,0.008481268770992756,3.1090441092684213,0.0005559260785089517,-0.000363562644365024,0.0,-0.0,0.0,-0.005736803635954858,-0.00530391812324524,0,0,False,0.0,0.0
106.46,12.050264358520508,0.008481268770992756,3.1090441092684213,0.0005559260785089517,-0.000363562644365024,0.0,-0.0,0.0,-0.005736803635954858,-0.00530391812324524,0,0,False,0.0,0.0
106.48,12.050264358520508,0.008481268770992756,3.1090441092684213,0.0005559260785089517,-0.000363562644365024,0.0,-0.0,0.0,-0.005736803635954858,-0.00530391812324524,0,0,False,0.0,0.0
106.5,12.050264358520508,0.008481268770992756,3.1090441092684213,0.0005559260785089517,-0.000363562644365024,0.0,-0.0,0.0,-0.005736803635954858,-0.00530391812324524,0,0,False,0.0,0.0
106.52,12.050264358520508,0.008481268770992756,3.1090441092684213,0.0005559260785089517,-0.000363562644365024,0.0,-0.0,0.0,-0.005736803635954858,-0.00530391812324524,0,0,False,0.0,0.0
106.54,12.050264358520508,0.008481268770992756,3.1090441092684213,0.0005559260785089517,-0.000363562644365024,0.0,-0.0,0.0,-0.005736803635954858,-0.00530391812324524,0,0,False,0.0,0.0
106.56,12.050264358520508,0.008481268770992756,3.1090441092684213,0.0005559260785089517,-0.000363562644365024,0.0,-0.0,0.0,-0.005736803635954858,-0.00530391812324524,0,0,False,0.0,0.0
106.58,12.050264358520508,0.008481268770992756,3.1090441092684213,0.0005559260785089517,-0.000363562644365024,0.0,-0.0,0.0,-0.005736803635954858,-0.00530391812324524,0,0,False,0.0,0.0
106.6,12.050264358520508,0.008481268770992756,3.1090441092684213,0.0005559260785089517,-0.000363562644365024,0.0,-0.0,0.0,-0.005736803635954858,-0.00530391812324524,0,0,False,0.0,0.0
106.62,12.050264358520508,0.008481268770992756,3.1090441092684213,0.0005559260785089517,-0.000363562644365024,0.0,-0.0,0.0,-0.005736803635954858,-0.00530391812324524,0,0,False,0.0,0.0
106.64,12.050264358520508,0.008481268770992756,3.1090441092684213,0.0005559260785089517,-0.000363562644365024,0.0,-0.0,0.0,-0.005736803635954858,-0.00530391812324524,0,0,False,0.0,0.0
106.66,12.050264358520508,0.008481268770992756,3.1090441092684213,0.0005559260785089517,-0.000363562644365024,0.0,-0.0,0.0,-0.005736803635954858,-0.00530391812324524,0,0,False,0.0,0.0
106.68,12.050264358520508,0.008481268770992756,3.1090441092684213,0.0005559260785089517,-0.000363562644365024,0.0,-0.0,0.0,-0.005736803635954858,-0.00530391812324524,0,0,False,0.0,0.0
106.7,12.050264358520508,0.008481268770992756,3.1090441092684213,0.0005559260785089517,-0.000363562644365024,0.0,-0.0,0.0,-0.005736803635954858,-0.00530391812324524,0,0,False,0.0,0.0
106.72,12.050264358520508,0.008481268770992756,3.1090441092684213,0.0005559260785089517,-0.000363562644365024,0.0,-0.0,0.0,-0.005736803635954858,-0.00530391812324524,0,0,False,0.0,0.0
106.74,12.050264358520508,0.008481268770992756,3.1090441092684213,0.0005559260785089517,-0.000363562644365024,0.0,-0.0,0.0,-0.005736803635954858,-0.00530391812324524,0,0,False,0.0,0.0
106.76,12.050264358520508,0.008481268770992756,3.1090441092684213,0.0005559260785089517,-0.000363562644365024,0.0,-0.0,0.0,-0.005736803635954858,-0.00530391812324524,0,0,False,0.0,0.0
106.78,12.050264358520508,0.008481268770992756,3.1090441092684213,0.0005559260785089517,-0.000363562644365024,0.0,-0.0,0.0,-0.005736803635954858,-0.00530391812324524,0,0,False,0.0,0.0
106.8,12.050264358520508,0.008481268770992756,3.1090441092684213,0.0005559260785089517,-0.000363562644365024,0.0,-0.0,0.0,-0.005736803635954858,-0.00530391812324524,0,0,False,0.0,0.0
106.82,12.050264358520508,0.008481268770992756,3.1090441092684213,0.0005559260785089517,-0.000363562644365024,0.0,-0.0,0.0,-0.005736803635954858,-0.00530391812324524,0,0,False,0.0,0.0
106.84,12.050264358520508,0.008481268770992756,3.1090441092684213,0.0005559260785089517,-0.000363562644365024,0.0,-0.0,0.0,-0.005736803635954858,-0.00530391812324524,0,0,False,0.0,0.0
106.86,12.050264358520508,0.008481268770992756,3.1090441092684213,0.0005559260785089517,-0.000363562644365024,0.0,-0.0,0.0,-0.005736803635954858,-0.00530391812324524,0,0,False,0.0,0.0
106.88,12.050264358520508,0.008481268770992756,3.1090441092684213,0.0005559260785089517,-0.000363562644365024,0.0,-0.0,0.0,-0.005736803635954858,-0.00530391812324524,0,0,False,0.0,0.0
106.9,12.050264358520508,0.008481268770992756,3.1090441092684213,0.0005559260785089517,-0.000363562644365024,0.0,-0.0,0.0,-0.005736803635954858,-0.00530391812324524,0,0,False,0.0,0.0
106.92,12.050264358520508,0.008481268770992756,3.1090441092684213,0.0005559260785089517,-0.000363562644365024,0.0,-0.0,0.0,-0.005736803635954858,-0.00530391812324524,0,0,False,0.0,0.0
106.94,12.050264358520508,0.008481268770992756,3.1090441092684213,0.0005559260785089517,-0.000363562644365024,0.0,-0.0,0.0,-0.005736803635954858,-0.00530391812324524,0,0,False,0.0,0.0
106.96,12.050264358520508,0.008481268770992756,3.1090441092684213,0.0005559260785089517,-0.000363562644365024,0.0,-0.0,0.0,-0.005736803635954858,-0.00530391812324524,0,0,False,0.0,0.0
106.98,12.050264358520508,0.008481268770992756,3.1090441092684213,0.0005559260785089517,-0.000363562644365024,0.0,-0.0,0.0,-0.005736803635954858,-0.00530391812324524,0,0,False,0.0,0.0
107.0,12.050264358520508,0.008481268770992756,3.1090441092684213,0.0005559260785089517,-0.000363562644365024,0.0,-0.0,0.0,-0.005736803635954858,-0.00530391812324524,0,0,False,0.0,0.0
107.02,12.050264358520508,0.008481268770992756,3.1090441092684213,0.0005559260785089517,-0.000363562644365024,0.0,-0.0,0.0,-0.005736803635954858,-0.00530391812324524,0,0,False,0.0,0.0
107.04,12.050264358520508,0.008481268770992756,3.1090441092684213,0.0005559260785089517,-0.000363562644365024,0.0,-0.0,0.0,-0.005736803635954858,-0.00530391812324524,0,0,False,0.0,0.0
107.06,12.050264358520508,0.008481268770992756,3.1090441092684213,0.0005559260785089517,-0.000363562644365024,0.0,-0.0,0.0,-0.005736803635954858,-0.00530391812324524,0,0,False,0.0,0.0
107.08,12.050264358520508,0.008481268770992756,3.1090441092684213,0.0005559260785089517,-0.000363562644365024,0.0,-0.0,0.0,-0.005736803635954858,-0.00530391812324524,0,0,False,0.0,0.0
107.1,12.050264358520508,0.008481268770992756,3.1090441092684213,0.0005559260785089517,-0.000363562644365024,0.0,-0.0,0.0,-0.005736803635954858,-0.00530391812324524,0,0,False,0.0,0.0
107.12,12.050264358520508,0.008481268770992756,3.1090441092684213,0.0005559260785089517,-0.000363562644365024,0.0,-0.0,0.0,-0.005736803635954858,-0.00530391812324524,0,0,False,0.0,0.0
107.14,12.050264358520508,0.008481268770992756,3.1090441092684213,0.0005559260785089517,-0.000363562644365024,0.0,-0.0,0.0,-0.005736803635954858,-0.00530391812324524,0,0,False,0.0,0.0
107.16,12.050264358520508,0.008481268770992756,3.1090441092684213,0.0005559260785089517,-0.000363562644365024,0.0,-0.0,0.0,-0.005736803635954858,-0.00530391812324524,0,0,False,0.0,0.0
107.18,12.050264358520508,0.008481268770992756,3.1090441092684213,0.0005559260785089517,-0.000363562644365024,0.0,-0.0,0.0,-0.005736803635954858,-0.00530391812324524,0,0,False,0.0,0.0
107.2,12.050264358520508,0.008481268770992756,3.1090441092684213,0.0005559260785089517,-0.000363562644365024,0.0,-0.0,0.0,-0.005736803635954858,-0.00530391812324524,0,0,False,0.0,0.0
107.22,12.050264358520508,0.008481268770992756,3.1090441092684213,0.0005559260785089517,-0.000363562644365024,0.0,-0.0,0.0,-0.005736803635954858,-0.00530391812324524,0,0,False,0.0,0.0
107.24,12.050264358520508,0.008481268770992756,3.1090441092684213,0.0005559260785089517,-0.000363562644365024,0.0,-0.0,0.0,-0.005736803635954858,-0.00530391812324524,0,0,False,0.0,0.0
107.26,12.050264358520508,0.008481268770992756,3.1090441092684213,0.0005559260785089517,-0.000363562644365024,0.0,-0.0,0.0,-0.005736803635954858,-0.00530391812324524,0,0,False,0.0,0.0
107.28,12.050264358520508,0.008481268770992756,3.1090441092684213,0.0005559260785089517,-0.000363562644365024,0.0,-0.0,0.0,-0.005736803635954858,-0.00530391812324524,0,0,False,0.0,0.0
107.3,12.050264358520508,0.008481268770992756,3.1090441092684213,0.0005559260785089517,-0.000363562644365024,0.0,-0.0,0.0,-0.005736803635954858,-0.00530391812324524,0,0,False,0.0,0.0
107.32,12.050264358520508,0.008481268770992756,3.1090441092684213,0.0005559260785089517,-0.000363562644365024,0.0,-0.0,0.0,-0.005736803635954858,-0.00530391812324524,0,0,False,0.0,0.0
107.34,12.050264358520508,0.008481268770992756,3.1090441092684213,0.0005559260785089517,-0.000363562644365024,0.0,-0.0,0.0,-0.005736803635954858,-0.00530391812324524,0,0,False,0.0,0.0
107.36,12.050264358520508,0.008481268770992756,3.1090441092684213,0.0005559260785089517,-0.000363562644365024,0.0,-0.0,0.0,-0.005736803635954858,-0.00530391812324524,0,0,False,0.0,0.0
107.38,12.050264358520508,0.008481268770992756,3.1090441092684213,0.0005559260785089517,-0.000363562644365024,0.0,-0.0,0.0,-0.005736803635954858,-0.00530391812324524,0,0,True,0.0,0.0
107.4,12.050264358520508,0.008481268770992756,3.1090441092684213,0.0005559260785089517,-0.000363562644365024,0.0,-0.0,0.0,-0.005736803635954858,-0.00530391812324524,0,0,True,0.0,0.0
107.42,12.050264358520508,0.008481268770992756,3.1090441092684213,0.0005559260785089517,-0.000363562644365024,0.0,-0.0,0.0,-0.005736803635954858,-0.00530391812324524,0,0,True,0.0,0.0
107.44,12.050264358520508,0.008481268770992756,3.1090441092684213,0.0005559260785089517,-0.000363562644365024,0.0,-0.0,0.0,-0.005736803635954858,-0.00530391812324524,0,0,True,0.0,0.0
107.46,12.050264358520508,0.008481268770992756,3.1090441092684213,0.0005559260785089517,-0.000363562644365024,0.0,-0.0,0.0,-0.005736803635954858,-0.00530391812324524,0,0,True,0.0,0.0
107.48,12.050264358520508,0.008481268770992756,3.1090441092684213,0.0005559260785089517,-0.000363562644365024,0.0,-0.0,0.0,-0.005736803635954858,-0.00530391812324524,0,0,True,0.0,0.0
107.5,12.050264358520508,0.008481268770992756,3.1090441092684213,0.0005559260785089517,-0.000363562644365024,0.0,-0.0,0.0,-0.005736803635954858,-0.00530391812324524,0,0,True,0.0,0.0
107.52,12.050264358520508,0.008481268770992756,3.1090441092684213,0.0005559260785089517,-0.000363562644365024,0.0,-0.0,0.0,-0.005736803635954858,-0.00530391812324524,0,0,True,0.0,0.0
107.54,12.050264358520508,0.008481268770992756,3.1090441092684213,0.0005559260785089517,-0.000363562644365024,0.0,-0.0,0.0,-0.005736803635954858,-0.00530391812324524,0,0,True,0.0,0.0
107.56,12.050264358520508,0.008481268770992756,3.1090441092684213,0.0005559260785089517,-0.000363562644365024,0.0,-0.0,0.0,-0.005736803635954858,-0.00530391812324524,0,0,True,0.0,0.0
107.58,12.050264358520508,0.008481268770992756,3.1090441092684213,0.0005559260785089517,-0.000363562644365024,0.0,-0.0,0.0,-0.005736803635954858,-0.00530391812324524,0,0,True,0.0,0.0
107.6,12.050264358520508,0.008481268770992756,3.1090441092684213,0.0005559260785089517,-0.000363562644365024,0.0,-0.0,0.0,-0.005736803635954858,-0.00530391812324524,0,0,True,0.0,0.0
107.62,12.050264358520508,0.008481268770992756,3.1090441092684213,0.0005559260785089517,-0.000363562644365024,0.0,-0.0,0.0,-0.005736803635954858,-0.00530391812324524,0,0,True,0.0,0.0
107.64,12.050264358520508,0.008481268770992756,3.1090441092684213,0.0005559260785089517,-0.000363562644365024,0.0,-0.0,0.0,-0.005736803635954858,-0.00530391812324524,0,0,True,0.0,0.0
107.66,12.050264358520508,0.008481268770992756,3.1090441092684213,0.0005559260785089517,-0.000363562644365024,0.0,-0.0,0.0,-0.005736803635954858,-0.00530391812324524,0,0,True,0.0,0.0
107.68,12.050264358520508,0.008481268770992756,3.1090441092684213,0.0005559260785089517,-0.000363562644365024,0.0,-0.0,0.0,-0.005736803635954858,-0.00530391812324524,0,0,True,0.0,0.0
107.7,12.050264358520508,0.008481268770992756,3.1090441092684213,0.0005559260785089517,-0.000363562644365024,0.0,-0.0,0.0,-0.005736803635954858,-0.00530391812324524,0,0,True,0.0,0.0
107.72,12.050264358520508,0.008481268770992756,3.1090441092684213,0.0005559260785089517,-0.000363562644365024,0.0,-0.0,0.0,-0.005736803635954858,-0.00530391812324524,0,0,True,0.0,0.0
107.74,12.050264358520508,0.008481268770992756,3.1090441092684213,0.0005559260785089517,-0.000363562644365024,0.0,-0.0,0.0,-0.005736803635954858,-0.00530391812324524,0,0,True,0.0,0.0
107.76,12.050264358520508,0.008481268770992756,3.1090441092684213,0.0005559260785089517,-0.000363562644365024,0.0,-0.0,0.0,-0.005736803635954858,-0.00530391812324524,0,0,True,0.0,0.0
107.78,12.050264358520508,0.008481268770992756,3.1090441092684213,0.0005559260785089517,-0.000363562644365024,0.0,-0.0,0.0,-0.005736803635954858,-0.00530391812324524,0,0,True,0.0,0.0
107.8,12.050264358520508,0.008481268770992756,3.1090441092684213,0.0005559260785089517,-0.000363562644365024,0.0,-0.0,0.0,-0.005736803635954858,-0.00530391812324524,0,0,True,0.0,0.0
107.82,12.050264358520508,0.008481268770992756,3.1090441092684213,0.0005559260785089517,-0.000363562644365024,0.0,-0.0,0.0,-0.005736803635954858,-0.00530391812324524,0,0,True,0.0,0.0
107.84,12.050264358520508,0.008481268770992756,3.1090441092684213,0.0005559260785089517,-0.000363562644365024,0.0,-0.0,0.0,-0.005736803635954858,-0.00530391812324524,0,0,True,0.0,0.0
107.86,12.050264358520508,0.008481268770992756,3.1090441092684213,0.0005559260785089517,-0.000363562644365024,0.0,-0.0,0.0,-0.005736803635954858,-0.00530391812324524,0,0,True,0.0,0.0
107.88,12.050264358520508,0.008481268770992756,3.1090441092684213,0.0005559260785089517,-0.000363562644365024,0.0,-0.0,0.0,-0.005736803635954858,-0.00530391812324524,0,0,True,0.0,0.0
107.9,12.050264358520508,0.008481268770992756,3.1090441092684213,0.0005559260785089517,-0.000363562644365024,0.0,-0.0,0.0,-0.005736803635954858,-0.00530391812324524,0,0,True,0.0,0.0
107.92,12.050264358520508,0.008481268770992756,3.1090441092684213,0.0005559260785089517,-0.000363562644365024,0.0,-0.0,0.0,-0.005736803635954858,-0.00530391812324524,0,0,True,0.0,0.0
107.94,12.050264358520508,0.008481268770992756,3.1090441092684213,0.0005559260785089517,-0.000363562644365024,0.0,-0.0,0.0,-0.005736803635954858,-0.00530391812324524,0,0,True,0.0,0.0
107.96,12.050264358520508,0.008481268770992756,3.1090441092684213,0.0005559260785089517,-0.000363562644365024,0.0,-0.0,0.0,-0.005736803635954858,-0.00530391812324524,0,0,True,0.0,0.0
107.98,12.050264358520508,0.008481268770992756,3.1090441092684213,0.0005559260785089517,-0.000363562644365024,0.0,-0.0,0.0,-0.005736803635954858,-0.00530391812324524,0,0,True,0.0,0.0
108.0,12.050264358520508,0.008481268770992756,3.1090441092684213,0.0005559260785089517,-0.000363562644365024,0.0,-0.0,0.0,-0.005736803635954858,-0.00530391812324524,0,0,True,0.0,0.0
108.02,12.050264358520508,0.008481268770992756,3.1090441092684213,0.0005559260785089517,-0.000363562644365024,0.0,-0.0,0.0,-0.005736803635954858,-0.00530391812324524,0,0,True,0.0,0.0
108.04,12.050264358520508,0.008481268770992756,3.1090441092684213,0.0005559260785089517,-0.000363562644365024,0.0,-0.0,0.0,-0.005736803635954858,-0.00530391812324524,0,0,True,0.0,0.0
108.06,12.050264358520508,0.008481268770992756,3.1090441092684213,0.0005559260785089517,-0.000363562644365024,0.0,-0.0,0.0,-0.005736803635954858,-0.00530391812324524,0,0,True,0.0,0.0
108.08,12.050264358520508,0.008481268770992756,3.1090441092684213,0.0005559260785089517,-0.000363562644365024,0.0,-0.0,0.0,-0.005736803635954858,-0.00530391812324524,0,0,True,0.0,0.0
108.1,12.050264358520508,0.008481268770992756,3.1090441092684213,0.0005559260785089517,-0.000363562644365024,0.0,-0.0,0.0,-0.005736803635954858,-0.00530391812324524,0,0,True,0.0,0.0
108.12,12.050264358520508,0.008481268770992756,3.1090441092684213,0.0005559260785089517,-0.000363562644365024,0.0,-0.0,0.0,-0.005736803635954858,-0.00530391812324524,0,0,True,0.0,0.0
108.14,12.050264358520508,0.008481268770992756,3.1090441092684213,0.0005559260785089517,-0.000363562644365024,0.0,-0.0,0.0,-0.005736803635954858,-0.00530391812324524,0,0,True,0.0,0.0
108.16,12.050264358520508,0.008481268770992756,3.1090441092684213,0.0005559260785089517,-0.000363562644365024,0.0,-0.0,0.0,-0.005736803635954858,-0.00530391812324524,0,0,True,0.0,0.0
108.18,12.050264358520508,0.008481268770992756,3.1090441092684213,0.0005559260785089517,-0.000363562644365024,0.0,-0.0,0.0,-0.005736803635954858,-0.00530391812324524,0,0,True,0.0,0.0
108.2,12.050264358520508,0.008481268770992756,3.1090441092684213,0.0005559260785089517,-0.000363562644365024,0.0,-0.0,0.0,-0.005736803635954858,-0.00530391812324524,0,0,True,0.0,0.0
108.22,12.050264358520508,0.008481268770992756,3.1090441092684213,0.0005559260785089517,-0.000363562644365024,0.0,-0.0,0.0,-0.005736803635954858,-0.00530391812324524,0,0,True,0.0,0.0
108.24,12.050264358520508,0.008481268770992756,3.1090441092684213,0.0005559260785089517,-0.000363562644365024,0.0,-0.0,0.0,-0.005736803635954858,-0.00530391812324524,0,0,True,0.0,0.0
108.26,12.050264358520508,0.008481268770992756,3.1090441092684213,0.0005559260785089517,-0.000363562644365024,0.0,-0.0,0.0,-0.005736803635954858,-0.00530391812324524,0,0,True,0.0,0.0
108.28,12.050264358520508,0.008481268770992756,3.1090441092684213,0.0005559260785089517,-0.000363562644365024,0.0,-0.0,0.0,-0.005736803635954858,-0.00530391812324524,0,0,True,0.0,0.0
